mtllib left_hip_pitch_link_visuals.mtl
v -0.00041828100802376866 0.05114831402897835 -0.07960964739322662
v -0.0012336843647062778 0.05114416405558586 -0.079151950776577
v -0.00129217142239213 0.055750954896211624 -0.07886747270822525
v -0.01849403977394104 0.0520000196993351 0.01793902926146984
v -0.01826351322233677 0.05199999734759331 0.01831929013133049
v -0.01798349805176258 0.05649036541581154 0.017109213396906853
v -0.01226573996245861 0.07787200808525085 0.00907192099839449
v -0.014428389258682728 0.0777837485074997 0.008316908963024616
v -0.014831584878265858 0.073767751455307 0.010854615829885006
v -0.005763907916843891 0.084008127450943 -0.062139786779880524
v -0.005849580746144056 0.0861455574631691 -0.061058200895786285
v -0.005308558698743582 0.08316628634929657 -0.06425629556179047
v -0.013497625477612019 0.09199846535921097 -0.015378788113594055
v -0.013335288502275944 0.09234727174043655 -0.015546075068414211
v -0.01339855045080185 0.09199844300746918 -0.017912449315190315
v -0.01339855045080185 0.09199844300746918 -0.017912449315190315
v -0.013335288502275944 0.09234727174043655 -0.015546075068414211
v -0.012569054961204529 0.09387034922838211 -0.01969001814723015
v -0.010284447111189365 0.09626910090446472 -0.03269405663013458
v -0.011369233950972557 0.09407765418291092 -0.03048141859471798
v -0.01103898137807846 0.09584547579288483 -0.02828974649310112
v -0.01103898137807846 0.09584547579288483 -0.02828974649310112
v -0.011369233950972557 0.09407765418291092 -0.03048141859471798
v -0.01207499299198389 0.09352941811084747 -0.026487521827220917
v -0.01103898137807846 0.09584547579288483 -0.02828974649310112
v -0.01207499299198389 0.09352941811084747 -0.026487521827220917
v -0.011801117099821568 0.09503956139087677 -0.023946311324834824
v -0.011801117099821568 0.09503956139087677 -0.023946311324834824
v -0.01207499299198389 0.09352941811084747 -0.026487521827220917
v -0.012771829962730408 0.09263014048337936 -0.022544097155332565
v -0.011801117099821568 0.09503956139087677 -0.023946311324834824
v -0.012771829962730408 0.09263014048337936 -0.022544097155332565
v -0.012569054961204529 0.09387034922838211 -0.01969001814723015
v -0.012569054961204529 0.09387034922838211 -0.01969001814723015
v -0.012771829962730408 0.09263014048337936 -0.022544097155332565
v -0.013144511729478836 0.09199842810630798 -0.020435085520148277
v -0.012569054961204529 0.09387034922838211 -0.01969001814723015
v -0.013144511729478836 0.09199842810630798 -0.020435085520148277
v -0.01339855045080185 0.09199844300746918 -0.017912449315190315
v -0.00848862249404192 0.0939796194434166 -0.04566872864961624
v -0.009534737095236778 0.09380605816841125 -0.04086285084486008
v -0.009218499064445496 0.09484604746103287 -0.04142066463828087
v -0.009218499064445496 0.09484604746103287 -0.04142066463828087
v -0.009534737095236778 0.09380605816841125 -0.04086285084486008
v -0.010071969591081142 0.0941447839140892 -0.03782263398170471
v -0.009218499064445496 0.09484604746103287 -0.04142066463828087
v -0.010071969591081142 0.0941447839140892 -0.03782263398170471
v -0.009957514703273773 0.09527575224637985 -0.03711284324526787
v -0.009957514703273773 0.09527575224637985 -0.03711284324526787
v -0.010071969591081142 0.0941447839140892 -0.03782263398170471
v -0.01076589897274971 0.09426145255565643 -0.03389568254351616
v -0.009957514703273773 0.09527575224637985 -0.03711284324526787
v -0.01076589897274971 0.09426145255565643 -0.03389568254351616
v -0.010702189058065414 0.09528499096632004 -0.0327894389629364
v -0.007923860102891922 0.09198608994483948 -0.049689214676618576
v -0.007997650653123856 0.09199818968772888 -0.04934930056333542
v -0.007775947451591492 0.09267058223485947 -0.049806881695985794
v -0.007775947451591492 0.09267058223485947 -0.049806881695985794
v -0.007997650653123856 0.09199818968772888 -0.04934930056333542
v -0.008229541592299938 0.09199819713830948 -0.04824892058968544
v -0.007775947451591492 0.09267058223485947 -0.049806881695985794
v -0.008229541592299938 0.09199819713830948 -0.04824892058968544
v -0.00848862249404192 0.0939796194434166 -0.04566872864961624
v -0.00848862249404192 0.0939796194434166 -0.04566872864961624
v -0.008229541592299938 0.09199819713830948 -0.04824892058968544
v -0.00887296162545681 0.09307297319173813 -0.04460786283016205
v -0.00848862249404192 0.0939796194434166 -0.04566872864961624
v -0.00887296162545681 0.09307297319173813 -0.04460786283016205
v -0.009534737095236778 0.09380605816841125 -0.04086285084486008
v -0.007091536186635494 0.0909203588962555 -0.053785014897584915
v -0.007571409456431866 0.09148535132408142 -0.051513876765966415
v -0.007775947451591492 0.09267058223485947 -0.049806881695985794
v -0.007775947451591492 0.09267058223485947 -0.049806881695985794
v -0.007571409456431866 0.09148535132408142 -0.051513876765966415
v -0.007667777594178915 0.09171972423791885 -0.05096178501844406
v -0.007775947451591492 0.09267058223485947 -0.049806881695985794
v -0.007667777594178915 0.09171972423791885 -0.05096178501844406
v -0.007923860102891922 0.09198608994483948 -0.049689214676618576
v -0.005763907916843891 0.084008127450943 -0.062139786779880524
v -0.005950901657342911 0.08500485867261887 -0.06106271967291832
v -0.005849580746144056 0.0861455574631691 -0.061058200895786285
v -0.005849580746144056 0.0861455574631691 -0.061058200895786285
v -0.005950901657342911 0.08500485867261887 -0.06106271967291832
v -0.006304041016846895 0.0867232158780098 -0.05901899188756943
v -0.005849580746144056 0.0861455574631691 -0.061058200895786285
v -0.006304041016846895 0.0867232158780098 -0.05901899188756943
v -0.006446145940572023 0.08873984217643738 -0.057552266865968704
v -0.006446145940572023 0.08873984217643738 -0.057552266865968704
v -0.006304041016846895 0.0867232158780098 -0.05901899188756943
v -0.006868722382932901 0.08908949792385101 -0.05571446940302849
v -0.006446145940572023 0.08873984217643738 -0.057552266865968704
v -0.006868722382932901 0.08908949792385101 -0.05571446940302849
v -0.007091536186635494 0.0909203588962555 -0.053785014897584915
v -0.007091536186635494 0.0909203588962555 -0.053785014897584915
v -0.006868722382932901 0.08908949792385101 -0.05571446940302849
v -0.007430476602166891 0.09104911237955093 -0.05236566439270973
v -0.007091536186635494 0.0909203588962555 -0.053785014897584915
v -0.007430476602166891 0.09104911237955093 -0.05236566439270973
v -0.007571409456431866 0.09148535132408142 -0.051513876765966415
v -0.004402644466608763 0.07620495557785034 -0.06956493854522705
v -0.004822892136871815 0.07778027653694153 -0.06752454489469528
v -0.004825907293707132 0.07983674108982086 -0.06710298359394073
v -0.004825907293707132 0.07983674108982086 -0.06710298359394073
v -0.004822892136871815 0.07778027653694153 -0.06752454489469528
v -0.004976722411811352 0.07896773517131805 -0.06664828211069107
v -0.004825907293707132 0.07983674108982086 -0.06710298359394073
v -0.004976722411811352 0.07896773517131805 -0.06664828211069107
v -0.005308558698743582 0.08316628634929657 -0.06425629556179047
v -0.005308558698743582 0.08316628634929657 -0.06425629556179047
v -0.004976722411811352 0.07896773517131805 -0.06664828211069107
v -0.005265024024993181 0.08099484443664551 -0.06500156223773956
v -0.005308558698743582 0.08316628634929657 -0.06425629556179047
v -0.005265024024993181 0.08099484443664551 -0.06500156223773956
v -0.005763907916843891 0.084008127450943 -0.062139786779880524
v -0.003743902314454317 0.06826039403676987 -0.07327526807785034
v -0.004108066204935312 0.07088830322027206 -0.07154466956853867
v -0.004041419364511967 0.07232634723186493 -0.07162074744701385
v -0.004041419364511967 0.07232634723186493 -0.07162074744701385
v -0.004108066204935312 0.07088830322027206 -0.07154466956853867
v -0.004203016869723797 0.07197500765323639 -0.07101833820343018
v -0.004041419364511967 0.07232634723186493 -0.07162074744701385
v -0.004203016869723797 0.07197500765323639 -0.07101833820343018
v -0.004402644466608763 0.07620495557785034 -0.06956493854522705
v -0.004402644466608763 0.07620495557785034 -0.06956493854522705
v -0.004203016869723797 0.07197500765323639 -0.07101833820343018
v -0.004434731788933277 0.07437203079462051 -0.06972207874059677
v -0.004402644466608763 0.07620495557785034 -0.06956493854522705
v -0.004434731788933277 0.07437203079462051 -0.06972207874059677
v -0.004822892136871815 0.07778027653694153 -0.06752454489469528
v -0.0033418869134038687 0.05977621302008629 -0.07545799016952515
v -0.00361473485827446 0.06355129182338715 -0.07421725243330002
v -0.003510786686092615 0.06406237185001373 -0.07454437762498856
v -0.003510786686092615 0.06406237185001373 -0.07454437762498856
v -0.00361473485827446 0.06355129182338715 -0.07421725243330002
v -0.0036522671580314636 0.06427447497844696 -0.07401718199253082
v -0.003510786686092615 0.06406237185001373 -0.07454437762498856
v -0.0036522671580314636 0.06427447497844696 -0.07401718199253082
v -0.003743902314454317 0.06826039403676987 -0.07327526807785034
v -0.003743902314454317 0.06826039403676987 -0.07327526807785034
v -0.0036522671580314636 0.06427447497844696 -0.07401718199253082
v -0.0038295190315693617 0.06721298396587372 -0.07306667417287827
v -0.003743902314454317 0.06826039403676987 -0.07327526807785034
v -0.0038295190315693617 0.06721298396587372 -0.07306667417287827
v -0.004108066204935312 0.07088830322027206 -0.07154466956853867
v -0.0032318979501724243 0.05543227866292 -0.07604093849658966
v -0.003178028156980872 0.05107345059514046 -0.07632424682378769
v -0.0033493293449282646 0.051051754504442215 -0.07572772353887558
v -0.0033493293449282646 0.051051754504442215 -0.07572772353887558
v -0.003358561545610428 0.055291417986154556 -0.07561446726322174
v -0.0032318979501724243 0.05543227866292 -0.07604093849658966
v -0.0032318979501724243 0.05543227866292 -0.07604093849658966
v -0.003358561545610428 0.055291417986154556 -0.07561446726322174
v -0.0033707397524267435 0.05613904818892479 -0.07554352283477783
v -0.0032318979501724243 0.05543227866292 -0.07604093849658966
v -0.0033707397524267435 0.05613904818892479 -0.07554352283477783
v -0.0033418869134038687 0.05977621302008629 -0.07545799016952515
v -0.0033418869134038687 0.05977621302008629 -0.07545799016952515
v -0.0033707397524267435 0.05613904818892479 -0.07554352283477783
v -0.0034447084181010723 0.059320446103811264 -0.07513174414634705
v -0.0033418869134038687 0.05977621302008629 -0.07545799016952515
v -0.0034447084181010723 0.059320446103811264 -0.07513174414634705
v -0.00361473485827446 0.06355129182338715 -0.07421725243330002
v 0.0006521609611809254 0.060595449060201645 -0.07909024506807327
v 0.0004742234305012971 0.06526116281747818 -0.0781395360827446
v 0.003175541991367936 0.06444999575614929 -0.07831069827079773
v 0.003175541991367936 0.06444999575614929 -0.07831069827079773
v 0.0004742234305012971 0.06526116281747818 -0.0781395360827446
v 0.0030767337884753942 0.06674471497535706 -0.0777515321969986
v 0.0030767337884753942 0.06674471497535706 -0.0777515321969986
v 0.0004742234305012971 0.06526116281747818 -0.0781395360827446
v 0.0002277299208799377 0.06984230130910873 -0.0768095850944519
v 0.0030767337884753942 0.06674471497535706 -0.0777515321969986
v 0.0002277299208799377 0.06984230130910873 -0.0768095850944519
v 0.00285768648609519 0.07076457142829895 -0.0765119343996048
v 0.00285768648609519 0.07076457142829895 -0.0765119343996048
v 0.0002277299208799377 0.06984230130910873 -0.0768095850944519
v -8.899166277842596e-05 0.07428400963544846 -0.07503987848758698
v 0.00285768648609519 0.07076457142829895 -0.0765119343996048
v -8.899166277842596e-05 0.07428400963544846 -0.07503987848758698
v 0.002594710560515523 0.07445042580366135 -0.07502374053001404
v 0.002594710560515523 0.07445042580366135 -0.07502374053001404
v -8.899166277842596e-05 0.07428400963544846 -0.07503987848758698
v 0.0023467899300158024 0.0772421807050705 -0.0736207589507103
v 0.0023467899300158024 0.0772421807050705 -0.0736207589507103
v -8.899166277842596e-05 0.07428400963544846 -0.07503987848758698
v -0.00047540030209347606 0.07851198315620422 -0.07279801368713379
v 0.0023467899300158024 0.0772421807050705 -0.0736207589507103
v -0.00047540030209347606 0.07851198315620422 -0.07279801368713379
v 0.0022576148621737957 0.07813162356615067 -0.07311613112688065
v 0.0022576148621737957 0.07813162356615067 -0.07311613112688065
v -0.00047540030209347606 0.07851198315620422 -0.07279801368713379
v 0.0018660587957128882 0.08150997012853622 -0.07090029865503311
v 0.0018660587957128882 0.08150997012853622 -0.07090029865503311
v -0.00047540030209347606 0.07851198315620422 -0.07279801368713379
v -0.0009292332106269896 0.0824458971619606 -0.07007107138633728
v 0.0018660587957128882 0.08150997012853622 -0.07090029865503311
v -0.0009292332106269896 0.0824458971619606 -0.07007107138633728
v 0.0017102767014876008 0.0826648697257042 -0.07001873105764389
v -0.0014461439568549395 0.08601821959018707 -0.06689471006393433
v 0.0011459634406492114 0.08621346950531006 -0.0668252632021904
v -0.0009292332106269896 0.0824458971619606 -0.07007107138633728
v -0.0009292332106269896 0.0824458971619606 -0.07007107138633728
v 0.0011459634406492114 0.08621346950531006 -0.0668252632021904
v 0.001429811934940517 0.08453748375177383 -0.0684315636754036
v -0.0009292332106269896 0.0824458971619606 -0.07007107138633728
v 0.001429811934940517 0.08453748375177383 -0.0684315636754036
v 0.0017102767014876008 0.0826648697257042 -0.07001873105764389
v 0.0004124272963963449 0.0898006334900856 -0.06267417222261429
v 0.0008616052218712866 0.08771637827157974 -0.0652160719037056
v -0.0014461439568549395 0.08601821959018707 -0.06689471006393433
v -0.0014461439568549395 0.08601821959018707 -0.06689471006393433
v 0.0008616052218712866 0.08771637827157974 -0.0652160719037056
v 0.0009599212789908051 0.08721452951431274 -0.06577245146036148
v -0.0014461439568549395 0.08601821959018707 -0.06689471006393433
v 0.0009599212789908051 0.08721452951431274 -0.06577245146036148
v 0.0011459634406492114 0.08621346950531006 -0.0668252632021904
v -0.0012819496914744377 0.09535001218318939 -0.053085651248693466
v -0.0008280209149233997 0.09416493773460388 -0.05565445497632027
v -0.0033449227921664715 0.09425818175077438 -0.055303700268268585
v -0.0033449227921664715 0.09425818175077438 -0.055303700268268585
v -0.0008280209149233997 0.09416493773460388 -0.05565445497632027
v -0.00018923573952633888 0.09214267879724503 -0.059269342571496964
v -0.0033449227921664715 0.09425818175077438 -0.055303700268268585
v -0.00018923573952633888 0.09214267879724503 -0.059269342571496964
v -0.002658745739609003 0.09194299578666687 -0.059451114386320114
v -0.002658745739609003 0.09194299578666687 -0.059451114386320114
v -0.00018923573952633888 0.09214267879724503 -0.059269342571496964
v 0.0004124272963963449 0.0898006334900856 -0.06267417222261429
v -0.002658745739609003 0.09194299578666687 -0.059451114386320114
v 0.0004124272963963449 0.0898006334900856 -0.06267417222261429
v -0.0020236591808497906 0.08918904513120651 -0.06333234161138535
v -0.0020236591808497906 0.08918904513120651 -0.06333234161138535
v 0.0004124272963963449 0.0898006334900856 -0.06267417222261429
v -0.0014461439568549395 0.08601821959018707 -0.06689471006393433
v -0.0012819496914744377 0.09535001218318939 -0.053085651248693466
v -0.0033449227921664715 0.09425818175077438 -0.055303700268268585
v -0.0014977407408878207 0.09584569931030273 -0.05186450108885765
v -0.0014977407408878207 0.09584569931030273 -0.05186450108885765
v -0.0033449227921664715 0.09425818175077438 -0.055303700268268585
v -0.004072160925716162 0.09611254185438156 -0.05093832686543465
v -0.0014977407408878207 0.09584569931030273 -0.05186450108885765
v -0.004072160925716162 0.09611254185438156 -0.05093832686543465
v -0.0022027697414159775 0.0971805602312088 -0.047874726355075836
v -0.0022027697414159775 0.0971805602312088 -0.047874726355075836
v -0.004072160925716162 0.09611254185438156 -0.05093832686543465
v -0.0048287673853337765 0.09748265892267227 -0.04640376195311546
v -0.0022027697414159775 0.0971805602312088 -0.047874726355075836
v -0.0048287673853337765 0.09748265892267227 -0.04640376195311546
v -0.0024846908636391163 0.0975969135761261 -0.04627932608127594
v -0.004370065405964851 0.09881081432104111 -0.03560996800661087
v -0.003637909423559904 0.09864352643489838 -0.03975324332714081
v -0.005601740442216396 0.09834981709718704 -0.041751451790332794
v -0.005601740442216396 0.09834981709718704 -0.041751451790332794
v -0.003637909423559904 0.09864352643489838 -0.03975324332714081
v -0.003308086423203349 0.09844883531332016 -0.04161972925066948
v -0.005601740442216396 0.09834981709718704 -0.041751451790332794
v -0.003308086423203349 0.09844883531332016 -0.04161972925066948
v -0.0048287673853337765 0.09748265892267227 -0.04640376195311546
v -0.0048287673853337765 0.09748265892267227 -0.04640376195311546
v -0.003308086423203349 0.09844883531332016 -0.04161972925066948
v -0.0029237919952720404 0.0981176570057869 -0.043794456869363785
v -0.0048287673853337765 0.09748265892267227 -0.04640376195311546
v -0.0029237919952720404 0.0981176570057869 -0.043794456869363785
v -0.0024846908636391163 0.0975969135761261 -0.04627932608127594
v -0.00796074140816927 0.09814721345901489 -0.027644846588373184
v -0.00502562802284956 0.0986761748790741 -0.03190012276172638
v -0.0071679940447211266 0.0986364558339119 -0.03232670575380325
v -0.0071679940447211266 0.0986364558339119 -0.03232670575380325
v -0.00502562802284956 0.0986761748790741 -0.03190012276172638
v -0.004370065405964851 0.09881081432104111 -0.03560996800661087
v -0.0071679940447211266 0.0986364558339119 -0.03232670575380325
v -0.004370065405964851 0.09881081432104111 -0.03560996800661087
v -0.006381860934197903 0.09871970117092133 -0.037041932344436646
v -0.006381860934197903 0.09871970117092133 -0.037041932344436646
v -0.004370065405964851 0.09881081432104111 -0.03560996800661087
v -0.005601740442216396 0.09834981709718704 -0.041751451790332794
v -0.009571973234415054 0.09611627459526062 -0.018473796546459198
v -0.00653444929048419 0.09747142344713211 -0.023362260311841965
v -0.008762099780142307 0.09729688614606857 -0.02302119880914688
v -0.008762099780142307 0.09729688614606857 -0.02302119880914688
v -0.00653444929048419 0.09747142344713211 -0.023362260311841965
v -0.006491451989859343 0.09752148389816284 -0.023605572059750557
v -0.008762099780142307 0.09729688614606857 -0.02302119880914688
v -0.006491451989859343 0.09752148389816284 -0.023605572059750557
v -0.00796074140816927 0.09814721345901489 -0.027644846588373184
v -0.00796074140816927 0.09814721345901489 -0.027644846588373184
v -0.006491451989859343 0.09752148389816284 -0.023605572059750557
v -0.00561050558462739 0.09834831207990646 -0.028590962290763855
v -0.00796074140816927 0.09814721345901489 -0.027644846588373184
v -0.00561050558462739 0.09834831207990646 -0.028590962290763855
v -0.00502562802284956 0.0986761748790741 -0.03190012276172638
v -0.009338530711829662 0.09209074079990387 -0.007493609096854925
v -0.008994032628834248 0.09301591664552689 -0.009443167597055435
v -0.011186894960701466 0.09275791049003601 -0.009696838445961475
v -0.011186894960701466 0.09275791049003601 -0.009696838445961475
v -0.008994032628834248 0.09301591664552689 -0.009443167597055435
v -0.008244269527494907 0.09473652392625809 -0.013686168007552624
v -0.011186894960701466 0.09275791049003601 -0.009696838445961475
v -0.008244269527494907 0.09473652392625809 -0.013686168007552624
v -0.010383689776062965 0.09460694342851639 -0.014023443683981895
v -0.010383689776062965 0.09460694342851639 -0.014023443683981895
v -0.008244269527494907 0.09473652392625809 -0.013686168007552624
v -0.007914078421890736 0.09538450837135315 -0.015554768964648247
v -0.010383689776062965 0.09460694342851639 -0.014023443683981895
v -0.007914078421890736 0.09538450837135315 -0.015554768964648247
v -0.009571973234415054 0.09611627459526062 -0.018473796546459198
v -0.009571973234415054 0.09611627459526062 -0.018473796546459198
v -0.007914078421890736 0.09538450837135315 -0.015554768964648247
v -0.007422771770507097 0.0962383896112442 -0.018335137516260147
v -0.009571973234415054 0.09611627459526062 -0.018473796546459198
v -0.007422771770507097 0.0962383896112442 -0.018335137516260147
v -0.00653444929048419 0.09747142344713211 -0.023362260311841965
v -0.009338530711829662 0.09209074079990387 -0.007493609096854925
v -0.011186894960701466 0.09275791049003601 -0.009696838445961475
v -0.0096703190356493 0.09110591560602188 -0.0056159887462854385
v -0.0096703190356493 0.09110591560602188 -0.0056159887462854385
v -0.011186894960701466 0.09275791049003601 -0.009696838445961475
v -0.011964595876634121 0.09054381400346756 -0.005535409785807133
v -0.0096703190356493 0.09110591560602188 -0.0056159887462854385
v -0.011964595876634121 0.09054381400346756 -0.005535409785807133
v -0.01028898824006319 0.08897552639245987 -0.0021148594096302986
v -0.01028898824006319 0.08897552639245987 -0.0021148594096302986
v -0.011964595876634121 0.09054381400346756 -0.005535409785807133
v -0.012696436606347561 0.08793696761131287 -0.0015913943061605096
v -0.01028898824006319 0.08897552639245987 -0.0021148594096302986
v -0.012696436606347561 0.08793696761131287 -0.0015913943061605096
v -0.01047821156680584 0.08823362737894058 -0.0010440113255754113
v -0.01047821156680584 0.08823362737894058 -0.0010440113255754113
v -0.012696436606347561 0.08793696761131287 -0.0015913943061605096
v -0.010850624181330204 0.08662605285644531 0.0010635239304974675
v -0.010850624181330204 0.08662605285644531 0.0010635239304974675
v -0.012696436606347561 0.08793696761131287 -0.0015913943061605096
v -0.013360919430851936 0.08492742478847504 0.0020700576715171337
v -0.010850624181330204 0.08662605285644531 0.0010635239304974675
v -0.013360919430851936 0.08492742478847504 0.0020700576715171337
v -0.011134113185107708 0.08524990826845169 0.0026678338181227446
v -0.01226573996245861 0.07787200808525085 0.00907192099839449
v -0.012155824340879917 0.07876097410917282 0.008449883200228214
v -0.014428389258682728 0.0777837485074997 0.008316908963024616
v -0.014428389258682728 0.0777837485074997 0.008316908963024616
v -0.012155824340879917 0.07876097410917282 0.008449883200228214
v -0.011857625097036362 0.08095403015613556 0.006762318313121796
v -0.014428389258682728 0.0777837485074997 0.008316908963024616
v -0.011857625097036362 0.08095403015613556 0.006762318313121796
v -0.013939917087554932 0.08152616024017334 0.005385431461036205
v -0.013939917087554932 0.08152616024017334 0.005385431461036205
v -0.011857625097036362 0.08095403015613556 0.006762318313121796
v -0.0117244403809309 0.0818437933921814 0.006008600816130638
v -0.013939917087554932 0.08152616024017334 0.005385431461036205
v -0.0117244403809309 0.0818437933921814 0.006008600816130638
v -0.013360919430851936 0.08492742478847504 0.0020700576715171337
v -0.013360919430851936 0.08492742478847504 0.0020700576715171337
v -0.0117244403809309 0.0818437933921814 0.006008600816130638
v -0.01137449312955141 0.08395954966545105 0.004028185270726681
v -0.013360919430851936 0.08492742478847504 0.0020700576715171337
v -0.01137449312955141 0.08395954966545105 0.004028185270726681
v -0.011134113185107708 0.08524990826845169 0.0026678338181227446
v -0.01812606304883957 0.06828374415636063 0.008899074979126453
v -0.018772339448332787 0.06012733653187752 0.01141282171010971
v -0.018782269209623337 0.06036992743611336 0.0124480240046978
v -0.018782269209623337 0.06036992743611336 0.0124480240046978
v -0.018772339448332787 0.06012733653187752 0.01141282171010971
v -0.019187962636351585 0.05199999734759331 0.013764853589236736
v -0.018782269209623337 0.06036992743611336 0.0124480240046978
v -0.019187962636351585 0.05199999734759331 0.013764853589236736
v -0.01926019974052906 0.052000004798173904 0.015408376231789589
v -0.017780249938368797 0.07192569971084595 0.006230134516954422
v -0.018124764785170555 0.06834086030721664 0.007817923091351986
v -0.01812606304883957 0.06828374415636063 0.008899074979126453
v -0.01812606304883957 0.06828374415636063 0.008899074979126453
v -0.018124764785170555 0.06834086030721664 0.007817923091351986
v -0.01818939857184887 0.0675630196928978 0.008113952353596687
v -0.01812606304883957 0.06828374415636063 0.008899074979126453
v -0.01818939857184887 0.0675630196928978 0.008113952353596687
v -0.018772339448332787 0.06012733653187752 0.01141282171010971
v -0.01812606304883957 0.06828374415636063 0.008899074979126453
v -0.017761053517460823 0.07204398512840271 0.006718621589243412
v -0.017780249938368797 0.07192569971084595 0.006230134516954422
v -0.017780249938368797 0.07192569971084595 0.006230134516954422
v -0.017761053517460823 0.07204398512840271 0.006718621589243412
v -0.01734469085931778 0.0756245031952858 0.004244041629135609
v -0.017780249938368797 0.07192569971084595 0.006230134516954422
v -0.01734469085931778 0.0756245031952858 0.004244041629135609
v -0.017345022410154343 0.07562845945358276 0.00416178535670042
v -0.017345022410154343 0.07562845945358276 0.00416178535670042
v -0.01734469085931778 0.0756245031952858 0.004244041629135609
v -0.016672980040311813 0.07962459325790405 0.0024236685130745173
v -0.017345022410154343 0.07562845945358276 0.00416178535670042
v -0.016672980040311813 0.07962459325790405 0.0024236685130745173
v -0.01690743863582611 0.07871083170175552 0.0020525383297353983
v -0.01690743863582611 0.07871083170175552 0.0020525383297353983
v -0.016672980040311813 0.07962459325790405 0.0024236685130745173
v -0.016122782602906227 0.08281632512807846 -0.0006892217788845301
v -0.01690743863582611 0.07871083170175552 0.0020525383297353983
v -0.016122782602906227 0.08281632512807846 -0.0006892217788845301
v -0.016387982293963432 0.08174784481525421 -0.00043954202556051314
v -0.016387982293963432 0.08174784481525421 -0.00043954202556051314
v -0.016122782602906227 0.08281632512807846 -0.0006892217788845301
v -0.01577102206647396 0.0846942663192749 -0.003350325860083103
v -0.01577102206647396 0.0846942663192749 -0.003350325860083103
v -0.016122782602906227 0.08281632512807846 -0.0006892217788845301
v -0.015499650500714779 0.08570191264152527 -0.00407799705862999
v -0.01577102206647396 0.0846942663192749 -0.003350325860083103
v -0.015499650500714779 0.08570191264152527 -0.00407799705862999
v -0.015697911381721497 0.08500553667545319 -0.0036922218278050423
v -0.015697911381721497 0.08500553667545319 -0.0036922218278050423
v -0.015499650500714779 0.08570191264152527 -0.00407799705862999
v -0.015148336999118328 0.08713869750499725 -0.006251788232475519
v -0.015148336999118328 0.08713869750499725 -0.006251788232475519
v -0.015499650500714779 0.08570191264152527 -0.00407799705862999
v -0.014816445298492908 0.08825962245464325 -0.007707820739597082
v -0.015148336999118328 0.08713869750499725 -0.006251788232475519
v -0.014816445298492908 0.08825962245464325 -0.007707820739597082
v -0.014456745237112045 0.0893949344754219 -0.009476903825998306
v -0.013719390146434307 0.0896592065691948 -0.006458641029894352
v -0.0129456277936697 0.09189670532941818 -0.010479133576154709
v -0.013684123754501343 0.09148566424846649 -0.0131718460470438
v -0.013684123754501343 0.09148566424846649 -0.0131718460470438
v -0.0129456277936697 0.09189670532941818 -0.010479133576154709
v -0.01363441627472639 0.09160937368869781 -0.013439178466796875
v -0.01363441627472639 0.09160937368869781 -0.013439178466796875
v -0.0129456277936697 0.09189670532941818 -0.010479133576154709
v -0.01214674860239029 0.09377560019493103 -0.014667931012809277
v -0.01363441627472639 0.09160937368869781 -0.013439178466796875
v -0.01214674860239029 0.09377560019493103 -0.014667931012809277
v -0.013512288220226765 0.09194532036781311 -0.014643004164099693
v 0.003175541991367936 0.06444999575614929 -0.07831069827079773
v 0.003262672107666731 0.06202169135212898 -0.07880377024412155
v 0.0006521609611809254 0.060595449060201645 -0.07909024506807327
v 0.0006521609611809254 0.060595449060201645 -0.07909024506807327
v 0.003262672107666731 0.06202169135212898 -0.07880377024412155
v 0.003382256720215082 0.05739055201411247 -0.07948050647974014
v 0.0006521609611809254 0.060595449060201645 -0.07909024506807327
v 0.003382256720215082 0.05739055201411247 -0.07948050647974014
v 0.00076707435073331 0.05587253347039223 -0.07968246936798096
v 0.00076707435073331 0.05587253347039223 -0.07968246936798096
v 0.003382256720215082 0.05739055201411247 -0.07948050647974014
v 0.0034494162537157536 0.05199999734759331 -0.07986057549715042
v 0.00076707435073331 0.05587253347039223 -0.07968246936798096
v 0.0034494162537157536 0.05199999734759331 -0.07986057549715042
v 0.0008225447963923216 0.051148172467947006 -0.07996461540460587
v 0.0008225447963923216 0.051148172467947006 -0.07996461540460587
v 0.0034494162537157536 0.05199999734759331 -0.07986057549715042
v 0.003452698700129986 0.05157222971320152 -0.07987917214632034
v 0.0008225447963923216 0.051148172467947006 -0.07996461540460587
v 0.003452698700129986 0.05157222971320152 -0.07987917214632034
v 0.001974696759134531 0.0511460043489933 -0.08004375547170639
v 0.001974696759134531 0.0511460043489933 -0.08004375547170639
v 0.003452698700129986 0.05157222971320152 -0.07987917214632034
v 0.003455784171819687 0.05114441737532616 -0.07989665120840073
v -0.002153160283342004 0.05112920328974724 -0.07828263193368912
v -0.003178028156980872 0.05107345059514046 -0.07632424682378769
v -0.002743179677054286 0.05556011572480202 -0.07719337195158005
v -0.002743179677054286 0.05556011572480202 -0.07719337195158005
v -0.003178028156980872 0.05107345059514046 -0.07632424682378769
v -0.0032318979501724243 0.05543227866292 -0.07604093849658966
v -0.002743179677054286 0.05556011572480202 -0.07719337195158005
v -0.0032318979501724243 0.05543227866292 -0.07604093849658966
v -0.0028592594899237156 0.0600077323615551 -0.07660412788391113
v -0.0028592594899237156 0.0600077323615551 -0.07660412788391113
v -0.0032318979501724243 0.05543227866292 -0.07604093849658966
v -0.0033418869134038687 0.05977621302008629 -0.07545799016952515
v -0.0028592594899237156 0.0600077323615551 -0.07660412788391113
v -0.0033418869134038687 0.05977621302008629 -0.07545799016952515
v -0.0030359597876667976 0.06439805030822754 -0.07567570358514786
v -0.0030359597876667976 0.06439805030822754 -0.07567570358514786
v -0.0033418869134038687 0.05977621302008629 -0.07545799016952515
v -0.003510786686092615 0.06406237185001373 -0.07454437762498856
v -0.0030359597876667976 0.06439805030822754 -0.07567570358514786
v -0.003510786686092615 0.06406237185001373 -0.07454437762498856
v -0.0032793888822197914 0.06870388239622116 -0.07438293099403381
v -0.0032793888822197914 0.06870388239622116 -0.07438293099403381
v -0.003510786686092615 0.06406237185001373 -0.07454437762498856
v -0.003743902314454317 0.06826039403676987 -0.07327526807785034
v -0.0032793888822197914 0.06870388239622116 -0.07438293099403381
v -0.003743902314454317 0.06826039403676987 -0.07327526807785034
v -0.003587235463783145 0.07287878543138504 -0.07268821448087692
v -0.003587235463783145 0.07287878543138504 -0.07268821448087692
v -0.003743902314454317 0.06826039403676987 -0.07327526807785034
v -0.004041419364511967 0.07232634723186493 -0.07162074744701385
v -0.003587235463783145 0.07287878543138504 -0.07268821448087692
v -0.004041419364511967 0.07232634723186493 -0.07162074744701385
v -0.003956805448979139 0.0768616795539856 -0.07057187706232071
v -0.003956805448979139 0.0768616795539856 -0.07057187706232071
v -0.004041419364511967 0.07232634723186493 -0.07162074744701385
v -0.004402644466608763 0.07620495557785034 -0.06956493854522705
v -0.003956805448979139 0.0768616795539856 -0.07057187706232071
v -0.004402644466608763 0.07620495557785034 -0.06956493854522705
v -0.0043847644701600075 0.08058677613735199 -0.06802752614021301
v -0.0043847644701600075 0.08058677613735199 -0.06802752614021301
v -0.004402644466608763 0.07620495557785034 -0.06956493854522705
v -0.004825907293707132 0.07983674108982086 -0.06710298359394073
v -0.0043847644701600075 0.08058677613735199 -0.06802752614021301
v -0.004825907293707132 0.07983674108982086 -0.06710298359394073
v -0.004868498537689447 0.08399403095245361 -0.06508099287748337
v -0.004868498537689447 0.08399403095245361 -0.06508099287748337
v -0.004825907293707132 0.07983674108982086 -0.06710298359394073
v -0.005308558698743582 0.08316628634929657 -0.06425629556179047
v -0.004868498537689447 0.08399403095245361 -0.06508099287748337
v -0.005308558698743582 0.08316628634929657 -0.06425629556179047
v -0.005409250035881996 0.08703545480966568 -0.061773672699928284
v -0.005409250035881996 0.08703545480966568 -0.061773672699928284
v -0.005308558698743582 0.08316628634929657 -0.06425629556179047
v -0.005849580746144056 0.0861455574631691 -0.061058200895786285
v -0.005409250035881996 0.08703545480966568 -0.061773672699928284
v -0.005849580746144056 0.0861455574631691 -0.061058200895786285
v -0.0060069202445447445 0.08968041092157364 -0.05815482512116432
v -0.0060069202445447445 0.08968041092157364 -0.05815482512116432
v -0.005849580746144056 0.0861455574631691 -0.061058200895786285
v -0.006446145940572023 0.08873984217643738 -0.057552266865968704
v -0.0060069202445447445 0.08968041092157364 -0.05815482512116432
v -0.006446145940572023 0.08873984217643738 -0.057552266865968704
v -0.0066556441597640514 0.09190163016319275 -0.05427270755171776
v -0.0066556441597640514 0.09190163016319275 -0.05427270755171776
v -0.006446145940572023 0.08873984217643738 -0.057552266865968704
v -0.007091536186635494 0.0909203588962555 -0.053785014897584915
v -0.0066556441597640514 0.09190163016319275 -0.05427270755171776
v -0.007091536186635494 0.0909203588962555 -0.053785014897584915
v -0.007344959769397974 0.09368161857128143 -0.0501776821911335
v -0.007344959769397974 0.09368161857128143 -0.0501776821911335
v -0.007091536186635494 0.0909203588962555 -0.053785014897584915
v -0.007775947451591492 0.09267058223485947 -0.049806881695985794
v -0.007344959769397974 0.09368161857128143 -0.0501776821911335
v -0.007775947451591492 0.09267058223485947 -0.049806881695985794
v -0.008062775246798992 0.09500708431005478 -0.04592061787843704
v -0.008062775246798992 0.09500708431005478 -0.04592061787843704
v -0.007775947451591492 0.09267058223485947 -0.049806881695985794
v -0.00848862249404192 0.0939796194434166 -0.04566872864961624
v -0.008062775246798992 0.09500708431005478 -0.04592061787843704
v -0.00848862249404192 0.0939796194434166 -0.04566872864961624
v -0.008796175010502338 0.09587334096431732 -0.04155260697007179
v -0.008796175010502338 0.09587334096431732 -0.04155260697007179
v -0.00848862249404192 0.0939796194434166 -0.04566872864961624
v -0.009218499064445496 0.09484604746103287 -0.04142066463828087
v -0.008796175010502338 0.09587334096431732 -0.04155260697007179
v -0.009218499064445496 0.09484604746103287 -0.04142066463828087
v -0.009536929428577423 0.09628649801015854 -0.037128135561943054
v -0.009536929428577423 0.09628649801015854 -0.037128135561943054
v -0.009218499064445496 0.09484604746103287 -0.04142066463828087
v -0.009957514703273773 0.09527575224637985 -0.03711284324526787
v -0.009536929428577423 0.09628649801015854 -0.037128135561943054
v -0.009957514703273773 0.09527575224637985 -0.03711284324526787
v -0.010284447111189365 0.09626910090446472 -0.03269405663013458
v -0.010284447111189365 0.09626910090446472 -0.03269405663013458
v -0.009957514703273773 0.09527575224637985 -0.03711284324526787
v -0.010702189058065414 0.09528499096632004 -0.0327894389629364
v -0.010284447111189365 0.09626910090446472 -0.03269405663013458
v -0.010702189058065414 0.09528499096632004 -0.0327894389629364
v -0.011369233950972557 0.09407765418291092 -0.03048141859471798
v -0.011369233950972557 0.09407765418291092 -0.03048141859471798
v -0.010702189058065414 0.09528499096632004 -0.0327894389629364
v -0.01076589897274971 0.09426145255565643 -0.03389568254351616
v -0.01849403977394104 0.0520000196993351 0.01793902926146984
v -0.01798349805176258 0.05649036541581154 0.017109213396906853
v -0.018923794850707054 0.0520000122487545 0.01698051206767559
v -0.016145145520567894 0.07711458951234818 0.007018271833658218
v -0.01714741252362728 0.07616274058818817 0.005235680844634771
v -0.0165361650288105 0.07323330640792847 0.009548340924084187
v -0.0165361650288105 0.07323330640792847 0.009548340924084187
v -0.01714741252362728 0.07616274058818817 0.005235680844634771
v -0.017550289630889893 0.07247301936149597 0.007732559461146593
v -0.0165361650288105 0.07323330640792847 0.009548340924084187
v -0.017550289630889893 0.07247301936149597 0.007732559461146593
v -0.016871001571416855 0.06917981058359146 0.011748976074159145
v -0.016871001571416855 0.06917981058359146 0.011748976074159145
v -0.017550289630889893 0.07247301936149597 0.007732559461146593
v -0.01790006086230278 0.06860915571451187 0.009922151453793049
v -0.016871001571416855 0.06917981058359146 0.011748976074159145
v -0.01790006086230278 0.06860915571451187 0.009922151453793049
v -0.017606833949685097 0.06083371117711067 0.015533886849880219
v -0.017606833949685097 0.06083371117711067 0.015533886849880219
v -0.01790006086230278 0.06860915571451187 0.009922151453793049
v -0.01859111525118351 0.06054428592324257 0.013544069603085518
v -0.017606833949685097 0.06083371117711067 0.015533886849880219
v -0.01859111525118351 0.06054428592324257 0.013544069603085518
v -0.01798349805176258 0.05649036541581154 0.017109213396906853
v -0.01798349805176258 0.05649036541581154 0.017109213396906853
v -0.01859111525118351 0.06054428592324257 0.013544069603085518
v -0.018916457891464233 0.05633087083697319 0.0149800144135952
v -0.01798349805176258 0.05649036541581154 0.017109213396906853
v -0.018916457891464233 0.05633087083697319 0.0149800144135952
v -0.018923794850707054 0.0520000122487545 0.01698051206767559
v -0.018923794850707054 0.0520000122487545 0.01698051206767559
v -0.018916457891464233 0.05633087083697319 0.0149800144135952
v -0.019162658601999283 0.0520000122487545 0.0161017756909132
v -0.013684123754501343 0.09148566424846649 -0.0131718460470438
v -0.014456745237112045 0.0893949344754219 -0.009476903825998306
v -0.013719390146434307 0.0896592065691948 -0.006458641029894352
v -0.013719390146434307 0.0896592065691948 -0.006458641029894352
v -0.014456745237112045 0.0893949344754219 -0.009476903825998306
v -0.014816445298492908 0.08825962245464325 -0.007707820739597082
v -0.013719390146434307 0.0896592065691948 -0.006458641029894352
v -0.014816445298492908 0.08825962245464325 -0.007707820739597082
v -0.014445536769926548 0.08705100417137146 -0.002649426693096757
v -0.014445536769926548 0.08705100417137146 -0.002649426693096757
v -0.014816445298492908 0.08825962245464325 -0.007707820739597082
v -0.015499650500714779 0.08570191264152527 -0.00407799705862999
v -0.014445536769926548 0.08705100417137146 -0.002649426693096757
v -0.015499650500714779 0.08570191264152527 -0.00407799705862999
v -0.015101541765034199 0.08407454937696457 0.0008968304609879851
v -0.015101541765034199 0.08407454937696457 0.0008968304609879851
v -0.015499650500714779 0.08570191264152527 -0.00407799705862999
v -0.016122782602906227 0.08281632512807846 -0.0006892217788845301
v -0.015101541765034199 0.08407454937696457 0.0008968304609879851
v -0.016122782602906227 0.08281632512807846 -0.0006892217788845301
v -0.01566927321255207 0.08074735850095749 0.004130161367356777
v -0.01566927321255207 0.08074735850095749 0.004130161367356777
v -0.016122782602906227 0.08281632512807846 -0.0006892217788845301
v -0.016672980040311813 0.07962459325790405 0.0024236685130745173
v -0.01566927321255207 0.08074735850095749 0.004130161367356777
v -0.016672980040311813 0.07962459325790405 0.0024236685130745173
v -0.016145145520567894 0.07711458951234818 0.007018271833658218
v -0.016145145520567894 0.07711458951234818 0.007018271833658218
v -0.016672980040311813 0.07962459325790405 0.0024236685130745173
v -0.01714741252362728 0.07616274058818817 0.005235680844634771
v -0.01714741252362728 0.07616274058818817 0.005235680844634771
v -0.016672980040311813 0.07962459325790405 0.0024236685130745173
v -0.01734469085931778 0.0756245031952858 0.004244041629135609
v -0.01714741252362728 0.07616274058818817 0.005235680844634771
v -0.01734469085931778 0.0756245031952858 0.004244041629135609
v -0.017550289630889893 0.07247301936149597 0.007732559461146593
v -0.017550289630889893 0.07247301936149597 0.007732559461146593
v -0.01734469085931778 0.0756245031952858 0.004244041629135609
v -0.017761053517460823 0.07204398512840271 0.006718621589243412
v -0.017550289630889893 0.07247301936149597 0.007732559461146593
v -0.017761053517460823 0.07204398512840271 0.006718621589243412
v -0.01790006086230278 0.06860915571451187 0.009922151453793049
v -0.01790006086230278 0.06860915571451187 0.009922151453793049
v -0.017761053517460823 0.07204398512840271 0.006718621589243412
v -0.01812606304883957 0.06828374415636063 0.008899074979126453
v -0.01790006086230278 0.06860915571451187 0.009922151453793049
v -0.01812606304883957 0.06828374415636063 0.008899074979126453
v -0.01859111525118351 0.06054428592324257 0.013544069603085518
v -0.01859111525118351 0.06054428592324257 0.013544069603085518
v -0.01812606304883957 0.06828374415636063 0.008899074979126453
v -0.018782269209623337 0.06036992743611336 0.0124480240046978
v -0.01859111525118351 0.06054428592324257 0.013544069603085518
v -0.018782269209623337 0.06036992743611336 0.0124480240046978
v -0.018916457891464233 0.05633087083697319 0.0149800144135952
v -0.018916457891464233 0.05633087083697319 0.0149800144135952
v -0.018782269209623337 0.06036992743611336 0.0124480240046978
v -0.01926019974052906 0.052000004798173904 0.015408376231789589
v -0.018916457891464233 0.05633087083697319 0.0149800144135952
v -0.01926019974052906 0.052000004798173904 0.015408376231789589
v -0.019162658601999283 0.0520000122487545 0.0161017756909132
v -0.0012336843647062778 0.05114416405558586 -0.079151950776577
v -0.002153160283342004 0.05112920328974724 -0.07828263193368912
v -0.00129217142239213 0.055750954896211624 -0.07886747270822525
v -0.00129217142239213 0.055750954896211624 -0.07886747270822525
v -0.002153160283342004 0.05112920328974724 -0.07828263193368912
v -0.002743179677054286 0.05556011572480202 -0.07719337195158005
v -0.00129217142239213 0.055750954896211624 -0.07886747270822525
v -0.002743179677054286 0.05556011572480202 -0.07719337195158005
v -0.001412257901392877 0.06036489084362984 -0.07827328890562057
v -0.001412257901392877 0.06036489084362984 -0.07827328890562057
v -0.002743179677054286 0.05556011572480202 -0.07719337195158005
v -0.0028592594899237156 0.0600077323615551 -0.07660412788391113
v -0.001412257901392877 0.06036489084362984 -0.07827328890562057
v -0.0028592594899237156 0.0600077323615551 -0.07660412788391113
v -0.0015948485815897584 0.06492221355438232 -0.07732757925987244
v -0.0015948485815897584 0.06492221355438232 -0.07732757925987244
v -0.0028592594899237156 0.0600077323615551 -0.07660412788391113
v -0.0030359597876667976 0.06439805030822754 -0.07567570358514786
v -0.0015948485815897584 0.06492221355438232 -0.07732757925987244
v -0.0030359597876667976 0.06439805030822754 -0.07567570358514786
v -0.0018465556204319 0.06939833611249924 -0.0760062038898468
v -0.0018465556204319 0.06939833611249924 -0.0760062038898468
v -0.0030359597876667976 0.06439805030822754 -0.07567570358514786
v -0.0032793888822197914 0.06870388239622116 -0.07438293099403381
v -0.0018465556204319 0.06939833611249924 -0.0760062038898468
v -0.0032793888822197914 0.06870388239622116 -0.07438293099403381
v -0.00216430751606822 0.07374235987663269 -0.07425837963819504
v -0.00216430751606822 0.07374235987663269 -0.07425837963819504
v -0.0032793888822197914 0.06870388239622116 -0.07438293099403381
v -0.003587235463783145 0.07287878543138504 -0.07268821448087692
v -0.00216430751606822 0.07374235987663269 -0.07425837963819504
v -0.003587235463783145 0.07287878543138504 -0.07268821448087692
v -0.0025444794446229935 0.07788458466529846 -0.07205737382173538
v -0.0025444794446229935 0.07788458466529846 -0.07205737382173538
v -0.003587235463783145 0.07287878543138504 -0.07268821448087692
v -0.003956805448979139 0.0768616795539856 -0.07057187706232071
v -0.0025444794446229935 0.07788458466529846 -0.07205737382173538
v -0.003956805448979139 0.0768616795539856 -0.07057187706232071
v -0.002982725854963064 0.08174978941679001 -0.06939338892698288
v -0.002982725854963064 0.08174978941679001 -0.06939338892698288
v -0.003956805448979139 0.0768616795539856 -0.07057187706232071
v -0.0043847644701600075 0.08058677613735199 -0.06802752614021301
v -0.002982725854963064 0.08174978941679001 -0.06939338892698288
v -0.0043847644701600075 0.08058677613735199 -0.06802752614021301
v -0.003475936595350504 0.08527183532714844 -0.06629861146211624
v -0.003475936595350504 0.08527183532714844 -0.06629861146211624
v -0.0043847644701600075 0.08058677613735199 -0.06802752614021301
v -0.004868498537689447 0.08399403095245361 -0.06508099287748337
v -0.003475936595350504 0.08527183532714844 -0.06629861146211624
v -0.004868498537689447 0.08399403095245361 -0.06508099287748337
v -0.0040260679088532925 0.08840511739253998 -0.06282743811607361
v -0.0040260679088532925 0.08840511739253998 -0.06282743811607361
v -0.004868498537689447 0.08399403095245361 -0.06508099287748337
v -0.005409250035881996 0.08703545480966568 -0.061773672699928284
v -0.0040260679088532925 0.08840511739253998 -0.06282743811607361
v -0.005409250035881996 0.08703545480966568 -0.061773672699928284
v -0.004634330049157143 0.09112681448459625 -0.059039097279310226
v -0.004634330049157143 0.09112681448459625 -0.059039097279310226
v -0.005409250035881996 0.08703545480966568 -0.061773672699928284
v -0.0060069202445447445 0.08968041092157364 -0.05815482512116432
v -0.004634330049157143 0.09112681448459625 -0.059039097279310226
v -0.0060069202445447445 0.08968041092157364 -0.05815482512116432
v -0.005295408423990011 0.09341244399547577 -0.05498446524143219
v -0.005295408423990011 0.09341244399547577 -0.05498446524143219
v -0.0060069202445447445 0.08968041092157364 -0.05815482512116432
v -0.0066556441597640514 0.09190163016319275 -0.05427270755171776
v -0.005295408423990011 0.09341244399547577 -0.05498446524143219
v -0.0066556441597640514 0.09190163016319275 -0.05427270755171776
v -0.005998470354825258 0.09524225443601608 -0.05071317404508591
v -0.005998470354825258 0.09524225443601608 -0.05071317404508591
v -0.0066556441597640514 0.09190163016319275 -0.05427270755171776
v -0.007344959769397974 0.09368161857128143 -0.0501776821911335
v -0.005998470354825258 0.09524225443601608 -0.05071317404508591
v -0.007344959769397974 0.09368161857128143 -0.0501776821911335
v -0.006730485707521439 0.0965978279709816 -0.04627539962530136
v -0.006730485707521439 0.0965978279709816 -0.04627539962530136
v -0.007344959769397974 0.09368161857128143 -0.0501776821911335
v -0.008062775246798992 0.09500708431005478 -0.04592061787843704
v -0.006730485707521439 0.0965978279709816 -0.04627539962530136
v -0.008062775246798992 0.09500708431005478 -0.04592061787843704
v -0.007477011531591415 0.09746738523244858 -0.0417230986058712
v -0.007477011531591415 0.09746738523244858 -0.0417230986058712
v -0.008062775246798992 0.09500708431005478 -0.04592061787843704
v -0.008796175010502338 0.09587334096431732 -0.04155260697007179
v -0.007477011531591415 0.09746738523244858 -0.0417230986058712
v -0.008796175010502338 0.09587334096431732 -0.04155260697007179
v -0.008229386992752552 0.09785693883895874 -0.03711612895131111
v -0.008229386992752552 0.09785693883895874 -0.03711612895131111
v -0.008796175010502338 0.09587334096431732 -0.04155260697007179
v -0.009536929428577423 0.09628649801015854 -0.037128135561943054
v -0.008229386992752552 0.09785693883895874 -0.03711612895131111
v -0.009536929428577423 0.09628649801015854 -0.037128135561943054
v -0.008989221416413784 0.09780063480138779 -0.03250499069690704
v -0.008989221416413784 0.09780063480138779 -0.03250499069690704
v -0.009536929428577423 0.09628649801015854 -0.037128135561943054
v -0.010284447111189365 0.09626910090446472 -0.03269405663013458
v -0.008989221416413784 0.09780063480138779 -0.03250499069690704
v -0.010284447111189365 0.09626910090446472 -0.03269405663013458
v -0.009759458713233471 0.09733523428440094 -0.02792934514582157
v -0.009759458713233471 0.09733523428440094 -0.02792934514582157
v -0.010284447111189365 0.09626910090446472 -0.03269405663013458
v -0.01103898137807846 0.09584547579288483 -0.02828974649310112
v -0.009759458713233471 0.09733523428440094 -0.02792934514582157
v -0.01103898137807846 0.09584547579288483 -0.02828974649310112
v -0.01054360531270504 0.0964958444237709 -0.02341713011264801
v -0.01054360531270504 0.0964958444237709 -0.02341713011264801
v -0.01103898137807846 0.09584547579288483 -0.02828974649310112
v -0.011801117099821568 0.09503956139087677 -0.023946311324834824
v -0.01054360531270504 0.0964958444237709 -0.02341713011264801
v -0.011801117099821568 0.09503956139087677 -0.023946311324834824
v -0.011342011392116547 0.09530758857727051 -0.0189893189817667
v -0.011342011392116547 0.09530758857727051 -0.0189893189817667
v -0.011801117099821568 0.09503956139087677 -0.023946311324834824
v -0.012569054961204529 0.09387034922838211 -0.01969001814723015
v -0.011342011392116547 0.09530758857727051 -0.0189893189817667
v -0.012569054961204529 0.09387034922838211 -0.01969001814723015
v -0.01214674860239029 0.09377560019493103 -0.014667931012809277
v -0.01214674860239029 0.09377560019493103 -0.014667931012809277
v -0.012569054961204529 0.09387034922838211 -0.01969001814723015
v -0.013335288502275944 0.09234727174043655 -0.015546075068414211
v -0.01214674860239029 0.09377560019493103 -0.014667931012809277
v -0.013335288502275944 0.09234727174043655 -0.015546075068414211
v -0.013512288220226765 0.09194532036781311 -0.014643004164099693
v -0.013512288220226765 0.09194532036781311 -0.014643004164099693
v -0.013335288502275944 0.09234727174043655 -0.015546075068414211
v -0.013497625477612019 0.09199846535921097 -0.015378788113594055
v -0.014357362873852253 0.05199999734759331 0.020908508449792862
v -0.014113232493400574 0.056597378104925156 0.019526973366737366
v -0.01629531942307949 0.05658433958888054 0.018710903823375702
v -0.01629531942307949 0.05658433958888054 0.018710903823375702
v -0.014113232493400574 0.056597378104925156 0.019526973366737366
v -0.014060315676033497 0.05738085135817528 0.01922752521932125
v -0.01629531942307949 0.05658433958888054 0.018710903823375702
v -0.014060315676033497 0.05738085135817528 0.01922752521932125
v -0.01591937243938446 0.06100492551922798 0.016993476077914238
v -0.01591937243938446 0.06100492551922798 0.016993476077914238
v -0.014060315676033497 0.05738085135817528 0.01922752521932125
v -0.013788583688437939 0.06103022024035454 0.017689784988760948
v -0.01591937243938446 0.06100492551922798 0.016993476077914238
v -0.013788583688437939 0.06103022024035454 0.017689784988760948
v -0.01517630647867918 0.06957010924816132 0.013049907982349396
v -0.01517630647867918 0.06957010924816132 0.013049907982349396
v -0.013788583688437939 0.06103022024035454 0.017689784988760948
v -0.01317723747342825 0.0684593915939331 0.014230168424546719
v -0.01517630647867918 0.06957010924816132 0.013049907982349396
v -0.01317723747342825 0.0684593915939331 0.014230168424546719
v -0.014831584878265858 0.073767751455307 0.010854615829885006
v -0.014831584878265858 0.073767751455307 0.010854615829885006
v -0.01317723747342825 0.0684593915939331 0.014230168424546719
v -0.012673519551753998 0.07412165403366089 0.01137961633503437
v -0.014831584878265858 0.073767751455307 0.010854615829885006
v -0.012673519551753998 0.07412165403366089 0.01137961633503437
v -0.01226573996245861 0.07787200808525085 0.00907192099839449
v -0.0179482139647007 0.05199997499585152 0.018753888085484505
v -0.01673310250043869 0.05199997499585152 0.019903477281332016
v -0.01629531942307949 0.05658433958888054 0.018710903823375702
v -0.01629531942307949 0.05658433958888054 0.018710903823375702
v -0.01673310250043869 0.05199997499585152 0.019903477281332016
v -0.016574492678046227 0.05199997499585152 0.020012712106108665
v -0.01629531942307949 0.05658433958888054 0.018710903823375702
v -0.016574492678046227 0.05199997499585152 0.020012712106108665
v -0.014357362873852253 0.05199999734759331 0.020908508449792862
v 0.0008225447963923216 0.051148172467947006 -0.07996461540460587
v -0.00041828100802376866 0.05114831402897835 -0.07960964739322662
v 0.00076707435073331 0.05587253347039223 -0.07968246936798096
v 0.00076707435073331 0.05587253347039223 -0.07968246936798096
v -0.00041828100802376866 0.05114831402897835 -0.07960964739322662
v -0.00129217142239213 0.055750954896211624 -0.07886747270822525
v 0.00076707435073331 0.05587253347039223 -0.07968246936798096
v -0.00129217142239213 0.055750954896211624 -0.07886747270822525
v 0.0006521609611809254 0.060595449060201645 -0.07909024506807327
v 0.0006521609611809254 0.060595449060201645 -0.07909024506807327
v -0.00129217142239213 0.055750954896211624 -0.07886747270822525
v -0.001412257901392877 0.06036489084362984 -0.07827328890562057
v 0.0006521609611809254 0.060595449060201645 -0.07909024506807327
v -0.001412257901392877 0.06036489084362984 -0.07827328890562057
v 0.0004742234305012971 0.06526116281747818 -0.0781395360827446
v 0.0004742234305012971 0.06526116281747818 -0.0781395360827446
v -0.001412257901392877 0.06036489084362984 -0.07827328890562057
v -0.0015948485815897584 0.06492221355438232 -0.07732757925987244
v 0.0004742234305012971 0.06526116281747818 -0.0781395360827446
v -0.0015948485815897584 0.06492221355438232 -0.07732757925987244
v 0.0002277299208799377 0.06984230130910873 -0.0768095850944519
v 0.0002277299208799377 0.06984230130910873 -0.0768095850944519
v -0.0015948485815897584 0.06492221355438232 -0.07732757925987244
v -0.0018465556204319 0.06939833611249924 -0.0760062038898468
v 0.0002277299208799377 0.06984230130910873 -0.0768095850944519
v -0.0018465556204319 0.06939833611249924 -0.0760062038898468
v -8.899166277842596e-05 0.07428400963544846 -0.07503987848758698
v -8.899166277842596e-05 0.07428400963544846 -0.07503987848758698
v -0.0018465556204319 0.06939833611249924 -0.0760062038898468
v -0.00216430751606822 0.07374235987663269 -0.07425837963819504
v -8.899166277842596e-05 0.07428400963544846 -0.07503987848758698
v -0.00216430751606822 0.07374235987663269 -0.07425837963819504
v -0.00047540030209347606 0.07851198315620422 -0.07279801368713379
v -0.00047540030209347606 0.07851198315620422 -0.07279801368713379
v -0.00216430751606822 0.07374235987663269 -0.07425837963819504
v -0.0025444794446229935 0.07788458466529846 -0.07205737382173538
v -0.00047540030209347606 0.07851198315620422 -0.07279801368713379
v -0.0025444794446229935 0.07788458466529846 -0.07205737382173538
v -0.0009292332106269896 0.0824458971619606 -0.07007107138633728
v -0.0009292332106269896 0.0824458971619606 -0.07007107138633728
v -0.0025444794446229935 0.07788458466529846 -0.07205737382173538
v -0.002982725854963064 0.08174978941679001 -0.06939338892698288
v -0.0009292332106269896 0.0824458971619606 -0.07007107138633728
v -0.002982725854963064 0.08174978941679001 -0.06939338892698288
v -0.0014461439568549395 0.08601821959018707 -0.06689471006393433
v -0.0014461439568549395 0.08601821959018707 -0.06689471006393433
v -0.002982725854963064 0.08174978941679001 -0.06939338892698288
v -0.003475936595350504 0.08527183532714844 -0.06629861146211624
v -0.0014461439568549395 0.08601821959018707 -0.06689471006393433
v -0.003475936595350504 0.08527183532714844 -0.06629861146211624
v -0.0020236591808497906 0.08918904513120651 -0.06333234161138535
v -0.0020236591808497906 0.08918904513120651 -0.06333234161138535
v -0.003475936595350504 0.08527183532714844 -0.06629861146211624
v -0.0040260679088532925 0.08840511739253998 -0.06282743811607361
v -0.0020236591808497906 0.08918904513120651 -0.06333234161138535
v -0.0040260679088532925 0.08840511739253998 -0.06282743811607361
v -0.002658745739609003 0.09194299578666687 -0.059451114386320114
v -0.002658745739609003 0.09194299578666687 -0.059451114386320114
v -0.0040260679088532925 0.08840511739253998 -0.06282743811607361
v -0.004634330049157143 0.09112681448459625 -0.059039097279310226
v -0.002658745739609003 0.09194299578666687 -0.059451114386320114
v -0.004634330049157143 0.09112681448459625 -0.059039097279310226
v -0.0033449227921664715 0.09425818175077438 -0.055303700268268585
v -0.0033449227921664715 0.09425818175077438 -0.055303700268268585
v -0.004634330049157143 0.09112681448459625 -0.059039097279310226
v -0.005295408423990011 0.09341244399547577 -0.05498446524143219
v -0.0033449227921664715 0.09425818175077438 -0.055303700268268585
v -0.005295408423990011 0.09341244399547577 -0.05498446524143219
v -0.004072160925716162 0.09611254185438156 -0.05093832686543465
v -0.004072160925716162 0.09611254185438156 -0.05093832686543465
v -0.005295408423990011 0.09341244399547577 -0.05498446524143219
v -0.005998470354825258 0.09524225443601608 -0.05071317404508591
v -0.004072160925716162 0.09611254185438156 -0.05093832686543465
v -0.005998470354825258 0.09524225443601608 -0.05071317404508591
v -0.0048287673853337765 0.09748265892267227 -0.04640376195311546
v -0.0048287673853337765 0.09748265892267227 -0.04640376195311546
v -0.005998470354825258 0.09524225443601608 -0.05071317404508591
v -0.006730485707521439 0.0965978279709816 -0.04627539962530136
v -0.0048287673853337765 0.09748265892267227 -0.04640376195311546
v -0.006730485707521439 0.0965978279709816 -0.04627539962530136
v -0.005601740442216396 0.09834981709718704 -0.041751451790332794
v -0.005601740442216396 0.09834981709718704 -0.041751451790332794
v -0.006730485707521439 0.0965978279709816 -0.04627539962530136
v -0.007477011531591415 0.09746738523244858 -0.0417230986058712
v -0.005601740442216396 0.09834981709718704 -0.041751451790332794
v -0.007477011531591415 0.09746738523244858 -0.0417230986058712
v -0.006381860934197903 0.09871970117092133 -0.037041932344436646
v -0.006381860934197903 0.09871970117092133 -0.037041932344436646
v -0.007477011531591415 0.09746738523244858 -0.0417230986058712
v -0.008229386992752552 0.09785693883895874 -0.03711612895131111
v -0.006381860934197903 0.09871970117092133 -0.037041932344436646
v -0.008229386992752552 0.09785693883895874 -0.03711612895131111
v -0.0071679940447211266 0.0986364558339119 -0.03232670575380325
v -0.0071679940447211266 0.0986364558339119 -0.03232670575380325
v -0.008229386992752552 0.09785693883895874 -0.03711612895131111
v -0.008989221416413784 0.09780063480138779 -0.03250499069690704
v -0.0071679940447211266 0.0986364558339119 -0.03232670575380325
v -0.008989221416413784 0.09780063480138779 -0.03250499069690704
v -0.00796074140816927 0.09814721345901489 -0.027644846588373184
v -0.00796074140816927 0.09814721345901489 -0.027644846588373184
v -0.008989221416413784 0.09780063480138779 -0.03250499069690704
v -0.009759458713233471 0.09733523428440094 -0.02792934514582157
v -0.00796074140816927 0.09814721345901489 -0.027644846588373184
v -0.009759458713233471 0.09733523428440094 -0.02792934514582157
v -0.008762099780142307 0.09729688614606857 -0.02302119880914688
v -0.008762099780142307 0.09729688614606857 -0.02302119880914688
v -0.009759458713233471 0.09733523428440094 -0.02792934514582157
v -0.01054360531270504 0.0964958444237709 -0.02341713011264801
v -0.008762099780142307 0.09729688614606857 -0.02302119880914688
v -0.01054360531270504 0.0964958444237709 -0.02341713011264801
v -0.009571973234415054 0.09611627459526062 -0.018473796546459198
v -0.009571973234415054 0.09611627459526062 -0.018473796546459198
v -0.01054360531270504 0.0964958444237709 -0.02341713011264801
v -0.011342011392116547 0.09530758857727051 -0.0189893189817667
v -0.009571973234415054 0.09611627459526062 -0.018473796546459198
v -0.011342011392116547 0.09530758857727051 -0.0189893189817667
v -0.010383689776062965 0.09460694342851639 -0.014023443683981895
v -0.010383689776062965 0.09460694342851639 -0.014023443683981895
v -0.011342011392116547 0.09530758857727051 -0.0189893189817667
v -0.01214674860239029 0.09377560019493103 -0.014667931012809277
v -0.010383689776062965 0.09460694342851639 -0.014023443683981895
v -0.01214674860239029 0.09377560019493103 -0.014667931012809277
v -0.011186894960701466 0.09275791049003601 -0.009696838445961475
v -0.011186894960701466 0.09275791049003601 -0.009696838445961475
v -0.01214674860239029 0.09377560019493103 -0.014667931012809277
v -0.0129456277936697 0.09189670532941818 -0.010479133576154709
v -0.011186894960701466 0.09275791049003601 -0.009696838445961475
v -0.0129456277936697 0.09189670532941818 -0.010479133576154709
v -0.011964595876634121 0.09054381400346756 -0.005535409785807133
v -0.011964595876634121 0.09054381400346756 -0.005535409785807133
v -0.0129456277936697 0.09189670532941818 -0.010479133576154709
v -0.013719390146434307 0.0896592065691948 -0.006458641029894352
v -0.011964595876634121 0.09054381400346756 -0.005535409785807133
v -0.013719390146434307 0.0896592065691948 -0.006458641029894352
v -0.012696436606347561 0.08793696761131287 -0.0015913943061605096
v -0.012696436606347561 0.08793696761131287 -0.0015913943061605096
v -0.013719390146434307 0.0896592065691948 -0.006458641029894352
v -0.014445536769926548 0.08705100417137146 -0.002649426693096757
v -0.012696436606347561 0.08793696761131287 -0.0015913943061605096
v -0.014445536769926548 0.08705100417137146 -0.002649426693096757
v -0.013360919430851936 0.08492742478847504 0.0020700576715171337
v -0.013360919430851936 0.08492742478847504 0.0020700576715171337
v -0.014445536769926548 0.08705100417137146 -0.002649426693096757
v -0.015101541765034199 0.08407454937696457 0.0008968304609879851
v -0.013360919430851936 0.08492742478847504 0.0020700576715171337
v -0.015101541765034199 0.08407454937696457 0.0008968304609879851
v -0.013939917087554932 0.08152616024017334 0.005385431461036205
v -0.013939917087554932 0.08152616024017334 0.005385431461036205
v -0.015101541765034199 0.08407454937696457 0.0008968304609879851
v -0.01566927321255207 0.08074735850095749 0.004130161367356777
v -0.013939917087554932 0.08152616024017334 0.005385431461036205
v -0.01566927321255207 0.08074735850095749 0.004130161367356777
v -0.014428389258682728 0.0777837485074997 0.008316908963024616
v -0.014428389258682728 0.0777837485074997 0.008316908963024616
v -0.01566927321255207 0.08074735850095749 0.004130161367356777
v -0.016145145520567894 0.07711458951234818 0.007018271833658218
v -0.014428389258682728 0.0777837485074997 0.008316908963024616
v -0.016145145520567894 0.07711458951234818 0.007018271833658218
v -0.014831584878265858 0.073767751455307 0.010854615829885006
v -0.014831584878265858 0.073767751455307 0.010854615829885006
v -0.016145145520567894 0.07711458951234818 0.007018271833658218
v -0.0165361650288105 0.07323330640792847 0.009548340924084187
v -0.014831584878265858 0.073767751455307 0.010854615829885006
v -0.0165361650288105 0.07323330640792847 0.009548340924084187
v -0.01517630647867918 0.06957010924816132 0.013049907982349396
v -0.01517630647867918 0.06957010924816132 0.013049907982349396
v -0.0165361650288105 0.07323330640792847 0.009548340924084187
v -0.016871001571416855 0.06917981058359146 0.011748976074159145
v -0.01517630647867918 0.06957010924816132 0.013049907982349396
v -0.016871001571416855 0.06917981058359146 0.011748976074159145
v -0.01591937243938446 0.06100492551922798 0.016993476077914238
v -0.01591937243938446 0.06100492551922798 0.016993476077914238
v -0.016871001571416855 0.06917981058359146 0.011748976074159145
v -0.017606833949685097 0.06083371117711067 0.015533886849880219
v -0.01591937243938446 0.06100492551922798 0.016993476077914238
v -0.017606833949685097 0.06083371117711067 0.015533886849880219
v -0.01629531942307949 0.05658433958888054 0.018710903823375702
v -0.01629531942307949 0.05658433958888054 0.018710903823375702
v -0.017606833949685097 0.06083371117711067 0.015533886849880219
v -0.01798349805176258 0.05649036541581154 0.017109213396906853
v -0.01629531942307949 0.05658433958888054 0.018710903823375702
v -0.01798349805176258 0.05649036541581154 0.017109213396906853
v -0.0179482139647007 0.05199997499585152 0.018753888085484505
v -0.0179482139647007 0.05199997499585152 0.018753888085484505
v -0.01798349805176258 0.05649036541581154 0.017109213396906853
v -0.01826351322233677 0.05199999734759331 0.01831929013133049
v -0.0031203131657093763 0.00586982537060976 -0.05614929646253586
v -0.003437695326283574 0.005951807834208012 -0.056144461035728455
v -0.0028614921029657125 0.00851146224886179 -0.059405166655778885
v -0.004426834639161825 0.006317273713648319 -0.056050099432468414
v -0.005509142763912678 0.006988898850977421 -0.05574047937989235
v -0.004444224294275045 0.009165084920823574 -0.059139274060726166
v -0.006976097822189331 0.009019401855766773 -0.05441892519593239
v -0.007322348654270172 0.01039534155279398 -0.05338283255696297
v -0.007076329551637173 0.011451237834990025 -0.05477507784962654
v -0.006976097822189331 0.009019401855766773 -0.05441892519593239
v -0.007076329551637173 0.011451237834990025 -0.05477507784962654
v -0.0064206114038825035 0.011425470001995564 -0.05753142014145851
v -0.0031203131657093763 0.00586982537060976 -0.05614929646253586
v -0.0028614921029657125 0.00851146224886179 -0.059405166655778885
v -0.003011477179825306 0.0058450112119317055 -0.05614857003092766
v -2.313004733878188e-05 0.009051592089235783 -0.060209814459085464
v -0.0007808688096702099 0.00562275480479002 -0.05592181161046028
v -0.001364849042147398 0.005636128596961498 -0.05601484328508377
v -0.001364849042147398 0.005636128596961498 -0.05601484328508377
v -0.003011477179825306 0.0058450112119317055 -0.05614857003092766
v -2.313004733878188e-05 0.009051592089235783 -0.060209814459085464
v -2.313004733878188e-05 0.009051592089235783 -0.060209814459085464
v -0.003011477179825306 0.0058450112119317055 -0.05614857003092766
v -0.0028614921029657125 0.00851146224886179 -0.059405166655778885
v -2.313004733878188e-05 0.009051592089235783 -0.060209814459085464
v -0.0028614921029657125 0.00851146224886179 -0.059405166655778885
v 0.00043049149098806083 0.011382640339434147 -0.0627768337726593
v 0.00043049149098806083 0.011382640339434147 -0.0627768337726593
v -0.0028614921029657125 0.00851146224886179 -0.059405166655778885
v -0.0019302634755149484 0.013380448333919048 -0.0646749958395958
v 0.00043049149098806083 0.011382640339434147 -0.0627768337726593
v -0.0019302634755149484 0.013380448333919048 -0.0646749958395958
v 0.0006030410877428949 0.012336217798292637 -0.06375326961278915
v 0.0006030410877428949 0.012336217798292637 -0.06375326961278915
v -0.0019302634755149484 0.013380448333919048 -0.0646749958395958
v -0.0015054164687171578 0.016009202226996422 -0.06707920879125595
v 0.000809627934359014 0.024219578132033348 -0.07308441400527954
v 0.0017011517193168402 0.019598355516791344 -0.06996743381023407
v 0.00014853631728328764 0.0185911413282156 -0.06934329122304916
v 0.00014853631728328764 0.0185911413282156 -0.06934329122304916
v 0.0017011517193168402 0.019598355516791344 -0.06996743381023407
v 0.0013899010373279452 0.017285091802477837 -0.0682060718536377
v 0.00014853631728328764 0.0185911413282156 -0.06934329122304916
v 0.0013899010373279452 0.017285091802477837 -0.0682060718536377
v 0.0011606301413848996 0.015726208686828613 -0.06690864264965057
v 0.0002846129355020821 0.0336235873401165 -0.0772090032696724
v 0.002775717992335558 0.030568735674023628 -0.07604829967021942
v 7.303793245228007e-05 0.030414843931794167 -0.07601169496774673
v 7.303793245228007e-05 0.030414843931794167 -0.07601169496774673
v 0.002775717992335558 0.030568735674023628 -0.07604829967021942
v 0.002545087831094861 0.027613414451479912 -0.07474319636821747
v 0.00045769091229885817 0.03690774738788605 -0.0781884491443634
v 0.0031018026638776064 0.03598262742161751 -0.07789357751607895
v 0.0028565148822963238 0.03174031525850296 -0.07650553435087204
v 0.0031018026638776064 0.03598262742161751 -0.07789357751607895
v 0.00045769091229885817 0.03690774738788605 -0.0781884491443634
v 0.0031910259276628494 0.0379352942109108 -0.07839847356081009
v 0.0031910259276628494 0.0379352942109108 -0.07839847356081009
v 0.00045769091229885817 0.03690774738788605 -0.0781884491443634
v 0.0005964763113297522 0.04038853570818901 -0.07897382974624634
v 0.0031910259276628494 0.0379352942109108 -0.07839847356081009
v 0.0005964763113297522 0.04038853570818901 -0.07897382974624634
v 0.0032809467520564795 0.0403132289648056 -0.0789073258638382
v 0.0032809467520564795 0.0403132289648056 -0.0789073258638382
v 0.0005964763113297522 0.04038853570818901 -0.07897382974624634
v 0.0006939852610230446 0.04391681030392647 -0.07952563464641571
v 0.0032809467520564795 0.0403132289648056 -0.0789073258638382
v 0.0006939852610230446 0.04391681030392647 -0.07952563464641571
v 0.003397615160793066 0.04477245733141899 -0.07956751435995102
v -0.0033493293449282646 0.051051754504442215 -0.07572772353887558
v -0.003178028156980872 0.05107345059514046 -0.07632424682378769
v -0.0033874185755848885 0.0478568933904171 -0.07554643601179123
v -0.0033874185755848885 0.0478568933904171 -0.07554643601179123
v -0.003178028156980872 0.05107345059514046 -0.07632424682378769
v -0.0030964778270572424 0.04433022066950798 -0.07634270936250687
v -0.0033874185755848885 0.0478568933904171 -0.07554643601179123
v -0.0030964778270572424 0.04433022066950798 -0.07634270936250687
v -0.0033973094541579485 0.04735182970762253 -0.07549670338630676
v -0.0033973094541579485 0.04735182970762253 -0.07549670338630676
v -0.0030964778270572424 0.04433022066950798 -0.07634270936250687
v -0.003513793693855405 0.043309830129146576 -0.07488733530044556
v -0.003513793693855405 0.043309830129146576 -0.07488733530044556
v -0.0030964778270572424 0.04433022066950798 -0.07634270936250687
v -0.003694495651870966 0.03931254521012306 -0.0739017054438591
v -0.003694495651870966 0.03931254521012306 -0.0739017054438591
v -0.0030964778270572424 0.04433022066950798 -0.07634270936250687
v -0.003317022230476141 0.037829507142305374 -0.07509465515613556
v -0.003694495651870966 0.03931254521012306 -0.0739017054438591
v -0.003317022230476141 0.037829507142305374 -0.07509465515613556
v -0.0037570607382804155 0.03819315880537033 -0.07355388253927231
v -0.004167238250374794 0.03191890940070152 -0.07123780995607376
v -0.0039059221744537354 0.035845447331666946 -0.072716623544693
v -0.003317022230476141 0.037829507142305374 -0.07509465515613556
v -0.003317022230476141 0.037829507142305374 -0.07509465515613556
v -0.0039059221744537354 0.035845447331666946 -0.072716623544693
v -0.0039014744106680155 0.035912010818719864 -0.07274244725704193
v -0.003317022230476141 0.037829507142305374 -0.07509465515613556
v -0.0039014744106680155 0.035912010818719864 -0.07274244725704193
v -0.0037570607382804155 0.03819315880537033 -0.07355388253927231
v -0.003317022230476141 0.037829507142305374 -0.07509465515613556
v -0.00367388385348022 0.03183084353804588 -0.07307516783475876
v -0.004167238250374794 0.03191890940070152 -0.07123780995607376
v -0.004167238250374794 0.03191890940070152 -0.07123780995607376
v -0.00367388385348022 0.03183084353804588 -0.07307516783475876
v -0.0041607581079006195 0.026250960305333138 -0.07031993567943573
v -0.004167238250374794 0.03191890940070152 -0.07123780995607376
v -0.0041607581079006195 0.026250960305333138 -0.07031993567943573
v -0.004491296596825123 0.028149859979748726 -0.06940393894910812
v -0.005807921290397644 0.01795201189815998 -0.06195307523012161
v -0.005321083124727011 0.021123455837368965 -0.06470811367034912
v -0.004772305954247713 0.021058661863207817 -0.0668591782450676
v -0.004772305954247713 0.021058661863207817 -0.0668591782450676
v -0.005321083124727011 0.021123455837368965 -0.06470811367034912
v -0.005187495145946741 0.02209087274968624 -0.06546410173177719
v -0.004772305954247713 0.021058661863207817 -0.0668591782450676
v -0.005187495145946741 0.02209087274968624 -0.06546410173177719
v -0.0041607581079006195 0.026250960305333138 -0.07031993567943573
v -0.0041607581079006195 0.026250960305333138 -0.07031993567943573
v -0.005187495145946741 0.02209087274968624 -0.06546410173177719
v -0.004872241988778114 0.024588296189904213 -0.0672481432557106
v -0.0041607581079006195 0.026250960305333138 -0.07031993567943573
v -0.004872241988778114 0.024588296189904213 -0.0672481432557106
v -0.004491296596825123 0.028149859979748726 -0.06940393894910812
v -0.007076329551637173 0.011451237834990025 -0.05477507784962654
v -0.006402222439646721 0.014651813544332981 -0.0585898831486702
v -0.0064206114038825035 0.011425470001995564 -0.05753142014145851
v -0.0064206114038825035 0.011425470001995564 -0.05753142014145851
v -0.006402222439646721 0.014651813544332981 -0.0585898831486702
v -0.005807921290397644 0.01795201189815998 -0.06195307523012161
v -0.0064206114038825035 0.011425470001995564 -0.05753142014145851
v -0.005807921290397644 0.01795201189815998 -0.06195307523012161
v -0.005541187711060047 0.016013897955417633 -0.06250807642936707
v -0.005541187711060047 0.016013897955417633 -0.06250807642936707
v -0.005807921290397644 0.01795201189815998 -0.06195307523012161
v -0.004772305954247713 0.021058661863207817 -0.0668591782450676
v -0.003437695326283574 0.005951807834208012 -0.056144461035728455
v -0.004426834639161825 0.006317273713648319 -0.056050099432468414
v -0.0028614921029657125 0.00851146224886179 -0.059405166655778885
v -0.0028614921029657125 0.00851146224886179 -0.059405166655778885
v -0.004426834639161825 0.006317273713648319 -0.056050099432468414
v -0.004444224294275045 0.009165084920823574 -0.059139274060726166
v -0.0028614921029657125 0.00851146224886179 -0.059405166655778885
v -0.004444224294275045 0.009165084920823574 -0.059139274060726166
v -0.0019302634755149484 0.013380448333919048 -0.0646749958395958
v -0.0019302634755149484 0.013380448333919048 -0.0646749958395958
v -0.004444224294275045 0.009165084920823574 -0.059139274060726166
v -0.003524631494656205 0.013972803018987179 -0.06434325128793716
v -0.0019302634755149484 0.013380448333919048 -0.0646749958395958
v -0.003524631494656205 0.013972803018987179 -0.06434325128793716
v -0.0015054164687171578 0.016009202226996422 -0.06707920879125595
v -0.0015054164687171578 0.016009202226996422 -0.06707920879125595
v -0.003524631494656205 0.013972803018987179 -0.06434325128793716
v -0.0027154332492500544 0.01929442025721073 -0.0689224973320961
v -0.0001718743733363226 0.027345040813088417 -0.07462573796510696
v 0.000809627934359014 0.024219578132033348 -0.07308441400527954
v -0.0004520486982073635 0.02437623403966427 -0.07304021716117859
v -0.0004520486982073635 0.02437623403966427 -0.07304021716117859
v 0.000809627934359014 0.024219578132033348 -0.07308441400527954
v 0.00014853631728328764 0.0185911413282156 -0.06934329122304916
v -0.0004520486982073635 0.02437623403966427 -0.07304021716117859
v 0.00014853631728328764 0.0185911413282156 -0.06934329122304916
v -0.0011093398788943887 0.018779722973704338 -0.06932060420513153
v -0.0011093398788943887 0.018779722973704338 -0.06932060420513153
v 0.00014853631728328764 0.0185911413282156 -0.06934329122304916
v 0.0011606301413848996 0.015726208686828613 -0.06690864264965057
v -0.0015521359164267778 0.03073975257575512 -0.07550562173128128
v -0.0001718743733363226 0.027345040813088417 -0.07462573796510696
v -0.002068503759801388 0.02480214647948742 -0.07258348912000656
v -0.002068503759801388 0.02480214647948742 -0.07258348912000656
v -0.0001718743733363226 0.027345040813088417 -0.07462573796510696
v -0.0004520486982073635 0.02437623403966427 -0.07304021716117859
v -0.002068503759801388 0.02480214647948742 -0.07258348912000656
v -0.0004520486982073635 0.02437623403966427 -0.07304021716117859
v -0.0027154332492500544 0.01929442025721073 -0.0689224973320961
v -0.0027154332492500544 0.01929442025721073 -0.0689224973320961
v -0.0004520486982073635 0.02437623403966427 -0.07304021716117859
v -0.0011093398788943887 0.018779722973704338 -0.06932060420513153
v -0.0027154332492500544 0.01929442025721073 -0.0689224973320961
v -0.0011093398788943887 0.018779722973704338 -0.06932060420513153
v -0.0015054164687171578 0.016009202226996422 -0.06707920879125595
v -0.0015054164687171578 0.016009202226996422 -0.06707920879125595
v -0.0011093398788943887 0.018779722973704338 -0.06932060420513153
v 0.0011606301413848996 0.015726208686828613 -0.06690864264965057
v -0.0015054164687171578 0.016009202226996422 -0.06707920879125595
v 0.0011606301413848996 0.015726208686828613 -0.06690864264965057
v 0.0006030410877428949 0.012336217798292637 -0.06375326961278915
v -0.0011739098699763417 0.03712359443306923 -0.07764600962400436
v 0.0002846129355020821 0.0336235873401165 -0.0772090032696724
v -0.0015521359164267778 0.03073975257575512 -0.07550562173128128
v -0.0015521359164267778 0.03073975257575512 -0.07550562173128128
v 0.0002846129355020821 0.0336235873401165 -0.0772090032696724
v 7.303793245228007e-05 0.030414843931794167 -0.07601169496774673
v -0.0015521359164267778 0.03073975257575512 -0.07550562173128128
v 7.303793245228007e-05 0.030414843931794167 -0.07601169496774673
v -0.0001718743733363226 0.027345040813088417 -0.07462573796510696
v -0.0001718743733363226 0.027345040813088417 -0.07462573796510696
v 7.303793245228007e-05 0.030414843931794167 -0.07601169496774673
v 0.002545087831094861 0.027613414451479912 -0.07474319636821747
v -0.0001718743733363226 0.027345040813088417 -0.07462573796510696
v 0.002545087831094861 0.027613414451479912 -0.07474319636821747
v 0.000809627934359014 0.024219578132033348 -0.07308441400527954
v 0.000809627934359014 0.024219578132033348 -0.07308441400527954
v 0.002545087831094861 0.027613414451479912 -0.07474319636821747
v 0.002160611329600215 0.023557772859930992 -0.07256747782230377
v 0.000809627934359014 0.024219578132033348 -0.07308441400527954
v 0.002160611329600215 0.023557772859930992 -0.07256747782230377
v 0.0017011517193168402 0.019598355516791344 -0.06996743381023407
v 0.0034515955485403538 0.04936611279845238 -0.07987295091152191
v 0.003397615160793066 0.04477245733141899 -0.07956751435995102
v 0.000751781277358532 0.047524649649858475 -0.07985270768404007
v 0.000751781277358532 0.047524649649858475 -0.07985270768404007
v 0.003397615160793066 0.04477245733141899 -0.07956751435995102
v 0.0006939852610230446 0.04391681030392647 -0.07952563464641571
v 0.000751781277358532 0.047524649649858475 -0.07985270768404007
v 0.0006939852610230446 0.04391681030392647 -0.07952563464641571
v -0.0009413827792741358 0.04402024671435356 -0.07896187901496887
v -0.0009413827792741358 0.04402024671435356 -0.07896187901496887
v 0.0006939852610230446 0.04391681030392647 -0.07952563464641571
v 0.0005964763113297522 0.04038853570818901 -0.07897382974624634
v -0.0009413827792741358 0.04402024671435356 -0.07896187901496887
v 0.0005964763113297522 0.04038853570818901 -0.07897382974624634
v -0.0011739098699763417 0.03712359443306923 -0.07764600962400436
v -0.0011739098699763417 0.03712359443306923 -0.07764600962400436
v 0.0005964763113297522 0.04038853570818901 -0.07897382974624634
v 0.00045769091229885817 0.03690774738788605 -0.0781884491443634
v -0.0011739098699763417 0.03712359443306923 -0.07764600962400436
v 0.00045769091229885817 0.03690774738788605 -0.0781884491443634
v 0.0002846129355020821 0.0336235873401165 -0.0772090032696724
v 0.0002846129355020821 0.0336235873401165 -0.0772090032696724
v 0.00045769091229885817 0.03690774738788605 -0.0781884491443634
v 0.0028565148822963238 0.03174031525850296 -0.07650553435087204
v 0.0002846129355020821 0.0336235873401165 -0.0772090032696724
v 0.0028565148822963238 0.03174031525850296 -0.07650553435087204
v 0.002775717992335558 0.030568735674023628 -0.07604829967021942
v -0.006362616084516048 0.007881867699325085 -0.05520082265138626
v -0.006976097822189331 0.009019401855766773 -0.05441892519593239
v -0.0056102825328707695 0.01012252178043127 -0.0585276298224926
v -0.0056102825328707695 0.01012252178043127 -0.0585276298224926
v -0.006976097822189331 0.009019401855766773 -0.05441892519593239
v -0.0064206114038825035 0.011425470001995564 -0.05753142014145851
v -0.0056102825328707695 0.01012252178043127 -0.0585276298224926
v -0.0064206114038825035 0.011425470001995564 -0.05753142014145851
v -0.00470771687105298 0.014838541857898235 -0.06363525986671448
v -0.00470771687105298 0.014838541857898235 -0.06363525986671448
v -0.0064206114038825035 0.011425470001995564 -0.05753142014145851
v -0.005541187711060047 0.016013897955417633 -0.06250807642936707
v -0.00470771687105298 0.014838541857898235 -0.06363525986671448
v -0.005541187711060047 0.016013897955417633 -0.06250807642936707
v -0.003915638662874699 0.020044224336743355 -0.0681176409125328
v -0.003915638662874699 0.020044224336743355 -0.0681176409125328
v -0.005541187711060047 0.016013897955417633 -0.06250807642936707
v -0.004772305954247713 0.021058661863207817 -0.0668591782450676
v -0.003915638662874699 0.020044224336743355 -0.0681176409125328
v -0.004772305954247713 0.021058661863207817 -0.0668591782450676
v -0.003283766796812415 0.025419684126973152 -0.07169342041015625
v -0.003283766796812415 0.025419684126973152 -0.07169342041015625
v -0.004772305954247713 0.021058661863207817 -0.0668591782450676
v -0.0041607581079006195 0.026250960305333138 -0.07031993567943573
v -0.003283766796812415 0.025419684126973152 -0.07169342041015625
v -0.0041607581079006195 0.026250960305333138 -0.07031993567943573
v -0.002779993461444974 0.031207120046019554 -0.0745442658662796
v -0.002779993461444974 0.031207120046019554 -0.0745442658662796
v -0.0041607581079006195 0.026250960305333138 -0.07031993567943573
v -0.00367388385348022 0.03183084353804588 -0.07307516783475876
v -0.002779993461444974 0.031207120046019554 -0.0745442658662796
v -0.00367388385348022 0.03183084353804588 -0.07307516783475876
v -0.0024109582882374525 0.0374290905892849 -0.07663265615701675
v -0.0024109582882374525 0.0374290905892849 -0.07663265615701675
v -0.00367388385348022 0.03183084353804588 -0.07307516783475876
v -0.003317022230476141 0.037829507142305374 -0.07509465515613556
v -0.0024109582882374525 0.0374290905892849 -0.07663265615701675
v -0.003317022230476141 0.037829507142305374 -0.07509465515613556
v -0.0021836734376847744 0.044159192591905594 -0.07791884988546371
v -0.0021836734376847744 0.044159192591905594 -0.07791884988546371
v -0.003317022230476141 0.037829507142305374 -0.07509465515613556
v -0.0030964778270572424 0.04433022066950798 -0.07634270936250687
v -0.0021836734376847744 0.044159192591905594 -0.07791884988546371
v -0.0030964778270572424 0.04433022066950798 -0.07634270936250687
v -0.002153160283342004 0.05112920328974724 -0.07828263193368912
v -0.002153160283342004 0.05112920328974724 -0.07828263193368912
v -0.0030964778270572424 0.04433022066950798 -0.07634270936250687
v -0.003178028156980872 0.05107345059514046 -0.07632424682378769
v -0.002153160283342004 0.05112920328974724 -0.07828263193368912
v -0.0012336843647062778 0.05114416405558586 -0.079151950776577
v -0.0021836734376847744 0.044159192591905594 -0.07791884988546371
v -0.0021836734376847744 0.044159192591905594 -0.07791884988546371
v -0.0012336843647062778 0.05114416405558586 -0.079151950776577
v -0.0009413827792741358 0.04402024671435356 -0.07896187901496887
v -0.0021836734376847744 0.044159192591905594 -0.07791884988546371
v -0.0009413827792741358 0.04402024671435356 -0.07896187901496887
v -0.0024109582882374525 0.0374290905892849 -0.07663265615701675
v -0.0024109582882374525 0.0374290905892849 -0.07663265615701675
v -0.0009413827792741358 0.04402024671435356 -0.07896187901496887
v -0.0011739098699763417 0.03712359443306923 -0.07764600962400436
v -0.0024109582882374525 0.0374290905892849 -0.07663265615701675
v -0.0011739098699763417 0.03712359443306923 -0.07764600962400436
v -0.002779993461444974 0.031207120046019554 -0.0745442658662796
v -0.002779993461444974 0.031207120046019554 -0.0745442658662796
v -0.0011739098699763417 0.03712359443306923 -0.07764600962400436
v -0.0015521359164267778 0.03073975257575512 -0.07550562173128128
v -0.002779993461444974 0.031207120046019554 -0.0745442658662796
v -0.0015521359164267778 0.03073975257575512 -0.07550562173128128
v -0.003283766796812415 0.025419684126973152 -0.07169342041015625
v -0.003283766796812415 0.025419684126973152 -0.07169342041015625
v -0.0015521359164267778 0.03073975257575512 -0.07550562173128128
v -0.002068503759801388 0.02480214647948742 -0.07258348912000656
v -0.003283766796812415 0.025419684126973152 -0.07169342041015625
v -0.002068503759801388 0.02480214647948742 -0.07258348912000656
v -0.003915638662874699 0.020044224336743355 -0.0681176409125328
v -0.003915638662874699 0.020044224336743355 -0.0681176409125328
v -0.002068503759801388 0.02480214647948742 -0.07258348912000656
v -0.0027154332492500544 0.01929442025721073 -0.0689224973320961
v -0.003915638662874699 0.020044224336743355 -0.0681176409125328
v -0.0027154332492500544 0.01929442025721073 -0.0689224973320961
v -0.00470771687105298 0.014838541857898235 -0.06363525986671448
v -0.00470771687105298 0.014838541857898235 -0.06363525986671448
v -0.0027154332492500544 0.01929442025721073 -0.0689224973320961
v -0.003524631494656205 0.013972803018987179 -0.06434325128793716
v -0.00470771687105298 0.014838541857898235 -0.06363525986671448
v -0.003524631494656205 0.013972803018987179 -0.06434325128793716
v -0.0056102825328707695 0.01012252178043127 -0.0585276298224926
v -0.0056102825328707695 0.01012252178043127 -0.0585276298224926
v -0.003524631494656205 0.013972803018987179 -0.06434325128793716
v -0.004444224294275045 0.009165084920823574 -0.059139274060726166
v -0.0056102825328707695 0.01012252178043127 -0.0585276298224926
v -0.004444224294275045 0.009165084920823574 -0.059139274060726166
v -0.006362616084516048 0.007881867699325085 -0.05520082265138626
v -0.006362616084516048 0.007881867699325085 -0.05520082265138626
v -0.004444224294275045 0.009165084920823574 -0.059139274060726166
v -0.005509142763912678 0.006988898850977421 -0.05574047937989235
v 0.003455784171819687 0.05114441737532616 -0.07989665120840073
v 0.0034515955485403538 0.04936611279845238 -0.07987295091152191
v 0.001974696759134531 0.0511460043489933 -0.08004375547170639
v 0.001974696759134531 0.0511460043489933 -0.08004375547170639
v 0.0034515955485403538 0.04936611279845238 -0.07987295091152191
v 0.000751781277358532 0.047524649649858475 -0.07985270768404007
v 0.001974696759134531 0.0511460043489933 -0.08004375547170639
v 0.000751781277358532 0.047524649649858475 -0.07985270768404007
v 0.0008225447963923216 0.051148172467947006 -0.07996461540460587
v 0.0008225447963923216 0.051148172467947006 -0.07996461540460587
v 0.000751781277358532 0.047524649649858475 -0.07985270768404007
v -0.0009413827792741358 0.04402024671435356 -0.07896187901496887
v 0.0008225447963923216 0.051148172467947006 -0.07996461540460587
v -0.0009413827792741358 0.04402024671435356 -0.07896187901496887
v -0.00041828100802376866 0.05114831402897835 -0.07960964739322662
v -0.00041828100802376866 0.05114831402897835 -0.07960964739322662
v -0.0009413827792741358 0.04402024671435356 -0.07896187901496887
v -0.0012336843647062778 0.05114416405558586 -0.079151950776577
v -0.010687028989195824 0.09199830889701843 -0.034342002123594284
v -0.01076589897274971 0.09426145255565643 -0.03389568254351616
v -0.010071969591081142 0.0941447839140892 -0.03782263398170471
v -0.013144511729478836 0.09199842810630798 -0.020435085520148277
v -0.012771829962730408 0.09263014048337936 -0.022544097155332565
v -0.009534737095236778 0.09380605816841125 -0.04086285084486008
v -0.00887296162545681 0.09307297319173813 -0.04460786283016205
v -0.008229541592299938 0.09199819713830948 -0.04824892058968544
v -0.01207499299198389 0.09352941811084747 -0.026487521827220917
v -0.011369233950972557 0.09407765418291092 -0.03048141859471798
v -0.018684452399611473 0.05199999734759331 0.010915468446910381
v -0.019187962636351585 0.05199999734759331 0.013764853589236736
v -0.01865045726299286 0.0561397559940815 0.010723107494413853
v -0.018772339448332787 0.06012733653187752 0.01141282171010971
v -0.01838037185370922 0.06427518278360367 0.009194685146212578
v -0.01818939857184887 0.0675630196928978 0.008113952353596687
v -0.020503519102931023 0.005549673922359943 0.02120981179177761
v -0.020995359867811203 0.005549673922359943 0.023993168026208878
v -0.02050352282822132 0.012293937616050243 0.021209808066487312
v -0.009907458908855915 0.004999917931854725 -0.038753610104322433
v -0.010165196843445301 0.004999917931854725 -0.03729507327079773
v -0.010165196843445301 0.010799628682434559 -0.03729507327079773
v -0.008792261593043804 0.004999917931854725 -0.0450645387172699
v -0.01115509681403637 0.010507172904908657 -0.03169320151209831
v -0.012142607010900974 0.01099999900907278 -0.02610485628247261
v -0.005187495145946741 0.02209087274968624 -0.06546410173177719
v -0.005321083124727011 0.021123455837368965 -0.06470811367034912
v -0.005447763483971357 0.021870391443371773 -0.0639912411570549
v -0.0059678563848137856 0.01897641457617283 -0.0610480010509491
v -0.005807921290397644 0.01795201189815998 -0.06195307523012161
v -0.006533184554427862 0.016377659514546394 -0.057848766446113586
v -0.006402222439646721 0.014651813544332981 -0.0585898831486702
v -0.007138698827475309 0.014097358100116253 -0.054422128945589066
v -0.007076329551637173 0.011451237834990025 -0.05477507784962654
v -0.00765026593580842 0.012510991655290127 -0.05152716860175133
v -0.007322348654270172 0.01039534155279398 -0.05338283255696297
v -0.008034088648855686 0.011998188681900501 -0.04935508966445923
v -0.008119414560496807 0.007297203876078129 -0.0488722026348114
v -0.008034088648855686 0.011998188681900501 -0.04935508966445923
v -0.008119414560496807 0.007297203876078129 -0.0488722026348114
v -0.00814767461270094 0.0071955034509301186 -0.048712294548749924
v -0.017077548429369926 0.02502894587814808 0.001822032849304378
v -0.016704725101590157 0.022473303601145744 -0.00028776488034054637
v -0.01999093033373356 0.01099999900907278 0.018309034407138824
v -0.01619410514831543 0.019524121657013893 -0.003177371807396412
v -0.015039276331663132 0.014520504511892796 -0.009712543338537216
v -0.014405570924282074 0.0125113008543849 -0.01329868659377098
v -0.014021746814250946 0.011998462490737438 -0.015470755286514759
v -0.00814767461270094 0.0071955034509301186 -0.048712294548749924
v -0.016090920194983482 0.01899178884923458 -0.0037612917367368937
v -0.015637295320630074 0.016865264624357224 -0.006328354589641094
v -0.004872241988778114 0.024588296189904213 -0.0672481432557106
v -0.0049775573424994946 0.025033721700310707 -0.06665216386318207
v -0.004491296596825123 0.028149859979748726 -0.06940393894910812
v -0.004561442881822586 0.02843811921775341 -0.06900697946548462
v -0.004167238250374794 0.03191890940070152 -0.07123780995607376
v -0.0042031388729810715 0.0320531465113163 -0.07103464752435684
v -0.0039059221744537354 0.035845447331666946 -0.072716623544693
v -0.0179161224514246 0.03278759866952896 0.006567525211721659
v -0.01784982904791832 0.032021645456552505 0.006192371714860201
v -0.01756959967315197 0.02913481928408146 0.004606562200933695
v -0.017164593562483788 0.025686444714665413 0.0023146350868046284
v -0.018663795664906502 0.04876844957470894 0.01079857349395752
v -0.018650468438863754 0.04785759374499321 0.010723174549639225
v -0.01857657916843891 0.04463843256235123 0.010305016301572323
v -0.018421871587634087 0.04057421162724495 0.009429545141756535
v -0.01838039979338646 0.03972214087843895 0.0091948751360178
v -0.018201060593128204 0.0366121269762516 0.008179988712072372
v -0.020272444933652878 0.01134174969047308 0.019902130588889122
v -0.008229541592299938 0.09199819713830948 -0.04824892058968544
v -0.007997650653123856 0.09199818968772888 -0.04934930056333542
v -0.014237901195883751 0.09199818968772888 -0.050452012568712234
v -0.013497625477612019 0.09199846535921097 -0.015378788113594055
v -0.01339855045080185 0.09199844300746918 -0.017912449315190315
v -0.02022557705640793 0.09199846535921097 -0.016567684710025787
v -0.013144511729478836 0.09199842810630798 -0.020435085520148277
v -0.010687028989195824 0.09199830889701843 -0.034342002123594284
v -0.007571409456431866 0.09148535132408142 -0.051513876765966415
v -0.013854077085852623 0.09148535132408142 -0.05262408033013344
v -0.007667777594178915 0.09171972423791885 -0.05096178501844406
v -0.007667777594178915 0.09171972423791885 -0.05096178501844406
v -0.013854077085852623 0.09148535132408142 -0.05262408033013344
v -0.014237901195883751 0.09199818968772888 -0.050452012568712234
v -0.007667777594178915 0.09171972423791885 -0.05096178501844406
v -0.014237901195883751 0.09199818968772888 -0.050452012568712234
v -0.007923860102891922 0.09198608994483948 -0.049689214676618576
v -0.007923860102891922 0.09198608994483948 -0.049689214676618576
v -0.014237901195883751 0.09199818968772888 -0.050452012568712234
v -0.007997650653123856 0.09199818968772888 -0.04934930056333542
v -0.013497625477612019 0.09199846535921097 -0.015378788113594055
v -0.02022557705640793 0.09199846535921097 -0.016567684710025787
v -0.013512288220226765 0.09194532036781311 -0.014643004164099693
v -0.013512288220226765 0.09194532036781311 -0.014643004164099693
v -0.02022557705640793 0.09199846535921097 -0.016567684710025787
v -0.020609403029084206 0.09148566424846649 -0.014395606704056263
v -0.013512288220226765 0.09194532036781311 -0.014643004164099693
v -0.020609403029084206 0.09148566424846649 -0.014395606704056263
v -0.01363441627472639 0.09160937368869781 -0.013439178466796875
v -0.01363441627472639 0.09160937368869781 -0.013439178466796875
v -0.020609403029084206 0.09148566424846649 -0.014395606704056263
v -0.013684123754501343 0.09148566424846649 -0.0131718460470438
v 0.032156720757484436 0.09612350910902023 -0.0255097858607769
v 0.032355714589357376 0.0954633504152298 -0.025521202012896538
v 0.033127348870038986 0.09558452665805817 -0.029888296499848366
v 0.0324062816798687 0.09517399221658707 -0.025532687082886696
v 0.03244286775588989 0.0946856439113617 -0.02556067705154419
v 0.03320161625742912 0.09480525553226471 -0.029854431748390198
v 0.03991442546248436 0.06514453887939453 -0.0682901069521904
v 0.039691947400569916 0.06939451396465302 -0.06703066825866699
v 0.039714567363262177 0.06786128878593445 -0.06671129167079926
v 0.04007560759782791 0.06080782786011696 -0.06920147687196732
v 0.04017987474799156 0.05641420558094978 -0.06978597491979599
v 0.04008578509092331 0.056477826088666916 -0.07056277245283127
v 0.04007560759782791 0.06080782786011696 -0.06920147687196732
v 0.04008578509092331 0.056477826088666916 -0.07056277245283127
v 0.03997903689742088 0.060941342264413834 -0.06996829807758331
v 0.03997903689742088 0.060941342264413834 -0.06996829807758331
v 0.04008578509092331 0.056477826088666916 -0.07056277245283127
v 0.03984260559082031 0.056540485471487045 -0.07130599766969681
v 0.03997903689742088 0.060941342264413834 -0.06996829807758331
v 0.03984260559082031 0.056540485471487045 -0.07130599766969681
v 0.03973368927836418 0.06107020750641823 -0.07070145756006241
v 0.03973368927836418 0.06107020750641823 -0.07070145756006241
v 0.03984260559082031 0.056540485471487045 -0.07130599766969681
v 0.03945751488208771 0.056599896401166916 -0.07198839634656906
v 0.03973368927836418 0.06107020750641823 -0.07070145756006241
v 0.03945751488208771 0.056599896401166916 -0.07198839634656906
v 0.03934679925441742 0.061189692467451096 -0.07137401401996613
v 0.03934679925441742 0.061189692467451096 -0.07137401401996613
v 0.03945751488208771 0.056599896401166916 -0.07198839634656906
v 0.03894779831171036 0.05665357783436775 -0.07258140295743942
v 0.03934679925441742 0.061189692467451096 -0.07137401401996613
v 0.03894779831171036 0.05665357783436775 -0.07258140295743942
v 0.03883553296327591 0.0612947903573513 -0.07195781171321869
v 0.03883553296327591 0.0612947903573513 -0.07195781171321869
v 0.03894779831171036 0.05665357783436775 -0.07258140295743942
v 0.038329944014549255 0.0566997192800045 -0.07306517660617828
v 0.03883553296327591 0.0612947903573513 -0.07195781171321869
v 0.038329944014549255 0.0566997192800045 -0.07306517660617828
v 0.03821664676070213 0.0613819845020771 -0.07243330031633377
v 0.03821664676070213 0.0613819845020771 -0.07243330031633377
v 0.038329944014549255 0.0566997192800045 -0.07306517660617828
v 0.03763080760836601 0.05673627182841301 -0.07341799139976501
v 0.03821664676070213 0.0613819845020771 -0.07243330031633377
v 0.03763080760836601 0.05673627182841301 -0.07341799139976501
v 0.037516988813877106 0.06144740805029869 -0.07277930527925491
v 0.037516988813877106 0.06144740805029869 -0.07277930527925491
v 0.03763080760836601 0.05673627182841301 -0.07341799139976501
v 0.03687259554862976 0.05688751861453056 -0.07361529767513275
v 0.037516988813877106 0.06144740805029869 -0.07277930527925491
v 0.03687259554862976 0.05688751861453056 -0.07361529767513275
v 0.03665682673454285 0.06444999575614929 -0.0723942369222641
v 0.039714567363262177 0.06786128878593445 -0.06671129167079926
v 0.04001447185873985 0.060790155082941055 -0.06840845197439194
v 0.04007560759782791 0.06080782786011696 -0.06920147687196732
v 0.04007560759782791 0.06080782786011696 -0.06920147687196732
v 0.04001447185873985 0.060790155082941055 -0.06840845197439194
v 0.04001804441213608 0.06067449226975441 -0.06842868030071259
v 0.04007560759782791 0.06080782786011696 -0.06920147687196732
v 0.04001804441213608 0.06067449226975441 -0.06842868030071259
v 0.04017987474799156 0.05641420558094978 -0.06978597491979599
v 0.04017987474799156 0.05641420558094978 -0.06978597491979599
v 0.04001804441213608 0.06067449226975441 -0.06842868030071259
v 0.04017290100455284 0.05199999734759331 -0.06930501013994217
v 0.04017987474799156 0.05641420558094978 -0.06978597491979599
v 0.04017290100455284 0.05199999734759331 -0.06930501013994217
v 0.04023011773824692 0.05199999734759331 -0.06982538104057312
v 0.039714567363262177 0.06786128878593445 -0.06671129167079926
v 0.039691947400569916 0.06939451396465302 -0.06703066825866699
v 0.03929443657398224 0.07382679730653763 -0.06433376669883728
v 0.03929443657398224 0.07382679730653763 -0.06433376669883728
v 0.039691947400569916 0.06939451396465302 -0.06703066825866699
v 0.039396774023771286 0.07350322604179382 -0.06536097079515457
v 0.03929443657398224 0.07382679730653763 -0.06433376669883728
v 0.039396774023771286 0.07350322604179382 -0.06536097079515457
v 0.03898565471172333 0.07696881890296936 -0.06258635967969894
v 0.03898565471172333 0.07696881890296936 -0.06258635967969894
v 0.039396774023771286 0.07350322604179382 -0.06536097079515457
v 0.03902266547083855 0.07739697396755219 -0.06324432790279388
v 0.03898565471172333 0.07696881890296936 -0.06258635967969894
v 0.03902266547083855 0.07739697396755219 -0.06324432790279388
v 0.03874396160244942 0.07899489253759384 -0.06121863052248955
v 0.03874396160244942 0.07899489253759384 -0.06121863052248955
v 0.03902266547083855 0.07739697396755219 -0.06324432790279388
v 0.038567181676626205 0.08099579811096191 -0.0606667697429657
v 0.03874396160244942 0.07899489253759384 -0.06121863052248955
v 0.038567181676626205 0.08099579811096191 -0.0606667697429657
v 0.03802062198519707 0.0836775004863739 -0.05712522193789482
v 0.03802062198519707 0.0836775004863739 -0.05712522193789482
v 0.038567181676626205 0.08099579811096191 -0.0606667697429657
v 0.03803760185837746 0.08424151688814163 -0.057670895010232925
v 0.03802062198519707 0.0836775004863739 -0.05712522193789482
v 0.03803760185837746 0.08424151688814163 -0.057670895010232925
v 0.037146423012018204 0.08769859373569489 -0.052178140729665756
v 0.03803760185837746 0.08424151688814163 -0.057670895010232925
v 0.03744630888104439 0.08710867166519165 -0.054325759410858154
v 0.037146423012018204 0.08769859373569489 -0.052178140729665756
v 0.037146423012018204 0.08769859373569489 -0.052178140729665756
v 0.03744630888104439 0.08710867166519165 -0.054325759410858154
v 0.036804936826229095 0.08959224075078964 -0.050696905702352524
v 0.037146423012018204 0.08769859373569489 -0.052178140729665756
v 0.036804936826229095 0.08959224075078964 -0.050696905702352524
v 0.03611307591199875 0.09104689210653305 -0.04633041098713875
v 0.03611307591199875 0.09104689210653305 -0.04633041098713875
v 0.036804936826229095 0.08959224075078964 -0.050696905702352524
v 0.03612200543284416 0.09167666733264923 -0.046833012253046036
v 0.03611307591199875 0.09104689210653305 -0.04633041098713875
v 0.03612200543284416 0.09167666733264923 -0.046833012253046036
v 0.034965503960847855 0.09342750906944275 -0.03983629122376442
v 0.03612200543284416 0.09167666733264923 -0.046833012253046036
v 0.03540489450097084 0.09333838522434235 -0.04277504235506058
v 0.034965503960847855 0.09342750906944275 -0.03983629122376442
v 0.034965503960847855 0.09342750906944275 -0.03983629122376442
v 0.03540489450097084 0.09333838522434235 -0.04277504235506058
v 0.03466103971004486 0.09455233812332153 -0.03856544941663742
v 0.034965503960847855 0.09342750906944275 -0.03983629122376442
v 0.03466103971004486 0.09455233812332153 -0.03856544941663742
v 0.033776454627513885 0.09463205188512802 -0.0331074483692646
v 0.033776454627513885 0.09463205188512802 -0.0331074483692646
v 0.03466103971004486 0.09455233812332153 -0.03856544941663742
v 0.03389858081936836 0.09529849141836166 -0.03425180912017822
v 0.033776454627513885 0.09463205188512802 -0.0331074483692646
v 0.03389858081936836 0.09529849141836166 -0.03425180912017822
v 0.03320161625742912 0.09480525553226471 -0.029854431748390198
v 0.03320161625742912 0.09480525553226471 -0.029854431748390198
v 0.03389858081936836 0.09529849141836166 -0.03425180912017822
v 0.033127348870038986 0.09558452665805817 -0.029888296499848366
v 0.03320161625742912 0.09480525553226471 -0.029854431748390198
v 0.033127348870038986 0.09558452665805817 -0.029888296499848366
v 0.0324062816798687 0.09517399221658707 -0.025532687082886696
v 0.0324062816798687 0.09517399221658707 -0.025532687082886696
v 0.033127348870038986 0.09558452665805817 -0.029888296499848366
v 0.032355714589357376 0.0954633504152298 -0.025521202012896538
v 0.03991442546248436 0.06514453887939453 -0.0682901069521904
v 0.039815064519643784 0.06534693390130997 -0.0690416693687439
v 0.039691947400569916 0.06939451396465302 -0.06703066825866699
v 0.039691947400569916 0.06939451396465302 -0.06703066825866699
v 0.039815064519643784 0.06534693390130997 -0.0690416693687439
v 0.03958860784769058 0.06966783106327057 -0.06775928288698196
v 0.039691947400569916 0.06939451396465302 -0.06703066825866699
v 0.03958860784769058 0.06966783106327057 -0.06775928288698196
v 0.039396774023771286 0.07350322604179382 -0.06536097079515457
v 0.039396774023771286 0.07350322604179382 -0.06536097079515457
v 0.03958860784769058 0.06966783106327057 -0.06775928288698196
v 0.03928764909505844 0.07384848594665527 -0.06605727225542068
v 0.039396774023771286 0.07350322604179382 -0.06536097079515457
v 0.03928764909505844 0.07384848594665527 -0.06605727225542068
v 0.03902266547083855 0.07739697396755219 -0.06324432790279388
v 0.03902266547083855 0.07739697396755219 -0.06324432790279388
v 0.03928764909505844 0.07384848594665527 -0.06605727225542068
v 0.03890618309378624 0.07781295478343964 -0.06389923393726349
v 0.03902266547083855 0.07739697396755219 -0.06324432790279388
v 0.03890618309378624 0.07781295478343964 -0.06389923393726349
v 0.038567181676626205 0.08099579811096191 -0.0606667697429657
v 0.038567181676626205 0.08099579811096191 -0.0606667697429657
v 0.03890618309378624 0.07781295478343964 -0.06389923393726349
v 0.03844192251563072 0.08147876709699631 -0.06127189099788666
v 0.038567181676626205 0.08099579811096191 -0.0606667697429657
v 0.03844192251563072 0.08147876709699631 -0.06127189099788666
v 0.03803760185837746 0.08424151688814163 -0.057670895010232925
v 0.03803760185837746 0.08424151688814163 -0.057670895010232925
v 0.03844192251563072 0.08147876709699631 -0.06127189099788666
v 0.03790232911705971 0.08478463441133499 -0.05821998044848442
v 0.03803760185837746 0.08424151688814163 -0.057670895010232925
v 0.03790232911705971 0.08478463441133499 -0.05821998044848442
v 0.03744630888104439 0.08710867166519165 -0.054325759410858154
v 0.037300314754247665 0.08770371228456497 -0.05481482669711113
v 0.03744630888104439 0.08710867166519165 -0.054325759410858154
v 0.037300314754247665 0.08770371228456497 -0.05481482669711113
v 0.036804936826229095 0.08959224075078964 -0.050696905702352524
v 0.036804936826229095 0.08959224075078964 -0.050696905702352524
v 0.037300314754247665 0.08770371228456497 -0.05481482669711113
v 0.03664758801460266 0.09023177623748779 -0.05112208053469658
v 0.036804936826229095 0.08959224075078964 -0.050696905702352524
v 0.03664758801460266 0.09023177623748779 -0.05112208053469658
v 0.03612200543284416 0.09167666733264923 -0.046833012253046036
v 0.03612200543284416 0.09167666733264923 -0.046833012253046036
v 0.03664758801460266 0.09023177623748779 -0.05112208053469658
v 0.03595257177948952 0.09235348552465439 -0.04719032347202301
v 0.03612200543284416 0.09167666733264923 -0.046833012253046036
v 0.03595257177948952 0.09235348552465439 -0.04719032347202301
v 0.03540489450097084 0.09333838522434235 -0.04277504235506058
v 0.03540489450097084 0.09333838522434235 -0.04277504235506058
v 0.03595257177948952 0.09235348552465439 -0.04719032347202301
v 0.03522283583879471 0.09404528886079788 -0.04306093230843544
v 0.03540489450097084 0.09333838522434235 -0.04277504235506058
v 0.03522283583879471 0.09404528886079788 -0.04306093230843544
v 0.03466103971004486 0.09455233812332153 -0.03856544941663742
v 0.03466103971004486 0.09455233812332153 -0.03856544941663742
v 0.03522283583879471 0.09404528886079788 -0.04306093230843544
v 0.034465860575437546 0.095281682908535 -0.038776930421590805
v 0.03466103971004486 0.09455233812332153 -0.03856544941663742
v 0.034465860575437546 0.095281682908535 -0.038776930421590805
v 0.03389858081936836 0.09529849141836166 -0.03425180912017822
v 0.03389858081936836 0.09529849141836166 -0.03425180912017822
v 0.034465860575437546 0.095281682908535 -0.038776930421590805
v 0.033689796924591064 0.09604191035032272 -0.03438706696033478
v 0.03389858081936836 0.09529849141836166 -0.03425180912017822
v 0.033689796924591064 0.09604191035032272 -0.03438706696033478
v 0.033127348870038986 0.09558452665805817 -0.029888296499848366
v 0.033127348870038986 0.09558452665805817 -0.029888296499848366
v 0.033689796924591064 0.09604191035032272 -0.03438706696033478
v 0.032905224710702896 0.09633377194404602 -0.02994869463145733
v 0.033127348870038986 0.09558452665805817 -0.029888296499848366
v 0.032905224710702896 0.09633377194404602 -0.02994869463145733
v 0.032156720757484436 0.09612350910902023 -0.0255097858607769
v 0.032156720757484436 0.09612350910902023 -0.0255097858607769
v 0.032905224710702896 0.09633377194404602 -0.02994869463145733
v 0.032120976597070694 0.09621116518974304 -0.0255099106580019
v 0.039815064519643784 0.06534693390130997 -0.0690416693687439
v 0.039567090570926666 0.06554101407527924 -0.06975982338190079
v 0.03958860784769058 0.06966783106327057 -0.06775928288698196
v 0.03958860784769058 0.06966783106327057 -0.06775928288698196
v 0.039567090570926666 0.06554101407527924 -0.06975982338190079
v 0.039336901158094406 0.06992772966623306 -0.06845543533563614
v 0.03958860784769058 0.06966783106327057 -0.06775928288698196
v 0.039336901158094406 0.06992772966623306 -0.06845543533563614
v 0.03928764909505844 0.07384848594665527 -0.06605727225542068
v 0.03928764909505844 0.07384848594665527 -0.06605727225542068
v 0.039336901158094406 0.06992772966623306 -0.06845543533563614
v 0.03903067484498024 0.07417380064725876 -0.06672319024801254
v 0.03928764909505844 0.07384848594665527 -0.06605727225542068
v 0.03903067484498024 0.07417380064725876 -0.06672319024801254
v 0.03890618309378624 0.07781295478343964 -0.06389923393726349
v 0.03890618309378624 0.07781295478343964 -0.06389923393726349
v 0.03903067484498024 0.07417380064725876 -0.06672319024801254
v 0.03864261880517006 0.07820171862840652 -0.06452716886997223
v 0.03890618309378624 0.07781295478343964 -0.06389923393726349
v 0.03864261880517006 0.07820171862840652 -0.06452716886997223
v 0.03844192251563072 0.08147876709699631 -0.06127189099788666
v 0.03844192251563072 0.08147876709699631 -0.06127189099788666
v 0.03864261880517006 0.07820171862840652 -0.06452716886997223
v 0.03817056119441986 0.08192732185125351 -0.061854805797338486
v 0.03844192251563072 0.08147876709699631 -0.06127189099788666
v 0.03817056119441986 0.08192732185125351 -0.061854805797338486
v 0.03790232911705971 0.08478463441133499 -0.05821998044848442
v 0.03790232911705971 0.08478463441133499 -0.05821998044848442
v 0.03817056119441986 0.08192732185125351 -0.061854805797338486
v 0.03762209415435791 0.0852871686220169 -0.058752212673425674
v 0.03790232911705971 0.08478463441133499 -0.05821998044848442
v 0.03762209415435791 0.0852871686220169 -0.058752212673425674
v 0.037300314754247665 0.08770371228456497 -0.05481482669711113
v 0.037300314754247665 0.08770371228456497 -0.05481482669711113
v 0.03762209415435791 0.0852871686220169 -0.058752212673425674
v 0.03701050207018852 0.0882534459233284 -0.05529234930872917
v 0.037300314754247665 0.08770371228456497 -0.05481482669711113
v 0.03701050207018852 0.0882534459233284 -0.05529234930872917
v 0.03664758801460266 0.09023177623748779 -0.05112208053469658
v 0.03664758801460266 0.09023177623748779 -0.05112208053469658
v 0.03701050207018852 0.0882534459233284 -0.05529234930872917
v 0.03634754568338394 0.0908222645521164 -0.051541101187467575
v 0.03664758801460266 0.09023177623748779 -0.05112208053469658
v 0.03634754568338394 0.0908222645521164 -0.051541101187467575
v 0.03595257177948952 0.09235348552465439 -0.04719032347202301
v 0.03595257177948952 0.09235348552465439 -0.04719032347202301
v 0.03634754568338394 0.0908222645521164 -0.051541101187467575
v 0.0356416180729866 0.09297820925712585 -0.0475471131503582
v 0.03595257177948952 0.09235348552465439 -0.04719032347202301
v 0.0356416180729866 0.09297820925712585 -0.0475471131503582
v 0.03522283583879471 0.09404528886079788 -0.04306093230843544
v 0.03522283583879471 0.09404528886079788 -0.04306093230843544
v 0.0356416180729866 0.09297820925712585 -0.0475471131503582
v 0.03490044176578522 0.09469769150018692 -0.04335228353738785
v 0.03522283583879471 0.09404528886079788 -0.04306093230843544
v 0.03490044176578522 0.09469769150018692 -0.04335228353738785
v 0.034465860575437546 0.095281682908535 -0.038776930421590805
v 0.034465860575437546 0.095281682908535 -0.038776930421590805
v 0.03490044176578522 0.09469769150018692 -0.04335228353738785
v 0.03413156047463417 0.09595479816198349 -0.03900020197033882
v 0.034465860575437546 0.095281682908535 -0.038776930421590805
v 0.03413156047463417 0.09595479816198349 -0.03900020197033882
v 0.033689796924591064 0.09604191035032272 -0.03438706696033478
v 0.033689796924591064 0.09604191035032272 -0.03438706696033478
v 0.03413156047463417 0.09595479816198349 -0.03900020197033882
v 0.03334315866231918 0.09672807902097702 -0.03454052656888962
v 0.033689796924591064 0.09604191035032272 -0.03438706696033478
v 0.03334315866231918 0.09672807902097702 -0.03454052656888962
v 0.032905224710702896 0.09633377194404602 -0.02994869463145733
v 0.032905224710702896 0.09633377194404602 -0.02994869463145733
v 0.03334315866231918 0.09672807902097702 -0.03454052656888962
v 0.032546333968639374 0.09702546149492264 -0.030032876878976822
v 0.032905224710702896 0.09633377194404602 -0.02994869463145733
v 0.032546333968639374 0.09702546149492264 -0.030032876878976822
v 0.032120976597070694 0.09621116518974304 -0.0255099106580019
v 0.032120976597070694 0.09621116518974304 -0.0255099106580019
v 0.032546333968639374 0.09702546149492264 -0.030032876878976822
v 0.031700875610113144 0.0969739705324173 -0.025530321523547173
v 0.039567090570926666 0.06554101407527924 -0.06975982338190079
v 0.039177797734737396 0.0657196193933487 -0.07041805982589722
v 0.039336901158094406 0.06992772966623306 -0.06845543533563614
v 0.039336901158094406 0.06992772966623306 -0.06845543533563614
v 0.039177797734737396 0.0657196193933487 -0.07041805982589722
v 0.03894421085715294 0.07016455382108688 -0.06909333169460297
v 0.039336901158094406 0.06992772966623306 -0.06845543533563614
v 0.03894421085715294 0.07016455382108688 -0.06909333169460297
v 0.03903067484498024 0.07417380064725876 -0.06672319024801254
v 0.03903067484498024 0.07417380064725876 -0.06672319024801254
v 0.03894421085715294 0.07016455382108688 -0.06909333169460297
v 0.03863339126110077 0.07446697354316711 -0.06733392924070358
v 0.03903067484498024 0.07417380064725876 -0.06672319024801254
v 0.03863339126110077 0.07446697354316711 -0.06733392924070358
v 0.03864261880517006 0.07820171862840652 -0.06452716886997223
v 0.03864261880517006 0.07820171862840652 -0.06452716886997223
v 0.03863339126110077 0.07446697354316711 -0.06733392924070358
v 0.03823969513177872 0.07854858785867691 -0.06510467082262039
v 0.03864261880517006 0.07820171862840652 -0.06452716886997223
v 0.03823969513177872 0.07854858785867691 -0.06510467082262039
v 0.03817056119441986 0.08192732185125351 -0.061854805797338486
v 0.03817056119441986 0.08192732185125351 -0.061854805797338486
v 0.03823969513177872 0.07854858785867691 -0.06510467082262039
v 0.03776106983423233 0.08232437074184418 -0.062393639236688614
v 0.03817056119441986 0.08192732185125351 -0.061854805797338486
v 0.03776106983423233 0.08232437074184418 -0.062393639236688614
v 0.03762209415435791 0.0852871686220169 -0.058752212673425674
v 0.03762209415435791 0.0852871686220169 -0.058752212673425674
v 0.03776106983423233 0.08232437074184418 -0.062393639236688614
v 0.03720516711473465 0.08572982251644135 -0.05924755707383156
v 0.03762209415435791 0.0852871686220169 -0.058752212673425674
v 0.03720516711473465 0.08572982251644135 -0.05924755707383156
v 0.03701050207018852 0.0882534459233284 -0.05529234930872917
v 0.03701050207018852 0.0882534459233284 -0.05529234930872917
v 0.03720516711473465 0.08572982251644135 -0.05924755707383156
v 0.03658544272184372 0.0887366235256195 -0.05574030801653862
v 0.03701050207018852 0.0882534459233284 -0.05529234930872917
v 0.03658544272184372 0.0887366235256195 -0.05574030801653862
v 0.03634754568338394 0.0908222645521164 -0.051541101187467575
v 0.03634754568338394 0.0908222645521164 -0.051541101187467575
v 0.03658544272184372 0.0887366235256195 -0.05574030801653862
v 0.03591373190283775 0.09134071320295334 -0.05193812772631645
v 0.03634754568338394 0.0908222645521164 -0.051541101187467575
v 0.03591373190283775 0.09134071320295334 -0.05193812772631645
v 0.0356416180729866 0.09297820925712585 -0.0475471131503582
v 0.0356416180729866 0.09297820925712585 -0.0475471131503582
v 0.03591373190283775 0.09134071320295334 -0.05193812772631645
v 0.03519845008850098 0.09352636337280273 -0.04788992553949356
v 0.0356416180729866 0.09297820925712585 -0.0475471131503582
v 0.03519845008850098 0.09352636337280273 -0.04788992553949356
v 0.03490044176578522 0.09469769150018692 -0.04335228353738785
v 0.03490044176578522 0.09469769150018692 -0.04335228353738785
v 0.03519845008850098 0.09352636337280273 -0.04788992553949356
v 0.034447431564331055 0.09526990354061127 -0.04363816976547241
v 0.03490044176578522 0.09469769150018692 -0.04335228353738785
v 0.034447431564331055 0.09526990354061127 -0.04363816976547241
v 0.03413156047463417 0.09595479816198349 -0.03900020197033882
v 0.03413156047463417 0.09595479816198349 -0.03900020197033882
v 0.034447431564331055 0.09526990354061127 -0.04363816976547241
v 0.03366830199956894 0.09654505550861359 -0.03922699764370918
v 0.03413156047463417 0.09595479816198349 -0.03900020197033882
v 0.03366830199956894 0.09654505550861359 -0.03922699764370918
v 0.03334315866231918 0.09672807902097702 -0.03454052656888962
v 0.03334315866231918 0.09672807902097702 -0.03454052656888962
v 0.03366830199956894 0.09654505550861359 -0.03922699764370918
v 0.03286929801106453 0.0973297506570816 -0.034706685692071915
v 0.03334315866231918 0.09672807902097702 -0.03454052656888962
v 0.03286929801106453 0.0973297506570816 -0.034706685692071915
v 0.032546333968639374 0.09702546149492264 -0.030032876878976822
v 0.032546333968639374 0.09702546149492264 -0.030032876878976822
v 0.03286929801106453 0.0973297506570816 -0.034706685692071915
v 0.03206176683306694 0.09763210266828537 -0.03013807348906994
v 0.032546333968639374 0.09702546149492264 -0.030032876878976822
v 0.03206176683306694 0.09763210266828537 -0.03013807348906994
v 0.031700875610113144 0.0969739705324173 -0.025530321523547173
v 0.031700875610113144 0.0969739705324173 -0.025530321523547173
v 0.03206176683306694 0.09763210266828537 -0.03013807348906994
v 0.031270578503608704 0.097491554915905 -0.025569835677742958
v 0.039177797734737396 0.0657196193933487 -0.07041805982589722
v 0.038664139807224274 0.06587526202201843 -0.07098884880542755
v 0.03894421085715294 0.07016455382108688 -0.06909333169460297
v 0.03894421085715294 0.07016455382108688 -0.06909333169460297
v 0.038664139807224274 0.06587526202201843 -0.07098884880542755
v 0.038427237421274185 0.07036836445331573 -0.06964626908302307
v 0.03894421085715294 0.07016455382108688 -0.06909333169460297
v 0.038427237421274185 0.07036836445331573 -0.06964626908302307
v 0.03863339126110077 0.07446697354316711 -0.06733392924070358
v 0.03863339126110077 0.07446697354316711 -0.06733392924070358
v 0.038427237421274185 0.07036836445331573 -0.06964626908302307
v 0.03811220824718475 0.07471568882465363 -0.06786390393972397
v 0.03863339126110077 0.07446697354316711 -0.06733392924070358
v 0.03811220824718475 0.07471568882465363 -0.06786390393972397
v 0.03823969513177872 0.07854858785867691 -0.06510467082262039
v 0.03823969513177872 0.07854858785867691 -0.06510467082262039
v 0.03811220824718475 0.07471568882465363 -0.06786390393972397
v 0.03771353140473366 0.07883891463279724 -0.06560751795768738
v 0.03823969513177872 0.07854858785867691 -0.06510467082262039
v 0.03771353140473366 0.07883891463279724 -0.06560751795768738
v 0.03776106983423233 0.08232437074184418 -0.062393639236688614
v 0.03776106983423233 0.08232437074184418 -0.062393639236688614
v 0.03771353140473366 0.07883891463279724 -0.06560751795768738
v 0.03722928464412689 0.08265308290719986 -0.06286581605672836
v 0.03776106983423233 0.08232437074184418 -0.062393639236688614
v 0.03722928464412689 0.08265308290719986 -0.06286581605672836
v 0.03720516711473465 0.08572982251644135 -0.05924755707383156
v 0.03720516711473465 0.08572982251644135 -0.05924755707383156
v 0.03722928464412689 0.08265308290719986 -0.06286581605672836
v 0.0366671048104763 0.0860937312245369 -0.059685301035642624
v 0.03720516711473465 0.08572982251644135 -0.05924755707383156
v 0.0366671048104763 0.0860937312245369 -0.059685301035642624
v 0.03658544272184372 0.0887366235256195 -0.05574030801653862
v 0.03658544272184372 0.0887366235256195 -0.05574030801653862
v 0.0366671048104763 0.0860937312245369 -0.059685301035642624
v 0.03604047745466232 0.08913252502679825 -0.05614003911614418
v 0.03658544272184372 0.0887366235256195 -0.05574030801653862
v 0.03604047745466232 0.08913252502679825 -0.05614003911614418
v 0.03591373190283775 0.09134071320295334 -0.05193812772631645
v 0.03591373190283775 0.09134071320295334 -0.05193812772631645
v 0.03604047745466232 0.08913252502679825 -0.05614003911614418
v 0.035361308604478836 0.09176480770111084 -0.052296727895736694
v 0.03591373190283775 0.09134071320295334 -0.05193812772631645
v 0.035361308604478836 0.09176480770111084 -0.052296727895736694
v 0.03519845008850098 0.09352636337280273 -0.04788992553949356
v 0.03519845008850098 0.09352636337280273 -0.04788992553949356
v 0.035361308604478836 0.09176480770111084 -0.052296727895736694
v 0.03463811054825783 0.09397425502538681 -0.048204682767391205
v 0.03519845008850098 0.09352636337280273 -0.04788992553949356
v 0.03463811054825783 0.09397425502538681 -0.048204682767391205
v 0.034447431564331055 0.09526990354061127 -0.04363816976547241
v 0.034447431564331055 0.09526990354061127 -0.04363816976547241
v 0.03463811054825783 0.09397425502538681 -0.048204682767391205
v 0.033878810703754425 0.09573709219694138 -0.043907031416893005
v 0.034447431564331055 0.09526990354061127 -0.04363816976547241
v 0.033878810703754425 0.09573709219694138 -0.043907031416893005
v 0.03366830199956894 0.09654505550861359 -0.03922699764370918
v 0.03366830199956894 0.09654505550861359 -0.03922699764370918
v 0.033878810703754425 0.09573709219694138 -0.043907031416893005
v 0.033091139048337936 0.09702674299478531 -0.039448387920856476
v 0.03366830199956894 0.09654505550861359 -0.03922699764370918
v 0.033091139048337936 0.09702674299478531 -0.039448387920856476
v 0.03286929801106453 0.0973297506570816 -0.034706685692071915
v 0.03286929801106453 0.0973297506570816 -0.034706685692071915
v 0.033091139048337936 0.09702674299478531 -0.039448387920856476
v 0.03228343650698662 0.09782065451145172 -0.034879304468631744
v 0.03286929801106453 0.0973297506570816 -0.034706685692071915
v 0.03228343650698662 0.09782065451145172 -0.034879304468631744
v 0.03206176683306694 0.09763210266828537 -0.03013807348906994
v 0.03206176683306694 0.09763210266828537 -0.03013807348906994
v 0.03228343650698662 0.09782065451145172 -0.034879304468631744
v 0.031467027962207794 0.09812716394662857 -0.030260736122727394
v 0.03206176683306694 0.09763210266828537 -0.03013807348906994
v 0.031467027962207794 0.09812716394662857 -0.030260736122727394
v 0.031270578503608704 0.097491554915905 -0.025569835677742958
v 0.031270578503608704 0.097491554915905 -0.025569835677742958
v 0.031467027962207794 0.09812716394662857 -0.030260736122727394
v 0.03028065897524357 0.09822075814008713 -0.025693312287330627
v 0.038664139807224274 0.06587526202201843 -0.07098884880542755
v 0.03804329037666321 0.0660027340054512 -0.0714530274271965
v 0.038427237421274185 0.07036836445331573 -0.06964626908302307
v 0.038427237421274185 0.07036836445331573 -0.06964626908302307
v 0.03804329037666321 0.0660027340054512 -0.0714530274271965
v 0.037803713232278824 0.07053235173225403 -0.07009568065404892
v 0.038427237421274185 0.07036836445331573 -0.06964626908302307
v 0.037803713232278824 0.07053235173225403 -0.07009568065404892
v 0.03811220824718475 0.07471568882465363 -0.06786390393972397
v 0.03811220824718475 0.07471568882465363 -0.06786390393972397
v 0.037803713232278824 0.07053235173225403 -0.07009568065404892
v 0.0374855175614357 0.07491163909435272 -0.06829529255628586
v 0.03811220824718475 0.07471568882465363 -0.06786390393972397
v 0.0374855175614357 0.07491163909435272 -0.06829529255628586
v 0.03771353140473366 0.07883891463279724 -0.06560751795768738
v 0.03771353140473366 0.07883891463279724 -0.06560751795768738
v 0.0374855175614357 0.07491163909435272 -0.06829529255628586
v 0.03708328306674957 0.0790630578994751 -0.06601876765489578
v 0.03771353140473366 0.07883891463279724 -0.06560751795768738
v 0.03708328306674957 0.0790630578994751 -0.06601876765489578
v 0.03722928464412689 0.08265308290719986 -0.06286581605672836
v 0.03722928464412689 0.08265308290719986 -0.06286581605672836
v 0.03708328306674957 0.0790630578994751 -0.06601876765489578
v 0.03659515455365181 0.08290260285139084 -0.06325535476207733
v 0.03722928464412689 0.08265308290719986 -0.06286581605672836
v 0.03659515455365181 0.08290260285139084 -0.06325535476207733
v 0.0366671048104763 0.0860937312245369 -0.059685301035642624
v 0.0366671048104763 0.0860937312245369 -0.059685301035642624
v 0.03659515455365181 0.08290260285139084 -0.06325535476207733
v 0.03602872043848038 0.08636695146560669 -0.06005052849650383
v 0.0366671048104763 0.0860937312245369 -0.059685301035642624
v 0.03602872043848038 0.08636695146560669 -0.06005052849650383
v 0.03604047745466232 0.08913252502679825 -0.05614003911614418
v 0.03604047745466232 0.08913252502679825 -0.05614003911614418
v 0.03602872043848038 0.08636695146560669 -0.06005052849650383
v 0.035397276282310486 0.08942824602127075 -0.056477807462215424
v 0.03604047745466232 0.08913252502679825 -0.05614003911614418
v 0.035397276282310486 0.08942824602127075 -0.056477807462215424
v 0.035361308604478836 0.09176480770111084 -0.052296727895736694
v 0.035361308604478836 0.09176480770111084 -0.052296727895736694
v 0.035397276282310486 0.08942824602127075 -0.056477807462215424
v 0.03471280634403229 0.09208078682422638 -0.05260442569851875
v 0.035361308604478836 0.09176480770111084 -0.052296727895736694
v 0.03471280634403229 0.09208078682422638 -0.05260442569851875
v 0.03463811054825783 0.09397425502538681 -0.048204682767391205
v 0.03463811054825783 0.09397425502538681 -0.048204682767391205
v 0.03471280634403229 0.09208078682422638 -0.05260442569851875
v 0.03398395702242851 0.09430740028619766 -0.04848026856780052
v 0.03463811054825783 0.09397425502538681 -0.048204682767391205
v 0.03398395702242851 0.09430740028619766 -0.04848026856780052
v 0.033878810703754425 0.09573709219694138 -0.043907031416893005
v 0.033878810703754425 0.09573709219694138 -0.043907031416893005
v 0.03398395702242851 0.09430740028619766 -0.04848026856780052
v 0.03321872279047966 0.09608422964811325 -0.04414915293455124
v 0.033878810703754425 0.09573709219694138 -0.043907031416893005
v 0.03321872279047966 0.09608422964811325 -0.04414915293455124
v 0.033091139048337936 0.09702674299478531 -0.039448387920856476
v 0.033091139048337936 0.09702674299478531 -0.039448387920856476
v 0.03321872279047966 0.09608422964811325 -0.04414915293455124
v 0.0324249304831028 0.09738443046808243 -0.039656102657318115
v 0.033091139048337936 0.09702674299478531 -0.039448387920856476
v 0.0324249304831028 0.09738443046808243 -0.039656102657318115
v 0.03228343650698662 0.09782065451145172 -0.034879304468631744
v 0.03228343650698662 0.09782065451145172 -0.034879304468631744
v 0.0324249304831028 0.09738443046808243 -0.039656102657318115
v 0.031611040234565735 0.09818511456251144 -0.0350516140460968
v 0.03228343650698662 0.09782065451145172 -0.034879304468631744
v 0.031611040234565735 0.09818511456251144 -0.0350516140460968
v 0.031467027962207794 0.09812716394662857 -0.030260736122727394
v 0.031467027962207794 0.09812716394662857 -0.030260736122727394
v 0.031611040234565735 0.09818511456251144 -0.0350516140460968
v 0.030788080766797066 0.09849484264850616 -0.030395658686757088
v 0.031467027962207794 0.09812716394662857 -0.030260736122727394
v 0.030788080766797066 0.09849484264850616 -0.030395658686757088
v 0.03028065897524357 0.09822075814008713 -0.025693312287330627
v 0.03028065897524357 0.09822075814008713 -0.025693312287330627
v 0.030788080766797066 0.09849484264850616 -0.030395658686757088
v 0.029917800799012184 0.09838807582855225 -0.02574562467634678
v 0.04023011773824692 0.05199999734759331 -0.06982538104057312
v 0.04023321345448494 0.05199999734759331 -0.07008928805589676
v 0.04017987474799156 0.05641420558094978 -0.06978597491979599
v 0.04017987474799156 0.05641420558094978 -0.06978597491979599
v 0.04023321345448494 0.05199999734759331 -0.07008928805589676
v 0.040139295160770416 0.05199999734759331 -0.07086814194917679
v 0.04017987474799156 0.05641420558094978 -0.06978597491979599
v 0.040139295160770416 0.05199999734759331 -0.07086814194917679
v 0.04008578509092331 0.056477826088666916 -0.07056277245283127
v 0.04008578509092331 0.056477826088666916 -0.07056277245283127
v 0.040139295160770416 0.05199999734759331 -0.07086814194917679
v 0.03989635035395622 0.05199999734759331 -0.07161348313093185
v 0.04008578509092331 0.056477826088666916 -0.07056277245283127
v 0.03989635035395622 0.05199999734759331 -0.07161348313093185
v 0.03984260559082031 0.056540485471487045 -0.07130599766969681
v 0.03984260559082031 0.056540485471487045 -0.07130599766969681
v 0.03989635035395622 0.05199999734759331 -0.07161348313093185
v 0.039862409234046936 0.05199999734759331 -0.07168857008218765
v 0.03984260559082031 0.056540485471487045 -0.07130599766969681
v 0.039862409234046936 0.05199999734759331 -0.07168857008218765
v 0.03945751488208771 0.056599896401166916 -0.07198839634656906
v 0.03945751488208771 0.056599896401166916 -0.07198839634656906
v 0.039862409234046936 0.05199999734759331 -0.07168857008218765
v 0.03962329030036926 0.05199999734759331 -0.07212904095649719
v 0.03945751488208771 0.056599896401166916 -0.07198839634656906
v 0.03962329030036926 0.05199999734759331 -0.07212904095649719
v 0.03894779831171036 0.05665357783436775 -0.07258140295743942
v 0.03894779831171036 0.05665357783436775 -0.07258140295743942
v 0.03962329030036926 0.05199999734759331 -0.07212904095649719
v 0.03866779804229736 0.05199999734759331 -0.07318013906478882
v 0.03894779831171036 0.05665357783436775 -0.07258140295743942
v 0.03866779804229736 0.05199999734759331 -0.07318013906478882
v 0.038329944014549255 0.0566997192800045 -0.07306517660617828
v 0.038329944014549255 0.0566997192800045 -0.07306517660617828
v 0.03866779804229736 0.05199999734759331 -0.07318013906478882
v 0.03798199072480202 0.05199999734759331 -0.07360421121120453
v 0.038329944014549255 0.0566997192800045 -0.07306517660617828
v 0.03798199072480202 0.05199999734759331 -0.07360421121120453
v 0.03763080760836601 0.05673627182841301 -0.07341799139976501
v 0.03763080760836601 0.05673627182841301 -0.07341799139976501
v 0.03798199072480202 0.05199999734759331 -0.07360421121120453
v 0.03693072125315666 0.05199999734759331 -0.07394421100616455
v 0.03763080760836601 0.05673627182841301 -0.07341799139976501
v 0.03693072125315666 0.05199999734759331 -0.07394421100616455
v 0.03687259554862976 0.05688751861453056 -0.07361529767513275
v 0.03804329037666321 0.0660027340054512 -0.0714530274271965
v 0.03734210878610611 0.06609644740819931 -0.07179021090269089
v 0.037803713232278824 0.07053235173225403 -0.07009568065404892
v 0.037803713232278824 0.07053235173225403 -0.07009568065404892
v 0.03734210878610611 0.06609644740819931 -0.07179021090269089
v 0.03710049390792847 0.07064943015575409 -0.07042215019464493
v 0.037803713232278824 0.07053235173225403 -0.07009568065404892
v 0.03710049390792847 0.07064943015575409 -0.07042215019464493
v 0.0374855175614357 0.07491163909435272 -0.06829529255628586
v 0.0374855175614357 0.07491163909435272 -0.06829529255628586
v 0.03710049390792847 0.07064943015575409 -0.07042215019464493
v 0.03678017854690552 0.07504656910896301 -0.06860984116792679
v 0.0374855175614357 0.07491163909435272 -0.06829529255628586
v 0.03678017854690552 0.07504656910896301 -0.06860984116792679
v 0.03708328306674957 0.0790630578994751 -0.06601876765489578
v 0.03708328306674957 0.0790630578994751 -0.06601876765489578
v 0.03678017854690552 0.07504656910896301 -0.06860984116792679
v 0.036375779658555984 0.07921183109283447 -0.06632142513990402
v 0.03708328306674957 0.0790630578994751 -0.06601876765489578
v 0.036375779658555984 0.07921183109283447 -0.06632142513990402
v 0.03659515455365181 0.08290260285139084 -0.06325535476207733
v 0.03659515455365181 0.08290260285139084 -0.06325535476207733
v 0.036375779658555984 0.07921183109283447 -0.06632142513990402
v 0.03588550537824631 0.0830630287528038 -0.0635465532541275
v 0.03659515455365181 0.08290260285139084 -0.06325535476207733
v 0.03588550537824631 0.0830630287528038 -0.0635465532541275
v 0.03602872043848038 0.08636695146560669 -0.06005052849650383
v 0.03602872043848038 0.08636695146560669 -0.06005052849650383
v 0.03588550537824631 0.0830630287528038 -0.0635465532541275
v 0.03531680256128311 0.08653901517391205 -0.06032886728644371
v 0.03602872043848038 0.08636695146560669 -0.06005052849650383
v 0.03531680256128311 0.08653901517391205 -0.06032886728644371
v 0.035397276282310486 0.08942824602127075 -0.056477807462215424
v 0.035397276282310486 0.08942824602127075 -0.056477807462215424
v 0.03531680256128311 0.08653901517391205 -0.06032886728644371
v 0.03468262031674385 0.08961287140846252 -0.056740619242191315
v 0.035397276282310486 0.08942824602127075 -0.056477807462215424
v 0.03468262031674385 0.08961287140846252 -0.056740619242191315
v 0.03471280634403229 0.09208078682422638 -0.05260442569851875
v 0.03471280634403229 0.09208078682422638 -0.05260442569851875
v 0.03468262031674385 0.08961287140846252 -0.056740619242191315
v 0.033994998782873154 0.0922774001955986 -0.05284962058067322
v 0.03471280634403229 0.09208078682422638 -0.05260442569851875
v 0.033994998782873154 0.0922774001955986 -0.05284962058067322
v 0.03398395702242851 0.09430740028619766 -0.04848026856780052
v 0.03398395702242851 0.09430740028619766 -0.04848026856780052
v 0.033994998782873154 0.0922774001955986 -0.05284962058067322
v 0.03326278179883957 0.0945143774151802 -0.04870644584298134
v 0.03398395702242851 0.09430740028619766 -0.04848026856780052
v 0.03326278179883957 0.0945143774151802 -0.04870644584298134
v 0.03321872279047966 0.09608422964811325 -0.04414915293455124
v 0.03321872279047966 0.09608422964811325 -0.04414915293455124
v 0.03326278179883957 0.0945143774151802 -0.04870644584298134
v 0.03249398246407509 0.09629977494478226 -0.044355615973472595
v 0.03321872279047966 0.09608422964811325 -0.04414915293455124
v 0.03249398246407509 0.09629977494478226 -0.044355615973472595
v 0.0324249304831028 0.09738443046808243 -0.039656102657318115
v 0.0324249304831028 0.09738443046808243 -0.039656102657318115
v 0.03249398246407509 0.09629977494478226 -0.044355615973472595
v 0.031696535646915436 0.09760656952857971 -0.039842456579208374
v 0.0324249304831028 0.09738443046808243 -0.039656102657318115
v 0.031696535646915436 0.09760656952857971 -0.039842456579208374
v 0.031611040234565735 0.09818511456251144 -0.0350516140460968
v 0.031611040234565735 0.09818511456251144 -0.0350516140460968
v 0.031696535646915436 0.09760656952857971 -0.039842456579208374
v 0.030879033729434013 0.09841161966323853 -0.035217102617025375
v 0.031611040234565735 0.09818511456251144 -0.0350516140460968
v 0.030879033729434013 0.09841161966323853 -0.035217102617025375
v 0.030788080766797066 0.09849484264850616 -0.030395658686757088
v 0.030788080766797066 0.09849484264850616 -0.030395658686757088
v 0.030879033729434013 0.09841161966323853 -0.035217102617025375
v 0.030051982030272484 0.09872370213270187 -0.03053755685687065
v 0.030788080766797066 0.09849484264850616 -0.030395658686757088
v 0.030051982030272484 0.09872370213270187 -0.03053755685687065
v 0.029917800799012184 0.09838807582855225 -0.02574562467634678
v 0.039714567363262177 0.06786128878593445 -0.06671129167079926
v 0.04007560759782791 0.06080782786011696 -0.06920147687196732
v 0.03991442546248436 0.06514453887939453 -0.0682901069521904
v 0.03991442546248436 0.06514453887939453 -0.0682901069521904
v 0.04007560759782791 0.06080782786011696 -0.06920147687196732
v 0.03997903689742088 0.060941342264413834 -0.06996829807758331
v 0.03991442546248436 0.06514453887939453 -0.0682901069521904
v 0.03997903689742088 0.060941342264413834 -0.06996829807758331
v 0.039815064519643784 0.06534693390130997 -0.0690416693687439
v 0.039815064519643784 0.06534693390130997 -0.0690416693687439
v 0.03997903689742088 0.060941342264413834 -0.06996829807758331
v 0.03973368927836418 0.06107020750641823 -0.07070145756006241
v 0.039815064519643784 0.06534693390130997 -0.0690416693687439
v 0.03973368927836418 0.06107020750641823 -0.07070145756006241
v 0.039567090570926666 0.06554101407527924 -0.06975982338190079
v 0.039567090570926666 0.06554101407527924 -0.06975982338190079
v 0.03973368927836418 0.06107020750641823 -0.07070145756006241
v 0.03934679925441742 0.061189692467451096 -0.07137401401996613
v 0.039567090570926666 0.06554101407527924 -0.06975982338190079
v 0.03934679925441742 0.061189692467451096 -0.07137401401996613
v 0.039177797734737396 0.0657196193933487 -0.07041805982589722
v 0.039177797734737396 0.0657196193933487 -0.07041805982589722
v 0.03934679925441742 0.061189692467451096 -0.07137401401996613
v 0.03883553296327591 0.0612947903573513 -0.07195781171321869
v 0.039177797734737396 0.0657196193933487 -0.07041805982589722
v 0.03883553296327591 0.0612947903573513 -0.07195781171321869
v 0.038664139807224274 0.06587526202201843 -0.07098884880542755
v 0.038664139807224274 0.06587526202201843 -0.07098884880542755
v 0.03883553296327591 0.0612947903573513 -0.07195781171321869
v 0.03821664676070213 0.0613819845020771 -0.07243330031633377
v 0.038664139807224274 0.06587526202201843 -0.07098884880542755
v 0.03821664676070213 0.0613819845020771 -0.07243330031633377
v 0.03804329037666321 0.0660027340054512 -0.0714530274271965
v 0.03804329037666321 0.0660027340054512 -0.0714530274271965
v 0.03821664676070213 0.0613819845020771 -0.07243330031633377
v 0.037516988813877106 0.06144740805029869 -0.07277930527925491
v 0.03804329037666321 0.0660027340054512 -0.0714530274271965
v 0.037516988813877106 0.06144740805029869 -0.07277930527925491
v 0.03734210878610611 0.06609644740819931 -0.07179021090269089
v 0.03734210878610611 0.06609644740819931 -0.07179021090269089
v 0.037516988813877106 0.06144740805029869 -0.07277930527925491
v 0.03665682673454285 0.06444999575614929 -0.0723942369222641
v 0.03734210878610611 0.06609644740819931 -0.07179021090269089
v 0.03665682673454285 0.06444999575614929 -0.0723942369222641
v 0.03710049390792847 0.07064943015575409 -0.07042215019464493
v 0.03710049390792847 0.07064943015575409 -0.07042215019464493
v 0.03665682673454285 0.06444999575614929 -0.0723942369222641
v 0.03630777448415756 0.07125335931777954 -0.07041895389556885
v 0.03710049390792847 0.07064943015575409 -0.07042215019464493
v 0.03630777448415756 0.07125335931777954 -0.07041895389556885
v 0.03678017854690552 0.07504656910896301 -0.06860984116792679
v 0.03678017854690552 0.07504656910896301 -0.06860984116792679
v 0.03630777448415756 0.07125335931777954 -0.07041895389556885
v 0.03582806885242462 0.0772421807050705 -0.06770430505275726
v 0.03678017854690552 0.07504656910896301 -0.06860984116792679
v 0.03582806885242462 0.0772421807050705 -0.06770430505275726
v 0.036375779658555984 0.07921183109283447 -0.06632142513990402
v 0.036375779658555984 0.07921183109283447 -0.06632142513990402
v 0.03582806885242462 0.0772421807050705 -0.06770430505275726
v 0.03561576455831528 0.07927864789962769 -0.06650286167860031
v 0.036375779658555984 0.07921183109283447 -0.06632142513990402
v 0.03561576455831528 0.07927864789962769 -0.06650286167860031
v 0.03588550537824631 0.0830630287528038 -0.0635465532541275
v 0.03588550537824631 0.0830630287528038 -0.0635465532541275
v 0.03561576455831528 0.07927864789962769 -0.06650286167860031
v 0.03516419976949692 0.08285841345787048 -0.06394746899604797
v 0.03588550537824631 0.0830630287528038 -0.0635465532541275
v 0.03516419976949692 0.08285841345787048 -0.06394746899604797
v 0.03531680256128311 0.08653901517391205 -0.06032886728644371
v 0.03531680256128311 0.08653901517391205 -0.06032886728644371
v 0.03516419976949692 0.08285841345787048 -0.06394746899604797
v 0.03434288129210472 0.08771637827157974 -0.059299618005752563
v 0.03531680256128311 0.08653901517391205 -0.06032886728644371
v 0.03434288129210472 0.08771637827157974 -0.059299618005752563
v 0.03468262031674385 0.08961287140846252 -0.056740619242191315
v 0.03468262031674385 0.08961287140846252 -0.056740619242191315
v 0.03434288129210472 0.08771637827157974 -0.059299618005752563
v 0.03392203524708748 0.08967843651771545 -0.056918032467365265
v 0.03468262031674385 0.08961287140846252 -0.056740619242191315
v 0.03392203524708748 0.08967843651771545 -0.056918032467365265
v 0.033994998782873154 0.0922774001955986 -0.05284962058067322
v 0.033994998782873154 0.0922774001955986 -0.05284962058067322
v 0.03392203524708748 0.08967843651771545 -0.056918032467365265
v 0.033313337713479996 0.09206749498844147 -0.053473420441150665
v 0.033994998782873154 0.0922774001955986 -0.05284962058067322
v 0.033313337713479996 0.09206749498844147 -0.053473420441150665
v 0.03326278179883957 0.0945143774151802 -0.04870644584298134
v 0.03326278179883957 0.0945143774151802 -0.04870644584298134
v 0.033313337713479996 0.09206749498844147 -0.053473420441150665
v 0.032199323177337646 0.09535001218318939 -0.047169193625450134
v 0.03326278179883957 0.0945143774151802 -0.04870644584298134
v 0.032199323177337646 0.09535001218318939 -0.047169193625450134
v 0.03249398246407509 0.09629977494478226 -0.044355615973472595
v 0.03249398246407509 0.09629977494478226 -0.044355615973472595
v 0.032199323177337646 0.09535001218318939 -0.047169193625450134
v 0.031730834394693375 0.09637328237295151 -0.04451799765229225
v 0.03249398246407509 0.09629977494478226 -0.044355615973472595
v 0.031730834394693375 0.09637328237295151 -0.04451799765229225
v 0.031696535646915436 0.09760656952857971 -0.039842456579208374
v 0.031696535646915436 0.09760656952857971 -0.039842456579208374
v 0.031730834394693375 0.09637328237295151 -0.04451799765229225
v 0.031013576313853264 0.0975736677646637 -0.040459033101797104
v 0.031696535646915436 0.09760656952857971 -0.039842456579208374
v 0.031013576313853264 0.0975736677646637 -0.040459033101797104
v 0.030879033729434013 0.09841161966323853 -0.035217102617025375
v 0.030879033729434013 0.09841161966323853 -0.035217102617025375
v 0.031013576313853264 0.0975736677646637 -0.040459033101797104
v 0.029839130118489265 0.09864552319049835 -0.033812835812568665
v 0.030879033729434013 0.09841161966323853 -0.035217102617025375
v 0.029839130118489265 0.09864552319049835 -0.033812835812568665
v 0.030051982030272484 0.09872370213270187 -0.03053755685687065
v 0.030051982030272484 0.09872370213270187 -0.03053755685687065
v 0.029839130118489265 0.09864552319049835 -0.033812835812568665
v 0.028455644845962524 0.09867608547210693 -0.025983676314353943
v 0.030051982030272484 0.09872370213270187 -0.03053755685687065
v 0.028455644845962524 0.09867608547210693 -0.025983676314353943
v 0.029917800799012184 0.09838807582855225 -0.02574562467634678
v 0.02214459702372551 0.05199999734759331 0.026108326390385628
v 0.023217855021357536 0.05199999734759331 0.024939890950918198
v 0.023521587252616882 0.05713672563433647 0.023244207724928856
v 0.020706962794065475 0.05199999734759331 0.026776941493153572
v 0.02157839946448803 0.05199999734759331 0.026457032188773155
v 0.02099844254553318 0.05741480365395546 0.025074325501918793
v 0.02099844254553318 0.05741480365395546 0.025074325501918793
v 0.02157839946448803 0.05199999734759331 0.026457032188773155
v 0.02244442142546177 0.057311881333589554 0.02440880611538887
v 0.02099844254553318 0.05741480365395546 0.025074325501918793
v 0.02244442142546177 0.057311881333589554 0.02440880611538887
v 0.021363448351621628 0.06260894238948822 0.022837596014142036
v 0.021363448351621628 0.06260894238948822 0.022837596014142036
v 0.02244442142546177 0.057311881333589554 0.02440880611538887
v 0.02282174676656723 0.06240328028798103 0.022202083840966225
v 0.020303992554545403 0.0684593915939331 0.020146610215306282
v 0.019821492955088615 0.06264930218458176 0.02287708967924118
v 0.021363448351621628 0.06260894238948822 0.022837596014142036
v 0.021363448351621628 0.06260894238948822 0.022837596014142036
v 0.019821492955088615 0.06264930218458176 0.02287708967924118
v 0.019420910626649857 0.05738085135817528 0.025143973529338837
v 0.021363448351621628 0.06260894238948822 0.022837596014142036
v 0.019420910626649857 0.05738085135817528 0.025143973529338837
v 0.02099844254553318 0.05741480365395546 0.025074325501918793
v 0.02099844254553318 0.05741480365395546 0.025074325501918793
v 0.019420910626649857 0.05738085135817528 0.025143973529338837
v 0.0191238671541214 0.05199999734759331 0.02682494930922985
v 0.02099844254553318 0.05741480365395546 0.025074325501918793
v 0.0191238671541214 0.05199999734759331 0.02682494930922985
v 0.020706962794065475 0.05199999734759331 0.026776941493153572
v 0.025244908407330513 0.07102090865373611 0.015172665938735008
v 0.02390717715024948 0.06206672266125679 0.021069254726171494
v 0.02444864809513092 0.06166667863726616 0.01967870071530342
v 0.02444864809513092 0.06166667863726616 0.01967870071530342
v 0.02390717715024948 0.06206672266125679 0.021069254726171494
v 0.023521587252616882 0.05713672563433647 0.023244207724928856
v 0.02444864809513092 0.06166667863726616 0.01967870071530342
v 0.023521587252616882 0.05713672563433647 0.023244207724928856
v 0.02407689578831196 0.05691832676529884 0.021782469004392624
v 0.02407689578831196 0.05691832676529884 0.021782469004392624
v 0.023521587252616882 0.05713672563433647 0.023244207724928856
v 0.023217855021357536 0.05199999734759331 0.024939890950918198
v 0.02407689578831196 0.05691832676529884 0.021782469004392624
v 0.023217855021357536 0.05199999734759331 0.024939890950918198
v 0.023781362920999527 0.05199999734759331 0.02345488779246807
v 0.025244908407330513 0.07102090865373611 0.015172665938735008
v 0.024750104174017906 0.07170385122299194 0.016392678022384644
v 0.02390717715024948 0.06206672266125679 0.021069254726171494
v 0.02390717715024948 0.06206672266125679 0.021069254726171494
v 0.024750104174017906 0.07170385122299194 0.016392678022384644
v 0.02282174676656723 0.06240328028798103 0.022202083840966225
v 0.02390717715024948 0.06206672266125679 0.021069254726171494
v 0.02282174676656723 0.06240328028798103 0.022202083840966225
v 0.023521587252616882 0.05713672563433647 0.023244207724928856
v 0.023521587252616882 0.05713672563433647 0.023244207724928856
v 0.02282174676656723 0.06240328028798103 0.022202083840966225
v 0.02244442142546177 0.057311881333589554 0.02440880611538887
v 0.023521587252616882 0.05713672563433647 0.023244207724928856
v 0.02244442142546177 0.057311881333589554 0.02440880611538887
v 0.02214459702372551 0.05199999734759331 0.026108326390385628
v 0.02214459702372551 0.05199999734759331 0.026108326390385628
v 0.02244442142546177 0.057311881333589554 0.02440880611538887
v 0.02157839946448803 0.05199999734759331 0.026457032188773155
v 0.024750104174017906 0.07170385122299194 0.016392678022384644
v 0.023842940106987953 0.07226549834012985 0.017307620495557785
v 0.02282174676656723 0.06240328028798103 0.022202083840966225
v 0.02282174676656723 0.06240328028798103 0.022202083840966225
v 0.023842940106987953 0.07226549834012985 0.017307620495557785
v 0.02305157482624054 0.07255929708480835 0.017730241641402245
v 0.02282174676656723 0.06240328028798103 0.022202083840966225
v 0.02305157482624054 0.07255929708480835 0.017730241641402245
v 0.021363448351621628 0.06260894238948822 0.022837596014142036
v 0.021363448351621628 0.06260894238948822 0.022837596014142036
v 0.02305157482624054 0.07255929708480835 0.017730241641402245
v 0.02218412049114704 0.07276368886232376 0.017968250438570976
v 0.021363448351621628 0.06260894238948822 0.022837596014142036
v 0.02218412049114704 0.07276368886232376 0.017968250438570976
v 0.020303992554545403 0.0684593915939331 0.020146610215306282
v 0.020303992554545403 0.0684593915939331 0.020146610215306282
v 0.02218412049114704 0.07276368886232376 0.017968250438570976
v 0.021696006879210472 0.07283569127321243 0.018019836395978928
v 0.020303992554545403 0.0684593915939331 0.020146610215306282
v 0.021696006879210472 0.07283569127321243 0.018019836395978928
v 0.020691031590104103 0.07289528846740723 0.017956353724002838
v -0.020503513514995575 1.7528432871838362e-10 0.02120981551706791
v -0.021033158525824547 1.7528437035174704e-10 0.02420712262392044
v -0.021033169701695442 0.005549670197069645 0.02420715242624283
v -0.015273994766175747 0.02878727577626705 0.026095854118466377
v -0.014357362873852253 0.05199999734759331 0.020908508449792862
v -0.0172441229224205 0.02878452278673649 0.025345325469970703
v -0.0172441229224205 0.02878452278673649 0.025345325469970703
v -0.014357362873852253 0.05199999734759331 0.020908508449792862
v -0.016574492678046227 0.05199997499585152 0.020012712106108665
v -0.01826351322233677 0.05199999734759331 0.01831929013133049
v -0.01849403977394104 0.0520000196993351 0.01793902926146984
v -0.01984335482120514 0.028779080137610435 0.02212165668606758
v -0.01826351322233677 0.05199999734759331 0.01831929013133049
v -0.01984335482120514 0.028779080137610435 0.02212165668606758
v -0.0179482139647007 0.05199997499585152 0.018753888085484505
v -0.01984335482120514 0.028779080137610435 0.02212165668606758
v -0.018870053812861443 0.028781702741980553 0.023912616074085236
v -0.0179482139647007 0.05199997499585152 0.018753888085484505
v -0.0179482139647007 0.05199997499585152 0.018753888085484505
v -0.018870053812861443 0.028781702741980553 0.023912616074085236
v -0.0172441229224205 0.02878452278673649 0.025345325469970703
v -0.0179482139647007 0.05199997499585152 0.018753888085484505
v -0.0172441229224205 0.02878452278673649 0.025345325469970703
v -0.01673310250043869 0.05199997499585152 0.019903477281332016
v -0.01673310250043869 0.05199997499585152 0.019903477281332016
v -0.0172441229224205 0.02878452278673649 0.025345325469970703
v -0.016574492678046227 0.05199997499585152 0.020012712106108665
v -0.019187962636351585 0.05199999734759331 0.013764853589236736
v -0.020995359867811203 0.005549673922359943 0.023993168026208878
v -0.01926019974052906 0.052000004798173904 0.015408376231789589
v -0.01926019974052906 0.052000004798173904 0.015408376231789589
v -0.020995359867811203 0.005549673922359943 0.023993168026208878
v -0.021033169701695442 0.005549670197069645 0.02420715242624283
v -0.021033169701695442 0.005549670197069645 0.02420715242624283
v -0.021069485694169998 0.005549668334424496 0.02449115924537182
v -0.01926019974052906 0.052000004798173904 0.015408376231789589
v -0.01926019974052906 0.052000004798173904 0.015408376231789589
v -0.021069485694169998 0.005549668334424496 0.02449115924537182
v -0.021069014444947243 0.005549660883843899 0.025832591578364372
v -0.01926019974052906 0.052000004798173904 0.015408376231789589
v -0.021069014444947243 0.005549660883843899 0.025832591578364372
v -0.019162658601999283 0.0520000122487545 0.0161017756909132
v -0.019162658601999283 0.0520000122487545 0.0161017756909132
v -0.021069014444947243 0.005549660883843899 0.025832591578364372
v -0.01984335482120514 0.028779080137610435 0.02212165668606758
v -0.019162658601999283 0.0520000122487545 0.0161017756909132
v -0.01984335482120514 0.028779080137610435 0.02212165668606758
v -0.018923794850707054 0.0520000122487545 0.01698051206767559
v -0.018923794850707054 0.0520000122487545 0.01698051206767559
v -0.01984335482120514 0.028779080137610435 0.02212165668606758
v -0.01849403977394104 0.0520000196993351 0.01793902926146984
v -0.01617187075316906 0.005549636669456959 0.031177083030343056
v -0.015273994766175747 0.02878727577626705 0.026095854118466377
v -0.01722925715148449 0.005549636669456959 0.03088364750146866
v -0.01722925715148449 0.005549636669456959 0.03088364750146866
v -0.015273994766175747 0.02878727577626705 0.026095854118466377
v -0.0172441229224205 0.02878452278673649 0.025345325469970703
v -0.01722925715148449 0.005549636669456959 0.03088364750146866
v -0.0172441229224205 0.02878452278673649 0.025345325469970703
v -0.018149858340620995 0.005549638532102108 0.030437136068940163
v -0.018149858340620995 0.005549638532102108 0.030437136068940163
v -0.0172441229224205 0.02878452278673649 0.025345325469970703
v -0.018870053812861443 0.028781702741980553 0.023912616074085236
v -0.018149858340620995 0.005549638532102108 0.030437136068940163
v -0.018870053812861443 0.028781702741980553 0.023912616074085236
v -0.019427794963121414 0.0055496422573924065 0.02941882610321045
v -0.019427794963121414 0.0055496422573924065 0.02941882610321045
v -0.018870053812861443 0.028781702741980553 0.023912616074085236
v -0.01984335482120514 0.028779080137610435 0.02212165668606758
v -0.019427794963121414 0.0055496422573924065 0.02941882610321045
v -0.01984335482120514 0.028779080137610435 0.02212165668606758
v -0.020785022526979446 0.005549653433263302 0.027142511680722237
v -0.020785022526979446 0.005549653433263302 0.027142511680722237
v -0.01984335482120514 0.028779080137610435 0.02212165668606758
v -0.021069014444947243 0.005549660883843899 0.025832591578364372
v -0.00820225104689598 0.004999999888241291 -0.03915000706911087
v -0.009907458908855915 0.004999917931854725 -0.038753610104322433
v -0.008792261593043804 0.004999917931854725 -0.0450645387172699
v -0.00820225104689598 0.004999999888241291 -0.03915000706911087
v -0.008792261593043804 0.004999917931854725 -0.0450645387172699
v -0.007719365879893303 0.004999996162950993 -0.03913188725709915
v -0.007719365879893303 0.004999996162950993 -0.03913188725709915
v -0.008792261593043804 0.004999917931854725 -0.0450645387172699
v -0.008119962178170681 0.004999992437660694 -0.04819856211543083
v -0.007719365879893303 0.004999996162950993 -0.03913188725709915
v -0.008119962178170681 0.004999992437660694 -0.04819856211543083
v -0.007311295252293348 0.004999992437660694 -0.05039701983332634
v 0.03174569457769394 0.004999999888241291 -0.02161511406302452
v 0.03165210410952568 0.004999999888241291 -0.023777272552251816
v 0.034537483006715775 0.004999999888241291 -0.03741386905312538
v 0.03065364435315132 0.004999999888241291 -0.025697359815239906
v 0.026216458529233932 0.004999999888241291 -0.03021087683737278
v -0.007045825012028217 0.004999996162950993 -0.038479313254356384
v -0.007301353849470615 0.004999996162950993 -0.03888945281505585
v -0.005132019519805908 0.004999990575015545 -0.053779974579811096
v -0.006205367390066385 0.004999990575015545 -0.05244043841958046
v 0.013449945487082005 0.004999999888241291 -0.028815604746341705
v 0.008241834118962288 0.004999999888241291 -0.030713390558958054
v 0.01961006037890911 0.004999999888241291 -0.033292803913354874
v 0.021122874692082405 0.004999999888241291 -0.03396798297762871
v 0.03540007770061493 0.004999999888241291 -0.042662229388952255
v 0.03522340580821037 0.004999999888241291 -0.04129575937986374
v -0.007012449204921722 0.004999999888241291 -0.03799724206328392
v 0.019806627184152603 0.004999999888241291 -0.033734239637851715
v -0.004000290296971798 0.004999990575015545 -0.05463346093893051
v 0.03448617830872536 0.004999996162950993 -0.047692593187093735
v 0.035077568143606186 0.004999998025596142 -0.046338412910699844
v 0.03540375456213951 0.004999998025596142 -0.04454168677330017
v -0.00282916147261858 0.004999990575015545 -0.055051375180482864
v -0.0015435692621394992 0.004999990575015545 -0.05513710156083107
v 0.020187240093946457 0.004999999888241291 -0.03403196483850479
v 0.020187240093946457 0.004999999888241291 -0.03403196483850479
v -0.0015435692621394992 0.004999990575015545 -0.05513710156083107
v -0.0012868901249021292 0.004999999888241291 -0.05511205643415451
v -0.0012868901249021292 0.004999999888241291 -0.05511205643415451
v 0.020663022994995117 0.004999999888241291 -0.03411645442247391
v 0.03285536542534828 0.004999999888241291 -0.04907876253128052
v 0.03373093903064728 0.004999996162950993 -0.04859118163585663
v 0.017164316028356552 0.004999999888241291 -0.028895273804664612
v 0.015316417440772057 0.004999999888241291 -0.0284224022179842
v 0.01861249841749668 0.004999999888241291 -0.030136682093143463
v 0.019362272694706917 0.004999999888241291 -0.03189057856798172
v -0.0027598077431321144 0.004999999888241291 -0.031680017709732056
v -0.004648002330213785 0.004999999888241291 -0.03195030242204666
v -0.006221929099410772 0.004999999888241291 -0.03302783519029617
v 0.0027832966297864914 0.004999999888241291 -0.031677961349487305
v -0.0072602322325110435 0.004999999888241291 -0.036595024168491364
v -0.007156954612582922 0.004999998025596142 -0.034690383821725845
v -0.012142607010900974 0.01099999900907278 -0.02610485628247261
v -0.014959643594920635 0.01099999900907278 -0.026602644473314285
v -0.01999093033373356 0.01099999900907278 0.018309034407138824
v -0.018636856228113174 0.01099999900907278 -0.022867392748594284
v -0.02163451351225376 0.01099999900907278 -0.02005487121641636
v -0.028372306376695633 0.01099999900907278 -0.00807850994169712
v -0.02947358414530754 0.01099999900907278 -0.001248197047971189
v -0.02571048028767109 0.01099999900907278 -0.014464481733739376
v -0.02362479269504547 0.01099999900907278 0.01766689121723175
v -0.026841359212994576 0.01099999900907278 0.01223891694098711
v -0.028953740373253822 0.01099999900907278 0.005650768522173166
v -0.014663356356322765 0.010935184545814991 -0.026985852047801018
v -0.014959643594920635 0.01099999900907278 -0.026602644473314285
v -0.012142607010900974 0.01099999900907278 -0.02610485628247261
v -0.010165196843445301 0.010799628682434559 -0.03729507327079773
v -0.010827773250639439 0.010554798878729343 -0.034518755972385406
v -0.01115509681403637 0.010507172904908657 -0.03169320151209831
v -0.01115509681403637 0.010507172904908657 -0.03169320151209831
v -0.010827773250639439 0.010554798878729343 -0.034518755972385406
v -0.011818137019872665 0.010506733320653439 -0.03183595463633537
v -0.01115509681403637 0.010507172904908657 -0.03169320151209831
v -0.011818137019872665 0.010506733320653439 -0.03183595463633537
v -0.012142607010900974 0.01099999900907278 -0.02610485628247261
v -0.012142607010900974 0.01099999900907278 -0.02610485628247261
v -0.011818137019872665 0.010506733320653439 -0.03183595463633537
v -0.01311384979635477 0.010643511079251766 -0.02929958701133728
v -0.012142607010900974 0.01099999900907278 -0.02610485628247261
v -0.01311384979635477 0.010643511079251766 -0.02929958701133728
v -0.014663356356322765 0.010935184545814991 -0.026985852047801018
v 0.038339175283908844 0.023615466430783272 -0.05892779678106308
v 0.03851991519331932 0.021650327369570732 -0.059950731694698334
v 0.038808029145002365 0.024013595655560493 -0.06158117949962616
v 0.038759756833314896 0.027357520535588264 -0.06130789965391159
v 0.039225462824106216 0.028070488944649696 -0.06394343823194504
v 0.039104580879211426 0.031182141974568367 -0.06325928866863251
v 0.039413049817085266 0.03025432489812374 -0.06500498950481415
v 0.039378777146339417 0.03509237617254257 -0.06481097638607025
v 0.039741400629282 0.03500925377011299 -0.06686314195394516
v 0.03958723694086075 0.03911637142300606 -0.06599067151546478
v 0.03984630107879639 0.03695032745599747 -0.06745677441358566
v 0.03973063826560974 0.0432443767786026 -0.06680220365524292
v 0.03805329650640488 0.01833522878587246 -0.05731013044714928
v 0.03788721561431885 0.02028648369014263 -0.05637013167142868
v 0.03767121583223343 0.015969470143318176 -0.055147934705019
v 0.037369538098573685 0.017055781558156013 -0.053440578281879425
v 0.03717769309878349 0.013259879313409328 -0.052355095744132996
v 0.03672828525304794 0.01365507859736681 -0.049811702221632004
v 0.03662613034248352 0.01058951485902071 -0.04923379793763161
v 0.03600668907165527 0.01039313804358244 -0.045728154480457306
v 0.03522340580821037 0.004999999888241291 -0.04129575937986374
v 0.03543365001678467 0.008120003156363964 -0.0424853079020977
v 0.034537483006715775 0.004999999888241291 -0.03741386905312538
v 0.04017290100455284 0.05199999734759331 -0.06930501013994217
v 0.03982475399971008 0.05199999734759331 -0.06733482331037521
v 0.040176618844270706 0.051538001745939255 -0.06932604312896729
v 0.039828650653362274 0.05151096358895302 -0.06735687702894211
v 0.040179986506700516 0.051075953990221024 -0.06934510171413422
v 0.039832308888435364 0.05102187767624855 -0.06737759709358215
v 0.040176574140787125 0.04958195611834526 -0.06932578980922699
v 0.03981214389204979 0.0475204661488533 -0.06726346909999847
v 0.04009939730167389 0.04394521936774254 -0.06888904422521591
v 0.04005373269319534 0.04221038147807121 -0.06863062083721161
v 0.022025810554623604 0.005549698136746883 0.03338957577943802
v 0.02197371795773506 0.005549696274101734 0.03368436545133591
v 0.021110855042934418 0.005549692548811436 0.03397545963525772
v 0.02196129970252514 0.005549696274101734 0.03375463932752609
v -0.021069485694169998 0.005549668334424496 0.02449115924537182
v -0.021030014380812645 0.005549664609134197 0.02526877261698246
v -0.021069014444947243 0.005549660883843899 0.025832591578364372
v -0.021069014444947243 0.005549660883843899 0.025832591578364372
v -0.021030014380812645 0.005549664609134197 0.02526877261698246
v -0.020844170823693275 0.005549660883843899 0.025892606005072594
v -0.020785022526979446 0.005549653433263302 0.027142511680722237
v -0.020785022526979446 0.005549653433263302 0.027142511680722237
v -0.020844170823693275 0.005549660883843899 0.025892606005072594
v -0.02052813395857811 0.005549660883843899 0.026461655274033546
v -0.019427794963121414 0.0055496422573924065 0.02941882610321045
v 0.019613437354564667 0.00554992537945509 0.03680219501256943
v 0.01849069446325302 0.005549757741391659 0.03712092339992523
v 0.020180335268378258 0.005549688823521137 0.034536272287368774
v 0.020180335268378258 0.005549688823521137 0.034536272287368774
v 0.01849069446325302 0.005549757741391659 0.03712092339992523
v 0.01730930805206299 0.0055496664717793465 0.037093549966812134
v 0.020180335268378258 0.005549688823521137 0.034536272287368774
v 0.01730930805206299 0.0055496664717793465 0.037093549966812134
v -0.01859838329255581 0.005549653433263302 0.02768387831747532
v -0.01617187075316906 0.005549636669456959 0.031177083030343056
v -0.01722925715148449 0.005549636669456959 0.03088364750146866
v -0.019570477306842804 0.0055496571585536 0.027332141995429993
v -0.018149858340620995 0.005549638532102108 0.030437136068940163
v 0.02196129970252514 0.005549696274101734 0.03375463932752609
v 0.021893778815865517 0.005549647845327854 0.03406687453389168
v 0.021110855042934418 0.005549692548811436 0.03397545963525772
v 0.021110855042934418 0.005549692548811436 0.03397545963525772
v 0.021893778815865517 0.005549647845327854 0.03406687453389168
v 0.021396903321146965 0.0055497149005532265 0.03523244708776474
v 0.021110855042934418 0.005549692548811436 0.03397545963525772
v 0.021396903321146965 0.0055497149005532265 0.03523244708776474
v 0.020180335268378258 0.005549688823521137 0.034536272287368774
v 0.020180335268378258 0.005549688823521137 0.034536272287368774
v 0.021396903321146965 0.0055497149005532265 0.03523244708776474
v 0.020661640912294388 0.005549737252295017 0.036114681512117386
v 0.020180335268378258 0.005549688823521137 0.034536272287368774
v 0.020661640912294388 0.005549737252295017 0.036114681512117386
v 0.019613437354564667 0.00554992537945509 0.03680219501256943
v -0.02050352282822132 0.012293937616050243 0.021209808066487312
v -0.020272444933652878 0.01134174969047308 0.019902130588889122
v -0.02163897641003132 0.01153282169252634 0.020050056278705597
v -0.02163897641003132 0.01153282169252634 0.020050056278705597
v -0.020272444933652878 0.01134174969047308 0.019902130588889122
v -0.022814039140939713 0.011095969937741756 0.018702136352658272
v -0.022814039140939713 0.011095969937741756 0.018702136352658272
v -0.020272444933652878 0.01134174969047308 0.019902130588889122
v -0.01999093033373356 0.01099999900907278 0.018309034407138824
v -0.022814039140939713 0.011095969937741756 0.018702136352658272
v -0.01999093033373356 0.01099999900907278 0.018309034407138824
v -0.02362479269504547 0.01099999900907278 0.01766689121723175
v 0.02197371795773506 0.005549696274101734 0.03368436545133591
v 0.023781362920999527 0.05199999734759331 0.02345488779246807
v 0.02353009395301342 0.046056441962718964 0.024876825511455536
v 0.02330591343343258 0.04034062474966049 0.0261454526335001
v 0.02284262888133526 0.028360197320580482 0.028767187148332596
v 0.02353009395301342 0.046056441962718964 0.024876825511455536
v 0.02353009395301342 0.046056441962718964 0.024876825511455536
v 0.02284262888133526 0.028360197320580482 0.028767187148332596
v 0.02196129970252514 0.005549696274101734 0.03375463932752609
v 0.02196129970252514 0.005549696274101734 0.03375463932752609
v -0.026841359212994576 1.7528403728483966e-10 0.01223891694098711
v -0.028953740373253822 1.7528385687359815e-10 0.005650768522173166
v -0.014572900719940662 1.7528396789590062e-10 -0.003553957911208272
v 0.03065364435315132 1.7528443974068608e-10 -0.025697359815239906
v 0.03165210410952568 1.7528449525183731e-10 -0.023777272552251816
v 0.031745653599500656 1.7528453688520074e-10 -0.02161511965095997
v -0.02571048028767109 1.7528353768447857e-10 -0.014464481733739376
v -0.012629327364265919 1.752839262625372e-10 -0.00809321179986
v -0.028372306376695633 1.7528360707341761e-10 -0.00807850994169712
v -0.02947358414530754 1.7528371809572008e-10 -0.001248197047971189
v 0.017164316028356552 1.752841066737787e-10 -0.028895273804664612
v 0.014959104359149933 1.752846479075032e-10 0.001106869662180543
v 0.015316417440772057 1.7528407891820308e-10 -0.0284224022179842
v 0.014507981017231941 1.7528453688520074e-10 -0.003810320980846882
v 0.012484686449170113 1.7528441198511047e-10 -0.008314596489071846
v 0.002599242376163602 1.75284661785291e-10 0.014773083850741386
v 0.007255224045366049 1.7528471729644224e-10 0.013128659687936306
v 0.020180370658636093 1.7528538343025701e-10 0.03453625366091728
v 0.01861249841749668 1.752841205515665e-10 -0.030136682093143463
v 0.019362272694706917 1.7528409279599089e-10 -0.03189057856798172
v 0.026216458529233932 1.7528425932944458e-10 -0.03021087683737278
v 0.01961006037890911 1.7528407891820308e-10 -0.033292803913354874
v 0.021122874692082405 1.7528409279599089e-10 -0.03396798297762871
v -0.007156954612582922 1.7528352380669077e-10 -0.034690383821725845
v -0.010520671494305134 1.752834266621761e-10 -0.035625260323286057
v -0.0072602322325110435 1.7528348217332734e-10 -0.036595024168491364
v -0.010165189392864704 1.752834127843883e-10 -0.03729507699608803
v -0.007012449204921722 1.7528345441775173e-10 -0.03799724206328392
v -0.014414608478546143 1.7528350992890296e-10 -0.02731722593307495
v -0.012762307189404964 1.7528349605111515e-10 -0.029918529093265533
v -0.006221929099410772 1.752835654400542e-10 -0.03302783519029617
v -0.011707589030265808 1.7528348217332734e-10 -0.03208565711975098
v -0.011452050879597664 1.7528346829553954e-10 -0.03271046653389931
v 0.00910849031060934 1.752842732072324e-10 -0.011917863972485065
v 0.004745239857584238 1.7528414830714212e-10 -0.014229638502001762
v -0.004648002330213785 1.7528362095120542e-10 -0.03195030242204666
v -0.00013222348934505135 1.7528403728483966e-10 -0.014999419450759888
v -0.00499536469578743 1.752839540181128e-10 -0.014143772423267365
v -0.00931717548519373 1.7528391238474939e-10 -0.011755435727536678
v -0.014937269501388073 1.7528406504041527e-10 0.001370418001897633
v -0.020503513514995575 1.7528432871838362e-10 0.02120981551706791
v -0.02325264923274517 1.7528421769608116e-10 0.01815391145646572
v -0.00820225104689598 1.752834127843883e-10 -0.03915000706911087
v -0.007719365879893303 1.752834266621761e-10 -0.03913188725709915
v -0.007301353849470615 1.7528344053996392e-10 -0.03888945281505585
v -0.02163451351225376 1.7528350992890296e-10 -0.02005487121641636
v -0.018636848777532578 1.7528352380669077e-10 -0.022867396473884583
v -0.01637360453605652 1.7528352380669077e-10 -0.024964427575469017
v -0.014902176335453987 1.7528352380669077e-10 -0.026671437546610832
v -0.009907450526952744 1.752833850288127e-10 -0.038753610104322433
v -0.007045825012028217 1.7528345441775173e-10 -0.038479313254356384
v -0.0027598077431321144 1.7528366258456884e-10 -0.031680017709732056
v 0.0027832966297864914 1.752837736068713e-10 -0.031677961349487305
v 0.022025810554623604 1.7528539730804482e-10 0.03338957577943802
v 0.011124986223876476 1.7528474505201785e-10 0.010061545297503471
v 0.013789180666208267 1.7528471729644224e-10 0.005904108751565218
v 0.019806627184152603 1.7528406504041527e-10 -0.033734239637851715
v 0.020187240093946457 1.7528406504041527e-10 -0.03403196483850479
v 0.020663022994995117 1.7528407891820308e-10 -0.03411645442247391
v 0.008241834118962288 1.7528389850696158e-10 -0.030713390558958054
v 0.013449945487082005 1.7528403728483966e-10 -0.028815604746341705
v -0.013682951219379902 1.7528417606271773e-10 0.006146284751594067
v -0.010945876128971577 1.752843148405958e-10 0.01025610975921154
v -0.021033158525824547 1.7528437035174704e-10 0.02420712262392044
v -0.007022644858807325 1.7528443974068608e-10 0.013254526071250439
v -0.020528122782707214 1.7528442586289827e-10 0.02646162547171116
v -0.0208097193390131 1.7528441198511047e-10 0.025971250608563423
v -0.02103000320494175 1.7528439810732266e-10 0.025268742814660072
v -0.021074604243040085 1.7528438422953485e-10 0.0245680995285511
v -0.0023384029045701027 1.7528456464077635e-10 0.014816610142588615
v -0.018600955605506897 1.7528449525183731e-10 0.02768339216709137
v -0.019925551488995552 1.752844536184739e-10 0.02709347940981388
v -0.018636848777532578 1.7528352380669077e-10 -0.022867396473884583
v -0.018636856228113174 0.01099999900907278 -0.022867392748594284
v -0.01637360453605652 1.7528352380669077e-10 -0.024964427575469017
v -0.01637360453605652 1.7528352380669077e-10 -0.024964427575469017
v -0.018636856228113174 0.01099999900907278 -0.022867392748594284
v -0.014959643594920635 0.01099999900907278 -0.026602644473314285
v -0.01637360453605652 1.7528352380669077e-10 -0.024964427575469017
v -0.014959643594920635 0.01099999900907278 -0.026602644473314285
v -0.014902176335453987 1.7528352380669077e-10 -0.026671437546610832
v -0.014902176335453987 1.7528352380669077e-10 -0.026671437546610832
v -0.014959643594920635 0.01099999900907278 -0.026602644473314285
v -0.014663356356322765 0.010935184545814991 -0.026985852047801018
v -0.014902176335453987 1.7528352380669077e-10 -0.026671437546610832
v -0.014663356356322765 0.010935184545814991 -0.026985852047801018
v -0.014414608478546143 1.7528350992890296e-10 -0.02731722593307495
v -0.014414608478546143 1.7528350992890296e-10 -0.02731722593307495
v -0.014663356356322765 0.010935184545814991 -0.026985852047801018
v -0.01311384979635477 0.010643511079251766 -0.02929958701133728
v -0.014414608478546143 1.7528350992890296e-10 -0.02731722593307495
v -0.01311384979635477 0.010643511079251766 -0.02929958701133728
v -0.012762307189404964 1.7528349605111515e-10 -0.029918529093265533
v -0.012762307189404964 1.7528349605111515e-10 -0.029918529093265533
v -0.01311384979635477 0.010643511079251766 -0.02929958701133728
v -0.011818137019872665 0.010506733320653439 -0.03183595463633537
v -0.012762307189404964 1.7528349605111515e-10 -0.029918529093265533
v -0.011818137019872665 0.010506733320653439 -0.03183595463633537
v -0.011707589030265808 1.7528348217332734e-10 -0.03208565711975098
v -0.010827773250639439 0.010554798878729343 -0.034518755972385406
v -0.010165196843445301 0.010799628682434559 -0.03729507327079773
v -0.010165196843445301 0.004999917931854725 -0.03729507327079773
v -0.011707589030265808 1.7528348217332734e-10 -0.03208565711975098
v -0.011818137019872665 0.010506733320653439 -0.03183595463633537
v -0.011452050879597664 1.7528346829553954e-10 -0.03271046653389931
v -0.011452050879597664 1.7528346829553954e-10 -0.03271046653389931
v -0.011818137019872665 0.010506733320653439 -0.03183595463633537
v -0.010827773250639439 0.010554798878729343 -0.034518755972385406
v -0.011452050879597664 1.7528346829553954e-10 -0.03271046653389931
v -0.010827773250639439 0.010554798878729343 -0.034518755972385406
v -0.010520671494305134 1.752834266621761e-10 -0.035625260323286057
v -0.010520671494305134 1.752834266621761e-10 -0.035625260323286057
v -0.010827773250639439 0.010554798878729343 -0.034518755972385406
v -0.010165196843445301 0.004999917931854725 -0.03729507327079773
v -0.010520671494305134 1.752834266621761e-10 -0.035625260323286057
v -0.010165196843445301 0.004999917931854725 -0.03729507327079773
v -0.010165189392864704 1.752834127843883e-10 -0.03729507699608803
v 0.022025810554623604 1.7528539730804482e-10 0.03338957577943802
v 0.031745653599500656 1.7528453688520074e-10 -0.02161511965095997
v 0.022025810554623604 0.004999999888241291 0.03338957577943802
v 0.03174569457769394 0.004999999888241291 -0.02161511406302452
v -0.009907450526952744 1.752833850288127e-10 -0.038753610104322433
v -0.010165189392864704 1.752834127843883e-10 -0.03729507699608803
v 0.03065364435315132 1.7528443974068608e-10 -0.025697359815239906
v 0.03065364435315132 0.004999999888241291 -0.025697359815239906
v 0.03165210410952568 0.004999999888241291 -0.023777272552251816
v 0.03165210410952568 1.7528449525183731e-10 -0.023777272552251816
v 0.03165210410952568 1.7528449525183731e-10 -0.023777272552251816
v 0.03165210410952568 0.004999999888241291 -0.023777272552251816
v 0.03174569457769394 0.004999999888241291 -0.02161511406302452
v 0.03165210410952568 1.7528449525183731e-10 -0.023777272552251816
v 0.03174569457769394 0.004999999888241291 -0.02161511406302452
v 0.031745653599500656 1.7528453688520074e-10 -0.02161511965095997
v 0.03065364435315132 0.004999999888241291 -0.025697359815239906
v 0.03065364435315132 1.7528443974068608e-10 -0.025697359815239906
v 0.026216458529233932 1.7528425932944458e-10 -0.03021087683737278
v 0.026216458529233932 0.004999999888241291 -0.03021087683737278
v 0.026216458529233932 0.004999999888241291 -0.03021087683737278
v 0.026216458529233932 1.7528425932944458e-10 -0.03021087683737278
v 0.021122874692082405 1.7528409279599089e-10 -0.03396798297762871
v 0.021122874692082405 0.004999999888241291 -0.03396798297762871
v -0.00820225104689598 1.752834127843883e-10 -0.03915000706911087
v -0.009907450526952744 1.752833850288127e-10 -0.038753610104322433
v -0.00820225104689598 0.004999999888241291 -0.03915000706911087
v -0.009907458908855915 0.004999917931854725 -0.038753610104322433
v -0.007012449204921722 0.004999999888241291 -0.03799724206328392
v -0.007012449204921722 1.7528345441775173e-10 -0.03799724206328392
v -0.007045825012028217 1.7528345441775173e-10 -0.038479313254356384
v -0.007045825012028217 0.004999996162950993 -0.038479313254356384
v -0.007045825012028217 0.004999996162950993 -0.038479313254356384
v -0.007045825012028217 1.7528345441775173e-10 -0.038479313254356384
v -0.007301353849470615 1.7528344053996392e-10 -0.03888945281505585
v -0.007301353849470615 0.004999996162950993 -0.03888945281505585
v -0.007301353849470615 0.004999996162950993 -0.03888945281505585
v -0.007301353849470615 1.7528344053996392e-10 -0.03888945281505585
v -0.007719365879893303 1.752834266621761e-10 -0.03913188725709915
v -0.007719365879893303 0.004999996162950993 -0.03913188725709915
v -0.007719365879893303 0.004999996162950993 -0.03913188725709915
v -0.007719365879893303 1.752834266621761e-10 -0.03913188725709915
v -0.00820225104689598 1.752834127843883e-10 -0.03915000706911087
v -0.00820225104689598 0.004999999888241291 -0.03915000706911087
v -0.007012449204921722 0.004999999888241291 -0.03799724206328392
v -0.0072602322325110435 0.004999999888241291 -0.036595024168491364
v -0.007012449204921722 1.7528345441775173e-10 -0.03799724206328392
v -0.0072602322325110435 1.7528348217332734e-10 -0.036595024168491364
v -0.0027598077431321144 0.004999999888241291 -0.031680017709732056
v -0.0027598077431321144 1.7528366258456884e-10 -0.031680017709732056
v -0.004648002330213785 0.004999999888241291 -0.03195030242204666
v -0.004648002330213785 1.7528362095120542e-10 -0.03195030242204666
v -0.004648002330213785 0.004999999888241291 -0.03195030242204666
v -0.004648002330213785 1.7528362095120542e-10 -0.03195030242204666
v -0.006221929099410772 0.004999999888241291 -0.03302783519029617
v -0.006221929099410772 1.752835654400542e-10 -0.03302783519029617
v -0.006221929099410772 0.004999999888241291 -0.03302783519029617
v -0.006221929099410772 1.752835654400542e-10 -0.03302783519029617
v -0.007156954612582922 0.004999998025596142 -0.034690383821725845
v -0.007156954612582922 1.7528352380669077e-10 -0.034690383821725845
v -0.007156954612582922 0.004999998025596142 -0.034690383821725845
v -0.007156954612582922 1.7528352380669077e-10 -0.034690383821725845
v -0.0072602322325110435 0.004999999888241291 -0.036595024168491364
v -0.0072602322325110435 1.7528348217332734e-10 -0.036595024168491364
v 0.013449945487082005 0.004999999888241291 -0.028815604746341705
v 0.013449945487082005 1.7528403728483966e-10 -0.028815604746341705
v 0.008241834118962288 1.7528389850696158e-10 -0.030713390558958054
v 0.008241834118962288 0.004999999888241291 -0.030713390558958054
v 0.008241834118962288 0.004999999888241291 -0.030713390558958054
v 0.008241834118962288 1.7528389850696158e-10 -0.030713390558958054
v 0.0027832966297864914 1.752837736068713e-10 -0.031677961349487305
v 0.0027832966297864914 0.004999999888241291 -0.031677961349487305
v 0.0027832966297864914 0.004999999888241291 -0.031677961349487305
v 0.0027832966297864914 1.752837736068713e-10 -0.031677961349487305
v -0.0027598077431321144 1.7528366258456884e-10 -0.031680017709732056
v -0.0027598077431321144 0.004999999888241291 -0.031680017709732056
v 0.019362272694706917 0.004999999888241291 -0.03189057856798172
v 0.019362272694706917 1.7528409279599089e-10 -0.03189057856798172
v 0.01861249841749668 0.004999999888241291 -0.030136682093143463
v 0.01861249841749668 1.752841205515665e-10 -0.030136682093143463
v 0.01861249841749668 0.004999999888241291 -0.030136682093143463
v 0.01861249841749668 1.752841205515665e-10 -0.030136682093143463
v 0.017164316028356552 0.004999999888241291 -0.028895273804664612
v 0.017164316028356552 1.752841066737787e-10 -0.028895273804664612
v 0.017164316028356552 0.004999999888241291 -0.028895273804664612
v 0.017164316028356552 1.752841066737787e-10 -0.028895273804664612
v 0.015316417440772057 0.004999999888241291 -0.0284224022179842
v 0.015316417440772057 1.7528407891820308e-10 -0.0284224022179842
v 0.015316417440772057 0.004999999888241291 -0.0284224022179842
v 0.015316417440772057 1.7528407891820308e-10 -0.0284224022179842
v 0.013449945487082005 0.004999999888241291 -0.028815604746341705
v 0.013449945487082005 1.7528403728483966e-10 -0.028815604746341705
v 0.019362272694706917 0.004999999888241291 -0.03189057856798172
v 0.01961006037890911 0.004999999888241291 -0.033292803913354874
v 0.019362272694706917 1.7528409279599089e-10 -0.03189057856798172
v 0.01961006037890911 1.7528407891820308e-10 -0.033292803913354874
v 0.021122874692082405 0.004999999888241291 -0.03396798297762871
v 0.021122874692082405 1.7528409279599089e-10 -0.03396798297762871
v 0.020663022994995117 1.7528407891820308e-10 -0.03411645442247391
v 0.020663022994995117 0.004999999888241291 -0.03411645442247391
v 0.020663022994995117 0.004999999888241291 -0.03411645442247391
v 0.020663022994995117 1.7528407891820308e-10 -0.03411645442247391
v 0.020187240093946457 1.7528406504041527e-10 -0.03403196483850479
v 0.020187240093946457 0.004999999888241291 -0.03403196483850479
v 0.020187240093946457 0.004999999888241291 -0.03403196483850479
v 0.020187240093946457 1.7528406504041527e-10 -0.03403196483850479
v 0.019806627184152603 1.7528406504041527e-10 -0.033734239637851715
v 0.019806627184152603 0.004999999888241291 -0.033734239637851715
v 0.019806627184152603 0.004999999888241291 -0.033734239637851715
v 0.019806627184152603 1.7528406504041527e-10 -0.033734239637851715
v 0.01961006037890911 1.7528407891820308e-10 -0.033292803913354874
v 0.01961006037890911 0.004999999888241291 -0.033292803913354874
v 0.04023321345448494 0.05199999734759331 -0.07008928805589676
v 0.04023011773824692 0.05199999734759331 -0.06982538104057312
v 0.04019499942660332 0.05149933323264122 -0.0694386288523674
v 0.036937080323696136 0.05114441737532616 -0.07398019731044769
v 0.03693397715687752 0.05157480016350746 -0.07396265119314194
v 0.0379861444234848 0.0516512431204319 -0.07362237572669983
v 0.039018381386995316 0.05113324150443077 -0.07291979342699051
v 0.03839937224984169 0.05113939568400383 -0.07340892404317856
v 0.0379861444234848 0.0516512431204319 -0.07362237572669983
v 0.0379861444234848 0.0516512431204319 -0.07362237572669983
v 0.03839937224984169 0.05113939568400383 -0.07340892404317856
v 0.037696510553359985 0.05114315077662468 -0.07376702129840851
v 0.0379861444234848 0.0516512431204319 -0.07362237572669983
v 0.037696510553359985 0.05114315077662468 -0.07376702129840851
v 0.036937080323696136 0.05114441737532616 -0.07398019731044769
v 0.0399123840034008 0.05111449584364891 -0.07162898033857346
v 0.03952934220433235 0.05112485960125923 -0.0723186731338501
v 0.039628732949495316 0.051603805273771286 -0.07214762270450592
v 0.039628732949495316 0.051603805273771286 -0.07214762270450592
v 0.03952934220433235 0.05112485960125923 -0.0723186731338501
v 0.039018381386995316 0.05113324150443077 -0.07291979342699051
v 0.039628732949495316 0.051603805273771286 -0.07214762270450592
v 0.039018381386995316 0.05113324150443077 -0.07291979342699051
v 0.039129700511693954 0.05162595584988594 -0.07278880476951599
v 0.039129700511693954 0.05162595584988594 -0.07278880476951599
v 0.039018381386995316 0.05113324150443077 -0.07291979342699051
v 0.0379861444234848 0.0516512431204319 -0.07362237572669983
v 0.0399123840034008 0.05111449584364891 -0.07162898033857346
v 0.039628732949495316 0.051603805273771286 -0.07214762270450592
v 0.04015257954597473 0.051102492958307266 -0.0708775743842125
v 0.04015257954597473 0.051102492958307266 -0.0708775743842125
v 0.039628732949495316 0.051603805273771286 -0.07214762270450592
v 0.04015366733074188 0.05155534669756889 -0.07084465026855469
v 0.04015257954597473 0.051102492958307266 -0.0708775743842125
v 0.04015366733074188 0.05155534669756889 -0.07084465026855469
v 0.04024069383740425 0.05108925327658653 -0.0700937807559967
v 0.04024069383740425 0.05108925327658653 -0.0700937807559967
v 0.04015366733074188 0.05155534669756889 -0.07084465026855469
v 0.04019499942660332 0.05149933323264122 -0.0694386288523674
v 0.04024069383740425 0.05108925327658653 -0.0700937807559967
v 0.04019499942660332 0.05149933323264122 -0.0694386288523674
v 0.040179986506700516 0.051075953990221024 -0.06934510171413422
v 0.040179986506700516 0.051075953990221024 -0.06934510171413422
v 0.04019499942660332 0.05149933323264122 -0.0694386288523674
v 0.040176618844270706 0.051538001745939255 -0.06932604312896729
v 0.040176618844270706 0.051538001745939255 -0.06932604312896729
v 0.04019499942660332 0.05149933323264122 -0.0694386288523674
v 0.04023011773824692 0.05199999734759331 -0.06982538104057312
v 0.040176618844270706 0.051538001745939255 -0.06932604312896729
v 0.04023011773824692 0.05199999734759331 -0.06982538104057312
v 0.04017290100455284 0.05199999734759331 -0.06930501013994217
v 0.04023321345448494 0.05199999734759331 -0.07008928805589676
v 0.04019499942660332 0.05149933323264122 -0.0694386288523674
v 0.040139295160770416 0.05199999734759331 -0.07086814194917679
v 0.040139295160770416 0.05199999734759331 -0.07086814194917679
v 0.04019499942660332 0.05149933323264122 -0.0694386288523674
v 0.04015366733074188 0.05155534669756889 -0.07084465026855469
v 0.040139295160770416 0.05199999734759331 -0.07086814194917679
v 0.04015366733074188 0.05155534669756889 -0.07084465026855469
v 0.03989635035395622 0.05199999734759331 -0.07161348313093185
v 0.03989635035395622 0.05199999734759331 -0.07161348313093185
v 0.04015366733074188 0.05155534669756889 -0.07084465026855469
v 0.039628732949495316 0.051603805273771286 -0.07214762270450592
v 0.03989635035395622 0.05199999734759331 -0.07161348313093185
v 0.039628732949495316 0.051603805273771286 -0.07214762270450592
v 0.039862409234046936 0.05199999734759331 -0.07168857008218765
v 0.039862409234046936 0.05199999734759331 -0.07168857008218765
v 0.039628732949495316 0.051603805273771286 -0.07214762270450592
v 0.03962329030036926 0.05199999734759331 -0.07212904095649719
v 0.03962329030036926 0.05199999734759331 -0.07212904095649719
v 0.039628732949495316 0.051603805273771286 -0.07214762270450592
v 0.039129700511693954 0.05162595584988594 -0.07278880476951599
v 0.03962329030036926 0.05199999734759331 -0.07212904095649719
v 0.039129700511693954 0.05162595584988594 -0.07278880476951599
v 0.03866779804229736 0.05199999734759331 -0.07318013906478882
v 0.03866779804229736 0.05199999734759331 -0.07318013906478882
v 0.039129700511693954 0.05162595584988594 -0.07278880476951599
v 0.0379861444234848 0.0516512431204319 -0.07362237572669983
v 0.03866779804229736 0.05199999734759331 -0.07318013906478882
v 0.0379861444234848 0.0516512431204319 -0.07362237572669983
v 0.03798199072480202 0.05199999734759331 -0.07360421121120453
v 0.03798199072480202 0.05199999734759331 -0.07360421121120453
v 0.0379861444234848 0.0516512431204319 -0.07362237572669983
v 0.03693397715687752 0.05157480016350746 -0.07396265119314194
v 0.03798199072480202 0.05199999734759331 -0.07360421121120453
v 0.03693397715687752 0.05157480016350746 -0.07396265119314194
v 0.03693072125315666 0.05199999734759331 -0.07394421100616455
v 0.003455784171819687 0.05114441737532616 -0.07989665120840073
v 0.036937080323696136 0.05114441737532616 -0.07398019731044769
v 0.0034515955485403538 0.04936611279845238 -0.07987295091152191
v 0.0034515955485403538 0.04936611279845238 -0.07987295091152191
v 0.036937080323696136 0.05114441737532616 -0.07398019731044769
v 0.03689223527908325 0.04552607610821724 -0.07372642308473587
v 0.0034515955485403538 0.04936611279845238 -0.07987295091152191
v 0.03689223527908325 0.04552607610821724 -0.07372642308473587
v 0.003397615160793066 0.04477245733141899 -0.07956751435995102
v 0.003397615160793066 0.04477245733141899 -0.07956751435995102
v 0.03689223527908325 0.04552607610821724 -0.07372642308473587
v 0.036852072924375534 0.04349002242088318 -0.07349913567304611
v 0.003397615160793066 0.04477245733141899 -0.07956751435995102
v 0.036852072924375534 0.04349002242088318 -0.07349913567304611
v 0.0032809467520564795 0.0403132289648056 -0.0789073258638382
v 0.0032809467520564795 0.0403132289648056 -0.0789073258638382
v 0.036852072924375534 0.04349002242088318 -0.07349913567304611
v 0.036672335118055344 0.0379352942109108 -0.07248201221227646
v 0.03625703975558281 0.030568735674023628 -0.07013183832168579
v 0.002775717992335558 0.030568735674023628 -0.07604829967021942
v 0.0028565148822963238 0.03174031525850296 -0.07650553435087204
v 0.03625703975558281 0.030568735674023628 -0.07013183832168579
v 0.0028565148822963238 0.03174031525850296 -0.07650553435087204
v 0.03657994046807289 0.03591848164796829 -0.07195914536714554
v 0.03657994046807289 0.03591848164796829 -0.07195914536714554
v 0.0028565148822963238 0.03174031525850296 -0.07650553435087204
v 0.0031018026638776064 0.03598262742161751 -0.07789357751607895
v 0.03657994046807289 0.03591848164796829 -0.07195914536714554
v 0.0031018026638776064 0.03598262742161751 -0.07789357751607895
v 0.036672335118055344 0.0379352942109108 -0.07248201221227646
v 0.036672335118055344 0.0379352942109108 -0.07248201221227646
v 0.0031018026638776064 0.03598262742161751 -0.07789357751607895
v 0.0031910259276628494 0.0379352942109108 -0.07839847356081009
v 0.036672335118055344 0.0379352942109108 -0.07248201221227646
v 0.0031910259276628494 0.0379352942109108 -0.07839847356081009
v 0.0032809467520564795 0.0403132289648056 -0.0789073258638382
v 0.002775717992335558 0.030568735674023628 -0.07604829967021942
v 0.03625703975558281 0.030568735674023628 -0.07013183832168579
v 0.002545087831094861 0.027613414451479912 -0.07474319636821747
v 0.002545087831094861 0.027613414451479912 -0.07474319636821747
v 0.03625703975558281 0.030568735674023628 -0.07013183832168579
v 0.03611133620142937 0.02864409051835537 -0.06930730491876602
v 0.002545087831094861 0.027613414451479912 -0.07474319636821747
v 0.03611133620142937 0.02864409051835537 -0.06930730491876602
v 0.002160611329600215 0.023557772859930992 -0.07256747782230377
v 0.002160611329600215 0.023557772859930992 -0.07256747782230377
v 0.03611133620142937 0.02864409051835537 -0.06930730491876602
v 0.03562762588262558 0.023422060534358025 -0.0665699765086174
v 0.002160611329600215 0.023557772859930992 -0.07256747782230377
v 0.03562762588262558 0.023422060534358025 -0.0665699765086174
v 0.0017011517193168402 0.019598355516791344 -0.06996743381023407
v 0.0017011517193168402 0.019598355516791344 -0.06996743381023407
v 0.03562762588262558 0.023422060534358025 -0.0665699765086174
v 0.03545742854475975 0.021875394508242607 -0.06560684740543365
v 0.0017011517193168402 0.019598355516791344 -0.06996743381023407
v 0.03545742854475975 0.021875394508242607 -0.06560684740543365
v 0.0013899010373279452 0.017285091802477837 -0.0682060718536377
v 0.0013899010373279452 0.017285091802477837 -0.0682060718536377
v 0.03545742854475975 0.021875394508242607 -0.06560684740543365
v 0.03487124294042587 0.017285091802477837 -0.062289610505104065
v 0.0013899010373279452 0.017285091802477837 -0.0682060718536377
v 0.03487124294042587 0.017285091802477837 -0.062289610505104065
v 0.0011606301413848996 0.015726208686828613 -0.06690864264965057
v 0.0011606301413848996 0.015726208686828613 -0.06690864264965057
v 0.03487124294042587 0.017285091802477837 -0.062289610505104065
v 0.03464629128575325 0.015754560008645058 -0.06101660430431366
v 0.0011606301413848996 0.015726208686828613 -0.06690864264965057
v 0.03464629128575325 0.015754560008645058 -0.06101660430431366
v 0.0006030410877428949 0.012336217798292637 -0.06375326961278915
v 0.0006030410877428949 0.012336217798292637 -0.06375326961278915
v 0.03464629128575325 0.015754560008645058 -0.06101660430431366
v 0.033911846578121185 0.011382640339434147 -0.056860364973545074
v 0.0006030410877428949 0.012336217798292637 -0.06375326961278915
v 0.033911846578121185 0.011382640339434147 -0.056860364973545074
v 0.00043049149098806083 0.011382640339434147 -0.0627768337726593
v 0.03270048275589943 0.005622881464660168 -0.05000526085495949
v -0.0007808688096702099 0.00562275480479002 -0.05592181161046028
v 0.033911846578121185 0.011382640339434147 -0.056860364973545074
v 0.033911846578121185 0.011382640339434147 -0.056860364973545074
v -0.0007808688096702099 0.00562275480479002 -0.05592181161046028
v -2.313004733878188e-05 0.009051592089235783 -0.060209814459085464
v 0.033911846578121185 0.011382640339434147 -0.056860364973545074
v -2.313004733878188e-05 0.009051592089235783 -0.060209814459085464
v 0.00043049149098806083 0.011382640339434147 -0.0627768337726593
v 0.0034494162537157536 0.05199999734759331 -0.07986057549715042
v 0.03693072125315666 0.05199999734759331 -0.07394421100616455
v 0.03693397715687752 0.05157480016350746 -0.07396265119314194
v 0.0034494162537157536 0.05199999734759331 -0.07986057549715042
v 0.03693397715687752 0.05157480016350746 -0.07396265119314194
v 0.003452698700129986 0.05157222971320152 -0.07987917214632034
v 0.003452698700129986 0.05157222971320152 -0.07987917214632034
v 0.03693397715687752 0.05157480016350746 -0.07396265119314194
v 0.036937080323696136 0.05114441737532616 -0.07398019731044769
v 0.003452698700129986 0.05157222971320152 -0.07987917214632034
v 0.036937080323696136 0.05114441737532616 -0.07398019731044769
v 0.003455784171819687 0.05114441737532616 -0.07989665120840073
v 0.01754271239042282 0.011589807458221912 0.03577268868684769
v -0.015273994766175747 0.02878727577626705 0.026095854118466377
v 0.01730930805206299 0.0055496664717793465 0.037093549966812134
v 0.01730930805206299 0.0055496664717793465 0.037093549966812134
v -0.015273994766175747 0.02878727577626705 0.026095854118466377
v -0.01617187075316906 0.005549636669456959 0.031177083030343056
v 0.01754271239042282 0.011589807458221912 0.03577268868684769
v 0.018450576812028885 0.03508502244949341 0.03063509799540043
v -0.015273994766175747 0.02878727577626705 0.026095854118466377
v 0.018450576812028885 0.03508502244949341 0.03063509799540043
v 0.0191238671541214 0.05199999734759331 0.02682494930922985
v -0.015273994766175747 0.02878727577626705 0.026095854118466377
v 0.0191238671541214 0.05199999734759331 0.02682494930922985
v -0.014357362873852253 0.05199999734759331 0.020908508449792862
v -0.00814767461270094 0.0071955034509301186 -0.048712294548749924
v -0.008119414560496807 0.007297203876078129 -0.0488722026348114
v -0.007718435488641262 0.007691497914493084 -0.05106496810913086
v -0.007718435488641262 0.007691497914493084 -0.05106496810913086
v -0.008119414560496807 0.007297203876078129 -0.0488722026348114
v -0.007322348654270172 0.01039534155279398 -0.05338283255696297
v -0.008792261593043804 0.004999917931854725 -0.0450645387172699
v -0.007552551571279764 0.006627175025641918 -0.05124447122216225
v -0.008119962178170681 0.004999992437660694 -0.04819856211543083
v -0.008119962178170681 0.004999992437660694 -0.04819856211543083
v -0.007552551571279764 0.006627175025641918 -0.05124447122216225
v -0.0071907346136868 0.005632289685308933 -0.05135763809084892
v -0.008119962178170681 0.004999992437660694 -0.04819856211543083
v -0.0071907346136868 0.005632289685308933 -0.05135763809084892
v -0.007311295252293348 0.004999992437660694 -0.05039701983332634
v -0.007311295252293348 0.004999992437660694 -0.05039701983332634
v -0.0071907346136868 0.005632289685308933 -0.05135763809084892
v -0.006205367390066385 0.004999990575015545 -0.05244043841958046
v -0.0007808688096702099 0.00562275480479002 -0.05592181161046028
v -0.0012868901249021292 0.004999999888241291 -0.05511205643415451
v -0.001364849042147398 0.005636128596961498 -0.05601484328508377
v -0.001364849042147398 0.005636128596961498 -0.05601484328508377
v -0.0012868901249021292 0.004999999888241291 -0.05511205643415451
v -0.0015435692621394992 0.004999990575015545 -0.05513710156083107
v -0.001364849042147398 0.005636128596961498 -0.05601484328508377
v -0.0015435692621394992 0.004999990575015545 -0.05513710156083107
v -0.003011477179825306 0.0058450112119317055 -0.05614857003092766
v -0.003011477179825306 0.0058450112119317055 -0.05614857003092766
v -0.0015435692621394992 0.004999990575015545 -0.05513710156083107
v -0.00282916147261858 0.004999990575015545 -0.055051375180482864
v -0.0031203131657093763 0.00586982537060976 -0.05614929646253586
v -0.003518887795507908 0.005478869192302227 -0.05550955981016159
v -0.003437695326283574 0.005951807834208012 -0.056144461035728455
v -0.003437695326283574 0.005951807834208012 -0.056144461035728455
v -0.003518887795507908 0.005478869192302227 -0.05550955981016159
v -0.004459264222532511 0.006057756952941418 -0.055719126015901566
v -0.003437695326283574 0.005951807834208012 -0.056144461035728455
v -0.004459264222532511 0.006057756952941418 -0.055719126015901566
v -0.004426834639161825 0.006317273713648319 -0.056050099432468414
v -0.004426834639161825 0.006317273713648319 -0.056050099432468414
v -0.004459264222532511 0.006057756952941418 -0.055719126015901566
v -0.005278203636407852 0.00679644662886858 -0.055813733488321304
v -0.004426834639161825 0.006317273713648319 -0.056050099432468414
v -0.005278203636407852 0.00679644662886858 -0.055813733488321304
v -0.005509142763912678 0.006988898850977421 -0.05574047937989235
v -0.004000290296971798 0.004999990575015545 -0.05463346093893051
v -0.005132019519805908 0.004999990575015545 -0.053779974579811096
v -0.005215118173509836 0.0054909707978367805 -0.054359082132577896
v -0.005215118173509836 0.0054909707978367805 -0.054359082132577896
v -0.005132019519805908 0.004999990575015545 -0.053779974579811096
v -0.006205367390066385 0.004999990575015545 -0.05244043841958046
v -0.005215118173509836 0.0054909707978367805 -0.054359082132577896
v -0.006205367390066385 0.004999990575015545 -0.05244043841958046
v -0.005965509917587042 0.006313378922641277 -0.0543980710208416
v -0.005965509917587042 0.006313378922641277 -0.0543980710208416
v -0.006205367390066385 0.004999990575015545 -0.05244043841958046
v -0.0071907346136868 0.005632289685308933 -0.05135763809084892
v -0.005965509917587042 0.006313378922641277 -0.0543980710208416
v -0.0071907346136868 0.005632289685308933 -0.05135763809084892
v -0.0065270583145320415 0.007266375236213207 -0.05433556064963341
v -0.0065270583145320415 0.007266375236213207 -0.05433556064963341
v -0.0071907346136868 0.005632289685308933 -0.05135763809084892
v -0.007552551571279764 0.006627175025641918 -0.05124447122216225
v -0.0065270583145320415 0.007266375236213207 -0.05433556064963341
v -0.007552551571279764 0.006627175025641918 -0.05124447122216225
v -0.006907567381858826 0.00831014383584261 -0.05420179292559624
v -0.008792261593043804 0.004999917931854725 -0.0450645387172699
v -0.00814767461270094 0.0071955034509301186 -0.048712294548749924
v -0.007552551571279764 0.006627175025641918 -0.05124447122216225
v -0.007552551571279764 0.006627175025641918 -0.05124447122216225
v -0.00814767461270094 0.0071955034509301186 -0.048712294548749924
v -0.007718435488641262 0.007691497914493084 -0.05106496810913086
v -0.007552551571279764 0.006627175025641918 -0.05124447122216225
v -0.007718435488641262 0.007691497914493084 -0.05106496810913086
v -0.006907567381858826 0.00831014383584261 -0.05420179292559624
v -0.006907567381858826 0.00831014383584261 -0.05420179292559624
v -0.007718435488641262 0.007691497914493084 -0.05106496810913086
v -0.007322348654270172 0.01039534155279398 -0.05338283255696297
v -0.006907567381858826 0.00831014383584261 -0.05420179292559624
v -0.007322348654270172 0.01039534155279398 -0.05338283255696297
v -0.007137584500014782 0.009406537748873234 -0.05402331426739693
v -0.007137584500014782 0.009406537748873234 -0.05402331426739693
v -0.007322348654270172 0.01039534155279398 -0.05338283255696297
v -0.006976097822189331 0.009019401855766773 -0.05441892519593239
v -0.007137584500014782 0.009406537748873234 -0.05402331426739693
v -0.006976097822189331 0.009019401855766773 -0.05441892519593239
v -0.006907567381858826 0.00831014383584261 -0.05420179292559624
v -0.006907567381858826 0.00831014383584261 -0.05420179292559624
v -0.006976097822189331 0.009019401855766773 -0.05441892519593239
v -0.006362616084516048 0.007881867699325085 -0.05520082265138626
v -0.006907567381858826 0.00831014383584261 -0.05420179292559624
v -0.006362616084516048 0.007881867699325085 -0.05520082265138626
v -0.0065270583145320415 0.007266375236213207 -0.05433556064963341
v -0.0065270583145320415 0.007266375236213207 -0.05433556064963341
v -0.006362616084516048 0.007881867699325085 -0.05520082265138626
v -0.005509142763912678 0.006988898850977421 -0.05574047937989235
v -0.0065270583145320415 0.007266375236213207 -0.05433556064963341
v -0.005509142763912678 0.006988898850977421 -0.05574047937989235
v -0.005965509917587042 0.006313378922641277 -0.0543980710208416
v -0.005965509917587042 0.006313378922641277 -0.0543980710208416
v -0.005509142763912678 0.006988898850977421 -0.05574047937989235
v -0.005278203636407852 0.00679644662886858 -0.055813733488321304
v -0.005965509917587042 0.006313378922641277 -0.0543980710208416
v -0.005278203636407852 0.00679644662886858 -0.055813733488321304
v -0.005215118173509836 0.0054909707978367805 -0.054359082132577896
v -0.005215118173509836 0.0054909707978367805 -0.054359082132577896
v -0.005278203636407852 0.00679644662886858 -0.055813733488321304
v -0.004459264222532511 0.006057756952941418 -0.055719126015901566
v -0.005215118173509836 0.0054909707978367805 -0.054359082132577896
v -0.004459264222532511 0.006057756952941418 -0.055719126015901566
v -0.004000290296971798 0.004999990575015545 -0.05463346093893051
v -0.004000290296971798 0.004999990575015545 -0.05463346093893051
v -0.004459264222532511 0.006057756952941418 -0.055719126015901566
v -0.003518887795507908 0.005478869192302227 -0.05550955981016159
v -0.004000290296971798 0.004999990575015545 -0.05463346093893051
v -0.003518887795507908 0.005478869192302227 -0.05550955981016159
v -0.00282916147261858 0.004999990575015545 -0.055051375180482864
v -0.00282916147261858 0.004999990575015545 -0.055051375180482864
v -0.003518887795507908 0.005478869192302227 -0.05550955981016159
v -0.0031203131657093763 0.00586982537060976 -0.05614929646253586
v -0.00282916147261858 0.004999990575015545 -0.055051375180482864
v -0.0031203131657093763 0.00586982537060976 -0.05614929646253586
v -0.003011477179825306 0.0058450112119317055 -0.05614857003092766
v 0.03285536542534828 0.004999999888241291 -0.04907876253128052
v -0.0007808688096702099 0.00562275480479002 -0.05592181161046028
v 0.03270048275589943 0.005622881464660168 -0.05000526085495949
v -0.0007808688096702099 0.00562275480479002 -0.05592181161046028
v 0.03285536542534828 0.004999999888241291 -0.04907876253128052
v -0.0012868901249021292 0.004999999888241291 -0.05511205643415451
v 0.03562762588262558 0.023422060534358025 -0.0665699765086174
v 0.03611133620142937 0.02864409051835537 -0.06930730491876602
v 0.03687191382050514 0.028675461187958717 -0.06910062581300735
v 0.03487124294042587 0.017285091802477837 -0.062289610505104065
v 0.03545742854475975 0.021875394508242607 -0.06560684740543365
v 0.03621895983815193 0.02191702462732792 -0.06540555506944656
v 0.040176574140787125 0.04958195611834526 -0.06932578980922699
v 0.04009939730167389 0.04394521936774254 -0.06888904422521591
v 0.04015929251909256 0.04386061802506447 -0.0696331113576889
v 0.04005373269319534 0.04221038147807121 -0.06863062083721161
v 0.03984630107879639 0.03695032745599747 -0.06745677441358566
v 0.03990264981985092 0.036757905036211014 -0.06818077713251114
v 0.039741400629282 0.03500925377011299 -0.06686314195394516
v 0.039413049817085266 0.03025432489812374 -0.06500498950481415
v 0.039462797343730927 0.029953746125102043 -0.06569166481494904
v 0.039225462824106216 0.028070488944649696 -0.06394343823194504
v 0.038808029145002365 0.024013595655560493 -0.06158117949962616
v 0.03884865343570709 0.023614274337887764 -0.062216199934482574
v 0.03662613034248352 0.01058951485902071 -0.04923379793763161
v 0.03621876612305641 0.008175891824066639 -0.047333646565675735
v 0.03719702735543251 0.012712820433080196 -0.05286962911486626
v 0.03662613034248352 0.01058951485902071 -0.04923379793763161
v 0.03522340580821037 0.004999999888241291 -0.04129575937986374
v 0.03621876612305641 0.008175891824066639 -0.047333646565675735
v 0.03621876612305641 0.008175891824066639 -0.047333646565675735
v 0.03522340580821037 0.004999999888241291 -0.04129575937986374
v 0.03540007770061493 0.004999999888241291 -0.042662229388952255
v 0.03621876612305641 0.008175891824066639 -0.047333646565675735
v 0.03540007770061493 0.004999999888241291 -0.042662229388952255
v 0.03540375456213951 0.004999998025596142 -0.04454168677330017
v 0.03851991519331932 0.021650327369570732 -0.059950731694698334
v 0.03805329650640488 0.01833522878587246 -0.05731013044714928
v 0.038083381950855255 0.0178531464189291 -0.05788552761077881
v 0.038083381950855255 0.0178531464189291 -0.05788552761077881
v 0.03805329650640488 0.01833522878587246 -0.05731013044714928
v 0.03767121583223343 0.015969470143318176 -0.055147934705019
v 0.038083381950855255 0.0178531464189291 -0.05788552761077881
v 0.03767121583223343 0.015969470143318176 -0.055147934705019
v 0.03719702735543251 0.012712820433080196 -0.05286962911486626
v 0.03719702735543251 0.012712820433080196 -0.05286962911486626
v 0.03767121583223343 0.015969470143318176 -0.055147934705019
v 0.03717769309878349 0.013259879313409328 -0.052355095744132996
v 0.03719702735543251 0.012712820433080196 -0.05286962911486626
v 0.03717769309878349 0.013259879313409328 -0.052355095744132996
v 0.03662613034248352 0.01058951485902071 -0.04923379793763161
v 0.04024069383740425 0.05108925327658653 -0.0700937807559967
v 0.040179986506700516 0.051075953990221024 -0.06934510171413422
v 0.040176574140787125 0.04958195611834526 -0.06932578980922699
v 0.037067025899887085 0.012159260921180248 -0.05341639742255211
v 0.03607849404215813 0.007572718895971775 -0.04782230034470558
v 0.03678814694285393 0.011648268438875675 -0.05394890531897545
v 0.03678814694285393 0.011648268438875675 -0.05394890531897545
v 0.03607849404215813 0.007572718895971775 -0.04782230034470558
v 0.03579013794660568 0.007015957497060299 -0.04830116406083107
v 0.03678814694285393 0.011648268438875675 -0.05394890531897545
v 0.03579013794660568 0.007015957497060299 -0.04830116406083107
v 0.036371149122714996 0.011199831031262875 -0.054446425288915634
v 0.036371149122714996 0.011199831031262875 -0.054446425288915634
v 0.03579013794660568 0.007015957497060299 -0.04830116406083107
v 0.035364821553230286 0.006527378223836422 -0.04875160753726959
v 0.036371149122714996 0.011199831031262875 -0.054446425288915634
v 0.035364821553230286 0.006527378223836422 -0.04875160753726959
v 0.03583228215575218 0.010831463150680065 -0.054889630526304245
v 0.03583228215575218 0.010831463150680065 -0.054889630526304245
v 0.035364821553230286 0.006527378223836422 -0.04875160753726959
v 0.034819118678569794 0.00612605269998312 -0.04915614426136017
v 0.03583228215575218 0.010831463150680065 -0.054889630526304245
v 0.034819118678569794 0.00612605269998312 -0.04915614426136017
v 0.035192519426345825 0.01055756863206625 -0.05526131018996239
v 0.035192519426345825 0.01055756863206625 -0.05526131018996239
v 0.034819118678569794 0.00612605269998312 -0.04915614426136017
v 0.03417427837848663 0.005827666260302067 -0.04949907213449478
v 0.035192519426345825 0.01055756863206625 -0.05526131018996239
v 0.03417427837848663 0.005827666260302067 -0.04949907213449478
v 0.0344768688082695 0.01038885023444891 -0.055547039955854416
v 0.0344768688082695 0.01038885023444891 -0.055547039955854416
v 0.03417427837848663 0.005827666260302067 -0.04949907213449478
v 0.0334554985165596 0.005643864162266254 -0.04976709187030792
v 0.03796426206827164 0.01736530102789402 -0.05849388614296913
v 0.037067025899887085 0.012159260921180248 -0.05341639742255211
v 0.03769543766975403 0.016914933919906616 -0.059083253145217896
v 0.03769543766975403 0.016914933919906616 -0.059083253145217896
v 0.037067025899887085 0.012159260921180248 -0.05341639742255211
v 0.03678814694285393 0.011648268438875675 -0.05394890531897545
v 0.03769543766975403 0.016914933919906616 -0.059083253145217896
v 0.03678814694285393 0.011648268438875675 -0.05394890531897545
v 0.03728725388646126 0.01651967316865921 -0.05963066965341568
v 0.03728725388646126 0.01651967316865921 -0.05963066965341568
v 0.03678814694285393 0.011648268438875675 -0.05394890531897545
v 0.036371149122714996 0.011199831031262875 -0.054446425288915634
v 0.03728725388646126 0.01651967316865921 -0.05963066965341568
v 0.036371149122714996 0.011199831031262875 -0.054446425288915634
v 0.036755628883838654 0.016194963827729225 -0.06011486425995827
v 0.036755628883838654 0.016194963827729225 -0.06011486425995827
v 0.036371149122714996 0.011199831031262875 -0.054446425288915634
v 0.03583228215575218 0.010831463150680065 -0.054889630526304245
v 0.036755628883838654 0.016194963827729225 -0.06011486425995827
v 0.03583228215575218 0.010831463150680065 -0.054889630526304245
v 0.03612125292420387 0.01595352217555046 -0.060517020523548126
v 0.03612125292420387 0.01595352217555046 -0.060517020523548126
v 0.03583228215575218 0.010831463150680065 -0.054889630526304245
v 0.035192519426345825 0.01055756863206625 -0.05526131018996239
v 0.03612125292420387 0.01595352217555046 -0.060517020523548126
v 0.035192519426345825 0.01055756863206625 -0.05526131018996239
v 0.03540892153978348 0.01580478623509407 -0.0608215257525444
v 0.03540892153978348 0.01580478623509407 -0.0608215257525444
v 0.035192519426345825 0.01055756863206625 -0.05526131018996239
v 0.0344768688082695 0.01038885023444891 -0.055547039955854416
v 0.04009939730167389 0.04394521936774254 -0.06888904422521591
v 0.04005373269319534 0.04221038147807121 -0.06863062083721161
v 0.04015929251909256 0.04386061802506447 -0.0696331113576889
v 0.04015929251909256 0.04386061802506447 -0.0696331113576889
v 0.04005373269319534 0.04221038147807121 -0.06863062083721161
v 0.03990264981985092 0.036757905036211014 -0.06818077713251114
v 0.04015929251909256 0.04386061802506447 -0.0696331113576889
v 0.03990264981985092 0.036757905036211014 -0.06818077713251114
v 0.040070343762636185 0.043774817138910294 -0.07041221857070923
v 0.040070343762636185 0.043774817138910294 -0.07041221857070923
v 0.03990264981985092 0.036757905036211014 -0.06818077713251114
v 0.03981010988354683 0.03656303882598877 -0.06893954426050186
v 0.040070343762636185 0.043774817138910294 -0.07041221857070923
v 0.03981010988354683 0.03656303882598877 -0.06893954426050186
v 0.03982938081026077 0.04369542747735977 -0.0711592584848404
v 0.03982938081026077 0.04369542747735977 -0.0711592584848404
v 0.03981010988354683 0.03656303882598877 -0.06893954426050186
v 0.03956582397222519 0.0363830029964447 -0.06966780126094818
v 0.03982938081026077 0.04369542747735977 -0.0711592584848404
v 0.03956582397222519 0.0363830029964447 -0.06966780126094818
v 0.039445661008358 0.0436256006360054 -0.07184510678052902
v 0.039445661008358 0.0436256006360054 -0.07184510678052902
v 0.03956582397222519 0.0363830029964447 -0.06966780126094818
v 0.03917918726801872 0.036224883049726486 -0.07033713907003403
v 0.039445661008358 0.0436256006360054 -0.07184510678052902
v 0.03917918726801872 0.036224883049726486 -0.07033713907003403
v 0.0389341376721859 0.04356813058257103 -0.07244306057691574
v 0.0389341376721859 0.04356813058257103 -0.07244306057691574
v 0.03917918726801872 0.036224883049726486 -0.07033713907003403
v 0.03866526484489441 0.03609490022063255 -0.07092151045799255
v 0.0389341376721859 0.04356813058257103 -0.07244306057691574
v 0.03866526484489441 0.03609490022063255 -0.07092151045799255
v 0.038314711302518845 0.0435253344476223 -0.07292982190847397
v 0.038314711302518845 0.0435253344476223 -0.07292982190847397
v 0.03866526484489441 0.03609490022063255 -0.07092151045799255
v 0.038044050335884094 0.03599820286035538 -0.07139816880226135
v 0.038314711302518845 0.0435253344476223 -0.07292982190847397
v 0.038044050335884094 0.03599820286035538 -0.07139816880226135
v 0.03761158883571625 0.0434989407658577 -0.07328645139932632
v 0.03761158883571625 0.0434989407658577 -0.07328645139932632
v 0.038044050335884094 0.03599820286035538 -0.07139816880226135
v 0.03733983263373375 0.03593860939145088 -0.07174856960773468
v 0.03464629128575325 0.015754560008645058 -0.06101660430431366
v 0.03540892153978348 0.01580478623509407 -0.0608215257525444
v 0.033911846578121185 0.011382640339434147 -0.056860364973545074
v 0.033911846578121185 0.011382640339434147 -0.056860364973545074
v 0.03540892153978348 0.01580478623509407 -0.0608215257525444
v 0.0344768688082695 0.01038885023444891 -0.055547039955854416
v 0.033911846578121185 0.011382640339434147 -0.056860364973545074
v 0.0344768688082695 0.01038885023444891 -0.055547039955854416
v 0.03270048275589943 0.005622881464660168 -0.05000526085495949
v 0.03270048275589943 0.005622881464660168 -0.05000526085495949
v 0.0344768688082695 0.01038885023444891 -0.055547039955854416
v 0.0334554985165596 0.005643864162266254 -0.04976709187030792
v 0.03270048275589943 0.005622881464660168 -0.05000526085495949
v 0.0334554985165596 0.005643864162266254 -0.04976709187030792
v 0.03285536542534828 0.004999999888241291 -0.04907876253128052
v 0.03285536542534828 0.004999999888241291 -0.04907876253128052
v 0.0334554985165596 0.005643864162266254 -0.04976709187030792
v 0.03417427837848663 0.005827666260302067 -0.04949907213449478
v 0.03285536542534828 0.004999999888241291 -0.04907876253128052
v 0.03417427837848663 0.005827666260302067 -0.04949907213449478
v 0.03373093903064728 0.004999996162950993 -0.04859118163585663
v 0.03373093903064728 0.004999996162950993 -0.04859118163585663
v 0.03417427837848663 0.005827666260302067 -0.04949907213449478
v 0.034819118678569794 0.00612605269998312 -0.04915614426136017
v 0.03373093903064728 0.004999996162950993 -0.04859118163585663
v 0.034819118678569794 0.00612605269998312 -0.04915614426136017
v 0.03448617830872536 0.004999996162950993 -0.047692593187093735
v 0.03448617830872536 0.004999996162950993 -0.047692593187093735
v 0.034819118678569794 0.00612605269998312 -0.04915614426136017
v 0.035364821553230286 0.006527378223836422 -0.04875160753726959
v 0.03448617830872536 0.004999996162950993 -0.047692593187093735
v 0.035364821553230286 0.006527378223836422 -0.04875160753726959
v 0.035077568143606186 0.004999998025596142 -0.046338412910699844
v 0.035077568143606186 0.004999998025596142 -0.046338412910699844
v 0.035364821553230286 0.006527378223836422 -0.04875160753726959
v 0.03579013794660568 0.007015957497060299 -0.04830116406083107
v 0.035077568143606186 0.004999998025596142 -0.046338412910699844
v 0.03579013794660568 0.007015957497060299 -0.04830116406083107
v 0.03540375456213951 0.004999998025596142 -0.04454168677330017
v 0.03540375456213951 0.004999998025596142 -0.04454168677330017
v 0.03579013794660568 0.007015957497060299 -0.04830116406083107
v 0.03607849404215813 0.007572718895971775 -0.04782230034470558
v 0.03540375456213951 0.004999998025596142 -0.04454168677330017
v 0.03607849404215813 0.007572718895971775 -0.04782230034470558
v 0.03621876612305641 0.008175891824066639 -0.047333646565675735
v 0.03621876612305641 0.008175891824066639 -0.047333646565675735
v 0.03607849404215813 0.007572718895971775 -0.04782230034470558
v 0.037067025899887085 0.012159260921180248 -0.05341639742255211
v 0.03621876612305641 0.008175891824066639 -0.047333646565675735
v 0.037067025899887085 0.012159260921180248 -0.05341639742255211
v 0.03719702735543251 0.012712820433080196 -0.05286962911486626
v 0.03719702735543251 0.012712820433080196 -0.05286962911486626
v 0.037067025899887085 0.012159260921180248 -0.05341639742255211
v 0.03796426206827164 0.01736530102789402 -0.05849388614296913
v 0.03719702735543251 0.012712820433080196 -0.05286962911486626
v 0.03796426206827164 0.01736530102789402 -0.05849388614296913
v 0.038083381950855255 0.0178531464189291 -0.05788552761077881
v 0.03464629128575325 0.015754560008645058 -0.06101660430431366
v 0.03487124294042587 0.017285091802477837 -0.062289610505104065
v 0.03540892153978348 0.01580478623509407 -0.0608215257525444
v 0.03540892153978348 0.01580478623509407 -0.0608215257525444
v 0.03487124294042587 0.017285091802477837 -0.062289610505104065
v 0.03621895983815193 0.02191702462732792 -0.06540555506944656
v 0.03540892153978348 0.01580478623509407 -0.0608215257525444
v 0.03621895983815193 0.02191702462732792 -0.06540555506944656
v 0.03612125292420387 0.01595352217555046 -0.060517020523548126
v 0.03612125292420387 0.01595352217555046 -0.060517020523548126
v 0.03621895983815193 0.02191702462732792 -0.06540555506944656
v 0.03692804276943207 0.022040298208594322 -0.06508265435695648
v 0.03612125292420387 0.01595352217555046 -0.060517020523548126
v 0.03692804276943207 0.022040298208594322 -0.06508265435695648
v 0.036755628883838654 0.016194963827729225 -0.06011486425995827
v 0.036755628883838654 0.016194963827729225 -0.06011486425995827
v 0.03692804276943207 0.022040298208594322 -0.06508265435695648
v 0.03755713999271393 0.022240394726395607 -0.06465062499046326
v 0.036755628883838654 0.016194963827729225 -0.06011486425995827
v 0.03755713999271393 0.022240394726395607 -0.06465062499046326
v 0.03728725388646126 0.01651967316865921 -0.05963066965341568
v 0.03728725388646126 0.01651967316865921 -0.05963066965341568
v 0.03755713999271393 0.022240394726395607 -0.06465062499046326
v 0.03808166831731796 0.022509479895234108 -0.06412626802921295
v 0.03728725388646126 0.01651967316865921 -0.05963066965341568
v 0.03808166831731796 0.022509479895234108 -0.06412626802921295
v 0.03769543766975403 0.016914933919906616 -0.059083253145217896
v 0.03769543766975403 0.016914933919906616 -0.059083253145217896
v 0.03808166831731796 0.022509479895234108 -0.06412626802921295
v 0.0384812094271183 0.022836996242403984 -0.06352996081113815
v 0.03769543766975403 0.016914933919906616 -0.059083253145217896
v 0.0384812094271183 0.022836996242403984 -0.06352996081113815
v 0.03796426206827164 0.01736530102789402 -0.05849388614296913
v 0.03796426206827164 0.01736530102789402 -0.05849388614296913
v 0.0384812094271183 0.022836996242403984 -0.06352996081113815
v 0.03874019533395767 0.023210132494568825 -0.06288488954305649
v 0.03796426206827164 0.01736530102789402 -0.05849388614296913
v 0.03874019533395767 0.023210132494568825 -0.06288488954305649
v 0.038083381950855255 0.0178531464189291 -0.05788552761077881
v 0.038083381950855255 0.0178531464189291 -0.05788552761077881
v 0.03874019533395767 0.023210132494568825 -0.06288488954305649
v 0.03884865343570709 0.023614274337887764 -0.062216199934482574
v 0.038083381950855255 0.0178531464189291 -0.05788552761077881
v 0.03884865343570709 0.023614274337887764 -0.062216199934482574
v 0.03851991519331932 0.021650327369570732 -0.059950731694698334
v 0.03851991519331932 0.021650327369570732 -0.059950731694698334
v 0.03884865343570709 0.023614274337887764 -0.062216199934482574
v 0.038808029145002365 0.024013595655560493 -0.06158117949962616
v 0.03545742854475975 0.021875394508242607 -0.06560684740543365
v 0.03562762588262558 0.023422060534358025 -0.0665699765086174
v 0.03621895983815193 0.02191702462732792 -0.06540555506944656
v 0.03621895983815193 0.02191702462732792 -0.06540555506944656
v 0.03562762588262558 0.023422060534358025 -0.0665699765086174
v 0.03687191382050514 0.028675461187958717 -0.06910062581300735
v 0.03621895983815193 0.02191702462732792 -0.06540555506944656
v 0.03687191382050514 0.028675461187958717 -0.06910062581300735
v 0.03692804276943207 0.022040298208594322 -0.06508265435695648
v 0.03692804276943207 0.022040298208594322 -0.06508265435695648
v 0.03687191382050514 0.028675461187958717 -0.06910062581300735
v 0.03757817670702934 0.028768347576260567 -0.06876176595687866
v 0.03692804276943207 0.022040298208594322 -0.06508265435695648
v 0.03757817670702934 0.028768347576260567 -0.06876176595687866
v 0.03755713999271393 0.022240394726395607 -0.06465062499046326
v 0.03755713999271393 0.022240394726395607 -0.06465062499046326
v 0.03757817670702934 0.028768347576260567 -0.06876176595687866
v 0.03820269927382469 0.028919106349349022 -0.06830384582281113
v 0.03755713999271393 0.022240394726395607 -0.06465062499046326
v 0.03820269927382469 0.028919106349349022 -0.06830384582281113
v 0.03808166831731796 0.022509479895234108 -0.06412626802921295
v 0.03808166831731796 0.022509479895234108 -0.06412626802921295
v 0.03820269927382469 0.028919106349349022 -0.06830384582281113
v 0.03872107341885567 0.02912181057035923 -0.0677446648478508
v 0.03808166831731796 0.022509479895234108 -0.06412626802921295
v 0.03872107341885567 0.02912181057035923 -0.0677446648478508
v 0.0384812094271183 0.022836996242403984 -0.06352996081113815
v 0.0384812094271183 0.022836996242403984 -0.06352996081113815
v 0.03872107341885567 0.02912181057035923 -0.0677446648478508
v 0.0391131266951561 0.02936849184334278 -0.0671059861779213
v 0.0384812094271183 0.022836996242403984 -0.06352996081113815
v 0.0391131266951561 0.02936849184334278 -0.0671059861779213
v 0.03874019533395767 0.023210132494568825 -0.06288488954305649
v 0.03874019533395767 0.023210132494568825 -0.06288488954305649
v 0.0391131266951561 0.02936849184334278 -0.0671059861779213
v 0.03936358168721199 0.02964947558939457 -0.06641264259815216
v 0.03874019533395767 0.023210132494568825 -0.06288488954305649
v 0.03936358168721199 0.02964947558939457 -0.06641264259815216
v 0.03884865343570709 0.023614274337887764 -0.062216199934482574
v 0.03884865343570709 0.023614274337887764 -0.062216199934482574
v 0.03936358168721199 0.02964947558939457 -0.06641264259815216
v 0.039462797343730927 0.029953746125102043 -0.06569166481494904
v 0.03884865343570709 0.023614274337887764 -0.062216199934482574
v 0.039462797343730927 0.029953746125102043 -0.06569166481494904
v 0.039225462824106216 0.028070488944649696 -0.06394343823194504
v 0.039225462824106216 0.028070488944649696 -0.06394343823194504
v 0.039462797343730927 0.029953746125102043 -0.06569166481494904
v 0.039413049817085266 0.03025432489812374 -0.06500498950481415
v 0.03611133620142937 0.02864409051835537 -0.06930730491876602
v 0.03625703975558281 0.030568735674023628 -0.07013183832168579
v 0.03687191382050514 0.028675461187958717 -0.06910062581300735
v 0.03687191382050514 0.028675461187958717 -0.06910062581300735
v 0.03625703975558281 0.030568735674023628 -0.07013183832168579
v 0.03733983263373375 0.03593860939145088 -0.07174856960773468
v 0.03687191382050514 0.028675461187958717 -0.06910062581300735
v 0.03733983263373375 0.03593860939145088 -0.07174856960773468
v 0.03757817670702934 0.028768347576260567 -0.06876176595687866
v 0.03757817670702934 0.028768347576260567 -0.06876176595687866
v 0.03733983263373375 0.03593860939145088 -0.07174856960773468
v 0.038044050335884094 0.03599820286035538 -0.07139816880226135
v 0.03757817670702934 0.028768347576260567 -0.06876176595687866
v 0.038044050335884094 0.03599820286035538 -0.07139816880226135
v 0.03820269927382469 0.028919106349349022 -0.06830384582281113
v 0.03820269927382469 0.028919106349349022 -0.06830384582281113
v 0.038044050335884094 0.03599820286035538 -0.07139816880226135
v 0.03866526484489441 0.03609490022063255 -0.07092151045799255
v 0.03820269927382469 0.028919106349349022 -0.06830384582281113
v 0.03866526484489441 0.03609490022063255 -0.07092151045799255
v 0.03872107341885567 0.02912181057035923 -0.0677446648478508
v 0.03872107341885567 0.02912181057035923 -0.0677446648478508
v 0.03866526484489441 0.03609490022063255 -0.07092151045799255
v 0.03917918726801872 0.036224883049726486 -0.07033713907003403
v 0.03872107341885567 0.02912181057035923 -0.0677446648478508
v 0.03917918726801872 0.036224883049726486 -0.07033713907003403
v 0.0391131266951561 0.02936849184334278 -0.0671059861779213
v 0.0391131266951561 0.02936849184334278 -0.0671059861779213
v 0.03917918726801872 0.036224883049726486 -0.07033713907003403
v 0.03956582397222519 0.0363830029964447 -0.06966780126094818
v 0.0391131266951561 0.02936849184334278 -0.0671059861779213
v 0.03956582397222519 0.0363830029964447 -0.06966780126094818
v 0.03936358168721199 0.02964947558939457 -0.06641264259815216
v 0.03936358168721199 0.02964947558939457 -0.06641264259815216
v 0.03956582397222519 0.0363830029964447 -0.06966780126094818
v 0.03981010988354683 0.03656303882598877 -0.06893954426050186
v 0.03936358168721199 0.02964947558939457 -0.06641264259815216
v 0.03981010988354683 0.03656303882598877 -0.06893954426050186
v 0.039462797343730927 0.029953746125102043 -0.06569166481494904
v 0.039462797343730927 0.029953746125102043 -0.06569166481494904
v 0.03981010988354683 0.03656303882598877 -0.06893954426050186
v 0.03990264981985092 0.036757905036211014 -0.06818077713251114
v 0.039462797343730927 0.029953746125102043 -0.06569166481494904
v 0.03990264981985092 0.036757905036211014 -0.06818077713251114
v 0.039741400629282 0.03500925377011299 -0.06686314195394516
v 0.039741400629282 0.03500925377011299 -0.06686314195394516
v 0.03990264981985092 0.036757905036211014 -0.06818077713251114
v 0.03984630107879639 0.03695032745599747 -0.06745677441358566
v 0.03625703975558281 0.030568735674023628 -0.07013183832168579
v 0.03657994046807289 0.03591848164796829 -0.07195914536714554
v 0.03733983263373375 0.03593860939145088 -0.07174856960773468
v 0.03733983263373375 0.03593860939145088 -0.07174856960773468
v 0.03657994046807289 0.03591848164796829 -0.07195914536714554
v 0.036672335118055344 0.0379352942109108 -0.07248201221227646
v 0.03733983263373375 0.03593860939145088 -0.07174856960773468
v 0.036672335118055344 0.0379352942109108 -0.07248201221227646
v 0.03761158883571625 0.0434989407658577 -0.07328645139932632
v 0.03761158883571625 0.0434989407658577 -0.07328645139932632
v 0.036672335118055344 0.0379352942109108 -0.07248201221227646
v 0.036852072924375534 0.04349002242088318 -0.07349913567304611
v 0.03761158883571625 0.0434989407658577 -0.07328645139932632
v 0.036852072924375534 0.04349002242088318 -0.07349913567304611
v 0.03689223527908325 0.04552607610821724 -0.07372642308473587
v 0.040176574140787125 0.04958195611834526 -0.06932578980922699
v 0.04015929251909256 0.04386061802506447 -0.0696331113576889
v 0.04024069383740425 0.05108925327658653 -0.0700937807559967
v 0.04024069383740425 0.05108925327658653 -0.0700937807559967
v 0.04015929251909256 0.04386061802506447 -0.0696331113576889
v 0.040070343762636185 0.043774817138910294 -0.07041221857070923
v 0.04024069383740425 0.05108925327658653 -0.0700937807559967
v 0.040070343762636185 0.043774817138910294 -0.07041221857070923
v 0.04015257954597473 0.051102492958307266 -0.0708775743842125
v 0.04015257954597473 0.051102492958307266 -0.0708775743842125
v 0.040070343762636185 0.043774817138910294 -0.07041221857070923
v 0.03982938081026077 0.04369542747735977 -0.0711592584848404
v 0.04015257954597473 0.051102492958307266 -0.0708775743842125
v 0.03982938081026077 0.04369542747735977 -0.0711592584848404
v 0.0399123840034008 0.05111449584364891 -0.07162898033857346
v 0.0399123840034008 0.05111449584364891 -0.07162898033857346
v 0.03982938081026077 0.04369542747735977 -0.0711592584848404
v 0.039445661008358 0.0436256006360054 -0.07184510678052902
v 0.0399123840034008 0.05111449584364891 -0.07162898033857346
v 0.039445661008358 0.0436256006360054 -0.07184510678052902
v 0.03952934220433235 0.05112485960125923 -0.0723186731338501
v 0.03952934220433235 0.05112485960125923 -0.0723186731338501
v 0.039445661008358 0.0436256006360054 -0.07184510678052902
v 0.0389341376721859 0.04356813058257103 -0.07244306057691574
v 0.03952934220433235 0.05112485960125923 -0.0723186731338501
v 0.0389341376721859 0.04356813058257103 -0.07244306057691574
v 0.039018381386995316 0.05113324150443077 -0.07291979342699051
v 0.039018381386995316 0.05113324150443077 -0.07291979342699051
v 0.0389341376721859 0.04356813058257103 -0.07244306057691574
v 0.038314711302518845 0.0435253344476223 -0.07292982190847397
v 0.039018381386995316 0.05113324150443077 -0.07291979342699051
v 0.038314711302518845 0.0435253344476223 -0.07292982190847397
v 0.03839937224984169 0.05113939568400383 -0.07340892404317856
v 0.03839937224984169 0.05113939568400383 -0.07340892404317856
v 0.038314711302518845 0.0435253344476223 -0.07292982190847397
v 0.03761158883571625 0.0434989407658577 -0.07328645139932632
v 0.03839937224984169 0.05113939568400383 -0.07340892404317856
v 0.03761158883571625 0.0434989407658577 -0.07328645139932632
v 0.037696510553359985 0.05114315077662468 -0.07376702129840851
v 0.037696510553359985 0.05114315077662468 -0.07376702129840851
v 0.03761158883571625 0.0434989407658577 -0.07328645139932632
v 0.03689223527908325 0.04552607610821724 -0.07372642308473587
v 0.037696510553359985 0.05114315077662468 -0.07376702129840851
v 0.03689223527908325 0.04552607610821724 -0.07372642308473587
v 0.036937080323696136 0.05114441737532616 -0.07398019731044769
v 0.02243986539542675 0.028628187254071236 0.02992137521505356
v 0.02284262888133526 0.028360197320580482 0.028767187148332596
v 0.02330591343343258 0.04034062474966049 0.0261454526335001
v 0.01754271239042282 0.011589807458221912 0.03577268868684769
v 0.01730930805206299 0.0055496664717793465 0.037093549966812134
v 0.01849069446325302 0.005549757741391659 0.03712092339992523
v 0.01947462372481823 0.029184984043240547 0.03194329887628555
v 0.019613437354564667 0.00554992537945509 0.03680219501256943
v 0.020669197663664818 0.029061803594231606 0.03159116208553314
v 0.020669197663664818 0.029061803594231606 0.03159116208553314
v 0.019613437354564667 0.00554992537945509 0.03680219501256943
v 0.020661640912294388 0.005549737252295017 0.036114681512117386
v 0.020669197663664818 0.029061803594231606 0.03159116208553314
v 0.020661640912294388 0.005549737252295017 0.036114681512117386
v 0.021690955385565758 0.02886994369328022 0.03089444898068905
v 0.021690955385565758 0.02886994369328022 0.03089444898068905
v 0.020661640912294388 0.005549737252295017 0.036114681512117386
v 0.021396903321146965 0.0055497149005532265 0.03523244708776474
v 0.021690955385565758 0.02886994369328022 0.03089444898068905
v 0.021396903321146965 0.0055497149005532265 0.03523244708776474
v 0.02243986539542675 0.028628187254071236 0.02992137521505356
v 0.02243986539542675 0.028628187254071236 0.02992137521505356
v 0.021396903321146965 0.0055497149005532265 0.03523244708776474
v 0.021893778815865517 0.005549647845327854 0.03406687453389168
v 0.02243986539542675 0.028628187254071236 0.02992137521505356
v 0.021893778815865517 0.005549647845327854 0.03406687453389168
v 0.02284262888133526 0.028360197320580482 0.028767187148332596
v 0.02284262888133526 0.028360197320580482 0.028767187148332596
v 0.021893778815865517 0.005549647845327854 0.03406687453389168
v 0.02196129970252514 0.005549696274101734 0.03375463932752609
v 0.018450576812028885 0.03508502244949341 0.03063509799540043
v 0.01754271239042282 0.011589807458221912 0.03577268868684769
v 0.01947462372481823 0.029184984043240547 0.03194329887628555
v 0.01947462372481823 0.029184984043240547 0.03194329887628555
v 0.01754271239042282 0.011589807458221912 0.03577268868684769
v 0.01849069446325302 0.005549757741391659 0.03712092339992523
v 0.01947462372481823 0.029184984043240547 0.03194329887628555
v 0.01849069446325302 0.005549757741391659 0.03712092339992523
v 0.019613437354564667 0.00554992537945509 0.03680219501256943
v 0.0191238671541214 0.05199999734759331 0.02682494930922985
v 0.018450576812028885 0.03508502244949341 0.03063509799540043
v 0.01993797905743122 0.041167251765728 0.02932116948068142
v 0.0191238671541214 0.05199999734759331 0.02682494930922985
v 0.01993797905743122 0.041167251765728 0.02932116948068142
v 0.020706962794065475 0.05199999734759331 0.026776941493153572
v 0.020706962794065475 0.05199999734759331 0.026776941493153572
v 0.01993797905743122 0.041167251765728 0.02932116948068142
v 0.021132545545697212 0.04104379564523697 0.028969082981348038
v 0.020706962794065475 0.05199999734759331 0.026776941493153572
v 0.021132545545697212 0.04104379564523697 0.028969082981348038
v 0.02157839946448803 0.05199999734759331 0.026457032188773155
v 0.02157839946448803 0.05199999734759331 0.026457032188773155
v 0.021132545545697212 0.04104379564523697 0.028969082981348038
v 0.02215428091585636 0.04085150733590126 0.028272468596696854
v 0.02157839946448803 0.05199999734759331 0.026457032188773155
v 0.02215428091585636 0.04085150733590126 0.028272468596696854
v 0.02214459702372551 0.05199999734759331 0.026108326390385628
v 0.02214459702372551 0.05199999734759331 0.026108326390385628
v 0.02215428091585636 0.04085150733590126 0.028272468596696854
v 0.02290317416191101 0.040609210729599 0.027299514040350914
v 0.02214459702372551 0.05199999734759331 0.026108326390385628
v 0.02290317416191101 0.040609210729599 0.027299514040350914
v 0.023217855021357536 0.05199999734759331 0.024939890950918198
v 0.023217855021357536 0.05199999734759331 0.024939890950918198
v 0.02290317416191101 0.040609210729599 0.027299514040350914
v 0.02353009395301342 0.046056441962718964 0.024876825511455536
v 0.023217855021357536 0.05199999734759331 0.024939890950918198
v 0.02353009395301342 0.046056441962718964 0.024876825511455536
v 0.023781362920999527 0.05199999734759331 0.02345488779246807
v 0.018450576812028885 0.03508502244949341 0.03063509799540043
v 0.01947462372481823 0.029184984043240547 0.03194329887628555
v 0.01993797905743122 0.041167251765728 0.02932116948068142
v 0.01993797905743122 0.041167251765728 0.02932116948068142
v 0.01947462372481823 0.029184984043240547 0.03194329887628555
v 0.020669197663664818 0.029061803594231606 0.03159116208553314
v 0.021132545545697212 0.04104379564523697 0.028969082981348038
v 0.021132545545697212 0.04104379564523697 0.028969082981348038
v 0.020669197663664818 0.029061803594231606 0.03159116208553314
v 0.021690955385565758 0.02886994369328022 0.03089444898068905
v 0.02215428091585636 0.04085150733590126 0.028272468596696854
v 0.02215428091585636 0.04085150733590126 0.028272468596696854
v 0.021690955385565758 0.02886994369328022 0.03089444898068905
v 0.02243986539542675 0.028628187254071236 0.02992137521505356
v 0.02290317416191101 0.040609210729599 0.027299514040350914
v 0.02290317416191101 0.040609210729599 0.027299514040350914
v 0.02290317416191101 0.040609210729599 0.027299514040350914
v 0.02330591343343258 0.04034062474966049 0.0261454526335001
v 0.02353009395301342 0.046056441962718964 0.024876825511455536
v 0.022025810554623604 0.004999999888241291 0.03338957577943802
v 0.022025810554623604 0.005549698136746883 0.03338957577943802
v 0.021110855042934418 0.005549692548811436 0.03397545963525772
v 0.022025810554623604 1.7528539730804482e-10 0.03338957577943802
v 0.022025810554623604 0.004999999888241291 0.03338957577943802
v 0.020180370658636093 1.7528538343025701e-10 0.03453625366091728
v 0.020180370658636093 1.7528538343025701e-10 0.03453625366091728
v 0.022025810554623604 0.004999999888241291 0.03338957577943802
v 0.021110855042934418 0.005549692548811436 0.03397545963525772
v 0.020180370658636093 1.7528538343025701e-10 0.03453625366091728
v 0.021110855042934418 0.005549692548811436 0.03397545963525772
v 0.020180335268378258 0.005549688823521137 0.034536272287368774
v -0.02050352282822132 0.012293937616050243 0.021209808066487312
v -0.02163897641003132 0.01153282169252634 0.020050056278705597
v -0.020503519102931023 0.005549673922359943 0.02120981179177761
v -0.020503519102931023 0.005549673922359943 0.02120981179177761
v -0.02163897641003132 0.01153282169252634 0.020050056278705597
v -0.022814039140939713 0.011095969937741756 0.018702136352658272
v -0.020503519102931023 0.005549673922359943 0.02120981179177761
v -0.022814039140939713 0.011095969937741756 0.018702136352658272
v -0.020503513514995575 1.7528432871838362e-10 0.02120981551706791
v -0.020503513514995575 1.7528432871838362e-10 0.02120981551706791
v -0.022814039140939713 0.011095969937741756 0.018702136352658272
v -0.02325264923274517 1.7528421769608116e-10 0.01815391145646572
v -0.02163451351225376 0.01099999900907278 -0.02005487121641636
v -0.018636856228113174 0.01099999900907278 -0.022867392748594284
v -0.018636848777532578 1.7528352380669077e-10 -0.022867396473884583
v -0.022814039140939713 0.011095969937741756 0.018702136352658272
v -0.02362479269504547 0.01099999900907278 0.01766689121723175
v -0.02325264923274517 1.7528421769608116e-10 0.01815391145646572
v -0.02325264923274517 1.7528421769608116e-10 0.01815391145646572
v -0.02362479269504547 0.01099999900907278 0.01766689121723175
v -0.026841359212994576 0.01099999900907278 0.01223891694098711
v -0.02325264923274517 1.7528421769608116e-10 0.01815391145646572
v -0.026841359212994576 0.01099999900907278 0.01223891694098711
v -0.026841359212994576 1.7528403728483966e-10 0.01223891694098711
v -0.026841359212994576 1.7528403728483966e-10 0.01223891694098711
v -0.026841359212994576 0.01099999900907278 0.01223891694098711
v -0.028953740373253822 0.01099999900907278 0.005650768522173166
v -0.028953740373253822 1.7528385687359815e-10 0.005650768522173166
v -0.028953740373253822 1.7528385687359815e-10 0.005650768522173166
v -0.028953740373253822 0.01099999900907278 0.005650768522173166
v -0.02947358414530754 0.01099999900907278 -0.001248197047971189
v -0.02947358414530754 1.7528371809572008e-10 -0.001248197047971189
v -0.02947358414530754 1.7528371809572008e-10 -0.001248197047971189
v -0.02947358414530754 0.01099999900907278 -0.001248197047971189
v -0.028372306376695633 0.01099999900907278 -0.00807850994169712
v -0.028372306376695633 1.7528360707341761e-10 -0.00807850994169712
v -0.028372306376695633 1.7528360707341761e-10 -0.00807850994169712
v -0.028372306376695633 0.01099999900907278 -0.00807850994169712
v -0.02571048028767109 0.01099999900907278 -0.014464481733739376
v -0.02571048028767109 1.7528353768447857e-10 -0.014464481733739376
v -0.02571048028767109 1.7528353768447857e-10 -0.014464481733739376
v -0.02571048028767109 0.01099999900907278 -0.014464481733739376
v -0.02163451351225376 0.01099999900907278 -0.02005487121641636
v -0.02163451351225376 1.7528350992890296e-10 -0.02005487121641636
v -0.02163451351225376 1.7528350992890296e-10 -0.02005487121641636
v -0.018600955605506897 1.7528449525183731e-10 0.02768339216709137
v 0.020180370658636093 1.7528538343025701e-10 0.03453625366091728
v -0.018600966781377792 0.004970862530171871 0.027683420106768608
v 0.020180335268378258 0.005549688823521137 0.034536272287368774
v -0.01859838329255581 0.005549653433263302 0.02768387831747532
v -0.019925551488995552 1.752844536184739e-10 0.02709347940981388
v -0.019570477306842804 0.0055496571585536 0.027332141995429993
v -0.02052813395857811 0.005549660883843899 0.026461655274033546
v -0.019925551488995552 1.752844536184739e-10 0.02709347940981388
v -0.018600955605506897 1.7528449525183731e-10 0.02768339216709137
v -0.019570477306842804 0.0055496571585536 0.027332141995429993
v -0.019570477306842804 0.0055496571585536 0.027332141995429993
v -0.018600955605506897 1.7528449525183731e-10 0.02768339216709137
v -0.018600966781377792 0.004970862530171871 0.027683420106768608
v -0.019570477306842804 0.0055496571585536 0.027332141995429993
v -0.018600966781377792 0.004970862530171871 0.027683420106768608
v -0.01859838329255581 0.005549653433263302 0.02768387831747532
v -0.021033169701695442 0.005549670197069645 0.02420715242624283
v -0.021033158525824547 1.7528437035174704e-10 0.02420712262392044
v -0.021069485694169998 0.005549668334424496 0.02449115924537182
v -0.021069485694169998 0.005549668334424496 0.02449115924537182
v -0.021033158525824547 1.7528437035174704e-10 0.02420712262392044
v -0.021074604243040085 1.7528438422953485e-10 0.0245680995285511
v -0.021069485694169998 0.005549668334424496 0.02449115924537182
v -0.021074604243040085 1.7528438422953485e-10 0.0245680995285511
v -0.021030014380812645 0.005549664609134197 0.02526877261698246
v -0.021030014380812645 0.005549664609134197 0.02526877261698246
v -0.021074604243040085 1.7528438422953485e-10 0.0245680995285511
v -0.02103000320494175 1.7528439810732266e-10 0.025268742814660072
v -0.021030014380812645 0.005549664609134197 0.02526877261698246
v -0.02103000320494175 1.7528439810732266e-10 0.025268742814660072
v -0.020844170823693275 0.005549660883843899 0.025892606005072594
v -0.020844170823693275 0.005549660883843899 0.025892606005072594
v -0.02103000320494175 1.7528439810732266e-10 0.025268742814660072
v -0.0208097193390131 1.7528441198511047e-10 0.025971250608563423
v -0.020844170823693275 0.005549660883843899 0.025892606005072594
v -0.0208097193390131 1.7528441198511047e-10 0.025971250608563423
v -0.02052813395857811 0.005549660883843899 0.026461655274033546
v -0.02052813395857811 0.005549660883843899 0.026461655274033546
v -0.0208097193390131 1.7528441198511047e-10 0.025971250608563423
v -0.020528122782707214 1.7528442586289827e-10 0.02646162547171116
v -0.02052813395857811 0.005549660883843899 0.026461655274033546
v -0.020528122782707214 1.7528442586289827e-10 0.02646162547171116
v -0.019925551488995552 1.752844536184739e-10 0.02709347940981388
v 0.020691031590104103 0.07289528846740723 0.017956353724002838
v 0.021696006879210472 0.07283569127321243 0.018019836395978928
v 0.020807653665542603 0.07412106543779373 0.017296388745307922
v 0.02181234024465084 0.07405845820903778 0.017361488193273544
v 0.02181234024465084 0.07405845820903778 0.017361488193273544
v 0.021696006879210472 0.07283569127321243 0.018019836395978928
v 0.02231036126613617 0.07398099452257156 0.01731017604470253
v 0.02231036126613617 0.07398099452257156 0.01731017604470253
v 0.021696006879210472 0.07283569127321243 0.018019836395978928
v 0.02218412049114704 0.07276368886232376 0.017968250438570976
v 0.02231036126613617 0.07398099452257156 0.01731017604470253
v 0.02218412049114704 0.07276368886232376 0.017968250438570976
v 0.022747185081243515 0.07388602197170258 0.017216533422470093
v 0.02218412049114704 0.07276368886232376 0.017968250438570976
v 0.02305157482624054 0.07255929708480835 0.017730241641402245
v 0.022747185081243515 0.07388602197170258 0.017216533422470093
v 0.022747185081243515 0.07388602197170258 0.017216533422470093
v 0.02305157482624054 0.07255929708480835 0.017730241641402245
v 0.023842940106987953 0.07226549834012985 0.017307620495557785
v 0.022747185081243515 0.07388602197170258 0.017216533422470093
v 0.023842940106987953 0.07226549834012985 0.017307620495557785
v 0.02395661547780037 0.07346033304929733 0.016664329916238785
v 0.02395661547780037 0.07346033304929733 0.016664329916238785
v 0.023842940106987953 0.07226549834012985 0.017307620495557785
v 0.024337774142622948 0.07325587421655655 0.016363775357604027
v 0.024337774142622948 0.07325587421655655 0.016363775357604027
v 0.023842940106987953 0.07226549834012985 0.017307620495557785
v 0.024750104174017906 0.07170385122299194 0.016392678022384644
v 0.024337774142622948 0.07325587421655655 0.016363775357604027
v 0.024750104174017906 0.07170385122299194 0.016392678022384644
v 0.02486116997897625 0.07287128269672394 0.015764152631163597
v 0.02486116997897625 0.07287128269672394 0.015764152631163597
v 0.024750104174017906 0.07170385122299194 0.016392678022384644
v 0.02524920366704464 0.07239529490470886 0.0149760777130723
v 0.02524920366704464 0.07239529490470886 0.0149760777130723
v 0.024750104174017906 0.07170385122299194 0.016392678022384644
v 0.025244908407330513 0.07102090865373611 0.015172665938735008
v 0.02524920366704464 0.07239529490470886 0.0149760777130723
v 0.025244908407330513 0.07102090865373611 0.015172665938735008
v 0.025352809578180313 0.07215508818626404 0.014562060125172138
v 0.03028065897524357 0.09822075814008713 -0.025693312287330627
v 0.029917800799012184 0.09838807582855225 -0.02574562467634678
v 0.028804836794734 0.09761840850114822 -0.019442148506641388
v 0.028804836794734 0.09761840850114822 -0.019442148506641388
v 0.029917800799012184 0.09838807582855225 -0.02574562467634678
v 0.028455644845962524 0.09867608547210693 -0.025983676314353943
v 0.031700875610113144 0.0969739705324173 -0.025530321523547173
v 0.031270578503608704 0.097491554915905 -0.025569835677742958
v 0.030172349885106087 0.09672869741916656 -0.01935534179210663
v 0.02181234024465084 0.07405845820903778 0.017361488193273544
v 0.02231036126613617 0.07398099452257156 0.01731017604470253
v 0.022609097883105278 0.07679590582847595 0.015619599260389805
v 0.022747185081243515 0.07388602197170258 0.017216533422470093
v 0.02395661547780037 0.07346033304929733 0.016664329916238785
v 0.0240812748670578 0.07630041241645813 0.015114124864339828
v 0.024337774142622948 0.07325587421655655 0.016363775357604027
v 0.02486116997897625 0.07287128269672394 0.015764152631163597
v 0.025153635069727898 0.07554824650287628 0.014141414314508438
v 0.02524920366704464 0.07239529490470886 0.0149760777130723
v 0.025352809578180313 0.07215508818626404 0.014562060125172138
v 0.025806738063693047 0.07623957097530365 0.011993258260190487
v 0.03139347583055496 0.09395571053028107 -0.019622156396508217
v 0.03244286775588989 0.0946856439113617 -0.02556067705154419
v 0.03108583390712738 0.0953781008720398 -0.01942897029221058
v 0.03108583390712738 0.0953781008720398 -0.01942897029221058
v 0.03244286775588989 0.0946856439113617 -0.02556067705154419
v 0.0324062816798687 0.09517399221658707 -0.025532687082886696
v 0.02901088446378708 0.092225581407547 -0.007686801254749298
v 0.029604855924844742 0.09136039018630981 -0.009500332176685333
v 0.030037829652428627 0.09406471252441406 -0.013498303480446339
v 0.030037829652428627 0.09406471252441406 -0.013498303480446339
v 0.029604855924844742 0.09136039018630981 -0.009500332176685333
v 0.03036694973707199 0.09266941994428635 -0.0138130197301507
v 0.030037829652428627 0.09406471252441406 -0.013498303480446339
v 0.03036694973707199 0.09266941994428635 -0.0138130197301507
v 0.03108583390712738 0.0953781008720398 -0.01942897029221058
v 0.03108583390712738 0.0953781008720398 -0.01942897029221058
v 0.03036694973707199 0.09266941994428635 -0.0138130197301507
v 0.03101152926683426 0.09354063868522644 -0.01746070384979248
v 0.03108583390712738 0.0953781008720398 -0.01942897029221058
v 0.03101152926683426 0.09354063868522644 -0.01746070384979248
v 0.03139347583055496 0.09395571053028107 -0.019622156396508217
v 0.028009871020913124 0.08978693187236786 -0.0020220603328198195
v 0.028396565467119217 0.0885222852230072 -0.00266260071657598
v 0.02901088446378708 0.092225581407547 -0.007686801254749298
v 0.02901088446378708 0.092225581407547 -0.007686801254749298
v 0.028396565467119217 0.0885222852230072 -0.00266260071657598
v 0.029361732304096222 0.0908714160323143 -0.00812448002398014
v 0.02901088446378708 0.092225581407547 -0.007686801254749298
v 0.029361732304096222 0.0908714160323143 -0.00812448002398014
v 0.029604855924844742 0.09136039018630981 -0.009500332176685333
v 0.027529938146471977 0.0883222445845604 0.0006938895094208419
v 0.027472663670778275 0.08547211438417435 0.0025657671503722668
v 0.028009871020913124 0.08978693187236786 -0.0020220603328198195
v 0.028009871020913124 0.08978693187236786 -0.0020220603328198195
v 0.027472663670778275 0.08547211438417435 0.0025657671503722668
v 0.028385896235704422 0.08849217742681503 -0.002602212131023407
v 0.028009871020913124 0.08978693187236786 -0.0020220603328198195
v 0.028385896235704422 0.08849217742681503 -0.002602212131023407
v 0.028396565467119217 0.0885222852230072 -0.00266260071657598
v 0.027529938146471977 0.0883222445845604 0.0006938895094208419
v 0.027067244052886963 0.08667271584272385 0.0033122743479907513
v 0.027472663670778275 0.08547211438417435 0.0025657671503722668
v 0.027472663670778275 0.08547211438417435 0.0025657671503722668
v 0.027067244052886963 0.08667271584272385 0.0033122743479907513
v 0.026623286306858063 0.08481418341398239 0.005824635736644268
v 0.027472663670778275 0.08547211438417435 0.0025657671503722668
v 0.026623286306858063 0.08481418341398239 0.005824635736644268
v 0.027390362694859505 0.08514983206987381 0.0030315311159938574
v 0.027390362694859505 0.08514983206987381 0.0030315311159938574
v 0.026623286306858063 0.08481418341398239 0.005824635736644268
v 0.026204511523246765 0.08274953812360764 0.008194489404559135
v 0.027390362694859505 0.08514983206987381 0.0030315311159938574
v 0.026204511523246765 0.08274953812360764 0.008194489404559135
v 0.02664102055132389 0.08169449865818024 0.007272063754498959
v 0.02664102055132389 0.08169449865818024 0.007272063754498959
v 0.026204511523246765 0.08274953812360764 0.008194489404559135
v 0.02581965923309326 0.08050444722175598 0.010372359305620193
v 0.02664102055132389 0.08169449865818024 0.007272063754498959
v 0.02581965923309326 0.08050444722175598 0.010372359305620193
v 0.026550613343715668 0.08119997382164001 0.00778366532176733
v 0.026550613343715668 0.08119997382164001 0.00778366532176733
v 0.02581965923309326 0.08050444722175598 0.010372359305620193
v 0.025469966232776642 0.07809954136610031 0.012351294979453087
v 0.026550613343715668 0.08119997382164001 0.00778366532176733
v 0.025469966232776642 0.07809954136610031 0.012351294979453087
v 0.025933939963579178 0.07721884548664093 0.011273425072431564
v 0.025933939963579178 0.07721884548664093 0.011273425072431564
v 0.025469966232776642 0.07809954136610031 0.012351294979453087
v 0.025153635069727898 0.07554824650287628 0.014141414314508438
v 0.025933939963579178 0.07721884548664093 0.011273425072431564
v 0.025153635069727898 0.07554824650287628 0.014141414314508438
v 0.025806738063693047 0.07623957097530365 0.011993258260190487
v 0.025806738063693047 0.07623957097530365 0.011993258260190487
v 0.025153635069727898 0.07554824650287628 0.014141414314508438
v 0.02486116997897625 0.07287128269672394 0.015764152631163597
v 0.025806738063693047 0.07623957097530365 0.011993258260190487
v 0.02486116997897625 0.07287128269672394 0.015764152631163597
v 0.02524920366704464 0.07239529490470886 0.0149760777130723
v 0.0324062816798687 0.09517399221658707 -0.025532687082886696
v 0.032355714589357376 0.0954633504152298 -0.025521202012896538
v 0.03108583390712738 0.0953781008720398 -0.01942897029221058
v 0.03108583390712738 0.0953781008720398 -0.01942897029221058
v 0.032355714589357376 0.0954633504152298 -0.025521202012896538
v 0.032156720757484436 0.09612350910902023 -0.0255097858607769
v 0.03108583390712738 0.0953781008720398 -0.01942897029221058
v 0.032156720757484436 0.09612350910902023 -0.0255097858607769
v 0.032120976597070694 0.09621116518974304 -0.0255099106580019
v 0.032120976597070694 0.09621116518974304 -0.0255099106580019
v 0.031700875610113144 0.0969739705324173 -0.025530321523547173
v 0.03108583390712738 0.0953781008720398 -0.01942897029221058
v 0.03108583390712738 0.0953781008720398 -0.01942897029221058
v 0.031700875610113144 0.0969739705324173 -0.025530321523547173
v 0.030172349885106087 0.09672869741916656 -0.01935534179210663
v 0.03108583390712738 0.0953781008720398 -0.01942897029221058
v 0.030172349885106087 0.09672869741916656 -0.01935534179210663
v 0.030037829652428627 0.09406471252441406 -0.013498303480446339
v 0.030037829652428627 0.09406471252441406 -0.013498303480446339
v 0.030172349885106087 0.09672869741916656 -0.01935534179210663
v 0.029103958979249 0.09538949280977249 -0.013309305533766747
v 0.030037829652428627 0.09406471252441406 -0.013498303480446339
v 0.029103958979249 0.09538949280977249 -0.013309305533766747
v 0.02901088446378708 0.092225581407547 -0.007686801254749298
v 0.02901088446378708 0.092225581407547 -0.007686801254749298
v 0.029103958979249 0.09538949280977249 -0.013309305533766747
v 0.02805626392364502 0.09351309388875961 -0.007380382623523474
v 0.02901088446378708 0.092225581407547 -0.007686801254749298
v 0.02805626392364502 0.09351309388875961 -0.007380382623523474
v 0.028009871020913124 0.08978693187236786 -0.0020220603328198195
v 0.028009871020913124 0.08978693187236786 -0.0020220603328198195
v 0.02805626392364502 0.09351309388875961 -0.007380382623523474
v 0.027031468227505684 0.09101621061563492 -0.001581057091243565
v 0.028009871020913124 0.08978693187236786 -0.0020220603328198195
v 0.027031468227505684 0.09101621061563492 -0.001581057091243565
v 0.027529938146471977 0.0883222445845604 0.0006938895094208419
v 0.027529938146471977 0.0883222445845604 0.0006938895094208419
v 0.027031468227505684 0.09101621061563492 -0.001581057091243565
v 0.026538163423538208 0.08951067179441452 0.0012105541536584496
v 0.027529938146471977 0.0883222445845604 0.0006938895094208419
v 0.026538163423538208 0.08951067179441452 0.0012105541536584496
v 0.027067244052886963 0.08667271584272385 0.0033122743479907513
v 0.027067244052886963 0.08667271584272385 0.0033122743479907513
v 0.026538163423538208 0.08951067179441452 0.0012105541536584496
v 0.026061207056045532 0.0878102108836174 0.003909661900252104
v 0.027067244052886963 0.08667271584272385 0.0033122743479907513
v 0.026061207056045532 0.0878102108836174 0.003909661900252104
v 0.026623286306858063 0.08481418341398239 0.005824635736644268
v 0.026623286306858063 0.08481418341398239 0.005824635736644268
v 0.026061207056045532 0.0878102108836174 0.003909661900252104
v 0.025602323934435844 0.08588910847902298 0.00650646910071373
v 0.026623286306858063 0.08481418341398239 0.005824635736644268
v 0.025602323934435844 0.08588910847902298 0.00650646910071373
v 0.026204511523246765 0.08274953812360764 0.008194489404559135
v 0.02516869269311428 0.08375120162963867 0.00896040815860033
v 0.026204511523246765 0.08274953812360764 0.008194489404559135
v 0.02516869269311428 0.08375120162963867 0.00896040815860033
v 0.02581965923309326 0.08050444722175598 0.010372359305620193
v 0.02581965923309326 0.08050444722175598 0.010372359305620193
v 0.02516869269311428 0.08375120162963867 0.00896040815860033
v 0.024770023301243782 0.08142507821321487 0.011216475628316402
v 0.02581965923309326 0.08050444722175598 0.010372359305620193
v 0.024770023301243782 0.08142507821321487 0.011216475628316402
v 0.025469966232776642 0.07809954136610031 0.012351294979453087
v 0.025469966232776642 0.07809954136610031 0.012351294979453087
v 0.024770023301243782 0.08142507821321487 0.011216475628316402
v 0.024408072233200073 0.07893562316894531 0.013264759443700314
v 0.025469966232776642 0.07809954136610031 0.012351294979453087
v 0.024408072233200073 0.07893562316894531 0.013264759443700314
v 0.025153635069727898 0.07554824650287628 0.014141414314508438
v 0.025153635069727898 0.07554824650287628 0.014141414314508438
v 0.024408072233200073 0.07893562316894531 0.013264759443700314
v 0.0240812748670578 0.07630041241645813 0.015114124864339828
v 0.025153635069727898 0.07554824650287628 0.014141414314508438
v 0.0240812748670578 0.07630041241645813 0.015114124864339828
v 0.024337774142622948 0.07325587421655655 0.016363775357604027
v 0.024337774142622948 0.07325587421655655 0.016363775357604027
v 0.0240812748670578 0.07630041241645813 0.015114124864339828
v 0.02395661547780037 0.07346033304929733 0.016664329916238785
v 0.028455644845962524 0.09867608547210693 -0.025983676314353943
v 0.027337050065398216 0.09789282828569412 -0.01965354196727276
v 0.028804836794734 0.09761840850114822 -0.019442148506641388
v 0.028804836794734 0.09761840850114822 -0.019442148506641388
v 0.027337050065398216 0.09789282828569412 -0.01965354196727276
v 0.026989908888936043 0.09752173721790314 -0.017689060419797897
v 0.028804836794734 0.09761840850114822 -0.019442148506641388
v 0.026989908888936043 0.09752173721790314 -0.017689060419797897
v 0.02772301807999611 0.09626220911741257 -0.013320116326212883
v 0.02772301807999611 0.09626220911741257 -0.013320116326212883
v 0.026989908888936043 0.09752173721790314 -0.017689060419797897
v 0.026250844821333885 0.09653757512569427 -0.013506677933037281
v 0.02772301807999611 0.09626220911741257 -0.013320116326212883
v 0.026250844821333885 0.09653757512569427 -0.013506677933037281
v 0.026661651208996773 0.09436125308275223 -0.007313837762922049
v 0.026250844821333885 0.09653757512569427 -0.013506677933037281
v 0.025567280128598213 0.09538421779870987 -0.00963839516043663
v 0.026661651208996773 0.09436125308275223 -0.007313837762922049
v 0.026661651208996773 0.09436125308275223 -0.007313837762922049
v 0.025567280128598213 0.09538421779870987 -0.00963839516043663
v 0.02518516406416893 0.09462887048721313 -0.007475992199033499
v 0.026661651208996773 0.09436125308275223 -0.007313837762922049
v 0.02518516406416893 0.09462887048721313 -0.007475992199033499
v 0.025621188804507256 0.09182600677013397 -0.0014258533483371139
v 0.025621188804507256 0.09182600677013397 -0.0014258533483371139
v 0.02518516406416893 0.09462887048721313 -0.007475992199033499
v 0.024142827838659286 0.0920901894569397 -0.0015774097992107272
v 0.025621188804507256 0.09182600677013397 -0.0014258533483371139
v 0.024142827838659286 0.0920901894569397 -0.0015774097992107272
v 0.025119079276919365 0.09029355645179749 0.001415591104887426
v 0.025119079276919365 0.09029355645179749 0.001415591104887426
v 0.024142827838659286 0.0920901894569397 -0.0015774097992107272
v 0.023634880781173706 0.09054046869277954 0.0012970756506547332
v 0.025119079276919365 0.09029355645179749 0.001415591104887426
v 0.023634880781173706 0.09054046869277954 0.0012970756506547332
v 0.02463272213935852 0.08855953812599182 0.00416788412258029
v 0.023634880781173706 0.09054046869277954 0.0012970756506547332
v 0.02314554899930954 0.0887959748506546 0.004066212102770805
v 0.02463272213935852 0.08855953812599182 0.00416788412258029
v 0.02463272213935852 0.08855953812599182 0.00416788412258029
v 0.02314554899930954 0.0887959748506546 0.004066212102770805
v 0.0230767372995615 0.08852754533290863 0.004455605987459421
v 0.02463272213935852 0.08855953812599182 0.00416788412258029
v 0.0230767372995615 0.08852754533290863 0.004455605987459421
v 0.024164017289876938 0.08659722656011581 0.006820312701165676
v 0.024164017289876938 0.08659722656011581 0.006820312701165676
v 0.0230767372995615 0.08852754533290863 0.004455605987459421
v 0.022673631086945534 0.08682141453027725 0.006736802402883768
v 0.024164017289876938 0.08659722656011581 0.006820312701165676
v 0.022673631086945534 0.08682141453027725 0.006736802402883768
v 0.023720592260360718 0.08441105484962463 0.00932964775711298
v 0.023720592260360718 0.08441105484962463 0.00932964775711298
v 0.022673631086945534 0.08682141453027725 0.006736802402883768
v 0.022126467898488045 0.08406828343868256 0.00983319990336895
v 0.023720592260360718 0.08441105484962463 0.00932964775711298
v 0.022126467898488045 0.08406828343868256 0.00983319990336895
v 0.023312821984291077 0.08203154802322388 0.011637233197689056
v 0.023312821984291077 0.08203154802322388 0.011637233197689056
v 0.022126467898488045 0.08406828343868256 0.00983319990336895
v 0.021816221997141838 0.08222470432519913 0.011588879860937595
v 0.023312821984291077 0.08203154802322388 0.011637233197689056
v 0.021816221997141838 0.08222470432519913 0.011588879860937595
v 0.02294280007481575 0.07948639988899231 0.013731190003454685
v 0.02294280007481575 0.07948639988899231 0.013731190003454685
v 0.021816221997141838 0.08222470432519913 0.011588879860937595
v 0.02132556214928627 0.07876037061214447 0.014365550130605698
v 0.02294280007481575 0.07948639988899231 0.013731190003454685
v 0.02132556214928627 0.07876037061214447 0.014365550130605698
v 0.022609097883105278 0.07679590582847595 0.015619599260389805
v 0.022609097883105278 0.07679590582847595 0.015619599260389805
v 0.02132556214928627 0.07876037061214447 0.014365550130605698
v 0.020807653665542603 0.07412106543779373 0.017296388745307922
v 0.022609097883105278 0.07679590582847595 0.015619599260389805
v 0.020807653665542603 0.07412106543779373 0.017296388745307922
v 0.02181234024465084 0.07405845820903778 0.017361488193273544
v 0.031270578503608704 0.097491554915905 -0.025569835677742958
v 0.03028065897524357 0.09822075814008713 -0.025693312287330627
v 0.030172349885106087 0.09672869741916656 -0.01935534179210663
v 0.030172349885106087 0.09672869741916656 -0.01935534179210663
v 0.03028065897524357 0.09822075814008713 -0.025693312287330627
v 0.028804836794734 0.09761840850114822 -0.019442148506641388
v 0.030172349885106087 0.09672869741916656 -0.01935534179210663
v 0.028804836794734 0.09761840850114822 -0.019442148506641388
v 0.029103958979249 0.09538949280977249 -0.013309305533766747
v 0.029103958979249 0.09538949280977249 -0.013309305533766747
v 0.028804836794734 0.09761840850114822 -0.019442148506641388
v 0.02772301807999611 0.09626220911741257 -0.013320116326212883
v 0.029103958979249 0.09538949280977249 -0.013309305533766747
v 0.02772301807999611 0.09626220911741257 -0.013320116326212883
v 0.02805626392364502 0.09351309388875961 -0.007380382623523474
v 0.02805626392364502 0.09351309388875961 -0.007380382623523474
v 0.02772301807999611 0.09626220911741257 -0.013320116326212883
v 0.026661651208996773 0.09436125308275223 -0.007313837762922049
v 0.02805626392364502 0.09351309388875961 -0.007380382623523474
v 0.026661651208996773 0.09436125308275223 -0.007313837762922049
v 0.027031468227505684 0.09101621061563492 -0.001581057091243565
v 0.027031468227505684 0.09101621061563492 -0.001581057091243565
v 0.026661651208996773 0.09436125308275223 -0.007313837762922049
v 0.025621188804507256 0.09182600677013397 -0.0014258533483371139
v 0.027031468227505684 0.09101621061563492 -0.001581057091243565
v 0.025621188804507256 0.09182600677013397 -0.0014258533483371139
v 0.026538163423538208 0.08951067179441452 0.0012105541536584496
v 0.026538163423538208 0.08951067179441452 0.0012105541536584496
v 0.025621188804507256 0.09182600677013397 -0.0014258533483371139
v 0.025119079276919365 0.09029355645179749 0.001415591104887426
v 0.026538163423538208 0.08951067179441452 0.0012105541536584496
v 0.025119079276919365 0.09029355645179749 0.001415591104887426
v 0.026061207056045532 0.0878102108836174 0.003909661900252104
v 0.026061207056045532 0.0878102108836174 0.003909661900252104
v 0.025119079276919365 0.09029355645179749 0.001415591104887426
v 0.02463272213935852 0.08855953812599182 0.00416788412258029
v 0.026061207056045532 0.0878102108836174 0.003909661900252104
v 0.02463272213935852 0.08855953812599182 0.00416788412258029
v 0.025602323934435844 0.08588910847902298 0.00650646910071373
v 0.025602323934435844 0.08588910847902298 0.00650646910071373
v 0.02463272213935852 0.08855953812599182 0.00416788412258029
v 0.024164017289876938 0.08659722656011581 0.006820312701165676
v 0.025602323934435844 0.08588910847902298 0.00650646910071373
v 0.024164017289876938 0.08659722656011581 0.006820312701165676
v 0.02516869269311428 0.08375120162963867 0.00896040815860033
v 0.023720592260360718 0.08441105484962463 0.00932964775711298
v 0.02516869269311428 0.08375120162963867 0.00896040815860033
v 0.023720592260360718 0.08441105484962463 0.00932964775711298
v 0.024770023301243782 0.08142507821321487 0.011216475628316402
v 0.024770023301243782 0.08142507821321487 0.011216475628316402
v 0.023720592260360718 0.08441105484962463 0.00932964775711298
v 0.023312821984291077 0.08203154802322388 0.011637233197689056
v 0.024770023301243782 0.08142507821321487 0.011216475628316402
v 0.023312821984291077 0.08203154802322388 0.011637233197689056
v 0.024408072233200073 0.07893562316894531 0.013264759443700314
v 0.024408072233200073 0.07893562316894531 0.013264759443700314
v 0.023312821984291077 0.08203154802322388 0.011637233197689056
v 0.02294280007481575 0.07948639988899231 0.013731190003454685
v 0.024408072233200073 0.07893562316894531 0.013264759443700314
v 0.02294280007481575 0.07948639988899231 0.013731190003454685
v 0.0240812748670578 0.07630041241645813 0.015114124864339828
v 0.0240812748670578 0.07630041241645813 0.015114124864339828
v 0.02294280007481575 0.07948639988899231 0.013731190003454685
v 0.022609097883105278 0.07679590582847595 0.015619599260389805
v 0.0240812748670578 0.07630041241645813 0.015114124864339828
v 0.022609097883105278 0.07679590582847595 0.015619599260389805
v 0.022747185081243515 0.07388602197170258 0.017216533422470093
v 0.022747185081243515 0.07388602197170258 0.017216533422470093
v 0.022609097883105278 0.07679590582847595 0.015619599260389805
v 0.02231036126613617 0.07398099452257156 0.01731017604470253
v 0.027080412954092026 0.05199999734759331 0.004785533994436264
v 0.02407689578831196 0.05691832676529884 0.021782469004392624
v 0.027115708217024803 0.055482689291238785 0.004585790913552046
v 0.02444864809513092 0.06166667863726616 0.01967870071530342
v 0.027395231649279594 0.06226051226258278 0.003003952791914344
v 0.03898565471172333 0.07696881890296936 -0.06258635967969894
v 0.03629985824227333 0.07128370553255081 -0.047387413680553436
v 0.03696591779589653 0.0654640644788742 -0.05115668103098869
v 0.033776454627513885 0.09463205188512802 -0.0331074483692646
v 0.033207304775714874 0.08154425024986267 -0.029886633157730103
v 0.034965503960847855 0.09342750906944275 -0.03983629122376442
v 0.03436848893761635 0.07954652607440948 -0.03645778074860573
v 0.03611307591199875 0.09104689210653305 -0.04633041098713875
v 0.035418204963207245 0.07606375962495804 -0.0423981249332428
v 0.03874396160244942 0.07899489253759384 -0.06121863052248955
v 0.03802062198519707 0.0836775004863739 -0.05712522193789482
v 0.037146423012018204 0.08769859373569489 -0.052178140729665756
v 0.03738049045205116 0.05891856923699379 -0.05350272357463837
v 0.039714567363262177 0.06786128878593445 -0.06671129167079926
v 0.03929443657398224 0.07382679730653763 -0.06433376669883728
v 0.03036694973707199 0.09266941994428635 -0.0138130197301507
v 0.030803566798567772 0.08073966205120087 -0.01628384366631508
v 0.03101152926683426 0.09354063868522644 -0.01746070384979248
v 0.03199724853038788 0.08194924145936966 -0.02303893305361271
v 0.037521205842494965 0.05199999734759331 -0.05429906025528908
v 0.04001804441213608 0.06067449226975441 -0.06842868030071259
v 0.04001447185873985 0.060790155082941055 -0.06840845197439194
v 0.037521205842494965 0.05199999734759331 -0.05429906025528908
v 0.03982475399971008 0.05199999734759331 -0.06733482331037521
v 0.04017290100455284 0.05199999734759331 -0.06930501013994217
v 0.027939219027757645 0.06848519295454025 -7.447733514709398e-05
v 0.025352809578180313 0.07215508818626404 0.014562060125172138
v 0.025244908407330513 0.07102090865373611 0.015172665938735008
v 0.03320161625742912 0.09480525553226471 -0.029854431748390198
v 0.03244286775588989 0.0946856439113617 -0.02556067705154419
v 0.03139347583055496 0.09395571053028107 -0.019622156396508217
v 0.028718339279294014 0.07382114231586456 -0.004483535420149565
v 0.027390362694859505 0.08514983206987381 0.0030315311159938574
v 0.02664102055132389 0.08169449865818024 0.007272063754498959
v 0.026550613343715668 0.08119997382164001 0.00778366532176733
v 0.025933939963579178 0.07721884548664093 0.011273425072431564
v 0.025806738063693047 0.07623957097530365 0.011993258260190487
v 0.027472663670778275 0.08547211438417435 0.0025657671503722668
v 0.029690595343708992 0.07798071205615997 -0.009985527954995632
v 0.028385896235704422 0.08849217742681503 -0.002602212131023407
v 0.029604855924844742 0.09136039018630981 -0.009500332176685333
v 0.029361732304096222 0.0908714160323143 -0.00812448002398014
v 0.028396565467119217 0.0885222852230072 -0.00266260071657598
v 0.029690595343708992 0.07798071205615997 -0.009985527954995632
v 0.028396565467119217 0.0885222852230072 -0.00266260071657598
v 0.028385896235704422 0.08849217742681503 -0.002602212131023407
v -0.014357362873852253 0.05199999734759331 0.020908508449792862
v 0.0191238671541214 0.05199999734759331 0.02682494930922985
v -0.014113232493400574 0.056597378104925156 0.019526973366737366
v -0.014113232493400574 0.056597378104925156 0.019526973366737366
v 0.0191238671541214 0.05199999734759331 0.02682494930922985
v 0.019420910626649857 0.05738085135817528 0.025143973529338837
v -0.014113232493400574 0.056597378104925156 0.019526973366737366
v 0.019420910626649857 0.05738085135817528 0.025143973529338837
v -0.014060315676033497 0.05738085135817528 0.01922752521932125
v -0.014060315676033497 0.05738085135817528 0.01922752521932125
v 0.019420910626649857 0.05738085135817528 0.025143973529338837
v -0.013788583688437939 0.06103022024035454 0.017689784988760948
v -0.013788583688437939 0.06103022024035454 0.017689784988760948
v 0.019420910626649857 0.05738085135817528 0.025143973529338837
v 0.019821492955088615 0.06264930218458176 0.02287708967924118
v -0.013788583688437939 0.06103022024035454 0.017689784988760948
v 0.019821492955088615 0.06264930218458176 0.02287708967924118
v -0.01317723747342825 0.0684593915939331 0.014230168424546719
v 0.020807653665542603 0.07412106543779373 0.017296388745307922
v -0.012673519551753998 0.07412165403366089 0.01137961633503437
v 0.020691031590104103 0.07289528846740723 0.017956353724002838
v 0.020691031590104103 0.07289528846740723 0.017956353724002838
v -0.012673519551753998 0.07412165403366089 0.01137961633503437
v -0.01317723747342825 0.0684593915939331 0.014230168424546719
v 0.020691031590104103 0.07289528846740723 0.017956353724002838
v -0.01317723747342825 0.0684593915939331 0.014230168424546719
v 0.020303992554545403 0.0684593915939331 0.020146610215306282
v 0.020303992554545403 0.0684593915939331 0.020146610215306282
v -0.01317723747342825 0.0684593915939331 0.014230168424546719
v 0.019821492955088615 0.06264930218458176 0.02287708967924118
v -0.00502562802284956 0.0986761748790741 -0.03190012276172638
v 0.028455644845962524 0.09867608547210693 -0.025983676314353943
v -0.004370065405964851 0.09881081432104111 -0.03560996800661087
v -0.004370065405964851 0.09881081432104111 -0.03560996800661087
v 0.028455644845962524 0.09867608547210693 -0.025983676314353943
v 0.029839130118489265 0.09864552319049835 -0.033812835812568665
v -0.004370065405964851 0.09881081432104111 -0.03560996800661087
v 0.029839130118489265 0.09864552319049835 -0.033812835812568665
v -0.003637909423559904 0.09864352643489838 -0.03975324332714081
v 0.031013576313853264 0.0975736677646637 -0.040459033101797104
v -0.0029237919952720404 0.0981176570057869 -0.043794456869363785
v 0.029839130118489265 0.09864552319049835 -0.033812835812568665
v 0.029839130118489265 0.09864552319049835 -0.033812835812568665
v -0.0029237919952720404 0.0981176570057869 -0.043794456869363785
v -0.003308086423203349 0.09844883531332016 -0.04161972925066948
v 0.029839130118489265 0.09864552319049835 -0.033812835812568665
v -0.003308086423203349 0.09844883531332016 -0.04161972925066948
v -0.003637909423559904 0.09864352643489838 -0.03975324332714081
v 0.032199323177337646 0.09535001218318939 -0.047169193625450134
v -0.0014977407408878207 0.09584569931030273 -0.05186450108885765
v 0.031730834394693375 0.09637328237295151 -0.04451799765229225
v 0.031730834394693375 0.09637328237295151 -0.04451799765229225
v -0.0014977407408878207 0.09584569931030273 -0.05186450108885765
v -0.0022027697414159775 0.0971805602312088 -0.047874726355075836
v 0.031730834394693375 0.09637328237295151 -0.04451799765229225
v -0.0022027697414159775 0.0971805602312088 -0.047874726355075836
v 0.031013576313853264 0.0975736677646637 -0.040459033101797104
v 0.031013576313853264 0.0975736677646637 -0.040459033101797104
v -0.0022027697414159775 0.0971805602312088 -0.047874726355075836
v -0.0024846908636391163 0.0975969135761261 -0.04627932608127594
v 0.031013576313853264 0.0975736677646637 -0.040459033101797104
v -0.0024846908636391163 0.0975969135761261 -0.04627932608127594
v -0.0029237919952720404 0.0981176570057869 -0.043794456869363785
v 0.033313337713479996 0.09206749498844147 -0.053473420441150665
v -0.0008280209149233997 0.09416493773460388 -0.05565445497632027
v 0.032199323177337646 0.09535001218318939 -0.047169193625450134
v 0.032199323177337646 0.09535001218318939 -0.047169193625450134
v -0.0008280209149233997 0.09416493773460388 -0.05565445497632027
v -0.0012819496914744377 0.09535001218318939 -0.053085651248693466
v 0.032199323177337646 0.09535001218318939 -0.047169193625450134
v -0.0012819496914744377 0.09535001218318939 -0.053085651248693466
v -0.0014977407408878207 0.09584569931030273 -0.05186450108885765
v 0.0011459634406492114 0.08621346950531006 -0.0668252632021904
v 0.03434288129210472 0.08771637827157974 -0.059299618005752563
v 0.001429811934940517 0.08453748375177383 -0.0684315636754036
v 0.001429811934940517 0.08453748375177383 -0.0684315636754036
v 0.03434288129210472 0.08771637827157974 -0.059299618005752563
v 0.03516419976949692 0.08285841345787048 -0.06394746899604797
v 0.0011459634406492114 0.08621346950531006 -0.0668252632021904
v 0.0009599212789908051 0.08721452951431274 -0.06577245146036148
v 0.03434288129210472 0.08771637827157974 -0.059299618005752563
v 0.03434288129210472 0.08771637827157974 -0.059299618005752563
v 0.0009599212789908051 0.08721452951431274 -0.06577245146036148
v 0.0008616052218712866 0.08771637827157974 -0.0652160719037056
v 0.03434288129210472 0.08771637827157974 -0.059299618005752563
v 0.0008616052218712866 0.08771637827157974 -0.0652160719037056
v 0.03392203524708748 0.08967843651771545 -0.056918032467365265
v 0.03392203524708748 0.08967843651771545 -0.056918032467365265
v 0.0008616052218712866 0.08771637827157974 -0.0652160719037056
v 0.0004124272963963449 0.0898006334900856 -0.06267417222261429
v 0.03392203524708748 0.08967843651771545 -0.056918032467365265
v 0.0004124272963963449 0.0898006334900856 -0.06267417222261429
v 0.033313337713479996 0.09206749498844147 -0.053473420441150665
v 0.033313337713479996 0.09206749498844147 -0.053473420441150665
v 0.0004124272963963449 0.0898006334900856 -0.06267417222261429
v -0.00018923573952633888 0.09214267879724503 -0.059269342571496964
v 0.033313337713479996 0.09206749498844147 -0.053473420441150665
v -0.00018923573952633888 0.09214267879724503 -0.059269342571496964
v -0.0008280209149233997 0.09416493773460388 -0.05565445497632027
v 0.03582806885242462 0.0772421807050705 -0.06770430505275726
v 0.0023467899300158024 0.0772421807050705 -0.0736207589507103
v 0.0022576148621737957 0.07813162356615067 -0.07311613112688065
v 0.03582806885242462 0.0772421807050705 -0.06770430505275726
v 0.0022576148621737957 0.07813162356615067 -0.07311613112688065
v 0.03561576455831528 0.07927864789962769 -0.06650286167860031
v 0.03561576455831528 0.07927864789962769 -0.06650286167860031
v 0.0022576148621737957 0.07813162356615067 -0.07311613112688065
v 0.0018660587957128882 0.08150997012853622 -0.07090029865503311
v 0.03561576455831528 0.07927864789962769 -0.06650286167860031
v 0.0018660587957128882 0.08150997012853622 -0.07090029865503311
v 0.03516419976949692 0.08285841345787048 -0.06394746899604797
v 0.03516419976949692 0.08285841345787048 -0.06394746899604797
v 0.0018660587957128882 0.08150997012853622 -0.07090029865503311
v 0.0017102767014876008 0.0826648697257042 -0.07001873105764389
v 0.03516419976949692 0.08285841345787048 -0.06394746899604797
v 0.0017102767014876008 0.0826648697257042 -0.07001873105764389
v 0.001429811934940517 0.08453748375177383 -0.0684315636754036
v 0.0023467899300158024 0.0772421807050705 -0.0736207589507103
v 0.03582806885242462 0.0772421807050705 -0.06770430505275726
v 0.002594710560515523 0.07445042580366135 -0.07502374053001404
v 0.002594710560515523 0.07445042580366135 -0.07502374053001404
v 0.03582806885242462 0.0772421807050705 -0.06770430505275726
v 0.03630777448415756 0.07125335931777954 -0.07041895389556885
v 0.002594710560515523 0.07445042580366135 -0.07502374053001404
v 0.03630777448415756 0.07125335931777954 -0.07041895389556885
v 0.00285768648609519 0.07076457142829895 -0.0765119343996048
v 0.00285768648609519 0.07076457142829895 -0.0765119343996048
v 0.03630777448415756 0.07125335931777954 -0.07041895389556885
v 0.0030767337884753942 0.06674471497535706 -0.0777515321969986
v 0.0030767337884753942 0.06674471497535706 -0.0777515321969986
v 0.03630777448415756 0.07125335931777954 -0.07041895389556885
v 0.03665682673454285 0.06444999575614929 -0.0723942369222641
v 0.0030767337884753942 0.06674471497535706 -0.0777515321969986
v 0.03665682673454285 0.06444999575614929 -0.0723942369222641
v 0.003175541991367936 0.06444999575614929 -0.07831069827079773
v 0.003175541991367936 0.06444999575614929 -0.07831069827079773
v 0.03665682673454285 0.06444999575614929 -0.0723942369222641
v 0.003262672107666731 0.06202169135212898 -0.07880377024412155
v 0.003262672107666731 0.06202169135212898 -0.07880377024412155
v 0.03665682673454285 0.06444999575614929 -0.0723942369222641
v 0.03687259554862976 0.05688751861453056 -0.07361529767513275
v 0.003262672107666731 0.06202169135212898 -0.07880377024412155
v 0.03687259554862976 0.05688751861453056 -0.07361529767513275
v 0.003382256720215082 0.05739055201411247 -0.07948050647974014
v 0.003382256720215082 0.05739055201411247 -0.07948050647974014
v 0.03687259554862976 0.05688751861453056 -0.07361529767513275
v 0.03693072125315666 0.05199999734759331 -0.07394421100616455
v 0.003382256720215082 0.05739055201411247 -0.07948050647974014
v 0.03693072125315666 0.05199999734759331 -0.07394421100616455
v 0.0034494162537157536 0.05199999734759331 -0.07986057549715042
v -0.012673519551753998 0.07412165403366089 0.01137961633503437
v 0.020807653665542603 0.07412106543779373 0.017296388745307922
v -0.01226573996245861 0.07787200808525085 0.00907192099839449
v -0.01226573996245861 0.07787200808525085 0.00907192099839449
v 0.020807653665542603 0.07412106543779373 0.017296388745307922
v 0.02132556214928627 0.07876037061214447 0.014365550130605698
v -0.01226573996245861 0.07787200808525085 0.00907192099839449
v 0.02132556214928627 0.07876037061214447 0.014365550130605698
v -0.012155824340879917 0.07876097410917282 0.008449883200228214
v -0.012155824340879917 0.07876097410917282 0.008449883200228214
v 0.02132556214928627 0.07876037061214447 0.014365550130605698
v -0.011857625097036362 0.08095403015613556 0.006762318313121796
v -0.011857625097036362 0.08095403015613556 0.006762318313121796
v 0.02132556214928627 0.07876037061214447 0.014365550130605698
v 0.021816221997141838 0.08222470432519913 0.011588879860937595
v -0.011857625097036362 0.08095403015613556 0.006762318313121796
v 0.021816221997141838 0.08222470432519913 0.011588879860937595
v -0.0117244403809309 0.0818437933921814 0.006008600816130638
v -0.0117244403809309 0.0818437933921814 0.006008600816130638
v 0.021816221997141838 0.08222470432519913 0.011588879860937595
v -0.01137449312955141 0.08395954966545105 0.004028185270726681
v -0.01137449312955141 0.08395954966545105 0.004028185270726681
v 0.021816221997141838 0.08222470432519913 0.011588879860937595
v 0.022126467898488045 0.08406828343868256 0.00983319990336895
v -0.01137449312955141 0.08395954966545105 0.004028185270726681
v 0.022126467898488045 0.08406828343868256 0.00983319990336895
v -0.011134113185107708 0.08524990826845169 0.0026678338181227446
v -0.011134113185107708 0.08524990826845169 0.0026678338181227446
v 0.022126467898488045 0.08406828343868256 0.00983319990336895
v 0.022673631086945534 0.08682141453027725 0.006736802402883768
v -0.011134113185107708 0.08524990826845169 0.0026678338181227446
v 0.022673631086945534 0.08682141453027725 0.006736802402883768
v -0.010850624181330204 0.08662605285644531 0.0010635239304974675
v -0.010850624181330204 0.08662605285644531 0.0010635239304974675
v 0.022673631086945534 0.08682141453027725 0.006736802402883768
v -0.01047821156680584 0.08823362737894058 -0.0010440113255754113
v -0.01047821156680584 0.08823362737894058 -0.0010440113255754113
v 0.022673631086945534 0.08682141453027725 0.006736802402883768
v 0.0230767372995615 0.08852754533290863 0.004455605987459421
v -0.01047821156680584 0.08823362737894058 -0.0010440113255754113
v 0.0230767372995615 0.08852754533290863 0.004455605987459421
v -0.01028898824006319 0.08897552639245987 -0.0021148594096302986
v -0.01028898824006319 0.08897552639245987 -0.0021148594096302986
v 0.0230767372995615 0.08852754533290863 0.004455605987459421
v 0.02314554899930954 0.0887959748506546 0.004066212102770805
v -0.01028898824006319 0.08897552639245987 -0.0021148594096302986
v 0.02314554899930954 0.0887959748506546 0.004066212102770805
v -0.0096703190356493 0.09110591560602188 -0.0056159887462854385
v -0.0096703190356493 0.09110591560602188 -0.0056159887462854385
v 0.02314554899930954 0.0887959748506546 0.004066212102770805
v 0.023634880781173706 0.09054046869277954 0.0012970756506547332
v -0.0096703190356493 0.09110591560602188 -0.0056159887462854385
v 0.023634880781173706 0.09054046869277954 0.0012970756506547332
v -0.009338530711829662 0.09209074079990387 -0.007493609096854925
v -0.009338530711829662 0.09209074079990387 -0.007493609096854925
v 0.023634880781173706 0.09054046869277954 0.0012970756506547332
v 0.024142827838659286 0.0920901894569397 -0.0015774097992107272
v -0.009338530711829662 0.09209074079990387 -0.007493609096854925
v 0.024142827838659286 0.0920901894569397 -0.0015774097992107272
v -0.008994032628834248 0.09301591664552689 -0.009443167597055435
v -0.008994032628834248 0.09301591664552689 -0.009443167597055435
v 0.024142827838659286 0.0920901894569397 -0.0015774097992107272
v 0.02518516406416893 0.09462887048721313 -0.007475992199033499
v -0.008994032628834248 0.09301591664552689 -0.009443167597055435
v 0.02518516406416893 0.09462887048721313 -0.007475992199033499
v -0.008244269527494907 0.09473652392625809 -0.013686168007552624
v -0.008244269527494907 0.09473652392625809 -0.013686168007552624
v 0.02518516406416893 0.09462887048721313 -0.007475992199033499
v -0.007914078421890736 0.09538450837135315 -0.015554768964648247
v -0.007914078421890736 0.09538450837135315 -0.015554768964648247
v 0.02518516406416893 0.09462887048721313 -0.007475992199033499
v 0.025567280128598213 0.09538421779870987 -0.00963839516043663
v -0.007914078421890736 0.09538450837135315 -0.015554768964648247
v 0.025567280128598213 0.09538421779870987 -0.00963839516043663
v -0.007422771770507097 0.0962383896112442 -0.018335137516260147
v -0.007422771770507097 0.0962383896112442 -0.018335137516260147
v 0.025567280128598213 0.09538421779870987 -0.00963839516043663
v 0.026250844821333885 0.09653757512569427 -0.013506677933037281
v -0.007422771770507097 0.0962383896112442 -0.018335137516260147
v 0.026250844821333885 0.09653757512569427 -0.013506677933037281
v -0.00653444929048419 0.09747142344713211 -0.023362260311841965
v -0.00653444929048419 0.09747142344713211 -0.023362260311841965
v 0.026250844821333885 0.09653757512569427 -0.013506677933037281
v 0.026989908888936043 0.09752173721790314 -0.017689060419797897
v -0.00653444929048419 0.09747142344713211 -0.023362260311841965
v 0.026989908888936043 0.09752173721790314 -0.017689060419797897
v -0.006491451989859343 0.09752148389816284 -0.023605572059750557
v -0.006491451989859343 0.09752148389816284 -0.023605572059750557
v 0.026989908888936043 0.09752173721790314 -0.017689060419797897
v 0.027337050065398216 0.09789282828569412 -0.01965354196727276
v -0.006491451989859343 0.09752148389816284 -0.023605572059750557
v 0.027337050065398216 0.09789282828569412 -0.01965354196727276
v -0.00561050558462739 0.09834831207990646 -0.028590962290763855
v -0.00561050558462739 0.09834831207990646 -0.028590962290763855
v 0.027337050065398216 0.09789282828569412 -0.01965354196727276
v 0.028455644845962524 0.09867608547210693 -0.025983676314353943
v -0.00561050558462739 0.09834831207990646 -0.028590962290763855
v 0.028455644845962524 0.09867608547210693 -0.025983676314353943
v -0.00502562802284956 0.0986761748790741 -0.03190012276172638
v 0.027082018554210663 0.05125577375292778 0.00477644382044673
v 0.034368544816970825 0.024453556165099144 -0.036457955837249756
v 0.03320736438035965 0.022455783560872078 -0.029886817559599876
v 0.034537483006715775 0.004999999888241291 -0.03741386905312538
v 0.03199731558561325 0.022050751373171806 -0.02303912304341793
v 0.030803626403212547 0.023260286077857018 -0.016284026205539703
v 0.02969064563512802 0.02601919136941433 -0.009985690005123615
v 0.028718383982777596 0.030178723856806755 -0.004483671393245459
v 0.022025810554623604 0.005549698136746883 0.03338957577943802
v 0.02793925441801548 0.035514649003744125 -7.458357140421867e-05
v 0.027395255863666534 0.04173930361866951 0.0030038845725357533
v 0.027115708217024803 0.04851711541414261 0.004585771355777979
v 0.03672828525304794 0.01365507859736681 -0.049811702221632004
v 0.035418249666690826 0.027936363592743874 -0.042398273944854736
v 0.03600668907165527 0.01039313804358244 -0.045728154480457306
v 0.03543365001678467 0.008120003156363964 -0.0424853079020977
v 0.03749341517686844 0.04890839383006096 -0.05414177477359772
v 0.03738050162792206 0.045081619173288345 -0.05350276455283165
v 0.03696594759821892 0.03853611275553703 -0.05115676671266556
v 0.036299895495176315 0.03271644562482834 -0.04738753288984299
v 0.038759756833314896 0.027357520535588264 -0.06130789965391159
v 0.037369538098573685 0.017055781558156013 -0.053440578281879425
v 0.03788721561431885 0.02028648369014263 -0.05637013167142868
v 0.038339175283908844 0.023615466430783272 -0.05892779678106308
v -0.013854184187948704 0.012510991655290127 -0.05262346193194389
v -0.014238010160624981 0.011998188681900501 -0.050451382994651794
v -0.021128743886947632 0.08987292647361755 -0.011456671170890331
v -0.02022569254040718 0.011998462490737438 -0.01656705141067505
v -0.02060951665043831 0.0125113008543849 -0.01439498271793127
v -0.02022557705640793 0.09199846535921097 -0.016567684710025787
v -0.014237901195883751 0.09199818968772888 -0.050452012568712234
v -0.01333484798669815 0.014123727567493916 -0.05556239187717438
v -0.013854077085852623 0.09148535132408142 -0.05262408033013344
v -0.013334743678569794 0.0898725688457489 -0.05556298419833183
v -0.02112884633243084 0.014124085195362568 -0.011456076055765152
v -0.022294864058494568 0.01899178884923458 -0.0048575857654213905
v -0.023281484842300415 0.02502894587814808 0.0007257341640070081
v -0.024584338068962097 0.03972214087843895 0.008098585531115532
v -0.024854406714439392 0.04785759374499321 0.009626885876059532
v -0.024854391813278198 0.0561397559940815 0.009626819752156734
v -0.020609403029084206 0.09148566424846649 -0.014395606704056263
v -0.02458430826663971 0.06427518278360367 0.00809839740395546
v -0.02405370958149433 0.07197563350200653 0.005095760803669691
v -0.023281408473849297 0.07896826416254044 0.0007253111689351499
v -0.024053769186139107 0.032021645456552505 0.005096080247312784
v -0.022294767200946808 0.08500532805919647 -0.004858108703047037
v -0.01216872874647379 0.08500486612319946 -0.06216147541999817
v -0.01118210144340992 0.07896771281957626 -0.06774479895830154
v -0.010409821756184101 0.07197500765323639 -0.07211513817310333
v -0.009609198197722435 0.0478568933904171 -0.0766458809375763
v -0.009879285469651222 0.03972146660089493 -0.07511745393276215
v -0.010409878566861153 0.032021019607782364 -0.07211482524871826
v -0.011182175949215889 0.025028390809893608 -0.06774437427520752
v -0.012168818153440952 0.018991323187947273 -0.06216095760464668
v -0.009879251942038536 0.06427451223134995 -0.07511765509843826
v -0.009609187953174114 0.056139055639505386 -0.07664594799280167
v -0.003513793693855405 0.043309830129146576 -0.07488733530044556
v -0.003694495651870966 0.03931254521012306 -0.0739017054438591
v -0.009879285469651222 0.03972146660089493 -0.07511745393276215
v -0.009879285469651222 0.03972146660089493 -0.07511745393276215
v -0.003694495651870966 0.03931254521012306 -0.0739017054438591
v -0.0037570607382804155 0.03819315880537033 -0.07355388253927231
v -0.0037570607382804155 0.03819315880537033 -0.07355388253927231
v -0.0039014744106680155 0.035912010818719864 -0.07274244725704193
v -0.009879285469651222 0.03972146660089493 -0.07511745393276215
v -0.009879285469651222 0.03972146660089493 -0.07511745393276215
v -0.0039014744106680155 0.035912010818719864 -0.07274244725704193
v -0.0039059221744537354 0.035845447331666946 -0.072716623544693
v -0.009879285469651222 0.03972146660089493 -0.07511745393276215
v -0.0039059221744537354 0.035845447331666946 -0.072716623544693
v -0.010409878566861153 0.032021019607782364 -0.07211482524871826
v -0.003513793693855405 0.043309830129146576 -0.07488733530044556
v -0.009879285469651222 0.03972146660089493 -0.07511745393276215
v -0.0033973094541579485 0.04735182970762253 -0.07549670338630676
v -0.0033973094541579485 0.04735182970762253 -0.07549670338630676
v -0.009879285469651222 0.03972146660089493 -0.07511745393276215
v -0.009609198197722435 0.0478568933904171 -0.0766458809375763
v -0.0033973094541579485 0.04735182970762253 -0.07549670338630676
v -0.009609198197722435 0.0478568933904171 -0.0766458809375763
v -0.0033874185755848885 0.0478568933904171 -0.07554643601179123
v -0.009609187953174114 0.056139055639505386 -0.07664594799280167
v -0.003358561545610428 0.055291417986154556 -0.07561446726322174
v -0.009609198197722435 0.0478568933904171 -0.0766458809375763
v -0.009609198197722435 0.0478568933904171 -0.0766458809375763
v -0.003358561545610428 0.055291417986154556 -0.07561446726322174
v -0.0033493293449282646 0.051051754504442215 -0.07572772353887558
v -0.009609198197722435 0.0478568933904171 -0.0766458809375763
v -0.0033493293449282646 0.051051754504442215 -0.07572772353887558
v -0.0033874185755848885 0.0478568933904171 -0.07554643601179123
v -0.0036522671580314636 0.06427447497844696 -0.07401718199253082
v -0.00361473485827446 0.06355129182338715 -0.07421725243330002
v -0.009879251942038536 0.06427451223134995 -0.07511765509843826
v -0.009879251942038536 0.06427451223134995 -0.07511765509843826
v -0.00361473485827446 0.06355129182338715 -0.07421725243330002
v -0.0034447084181010723 0.059320446103811264 -0.07513174414634705
v -0.009879251942038536 0.06427451223134995 -0.07511765509843826
v -0.0034447084181010723 0.059320446103811264 -0.07513174414634705
v -0.009609187953174114 0.056139055639505386 -0.07664594799280167
v -0.009609187953174114 0.056139055639505386 -0.07664594799280167
v -0.0034447084181010723 0.059320446103811264 -0.07513174414634705
v -0.0033707397524267435 0.05613904818892479 -0.07554352283477783
v -0.009609187953174114 0.056139055639505386 -0.07664594799280167
v -0.0033707397524267435 0.05613904818892479 -0.07554352283477783
v -0.003358561545610428 0.055291417986154556 -0.07561446726322174
v -0.004434731788933277 0.07437203079462051 -0.06972207874059677
v -0.004203016869723797 0.07197500765323639 -0.07101833820343018
v -0.010409821756184101 0.07197500765323639 -0.07211513817310333
v -0.010409821756184101 0.07197500765323639 -0.07211513817310333
v -0.004203016869723797 0.07197500765323639 -0.07101833820343018
v -0.004108066204935312 0.07088830322027206 -0.07154466956853867
v -0.010409821756184101 0.07197500765323639 -0.07211513817310333
v -0.004108066204935312 0.07088830322027206 -0.07154466956853867
v -0.009879251942038536 0.06427451223134995 -0.07511765509843826
v -0.009879251942038536 0.06427451223134995 -0.07511765509843826
v -0.004108066204935312 0.07088830322027206 -0.07154466956853867
v -0.0038295190315693617 0.06721298396587372 -0.07306667417287827
v -0.009879251942038536 0.06427451223134995 -0.07511765509843826
v -0.0038295190315693617 0.06721298396587372 -0.07306667417287827
v -0.0036522671580314636 0.06427447497844696 -0.07401718199253082
v -0.004434731788933277 0.07437203079462051 -0.06972207874059677
v -0.010409821756184101 0.07197500765323639 -0.07211513817310333
v -0.004822892136871815 0.07778027653694153 -0.06752454489469528
v -0.004822892136871815 0.07778027653694153 -0.06752454489469528
v -0.010409821756184101 0.07197500765323639 -0.07211513817310333
v -0.01118210144340992 0.07896771281957626 -0.06774479895830154
v -0.004822892136871815 0.07778027653694153 -0.06752454489469528
v -0.01118210144340992 0.07896771281957626 -0.06774479895830154
v -0.004976722411811352 0.07896773517131805 -0.06664828211069107
v -0.006304041016846895 0.0867232158780098 -0.05901899188756943
v -0.005950901657342911 0.08500485867261887 -0.06106271967291832
v -0.01216872874647379 0.08500486612319946 -0.06216147541999817
v -0.01216872874647379 0.08500486612319946 -0.06216147541999817
v -0.005950901657342911 0.08500485867261887 -0.06106271967291832
v -0.005763907916843891 0.084008127450943 -0.062139786779880524
v -0.01216872874647379 0.08500486612319946 -0.06216147541999817
v -0.005763907916843891 0.084008127450943 -0.062139786779880524
v -0.01118210144340992 0.07896771281957626 -0.06774479895830154
v -0.01118210144340992 0.07896771281957626 -0.06774479895830154
v -0.005763907916843891 0.084008127450943 -0.062139786779880524
v -0.005265024024993181 0.08099484443664551 -0.06500156223773956
v -0.01118210144340992 0.07896771281957626 -0.06774479895830154
v -0.005265024024993181 0.08099484443664551 -0.06500156223773956
v -0.004976722411811352 0.07896773517131805 -0.06664828211069107
v -0.006304041016846895 0.0867232158780098 -0.05901899188756943
v -0.01216872874647379 0.08500486612319946 -0.06216147541999817
v -0.006868722382932901 0.08908949792385101 -0.05571446940302849
v -0.006868722382932901 0.08908949792385101 -0.05571446940302849
v -0.01216872874647379 0.08500486612319946 -0.06216147541999817
v -0.013334743678569794 0.0898725688457489 -0.05556298419833183
v -0.006868722382932901 0.08908949792385101 -0.05571446940302849
v -0.013334743678569794 0.0898725688457489 -0.05556298419833183
v -0.007430476602166891 0.09104911237955093 -0.05236566439270973
v -0.007430476602166891 0.09104911237955093 -0.05236566439270973
v -0.013334743678569794 0.0898725688457489 -0.05556298419833183
v -0.013854077085852623 0.09148535132408142 -0.05262408033013344
v -0.007430476602166891 0.09104911237955093 -0.05236566439270973
v -0.013854077085852623 0.09148535132408142 -0.05262408033013344
v -0.007571409456431866 0.09148535132408142 -0.051513876765966415
v -0.01333484798669815 0.014123727567493916 -0.05556239187717438
v -0.012168818153440952 0.018991323187947273 -0.06216095760464668
v -0.0059678563848137856 0.01897641457617283 -0.0610480010509491
v -0.00765026593580842 0.012510991655290127 -0.05152716860175133
v -0.013854184187948704 0.012510991655290127 -0.05262346193194389
v -0.007138698827475309 0.014097358100116253 -0.054422128945589066
v -0.007138698827475309 0.014097358100116253 -0.054422128945589066
v -0.013854184187948704 0.012510991655290127 -0.05262346193194389
v -0.01333484798669815 0.014123727567493916 -0.05556239187717438
v -0.007138698827475309 0.014097358100116253 -0.054422128945589066
v -0.01333484798669815 0.014123727567493916 -0.05556239187717438
v -0.006533184554427862 0.016377659514546394 -0.057848766446113586
v -0.006533184554427862 0.016377659514546394 -0.057848766446113586
v -0.01333484798669815 0.014123727567493916 -0.05556239187717438
v -0.0059678563848137856 0.01897641457617283 -0.0610480010509491
v -0.0039059221744537354 0.035845447331666946 -0.072716623544693
v -0.0042031388729810715 0.0320531465113163 -0.07103464752435684
v -0.010409878566861153 0.032021019607782364 -0.07211482524871826
v -0.010409878566861153 0.032021019607782364 -0.07211482524871826
v -0.0042031388729810715 0.0320531465113163 -0.07103464752435684
v -0.004561442881822586 0.02843811921775341 -0.06900697946548462
v -0.010409878566861153 0.032021019607782364 -0.07211482524871826
v -0.004561442881822586 0.02843811921775341 -0.06900697946548462
v -0.011182175949215889 0.025028390809893608 -0.06774437427520752
v -0.011182175949215889 0.025028390809893608 -0.06774437427520752
v -0.004561442881822586 0.02843811921775341 -0.06900697946548462
v -0.0049775573424994946 0.025033721700310707 -0.06665216386318207
v -0.011182175949215889 0.025028390809893608 -0.06774437427520752
v -0.0049775573424994946 0.025033721700310707 -0.06665216386318207
v -0.012168818153440952 0.018991323187947273 -0.06216095760464668
v -0.012168818153440952 0.018991323187947273 -0.06216095760464668
v -0.0049775573424994946 0.025033721700310707 -0.06665216386318207
v -0.005447763483971357 0.021870391443371773 -0.0639912411570549
v -0.012168818153440952 0.018991323187947273 -0.06216095760464668
v -0.005447763483971357 0.021870391443371773 -0.0639912411570549
v -0.0059678563848137856 0.01897641457617283 -0.0610480010509491
v -0.014238010160624981 0.011998188681900501 -0.050451382994651794
v -0.013854184187948704 0.012510991655290127 -0.05262346193194389
v -0.008034088648855686 0.011998188681900501 -0.04935508966445923
v -0.00765026593580842 0.012510991655290127 -0.05152716860175133
v -0.02022569254040718 0.011998462490737438 -0.01656705141067505
v -0.014238010160624981 0.011998188681900501 -0.050451382994651794
v -0.014021746814250946 0.011998462490737438 -0.015470755286514759
v -0.008034088648855686 0.011998188681900501 -0.04935508966445923
v -0.02060951665043831 0.0125113008543849 -0.01439498271793127
v -0.02022569254040718 0.011998462490737438 -0.01656705141067505
v -0.014405570924282074 0.0125113008543849 -0.01329868659377098
v -0.014021746814250946 0.011998462490737438 -0.015470755286514759
v -0.018124764785170555 0.06834086030721664 0.007817923091351986
v -0.017780249938368797 0.07192569971084595 0.006230134516954422
v -0.02405370958149433 0.07197563350200653 0.005095760803669691
v -0.02112884633243084 0.014124085195362568 -0.011456076055765152
v -0.02060951665043831 0.0125113008543849 -0.01439498271793127
v -0.014405570924282074 0.0125113008543849 -0.01329868659377098
v -0.013684123754501343 0.09148566424846649 -0.0131718460470438
v -0.020609403029084206 0.09148566424846649 -0.014395606704056263
v -0.014456745237112045 0.0893949344754219 -0.009476903825998306
v -0.014456745237112045 0.0893949344754219 -0.009476903825998306
v -0.020609403029084206 0.09148566424846649 -0.014395606704056263
v -0.021128743886947632 0.08987292647361755 -0.011456671170890331
v -0.014456745237112045 0.0893949344754219 -0.009476903825998306
v -0.021128743886947632 0.08987292647361755 -0.011456671170890331
v -0.015148336999118328 0.08713869750499725 -0.006251788232475519
v -0.015148336999118328 0.08713869750499725 -0.006251788232475519
v -0.021128743886947632 0.08987292647361755 -0.011456671170890331
v -0.022294767200946808 0.08500532805919647 -0.004858108703047037
v -0.015148336999118328 0.08713869750499725 -0.006251788232475519
v -0.022294767200946808 0.08500532805919647 -0.004858108703047037
v -0.015697911381721497 0.08500553667545319 -0.0036922218278050423
v -0.023281408473849297 0.07896826416254044 0.0007253111689351499
v -0.01690743863582611 0.07871083170175552 0.0020525383297353983
v -0.016387982293963432 0.08174784481525421 -0.00043954202556051314
v -0.023281408473849297 0.07896826416254044 0.0007253111689351499
v -0.016387982293963432 0.08174784481525421 -0.00043954202556051314
v -0.022294767200946808 0.08500532805919647 -0.004858108703047037
v -0.022294767200946808 0.08500532805919647 -0.004858108703047037
v -0.016387982293963432 0.08174784481525421 -0.00043954202556051314
v -0.01577102206647396 0.0846942663192749 -0.003350325860083103
v -0.022294767200946808 0.08500532805919647 -0.004858108703047037
v -0.01577102206647396 0.0846942663192749 -0.003350325860083103
v -0.015697911381721497 0.08500553667545319 -0.0036922218278050423
v -0.02405370958149433 0.07197563350200653 0.005095760803669691
v -0.017780249938368797 0.07192569971084595 0.006230134516954422
v -0.023281408473849297 0.07896826416254044 0.0007253111689351499
v -0.023281408473849297 0.07896826416254044 0.0007253111689351499
v -0.017780249938368797 0.07192569971084595 0.006230134516954422
v -0.017345022410154343 0.07562845945358276 0.00416178535670042
v -0.023281408473849297 0.07896826416254044 0.0007253111689351499
v -0.017345022410154343 0.07562845945358276 0.00416178535670042
v -0.01690743863582611 0.07871083170175552 0.0020525383297353983
v -0.018124764785170555 0.06834086030721664 0.007817923091351986
v -0.02405370958149433 0.07197563350200653 0.005095760803669691
v -0.01818939857184887 0.0675630196928978 0.008113952353596687
v -0.01818939857184887 0.0675630196928978 0.008113952353596687
v -0.02405370958149433 0.07197563350200653 0.005095760803669691
v -0.02458430826663971 0.06427518278360367 0.00809839740395546
v -0.01818939857184887 0.0675630196928978 0.008113952353596687
v -0.02458430826663971 0.06427518278360367 0.00809839740395546
v -0.01838037185370922 0.06427518278360367 0.009194685146212578
v -0.01838037185370922 0.06427518278360367 0.009194685146212578
v -0.02458430826663971 0.06427518278360367 0.00809839740395546
v -0.024854391813278198 0.0561397559940815 0.009626819752156734
v -0.01865045726299286 0.0561397559940815 0.010723107494413853
v -0.024854406714439392 0.04785759374499321 0.009626885876059532
v -0.018663795664906502 0.04876844957470894 0.01079857349395752
v -0.024854391813278198 0.0561397559940815 0.009626819752156734
v -0.024854391813278198 0.0561397559940815 0.009626819752156734
v -0.018663795664906502 0.04876844957470894 0.01079857349395752
v -0.018684452399611473 0.05199999734759331 0.010915468446910381
v -0.024854391813278198 0.0561397559940815 0.009626819752156734
v -0.018684452399611473 0.05199999734759331 0.010915468446910381
v -0.01865045726299286 0.0561397559940815 0.010723107494413853
v -0.01838039979338646 0.03972214087843895 0.0091948751360178
v -0.018421871587634087 0.04057421162724495 0.009429545141756535
v -0.024584338068962097 0.03972214087843895 0.008098585531115532
v -0.024584338068962097 0.03972214087843895 0.008098585531115532
v -0.018421871587634087 0.04057421162724495 0.009429545141756535
v -0.01857657916843891 0.04463843256235123 0.010305016301572323
v -0.024584338068962097 0.03972214087843895 0.008098585531115532
v -0.01857657916843891 0.04463843256235123 0.010305016301572323
v -0.024854406714439392 0.04785759374499321 0.009626885876059532
v -0.024854406714439392 0.04785759374499321 0.009626885876059532
v -0.01857657916843891 0.04463843256235123 0.010305016301572323
v -0.018650468438863754 0.04785759374499321 0.010723174549639225
v -0.024854406714439392 0.04785759374499321 0.009626885876059532
v -0.018650468438863754 0.04785759374499321 0.010723174549639225
v -0.018663795664906502 0.04876844957470894 0.01079857349395752
v -0.01838039979338646 0.03972214087843895 0.0091948751360178
v -0.024584338068962097 0.03972214087843895 0.008098585531115532
v -0.018201060593128204 0.0366121269762516 0.008179988712072372
v -0.018201060593128204 0.0366121269762516 0.008179988712072372
v -0.024584338068962097 0.03972214087843895 0.008098585531115532
v -0.024053769186139107 0.032021645456552505 0.005096080247312784
v -0.018201060593128204 0.0366121269762516 0.008179988712072372
v -0.024053769186139107 0.032021645456552505 0.005096080247312784
v -0.0179161224514246 0.03278759866952896 0.006567525211721659
v -0.017077548429369926 0.02502894587814808 0.001822032849304378
v -0.017164593562483788 0.025686444714665413 0.0023146350868046284
v -0.023281484842300415 0.02502894587814808 0.0007257341640070081
v -0.023281484842300415 0.02502894587814808 0.0007257341640070081
v -0.017164593562483788 0.025686444714665413 0.0023146350868046284
v -0.01756959967315197 0.02913481928408146 0.004606562200933695
v -0.023281484842300415 0.02502894587814808 0.0007257341640070081
v -0.01756959967315197 0.02913481928408146 0.004606562200933695
v -0.024053769186139107 0.032021645456552505 0.005096080247312784
v -0.024053769186139107 0.032021645456552505 0.005096080247312784
v -0.01756959967315197 0.02913481928408146 0.004606562200933695
v -0.01784982904791832 0.032021645456552505 0.006192371714860201
v -0.024053769186139107 0.032021645456552505 0.005096080247312784
v -0.01784982904791832 0.032021645456552505 0.006192371714860201
v -0.0179161224514246 0.03278759866952896 0.006567525211721659
v -0.017077548429369926 0.02502894587814808 0.001822032849304378
v -0.023281484842300415 0.02502894587814808 0.0007257341640070081
v -0.016704725101590157 0.022473303601145744 -0.00028776488034054637
v -0.016704725101590157 0.022473303601145744 -0.00028776488034054637
v -0.023281484842300415 0.02502894587814808 0.0007257341640070081
v -0.022294864058494568 0.01899178884923458 -0.0048575857654213905
v -0.016704725101590157 0.022473303601145744 -0.00028776488034054637
v -0.022294864058494568 0.01899178884923458 -0.0048575857654213905
v -0.01619410514831543 0.019524121657013893 -0.003177371807396412
v -0.014405570924282074 0.0125113008543849 -0.01329868659377098
v -0.015039276331663132 0.014520504511892796 -0.009712543338537216
v -0.02112884633243084 0.014124085195362568 -0.011456076055765152
v -0.02112884633243084 0.014124085195362568 -0.011456076055765152
v -0.015039276331663132 0.014520504511892796 -0.009712543338537216
v -0.015637295320630074 0.016865264624357224 -0.006328354589641094
v -0.02112884633243084 0.014124085195362568 -0.011456076055765152
v -0.015637295320630074 0.016865264624357224 -0.006328354589641094
v -0.022294864058494568 0.01899178884923458 -0.0048575857654213905
v -0.022294864058494568 0.01899178884923458 -0.0048575857654213905
v -0.015637295320630074 0.016865264624357224 -0.006328354589641094
v -0.016090920194983482 0.01899178884923458 -0.0037612917367368937
v -0.022294864058494568 0.01899178884923458 -0.0048575857654213905
v -0.016090920194983482 0.01899178884923458 -0.0037612917367368937
v -0.01619410514831543 0.019524121657013893 -0.003177371807396412
v 0.002599242376163602 0.010000000707805157 0.014773083850741386
v 0.002599242376163602 1.75284661785291e-10 0.014773083850741386
v -0.0023384029045701027 0.010000000707805157 0.014816610142588615
v -0.0023384029045701027 1.7528456464077635e-10 0.014816610142588615
v -0.0023384029045701027 0.010000000707805157 0.014816610142588615
v -0.0023384029045701027 1.7528456464077635e-10 0.014816610142588615
v -0.007022644858807325 0.010000000707805157 0.013254526071250439
v -0.007022644858807325 1.7528443974068608e-10 0.013254526071250439
v -0.007022644858807325 0.010000000707805157 0.013254526071250439
v -0.007022644858807325 1.7528443974068608e-10 0.013254526071250439
v -0.010945876128971577 0.010000000707805157 0.01025610975921154
v -0.010945876128971577 1.752843148405958e-10 0.01025610975921154
v -0.010945876128971577 0.010000000707805157 0.01025610975921154
v -0.010945876128971577 1.752843148405958e-10 0.01025610975921154
v -0.013682951219379902 0.010000000707805157 0.006146284751594067
v -0.013682951219379902 1.7528417606271773e-10 0.006146284751594067
v -0.013682951219379902 0.010000000707805157 0.006146284751594067
v -0.013682951219379902 1.7528417606271773e-10 0.006146284751594067
v -0.014937269501388073 0.010000000707805157 0.001370418001897633
v -0.014937269501388073 1.7528406504041527e-10 0.001370418001897633
v -0.014937269501388073 0.010000000707805157 0.001370418001897633
v -0.014937269501388073 1.7528406504041527e-10 0.001370418001897633
v -0.014572900719940662 0.010000000707805157 -0.003553957911208272
v -0.014572900719940662 1.7528396789590062e-10 -0.003553957911208272
v -0.014572900719940662 0.010000000707805157 -0.003553957911208272
v -0.014572900719940662 1.7528396789590062e-10 -0.003553957911208272
v -0.012629327364265919 0.010000000707805157 -0.00809321179986
v -0.012629327364265919 1.752839262625372e-10 -0.00809321179986
v -0.012629327364265919 0.010000000707805157 -0.00809321179986
v -0.012629327364265919 1.752839262625372e-10 -0.00809321179986
v -0.00931717548519373 0.010000000707805157 -0.011755435727536678
v -0.00931717548519373 1.7528391238474939e-10 -0.011755435727536678
v -0.00931717548519373 0.010000000707805157 -0.011755435727536678
v -0.00931717548519373 1.7528391238474939e-10 -0.011755435727536678
v -0.00499536469578743 0.010000000707805157 -0.014143772423267365
v -0.00499536469578743 1.752839540181128e-10 -0.014143772423267365
v -0.00499536469578743 0.010000000707805157 -0.014143772423267365
v -0.00499536469578743 1.752839540181128e-10 -0.014143772423267365
v -0.00013222348934505135 0.010000000707805157 -0.014999419450759888
v -0.00013222348934505135 1.7528403728483966e-10 -0.014999419450759888
v -0.00013222348934505135 0.010000000707805157 -0.014999419450759888
v -0.00013222348934505135 1.7528403728483966e-10 -0.014999419450759888
v 0.004745239857584238 0.010000000707805157 -0.014229638502001762
v 0.004745239857584238 1.7528414830714212e-10 -0.014229638502001762
v 0.004745239857584238 0.010000000707805157 -0.014229638502001762
v 0.004745239857584238 1.7528414830714212e-10 -0.014229638502001762
v 0.00910849031060934 0.010000000707805157 -0.011917863972485065
v 0.00910849031060934 1.752842732072324e-10 -0.011917863972485065
v 0.00910849031060934 0.010000000707805157 -0.011917863972485065
v 0.00910849031060934 1.752842732072324e-10 -0.011917863972485065
v 0.012484686449170113 0.010000000707805157 -0.008314596489071846
v 0.012484686449170113 1.7528441198511047e-10 -0.008314596489071846
v 0.012484686449170113 0.010000000707805157 -0.008314596489071846
v 0.012484686449170113 1.7528441198511047e-10 -0.008314596489071846
v 0.014507981017231941 0.010000000707805157 -0.003810320980846882
v 0.014507981017231941 1.7528453688520074e-10 -0.003810320980846882
v 0.014507981017231941 0.010000000707805157 -0.003810320980846882
v 0.014507981017231941 1.7528453688520074e-10 -0.003810320980846882
v 0.014959104359149933 0.010000000707805157 0.001106869662180543
v 0.014959104359149933 1.752846479075032e-10 0.001106869662180543
v 0.014959104359149933 0.010000000707805157 0.001106869662180543
v 0.014959104359149933 1.752846479075032e-10 0.001106869662180543
v 0.013789180666208267 0.010000000707805157 0.005904108751565218
v 0.013789180666208267 1.7528471729644224e-10 0.005904108751565218
v 0.013789180666208267 0.010000000707805157 0.005904108751565218
v 0.013789180666208267 1.7528471729644224e-10 0.005904108751565218
v 0.011124986223876476 0.010000000707805157 0.010061545297503471
v 0.011124986223876476 1.7528474505201785e-10 0.010061545297503471
v 0.011124986223876476 0.010000000707805157 0.010061545297503471
v 0.011124986223876476 1.7528474505201785e-10 0.010061545297503471
v 0.007255224045366049 0.010000000707805157 0.013128659687936306
v 0.007255224045366049 1.7528471729644224e-10 0.013128659687936306
v 0.007255224045366049 0.010000000707805157 0.013128659687936306
v 0.007255224045366049 1.7528471729644224e-10 0.013128659687936306
v 0.002599242376163602 0.010000000707805157 0.014773083850741386
v 0.002599242376163602 1.75284661785291e-10 0.014773083850741386
v 0.002599242376163602 0.010000000707805157 0.014773083850741386
v -0.0023384029045701027 0.010000000707805157 0.014816610142588615
v 5.404571234990385e-10 0.010000000707805157 -6.436000066223357e-10
v 0.013789180666208267 0.010000000707805157 0.005904108751565218
v 0.011124986223876476 0.010000000707805157 0.010061545297503471
v 0.007255224045366049 0.010000000707805157 0.013128659687936306
v 0.012484686449170113 0.010000000707805157 -0.008314596489071846
v 0.014507981017231941 0.010000000707805157 -0.003810320980846882
v 0.014959104359149933 0.010000000707805157 0.001106869662180543
v -0.00013222348934505135 0.010000000707805157 -0.014999419450759888
v 0.004745239857584238 0.010000000707805157 -0.014229638502001762
v 0.00910849031060934 0.010000000707805157 -0.011917863972485065
v -0.012629327364265919 0.010000000707805157 -0.00809321179986
v -0.00931717548519373 0.010000000707805157 -0.011755435727536678
v -0.00499536469578743 0.010000000707805157 -0.014143772423267365
v -0.013682951219379902 0.010000000707805157 0.006146284751594067
v -0.014937269501388073 0.010000000707805157 0.001370418001897633
v -0.014572900719940662 0.010000000707805157 -0.003553957911208272
v -0.007022644858807325 0.010000000707805157 0.013254526071250439
v -0.010945876128971577 0.010000000707805157 0.01025610975921154
v 0.03504995256662369 0.0427868478000164 -0.036291494965553284
v 0.03765526041388512 0.03853611275553703 -0.05103496089577675
v 0.03545890375971794 0.0471295528113842 -0.03860577568411827
v 0.038069818168878555 0.045081619173288345 -0.05338095873594284
v 0.03560033068060875 0.052000049501657486 -0.039406102150678635
v 0.03821052983403206 0.05200009420514107 -0.05417725071310997
v 0.03545890003442764 0.056870538741350174 -0.03860574588179588
v 0.0344177708029747 0.0645575299859047 -0.03271396830677986
v 0.035057809203863144 0.07954652607440948 -0.03633597120642662
v 0.033630888909101486 0.06654101610183716 -0.028261011466383934
v 0.03389662504196167 0.08154425024986267 -0.029764821752905846
v 0.03277457505464554 0.06694876402616501 -0.023415114730596542
v 0.03806981071829796 0.05891856923699379 -0.05338091403245926
v 0.037655241787433624 0.0654640644788742 -0.051034871488809586
v 0.03504994139075279 0.06121322885155678 -0.03629143908619881
v 0.036989178508520126 0.07128370553255081 -0.04726560786366463
v 0.03610752150416374 0.07606375962495804 -0.04227631166577339
v 0.03268657624721527 0.08194924145936966 -0.0229171272367239
v 0.03149288520216942 0.08073966205120087 -0.016162032261490822
v 0.03194161877036095 0.06573658436536789 -0.018701408058404922
v 0.030379915609955788 0.07798071205615997 -0.00986371748149395
v 0.031222281977534294 0.06303583085536957 -0.014630688354372978
v 0.029407665133476257 0.07382114231586456 -0.004361728671938181
v 0.030694525688886642 0.05913916602730751 -0.011644093319773674
v 0.030415533110499382 0.049531031399965286 -0.010065272450447083
v 0.028084563091397285 0.04173930361866951 0.003125695278868079
v 0.03069453127682209 0.04486074671149254 -0.011644136160612106
v 0.028628559783101082 0.035514649003744125 4.722462472273037e-05
v 0.031222298741340637 0.04096410796046257 -0.014630762860178947
v 0.0294076856225729 0.030178723856806755 -0.004361866973340511
v 0.03194163367152214 0.03826338052749634 -0.018701493740081787
v 0.03363090753555298 0.037459008395671844 -0.028261104598641396
v 0.03505784273147583 0.024453556165099144 -0.03633615002036095
v 0.034417781978845596 0.039442528039216995 -0.03271404653787613
v 0.03610755130648613 0.027936363592743874 -0.04227646812796593
v 0.03698920086026192 0.03271644562482834 -0.047265730798244476
v 0.030379945412278175 0.02601919136941433 -0.00986388698220253
v 0.031492918729782104 0.023260286077857018 -0.016162218526005745
v 0.03277458995580673 0.03705122694373131 -0.023415209725499153
v 0.03268660604953766 0.022050751373171806 -0.022917315363883972
v 0.033896662294864655 0.022455783560872078 -0.029765015468001366
v 0.02862854301929474 0.06848519295454025 4.7327826905529946e-05
v 0.02808455564081669 0.06226051226258278 0.003125756746158004
v 0.030415529385209084 0.05446886643767357 -0.01006525568664074
v 0.0278050284832716 0.055482689291238785 0.004707601852715015
v 0.03037993051111698 0.051999952644109726 -0.00986380223184824
v 0.027769731357693672 0.05199990049004555 0.004907344933599234
v 0.027805034071207047 0.04851711541414261 0.004707577638328075
v 0.03821052983403206 0.05200009420514107 -0.05417725071310997
v 0.037521205842494965 0.05199999734759331 -0.05429906025528908
v 0.03738049045205116 0.05891856923699379 -0.05350272357463837
v 0.03821052983403206 0.05200009420514107 -0.05417725071310997
v 0.03738049045205116 0.05891856923699379 -0.05350272357463837
v 0.03806981071829796 0.05891856923699379 -0.05338091403245926
v 0.03806981071829796 0.05891856923699379 -0.05338091403245926
v 0.03738049045205116 0.05891856923699379 -0.05350272357463837
v 0.03696591779589653 0.0654640644788742 -0.05115668103098869
v 0.037655241787433624 0.0654640644788742 -0.051034871488809586
v 0.037655241787433624 0.0654640644788742 -0.051034871488809586
v 0.03696591779589653 0.0654640644788742 -0.05115668103098869
v 0.03629985824227333 0.07128370553255081 -0.047387413680553436
v 0.036989178508520126 0.07128370553255081 -0.04726560786366463
v 0.036989178508520126 0.07128370553255081 -0.04726560786366463
v 0.03629985824227333 0.07128370553255081 -0.047387413680553436
v 0.035418204963207245 0.07606375962495804 -0.0423981249332428
v 0.03610752150416374 0.07606375962495804 -0.04227631166577339
v 0.03610752150416374 0.07606375962495804 -0.04227631166577339
v 0.035418204963207245 0.07606375962495804 -0.0423981249332428
v 0.03436848893761635 0.07954652607440948 -0.03645778074860573
v 0.035057809203863144 0.07954652607440948 -0.03633597120642662
v 0.035057809203863144 0.07954652607440948 -0.03633597120642662
v 0.03436848893761635 0.07954652607440948 -0.03645778074860573
v 0.033207304775714874 0.08154425024986267 -0.029886633157730103
v 0.03389662504196167 0.08154425024986267 -0.029764821752905846
v 0.03389662504196167 0.08154425024986267 -0.029764821752905846
v 0.033207304775714874 0.08154425024986267 -0.029886633157730103
v 0.03199724853038788 0.08194924145936966 -0.02303893305361271
v 0.03268657624721527 0.08194924145936966 -0.0229171272367239
v 0.03268657624721527 0.08194924145936966 -0.0229171272367239
v 0.03199724853038788 0.08194924145936966 -0.02303893305361271
v 0.030803566798567772 0.08073966205120087 -0.01628384366631508
v 0.03149288520216942 0.08073966205120087 -0.016162032261490822
v 0.03149288520216942 0.08073966205120087 -0.016162032261490822
v 0.030803566798567772 0.08073966205120087 -0.01628384366631508
v 0.029690595343708992 0.07798071205615997 -0.009985527954995632
v 0.030379915609955788 0.07798071205615997 -0.00986371748149395
v 0.030379915609955788 0.07798071205615997 -0.00986371748149395
v 0.029690595343708992 0.07798071205615997 -0.009985527954995632
v 0.028718339279294014 0.07382114231586456 -0.004483535420149565
v 0.029407665133476257 0.07382114231586456 -0.004361728671938181
v 0.029407665133476257 0.07382114231586456 -0.004361728671938181
v 0.028718339279294014 0.07382114231586456 -0.004483535420149565
v 0.027939219027757645 0.06848519295454025 -7.447733514709398e-05
v 0.02862854301929474 0.06848519295454025 4.7327826905529946e-05
v 0.02862854301929474 0.06848519295454025 4.7327826905529946e-05
v 0.027939219027757645 0.06848519295454025 -7.447733514709398e-05
v 0.027395231649279594 0.06226051226258278 0.003003952791914344
v 0.02808455564081669 0.06226051226258278 0.003125756746158004
v 0.02808455564081669 0.06226051226258278 0.003125756746158004
v 0.027395231649279594 0.06226051226258278 0.003003952791914344
v 0.027115708217024803 0.055482689291238785 0.004585790913552046
v 0.02808455564081669 0.06226051226258278 0.003125756746158004
v 0.027115708217024803 0.055482689291238785 0.004585790913552046
v 0.0278050284832716 0.055482689291238785 0.004707601852715015
v 0.0278050284832716 0.055482689291238785 0.004707601852715015
v 0.027115708217024803 0.055482689291238785 0.004585790913552046
v 0.027080412954092026 0.05199999734759331 0.004785533994436264
v 0.027769731357693672 0.05199990049004555 0.004907344933599234
v 0.027769731357693672 0.05199990049004555 0.004907344933599234
v 0.027080412954092026 0.05199999734759331 0.004785533994436264
v 0.027082018554210663 0.05125577375292778 0.00477644382044673
v 0.027769731357693672 0.05199990049004555 0.004907344933599234
v 0.027082018554210663 0.05125577375292778 0.00477644382044673
v 0.027805034071207047 0.04851711541414261 0.004707577638328075
v 0.027082018554210663 0.05125577375292778 0.00477644382044673
v 0.027115708217024803 0.04851711541414261 0.004585771355777979
v 0.027805034071207047 0.04851711541414261 0.004707577638328075
v 0.027805034071207047 0.04851711541414261 0.004707577638328075
v 0.027115708217024803 0.04851711541414261 0.004585771355777979
v 0.027395255863666534 0.04173930361866951 0.0030038845725357533
v 0.027805034071207047 0.04851711541414261 0.004707577638328075
v 0.027395255863666534 0.04173930361866951 0.0030038845725357533
v 0.028084563091397285 0.04173930361866951 0.003125695278868079
v 0.028084563091397285 0.04173930361866951 0.003125695278868079
v 0.027395255863666534 0.04173930361866951 0.0030038845725357533
v 0.02793925441801548 0.035514649003744125 -7.458357140421867e-05
v 0.028628559783101082 0.035514649003744125 4.722462472273037e-05
v 0.028628559783101082 0.035514649003744125 4.722462472273037e-05
v 0.02793925441801548 0.035514649003744125 -7.458357140421867e-05
v 0.028718383982777596 0.030178723856806755 -0.004483671393245459
v 0.0294076856225729 0.030178723856806755 -0.004361866973340511
v 0.0294076856225729 0.030178723856806755 -0.004361866973340511
v 0.028718383982777596 0.030178723856806755 -0.004483671393245459
v 0.02969064563512802 0.02601919136941433 -0.009985690005123615
v 0.030379945412278175 0.02601919136941433 -0.00986388698220253
v 0.030379945412278175 0.02601919136941433 -0.00986388698220253
v 0.02969064563512802 0.02601919136941433 -0.009985690005123615
v 0.030803626403212547 0.023260286077857018 -0.016284026205539703
v 0.031492918729782104 0.023260286077857018 -0.016162218526005745
v 0.031492918729782104 0.023260286077857018 -0.016162218526005745
v 0.030803626403212547 0.023260286077857018 -0.016284026205539703
v 0.03199731558561325 0.022050751373171806 -0.02303912304341793
v 0.03268660604953766 0.022050751373171806 -0.022917315363883972
v 0.03268660604953766 0.022050751373171806 -0.022917315363883972
v 0.03199731558561325 0.022050751373171806 -0.02303912304341793
v 0.03320736438035965 0.022455783560872078 -0.029886817559599876
v 0.033896662294864655 0.022455783560872078 -0.029765015468001366
v 0.033896662294864655 0.022455783560872078 -0.029765015468001366
v 0.03320736438035965 0.022455783560872078 -0.029886817559599876
v 0.034368544816970825 0.024453556165099144 -0.036457955837249756
v 0.03505784273147583 0.024453556165099144 -0.03633615002036095
v 0.03505784273147583 0.024453556165099144 -0.03633615002036095
v 0.034368544816970825 0.024453556165099144 -0.036457955837249756
v 0.035418249666690826 0.027936363592743874 -0.042398273944854736
v 0.03610755130648613 0.027936363592743874 -0.04227646812796593
v 0.03610755130648613 0.027936363592743874 -0.04227646812796593
v 0.035418249666690826 0.027936363592743874 -0.042398273944854736
v 0.036299895495176315 0.03271644562482834 -0.04738753288984299
v 0.03698920086026192 0.03271644562482834 -0.047265730798244476
v 0.03698920086026192 0.03271644562482834 -0.047265730798244476
v 0.036299895495176315 0.03271644562482834 -0.04738753288984299
v 0.03696594759821892 0.03853611275553703 -0.05115676671266556
v 0.03765526041388512 0.03853611275553703 -0.05103496089577675
v 0.03765526041388512 0.03853611275553703 -0.05103496089577675
v 0.03696594759821892 0.03853611275553703 -0.05115676671266556
v 0.03738050162792206 0.045081619173288345 -0.05350276455283165
v 0.038069818168878555 0.045081619173288345 -0.05338095873594284
v 0.038069818168878555 0.045081619173288345 -0.05338095873594284
v 0.03738050162792206 0.045081619173288345 -0.05350276455283165
v 0.03749341517686844 0.04890839383006096 -0.05414177477359772
v 0.038069818168878555 0.045081619173288345 -0.05338095873594284
v 0.03749341517686844 0.04890839383006096 -0.05414177477359772
v 0.03821052983403206 0.05200009420514107 -0.05417725071310997
v 0.03821052983403206 0.05200009420514107 -0.05417725071310997
v 0.03749341517686844 0.04890839383006096 -0.05414177477359772
v 0.037521205842494965 0.05199999734759331 -0.05429906025528908
v 0.03487446904182434 0.049498867243528366 -0.03932112455368042
v 0.034769587218761444 0.0471295528113842 -0.03872758522629738
v 0.03545890375971794 0.0471295528113842 -0.03860577568411827
v 0.03545890375971794 0.0471295528113842 -0.03860577568411827
v 0.034769587218761444 0.0471295528113842 -0.03872758522629738
v 0.03504995256662369 0.0427868478000164 -0.036291494965553284
v 0.034360628575086594 0.0427868478000164 -0.03641330450773239
v 0.03504995256662369 0.0427868478000164 -0.036291494965553284
v 0.034360628575086594 0.0427868478000164 -0.03641330450773239
v 0.034417781978845596 0.039442528039216995 -0.03271404653787613
v 0.0337284617125988 0.039442528039216995 -0.03283585608005524
v 0.034417781978845596 0.039442528039216995 -0.03271404653787613
v 0.0337284617125988 0.039442528039216995 -0.03283585608005524
v 0.03363090753555298 0.037459008395671844 -0.028261104598641396
v 0.03294158726930618 0.037459008395671844 -0.028382914140820503
v 0.03363090753555298 0.037459008395671844 -0.028261104598641396
v 0.03294158726930618 0.037459008395671844 -0.028382914140820503
v 0.03277458995580673 0.03705122694373131 -0.023415209725499153
v 0.032085269689559937 0.03705122694373131 -0.02353701926767826
v 0.03277458995580673 0.03705122694373131 -0.023415209725499153
v 0.032085269689559937 0.03705122694373131 -0.02353701926767826
v 0.03194163367152214 0.03826338052749634 -0.018701493740081787
v 0.031252313405275345 0.03826338052749634 -0.018823305144906044
v 0.03194163367152214 0.03826338052749634 -0.018701493740081787
v 0.031252313405275345 0.03826338052749634 -0.018823305144906044
v 0.031222298741340637 0.04096410796046257 -0.014630762860178947
v 0.03053297847509384 0.04096410796046257 -0.01475257333368063
v 0.031222298741340637 0.04096410796046257 -0.014630762860178947
v 0.03053297847509384 0.04096410796046257 -0.01475257333368063
v 0.03069453127682209 0.04486074671149254 -0.011644136160612106
v 0.030005212873220444 0.04486074671149254 -0.011765947565436363
v 0.03069453127682209 0.04486074671149254 -0.011644136160612106
v 0.030005212873220444 0.04486074671149254 -0.011765947565436363
v 0.030415533110499382 0.049531031399965286 -0.010065272450447083
v 0.029726212844252586 0.049531031399965286 -0.010187082923948765
v 0.030415533110499382 0.049531031399965286 -0.010065272450447083
v 0.029726212844252586 0.049531031399965286 -0.010187082923948765
v 0.03037993051111698 0.051999952644109726 -0.00986380223184824
v 0.03037993051111698 0.051999952644109726 -0.00986380223184824
v 0.029726212844252586 0.049531031399965286 -0.010187082923948765
v 0.02970096468925476 0.05066530033946037 -0.010044204071164131
v 0.03037993051111698 0.051999952644109726 -0.00986380223184824
v 0.02970096468925476 0.05066530033946037 -0.010044204071164131
v 0.030415529385209084 0.05446886643767357 -0.01006525568664074
v 0.03545890375971794 0.0471295528113842 -0.03860577568411827
v 0.03560033068060875 0.052000049501657486 -0.039406102150678635
v 0.03487446904182434 0.049498867243528366 -0.03932112455368042
v 0.03487446904182434 0.049498867243528366 -0.03932112455368042
v 0.03560033068060875 0.052000049501657486 -0.039406102150678635
v 0.029987294226884842 0.052000049501657486 -0.04039797931909561
v 0.03487446904182434 0.049498867243528366 -0.03932112455368042
v 0.029987294226884842 0.052000049501657486 -0.04039797931909561
v 0.034769587218761444 0.0471295528113842 -0.03872758522629738
v 0.034769587218761444 0.0471295528113842 -0.03872758522629738
v 0.029987294226884842 0.052000049501657486 -0.04039797931909561
v 0.029845869168639183 0.0471295528113842 -0.03959765285253525
v 0.029845869168639183 0.0471295528113842 -0.03959765285253525
v 0.029436912387609482 0.0427868478000164 -0.03728336840867996
v 0.029436912387609482 0.0427868478000164 -0.03728336840867996
v 0.028804747387766838 0.039442528039216995 -0.033705923706293106
v 0.028804747387766838 0.039442528039216995 -0.033705923706293106
v 0.028017867356538773 0.037459008395671844 -0.029252978041768074
v 0.028017867356538773 0.037459008395671844 -0.029252978041768074
v 0.027161557227373123 0.03705122694373131 -0.02440708875656128
v 0.027161557227373123 0.03705122694373131 -0.02440708875656128
v 0.026328599080443382 0.03826338052749634 -0.019693372771143913
v 0.026328599080443382 0.03826338052749634 -0.019693372771143913
v 0.02560925856232643 0.04096410796046257 -0.015622636303305626
v 0.02560925856232643 0.04096410796046257 -0.015622636303305626
v 0.025081496685743332 0.04486074671149254 -0.012636015191674232
v 0.025081496685743332 0.04486074671149254 -0.012636015191674232
v 0.024802492931485176 0.049531031399965286 -0.011057145893573761
v 0.029726212844252586 0.049531031399965286 -0.010187082923948765
v 0.024802492931485176 0.049531031399965286 -0.011057145893573761
v 0.02970096468925476 0.05066530033946037 -0.010044204071164131
v 0.02970096468925476 0.05066530033946037 -0.010044204071164131
v 0.024802492931485176 0.049531031399965286 -0.011057145893573761
v 0.024766895920038223 0.051999952644109726 -0.010855681262910366
v 0.02970096468925476 0.05066530033946037 -0.010044204071164131
v 0.024766895920038223 0.051999952644109726 -0.010855681262910366
v 0.030415529385209084 0.05446886643767357 -0.01006525568664074
v 0.030415529385209084 0.05446886643767357 -0.01006525568664074
v 0.024766895920038223 0.051999952644109726 -0.010855681262910366
v 0.024802491068840027 0.05446886643767357 -0.011057129129767418
v 0.030415529385209084 0.05446886643767357 -0.01006525568664074
v 0.024802491068840027 0.05446886643767357 -0.011057129129767418
v 0.030694525688886642 0.05913916602730751 -0.011644093319773674
v 0.025081487372517586 0.05913916602730751 -0.012635965831577778
v 0.030694525688886642 0.05913916602730751 -0.011644093319773674
v 0.025081487372517586 0.05913916602730751 -0.012635965831577778
v 0.031222281977534294 0.06303583085536957 -0.014630688354372978
v 0.025609247386455536 0.06303583085536957 -0.015622567385435104
v 0.031222281977534294 0.06303583085536957 -0.014630688354372978
v 0.025609247386455536 0.06303583085536957 -0.015622567385435104
v 0.03194161877036095 0.06573658436536789 -0.018701408058404922
v 0.02632858045399189 0.06573658436536789 -0.0196932815015316
v 0.03194161877036095 0.06573658436536789 -0.018701408058404922
v 0.02632858045399189 0.06573658436536789 -0.0196932815015316
v 0.03277457505464554 0.06694876402616501 -0.023415114730596542
v 0.02716153673827648 0.06694876402616501 -0.02440698817372322
v 0.03277457505464554 0.06694876402616501 -0.023415114730596542
v 0.02716153673827648 0.06694876402616501 -0.02440698817372322
v 0.033630888909101486 0.06654101610183716 -0.028261011466383934
v 0.02801785059273243 0.06654101610183716 -0.029252883046865463
v 0.033630888909101486 0.06654101610183716 -0.028261011466383934
v 0.02801785059273243 0.06654101610183716 -0.029252883046865463
v 0.0344177708029747 0.0645575299859047 -0.03271396830677986
v 0.028804730623960495 0.0645575299859047 -0.03370584174990654
v 0.0344177708029747 0.0645575299859047 -0.03271396830677986
v 0.028804730623960495 0.0645575299859047 -0.03370584174990654
v 0.03504994139075279 0.06121322885155678 -0.03629143908619881
v 0.029436903074383736 0.06121322885155678 -0.03728330880403519
v 0.03504994139075279 0.06121322885155678 -0.03629143908619881
v 0.029436903074383736 0.06121322885155678 -0.03728330880403519
v 0.03545890003442764 0.056870538741350174 -0.03860574588179588
v 0.029845863580703735 0.056870538741350174 -0.03959762305021286
v 0.03545890003442764 0.056870538741350174 -0.03860574588179588
v 0.029845863580703735 0.056870538741350174 -0.03959762305021286
v 0.03560033068060875 0.052000049501657486 -0.039406102150678635
v 0.029987294226884842 0.052000049501657486 -0.04039797931909561
v 0.024766895920038223 0.051999952644109726 -0.010855681262910366
v 0.024802492931485176 0.049531031399965286 -0.011057145893573761
v 0.027377093210816383 0.05199999734759331 -0.025626828894019127
v 0.024802491068840027 0.05446886643767357 -0.011057129129767418
v 0.02632858045399189 0.06573658436536789 -0.0196932815015316
v 0.025609247386455536 0.06303583085536957 -0.015622567385435104
v 0.025081487372517586 0.05913916602730751 -0.012635965831577778
v 0.028804730623960495 0.0645575299859047 -0.03370584174990654
v 0.02801785059273243 0.06654101610183716 -0.029252883046865463
v 0.02716153673827648 0.06694876402616501 -0.02440698817372322
v 0.029987294226884842 0.052000049501657486 -0.04039797931909561
v 0.029845863580703735 0.056870538741350174 -0.03959762305021286
v 0.029436903074383736 0.06121322885155678 -0.03728330880403519
v 0.028804747387766838 0.039442528039216995 -0.033705923706293106
v 0.029436912387609482 0.0427868478000164 -0.03728336840867996
v 0.029845869168639183 0.0471295528113842 -0.03959765285253525
v 0.026328599080443382 0.03826338052749634 -0.019693372771143913
v 0.027161557227373123 0.03705122694373131 -0.02440708875656128
v 0.028017867356538773 0.037459008395671844 -0.029252978041768074
v 0.025081496685743332 0.04486074671149254 -0.012636015191674232
v 0.02560925856232643 0.04096410796046257 -0.015622636303305626
v 0.03053297847509384 0.04096410796046257 -0.01475257333368063
v 0.030005212873220444 0.04486074671149254 -0.011765947565436363
v 0.029726212844252586 0.049531031399965286 -0.010187082923948765
v 0.034360628575086594 0.0427868478000164 -0.03641330450773239
v 0.034769587218761444 0.0471295528113842 -0.03872758522629738
v 0.03487446904182434 0.049498867243528366 -0.03932112455368042
v 0.02970096468925476 0.05066530033946037 -0.010044204071164131
v 0.032085269689559937 0.03705122694373131 -0.02353701926767826
v 0.031252313405275345 0.03826338052749634 -0.018823305144906044
v 0.03294158726930618 0.037459008395671844 -0.028382914140820503
v 0.0337284617125988 0.039442528039216995 -0.03283585608005524
v 0.034769587218761444 0.0471295528113842 -0.03872758522629738
v 0.03487446904182434 0.049498867243528366 -0.03932112455368042
v 0.029726212844252586 0.049531031399965286 -0.010187082923948765
v 0.02970096468925476 0.05066530033946037 -0.010044204071164131
v 0.030005212873220444 0.04486074671149254 -0.011765947565436363
v 0.03053297847509384 0.04096410796046257 -0.01475257333368063
v 0.031252313405275345 0.03826338052749634 -0.018823305144906044
v 0.032085269689559937 0.03705122694373131 -0.02353701926767826
v 0.034360628575086594 0.0427868478000164 -0.03641330450773239
v 0.0337284617125988 0.039442528039216995 -0.03283585608005524
v 0.03294158726930618 0.037459008395671844 -0.028382914140820503
v -0.03314561769366264 0.09165862947702408 -0.017461996525526047
v -0.034109365195035934 0.09155498445034027 -0.018239382654428482
v -0.03446104750037193 0.0912284329533577 -0.017870334908366203
v -0.0344691127538681 0.09149976819753647 -0.01862846128642559
v -0.035395845770835876 0.09129830449819565 -0.01999559998512268
v -0.03605737164616585 0.09030330181121826 -0.01859324611723423
v -0.036846261471509933 0.09032534807920456 -0.02676978148519993
v -0.036824606359004974 0.09013358503580093 -0.028362907469272614
v -0.03743646666407585 0.0892099067568779 -0.02458210103213787
v -0.041512660682201385 0.03555160388350487 -0.005290881264954805
v -0.041771575808525085 0.03691967576742172 -0.003240042831748724
v -0.04204185679554939 0.041078001260757446 -0.0017104820581153035
v -0.03584161028265953 0.014745260588824749 -0.03679775819182396
v -0.036368004977703094 0.014868241734802723 -0.033818889409303665
v -0.035941965878009796 0.016018155962228775 -0.03681550547480583
v -0.035941965878009796 0.016018155962228775 -0.03681550547480583
v -0.036368004977703094 0.014868241734802723 -0.033818889409303665
v -0.03691242262721062 0.016453448683023453 -0.03132368251681328
v -0.041512660682201385 0.03555160388350487 -0.005290881264954805
v -0.04204185679554939 0.041078001260757446 -0.0017104820581153035
v -0.04188895225524902 0.04070359095931053 -0.0031614608597010374
v -0.04188895225524902 0.04070359095931053 -0.0031614608597010374
v -0.04204185679554939 0.041078001260757446 -0.0017104820581153035
v -0.0422242134809494 0.045391496270895004 -0.0006785532459616661
v -0.04188895225524902 0.04070359095931053 -0.0031614608597010374
v -0.0422242134809494 0.045391496270895004 -0.0006785532459616661
v -0.04212013632059097 0.04606469348073006 -0.0018531550886109471
v -0.04212013632059097 0.04606469348073006 -0.0018531550886109471
v -0.0422242134809494 0.045391496270895004 -0.0006785532459616661
v -0.04231603071093559 0.04979897662997246 -0.00015893425734248012
v -0.04212013632059097 0.04606469348073006 -0.0018531550886109471
v -0.04231603071093559 0.04979897662997246 -0.00015893425734248012
v -0.04220570996403694 0.05148518458008766 -0.001368917291983962
v -0.04220570996403694 0.05148518458008766 -0.001368917291983962
v -0.04231603071093559 0.04979897662997246 -0.00015893425734248012
v -0.042316023260354996 0.05423792824149132 -0.0001589666644576937
v -0.04220570996403694 0.05148518458008766 -0.001368917291983962
v -0.042316023260354996 0.05423792824149132 -0.0001589666644576937
v -0.042185381054878235 0.05496438965201378 -0.0014839502982795238
v -0.042185381054878235 0.05496438965201378 -0.0014839502982795238
v -0.042316023260354996 0.05423792824149132 -0.0001589666644576937
v -0.042224183678627014 0.058645401149988174 -0.0006786666344851255
v -0.042185381054878235 0.05496438965201378 -0.0014839502982795238
v -0.042224183678627014 0.058645401149988174 -0.0006786666344851255
v -0.0420399084687233 0.06026249751448631 -0.0023071649484336376
v -0.0420399084687233 0.06026249751448631 -0.0023071649484336376
v -0.042224183678627014 0.058645401149988174 -0.0006786666344851255
v -0.042041826993227005 0.06295888125896454 -0.001710651209577918
v -0.0420399084687233 0.06026249751448631 -0.0023071649484336376
v -0.042041826993227005 0.06295888125896454 -0.001710651209577918
v -0.04193044826388359 0.0625852420926094 -0.002926638349890709
v -0.04193044826388359 0.0625852420926094 -0.002926638349890709
v -0.042041826993227005 0.06295888125896454 -0.001710651209577918
v -0.041771531105041504 0.06711717694997787 -0.0032402793876826763
v -0.04193044826388359 0.0625852420926094 -0.002926638349890709
v -0.041771531105041504 0.06711717694997787 -0.0032402793876826763
v -0.04174468666315079 0.06558272242546082 -0.003977849148213863
v -0.04174468666315079 0.06558272242546082 -0.003977849148213863
v -0.041771531105041504 0.06711717694997787 -0.0032402793876826763
v -0.041417114436626434 0.07106132805347443 -0.0052458858117461205
v -0.04174468666315079 0.06558272242546082 -0.003977849148213863
v -0.041417114436626434 0.07106132805347443 -0.0052458858117461205
v -0.04129428789019585 0.07072438299655914 -0.0065266843885183334
v -0.04129428789019585 0.07072438299655914 -0.0065266843885183334
v -0.041417114436626434 0.07106132805347443 -0.0052458858117461205
v -0.04098363220691681 0.0747353807091713 -0.007698988541960716
v -0.04129428789019585 0.07072438299655914 -0.0065266843885183334
v -0.04098363220691681 0.0747353807091713 -0.007698988541960716
v -0.04071331396698952 0.07534536719322205 -0.009814402088522911
v -0.04071331396698952 0.07534536719322205 -0.009814402088522911
v -0.04098363220691681 0.0747353807091713 -0.007698988541960716
v -0.040477219969034195 0.0780872330069542 -0.01056480873376131
v -0.04071331396698952 0.07534536719322205 -0.009814402088522911
v -0.040477219969034195 0.0780872330069542 -0.01056480873376131
v -0.04041926562786102 0.07719695568084717 -0.011478425934910774
v -0.04041926562786102 0.07719695568084717 -0.011478425934910774
v -0.040477219969034195 0.0780872330069542 -0.01056480873376131
v -0.03990504890680313 0.08106933534145355 -0.013802710920572281
v -0.04041926562786102 0.07719695568084717 -0.011478425934910774
v -0.03990504890680313 0.08106933534145355 -0.013802710920572281
v -0.04003944993019104 0.07924916595220566 -0.013627804815769196
v -0.04003944993019104 0.07924916595220566 -0.013627804815769196
v -0.03990504890680313 0.08106933534145355 -0.013802710920572281
v -0.03927524387836456 0.08363940566778183 -0.01736675761640072
v -0.04003944993019104 0.07924916595220566 -0.013627804815769196
v -0.03927524387836456 0.08363940566778183 -0.01736675761640072
v -0.03925583139061928 0.08256853371858597 -0.018062319606542587
v -0.03925583139061928 0.08256853371858597 -0.018062319606542587
v -0.03927524387836456 0.08363940566778183 -0.01736675761640072
v -0.0385967455804348 0.08576098084449768 -0.02120640128850937
v -0.03925583139061928 0.08256853371858597 -0.018062319606542587
v -0.0385967455804348 0.08576098084449768 -0.02120640128850937
v -0.03840164840221405 0.08512696623802185 -0.022896142676472664
v -0.03840164840221405 0.08512696623802185 -0.022896142676472664
v -0.0385967455804348 0.08576098084449768 -0.02120640128850937
v -0.03787916898727417 0.08740397542715073 -0.025267185643315315
v -0.03840164840221405 0.08512696623802185 -0.022896142676472664
v -0.03787916898727417 0.08740397542715073 -0.025267185643315315
v -0.037909943610429764 0.08619552105665207 -0.025678707286715508
v -0.037909943610429764 0.08619552105665207 -0.025678707286715508
v -0.03787916898727417 0.08740397542715073 -0.025267185643315315
v -0.03713269159197807 0.08854507654905319 -0.029491513967514038
v -0.037909943610429764 0.08619552105665207 -0.025678707286715508
v -0.03713269159197807 0.08854507654905319 -0.029491513967514038
v -0.03750300407409668 0.08688245713710785 -0.027981562539935112
v -0.03750300407409668 0.08688245713710785 -0.027981562539935112
v -0.03713269159197807 0.08854507654905319 -0.029491513967514038
v -0.03636789694428444 0.08916811645030975 -0.033819474279880524
v -0.03750300407409668 0.08688245713710785 -0.027981562539935112
v -0.03636789694428444 0.08916811645030975 -0.033819474279880524
v -0.03658206760883331 0.08782970160245895 -0.03319316729903221
v -0.03658206760883331 0.08782970160245895 -0.03319316729903221
v -0.03636789694428444 0.08916811645030975 -0.033819474279880524
v -0.035841505974531174 0.089291051030159 -0.03679834306240082
v -0.03658206760883331 0.08782970160245895 -0.03319316729903221
v -0.035841505974531174 0.089291051030159 -0.03679834306240082
v -0.03594186529517174 0.08801815658807755 -0.0368160717189312
v -0.035395845770835876 0.09129830449819565 -0.01999559998512268
v -0.03598817065358162 0.09109518676996231 -0.021344393491744995
v -0.03732654079794884 0.08902877569198608 -0.01942482963204384
v -0.03598817065358162 0.09109518676996231 -0.021344393491744995
v -0.03634428232908249 0.09092167764902115 -0.022503774613142014
v -0.03732654079794884 0.08902877569198608 -0.01942482963204384
v -0.03732654079794884 0.08902877569198608 -0.01942482963204384
v -0.03634428232908249 0.09092167764902115 -0.022503774613142014
v -0.03660545125603676 0.09073856472969055 -0.02375166118144989
v -0.03732654079794884 0.08902877569198608 -0.01942482963204384
v -0.03660545125603676 0.09073856472969055 -0.02375166118144989
v -0.03743646666407585 0.0892099067568779 -0.02458210103213787
v -0.03743646666407585 0.0892099067568779 -0.02458210103213787
v -0.03660545125603676 0.09073856472969055 -0.02375166118144989
v -0.03680737316608429 0.09047435969114304 -0.02563471533358097
v -0.03743646666407585 0.0892099067568779 -0.02458210103213787
v -0.03680737316608429 0.09047435969114304 -0.02563471533358097
v -0.036846261471509933 0.09032534807920456 -0.02676978148519993
v -0.0344691127538681 0.09149976819753647 -0.01862846128642559
v -0.03605737164616585 0.09030330181121826 -0.01859324611723423
v -0.034109365195035934 0.09155498445034027 -0.018239382654428482
v -0.03296377509832382 0.09167218953371048 -0.01735077239573002
v -0.03343437984585762 0.08924942463636398 -0.012779603712260723
v -0.032629795372486115 0.09169279038906097 -0.01717182993888855
v -0.032629795372486115 0.09169279038906097 -0.01717182993888855
v -0.03343437984585762 0.08924942463636398 -0.012779603712260723
v -0.03211738169193268 0.08934648334980011 -0.012485375627875328
v -0.032629795372486115 0.09169279038906097 -0.01717182993888855
v -0.03211738169193268 0.08934648334980011 -0.012485375627875328
v -0.03136251121759415 0.09172562509775162 -0.016757221892476082
v -0.03544585406780243 0.07876571267843246 -0.0013966463739052415
v -0.033536285161972046 0.0827922448515892 -0.004455797374248505
v -0.034849584102630615 0.08271222561597824 -0.004770912230014801
v -0.034849584102630615 0.08271222561597824 -0.004770912230014801
v -0.033536285161972046 0.0827922448515892 -0.004455797374248505
v -0.033377110958099365 0.0837000235915184 -0.005356586072593927
v -0.034849584102630615 0.08271222561597824 -0.004770912230014801
v -0.033377110958099365 0.0837000235915184 -0.005356586072593927
v -0.03417591378092766 0.08622340112924576 -0.008583251386880875
v -0.03417591378092766 0.08622340112924576 -0.008583251386880875
v -0.033377110958099365 0.0837000235915184 -0.005356586072593927
v -0.032860852777957916 0.08631256967782974 -0.008278080262243748
v -0.03417591378092766 0.08622340112924576 -0.008583251386880875
v -0.032860852777957916 0.08631256967782974 -0.008278080262243748
v -0.03343437984585762 0.08924942463636398 -0.012779603712260723
v -0.03343437984585762 0.08924942463636398 -0.012779603712260723
v -0.032860852777957916 0.08631256967782974 -0.008278080262243748
v -0.03242605924606323 0.08817915618419647 -0.010738573968410492
v -0.03343437984585762 0.08924942463636398 -0.012779603712260723
v -0.03242605924606323 0.08817915618419647 -0.010738573968410492
v -0.03211738169193268 0.08934648334980011 -0.012485375627875328
v -0.03484709560871124 0.07242698222398758 0.0029621105641126633
v -0.03464582934975624 0.07449828833341599 0.001823107828386128
v -0.0359562486410141 0.07443983107805252 0.0014916734071448445
v -0.0359562486410141 0.07443983107805252 0.0014916734071448445
v -0.03464582934975624 0.07449828833341599 0.001823107828386128
v -0.03419112041592598 0.0784037709236145 -0.0007500893552787602
v -0.0359562486410141 0.07443983107805252 0.0014916734071448445
v -0.03419112041592598 0.0784037709236145 -0.0007500893552787602
v -0.03544585406780243 0.07876571267843246 -0.0013966463739052415
v -0.03544585406780243 0.07876571267843246 -0.0013966463739052415
v -0.03419112041592598 0.0784037709236145 -0.0007500893552787602
v -0.03413409739732742 0.07883544266223907 -0.0010727479821071029
v -0.03413409739732742 0.07883544266223907 -0.0010727479821071029
v -0.03484709560871124 0.07242698222398758 0.0029621105641126633
v -0.0359562486410141 0.07443983107805252 0.0014916734071448445
v -0.03506419435143471 0.06984228640794754 0.0041906763799488544
v -0.03506419435143471 0.06984228640794754 0.0041906763799488544
v -0.0359562486410141 0.07443983107805252 0.0014916734071448445
v -0.03637353330850601 0.06979594379663467 0.003853088477626443
v -0.03506419435143471 0.06984228640794754 0.0041906763799488544
v -0.03637353330850601 0.06979594379663467 0.003853088477626443
v -0.035328127443790436 0.06592381745576859 0.005684278905391693
v -0.035328127443790436 0.06592381745576859 0.005684278905391693
v -0.03637353330850601 0.06979594379663467 0.003853088477626443
v -0.03669178858399391 0.06489990651607513 0.005654103588312864
v -0.035328127443790436 0.06592381745576859 0.005684278905391693
v -0.03669178858399391 0.06489990651607513 0.005654103588312864
v -0.035383280366659164 0.06493348628282547 0.005996384657919407
v -0.035383280366659164 0.06493348628282547 0.005996384657919407
v -0.03669178858399391 0.06489990651607513 0.005654103588312864
v -0.03690650314092636 0.05982116237282753 0.006869180127978325
v -0.03559855744242668 0.05984150245785713 0.007214630022644997
v -0.03559855744242668 0.05984150245785713 0.007214630022644997
v -0.03690650314092636 0.05982116237282753 0.006869180127978325
v -0.03562181442975998 0.05906199291348457 0.007346214260905981
v -0.03562181442975998 0.05906199291348457 0.007346214260905981
v -0.03690650314092636 0.05982116237282753 0.006869180127978325
v -0.03701463341712952 0.05463174358010292 0.007481074426323175
v -0.03562181442975998 0.05906199291348457 0.007346214260905981
v -0.03701463341712952 0.05463174358010292 0.007481074426323175
v -0.03570696711540222 0.054638560861349106 0.007828118279576302
v -0.03570696711540222 0.054638560861349106 0.007828118279576302
v -0.03701463341712952 0.05463174358010292 0.007481074426323175
v -0.03572055697441101 0.052018504589796066 0.007905025035142899
v -0.03572055697441101 0.052018504589796066 0.007905025035142899
v -0.03701463341712952 0.05463174358010292 0.007481074426323175
v -0.03701463341712952 0.04940526559948921 0.00748111167922616
v -0.03572055697441101 0.052018504589796066 0.007905025035142899
v -0.03701463341712952 0.04940526559948921 0.00748111167922616
v -0.03570697829127312 0.04939844831824303 0.007828164845705032
v -0.03570697829127312 0.04939844831824303 0.007828164845705032
v -0.03701463341712952 0.04940526559948921 0.00748111167922616
v -0.03562182933092117 0.044975005090236664 0.007346318569034338
v -0.03562182933092117 0.044975005090236664 0.007346318569034338
v -0.03701463341712952 0.04940526559948921 0.00748111167922616
v -0.03690652549266815 0.044215839356184006 0.006869299802929163
v -0.03562182933092117 0.044975005090236664 0.007346318569034338
v -0.03690652549266815 0.044215839356184006 0.006869299802929163
v -0.03559857979416847 0.044195499271154404 0.007214749231934547
v -0.03559857979416847 0.044195499271154404 0.007214749231934547
v -0.03690652549266815 0.044215839356184006 0.006869299802929163
v -0.0366918221116066 0.03913707658648491 0.0056543066166341305
v -0.03538331761956215 0.03910349681973457 0.005996588617563248
v -0.03595631197094917 0.029597083106637 0.0014920280082151294
v -0.03484715521335602 0.031609952449798584 0.0029624328017234802
v -0.036373574286699295 0.03424100950360298 0.0038533632177859545
v -0.036373574286699295 0.03424100950360298 0.0038533632177859545
v -0.03484715521335602 0.031609952449798584 0.0029624328017234802
v -0.035064250230789185 0.034194666892290115 0.004190961364656687
v -0.036373574286699295 0.03424100950360298 0.0038533632177859545
v -0.035064250230789185 0.034194666892290115 0.004190961364656687
v -0.0366918221116066 0.03913707658648491 0.0056543066166341305
v -0.0366918221116066 0.03913707658648491 0.0056543066166341305
v -0.035064250230789185 0.034194666892290115 0.004190961364656687
v -0.03532816842198372 0.03811316192150116 0.00568449916318059
v -0.0366918221116066 0.03913707658648491 0.0056543066166341305
v -0.03532816842198372 0.03811316192150116 0.00568449916318059
v -0.03538331761956215 0.03910349681973457 0.005996588617563248
v -0.03337719663977623 0.020336775109171867 -0.005356092471629381
v -0.03353636711835861 0.02124457247555256 -0.004455320071429014
v -0.03484967723488808 0.021324587985873222 -0.004770423285663128
v -0.03484967723488808 0.021324587985873222 -0.004770423285663128
v -0.03353636711835861 0.02124457247555256 -0.004455320071429014
v -0.03413417190313339 0.025201430544257164 -0.0010723249288275838
v -0.0354459285736084 0.025271156802773476 -0.0013962233206257224
v -0.0354459285736084 0.025271156802773476 -0.0013962233206257224
v -0.03413417190313339 0.025201430544257164 -0.0010723249288275838
v -0.03419118747115135 0.025633106008172035 -0.0007496801554225385
v -0.0354459285736084 0.025271156802773476 -0.0013962233206257224
v -0.03419118747115135 0.025633106008172035 -0.0007496801554225385
v -0.03595631197094917 0.029597083106637 0.0014920280082151294
v -0.03595631197094917 0.029597083106637 0.0014920280082151294
v -0.03419118747115135 0.025633106008172035 -0.0007496801554225385
v -0.034645888954401016 0.029538633301854134 0.001823463593609631
v -0.03595631197094917 0.029597083106637 0.0014920280082151294
v -0.034645888954401016 0.029538633301854134 0.001823463593609631
v -0.03484715521335602 0.031609952449798584 0.0029624328017234802
v -0.03343448415398598 0.014787253923714161 -0.012779018841683865
v -0.03266581892967224 0.01234585139900446 -0.017189374193549156
v -0.032303810119628906 0.012328839860856533 -0.017026495188474655
v -0.03337719663977623 0.020336775109171867 -0.005356092471629381
v -0.03484967723488808 0.021324587985873222 -0.004770423285663128
v -0.03286094591021538 0.017724186182022095 -0.00827754382044077
v -0.03286094591021538 0.017724186182022095 -0.00827754382044077
v -0.03484967723488808 0.021324587985873222 -0.004770423285663128
v -0.03417601063847542 0.01781335286796093 -0.008582709357142448
v -0.03286094591021538 0.017724186182022095 -0.00827754382044077
v -0.03417601063847542 0.01781335286796093 -0.008582709357142448
v -0.03242616355419159 0.01585756056010723 -0.010737999342381954
v -0.03242616355419159 0.01585756056010723 -0.010737999342381954
v -0.03417601063847542 0.01781335286796093 -0.008582709357142448
v -0.03343448415398598 0.014787253923714161 -0.012779018841683865
v -0.03242616355419159 0.01585756056010723 -0.010737999342381954
v -0.03343448415398598 0.014787253923714161 -0.012779018841683865
v -0.032117486000061035 0.014690198935568333 -0.01248479075729847
v -0.032117486000061035 0.014690198935568333 -0.01248479075729847
v -0.03343448415398598 0.014787253923714161 -0.012779018841683865
v -0.032303810119628906 0.012328839860856533 -0.017026495188474655
v -0.032117486000061035 0.014690198935568333 -0.01248479075729847
v -0.032303810119628906 0.012328839860856533 -0.017026495188474655
v -0.0313626229763031 0.012310988269746304 -0.01675659604370594
v -0.0347166582942009 0.012581259943544865 -0.018934793770313263
v -0.03445177525281906 0.012533892877399921 -0.018607424572110176
v -0.03446115925908089 0.012808176688849926 -0.01786971651017666
v -0.03446115925908089 0.012808176688849926 -0.01786971651017666
v -0.03445177525281906 0.012533892877399921 -0.018607424572110176
v -0.033152807503938675 0.012378630228340626 -0.017466416582465172
v -0.03446115925908089 0.012808176688849926 -0.01786971651017666
v -0.033152807503938675 0.012378630228340626 -0.017466416582465172
v -0.03524959087371826 0.015273590572178364 -0.013407964259386063
v -0.0360574796795845 0.013733296655118465 -0.01859264448285103
v -0.03592266887426376 0.012914554215967655 -0.02116575464606285
v -0.03535764664411545 0.012727797962725163 -0.019924966618418694
v -0.03684578835964203 0.013706096448004246 -0.02672967128455639
v -0.036740344017744064 0.01344404648989439 -0.02477622777223587
v -0.03743657097220421 0.014826606027781963 -0.024581514298915863
v -0.03743657097220421 0.014826606027781963 -0.024581514298915863
v -0.036740344017744064 0.01344404648989439 -0.02477622777223587
v -0.03660418093204498 0.013296539895236492 -0.02374100498855114
v -0.03743657097220421 0.014826606027781963 -0.024581514298915863
v -0.03660418093204498 0.013296539895236492 -0.02374100498855114
v -0.03819076716899872 0.016553519293665886 -0.020313508808612823
v -0.03618713468313217 0.01437166053801775 -0.03434993326663971
v -0.03653031960129738 0.014232245273888111 -0.03185175731778145
v -0.03713278844952583 0.015491350553929806 -0.029490942135453224
v -0.03713278844952583 0.015491350553929806 -0.029490942135453224
v -0.03653031960129738 0.014232245273888111 -0.03185175731778145
v -0.03681199997663498 0.013935551978647709 -0.02865452691912651
v -0.03713278844952583 0.015491350553929806 -0.029490942135453224
v -0.03681199997663498 0.013935551978647709 -0.02865452691912651
v -0.03787926957011223 0.016632527112960815 -0.025266626849770546
v -0.041771575808525085 0.03691967576742172 -0.003240042831748724
v -0.041512660682201385 0.03555160388350487 -0.005290881264954805
v -0.04141717031598091 0.03297549858689308 -0.005245582200586796
v -0.04141717031598091 0.03297549858689308 -0.005245582200586796
v -0.041512660682201385 0.03555160388350487 -0.005290881264954805
v -0.04099685326218605 0.03075440786778927 -0.00820983201265335
v -0.04141717031598091 0.03297549858689308 -0.005245582200586796
v -0.04099685326218605 0.03075440786778927 -0.00820983201265335
v -0.04098369553685188 0.02930140681564808 -0.007698631379753351
v -0.04098369553685188 0.02930140681564808 -0.007698631379753351
v -0.04099685326218605 0.03075440786778927 -0.00820983201265335
v -0.04035583883523941 0.02647222764790058 -0.01183734554797411
v -0.04098369553685188 0.02930140681564808 -0.007698631379753351
v -0.04035583883523941 0.02647222764790058 -0.01183734554797411
v -0.040477290749549866 0.0259495098143816 -0.010564400814473629
v -0.040477290749549866 0.0259495098143816 -0.010564400814473629
v -0.04035583883523941 0.02647222764790058 -0.01183734554797411
v -0.04031835496425629 0.026260124519467354 -0.01204946730285883
v -0.040477290749549866 0.0259495098143816 -0.010564400814473629
v -0.04031835496425629 0.026260124519467354 -0.01204946730285883
v -0.0399051308631897 0.022967351600527763 -0.01380225457251072
v -0.0399051308631897 0.022967351600527763 -0.01380225457251072
v -0.04031835496425629 0.026260124519467354 -0.01204946730285883
v -0.039549004286527634 0.02258489839732647 -0.016403235495090485
v -0.0399051308631897 0.022967351600527763 -0.01380225457251072
v -0.039549004286527634 0.02258489839732647 -0.016403235495090485
v -0.039275337010622025 0.02039722539484501 -0.017366260290145874
v -0.039275337010622025 0.02039722539484501 -0.017366260290145874
v -0.039549004286527634 0.02258489839732647 -0.016403235495090485
v -0.03874269127845764 0.01981651969254017 -0.020966168493032455
v -0.039275337010622025 0.02039722539484501 -0.017366260290145874
v -0.03874269127845764 0.01981651969254017 -0.020966168493032455
v -0.03859684243798256 0.018275586888194084 -0.02120586857199669
v -0.03859684243798256 0.018275586888194084 -0.02120586857199669
v -0.03874269127845764 0.01981651969254017 -0.020966168493032455
v -0.03786137327551842 0.01774994097650051 -0.025953562930226326
v -0.03859684243798256 0.018275586888194084 -0.02120586857199669
v -0.03786137327551842 0.01774994097650051 -0.025953562930226326
v -0.03787926957011223 0.016632527112960815 -0.025266626849770546
v -0.03787926957011223 0.016632527112960815 -0.025266626849770546
v -0.03786137327551842 0.01774994097650051 -0.025953562930226326
v -0.03691242262721062 0.016453448683023453 -0.03132368251681328
v -0.03787926957011223 0.016632527112960815 -0.025266626849770546
v -0.03691242262721062 0.016453448683023453 -0.03132368251681328
v -0.03713278844952583 0.015491350553929806 -0.029490942135453224
v -0.03713278844952583 0.015491350553929806 -0.029490942135453224
v -0.03691242262721062 0.016453448683023453 -0.03132368251681328
v -0.036368004977703094 0.014868241734802723 -0.033818889409303665
v -0.03713278844952583 0.015491350553929806 -0.029490942135453224
v -0.036368004977703094 0.014868241734802723 -0.033818889409303665
v -0.03618713468313217 0.01437166053801775 -0.03434993326663971
v -0.03618713468313217 0.01437166053801775 -0.03434993326663971
v -0.036368004977703094 0.014868241734802723 -0.033818889409303665
v -0.03584161028265953 0.014745260588824749 -0.03679775819182396
v -0.03618713468313217 0.01437166053801775 -0.03434993326663971
v -0.03584161028265953 0.014745260588824749 -0.03679775819182396
v -0.03578280657529831 0.014418154023587704 -0.03678736090660095
v -0.03314561769366264 0.09165862947702408 -0.017461996525526047
v -0.03446104750037193 0.0912284329533577 -0.017870334908366203
v -0.03296377509832382 0.09167218953371048 -0.01735077239573002
v -0.03296377509832382 0.09167218953371048 -0.01735077239573002
v -0.03446104750037193 0.0912284329533577 -0.017870334908366203
v -0.0352494902908802 0.08876308798789978 -0.013408539816737175
v -0.03296377509832382 0.09167218953371048 -0.01735077239573002
v -0.0352494902908802 0.08876308798789978 -0.013408539816737175
v -0.03343437984585762 0.08924942463636398 -0.012779603712260723
v -0.03343437984585762 0.08924942463636398 -0.012779603712260723
v -0.0352494902908802 0.08876308798789978 -0.013408539816737175
v -0.03598133847117424 0.08577658236026764 -0.009267001412808895
v -0.03417591378092766 0.08622340112924576 -0.008583251386880875
v -0.03417591378092766 0.08622340112924576 -0.008583251386880875
v -0.03598133847117424 0.08577658236026764 -0.009267001412808895
v -0.03664620965719223 0.08231128007173538 -0.005504461470991373
v -0.034849584102630615 0.08271222561597824 -0.004770912230014801
v -0.034849584102630615 0.08271222561597824 -0.004770912230014801
v -0.03664620965719223 0.08231128007173538 -0.005504461470991373
v -0.03723469376564026 0.07841631770133972 -0.0021742682438343763
v -0.03544585406780243 0.07876571267843246 -0.0013966463739052415
v -0.03544585406780243 0.07876571267843246 -0.0013966463739052415
v -0.03723469376564026 0.07841631770133972 -0.0021742682438343763
v -0.03773841634392738 0.07414694875478745 0.0006763189448975027
v -0.0359562486410141 0.07443983107805252 0.0014916734071448445
v -0.0359562486410141 0.07443983107805252 0.0014916734071448445
v -0.03773841634392738 0.07414694875478745 0.0006763189448975027
v -0.03815024718642235 0.06956371665000916 0.003006881335750222
v -0.03637353330850601 0.06979594379663467 0.003853088477626443
v -0.03637353330850601 0.06979594379663467 0.003853088477626443
v -0.03815024718642235 0.06956371665000916 0.003006881335750222
v -0.03846434876322746 0.06473163515329361 0.00478437589481473
v -0.03669178858399391 0.06489990651607513 0.005654103588312864
v -0.03669178858399391 0.06489990651607513 0.005654103588312864
v -0.03846434876322746 0.06473163515329361 0.00478437589481473
v -0.03867626190185547 0.059719230979681015 0.005983577109873295
v -0.03690650314092636 0.05982116237282753 0.006869180127978325
v -0.03690650314092636 0.05982116237282753 0.006869180127978325
v -0.03867626190185547 0.059719230979681015 0.005983577109873295
v -0.03878297284245491 0.054597605019807816 0.006587476469576359
v -0.03701463341712952 0.05463174358010292 0.007481074426323175
v -0.03701463341712952 0.05463174358010292 0.007481074426323175
v -0.03878297284245491 0.054597605019807816 0.006587476469576359
v -0.038782984018325806 0.04943939670920372 0.006587523501366377
v -0.03701463341712952 0.04940526559948921 0.00748111167922616
v -0.03701463341712952 0.04940526559948921 0.00748111167922616
v -0.038782984018325806 0.04943939670920372 0.006587523501366377
v -0.03867628052830696 0.04431775584816933 0.005983696784824133
v -0.03690652549266815 0.044215839356184006 0.006869299802929163
v -0.03690652549266815 0.044215839356184006 0.006869299802929163
v -0.03867628052830696 0.04431775584816933 0.005983696784824133
v -0.03846438601613045 0.03930533677339554 0.004784578923135996
v -0.0366918221116066 0.03913707658648491 0.0056543066166341305
v -0.0366918221116066 0.03913707658648491 0.0056543066166341305
v -0.03846438601613045 0.03930533677339554 0.004784578923135996
v -0.038150303065776825 0.034473225474357605 0.003007166553288698
v -0.036373574286699295 0.03424100950360298 0.0038533632177859545
v -0.036373574286699295 0.03424100950360298 0.0038533632177859545
v -0.038150303065776825 0.034473225474357605 0.003007166553288698
v -0.03773847222328186 0.029889961704611778 0.0006766609731130302
v -0.036373574286699295 0.03424100950360298 0.0038533632177859545
v -0.03773847222328186 0.029889961704611778 0.0006766609731130302
v -0.03595631197094917 0.029597083106637 0.0014920280082151294
v -0.03595631197094917 0.029597083106637 0.0014920280082151294
v -0.03773847222328186 0.029889961704611778 0.0006766609731130302
v -0.03723476454615593 0.02562054432928562 -0.002173858927562833
v -0.0354459285736084 0.025271156802773476 -0.0013962233206257224
v -0.0354459285736084 0.025271156802773476 -0.0013962233206257224
v -0.03723476454615593 0.02562054432928562 -0.002173858927562833
v -0.03664630278944969 0.021725529804825783 -0.0055039748549461365
v -0.03484967723488808 0.021324587985873222 -0.004770423285663128
v -0.03484967723488808 0.021324587985873222 -0.004770423285663128
v -0.03664630278944969 0.021725529804825783 -0.0055039748549461365
v -0.0359814278781414 0.018260160461068153 -0.009266475215554237
v -0.03417601063847542 0.01781335286796093 -0.008582709357142448
v -0.03417601063847542 0.01781335286796093 -0.008582709357142448
v -0.0359814278781414 0.018260160461068153 -0.009266475215554237
v -0.03524959087371826 0.015273590572178364 -0.013407964259386063
v -0.03343448415398598 0.014787253923714161 -0.012779018841683865
v -0.03343448415398598 0.014787253923714161 -0.012779018841683865
v -0.03524959087371826 0.015273590572178364 -0.013407964259386063
v -0.033152807503938675 0.012378630228340626 -0.017466416582465172
v -0.03343448415398598 0.014787253923714161 -0.012779018841683865
v -0.033152807503938675 0.012378630228340626 -0.017466416582465172
v -0.03266581892967224 0.01234585139900446 -0.017189374193549156
v -0.034109365195035934 0.09155498445034027 -0.018239382654428482
v -0.03605737164616585 0.09030330181121826 -0.01859324611723423
v -0.03446104750037193 0.0912284329533577 -0.017870334908366203
v -0.03446104750037193 0.0912284329533577 -0.017870334908366203
v -0.03605737164616585 0.09030330181121826 -0.01859324611723423
v -0.0368272140622139 0.08789613097906113 -0.014236725866794586
v -0.0352494902908802 0.08876308798789978 -0.013408539816737175
v -0.0352494902908802 0.08876308798789978 -0.013408539816737175
v -0.0368272140622139 0.08789613097906113 -0.014236725866794586
v -0.03754179924726486 0.08498009294271469 -0.010192896239459515
v -0.03598133847117424 0.08577658236026764 -0.009267001412808895
v -0.03598133847117424 0.08577658236026764 -0.009267001412808895
v -0.03754179924726486 0.08498009294271469 -0.010192896239459515
v -0.03819098696112633 0.08159654587507248 -0.0065191276371479034
v -0.03664620965719223 0.08231128007173538 -0.005504461470991373
v -0.03664620965719223 0.08231128007173538 -0.005504461470991373
v -0.03819098696112633 0.08159654587507248 -0.0065191276371479034
v -0.03876557946205139 0.07779347896575928 -0.0032675140537321568
v -0.03723469376564026 0.07841631770133972 -0.0021742682438343763
v -0.03723469376564026 0.07841631770133972 -0.0021742682438343763
v -0.03876557946205139 0.07779347896575928 -0.0032675140537321568
v -0.03925741836428642 0.07362484186887741 -0.0004841794725507498
v -0.03773841634392738 0.07414694875478745 0.0006763189448975027
v -0.03773841634392738 0.07414694875478745 0.0006763189448975027
v -0.03925741836428642 0.07362484186887741 -0.0004841794725507498
v -0.039659533649683 0.06914974749088287 0.001791398972272873
v -0.03815024718642235 0.06956371665000916 0.003006881335750222
v -0.03815024718642235 0.06956371665000916 0.003006881335750222
v -0.039659533649683 0.06914974749088287 0.001791398972272873
v -0.039966218173503876 0.06443167477846146 0.003526945598423481
v -0.03846434876322746 0.06473163515329361 0.00478437589481473
v -0.03846434876322746 0.06473163515329361 0.00478437589481473
v -0.039966218173503876 0.06443167477846146 0.003526945598423481
v -0.04017312824726105 0.059537533670663834 0.004697852302342653
v -0.03867626190185547 0.059719230979681015 0.005983577109873295
v -0.03867626190185547 0.059719230979681015 0.005983577109873295
v -0.04017312824726105 0.059537533670663834 0.004697852302342653
v -0.040277332067489624 0.05453674867749214 0.005287512205541134
v -0.03878297284245491 0.054597605019807816 0.006587476469576359
v -0.03878297284245491 0.054597605019807816 0.006587476469576359
v -0.040277332067489624 0.05453674867749214 0.005287512205541134
v -0.040277332067489624 0.0495002381503582 0.005287548061460257
v -0.038782984018325806 0.04943939670920372 0.006587523501366377
v -0.038782984018325806 0.04943939670920372 0.006587523501366377
v -0.040277332067489624 0.0495002381503582 0.005287548061460257
v -0.04017314687371254 0.04449944198131561 0.0046979705803096294
v -0.03867628052830696 0.04431775584816933 0.005983696784824133
v -0.03867628052830696 0.04431775584816933 0.005983696784824133
v -0.04017314687371254 0.04449944198131561 0.0046979705803096294
v -0.03996625915169716 0.0396052822470665 0.003527146065607667
v -0.03846438601613045 0.03930533677339554 0.004784578923135996
v -0.03846438601613045 0.03930533677339554 0.004784578923135996
v -0.03996625915169716 0.0396052822470665 0.003527146065607667
v -0.03965958207845688 0.03488717973232269 0.0017916702199727297
v -0.038150303065776825 0.034473225474357605 0.003007166553288698
v -0.038150303065776825 0.034473225474357605 0.003007166553288698
v -0.03965958207845688 0.03488717973232269 0.0017916702199727297
v -0.0392574779689312 0.03041205368936062 -0.0004838398308493197
v -0.03773847222328186 0.029889961704611778 0.0006766609731130302
v -0.03773847222328186 0.029889961704611778 0.0006766609731130302
v -0.0392574779689312 0.03041205368936062 -0.0004838398308493197
v -0.03876565024256706 0.026243368163704872 -0.0032671084627509117
v -0.03723476454615593 0.02562054432928562 -0.002173858927562833
v -0.03723476454615593 0.02562054432928562 -0.002173858927562833
v -0.03876565024256706 0.026243368163704872 -0.0032671084627509117
v -0.038191065192222595 0.02244025282561779 -0.0065186661668121815
v -0.03664630278944969 0.021725529804825783 -0.0055039748549461365
v -0.03664630278944969 0.021725529804825783 -0.0055039748549461365
v -0.038191065192222595 0.02244025282561779 -0.0065186661668121815
v -0.03754188492894173 0.019056646153330803 -0.010192383080720901
v -0.0359814278781414 0.018260160461068153 -0.009266475215554237
v -0.0359814278781414 0.018260160461068153 -0.009266475215554237
v -0.03754188492894173 0.019056646153330803 -0.010192383080720901
v -0.036827314645051956 0.016140542924404144 -0.014236158691346645
v -0.03524959087371826 0.015273590572178364 -0.013407964259386063
v -0.03524959087371826 0.015273590572178364 -0.013407964259386063
v -0.036827314645051956 0.016140542924404144 -0.014236158691346645
v -0.0360574796795845 0.013733296655118465 -0.01859264448285103
v -0.03446115925908089 0.012808176688849926 -0.01786971651017666
v -0.03446115925908089 0.012808176688849926 -0.01786971651017666
v -0.0360574796795845 0.013733296655118465 -0.01859264448285103
v -0.03535764664411545 0.012727797962725163 -0.019924966618418694
v -0.03446115925908089 0.012808176688849926 -0.01786971651017666
v -0.03535764664411545 0.012727797962725163 -0.019924966618418694
v -0.0347166582942009 0.012581259943544865 -0.018934793770313263
v -0.035395845770835876 0.09129830449819565 -0.01999559998512268
v -0.03732654079794884 0.08902877569198608 -0.01942482963204384
v -0.03605737164616585 0.09030330181121826 -0.01859324611723423
v -0.03605737164616585 0.09030330181121826 -0.01859324611723423
v -0.03732654079794884 0.08902877569198608 -0.01942482963204384
v -0.03807074949145317 0.08670174330472946 -0.015213335864245892
v -0.0368272140622139 0.08789613097906113 -0.014236725866794586
v -0.0368272140622139 0.08789613097906113 -0.014236725866794586
v -0.03807074949145317 0.08670174330472946 -0.015213335864245892
v -0.03876154497265816 0.08388277888298035 -0.01130413357168436
v -0.03754179924726486 0.08498009294271469 -0.010192896239459515
v -0.03754179924726486 0.08498009294271469 -0.010192896239459515
v -0.03876154497265816 0.08388277888298035 -0.01130413357168436
v -0.03938911855220795 0.08061186969280243 -0.007752662990242243
v -0.03819098696112633 0.08159654587507248 -0.0065191276371479034
v -0.03819098696112633 0.08159654587507248 -0.0065191276371479034
v -0.03938911855220795 0.08061186969280243 -0.007752662990242243
v -0.03994457796216011 0.07693541049957275 -0.004609304014593363
v -0.03876557946205139 0.07779347896575928 -0.0032675140537321568
v -0.03876557946205139 0.07779347896575928 -0.0032675140537321568
v -0.03994457796216011 0.07693541049957275 -0.004609304014593363
v -0.040420051664114 0.07290554791688919 -0.0019186204299330711
v -0.03925741836428642 0.07362484186887741 -0.0004841794725507498
v -0.03925741836428642 0.07362484186887741 -0.0004841794725507498
v -0.040420051664114 0.07290554791688919 -0.0019186204299330711
v -0.0408087782561779 0.06857943534851074 0.0002812028687912971
v -0.039659533649683 0.06914974749088287 0.001791398972272873
v -0.039659533649683 0.06914974749088287 0.001791398972272873
v -0.0408087782561779 0.06857943534851074 0.0002812028687912971
v -0.041105251759290695 0.06401842087507248 0.0019589709118008614
v -0.039966218173503876 0.06443167477846146 0.003526945598423481
v -0.039966218173503876 0.06443167477846146 0.003526945598423481
v -0.041105251759290695 0.06401842087507248 0.0019589709118008614
v -0.04130527749657631 0.05928720906376839 0.0030909033957868814
v -0.04017312824726105 0.059537533670663834 0.004697852302342653
v -0.04017312824726105 0.059537533670663834 0.004697852302342653
v -0.04130527749657631 0.05928720906376839 0.0030909033957868814
v -0.04140600934624672 0.05445289984345436 0.0036609279923141003
v -0.040277332067489624 0.05453674867749214 0.005287512205541134
v -0.040277332067489624 0.05453674867749214 0.005287512205541134
v -0.04140600934624672 0.05445289984345436 0.0036609279923141003
v -0.04140601307153702 0.04958405718207359 0.0036609640810638666
v -0.040277332067489624 0.0495002381503582 0.005287548061460257
v -0.040277332067489624 0.0495002381503582 0.005287548061460257
v -0.04140601307153702 0.04958405718207359 0.0036609640810638666
v -0.0413052998483181 0.04474974051117897 0.0030910205096006393
v -0.04017314687371254 0.04449944198131561 0.0046979705803096294
v -0.04017314687371254 0.04449944198131561 0.0046979705803096294
v -0.0413052998483181 0.04474974051117897 0.0030910205096006393
v -0.04110529273748398 0.040018510073423386 0.001959169050678611
v -0.03996625915169716 0.0396052822470665 0.003527146065607667
v -0.03996625915169716 0.0396052822470665 0.003527146065607667
v -0.04110529273748398 0.040018510073423386 0.001959169050678611
v -0.040808822959661484 0.03545747697353363 0.0002814590698108077
v -0.03965958207845688 0.03488717973232269 0.0017916702199727297
v -0.03965958207845688 0.03488717973232269 0.0017916702199727297
v -0.040808822959661484 0.03545747697353363 0.0002814590698108077
v -0.04042010381817818 0.031131325289607048 -0.0019182957476004958
v -0.0392574779689312 0.03041205368936062 -0.0004838398308493197
v -0.0392574779689312 0.03041205368936062 -0.0004838398308493197
v -0.04042010381817818 0.031131325289607048 -0.0019182957476004958
v -0.03994464501738548 0.027101418003439903 -0.004608912393450737
v -0.03876565024256706 0.026243368163704872 -0.0032671084627509117
v -0.03876565024256706 0.026243368163704872 -0.0032671084627509117
v -0.03994464501738548 0.027101418003439903 -0.004608912393450737
v -0.039389193058013916 0.023424910381436348 -0.007752220146358013
v -0.038191065192222595 0.02244025282561779 -0.0065186661668121815
v -0.038191065192222595 0.02244025282561779 -0.0065186661668121815
v -0.039389193058013916 0.023424910381436348 -0.007752220146358013
v -0.038761626929044724 0.020153945311903954 -0.01130363717675209
v -0.03754188492894173 0.019056646153330803 -0.010192383080720901
v -0.03754188492894173 0.019056646153330803 -0.010192383080720901
v -0.038761626929044724 0.020153945311903954 -0.01130363717675209
v -0.03807084634900093 0.017334917560219765 -0.015212793834507465
v -0.036827314645051956 0.016140542924404144 -0.014236158691346645
v -0.036827314645051956 0.016140542924404144 -0.014236158691346645
v -0.03807084634900093 0.017334917560219765 -0.015212793834507465
v -0.037326641380786896 0.015007809735834599 -0.01942424848675728
v -0.0360574796795845 0.013733296655118465 -0.01859264448285103
v -0.0360574796795845 0.013733296655118465 -0.01859264448285103
v -0.037326641380786896 0.015007809735834599 -0.01942424848675728
v -0.03612424433231354 0.013001230545341969 -0.02174212597310543
v -0.0360574796795845 0.013733296655118465 -0.01859264448285103
v -0.03612424433231354 0.013001230545341969 -0.02174212597310543
v -0.03592266887426376 0.012914554215967655 -0.02116575464606285
v -0.03743646666407585 0.0892099067568779 -0.02458210103213787
v -0.03819067031145096 0.08748305588960648 -0.020314069464802742
v -0.03732654079794884 0.08902877569198608 -0.01942482963204384
v -0.03732654079794884 0.08902877569198608 -0.01942482963204384
v -0.03819067031145096 0.08748305588960648 -0.020314069464802742
v -0.038903795182704926 0.08525320887565613 -0.016278468072414398
v -0.03807074949145317 0.08670174330472946 -0.015213335864245892
v -0.03807074949145317 0.08670174330472946 -0.015213335864245892
v -0.038903795182704926 0.08525320887565613 -0.016278468072414398
v -0.03956574201583862 0.0825519785284996 -0.012532521970570087
v -0.03876154497265816 0.08388277888298035 -0.01130413357168436
v -0.03876154497265816 0.08388277888298035 -0.01130413357168436
v -0.03956574201583862 0.0825519785284996 -0.012532521970570087
v -0.04016710817813873 0.07941767573356628 -0.009129378944635391
v -0.03938911855220795 0.08061186969280243 -0.007752662990242243
v -0.03938911855220795 0.08061186969280243 -0.007752662990242243
v -0.04016710817813873 0.07941767573356628 -0.009129378944635391
v -0.040699370205402374 0.07589476555585861 -0.006117301061749458
v -0.03994457796216011 0.07693541049957275 -0.004609304014593363
v -0.03994457796216011 0.07693541049957275 -0.004609304014593363
v -0.040699370205402374 0.07589476555585861 -0.006117301061749458
v -0.04115498438477516 0.07203320413827896 -0.0035389892291277647
v -0.040420051664114 0.07290554791688919 -0.0019186204299330711
v -0.040420051664114 0.07290554791688919 -0.0019186204299330711
v -0.04115498438477516 0.07203320413827896 -0.0035389892291277647
v -0.04152747243642807 0.06788776069879532 -0.0014310504775494337
v -0.0408087782561779 0.06857943534851074 0.0002812028687912971
v -0.0408087782561779 0.06857943534851074 0.0002812028687912971
v -0.04152747243642807 0.06788776069879532 -0.0014310504775494337
v -0.04181157425045967 0.0635172426700592 0.00017666460189502686
v -0.0408087782561779 0.06857943534851074 0.0002812028687912971
v -0.04181157425045967 0.0635172426700592 0.00017666460189502686
v -0.041105251759290695 0.06401842087507248 0.0019589709118008614
v -0.041105251759290695 0.06401842087507248 0.0019589709118008614
v -0.04181157425045967 0.0635172426700592 0.00017666460189502686
v -0.042003240436315536 0.05898362025618553 0.0012613116996362805
v -0.04130527749657631 0.05928720906376839 0.0030909033957868814
v -0.04130527749657631 0.05928720906376839 0.0030909033957868814
v -0.042003240436315536 0.05898362025618553 0.0012613116996362805
v -0.042099762707948685 0.054351214319467545 0.0018075306434184313
v -0.04140600934624672 0.05445289984345436 0.0036609279923141003
v -0.04140600934624672 0.05445289984345436 0.0036609279923141003
v -0.042099762707948685 0.054351214319467545 0.0018075306434184313
v -0.04209976643323898 0.04968572035431862 0.0018075654515996575
v -0.04140601307153702 0.04958405718207359 0.0036609640810638666
v -0.04140601307153702 0.04958405718207359 0.0036609640810638666
v -0.04209976643323898 0.04968572035431862 0.0018075654515996575
v -0.04200326278805733 0.04505329951643944 0.0012614274164661765
v -0.0413052998483181 0.04474974051117897 0.0030910205096006393
v -0.0413052998483181 0.04474974051117897 0.0030910205096006393
v -0.04200326278805733 0.04505329951643944 0.0012614274164661765
v -0.04181160032749176 0.04051966592669487 0.00017683859914541245
v -0.04110529273748398 0.040018510073423386 0.001959169050678611
v -0.04110529273748398 0.040018510073423386 0.001959169050678611
v -0.04181160032749176 0.04051966592669487 0.00017683859914541245
v -0.04152751713991165 0.03614911809563637 -0.0014307978563010693
v -0.040808822959661484 0.03545747697353363 0.0002814590698108077
v -0.040808822959661484 0.03545747697353363 0.0002814590698108077
v -0.04152751713991165 0.03614911809563637 -0.0014307978563010693
v -0.04115503653883934 0.032003648579120636 -0.0035386832896620035
v -0.04042010381817818 0.031131325289607048 -0.0019182957476004958
v -0.04042010381817818 0.031131325289607048 -0.0019182957476004958
v -0.04115503653883934 0.032003648579120636 -0.0035386832896620035
v -0.04069943353533745 0.028142044320702553 -0.006116928067058325
v -0.03994464501738548 0.027101418003439903 -0.004608912393450737
v -0.03994464501738548 0.027101418003439903 -0.004608912393450737
v -0.04069943353533745 0.028142044320702553 -0.006116928067058325
v -0.0401671826839447 0.024619085714221 -0.009128955192863941
v -0.039389193058013916 0.023424910381436348 -0.007752220146358013
v -0.039389193058013916 0.023424910381436348 -0.007752220146358013
v -0.0401671826839447 0.024619085714221 -0.009128955192863941
v -0.03956582397222519 0.021484727039933205 -0.012532046996057034
v -0.038761626929044724 0.020153945311903954 -0.01130363717675209
v -0.038761626929044724 0.020153945311903954 -0.01130363717675209
v -0.03956582397222519 0.021484727039933205 -0.012532046996057034
v -0.03890388831496239 0.018783437088131905 -0.016277944669127464
v -0.03807084634900093 0.017334917560219765 -0.015212793834507465
v -0.03807084634900093 0.017334917560219765 -0.015212793834507465
v -0.03890388831496239 0.018783437088131905 -0.016277944669127464
v -0.03819076716899872 0.016553519293665886 -0.020313508808612823
v -0.037326641380786896 0.015007809735834599 -0.01942424848675728
v -0.037326641380786896 0.015007809735834599 -0.01942424848675728
v -0.03819076716899872 0.016553519293665886 -0.020313508808612823
v -0.03660418093204498 0.013296539895236492 -0.02374100498855114
v -0.037326641380786896 0.015007809735834599 -0.01942424848675728
v -0.03660418093204498 0.013296539895236492 -0.02374100498855114
v -0.03612424433231354 0.013001230545341969 -0.02174212597310543
v -0.03578270226716995 0.08961815387010574 -0.03678795322775841
v -0.035841505974531174 0.089291051030159 -0.03679834306240082
v -0.03652648627758026 0.08980187773704529 -0.031883370131254196
v -0.03652648627758026 0.08980187773704529 -0.031883370131254196
v -0.035841505974531174 0.089291051030159 -0.03679834306240082
v -0.03636789694428444 0.08916811645030975 -0.033819474279880524
v -0.03652648627758026 0.08980187773704529 -0.031883370131254196
v -0.03636789694428444 0.08916811645030975 -0.033819474279880524
v -0.03665148466825485 0.08989211916923523 -0.030758239328861237
v -0.03665148466825485 0.08989211916923523 -0.030758239328861237
v -0.03636789694428444 0.08916811645030975 -0.033819474279880524
v -0.03713269159197807 0.08854507654905319 -0.029491513967514038
v -0.03665148466825485 0.08989211916923523 -0.030758239328861237
v -0.03713269159197807 0.08854507654905319 -0.029491513967514038
v -0.036824606359004974 0.09013358503580093 -0.028362907469272614
v -0.036824606359004974 0.09013358503580093 -0.028362907469272614
v -0.03713269159197807 0.08854507654905319 -0.029491513967514038
v -0.03787916898727417 0.08740397542715073 -0.025267185643315315
v -0.036824606359004974 0.09013358503580093 -0.028362907469272614
v -0.03787916898727417 0.08740397542715073 -0.025267185643315315
v -0.03743646666407585 0.0892099067568779 -0.02458210103213787
v -0.03743646666407585 0.0892099067568779 -0.02458210103213787
v -0.03787916898727417 0.08740397542715073 -0.025267185643315315
v -0.0385967455804348 0.08576098084449768 -0.02120640128850937
v -0.03819067031145096 0.08748305588960648 -0.020314069464802742
v -0.03819067031145096 0.08748305588960648 -0.020314069464802742
v -0.0385967455804348 0.08576098084449768 -0.02120640128850937
v -0.03927524387836456 0.08363940566778183 -0.01736675761640072
v -0.038903795182704926 0.08525320887565613 -0.016278468072414398
v -0.038903795182704926 0.08525320887565613 -0.016278468072414398
v -0.03927524387836456 0.08363940566778183 -0.01736675761640072
v -0.03990504890680313 0.08106933534145355 -0.013802710920572281
v -0.03956574201583862 0.0825519785284996 -0.012532521970570087
v -0.03956574201583862 0.0825519785284996 -0.012532521970570087
v -0.03990504890680313 0.08106933534145355 -0.013802710920572281
v -0.040477219969034195 0.0780872330069542 -0.01056480873376131
v -0.04016710817813873 0.07941767573356628 -0.009129378944635391
v -0.04016710817813873 0.07941767573356628 -0.009129378944635391
v -0.040477219969034195 0.0780872330069542 -0.01056480873376131
v -0.04098363220691681 0.0747353807091713 -0.007698988541960716
v -0.040699370205402374 0.07589476555585861 -0.006117301061749458
v -0.040699370205402374 0.07589476555585861 -0.006117301061749458
v -0.04098363220691681 0.0747353807091713 -0.007698988541960716
v -0.041417114436626434 0.07106132805347443 -0.0052458858117461205
v -0.04115498438477516 0.07203320413827896 -0.0035389892291277647
v -0.04115498438477516 0.07203320413827896 -0.0035389892291277647
v -0.041417114436626434 0.07106132805347443 -0.0052458858117461205
v -0.041771531105041504 0.06711717694997787 -0.0032402793876826763
v -0.04152747243642807 0.06788776069879532 -0.0014310504775494337
v -0.04152747243642807 0.06788776069879532 -0.0014310504775494337
v -0.041771531105041504 0.06711717694997787 -0.0032402793876826763
v -0.042041826993227005 0.06295888125896454 -0.001710651209577918
v -0.04181157425045967 0.0635172426700592 0.00017666460189502686
v -0.04181157425045967 0.0635172426700592 0.00017666460189502686
v -0.042041826993227005 0.06295888125896454 -0.001710651209577918
v -0.042224183678627014 0.058645401149988174 -0.0006786666344851255
v -0.042003240436315536 0.05898362025618553 0.0012613116996362805
v -0.042003240436315536 0.05898362025618553 0.0012613116996362805
v -0.042224183678627014 0.058645401149988174 -0.0006786666344851255
v -0.042316023260354996 0.05423792824149132 -0.0001589666644576937
v -0.042099762707948685 0.054351214319467545 0.0018075306434184313
v -0.042099762707948685 0.054351214319467545 0.0018075306434184313
v -0.042316023260354996 0.05423792824149132 -0.0001589666644576937
v -0.04231603071093559 0.04979897662997246 -0.00015893425734248012
v -0.04209976643323898 0.04968572035431862 0.0018075654515996575
v -0.04209976643323898 0.04968572035431862 0.0018075654515996575
v -0.04231603071093559 0.04979897662997246 -0.00015893425734248012
v -0.0422242134809494 0.045391496270895004 -0.0006785532459616661
v -0.04200326278805733 0.04505329951643944 0.0012614274164661765
v -0.04200326278805733 0.04505329951643944 0.0012614274164661765
v -0.0422242134809494 0.045391496270895004 -0.0006785532459616661
v -0.04204185679554939 0.041078001260757446 -0.0017104820581153035
v -0.04181160032749176 0.04051966592669487 0.00017683859914541245
v -0.04181160032749176 0.04051966592669487 0.00017683859914541245
v -0.04204185679554939 0.041078001260757446 -0.0017104820581153035
v -0.041771575808525085 0.03691967576742172 -0.003240042831748724
v -0.04152751713991165 0.03614911809563637 -0.0014307978563010693
v -0.04152751713991165 0.03614911809563637 -0.0014307978563010693
v -0.041771575808525085 0.03691967576742172 -0.003240042831748724
v -0.04141717031598091 0.03297549858689308 -0.005245582200586796
v -0.04115503653883934 0.032003648579120636 -0.0035386832896620035
v -0.04115503653883934 0.032003648579120636 -0.0035386832896620035
v -0.04141717031598091 0.03297549858689308 -0.005245582200586796
v -0.04098369553685188 0.02930140681564808 -0.007698631379753351
v -0.04069943353533745 0.028142044320702553 -0.006116928067058325
v -0.04069943353533745 0.028142044320702553 -0.006116928067058325
v -0.04098369553685188 0.02930140681564808 -0.007698631379753351
v -0.040477290749549866 0.0259495098143816 -0.010564400814473629
v -0.0401671826839447 0.024619085714221 -0.009128955192863941
v -0.0401671826839447 0.024619085714221 -0.009128955192863941
v -0.040477290749549866 0.0259495098143816 -0.010564400814473629
v -0.0399051308631897 0.022967351600527763 -0.01380225457251072
v -0.03956582397222519 0.021484727039933205 -0.012532046996057034
v -0.03956582397222519 0.021484727039933205 -0.012532046996057034
v -0.0399051308631897 0.022967351600527763 -0.01380225457251072
v -0.039275337010622025 0.02039722539484501 -0.017366260290145874
v -0.03890388831496239 0.018783437088131905 -0.016277944669127464
v -0.03890388831496239 0.018783437088131905 -0.016277944669127464
v -0.039275337010622025 0.02039722539484501 -0.017366260290145874
v -0.03859684243798256 0.018275586888194084 -0.02120586857199669
v -0.03819076716899872 0.016553519293665886 -0.020313508808612823
v -0.03819076716899872 0.016553519293665886 -0.020313508808612823
v -0.03859684243798256 0.018275586888194084 -0.02120586857199669
v -0.03787926957011223 0.016632527112960815 -0.025266626849770546
v -0.03743657097220421 0.014826606027781963 -0.024581514298915863
v -0.03743657097220421 0.014826606027781963 -0.024581514298915863
v -0.03787926957011223 0.016632527112960815 -0.025266626849770546
v -0.03681199997663498 0.013935551978647709 -0.02865452691912651
v -0.03743657097220421 0.014826606027781963 -0.024581514298915863
v -0.03681199997663498 0.013935551978647709 -0.02865452691912651
v -0.03684578835964203 0.013706096448004246 -0.02672967128455639
v -0.020305540412664413 0.012218295596539974 -0.016115183010697365
v -0.01836293749511242 0.012218206189572811 -0.027108388021588326
v -0.01836293563246727 0.013218206353485584 -0.027108395472168922
v -0.024853581562638283 0.052018504589796066 0.009622227400541306
v -0.02475530281662941 0.045007020235061646 0.009066061116755009
v -0.010152065195143223 0.03892149403691292 -0.07357379794120789
v -0.009873883798718452 0.04578215256333351 -0.07514802366495132
v -0.020515337586402893 0.09154513478279114 -0.014927924610674381
v -0.020515449345111847 0.012491476722061634 -0.01492729876190424
v -0.021574154496192932 0.01602192595601082 -0.008936065249145031
v -0.022520866245031357 0.02048077993094921 -0.0035786177031695843
v -0.023331167176365852 0.025753038004040718 0.0010068642441183329
v -0.010502645745873451 0.072586290538311 -0.07158984988927841
v -0.011154862120747566 0.07845444977283478 -0.06789896637201309
v -0.009794805198907852 0.052517812699079514 -0.07559554278850555
v -0.011960651725530624 0.0836545005440712 -0.0633389949798584
v -0.012899656780064106 0.08805503696203232 -0.05802515894174576
v -0.024462979286909103 0.038176365196704865 0.007411797996610403
v -0.0239841490983963 0.031702715903520584 0.004702101461589336
v -0.013948140665888786 0.09154483675956726 -0.05209176242351532
v -0.014158050529658794 0.09181801974773407 -0.05090387910604477
v -0.02030542865395546 0.09181829541921616 -0.016115808859467506
v -0.023331088945269585 0.07828383147716522 0.0010064436355605721
v -0.014101973734796047 0.013245868496596813 -0.05122124031186104
v -0.022520780563354492 0.08355601876974106 -0.003579110372811556
v -0.021574057638645172 0.08801478147506714 -0.00893662590533495
v -0.023984091356396675 0.07233421504497528 0.004701780620962381
v -0.02446293830871582 0.06586060672998428 0.007411578670144081
v -0.02475527860224247 0.05902997776865959 0.009065945632755756
v -0.013036257587373257 0.01672682724893093 -0.05725211650133133
v -0.012084513902664185 0.021166464313864708 -0.06263802945613861
v -0.009610507637262344 0.05251780524849892 -0.07663848251104355
v -0.00972058903425932 0.05945200100541115 -0.07601552456617355
v -0.010020495392382145 0.06619832664728165 -0.07431835681200027
v -0.01127260085195303 0.026444176211953163 -0.06723267585039139
v -0.01062256470322609 0.03241659700870514 -0.0709112361073494
v -0.014112422242760658 0.013218010775744915 -0.051162105053663254
v -0.02475527860224247 0.05902997776865959 0.009065945632755756
v -0.014112422242760658 0.013218010775744915 -0.051162105053663254
v -0.014101973734796047 0.013245868496596813 -0.05122124031186104
v -0.03136251121759415 0.09172562509775162 -0.016757221892476082
v -0.03211738169193268 0.08934648334980011 -0.012485375627875328
v -0.020727280527353287 0.09172562509775162 -0.014877879060804844
v -0.020727280527353287 0.09172562509775162 -0.014877879060804844
v -0.03211738169193268 0.08934648334980011 -0.012485375627875328
v -0.02179083414375782 0.08817915618419647 -0.008859223686158657
v -0.033377110958099365 0.0837000235915184 -0.005356586072593927
v -0.022741876542568207 0.0837000235915184 -0.003477248828858137
v -0.032860852777957916 0.08631256967782974 -0.008278080262243748
v -0.032860852777957916 0.08631256967782974 -0.008278080262243748
v -0.022741876542568207 0.0837000235915184 -0.003477248828858137
v -0.02179083414375782 0.08817915618419647 -0.008859223686158657
v -0.032860852777957916 0.08631256967782974 -0.008278080262243748
v -0.02179083414375782 0.08817915618419647 -0.008859223686158657
v -0.03242605924606323 0.08817915618419647 -0.010738573968410492
v -0.03242605924606323 0.08817915618419647 -0.010738573968410492
v -0.02179083414375782 0.08817915618419647 -0.008859223686158657
v -0.03211738169193268 0.08934648334980011 -0.012485375627875328
v -0.033377110958099365 0.0837000235915184 -0.005356586072593927
v -0.033536285161972046 0.0827922448515892 -0.004455797374248505
v -0.022741876542568207 0.0837000235915184 -0.003477248828858137
v -0.022741876542568207 0.0837000235915184 -0.003477248828858137
v -0.033536285161972046 0.0827922448515892 -0.004455797374248505
v -0.03413409739732742 0.07883544266223907 -0.0010727479821071029
v -0.022741876542568207 0.0837000235915184 -0.003477248828858137
v -0.03413409739732742 0.07883544266223907 -0.0010727479821071029
v -0.02355589158833027 0.0784037709236145 0.0011292524868622422
v -0.03413409739732742 0.07883544266223907 -0.0010727479821071029
v -0.03419112041592598 0.0784037709236145 -0.0007500893552787602
v -0.02355589158833027 0.0784037709236145 0.0011292524868622422
v -0.02355589158833027 0.0784037709236145 0.0011292524868622422
v -0.03419112041592598 0.0784037709236145 -0.0007500893552787602
v -0.03464582934975624 0.07449828833341599 0.001823107828386128
v -0.02355589158833027 0.0784037709236145 0.0011292524868622422
v -0.03464582934975624 0.07449828833341599 0.001823107828386128
v -0.02421186864376068 0.07242698222398758 0.004841452930122614
v -0.035328127443790436 0.06592381745576859 0.005684278905391693
v -0.02469290792942047 0.06592381745576859 0.007563633378595114
v -0.03506419435143471 0.06984228640794754 0.0041906763799488544
v -0.03506419435143471 0.06984228640794754 0.0041906763799488544
v -0.02469290792942047 0.06592381745576859 0.007563633378595114
v -0.02421186864376068 0.07242698222398758 0.004841452930122614
v -0.03506419435143471 0.06984228640794754 0.0041906763799488544
v -0.02421186864376068 0.07242698222398758 0.004841452930122614
v -0.03484709560871124 0.07242698222398758 0.0029621105641126633
v -0.03484709560871124 0.07242698222398758 0.0029621105641126633
v -0.02421186864376068 0.07242698222398758 0.004841452930122614
v -0.03464582934975624 0.07449828833341599 0.001823107828386128
v -0.035328127443790436 0.06592381745576859 0.005684278905391693
v -0.035383280366659164 0.06493348628282547 0.005996384657919407
v -0.02469290792942047 0.06592381745576859 0.007563633378595114
v -0.02469290792942047 0.06592381745576859 0.007563633378595114
v -0.035383280366659164 0.06493348628282547 0.005996384657919407
v -0.03559855744242668 0.05984150245785713 0.007214630022644997
v -0.02469290792942047 0.06592381745576859 0.007563633378595114
v -0.03559855744242668 0.05984150245785713 0.007214630022644997
v -0.02498658373951912 0.05906199291348457 0.009225556626915932
v -0.03559855744242668 0.05984150245785713 0.007214630022644997
v -0.03562181442975998 0.05906199291348457 0.007346214260905981
v -0.02498658373951912 0.05906199291348457 0.009225556626915932
v -0.02498658373951912 0.05906199291348457 0.009225556626915932
v -0.03562181442975998 0.05906199291348457 0.007346214260905981
v -0.03570696711540222 0.054638560861349106 0.007828118279576302
v -0.02498658373951912 0.05906199291348457 0.009225556626915932
v -0.03570696711540222 0.054638560861349106 0.007828118279576302
v -0.0250853281468153 0.052018504589796066 0.009784367866814137
v -0.03570696711540222 0.054638560861349106 0.007828118279576302
v -0.03572055697441101 0.052018504589796066 0.007905025035142899
v -0.0250853281468153 0.052018504589796066 0.009784367866814137
v -0.0250853281468153 0.052018504589796066 0.009784367866814137
v -0.03572055697441101 0.052018504589796066 0.007905025035142899
v -0.03570697829127312 0.04939844831824303 0.007828164845705032
v -0.0250853281468153 0.052018504589796066 0.009784367866814137
v -0.03570697829127312 0.04939844831824303 0.007828164845705032
v -0.024986598640680313 0.044975005090236664 0.009225661866366863
v -0.03538331761956215 0.03910349681973457 0.005996588617563248
v -0.024692939594388008 0.03811316192150116 0.00756384152919054
v -0.03559857979416847 0.044195499271154404 0.007214749231934547
v -0.03559857979416847 0.044195499271154404 0.007214749231934547
v -0.024692939594388008 0.03811316192150116 0.00756384152919054
v -0.024986598640680313 0.044975005090236664 0.009225661866366863
v -0.03559857979416847 0.044195499271154404 0.007214749231934547
v -0.024986598640680313 0.044975005090236664 0.009225661866366863
v -0.03562182933092117 0.044975005090236664 0.007346318569034338
v -0.03562182933092117 0.044975005090236664 0.007346318569034338
v -0.024986598640680313 0.044975005090236664 0.009225661866366863
v -0.03570697829127312 0.04939844831824303 0.007828164845705032
v -0.03538331761956215 0.03910349681973457 0.005996588617563248
v -0.03532816842198372 0.03811316192150116 0.00568449916318059
v -0.024692939594388008 0.03811316192150116 0.00756384152919054
v -0.024692939594388008 0.03811316192150116 0.00756384152919054
v -0.03532816842198372 0.03811316192150116 0.00568449916318059
v -0.035064250230789185 0.034194666892290115 0.004190961364656687
v -0.024692939594388008 0.03811316192150116 0.00756384152919054
v -0.035064250230789185 0.034194666892290115 0.004190961364656687
v -0.024211924523115158 0.031609952449798584 0.0048417747020721436
v -0.03419118747115135 0.025633106008172035 -0.0007496801554225385
v -0.02355596050620079 0.025633106008172035 0.001129661686718464
v -0.034645888954401016 0.029538633301854134 0.001823463593609631
v -0.034645888954401016 0.029538633301854134 0.001823463593609631
v -0.02355596050620079 0.025633106008172035 0.001129661686718464
v -0.024211924523115158 0.031609952449798584 0.0048417747020721436
v -0.034645888954401016 0.029538633301854134 0.001823463593609631
v -0.024211924523115158 0.031609952449798584 0.0048417747020721436
v -0.03484715521335602 0.031609952449798584 0.0029624328017234802
v -0.03484715521335602 0.031609952449798584 0.0029624328017234802
v -0.024211924523115158 0.031609952449798584 0.0048417747020721436
v -0.035064250230789185 0.034194666892290115 0.004190961364656687
v -0.03419118747115135 0.025633106008172035 -0.0007496801554225385
v -0.03413417190313339 0.025201430544257164 -0.0010723249288275838
v -0.02355596050620079 0.025633106008172035 0.001129661686718464
v -0.02355596050620079 0.025633106008172035 0.001129661686718464
v -0.03413417190313339 0.025201430544257164 -0.0010723249288275838
v -0.03353636711835861 0.02124457247555256 -0.004455320071429014
v -0.02355596050620079 0.025633106008172035 0.001129661686718464
v -0.03353636711835861 0.02124457247555256 -0.004455320071429014
v -0.02274196594953537 0.020336775109171867 -0.0034767494071274996
v -0.03353636711835861 0.02124457247555256 -0.004455320071429014
v -0.03337719663977623 0.020336775109171867 -0.005356092471629381
v -0.02274196594953537 0.020336775109171867 -0.0034767494071274996
v -0.02274196594953537 0.020336775109171867 -0.0034767494071274996
v -0.03337719663977623 0.020336775109171867 -0.005356092471629381
v -0.03286094591021538 0.017724186182022095 -0.00827754382044077
v -0.02274196594953537 0.020336775109171867 -0.0034767494071274996
v -0.03286094591021538 0.017724186182022095 -0.00827754382044077
v -0.02179093286395073 0.01585756056010723 -0.008858656510710716
v -0.0313626229763031 0.012310988269746304 -0.01675659604370594
v -0.02072739042341709 0.012310988269746304 -0.014877252280712128
v -0.032117486000061035 0.014690198935568333 -0.01248479075729847
v -0.032117486000061035 0.014690198935568333 -0.01248479075729847
v -0.02072739042341709 0.012310988269746304 -0.014877252280712128
v -0.02179093286395073 0.01585756056010723 -0.008858656510710716
v -0.032117486000061035 0.014690198935568333 -0.01248479075729847
v -0.02179093286395073 0.01585756056010723 -0.008858656510710716
v -0.03242616355419159 0.01585756056010723 -0.010737999342381954
v -0.03242616355419159 0.01585756056010723 -0.010737999342381954
v -0.02179093286395073 0.01585756056010723 -0.008858656510710716
v -0.03286094591021538 0.017724186182022095 -0.00827754382044077
v -0.026682095602154732 0.012377684004604816 -0.05403914302587509
v -0.02785389870405197 0.012481329031288624 -0.05363912507891655
v -0.028057631105184555 0.012807813473045826 -0.05410635843873024
v -0.02832520566880703 0.012536541558802128 -0.05339690297842026
v -0.029664354398846626 0.012738008983433247 -0.0524301752448082
v -0.02980496734380722 0.013732842169702053 -0.053974349051713943
v -0.033348556607961655 0.013710959814488888 -0.04656332731246948
v -0.03387375921010971 0.013902558945119381 -0.045060642063617706
v -0.03315303102135658 0.014825952239334583 -0.04882090538740158
v -0.02333708480000496 0.02527059055864811 -0.0699198842048645
v -0.02259165607392788 0.021244069561362267 -0.06639155745506287
v -0.023933345451951027 0.021324077621102333 -0.06654562056064606
v -0.023933345451951027 0.021324077621102333 -0.06654562056064606
v -0.02259165607392788 0.021244069561362267 -0.06639155745506287
v -0.022750837728381157 0.02033628709614277 -0.06549076735973358
v -0.023933345451951027 0.021324077621102333 -0.06654562056064606
v -0.022750837728381157 0.02033628709614277 -0.06549076735973358
v -0.02460702322423458 0.017812905833125114 -0.06273327767848969
v -0.02460702322423458 0.017812905833125114 -0.06273327767848969
v -0.022750837728381157 0.02033628709614277 -0.06549076735973358
v -0.023267090320587158 0.017723746597766876 -0.0625692754983902
v -0.02460702322423458 0.017812905833125114 -0.06273327767848969
v -0.023267090320587158 0.017723746597766876 -0.0625692754983902
v -0.02534855529665947 0.014786872081458569 -0.05853692442178726
v -0.02534855529665947 0.014786872081458569 -0.05853692442178726
v -0.023267090320587158 0.017723746597766876 -0.0625692754983902
v -0.023701880127191544 0.015857160091400146 -0.060108788311481476
v -0.02534855529665947 0.014786872081458569 -0.05853692442178726
v -0.023701880127191544 0.015857160091400146 -0.060108788311481476
v -0.024010561406612396 0.014689826406538486 -0.05836198106408119
v -0.021280840039253235 0.03160933032631874 -0.07380946725606918
v -0.021482117474079132 0.029538029804825783 -0.07267046719789505
v -0.02282668650150299 0.029596472159028053 -0.07280820608139038
v -0.02282668650150299 0.029596472159028053 -0.07280820608139038
v -0.021482117474079132 0.029538029804825783 -0.07267046719789505
v -0.021936824545264244 0.025632543489336967 -0.07009726762771606
v -0.02282668650150299 0.029596472159028053 -0.07280820608139038
v -0.021936824545264244 0.025632543489336967 -0.07009726762771606
v -0.02333708480000496 0.02527059055864811 -0.0699198842048645
v -0.02333708480000496 0.02527059055864811 -0.0699198842048645
v -0.021936824545264244 0.025632543489336967 -0.07009726762771606
v -0.021993840113282204 0.025200871750712395 -0.06977461278438568
v -0.021993840113282204 0.025200871750712395 -0.06977461278438568
v -0.021280840039253235 0.03160933032631874 -0.07380946725606918
v -0.02282668650150299 0.029596472159028053 -0.07280820608139038
v -0.02106374129652977 0.03419402241706848 -0.07503803819417953
v -0.02106374129652977 0.03419402241706848 -0.07503803819417953
v -0.02282668650150299 0.029596472159028053 -0.07280820608139038
v -0.022409407421946526 0.03424036130309105 -0.07516961544752121
v -0.02106374129652977 0.03419402241706848 -0.07503803819417953
v -0.022409407421946526 0.03424036130309105 -0.07516961544752121
v -0.02079981379210949 0.038112495094537735 -0.07653164118528366
v -0.02079981379210949 0.038112495094537735 -0.07653164118528366
v -0.022409407421946526 0.03424036130309105 -0.07516961544752121
v -0.022091148421168327 0.03913640230894089 -0.07697063684463501
v -0.02079981379210949 0.038112495094537735 -0.07653164118528366
v -0.022091148421168327 0.03913640230894089 -0.07697063684463501
v -0.02074465900659561 0.03910282254219055 -0.0768437460064888
v -0.02074465900659561 0.03910282254219055 -0.0768437460064888
v -0.022091148421168327 0.03913640230894089 -0.07697063684463501
v -0.02187643200159073 0.04421514645218849 -0.07818570733070374
v -0.020529381930828094 0.04419480636715889 -0.07806198298931122
v -0.020529381930828094 0.04419480636715889 -0.07806198298931122
v -0.02187643200159073 0.04421514645218849 -0.07818570733070374
v -0.020506128668785095 0.04497431218624115 -0.07819356769323349
v -0.020506128668785095 0.04497431218624115 -0.07819356769323349
v -0.02187643200159073 0.04421514645218849 -0.07818570733070374
v -0.02176830731332302 0.049404557794332504 -0.0787976011633873
v -0.020506128668785095 0.04497431218624115 -0.07819356769323349
v -0.02176830731332302 0.049404557794332504 -0.0787976011633873
v -0.020420974120497704 0.049397747963666916 -0.07867547869682312
v -0.020420974120497704 0.049397747963666916 -0.07867547869682312
v -0.02176830731332302 0.049404557794332504 -0.0787976011633873
v -0.020407386124134064 0.052017804235219955 -0.07875238358974457
v -0.020407386124134064 0.052017804235219955 -0.07875238358974457
v -0.02176830731332302 0.049404557794332504 -0.0787976011633873
v -0.021768299862742424 0.05463104322552681 -0.07879764586687088
v -0.020407386124134064 0.052017804235219955 -0.07875238358974457
v -0.021768299862742424 0.05463104322552681 -0.07879764586687088
v -0.020420966669917107 0.0546378530561924 -0.0786755234003067
v -0.020420966669917107 0.0546378530561924 -0.0786755234003067
v -0.021768299862742424 0.05463104322552681 -0.07879764586687088
v -0.020506111904978752 0.05906130000948906 -0.07819367945194244
v -0.020506111904978752 0.05906130000948906 -0.07819367945194244
v -0.021768299862742424 0.05463104322552681 -0.07879764586687088
v -0.021876411512494087 0.059820469468832016 -0.07818583399057388
v -0.020506111904978752 0.05906130000948906 -0.07819367945194244
v -0.021876411512494087 0.059820469468832016 -0.07818583399057388
v -0.020529361441731453 0.05984080955386162 -0.07806210964918137
v -0.020529361441731453 0.05984080955386162 -0.07806210964918137
v -0.021876411512494087 0.059820469468832016 -0.07818583399057388
v -0.022091113030910492 0.06489923596382141 -0.07697084546089172
v -0.020744623616337776 0.06493281573057175 -0.07684394717216492
v -0.022826626896858215 0.07443923503160477 -0.07280855625867844
v -0.02128078229725361 0.07242635637521744 -0.07380979508161545
v -0.022409357130527496 0.06979531049728394 -0.07516989856958389
v -0.022409357130527496 0.06979531049728394 -0.07516989856958389
v -0.02128078229725361 0.07242635637521744 -0.07380979508161545
v -0.02106369100511074 0.0698416456580162 -0.07503831386566162
v -0.022409357130527496 0.06979531049728394 -0.07516989856958389
v -0.02106369100511074 0.0698416456580162 -0.07503831386566162
v -0.022091113030910492 0.06489923596382141 -0.07697084546089172
v -0.022091113030910492 0.06489923596382141 -0.07697084546089172
v -0.02106369100511074 0.0698416456580162 -0.07503831386566162
v -0.020799769088625908 0.06592314690351486 -0.07653185725212097
v -0.022091113030910492 0.06489923596382141 -0.07697084546089172
v -0.020799769088625908 0.06592314690351486 -0.07653185725212097
v -0.020744623616337776 0.06493281573057175 -0.07684394717216492
v -0.022750750184059143 0.0836995393037796 -0.06549126654863358
v -0.022591572254896164 0.08279173821210861 -0.06639204174280167
v -0.023933259770274162 0.08271173387765884 -0.06654610484838486
v -0.023933259770274162 0.08271173387765884 -0.06654610484838486
v -0.022591572254896164 0.08279173821210861 -0.06639204174280167
v -0.021993765607476234 0.0788348838686943 -0.0697750374674797
v -0.02333701029419899 0.07876516878604889 -0.06992030888795853
v -0.02333701029419899 0.07876516878604889 -0.06992030888795853
v -0.021993765607476234 0.0788348838686943 -0.0697750374674797
v -0.021936750039458275 0.07840320467948914 -0.0700976774096489
v -0.02333701029419899 0.07876516878604889 -0.06992030888795853
v -0.021936750039458275 0.07840320467948914 -0.0700976774096489
v -0.022826626896858215 0.07443923503160477 -0.07280855625867844
v -0.022826626896858215 0.07443923503160477 -0.07280855625867844
v -0.021936750039458275 0.07840320467948914 -0.0700976774096489
v -0.021482054144144058 0.07449767738580704 -0.0726708173751831
v -0.022826626896858215 0.07443923503160477 -0.07280855625867844
v -0.021482054144144058 0.07449767738580704 -0.0726708173751831
v -0.02128078229725361 0.07242635637521744 -0.07380979508161545
v -0.025348452851176262 0.08924906700849533 -0.05853750929236412
v -0.02613784559071064 0.09169046580791473 -0.054130829870700836
v -0.02574201114475727 0.09170746803283691 -0.054159775376319885
v -0.022750750184059143 0.0836995393037796 -0.06549126654863358
v -0.023933259770274162 0.08271173387765884 -0.06654610484838486
v -0.023266995325684547 0.08631212264299393 -0.06256981939077377
v -0.023266995325684547 0.08631212264299393 -0.06256981939077377
v -0.023933259770274162 0.08271173387765884 -0.06654610484838486
v -0.02460692636668682 0.08622296899557114 -0.06273381412029266
v -0.023266995325684547 0.08631212264299393 -0.06256981939077377
v -0.02460692636668682 0.08622296899557114 -0.06273381412029266
v -0.023701781406998634 0.08817875385284424 -0.06010935828089714
v -0.023701781406998634 0.08817875385284424 -0.06010935828089714
v -0.02460692636668682 0.08622296899557114 -0.06273381412029266
v -0.025348452851176262 0.08924906700849533 -0.05853750929236412
v -0.023701781406998634 0.08817875385284424 -0.06010935828089714
v -0.025348452851176262 0.08924906700849533 -0.05853750929236412
v -0.02401045337319374 0.08934611082077026 -0.05836256965994835
v -0.02401045337319374 0.08934611082077026 -0.05836256965994835
v -0.025348452851176262 0.08924906700849533 -0.05853750929236412
v -0.02574201114475727 0.09170746803283691 -0.054159775376319885
v -0.02401045337319374 0.08934611082077026 -0.05836256965994835
v -0.02574201114475727 0.09170746803283691 -0.054159775376319885
v -0.024765321984887123 0.09172531962394714 -0.05409076064825058
v -0.028662744909524918 0.09145504981279373 -0.05319396033883095
v -0.028301706537604332 0.09150242060422897 -0.05341072753071785
v -0.02805752120912075 0.09122820198535919 -0.054106976836919785
v -0.02805752120912075 0.09122820198535919 -0.054106976836919785
v -0.028301706537604332 0.09150242060422897 -0.05341072753071785
v -0.02669036202132702 0.09165768325328827 -0.05403745546936989
v -0.02805752120912075 0.09122820198535919 -0.054106976836919785
v -0.02669036202132702 0.09165768325328827 -0.05403745546936989
v -0.027269087731838226 0.0887627899646759 -0.05856873840093613
v -0.029804855585098267 0.09030318260192871 -0.05397495627403259
v -0.030560307204723358 0.09112175554037094 -0.051511429250240326
v -0.029604265466332436 0.09130851179361343 -0.052483439445495605
v -0.03333436697721481 0.09033021330833435 -0.04660084471106529
v -0.032565828412771225 0.09059226512908936 -0.048399850726127625
v -0.033152926713228226 0.0892101600766182 -0.04882149398326874
v -0.033152926713228226 0.0892101600766182 -0.04882149398326874
v -0.032565828412771225 0.09059226512908936 -0.048399850726127625
v -0.03208277374505997 0.09073987603187561 -0.0493263378739357
v -0.033152926713228226 0.0892101600766182 -0.04882149398326874
v -0.03208277374505997 0.09073987603187561 -0.0493263378739357
v -0.03239872679114342 0.0874832272529602 -0.05308954417705536
v -0.03532719239592552 0.08966465294361115 -0.03921634331345558
v -0.0347934253513813 0.08980406820774078 -0.04168084263801575
v -0.034550201147794724 0.08854557573795319 -0.04410526901483536
v -0.034550201147794724 0.08854557573795319 -0.04410526901483536
v -0.0347934253513813 0.08980406820774078 -0.04168084263801575
v -0.03396230563521385 0.09010075777769089 -0.044780977070331573
v -0.034550201147794724 0.08854557573795319 -0.04410526901483536
v -0.03396230563521385 0.09010075777769089 -0.044780977070331573
v -0.03380371257662773 0.08740437775850296 -0.04832965135574341
v -0.035315003246068954 0.08916869759559631 -0.0397772416472435
v -0.034971702843904495 0.08758378028869629 -0.04230624809861183
v -0.035841505974531174 0.089291051030159 -0.03679834306240082
v -0.035841505974531174 0.089291051030159 -0.03679834306240082
v -0.034971702843904495 0.08758378028869629 -0.04230624809861183
v -0.03594186529517174 0.08801815658807755 -0.0368160717189312
v -0.03120564855635166 0.07808724045753479 -0.0630321279168129
v -0.03227679431438446 0.08121369779109955 -0.057556744664907455
v -0.03177781403064728 0.0810694545507431 -0.059794217348098755
v -0.03177781403064728 0.0810694545507431 -0.059794217348098755
v -0.03227679431438446 0.08121369779109955 -0.057556744664907455
v -0.03262540325522423 0.08255921304225922 -0.05558396875858307
v -0.03177781403064728 0.0810694545507431 -0.059794217348098755
v -0.03262540325522423 0.08255921304225922 -0.05558396875858307
v -0.032407619059085846 0.08363962173461914 -0.056230153888463974
v -0.032407619059085846 0.08363962173461914 -0.056230153888463974
v -0.03262540325522423 0.08255921304225922 -0.05558396875858307
v -0.0331052727997303 0.08411594480276108 -0.052868377417325974
v -0.032407619059085846 0.08363962173461914 -0.056230153888463974
v -0.0331052727997303 0.08411594480276108 -0.052868377417325974
v -0.03308612480759621 0.08576129376888275 -0.05239047855138779
v -0.03308612480759621 0.08576129376888275 -0.05239047855138779
v -0.0331052727997303 0.08411594480276108 -0.052868377417325974
v -0.034010354429483414 0.08626414835453033 -0.04774653539061546
v -0.03308612480759621 0.08576129376888275 -0.05239047855138779
v -0.034010354429483414 0.08626414835453033 -0.04774653539061546
v -0.03380371257662773 0.08740437775850296 -0.04832965135574341
v -0.03380371257662773 0.08740437775850296 -0.04832965135574341
v -0.034010354429483414 0.08626414835453033 -0.04774653539061546
v -0.034971702843904495 0.08758378028869629 -0.04230624809861183
v -0.03380371257662773 0.08740437775850296 -0.04832965135574341
v -0.034971702843904495 0.08758378028869629 -0.04230624809861183
v -0.034550201147794724 0.08854557573795319 -0.04410526901483536
v -0.034550201147794724 0.08854557573795319 -0.04410526901483536
v -0.034971702843904495 0.08758378028869629 -0.04230624809861183
v -0.035315003246068954 0.08916869759559631 -0.0397772416472435
v -0.034550201147794724 0.08854557573795319 -0.04410526901483536
v -0.035315003246068954 0.08916869759559631 -0.0397772416472435
v -0.03532719239592552 0.08966465294361115 -0.03921634331345558
v -0.03532719239592552 0.08966465294361115 -0.03921634331345558
v -0.035315003246068954 0.08916869759559631 -0.0397772416472435
v -0.035841505974531174 0.089291051030159 -0.03679834306240082
v -0.03532719239592552 0.08966465294361115 -0.03921634331345558
v -0.035841505974531174 0.089291051030159 -0.03679834306240082
v -0.03578270226716995 0.08961815387010574 -0.03678795322775841
v -0.030975384637713432 0.0739591121673584 -0.06492143869400024
v -0.03137435391545296 0.07665601372718811 -0.06266367435455322
v -0.03120564855635166 0.07808724045753479 -0.0630321279168129
v -0.03120564855635166 0.07808724045753479 -0.0630321279168129
v -0.03137435391545296 0.07665601372718811 -0.06266367435455322
v -0.03154508396983147 0.07766123861074448 -0.06169751286506653
v -0.03120564855635166 0.07808724045753479 -0.0630321279168129
v -0.03154508396983147 0.07766123861074448 -0.06169751286506653
v -0.03227679431438446 0.08121369779109955 -0.057556744664907455
v -0.03120564855635166 0.07808724045753479 -0.0630321279168129
v -0.0306992307305336 0.07473529130220413 -0.06589794158935547
v -0.030975384637713432 0.0739591121673584 -0.06492143869400024
v -0.030975384637713432 0.0739591121673584 -0.06492143869400024
v -0.0306992307305336 0.07473529130220413 -0.06589794158935547
v -0.030265748500823975 0.0710611343383789 -0.06835103034973145
v -0.030975384637713432 0.0739591121673584 -0.06492143869400024
v -0.030265748500823975 0.0710611343383789 -0.06835103034973145
v -0.030773013830184937 0.07235702872276306 -0.06606664508581161
v -0.030773013830184937 0.07235702872276306 -0.06606664508581161
v -0.030265748500823975 0.0710611343383789 -0.06835103034973145
v -0.0299113467335701 0.0671168863773346 -0.07035659998655319
v -0.030773013830184937 0.07235702872276306 -0.06606664508581161
v -0.0299113467335701 0.0671168863773346 -0.07035659998655319
v -0.03028055466711521 0.06743031740188599 -0.06885349005460739
v -0.03028055466711521 0.06743031740188599 -0.06885349005460739
v -0.0299113467335701 0.0671168863773346 -0.07035659998655319
v -0.029641052708029747 0.0629584938287735 -0.07188620418310165
v -0.03028055466711521 0.06743031740188599 -0.06885349005460739
v -0.029641052708029747 0.0629584938287735 -0.07188620418310165
v -0.029930491000413895 0.0621468611061573 -0.07083448767662048
v -0.029930491000413895 0.0621468611061573 -0.07083448767662048
v -0.029641052708029747 0.0629584938287735 -0.07188620418310165
v -0.029458696022629738 0.05864492431282997 -0.0729181319475174
v -0.029930491000413895 0.0621468611061573 -0.07083448767662048
v -0.029458696022629738 0.05864492431282997 -0.0729181319475174
v -0.02972985990345478 0.05666575953364372 -0.07196987420320511
v -0.02972985990345478 0.05666575953364372 -0.07196987420320511
v -0.029458696022629738 0.05864492431282997 -0.0729181319475174
v -0.02936687506735325 0.05423736944794655 -0.07343776524066925
v -0.02972985990345478 0.05666575953364372 -0.07196987420320511
v -0.02936687506735325 0.05423736944794655 -0.07343776524066925
v -0.029677461832761765 0.05191546306014061 -0.07226639986038208
v -0.03120572492480278 0.025948645547032356 -0.06303171068429947
v -0.03085174784064293 0.031033789739012718 -0.06562110781669617
v -0.030699294060468674 0.029300549998879433 -0.06589758396148682
v -0.030699294060468674 0.029300549998879433 -0.06589758396148682
v -0.03085174784064293 0.031033789739012718 -0.06562110781669617
v -0.03055676631629467 0.033625323325395584 -0.06729043275117874
v -0.030699294060468674 0.029300549998879433 -0.06589758396148682
v -0.03055676631629467 0.033625323325395584 -0.06729043275117874
v -0.030265800654888153 0.032974664121866226 -0.06835073977708817
v -0.030265800654888153 0.032974664121866226 -0.06835073977708817
v -0.03055676631629467 0.033625323325395584 -0.06729043275117874
v -0.030343228951096535 0.0358676053583622 -0.06849881261587143
v -0.030265800654888153 0.032974664121866226 -0.06835073977708817
v -0.030343228951096535 0.0358676053583622 -0.06849881261587143
v -0.029911383986473083 0.03691887855529785 -0.07035636156797409
v -0.029911383986473083 0.03691887855529785 -0.07035636156797409
v -0.030343228951096535 0.0358676053583622 -0.06849881261587143
v -0.029970603063702583 0.04113411158323288 -0.0706075131893158
v -0.029911383986473083 0.03691887855529785 -0.07035636156797409
v -0.029970603063702583 0.04113411158323288 -0.0706075131893158
v -0.029641084372997284 0.04107724875211716 -0.07188602536916733
v -0.029641084372997284 0.04107724875211716 -0.07188602536916733
v -0.029970603063702583 0.04113411158323288 -0.0706075131893158
v -0.029752735048532486 0.04645318165421486 -0.07184042036533356
v -0.029641084372997284 0.04107724875211716 -0.07188602536916733
v -0.029752735048532486 0.04645318165421486 -0.07184042036533356
v -0.02945871278643608 0.04539079591631889 -0.07291802763938904
v -0.02945871278643608 0.04539079591631889 -0.07291802763938904
v -0.029752735048532486 0.04645318165421486 -0.07184042036533356
v -0.029677461832761765 0.05191546306014061 -0.07226639986038208
v -0.02945871278643608 0.04539079591631889 -0.07291802763938904
v -0.029677461832761765 0.05191546306014061 -0.07226639986038208
v -0.029366876929998398 0.04979834333062172 -0.07343772798776627
v -0.029366876929998398 0.04979834333062172 -0.07343772798776627
v -0.029677461832761765 0.05191546306014061 -0.07226639986038208
v -0.02936687506735325 0.05423736944794655 -0.07343776524066925
v -0.03201719745993614 0.023959094658493996 -0.05902582034468651
v -0.03164820000529289 0.02580437995493412 -0.06111397594213486
v -0.03120572492480278 0.025948645547032356 -0.06303171068429947
v -0.03120572492480278 0.025948645547032356 -0.06303171068429947
v -0.03164820000529289 0.02580437995493412 -0.06111397594213486
v -0.03147917240858078 0.026753896847367287 -0.062070515006780624
v -0.03120572492480278 0.025948645547032356 -0.06303171068429947
v -0.03147917240858078 0.026753896847367287 -0.062070515006780624
v -0.03085174784064293 0.031033789739012718 -0.06562110781669617
v -0.03120572492480278 0.025948645547032356 -0.06303171068429947
v -0.031777895987033844 0.02296648733317852 -0.05979376286268234
v -0.03201719745993614 0.023959094658493996 -0.05902582034468651
v -0.03201719745993614 0.023959094658493996 -0.05902582034468651
v -0.031777895987033844 0.02296648733317852 -0.05979376286268234
v -0.03240770846605301 0.020396379753947258 -0.05622965097427368
v -0.03201719745993614 0.023959094658493996 -0.05902582034468651
v -0.03240770846605301 0.020396379753947258 -0.05622965097427368
v -0.03239769488573074 0.022333769127726555 -0.056872595101594925
v -0.03239769488573074 0.022333769127726555 -0.056872595101594925
v -0.03240770846605301 0.020396379753947258 -0.05622965097427368
v -0.03308622166514397 0.018274767324328423 -0.05238994583487511
v -0.03239769488573074 0.022333769127726555 -0.056872595101594925
v -0.03308622166514397 0.018274767324328423 -0.05238994583487511
v -0.033218011260032654 0.019599488005042076 -0.05223040655255318
v -0.033218011260032654 0.019599488005042076 -0.05223040655255318
v -0.03308622166514397 0.018274767324328423 -0.05238994583487511
v -0.03380380943417549 0.01663174480199814 -0.04832909256219864
v -0.033218011260032654 0.019599488005042076 -0.05223040655255318
v -0.03380380943417549 0.01663174480199814 -0.04832909256219864
v -0.0341353714466095 0.01754715107381344 -0.04703906178474426
v -0.0341353714466095 0.01754715107381344 -0.04703906178474426
v -0.03380380943417549 0.01663174480199814 -0.04832909256219864
v -0.03455030173063278 0.015490616671741009 -0.044104691594839096
v -0.0341353714466095 0.01754715107381344 -0.04703906178474426
v -0.03455030173063278 0.015490616671741009 -0.044104691594839096
v -0.03508791700005531 0.016353540122509003 -0.041648589074611664
v -0.03455030173063278 0.015490616671741009 -0.044104691594839096
v -0.03531510755419731 0.014867567457258701 -0.03977666050195694
v -0.03508791700005531 0.016353540122509003 -0.041648589074611664
v -0.03508791700005531 0.016353540122509003 -0.041648589074611664
v -0.03531510755419731 0.014867567457258701 -0.03977666050195694
v -0.03584161028265953 0.014745260588824749 -0.03679775819182396
v -0.03508791700005531 0.016353540122509003 -0.041648589074611664
v -0.03584161028265953 0.014745260588824749 -0.03679775819182396
v -0.035941965878009796 0.016018155962228775 -0.03681550547480583
v -0.029664354398846626 0.012738008983433247 -0.0524301752448082
v -0.030683062970638275 0.012941122986376286 -0.051366060972213745
v -0.03128223866224289 0.015007237903773785 -0.05362814664840698
v -0.030683062970638275 0.012941122986376286 -0.051366060972213745
v -0.031414944678545 0.013114635832607746 -0.050398942083120346
v -0.03128223866224289 0.015007237903773785 -0.05362814664840698
v -0.03128223866224289 0.015007237903773785 -0.05362814664840698
v -0.031414944678545 0.013114635832607746 -0.050398942083120346
v -0.03208759054541588 0.013297638855874538 -0.049316808581352234
v -0.03128223866224289 0.015007237903773785 -0.05362814664840698
v -0.03208759054541588 0.013297638855874538 -0.049316808581352234
v -0.03315303102135658 0.014825952239334583 -0.04882090538740158
v -0.03315303102135658 0.014825952239334583 -0.04882090538740158
v -0.03208759054541588 0.013297638855874538 -0.049316808581352234
v -0.03292301669716835 0.01356195006519556 -0.047616321593523026
v -0.03315303102135658 0.014825952239334583 -0.04882090538740158
v -0.03292301669716835 0.01356195006519556 -0.047616321593523026
v -0.033348556607961655 0.013710959814488888 -0.04656332731246948
v -0.02832520566880703 0.012536541558802128 -0.05339690297842026
v -0.02980496734380722 0.013732842169702053 -0.053974349051713943
v -0.02785389870405197 0.012481329031288624 -0.05363912507891655
v -0.024010561406612396 0.014689826406538486 -0.05836198106408119
v -0.024765433743596077 0.012310686521232128 -0.05409013479948044
v -0.02534855529665947 0.014786872081458569 -0.05853692442178726
v -0.02534855529665947 0.014786872081458569 -0.05853692442178726
v -0.024765433743596077 0.012310686521232128 -0.05409013479948044
v -0.026098066940903664 0.01234352309256792 -0.054134950041770935
v -0.02534855529665947 0.014786872081458569 -0.05853692442178726
v -0.026098066940903664 0.01234352309256792 -0.054134950041770935
v -0.0264731477946043 0.012364120222628117 -0.05408131331205368
v -0.026682095602154732 0.012377684004604816 -0.05403914302587509
v -0.028057631105184555 0.012807813473045826 -0.05410635843873024
v -0.0264731477946043 0.012364120222628117 -0.05408131331205368
v -0.0264731477946043 0.012364120222628117 -0.05408131331205368
v -0.028057631105184555 0.012807813473045826 -0.05410635843873024
v -0.027269188314676285 0.015273158438503742 -0.058568160980939865
v -0.0264731477946043 0.012364120222628117 -0.05408131331205368
v -0.027269188314676285 0.015273158438503742 -0.058568160980939865
v -0.02534855529665947 0.014786872081458569 -0.05853692442178726
v -0.02534855529665947 0.014786872081458569 -0.05853692442178726
v -0.027269188314676285 0.015273158438503742 -0.058568160980939865
v -0.0265373382717371 0.018259668722748756 -0.06270971149206161
v -0.02460702322423458 0.017812905833125114 -0.06273327767848969
v -0.02460702322423458 0.017812905833125114 -0.06273327767848969
v -0.0265373382717371 0.018259668722748756 -0.06270971149206161
v -0.02587246149778366 0.02172497846186161 -0.06647225469350815
v -0.023933345451951027 0.021324077621102333 -0.06654562056064606
v -0.023933345451951027 0.021324077621102333 -0.06654562056064606
v -0.02587246149778366 0.02172497846186161 -0.06647225469350815
v -0.025283988565206528 0.025619948282837868 -0.06980244815349579
v -0.02333708480000496 0.02527059055864811 -0.0699198842048645
v -0.02333708480000496 0.02527059055864811 -0.0699198842048645
v -0.025283988565206528 0.025619948282837868 -0.06980244815349579
v -0.024780262261629105 0.02988932840526104 -0.07265304028987885
v -0.02282668650150299 0.029596472159028053 -0.07280820608139038
v -0.02282668650150299 0.029596472159028053 -0.07280820608139038
v -0.024780262261629105 0.02988932840526104 -0.07265304028987885
v -0.024368423968553543 0.03447256237268448 -0.0749836191534996
v -0.022409407421946526 0.03424036130309105 -0.07516961544752121
v -0.022409407421946526 0.03424036130309105 -0.07516961544752121
v -0.024368423968553543 0.03447256237268448 -0.0749836191534996
v -0.024054327979683876 0.03930465131998062 -0.07676110416650772
v -0.022091148421168327 0.03913640230894089 -0.07697063684463501
v -0.022091148421168327 0.03913640230894089 -0.07697063684463501
v -0.024054327979683876 0.03930465131998062 -0.07676110416650772
v -0.02384241856634617 0.04431706294417381 -0.0779603123664856
v -0.02187643200159073 0.04421514645218849 -0.07818570733070374
v -0.02187643200159073 0.04421514645218849 -0.07818570733070374
v -0.02384241856634617 0.04431706294417381 -0.0779603123664856
v -0.02373570203781128 0.04943869635462761 -0.07856421172618866
v -0.02176830731332302 0.049404557794332504 -0.0787976011633873
v -0.02176830731332302 0.049404557794332504 -0.0787976011633873
v -0.02373570203781128 0.04943869635462761 -0.07856421172618866
v -0.023735694587230682 0.0545969195663929 -0.07856425642967224
v -0.021768299862742424 0.05463104322552681 -0.07879764586687088
v -0.021768299862742424 0.05463104322552681 -0.07879764586687088
v -0.023735694587230682 0.0545969195663929 -0.07856425642967224
v -0.02384239248931408 0.05971856042742729 -0.07796043157577515
v -0.021876411512494087 0.059820469468832016 -0.07818583399057388
v -0.021876411512494087 0.059820469468832016 -0.07818583399057388
v -0.02384239248931408 0.05971856042742729 -0.07796043157577515
v -0.024054288864135742 0.06473099440336227 -0.07676130533218384
v -0.022091113030910492 0.06489923596382141 -0.07697084546089172
v -0.022091113030910492 0.06489923596382141 -0.07697084546089172
v -0.024054288864135742 0.06473099440336227 -0.07676130533218384
v -0.02436837926506996 0.0695631131529808 -0.07498388737440109
v -0.022409357130527496 0.06979531049728394 -0.07516989856958389
v -0.022409357130527496 0.06979531049728394 -0.07516989856958389
v -0.02436837926506996 0.0695631131529808 -0.07498388737440109
v -0.02478019706904888 0.07414638996124268 -0.0726533979177475
v -0.022826626896858215 0.07443923503160477 -0.07280855625867844
v -0.022826626896858215 0.07443923503160477 -0.07280855625867844
v -0.02478019706904888 0.07414638996124268 -0.0726533979177475
v -0.02528391219675541 0.07841581851243973 -0.06980285793542862
v -0.02333701029419899 0.07876516878604889 -0.06992030888795853
v -0.02333701029419899 0.07876516878604889 -0.06992030888795853
v -0.02528391219675541 0.07841581851243973 -0.06980285793542862
v -0.025872381404042244 0.08231084048748016 -0.06647273153066635
v -0.023933259770274162 0.08271173387765884 -0.06654610484838486
v -0.023933259770274162 0.08271173387765884 -0.06654610484838486
v -0.025872381404042244 0.08231084048748016 -0.06647273153066635
v -0.026537248864769936 0.08577620983123779 -0.062710240483284
v -0.02460692636668682 0.08622296899557114 -0.06273381412029266
v -0.02460692636668682 0.08622296899557114 -0.06273381412029266
v -0.026537248864769936 0.08577620983123779 -0.062710240483284
v -0.027269087731838226 0.0887627899646759 -0.05856873840093613
v -0.025348452851176262 0.08924906700849533 -0.05853750929236412
v -0.025348452851176262 0.08924906700849533 -0.05853750929236412
v -0.027269087731838226 0.0887627899646759 -0.05856873840093613
v -0.02669036202132702 0.09165768325328827 -0.05403745546936989
v -0.025348452851176262 0.08924906700849533 -0.05853750929236412
v -0.02669036202132702 0.09165768325328827 -0.05403745546936989
v -0.02613784559071064 0.09169046580791473 -0.054130829870700836
v -0.02785389870405197 0.012481329031288624 -0.05363912507891655
v -0.02980496734380722 0.013732842169702053 -0.053974349051713943
v -0.028057631105184555 0.012807813473045826 -0.05410635843873024
v -0.028057631105184555 0.012807813473045826 -0.05410635843873024
v -0.02980496734380722 0.013732842169702053 -0.053974349051713943
v -0.029035121202468872 0.016140026971697807 -0.05833089351654053
v -0.027269188314676285 0.015273158438503742 -0.058568160980939865
v -0.027269188314676285 0.015273158438503742 -0.058568160980939865
v -0.029035121202468872 0.016140026971697807 -0.05833089351654053
v -0.028320536017417908 0.019056079909205437 -0.06237473338842392
v -0.0265373382717371 0.018259668722748756 -0.06270971149206161
v -0.0265373382717371 0.018259668722748756 -0.06270971149206161
v -0.028320536017417908 0.019056079909205437 -0.06237473338842392
v -0.027671348303556442 0.022439638152718544 -0.0660485252737999
v -0.02587246149778366 0.02172497846186161 -0.06647225469350815
v -0.02587246149778366 0.02172497846186161 -0.06647225469350815
v -0.027671348303556442 0.022439638152718544 -0.0660485252737999
v -0.02709675393998623 0.02624271996319294 -0.06930014491081238
v -0.025283988565206528 0.025619948282837868 -0.06980244815349579
v -0.025283988565206528 0.025619948282837868 -0.06980244815349579
v -0.02709675393998623 0.02624271996319294 -0.06930014491081238
v -0.0266049075871706 0.030411379411816597 -0.0720834955573082
v -0.024780262261629105 0.02988932840526104 -0.07265304028987885
v -0.024780262261629105 0.02988932840526104 -0.07265304028987885
v -0.0266049075871706 0.030411379411816597 -0.0720834955573082
v -0.026202796027064323 0.03488648682832718 -0.07435908168554306
v -0.024368423968553543 0.03447256237268448 -0.0749836191534996
v -0.024368423968553543 0.03447256237268448 -0.0749836191534996
v -0.026202796027064323 0.03488648682832718 -0.07435908168554306
v -0.025896105915308 0.03960458189249039 -0.07609464228153229
v -0.024054327979683876 0.03930465131998062 -0.07676110416650772
v -0.024054327979683876 0.03930465131998062 -0.07676110416650772
v -0.025896105915308 0.03960458189249039 -0.07609464228153229
v -0.025689193978905678 0.0444987416267395 -0.07726556062698364
v -0.02384241856634617 0.04431706294417381 -0.0779603123664856
v -0.02384241856634617 0.04431706294417381 -0.0779603123664856
v -0.025689193978905678 0.0444987416267395 -0.07726556062698364
v -0.0255849938839674 0.04949955269694328 -0.07785521447658539
v -0.02373570203781128 0.04943869635462761 -0.07856421172618866
v -0.02373570203781128 0.04943869635462761 -0.07856421172618866
v -0.0255849938839674 0.04949955269694328 -0.07785521447658539
v -0.025584988296031952 0.05453607812523842 -0.07785525172948837
v -0.023735694587230682 0.0545969195663929 -0.07856425642967224
v -0.023735694587230682 0.0545969195663929 -0.07856425642967224
v -0.025584988296031952 0.05453607812523842 -0.07785525172948837
v -0.025689171627163887 0.059536900371313095 -0.0772656723856926
v -0.02384239248931408 0.05971856042742729 -0.07796043157577515
v -0.02384239248931408 0.05971856042742729 -0.07796043157577515
v -0.025689171627163887 0.059536900371313095 -0.0772656723856926
v -0.025896068662405014 0.0644310787320137 -0.07609483599662781
v -0.024054288864135742 0.06473099440336227 -0.07676130533218384
v -0.024054288864135742 0.06473099440336227 -0.07676130533218384
v -0.025896068662405014 0.0644310787320137 -0.07609483599662781
v -0.026202743873000145 0.0691492035984993 -0.07435934990644455
v -0.02436837926506996 0.0695631131529808 -0.07498388737440109
v -0.02436837926506996 0.0695631131529808 -0.07498388737440109
v -0.026202743873000145 0.0691492035984993 -0.07435934990644455
v -0.026604851707816124 0.07362435758113861 -0.07208383828401566
v -0.02478019706904888 0.07414638996124268 -0.0726533979177475
v -0.02478019706904888 0.07414638996124268 -0.0726533979177475
v -0.026604851707816124 0.07362435758113861 -0.07208383828401566
v -0.027096683159470558 0.07779305428266525 -0.06930054724216461
v -0.02528391219675541 0.07841581851243973 -0.06980285793542862
v -0.02528391219675541 0.07841581851243973 -0.06980285793542862
v -0.027096683159470558 0.07779305428266525 -0.06930054724216461
v -0.02767126075923443 0.08159618824720383 -0.0660489872097969
v -0.025872381404042244 0.08231084048748016 -0.06647273153066635
v -0.025872381404042244 0.08231084048748016 -0.06647273153066635
v -0.02767126075923443 0.08159618824720383 -0.0660489872097969
v -0.028320446610450745 0.08497980982065201 -0.062375251203775406
v -0.026537248864769936 0.08577620983123779 -0.062710240483284
v -0.026537248864769936 0.08577620983123779 -0.062710240483284
v -0.028320446610450745 0.08497980982065201 -0.062375251203775406
v -0.029035024344921112 0.08789592981338501 -0.058331456035375595
v -0.027269087731838226 0.0887627899646759 -0.05856873840093613
v -0.027269087731838226 0.0887627899646759 -0.05856873840093613
v -0.029035024344921112 0.08789592981338501 -0.058331456035375595
v -0.029804855585098267 0.09030318260192871 -0.05397495627403259
v -0.02805752120912075 0.09122820198535919 -0.054106976836919785
v -0.02805752120912075 0.09122820198535919 -0.054106976836919785
v -0.029804855585098267 0.09030318260192871 -0.05397495627403259
v -0.029604265466332436 0.09130851179361343 -0.052483439445495605
v -0.02805752120912075 0.09122820198535919 -0.054106976836919785
v -0.029604265466332436 0.09130851179361343 -0.052483439445495605
v -0.028662744909524918 0.09145504981279373 -0.05319396033883095
v -0.029664354398846626 0.012738008983433247 -0.0524301752448082
v -0.03128223866224289 0.015007237903773785 -0.05362814664840698
v -0.02980496734380722 0.013732842169702053 -0.053974349051713943
v -0.02980496734380722 0.013732842169702053 -0.053974349051713943
v -0.03128223866224289 0.015007237903773785 -0.05362814664840698
v -0.030538024380803108 0.01733429543673992 -0.05783967301249504
v -0.029035121202468872 0.016140026971697807 -0.05833089351654053
v -0.029035121202468872 0.016140026971697807 -0.05833089351654053
v -0.030538024380803108 0.01733429543673992 -0.05783967301249504
v -0.029847221449017525 0.020153282210230827 -0.06174890697002411
v -0.028320536017417908 0.019056079909205437 -0.06237473338842392
v -0.028320536017417908 0.019056079909205437 -0.06237473338842392
v -0.029847221449017525 0.020153282210230827 -0.06174890697002411
v -0.029219644144177437 0.023424213752150536 -0.06530040502548218
v -0.027671348303556442 0.022439638152718544 -0.0660485252737999
v -0.027671348303556442 0.022439638152718544 -0.0660485252737999
v -0.029219644144177437 0.023424213752150536 -0.06530040502548218
v -0.028664173558354378 0.0271007027477026 -0.06844379752874374
v -0.02709675393998623 0.02624271996319294 -0.06930014491081238
v -0.02709675393998623 0.02624271996319294 -0.06930014491081238
v -0.028664173558354378 0.0271007027477026 -0.06844379752874374
v -0.028188707306981087 0.031130598857998848 -0.07113449275493622
v -0.0266049075871706 0.030411379411816597 -0.0720834955573082
v -0.0266049075871706 0.030411379411816597 -0.0720834955573082
v -0.028188707306981087 0.031130598857998848 -0.07113449275493622
v -0.027799971401691437 0.03545674681663513 -0.07333433628082275
v -0.026202796027064323 0.03488648682832718 -0.07435908168554306
v -0.026202796027064323 0.03488648682832718 -0.07435908168554306
v -0.027799971401691437 0.03545674681663513 -0.07333433628082275
v -0.027503490447998047 0.04001779109239578 -0.07501212507486343
v -0.025896105915308 0.03960458189249039 -0.07609464228153229
v -0.025896105915308 0.03960458189249039 -0.07609464228153229
v -0.027503490447998047 0.04001779109239578 -0.07501212507486343
v -0.027303462848067284 0.04474904015660286 -0.07614406198263168
v -0.025689193978905678 0.0444987416267395 -0.07726556062698364
v -0.025689193978905678 0.0444987416267395 -0.07726556062698364
v -0.027303462848067284 0.04474904015660286 -0.07614406198263168
v -0.02720273658633232 0.04958338662981987 -0.07671409100294113
v -0.0255849938839674 0.04949955269694328 -0.07785521447658539
v -0.0255849938839674 0.04949955269694328 -0.07785521447658539
v -0.02720273658633232 0.04958338662981987 -0.07671409100294113
v -0.027202729135751724 0.05445226654410362 -0.07671412825584412
v -0.025584988296031952 0.05453607812523842 -0.07785525172948837
v -0.025584988296031952 0.05453607812523842 -0.07785525172948837
v -0.027202729135751724 0.05445226654410362 -0.07671412825584412
v -0.02730344608426094 0.05928662791848183 -0.07614417374134064
v -0.025689171627163887 0.059536900371313095 -0.0772656723856926
v -0.025689171627163887 0.059536900371313095 -0.0772656723856926
v -0.02730344608426094 0.05928662791848183 -0.07614417374134064
v -0.027503453195095062 0.0640178918838501 -0.07501231133937836
v -0.025896068662405014 0.0644310787320137 -0.07609483599662781
v -0.025896068662405014 0.0644310787320137 -0.07609483599662781
v -0.027503453195095062 0.0640178918838501 -0.07501231133937836
v -0.027799924835562706 0.06857896596193314 -0.07333460450172424
v -0.026202743873000145 0.0691492035984993 -0.07435934990644455
v -0.026202743873000145 0.0691492035984993 -0.07435934990644455
v -0.027799924835562706 0.06857896596193314 -0.07333460450172424
v -0.028188645839691162 0.07290515303611755 -0.07113482058048248
v -0.026604851707816124 0.07362435758113861 -0.07208383828401566
v -0.026604851707816124 0.07362435758113861 -0.07208383828401566
v -0.028188645839691162 0.07290515303611755 -0.07113482058048248
v -0.028664106503129005 0.07693509012460709 -0.06844418495893478
v -0.027096683159470558 0.07779305428266525 -0.06930054724216461
v -0.027096683159470558 0.07779305428266525 -0.06930054724216461
v -0.028664106503129005 0.07693509012460709 -0.06844418495893478
v -0.02921956218779087 0.08061163127422333 -0.065300852060318
v -0.02767126075923443 0.08159618824720383 -0.0660489872097969
v -0.02767126075923443 0.08159618824720383 -0.0660489872097969
v -0.02921956218779087 0.08061163127422333 -0.065300852060318
v -0.02984713390469551 0.08388262242078781 -0.0617494098842144
v -0.028320446610450745 0.08497980982065201 -0.062375251203775406
v -0.028320446610450745 0.08497980982065201 -0.062375251203775406
v -0.02984713390469551 0.08388262242078781 -0.0617494098842144
v -0.03053792379796505 0.08670166879892349 -0.057840220630168915
v -0.029035024344921112 0.08789592981338501 -0.058331456035375595
v -0.029035024344921112 0.08789592981338501 -0.058331456035375595
v -0.03053792379796505 0.08670166879892349 -0.057840220630168915
v -0.03128213435411453 0.08902879804372787 -0.05362873151898384
v -0.029804855585098267 0.09030318260192871 -0.05397495627403259
v -0.029804855585098267 0.09030318260192871 -0.05397495627403259
v -0.03128213435411453 0.08902879804372787 -0.05362873151898384
v -0.030947204679250717 0.09103508293628693 -0.05103905498981476
v -0.029804855585098267 0.09030318260192871 -0.05397495627403259
v -0.030947204679250717 0.09103508293628693 -0.05103905498981476
v -0.030560307204723358 0.09112175554037094 -0.051511429250240326
v -0.03315303102135658 0.014825952239334583 -0.04882090538740158
v -0.032398827373981476 0.016552818939089775 -0.05308898538351059
v -0.03128223866224289 0.015007237903773785 -0.05362814664840698
v -0.03128223866224289 0.015007237903773785 -0.05362814664840698
v -0.032398827373981476 0.016552818939089775 -0.05308898538351059
v -0.031685687601566315 0.01878269948065281 -0.05712464079260826
v -0.030538024380803108 0.01733429543673992 -0.05783967301249504
v -0.030538024380803108 0.01733429543673992 -0.05783967301249504
v -0.031685687601566315 0.01878269948065281 -0.05712464079260826
v -0.03102373331785202 0.02148396335542202 -0.06087062135338783
v -0.029847221449017525 0.020153282210230827 -0.06174890697002411
v -0.029847221449017525 0.020153282210230827 -0.06174890697002411
v -0.03102373331785202 0.02148396335542202 -0.06087062135338783
v -0.030422363430261612 0.024618299677968025 -0.06427381187677383
v -0.029219644144177437 0.023424213752150536 -0.06530040502548218
v -0.029219644144177437 0.023424213752150536 -0.06530040502548218
v -0.030422363430261612 0.024618299677968025 -0.06427381187677383
v -0.029890095815062523 0.028141258284449577 -0.0672859326004982
v -0.028664173558354378 0.0271007027477026 -0.06844379752874374
v -0.028664173558354378 0.0271007027477026 -0.06844379752874374
v -0.029890095815062523 0.028141258284449577 -0.0672859326004982
v -0.02943447232246399 0.03200286254286766 -0.06986426562070847
v -0.028188707306981087 0.031130598857998848 -0.07113449275493622
v -0.028188707306981087 0.031130598857998848 -0.07113449275493622
v -0.02943447232246399 0.03200286254286766 -0.06986426562070847
v -0.029061973094940186 0.03614835441112518 -0.07197224348783493
v -0.027799971401691437 0.03545674681663513 -0.07333433628082275
v -0.027799971401691437 0.03545674681663513 -0.07333433628082275
v -0.029061973094940186 0.03614835441112518 -0.07197224348783493
v -0.028777876868844032 0.040518928319215775 -0.07357996702194214
v -0.027503490447998047 0.04001779109239578 -0.07501212507486343
v -0.027503490447998047 0.04001779109239578 -0.07501212507486343
v -0.028777876868844032 0.040518928319215775 -0.07357996702194214
v -0.02858620695769787 0.04505259916186333 -0.0746646374464035
v -0.027303462848067284 0.04474904015660286 -0.07614406198263168
v -0.027303462848067284 0.04474904015660286 -0.07614406198263168
v -0.02858620695769787 0.04505259916186333 -0.0746646374464035
v -0.02848968468606472 0.04968506470322609 -0.07521085441112518
v -0.02720273658633232 0.04958338662981987 -0.07671409100294113
v -0.02720273658633232 0.04958338662981987 -0.07671409100294113
v -0.02848968468606472 0.04968506470322609 -0.07521085441112518
v -0.028489677235484123 0.05435061827301979 -0.07521089911460876
v -0.027202729135751724 0.05445226654410362 -0.07671412825584412
v -0.027202729135751724 0.05445226654410362 -0.07671412825584412
v -0.028489677235484123 0.05435061827301979 -0.07521089911460876
v -0.028586184605956078 0.05898309126496315 -0.07466474175453186
v -0.02730344608426094 0.05928662791848183 -0.07614417374134064
v -0.02730344608426094 0.05928662791848183 -0.07614417374134064
v -0.028586184605956078 0.05898309126496315 -0.07466474175453186
v -0.028777845203876495 0.06351678818464279 -0.07358015328645706
v -0.027503453195095062 0.0640178918838501 -0.07501231133937836
v -0.027503453195095062 0.0640178918838501 -0.07501231133937836
v -0.028777845203876495 0.06351678818464279 -0.07358015328645706
v -0.029061932116746902 0.06788738816976547 -0.07197248935699463
v -0.027799924835562706 0.06857896596193314 -0.07333460450172424
v -0.027799924835562706 0.06857896596193314 -0.07333460450172424
v -0.029061932116746902 0.06788738816976547 -0.07197248935699463
v -0.02943442016839981 0.07203290611505508 -0.06986457854509354
v -0.028188645839691162 0.07290515303611755 -0.07113482058048248
v -0.028188645839691162 0.07290515303611755 -0.07113482058048248
v -0.02943442016839981 0.07203290611505508 -0.06986457854509354
v -0.029890021309256554 0.0758945569396019 -0.06728630512952805
v -0.028664106503129005 0.07693509012460709 -0.06844418495893478
v -0.028664106503129005 0.07693509012460709 -0.06844418495893478
v -0.029890021309256554 0.0758945569396019 -0.06728630512952805
v -0.030422283336520195 0.07941756397485733 -0.06427423655986786
v -0.02921956218779087 0.08061163127422333 -0.065300852060318
v -0.02921956218779087 0.08061163127422333 -0.065300852060318
v -0.030422283336520195 0.07941756397485733 -0.06427423655986786
v -0.031023647636175156 0.08255195617675781 -0.06087110564112663
v -0.02984713390469551 0.08388262242078781 -0.0617494098842144
v -0.02984713390469551 0.08388262242078781 -0.0617494098842144
v -0.031023647636175156 0.08255195617675781 -0.06087110564112663
v -0.03168559446930885 0.0852532833814621 -0.05712515860795975
v -0.03053792379796505 0.08670166879892349 -0.057840220630168915
v -0.03053792379796505 0.08670166879892349 -0.057840220630168915
v -0.03168559446930885 0.0852532833814621 -0.05712515860795975
v -0.03239872679114342 0.0874832272529602 -0.05308954417705536
v -0.03128213435411453 0.08902879804372787 -0.05362873151898384
v -0.03128213435411453 0.08902879804372787 -0.05362873151898384
v -0.03239872679114342 0.0874832272529602 -0.05308954417705536
v -0.03208277374505997 0.09073987603187561 -0.0493263378739357
v -0.03128213435411453 0.08902879804372787 -0.05362873151898384
v -0.03208277374505997 0.09073987603187561 -0.0493263378739357
v -0.030947204679250717 0.09103508293628693 -0.05103905498981476
v -0.03578280657529831 0.014418154023587704 -0.03678736090660095
v -0.03584161028265953 0.014745260588824749 -0.03679775819182396
v -0.03480066359043121 0.014234432019293308 -0.04164983332157135
v -0.03480066359043121 0.014234432019293308 -0.04164983332157135
v -0.03584161028265953 0.014745260588824749 -0.03679775819182396
v -0.03531510755419731 0.014867567457258701 -0.03977666050195694
v -0.03480066359043121 0.014234432019293308 -0.04164983332157135
v -0.03531510755419731 0.014867567457258701 -0.03977666050195694
v -0.034532494843006134 0.014144190587103367 -0.04274965450167656
v -0.034532494843006134 0.014144190587103367 -0.04274965450167656
v -0.03531510755419731 0.014867567457258701 -0.03977666050195694
v -0.03455030173063278 0.015490616671741009 -0.044104691594839096
v -0.034532494843006134 0.014144190587103367 -0.04274965450167656
v -0.03455030173063278 0.015490616671741009 -0.044104691594839096
v -0.03387375921010971 0.013902558945119381 -0.045060642063617706
v -0.03387375921010971 0.013902558945119381 -0.045060642063617706
v -0.03455030173063278 0.015490616671741009 -0.044104691594839096
v -0.03380380943417549 0.01663174480199814 -0.04832909256219864
v -0.03387375921010971 0.013902558945119381 -0.045060642063617706
v -0.03380380943417549 0.01663174480199814 -0.04832909256219864
v -0.03315303102135658 0.014825952239334583 -0.04882090538740158
v -0.03315303102135658 0.014825952239334583 -0.04882090538740158
v -0.03380380943417549 0.01663174480199814 -0.04832909256219864
v -0.03308622166514397 0.018274767324328423 -0.05238994583487511
v -0.032398827373981476 0.016552818939089775 -0.05308898538351059
v -0.032398827373981476 0.016552818939089775 -0.05308898538351059
v -0.03308622166514397 0.018274767324328423 -0.05238994583487511
v -0.03240770846605301 0.020396379753947258 -0.05622965097427368
v -0.031685687601566315 0.01878269948065281 -0.05712464079260826
v -0.031685687601566315 0.01878269948065281 -0.05712464079260826
v -0.03240770846605301 0.020396379753947258 -0.05622965097427368
v -0.031777895987033844 0.02296648733317852 -0.05979376286268234
v -0.03102373331785202 0.02148396335542202 -0.06087062135338783
v -0.03102373331785202 0.02148396335542202 -0.06087062135338783
v -0.031777895987033844 0.02296648733317852 -0.05979376286268234
v -0.03120572492480278 0.025948645547032356 -0.06303171068429947
v -0.030422363430261612 0.024618299677968025 -0.06427381187677383
v -0.030422363430261612 0.024618299677968025 -0.06427381187677383
v -0.03120572492480278 0.025948645547032356 -0.06303171068429947
v -0.030699294060468674 0.029300549998879433 -0.06589758396148682
v -0.029890095815062523 0.028141258284449577 -0.0672859326004982
v -0.029890095815062523 0.028141258284449577 -0.0672859326004982
v -0.030699294060468674 0.029300549998879433 -0.06589758396148682
v -0.030265800654888153 0.032974664121866226 -0.06835073977708817
v -0.02943447232246399 0.03200286254286766 -0.06986426562070847
v -0.02943447232246399 0.03200286254286766 -0.06986426562070847
v -0.030265800654888153 0.032974664121866226 -0.06835073977708817
v -0.029911383986473083 0.03691887855529785 -0.07035636156797409
v -0.029061973094940186 0.03614835441112518 -0.07197224348783493
v -0.029061973094940186 0.03614835441112518 -0.07197224348783493
v -0.029911383986473083 0.03691887855529785 -0.07035636156797409
v -0.029641084372997284 0.04107724875211716 -0.07188602536916733
v -0.028777876868844032 0.040518928319215775 -0.07357996702194214
v -0.028777876868844032 0.040518928319215775 -0.07357996702194214
v -0.029641084372997284 0.04107724875211716 -0.07188602536916733
v -0.02945871278643608 0.04539079591631889 -0.07291802763938904
v -0.02858620695769787 0.04505259916186333 -0.0746646374464035
v -0.02858620695769787 0.04505259916186333 -0.0746646374464035
v -0.02945871278643608 0.04539079591631889 -0.07291802763938904
v -0.029366876929998398 0.04979834333062172 -0.07343772798776627
v -0.02848968468606472 0.04968506470322609 -0.07521085441112518
v -0.02848968468606472 0.04968506470322609 -0.07521085441112518
v -0.029366876929998398 0.04979834333062172 -0.07343772798776627
v -0.02936687506735325 0.05423736944794655 -0.07343776524066925
v -0.028489677235484123 0.05435061827301979 -0.07521089911460876
v -0.028489677235484123 0.05435061827301979 -0.07521089911460876
v -0.02936687506735325 0.05423736944794655 -0.07343776524066925
v -0.029458696022629738 0.05864492431282997 -0.0729181319475174
v -0.028586184605956078 0.05898309126496315 -0.07466474175453186
v -0.028586184605956078 0.05898309126496315 -0.07466474175453186
v -0.029458696022629738 0.05864492431282997 -0.0729181319475174
v -0.029641052708029747 0.0629584938287735 -0.07188620418310165
v -0.028777845203876495 0.06351678818464279 -0.07358015328645706
v -0.028777845203876495 0.06351678818464279 -0.07358015328645706
v -0.029641052708029747 0.0629584938287735 -0.07188620418310165
v -0.0299113467335701 0.0671168863773346 -0.07035659998655319
v -0.029061932116746902 0.06788738816976547 -0.07197248935699463
v -0.029061932116746902 0.06788738816976547 -0.07197248935699463
v -0.0299113467335701 0.0671168863773346 -0.07035659998655319
v -0.030265748500823975 0.0710611343383789 -0.06835103034973145
v -0.02943442016839981 0.07203290611505508 -0.06986457854509354
v -0.02943442016839981 0.07203290611505508 -0.06986457854509354
v -0.030265748500823975 0.0710611343383789 -0.06835103034973145
v -0.0306992307305336 0.07473529130220413 -0.06589794158935547
v -0.029890021309256554 0.0758945569396019 -0.06728630512952805
v -0.029890021309256554 0.0758945569396019 -0.06728630512952805
v -0.0306992307305336 0.07473529130220413 -0.06589794158935547
v -0.03120564855635166 0.07808724045753479 -0.0630321279168129
v -0.030422283336520195 0.07941756397485733 -0.06427423655986786
v -0.030422283336520195 0.07941756397485733 -0.06427423655986786
v -0.03120564855635166 0.07808724045753479 -0.0630321279168129
v -0.03177781403064728 0.0810694545507431 -0.059794217348098755
v -0.031023647636175156 0.08255195617675781 -0.06087110564112663
v -0.031023647636175156 0.08255195617675781 -0.06087110564112663
v -0.03177781403064728 0.0810694545507431 -0.059794217348098755
v -0.032407619059085846 0.08363962173461914 -0.056230153888463974
v -0.03168559446930885 0.0852532833814621 -0.05712515860795975
v -0.03168559446930885 0.0852532833814621 -0.05712515860795975
v -0.032407619059085846 0.08363962173461914 -0.056230153888463974
v -0.03308612480759621 0.08576129376888275 -0.05239047855138779
v -0.03239872679114342 0.0874832272529602 -0.05308954417705536
v -0.03239872679114342 0.0874832272529602 -0.05308954417705536
v -0.03308612480759621 0.08576129376888275 -0.05239047855138779
v -0.03380371257662773 0.08740437775850296 -0.04832965135574341
v -0.033152926713228226 0.0892101600766182 -0.04882149398326874
v -0.033152926713228226 0.0892101600766182 -0.04882149398326874
v -0.03380371257662773 0.08740437775850296 -0.04832965135574341
v -0.03396230563521385 0.09010075777769089 -0.044780977070331573
v -0.033152926713228226 0.0892101600766182 -0.04882149398326874
v -0.03396230563521385 0.09010075777769089 -0.044780977070331573
v -0.03333436697721481 0.09033021330833435 -0.04660084471106529
v -0.04003944993019104 0.07924916595220566 -0.013627804815769196
v -0.03164820000529289 0.02580437995493412 -0.06111397594213486
v -0.04041926562786102 0.07719695568084717 -0.011478425934910774
v -0.03201719745993614 0.023959094658493996 -0.05902582034468651
v -0.03925583139061928 0.08256853371858597 -0.018062319606542587
v -0.03840164840221405 0.08512696623802185 -0.022896142676472664
v -0.03137435391545296 0.07665601372718811 -0.06266367435455322
v -0.037909943610429764 0.08619552105665207 -0.025678707286715508
v -0.03154508396983147 0.07766123861074448 -0.06169751286506653
v -0.030975384637713432 0.0739591121673584 -0.06492143869400024
v -0.030773013830184937 0.07235702872276306 -0.06606664508581161
v -0.03055676631629467 0.033625323325395584 -0.06729043275117874
v -0.03085174784064293 0.031033789739012718 -0.06562110781669617
v -0.03147917240858078 0.026753896847367287 -0.062070515006780624
v -0.0420399084687233 0.06026249751448631 -0.0023071649484336376
v -0.04193044826388359 0.0625852420926094 -0.002926638349890709
v -0.04174468666315079 0.06558272242546082 -0.003977849148213863
v -0.03658206760883331 0.08782970160245895 -0.03319316729903221
v -0.0331052727997303 0.08411594480276108 -0.052868377417325974
v -0.03750300407409668 0.08688245713710785 -0.027981562539935112
v -0.03262540325522423 0.08255921304225922 -0.05558396875858307
v -0.03227679431438446 0.08121369779109955 -0.057556744664907455
v -0.04129428789019585 0.07072438299655914 -0.0065266843885183334
v -0.04071331396698952 0.07534536719322205 -0.009814402088522911
v -0.02972985990345478 0.05666575953364372 -0.07196987420320511
v -0.029677461832761765 0.05191546306014061 -0.07226639986038208
v -0.029752735048532486 0.04645318165421486 -0.07184042036533356
v -0.04212013632059097 0.04606469348073006 -0.0018531550886109471
v -0.04220570996403694 0.05148518458008766 -0.001368917291983962
v -0.042185381054878235 0.05496438965201378 -0.0014839502982795238
v -0.03594186529517174 0.08801815658807755 -0.0368160717189312
v -0.034971702843904495 0.08758378028869629 -0.04230624809861183
v -0.034010354429483414 0.08626414835453033 -0.04774653539061546
v -0.029970603063702583 0.04113411158323288 -0.0706075131893158
v -0.030343228951096535 0.0358676053583622 -0.06849881261587143
v -0.03028055466711521 0.06743031740188599 -0.06885349005460739
v -0.029930491000413895 0.0621468611061573 -0.07083448767662048
v -0.04031835496425629 0.026260124519467354 -0.01204946730285883
v -0.03239769488573074 0.022333769127726555 -0.056872595101594925
v -0.033218011260032654 0.019599488005042076 -0.05223040655255318
v -0.035941965878009796 0.016018155962228775 -0.03681550547480583
v -0.03691242262721062 0.016453448683023453 -0.03132368251681328
v -0.03786137327551842 0.01774994097650051 -0.025953562930226326
v -0.03874269127845764 0.01981651969254017 -0.020966168493032455
v -0.039549004286527634 0.02258489839732647 -0.016403235495090485
v -0.0341353714466095 0.01754715107381344 -0.04703906178474426
v -0.03508791700005531 0.016353540122509003 -0.041648589074611664
v -0.04099685326218605 0.03075440786778927 -0.00820983201265335
v -0.041512660682201385 0.03555160388350487 -0.005290881264954805
v -0.04188895225524902 0.04070359095931053 -0.0031614608597010374
v -0.03201719745993614 0.023959094658493996 -0.05902582034468651
v -0.04035583883523941 0.02647222764790058 -0.01183734554797411
v -0.009610507637262344 0.05251780524849892 -0.07663848251104355
v -0.009794805198907852 0.052517812699079514 -0.07559554278850555
v -0.009646205231547356 0.0521882139146328 -0.07664711773395538
v -0.009646205231547356 0.0521882139146328 -0.07664711773395538
v -0.009794805198907852 0.052517812699079514 -0.07559554278850555
v -0.009906746447086334 0.051943790167570114 -0.07561822235584259
v -0.009646205231547356 0.0521882139146328 -0.07664711773395538
v -0.009906746447086334 0.051943790167570114 -0.07561822235584259
v -0.009722545742988586 0.05194377526640892 -0.07666061073541641
v -0.009722545742988586 0.05194377526640892 -0.07666061073541641
v -0.009906746447086334 0.051943790167570114 -0.07561822235584259
v -0.009834878146648407 0.051722507923841476 -0.07668010145425797
v -0.009834878146648407 0.051722507923841476 -0.07668010145425797
v -0.009906746447086334 0.051943790167570114 -0.07561822235584259
v -0.010227574035525322 0.051457155495882034 -0.0756712406873703
v -0.009834878146648407 0.051722507923841476 -0.07668010145425797
v -0.010227574035525322 0.051457155495882034 -0.0756712406873703
v -0.010165070183575153 0.05134640261530876 -0.07673604786396027
v -0.010165070183575153 0.05134640261530876 -0.07673604786396027
v -0.010227574035525322 0.051457155495882034 -0.0756712406873703
v -0.010707742534577847 0.05113198980689049 -0.07575049996376038
v -0.010165070183575153 0.05134640261530876 -0.07673604786396027
v -0.010707742534577847 0.05113198980689049 -0.07575049996376038
v -0.010599425062537193 0.05110233649611473 -0.07680931687355042
v -0.010599425062537193 0.05110233649611473 -0.07680931687355042
v -0.010707742534577847 0.05113198980689049 -0.07575049996376038
v -0.01127344649285078 0.05101780965924263 -0.07584790885448456
v -0.010599425062537193 0.05110233649611473 -0.07680931687355042
v -0.01127344649285078 0.05101780965924263 -0.07584790885448456
v -0.011088396422564983 0.05101780220866203 -0.0768951028585434
v -0.01836293563246727 0.013218206353485584 -0.027108395472168922
v -0.01836293749511242 0.012218206189572811 -0.027108388021588326
v -0.018430320546030998 0.012218200601637363 -0.027881916612386703
v -0.01843031868338585 0.013218200765550137 -0.0278819240629673
v -0.01843031868338585 0.013218200765550137 -0.0278819240629673
v -0.018430320546030998 0.012218200601637363 -0.027881916612386703
v -0.018875446170568466 0.012218196876347065 -0.02851811610162258
v -0.018875444307923317 0.013218195177614689 -0.02851812355220318
v -0.018875444307923317 0.013218195177614689 -0.02851812355220318
v -0.018875446170568466 0.012218196876347065 -0.02851811610162258
v -0.019579028710722923 0.012218195013701916 -0.02884652465581894
v -0.019579026848077774 0.013218195177614689 -0.028846532106399536
v -0.013550256378948689 0.05101780220866203 -0.07733013480901718
v -0.013735304586589336 0.05101780965924263 -0.07628294080495834
v -0.014107411727309227 0.05099107697606087 -0.07742810994386673
v -0.014107411727309227 0.05099107697606087 -0.07742810994386673
v -0.013735304586589336 0.05101780965924263 -0.07628294080495834
v -0.01488691195845604 0.0509028397500515 -0.07648354768753052
v -0.015998659655451775 0.0505610890686512 -0.07666955888271332
v -0.015441134572029114 0.05070267245173454 -0.07765704393386841
v -0.01488691195845604 0.0509028397500515 -0.07648354768753052
v -0.01488691195845604 0.0509028397500515 -0.07648354768753052
v -0.015441134572029114 0.05070267245173454 -0.07765704393386841
v -0.014856577850878239 0.050869446247816086 -0.07755783945322037
v -0.01488691195845604 0.0509028397500515 -0.07648354768753052
v -0.014856577850878239 0.050869446247816086 -0.07755783945322037
v -0.014107411727309227 0.05099107697606087 -0.07742810994386673
v -0.01792667619884014 0.0492604561150074 -0.07694505155086517
v -0.01713821478188038 0.049790430814027786 -0.07792199403047562
v -0.017021486535668373 0.050008375197649 -0.0768275186419487
v -0.017021486535668373 0.050008375197649 -0.0768275186419487
v -0.01713821478188038 0.049790430814027786 -0.07792199403047562
v -0.016695374622941017 0.0501001738011837 -0.07785791903734207
v -0.017021486535668373 0.050008375197649 -0.0768275186419487
v -0.016695374622941017 0.0501001738011837 -0.07785791903734207
v -0.015998659655451775 0.0505610890686512 -0.07666955888271332
v -0.015998659655451775 0.0505610890686512 -0.07666955888271332
v -0.016695374622941017 0.0501001738011837 -0.07785791903734207
v -0.016024746000766754 0.05046740546822548 -0.07775311172008514
v -0.015998659655451775 0.0505610890686512 -0.07666955888271332
v -0.016024746000766754 0.05046740546822548 -0.07775311172008514
v -0.015441134572029114 0.05070267245173454 -0.07765704393386841
v -0.018672950565814972 0.048351895064115524 -0.07700738310813904
v -0.018185021355748177 0.04876241087913513 -0.07804278284311295
v -0.01792667619884014 0.0492604561150074 -0.07694505155086517
v -0.01792667619884014 0.0492604561150074 -0.07694505155086517
v -0.018185021355748177 0.04876241087913513 -0.07804278284311295
v -0.017669977620244026 0.049330148845911026 -0.07799043506383896
v -0.01792667619884014 0.0492604561150074 -0.07694505155086517
v -0.017669977620244026 0.049330148845911026 -0.07799043506383896
v -0.01713821478188038 0.049790430814027786 -0.07792199403047562
v -0.019237158820033073 0.04731391370296478 -0.0770033672451973
v -0.018862232565879822 0.04771483689546585 -0.07806994020938873
v -0.018672950565814972 0.048351895064115524 -0.07700738310813904
v -0.018672950565814972 0.048351895064115524 -0.07700738310813904
v -0.018862232565879822 0.04771483689546585 -0.07806994020938873
v -0.018469830974936485 0.04837639257311821 -0.07806223630905151
v -0.018672950565814972 0.048351895064115524 -0.07700738310813904
v -0.018469830974936485 0.04837639257311821 -0.07806223630905151
v -0.018185021355748177 0.04876241087913513 -0.07804278284311295
v -0.019742164760828018 0.04501781612634659 -0.07677018642425537
v -0.01955542340874672 0.04501780867576599 -0.07782697677612305
v -0.019673176109790802 0.04578215256333351 -0.07687965035438538
v -0.019673176109790802 0.04578215256333351 -0.07687965035438538
v -0.01955542340874672 0.04501780867576599 -0.07782697677612305
v -0.019481366500258446 0.0458139032125473 -0.07794118672609329
v -0.019673176109790802 0.04578215256333351 -0.07687965035438538
v -0.019481366500258446 0.0458139032125473 -0.07794118672609329
v -0.019237158820033073 0.04731391370296478 -0.0770033672451973
v -0.019237158820033073 0.04731391370296478 -0.0770033672451973
v -0.019481366500258446 0.0458139032125473 -0.07794118672609329
v -0.019167553633451462 0.04701905697584152 -0.07804742455482483
v -0.019237158820033073 0.04731391370296478 -0.0770033672451973
v -0.019167553633451462 0.04701905697584152 -0.07804742455482483
v -0.018862232565879822 0.04771483689546585 -0.07806994020938873
v -0.02443607524037361 0.012218181975185871 -0.03125634044408798
v -0.025234214961528778 0.012218176387250423 -0.03222529590129852
v -0.02523421309888363 0.013218176551163197 -0.03222530335187912
v -0.02523421309888363 0.013218176551163197 -0.03222530335187912
v -0.025234214961528778 0.012218176387250423 -0.03222529590129852
v -0.025870947167277336 0.012218168936669827 -0.03330717235803604
v -0.02523421309888363 0.013218176551163197 -0.03222530335187912
v -0.025870947167277336 0.012218168936669827 -0.03330717235803604
v -0.026490304619073868 0.013218154199421406 -0.0350828617811203
v -0.026490304619073868 0.013218154199421406 -0.0350828617811203
v -0.025870947167277336 0.012218168936669827 -0.03330717235803604
v -0.026490306481719017 0.012218154035508633 -0.0350828543305397
v -0.026490304619073868 0.013218154199421406 -0.0350828617811203
v -0.026490306481719017 0.012218154035508633 -0.0350828543305397
v -0.02655724249780178 0.013218129985034466 -0.03820359334349632
v -0.02655724249780178 0.013218129985034466 -0.03820359334349632
v -0.026490306481719017 0.012218154035508633 -0.0350828543305397
v -0.026677390560507774 0.012218140996992588 -0.036986254155635834
v -0.02655724249780178 0.013218129985034466 -0.03820359334349632
v -0.026677390560507774 0.012218140996992588 -0.036986254155635834
v -0.02655724436044693 0.012218129821121693 -0.03820358216762543
v -0.02443607524037361 0.012218181975185871 -0.03125634044408798
v -0.02523421309888363 0.013218176551163197 -0.03222530335187912
v -0.02298019453883171 0.012218189425766468 -0.030065936967730522
v -0.02298019453883171 0.012218189425766468 -0.030065936967730522
v -0.02523421309888363 0.013218176551163197 -0.03222530335187912
v -0.02298019267618656 0.013218189589679241 -0.03006594628095627
v -0.02298019453883171 0.012218189425766468 -0.030065936967730522
v -0.02298019267618656 0.013218189589679241 -0.03006594628095627
v -0.021256184205412865 0.012218193151056767 -0.029237855225801468
v -0.021256184205412865 0.012218193151056767 -0.029237855225801468
v -0.02298019267618656 0.013218189589679241 -0.03006594628095627
v -0.020071402192115784 0.013218195177614689 -0.028933536261320114
v -0.021256184205412865 0.012218193151056767 -0.029237855225801468
v -0.020071402192115784 0.013218195177614689 -0.028933536261320114
v -0.020071404054760933 0.012218195013701916 -0.028933526948094368
v -0.019579028710722923 0.012218195013701916 -0.02884652465581894
v -0.020071404054760933 0.012218195013701916 -0.028933526948094368
v -0.019579026848077774 0.013218195177614689 -0.028846532106399536
v -0.020071402192115784 0.013218195177614689 -0.028933536261320114
v -0.013735304586589336 0.05101780965924263 -0.07628294080495834
v -0.013550256378948689 0.05101780220866203 -0.07733013480901718
v -0.01127344649285078 0.05101780965924263 -0.07584790885448456
v -0.011088396422564983 0.05101780220866203 -0.0768951028585434
v -0.01127344649285078 0.05101780965924263 -0.07584790885448456
v -0.010707742534577847 0.05113198980689049 -0.07575049996376038
v -0.009873883798718452 0.04578215256333351 -0.07514802366495132
v -0.015998659655451775 0.0505610890686512 -0.07666955888271332
v -0.01488691195845604 0.0509028397500515 -0.07648354768753052
v -0.009873883798718452 0.04578215256333351 -0.07514802366495132
v -0.009873883798718452 0.04578215256333351 -0.07514802366495132
v -0.01488691195845604 0.0509028397500515 -0.07648354768753052
v -0.013735304586589336 0.05101780965924263 -0.07628294080495834
v -0.009873883798718452 0.04578215256333351 -0.07514802366495132
v -0.013735304586589336 0.05101780965924263 -0.07628294080495834
v -0.01127344649285078 0.05101780965924263 -0.07584790885448456
v -0.018672950565814972 0.048351895064115524 -0.07700738310813904
v -0.009873883798718452 0.04578215256333351 -0.07514802366495132
v -0.019237158820033073 0.04731391370296478 -0.0770033672451973
v -0.019237158820033073 0.04731391370296478 -0.0770033672451973
v -0.009873883798718452 0.04578215256333351 -0.07514802366495132
v -0.019673176109790802 0.04578215256333351 -0.07687965035438538
v -0.018672950565814972 0.048351895064115524 -0.07700738310813904
v -0.01792667619884014 0.0492604561150074 -0.07694505155086517
v -0.009873883798718452 0.04578215256333351 -0.07514802366495132
v -0.009873883798718452 0.04578215256333351 -0.07514802366495132
v -0.01792667619884014 0.0492604561150074 -0.07694505155086517
v -0.017021486535668373 0.050008375197649 -0.0768275186419487
v -0.009873883798718452 0.04578215256333351 -0.07514802366495132
v -0.017021486535668373 0.050008375197649 -0.0768275186419487
v -0.015998659655451775 0.0505610890686512 -0.07666955888271332
v -0.010707742534577847 0.05113198980689049 -0.07575049996376038
v -0.010227574035525322 0.051457155495882034 -0.0756712406873703
v -0.009873883798718452 0.04578215256333351 -0.07514802366495132
v -0.009873883798718452 0.04578215256333351 -0.07514802366495132
v -0.010227574035525322 0.051457155495882034 -0.0756712406873703
v -0.009906746447086334 0.051943790167570114 -0.07561822235584259
v -0.009873883798718452 0.04578215256333351 -0.07514802366495132
v -0.009906746447086334 0.051943790167570114 -0.07561822235584259
v -0.009794805198907852 0.052517812699079514 -0.07559554278850555
v -0.019673176109790802 0.04578215256333351 -0.07687965035438538
v -0.009873883798718452 0.04578215256333351 -0.07514802366495132
v -0.019742164760828018 0.04501781612634659 -0.07677018642425537
v -0.019742164760828018 0.04501781612634659 -0.07677018642425537
v -0.009873883798718452 0.04578215256333351 -0.07514802366495132
v -0.010152065195143223 0.03892149403691292 -0.07357379794120789
v -0.019742164760828018 0.04501781612634659 -0.07677018642425537
v -0.010152065195143223 0.03892149403691292 -0.07357379794120789
v -0.019999494776129723 0.03892149403691292 -0.07531393319368362
v -0.019999494776129723 0.03892149403691292 -0.07531393319368362
v -0.010152065195143223 0.03892149403691292 -0.07357379794120789
v -0.01062256470322609 0.03241659700870514 -0.0709112361073494
v -0.020469998940825462 0.03241659700870514 -0.07265137135982513
v -0.020469998940825462 0.03241659700870514 -0.07265137135982513
v -0.01062256470322609 0.03241659700870514 -0.0709112361073494
v -0.01127260085195303 0.026444176211953163 -0.06723267585039139
v -0.021120036020874977 0.026444176211953163 -0.06897280365228653
v -0.021120036020874977 0.026444176211953163 -0.06897280365228653
v -0.01127260085195303 0.026444176211953163 -0.06723267585039139
v -0.012084513902664185 0.021166464313864708 -0.06263802945613861
v -0.021931951865553856 0.021166464313864708 -0.06437816470861435
v -0.021931951865553856 0.021166464313864708 -0.06437816470861435
v -0.012084513902664185 0.021166464313864708 -0.06263802945613861
v -0.013036257587373257 0.01672682724893093 -0.05725211650133133
v -0.022883690893650055 0.01672682724893093 -0.05899224802851677
v -0.022883690893650055 0.01672682724893093 -0.05899224802851677
v -0.013036257587373257 0.01672682724893093 -0.05725211650133133
v -0.014101973734796047 0.013245868496596813 -0.05122124031186104
v -0.023949403315782547 0.013245868496596813 -0.05296137556433678
v -0.02072739042341709 0.012310988269746304 -0.014877252280712128
v -0.020502489060163498 0.01201829593628645 -0.016149982810020447
v -0.020515449345111847 0.012491476722061634 -0.01492729876190424
v -0.020305540412664413 0.012218295596539974 -0.016115183010697365
v -0.020305540412664413 0.012218295596539974 -0.016115183010697365
v -0.020502489060163498 0.01201829593628645 -0.016149982810020447
v -0.01836293749511242 0.012218206189572811 -0.027108388021588326
v -0.018559886142611504 0.012018206529319286 -0.027143187820911407
v -0.020515337586402893 0.09154513478279114 -0.014927924610674381
v -0.020727280527353287 0.09172562509775162 -0.014877879060804844
v -0.02179083414375782 0.08817915618419647 -0.008859223686158657
v -0.020515337586402893 0.09154513478279114 -0.014927924610674381
v -0.02179083414375782 0.08817915618419647 -0.008859223686158657
v -0.021574057638645172 0.08801478147506714 -0.00893662590533495
v -0.021574057638645172 0.08801478147506714 -0.00893662590533495
v -0.02179083414375782 0.08817915618419647 -0.008859223686158657
v -0.022741876542568207 0.0837000235915184 -0.003477248828858137
v -0.021574057638645172 0.08801478147506714 -0.00893662590533495
v -0.022741876542568207 0.0837000235915184 -0.003477248828858137
v -0.022520780563354492 0.08355601876974106 -0.003579110372811556
v -0.022520780563354492 0.08355601876974106 -0.003579110372811556
v -0.022741876542568207 0.0837000235915184 -0.003477248828858137
v -0.02355589158833027 0.0784037709236145 0.0011292524868622422
v -0.022520780563354492 0.08355601876974106 -0.003579110372811556
v -0.02355589158833027 0.0784037709236145 0.0011292524868622422
v -0.023331088945269585 0.07828383147716522 0.0010064436355605721
v -0.023331088945269585 0.07828383147716522 0.0010064436355605721
v -0.02355589158833027 0.0784037709236145 0.0011292524868622422
v -0.02421186864376068 0.07242698222398758 0.004841452930122614
v -0.023331088945269585 0.07828383147716522 0.0010064436355605721
v -0.02421186864376068 0.07242698222398758 0.004841452930122614
v -0.023984091356396675 0.07233421504497528 0.004701780620962381
v -0.023984091356396675 0.07233421504497528 0.004701780620962381
v -0.02421186864376068 0.07242698222398758 0.004841452930122614
v -0.02469290792942047 0.06592381745576859 0.007563633378595114
v -0.023984091356396675 0.07233421504497528 0.004701780620962381
v -0.02469290792942047 0.06592381745576859 0.007563633378595114
v -0.02446293830871582 0.06586060672998428 0.007411578670144081
v -0.02446293830871582 0.06586060672998428 0.007411578670144081
v -0.02469290792942047 0.06592381745576859 0.007563633378595114
v -0.02498658373951912 0.05906199291348457 0.009225556626915932
v -0.02475527860224247 0.05902997776865959 0.009065945632755756
v -0.02475527860224247 0.05902997776865959 0.009065945632755756
v -0.02498658373951912 0.05906199291348457 0.009225556626915932
v -0.0250853281468153 0.052018504589796066 0.009784367866814137
v -0.02475527860224247 0.05902997776865959 0.009065945632755756
v -0.0250853281468153 0.052018504589796066 0.009784367866814137
v -0.024853581562638283 0.052018504589796066 0.009622227400541306
v -0.024853581562638283 0.052018504589796066 0.009622227400541306
v -0.0250853281468153 0.052018504589796066 0.009784367866814137
v -0.024986598640680313 0.044975005090236664 0.009225661866366863
v -0.02475530281662941 0.045007020235061646 0.009066061116755009
v -0.02475530281662941 0.045007020235061646 0.009066061116755009
v -0.024986598640680313 0.044975005090236664 0.009225661866366863
v -0.024692939594388008 0.03811316192150116 0.00756384152919054
v -0.024462979286909103 0.038176365196704865 0.007411797996610403
v -0.024462979286909103 0.038176365196704865 0.007411797996610403
v -0.024692939594388008 0.03811316192150116 0.00756384152919054
v -0.024211924523115158 0.031609952449798584 0.0048417747020721436
v -0.0239841490983963 0.031702715903520584 0.004702101461589336
v -0.0239841490983963 0.031702715903520584 0.004702101461589336
v -0.024211924523115158 0.031609952449798584 0.0048417747020721436
v -0.02355596050620079 0.025633106008172035 0.001129661686718464
v -0.023331167176365852 0.025753038004040718 0.0010068642441183329
v -0.023331167176365852 0.025753038004040718 0.0010068642441183329
v -0.02355596050620079 0.025633106008172035 0.001129661686718464
v -0.02274196594953537 0.020336775109171867 -0.0034767494071274996
v -0.022520866245031357 0.02048077993094921 -0.0035786177031695843
v -0.022520866245031357 0.02048077993094921 -0.0035786177031695843
v -0.02274196594953537 0.020336775109171867 -0.0034767494071274996
v -0.02179093286395073 0.01585756056010723 -0.008858656510710716
v -0.021574154496192932 0.01602192595601082 -0.008936065249145031
v -0.021574154496192932 0.01602192595601082 -0.008936065249145031
v -0.02179093286395073 0.01585756056010723 -0.008858656510710716
v -0.02072739042341709 0.012310988269746304 -0.014877252280712128
v -0.020515449345111847 0.012491476722061634 -0.01492729876190424
v -0.01961383782327175 0.012018195353448391 -0.028649572283029556
v -0.019579028710722923 0.012218195013701916 -0.02884652465581894
v -0.018875446170568466 0.012218196876347065 -0.02851811610162258
v -0.01961383782327175 0.012018195353448391 -0.028649572283029556
v -0.018875446170568466 0.012218196876347065 -0.02851811610162258
v -0.019004058092832565 0.01201819721609354 -0.028364958241581917
v -0.019004058092832565 0.01201819721609354 -0.028364958241581917
v -0.018875446170568466 0.012218196876347065 -0.02851811610162258
v -0.018430320546030998 0.012218200601637363 -0.027881916612386703
v -0.019004058092832565 0.01201819721609354 -0.028364958241581917
v -0.018430320546030998 0.012218200601637363 -0.027881916612386703
v -0.01861828751862049 0.012018200941383839 -0.02781357616186142
v -0.01861828751862049 0.012018200941383839 -0.02781357616186142
v -0.018430320546030998 0.012218200601637363 -0.027881916612386703
v -0.01836293749511242 0.012218206189572811 -0.027108388021588326
v -0.018559886142611504 0.012018206529319286 -0.027143187820911407
v -0.020502375438809395 0.09201829880475998 -0.016150617972016335
v -0.020727280527353287 0.09172562509775162 -0.014877879060804844
v -0.02030542865395546 0.09181829541921616 -0.016115808859467506
v -0.020515337586402893 0.09154513478279114 -0.014927924610674381
v -0.020071404054760933 0.012218195013701916 -0.028933526948094368
v -0.019579028710722923 0.012218195013701916 -0.02884652465581894
v -0.020106207579374313 0.012018195353448391 -0.028736582025885582
v -0.020106207579374313 0.012018195353448391 -0.028736582025885582
v -0.019579028710722923 0.012218195013701916 -0.02884652465581894
v -0.01961383782327175 0.012018195353448391 -0.028649572283029556
v -0.020502375438809395 0.09201829880475998 -0.016150617972016335
v -0.02030542865395546 0.09181829541921616 -0.016115808859467506
v -0.014355002902448177 0.0920180156826973 -0.050938680768013
v -0.014355002902448177 0.0920180156826973 -0.050938680768013
v -0.02030542865395546 0.09181829541921616 -0.016115808859467506
v -0.014158050529658794 0.09181801974773407 -0.05090387910604477
v -0.020071404054760933 0.012218195013701916 -0.028933526948094368
v -0.020106207579374313 0.012018195353448391 -0.028736582025885582
v -0.021320603787899017 0.012018195353448391 -0.02904852107167244
v -0.021256184205412865 0.012218193151056767 -0.029237855225801468
v -0.021256184205412865 0.012218193151056767 -0.029237855225801468
v -0.021320603787899017 0.012018195353448391 -0.02904852107167244
v -0.022531647235155106 0.012018193490803242 -0.029572732746601105
v -0.021256184205412865 0.012218193151056767 -0.029237855225801468
v -0.022531647235155106 0.012018193490803242 -0.029572732746601105
v -0.02298019453883171 0.012218189425766468 -0.030065936967730522
v -0.022531647235155106 0.012018193490803242 -0.029572732746601105
v -0.02360375225543976 0.012018189765512943 -0.030254820361733437
v -0.02298019453883171 0.012218189425766468 -0.030065936967730522
v -0.02298019453883171 0.012218189425766468 -0.030065936967730522
v -0.02360375225543976 0.012018189765512943 -0.030254820361733437
v -0.02457999810576439 0.012018184177577496 -0.031117459759116173
v -0.02298019453883171 0.012218189425766468 -0.030065936967730522
v -0.02457999810576439 0.012018184177577496 -0.031117459759116173
v -0.02443607524037361 0.012218181975185871 -0.03125634044408798
v -0.02443607524037361 0.012218181975185871 -0.03125634044408798
v -0.02457999810576439 0.012018184177577496 -0.031117459759116173
v -0.02539808675646782 0.012018176726996899 -0.03211063891649246
v -0.02443607524037361 0.012218181975185871 -0.03125634044408798
v -0.02539808675646782 0.012018176726996899 -0.03211063891649246
v -0.025234214961528778 0.012218176387250423 -0.03222529590129852
v -0.025234214961528778 0.012218176387250423 -0.03222529590129852
v -0.02539808675646782 0.012018176726996899 -0.03211063891649246
v -0.026050740852952003 0.012018169276416302 -0.03321956470608711
v -0.025870947167277336 0.012218168936669827 -0.03330717235803604
v -0.025870947167277336 0.012218168936669827 -0.03330717235803604
v -0.026050740852952003 0.012018169276416302 -0.03321956470608711
v -0.026526566594839096 0.012018159963190556 -0.03443232551217079
v -0.025870947167277336 0.012218168936669827 -0.03330717235803604
v -0.026526566594839096 0.012018159963190556 -0.03443232551217079
v -0.026490306481719017 0.012218154035508633 -0.0350828543305397
v -0.026526566594839096 0.012018159963190556 -0.03443232551217079
v -0.026799920946359634 0.01201815064996481 -0.03567326441407204
v -0.026490306481719017 0.012218154035508633 -0.0350828543305397
v -0.026490306481719017 0.012218154035508633 -0.0350828543305397
v -0.026799920946359634 0.01201815064996481 -0.03567326441407204
v -0.02687734179198742 0.012018141336739063 -0.03699062392115593
v -0.026490306481719017 0.012218154035508633 -0.0350828543305397
v -0.02687734179198742 0.012018141336739063 -0.03699062392115593
v -0.026677390560507774 0.012218140996992588 -0.036986254155635834
v -0.026677390560507774 0.012218140996992588 -0.036986254155635834
v -0.02687734179198742 0.012018141336739063 -0.03699062392115593
v -0.026754193007946014 0.012018130160868168 -0.03823838382959366
v -0.02655724436044693 0.012218129821121693 -0.03820358216762543
v -0.014130095951259136 0.09172531962394714 -0.052211418747901917
v -0.014355002902448177 0.0920180156826973 -0.050938680768013
v -0.013948140665888786 0.09154483675956726 -0.05209176242351532
v -0.014158050529658794 0.09181801974773407 -0.05090387910604477
v -0.024005597457289696 0.012218012474477291 -0.05264338478446007
v -0.02655724436044693 0.012218129821121693 -0.03820358216762543
v -0.024202540516853333 0.012018012814223766 -0.0526781901717186
v -0.026754193007946014 0.012018130160868168 -0.03823838382959366
v -0.00972058903425932 0.05945200100541115 -0.07601552456617355
v -0.009610507637262344 0.05251780524849892 -0.07663848251104355
v -0.009772654622793198 0.052520085126161575 -0.07687021791934967
v -0.009772654622793198 0.052520085126161575 -0.07687021791934967
v -0.009870884008705616 0.05906130000948906 -0.07631433755159378
v -0.00972058903425932 0.05945200100541115 -0.07601552456617355
v -0.00972058903425932 0.05945200100541115 -0.07601552456617355
v -0.009870884008705616 0.05906130000948906 -0.07631433755159378
v -0.009883238933980465 0.05948594585061073 -0.07624442130327225
v -0.00972058903425932 0.05945200100541115 -0.07601552456617355
v -0.009883238933980465 0.05948594585061073 -0.07624442130327225
v -0.010020495392382145 0.06619832664728165 -0.07431835681200027
v -0.009883238933980465 0.05948594585061073 -0.07624442130327225
v -0.010164542123675346 0.06592314690351486 -0.07465251535177231
v -0.010020495392382145 0.06619832664728165 -0.07431835681200027
v -0.010020495392382145 0.06619832664728165 -0.07431835681200027
v -0.010164542123675346 0.06592314690351486 -0.07465251535177231
v -0.010184514336287975 0.06626307964324951 -0.07453949749469757
v -0.010020495392382145 0.06619832664728165 -0.07431835681200027
v -0.010184514336287975 0.06626307964324951 -0.07453949749469757
v -0.010502645745873451 0.072586290538311 -0.07158984988927841
v -0.010184514336287975 0.06626307964324951 -0.07453949749469757
v -0.010645559057593346 0.07242635637521744 -0.07193044573068619
v -0.010502645745873451 0.072586290538311 -0.07158984988927841
v -0.010502645745873451 0.072586290538311 -0.07158984988927841
v -0.010645559057593346 0.07242635637521744 -0.07193044573068619
v -0.010668870061635971 0.07268020510673523 -0.07179853320121765
v -0.010502645745873451 0.072586290538311 -0.07158984988927841
v -0.010668870061635971 0.07268020510673523 -0.07179853320121765
v -0.011154862120747566 0.07845444977283478 -0.06789896637201309
v -0.011154862120747566 0.07845444977283478 -0.06789896637201309
v -0.010668870061635971 0.07268020510673523 -0.07179853320121765
v -0.011301523074507713 0.07840320467948914 -0.06821834295988083
v -0.011301523074507713 0.07840320467948914 -0.06821834295988083
v -0.011324059218168259 0.07857515662908554 -0.06809080392122269
v -0.011154862120747566 0.07845444977283478 -0.06789896637201309
v -0.011154862120747566 0.07845444977283478 -0.06789896637201309
v -0.011324059218168259 0.07857515662908554 -0.06809080392122269
v -0.012115519493818283 0.0836995393037796 -0.06361191719770432
v -0.011154862120747566 0.07845444977283478 -0.06789896637201309
v -0.012115519493818283 0.0836995393037796 -0.06361191719770432
v -0.011960651725530624 0.0836545005440712 -0.0633389949798584
v -0.012115519493818283 0.0836995393037796 -0.06361191719770432
v -0.012133529409766197 0.08379895985126495 -0.063510000705719
v -0.011960651725530624 0.0836545005440712 -0.0633389949798584
v -0.011960651725530624 0.0836545005440712 -0.0633389949798584
v -0.012133529409766197 0.08379895985126495 -0.063510000705719
v -0.013066551648080349 0.08817875385284424 -0.05823001265525818
v -0.011960651725530624 0.0836545005440712 -0.0633389949798584
v -0.013066551648080349 0.08817875385284424 -0.05823001265525818
v -0.012899656780064106 0.08805503696203232 -0.05802515894174576
v -0.013066551648080349 0.08817875385284424 -0.05823001265525818
v -0.013076823204755783 0.08821958303451538 -0.05817190557718277
v -0.012899656780064106 0.08805503696203232 -0.05802515894174576
v -0.012899656780064106 0.08805503696203232 -0.05802515894174576
v -0.013076823204755783 0.08821958303451538 -0.05817190557718277
v -0.014130095951259136 0.09172531962394714 -0.052211418747901917
v -0.013948140665888786 0.09154483675956726 -0.05209176242351532
v -0.024202540516853333 0.012018012814223766 -0.0526781901717186
v -0.02397764101624489 0.012310686521232128 -0.053950924426317215
v -0.024005597457289696 0.012218012474477291 -0.05264338478446007
v -0.024005597457289696 0.012218012474477291 -0.05264338478446007
v -0.02397764101624489 0.012310686521232128 -0.053950924426317215
v -0.023795684799551964 0.012491174973547459 -0.053831275552511215
v -0.00987344142049551 0.05201223865151405 -0.07689093798398972
v -0.00984143652021885 0.05209742859005928 -0.07688520848751068
v -0.009646205231547356 0.0521882139146328 -0.07664711773395538
v -0.009646205231547356 0.0521882139146328 -0.07664711773395538
v -0.00984143652021885 0.05209742859005928 -0.07688520848751068
v -0.009772654622793198 0.052520085126161575 -0.07687021791934967
v -0.009646205231547356 0.0521882139146328 -0.07664711773395538
v -0.009772654622793198 0.052520085126161575 -0.07687021791934967
v -0.009610507637262344 0.05251780524849892 -0.07663848251104355
v -0.009646205231547356 0.0521882139146328 -0.07664711773395538
v -0.009722545742988586 0.05194377526640892 -0.07666061073541641
v -0.00987344142049551 0.05201223865151405 -0.07689093798398972
v -0.00987344142049551 0.05201223865151405 -0.07689093798398972
v -0.009722545742988586 0.05194377526640892 -0.07666061073541641
v -0.009834878146648407 0.051722507923841476 -0.07668010145425797
v -0.00987344142049551 0.05201223865151405 -0.07689093798398972
v -0.009834878146648407 0.051722507923841476 -0.07668010145425797
v -0.010043042711913586 0.05171726271510124 -0.07691986113786697
v -0.010043042711913586 0.05171726271510124 -0.07691986113786697
v -0.009834878146648407 0.051722507923841476 -0.07668010145425797
v -0.010165070183575153 0.05134640261530876 -0.07673604786396027
v -0.010043042711913586 0.05171726271510124 -0.07691986113786697
v -0.010165070183575153 0.05134640261530876 -0.07673604786396027
v -0.010367201641201973 0.051418010145425797 -0.07697403430938721
v -0.010367201641201973 0.051418010145425797 -0.07697403430938721
v -0.010165070183575153 0.05134640261530876 -0.07673604786396027
v -0.010599425062537193 0.05110233649611473 -0.07680931687355042
v -0.010367201641201973 0.051418010145425797 -0.07697403430938721
v -0.010599425062537193 0.05110233649611473 -0.07680931687355042
v -0.010759187862277031 0.05124938115477562 -0.07704063504934311
v -0.010759187862277031 0.05124938115477562 -0.07704063504934311
v -0.010599425062537193 0.05110233649611473 -0.07680931687355042
v -0.011088396422564983 0.05101780220866203 -0.0768951028585434
v -0.010759187862277031 0.05124938115477562 -0.07704063504934311
v -0.011088396422564983 0.05101780220866203 -0.0768951028585434
v -0.011053601279854774 0.05121414735913277 -0.07709202170372009
v -0.023795684799551964 0.012491174973547459 -0.053831275552511215
v -0.02397764101624489 0.012310686521232128 -0.053950924426317215
v -0.02291380800306797 0.01585826836526394 -0.0599711537361145
v -0.023795684799551964 0.012491174973547459 -0.053831275552511215
v -0.02291380800306797 0.01585826836526394 -0.0599711537361145
v -0.022736690938472748 0.016022631898522377 -0.0598241351544857
v -0.022736690938472748 0.016022631898522377 -0.0598241351544857
v -0.02291380800306797 0.01585826836526394 -0.0599711537361145
v -0.02196255512535572 0.020338987931609154 -0.06535431742668152
v -0.022736690938472748 0.016022631898522377 -0.0598241351544857
v -0.02196255512535572 0.020338987931609154 -0.06535431742668152
v -0.021789755672216415 0.0204829853028059 -0.06518283486366272
v -0.021789755672216415 0.0204829853028059 -0.06518283486366272
v -0.02196255512535572 0.020338987931609154 -0.06535431742668152
v -0.02114841900765896 0.025637218728661537 -0.06996150314807892
v -0.021789755672216415 0.0204829853028059 -0.06518283486366272
v -0.02114841900765896 0.025637218728661537 -0.06996150314807892
v -0.020979326218366623 0.025757132098078728 -0.06976907700300217
v -0.020979326218366623 0.025757132098078728 -0.06976907700300217
v -0.02114841900765896 0.025637218728661537 -0.06996150314807892
v -0.020492417737841606 0.03161622956395149 -0.07367381453514099
v -0.02032630704343319 0.031708963215351105 -0.07346451282501221
v -0.02032630704343319 0.031708963215351105 -0.07346451282501221
v -0.020492417737841606 0.03161622956395149 -0.07367381453514099
v -0.020011479035019875 0.03812173008918762 -0.07639545947313309
v -0.019847553223371506 0.03818489611148834 -0.07617378979921341
v -0.019847553223371506 0.03818489611148834 -0.07617378979921341
v -0.020011479035019875 0.03812173008918762 -0.07639545947313309
v -0.01971801184117794 0.04498584195971489 -0.07805619388818741
v -0.01955542340874672 0.04501780867576599 -0.07782697677612305
v -0.01351546123623848 0.05121414735913277 -0.07752705365419388
v -0.011053601279854774 0.05121414735913277 -0.07709202170372009
v -0.013550256378948689 0.05101780220866203 -0.07733013480901718
v -0.011088396422564983 0.05101780220866203 -0.0768951028585434
v -0.01955542340874672 0.04501780867576599 -0.07782697677612305
v -0.01971801184117794 0.04498584195971489 -0.07805619388818741
v -0.019481366500258446 0.0458139032125473 -0.07794118672609329
v -0.019481366500258446 0.0458139032125473 -0.07794118672609329
v -0.01971801184117794 0.04498584195971489 -0.07805619388818741
v -0.019635606557130814 0.04585207253694534 -0.07817508280277252
v -0.019481366500258446 0.0458139032125473 -0.07794118672609329
v -0.019635606557130814 0.04585207253694534 -0.07817508280277252
v -0.019167553633451462 0.04701905697584152 -0.07804742455482483
v -0.019167553633451462 0.04701905697584152 -0.07804742455482483
v -0.019635606557130814 0.04585207253694534 -0.07817508280277252
v -0.019312076270580292 0.04708074778318405 -0.078276626765728
v -0.019167553633451462 0.04701905697584152 -0.07804742455482483
v -0.019312076270580292 0.04708074778318405 -0.078276626765728
v -0.018862232565879822 0.04771483689546585 -0.07806994020938873
v -0.018862232565879822 0.04771483689546585 -0.07806994020938873
v -0.019312076270580292 0.04708074778318405 -0.078276626765728
v -0.018984396010637283 0.0478227399289608 -0.07829735428094864
v -0.018862232565879822 0.04771483689546585 -0.07806994020938873
v -0.018984396010637283 0.0478227399289608 -0.07829735428094864
v -0.018469830974936485 0.04837639257311821 -0.07806223630905151
v -0.018469830974936485 0.04837639257311821 -0.07806223630905151
v -0.018984396010637283 0.0478227399289608 -0.07829735428094864
v -0.018598338589072227 0.04847222939133644 -0.07828737795352936
v -0.018469830974936485 0.04837639257311821 -0.07806223630905151
v -0.018598338589072227 0.04847222939133644 -0.07828737795352936
v -0.018185021355748177 0.04876241087913513 -0.07804278284311295
v -0.018185021355748177 0.04876241087913513 -0.07804278284311295
v -0.018598338589072227 0.04847222939133644 -0.07828737795352936
v -0.01829226315021515 0.048887886106967926 -0.07826540619134903
v -0.018185021355748177 0.04876241087913513 -0.07804278284311295
v -0.01829226315021515 0.048887886106967926 -0.07826540619134903
v -0.017669977620244026 0.049330148845911026 -0.07799043506383896
v -0.017669977620244026 0.049330148845911026 -0.07799043506383896
v -0.01829226315021515 0.048887886106967926 -0.07826540619134903
v -0.017746277153491974 0.049487460404634476 -0.07820817083120346
v -0.017669977620244026 0.049330148845911026 -0.07799043506383896
v -0.017746277153491974 0.049487460404634476 -0.07820817083120346
v -0.01713821478188038 0.049790430814027786 -0.07792199403047562
v -0.01713821478188038 0.049790430814027786 -0.07792199403047562
v -0.017746277153491974 0.049487460404634476 -0.07820817083120346
v -0.01722279004752636 0.04994003847241402 -0.0781397745013237
v -0.01713821478188038 0.049790430814027786 -0.07792199403047562
v -0.01722279004752636 0.04994003847241402 -0.0781397745013237
v -0.016695374622941017 0.0501001738011837 -0.07785791903734207
v -0.016695374622941017 0.0501001738011837 -0.07785791903734207
v -0.01722279004752636 0.04994003847241402 -0.0781397745013237
v -0.016754115000367165 0.05026865378022194 -0.0780714824795723
v -0.016695374622941017 0.0501001738011837 -0.07785791903734207
v -0.016754115000367165 0.05026865378022194 -0.0780714824795723
v -0.016024746000766754 0.05046740546822548 -0.07775311172008514
v -0.016024746000766754 0.05046740546822548 -0.07775311172008514
v -0.016754115000367165 0.05026865378022194 -0.0780714824795723
v -0.016051316633820534 0.050652604550123215 -0.07796110212802887
v -0.016024746000766754 0.05046740546822548 -0.07775311172008514
v -0.016051316633820534 0.050652604550123215 -0.07796110212802887
v -0.015441134572029114 0.05070267245173454 -0.07765704393386841
v -0.015441134572029114 0.05070267245173454 -0.07765704393386841
v -0.016051316633820534 0.050652604550123215 -0.07796110212802887
v -0.015469323843717575 0.05088699236512184 -0.07786501199007034
v -0.015441134572029114 0.05070267245173454 -0.07765704393386841
v -0.015469323843717575 0.05088699236512184 -0.07786501199007034
v -0.014856577850878239 0.050869446247816086 -0.07755783945322037
v -0.014856577850878239 0.050869446247816086 -0.07755783945322037
v -0.015469323843717575 0.05088699236512184 -0.07786501199007034
v -0.014865539968013763 0.05106010660529137 -0.07776249200105667
v -0.014856577850878239 0.050869446247816086 -0.07755783945322037
v -0.014865539968013763 0.05106010660529137 -0.07776249200105667
v -0.014107411727309227 0.05099107697606087 -0.07742810994386673
v -0.014107411727309227 0.05099107697606087 -0.07742810994386673
v -0.014865539968013763 0.05106010660529137 -0.07776249200105667
v -0.01407818216830492 0.051187608391046524 -0.07762599736452103
v -0.014107411727309227 0.05099107697606087 -0.07742810994386673
v -0.01407818216830492 0.051187608391046524 -0.07762599736452103
v -0.013550256378948689 0.05101780220866203 -0.07733013480901718
v -0.013550256378948689 0.05101780220866203 -0.07733013480901718
v -0.01407818216830492 0.051187608391046524 -0.07762599736452103
v -0.01351546123623848 0.05121414735913277 -0.07752705365419388
v -0.02493343874812126 0.09200020879507065 -0.053139396011829376
v -0.024990227073431015 0.0920180156826973 -0.05281803011894226
v -0.014355002902448177 0.0920180156826973 -0.050938680768013
v -0.014130095951259136 0.09172531962394714 -0.052211418747901917
v -0.024765321984887123 0.09172531962394714 -0.05409076064825058
v -0.024819226935505867 0.09185249358415604 -0.05378573015332222
v -0.014130095951259136 0.09172531962394714 -0.052211418747901917
v -0.024819226935505867 0.09185249358415604 -0.05378573015332222
v -0.014355002902448177 0.0920180156826973 -0.050938680768013
v -0.014355002902448177 0.0920180156826973 -0.050938680768013
v -0.024819226935505867 0.09185249358415604 -0.05378573015332222
v -0.024875611066818237 0.09194481372833252 -0.053466640412807465
v -0.014355002902448177 0.0920180156826973 -0.050938680768013
v -0.024875611066818237 0.09194481372833252 -0.053466640412807465
v -0.02493343874812126 0.09200020879507065 -0.053139396011829376
v -0.025708718225359917 0.09184229373931885 -0.053843893110752106
v -0.024819226935505867 0.09185249358415604 -0.05378573015332222
v -0.024765321984887123 0.09172531962394714 -0.05409076064825058
v -0.030586963519454002 0.0919346958398819 -0.04835771396756172
v -0.029244396835565567 0.09201804548501968 -0.04953361675143242
v -0.029321832582354546 0.09196107089519501 -0.050557691603899
v -0.029321832582354546 0.09196107089519501 -0.050557691603899
v -0.029244396835565567 0.09201804548501968 -0.04953361675143242
v -0.028331508859992027 0.09201803803443909 -0.05096864700317383
v -0.029321832582354546 0.09196107089519501 -0.050557691603899
v -0.028331508859992027 0.09201803803443909 -0.05096864700317383
v -0.028507810086011887 0.09197428077459335 -0.05156896635890007
v -0.028507810086011887 0.09197428077459335 -0.05156896635890007
v -0.028331508859992027 0.09201803803443909 -0.05096864700317383
v -0.027400000020861626 0.0920180231332779 -0.051974210888147354
v -0.028507810086011887 0.09197428077459335 -0.05156896635890007
v -0.027400000020861626 0.0920180231332779 -0.051974210888147354
v -0.027523715049028397 0.09198643267154694 -0.052435699850320816
v -0.027523715049028397 0.09198643267154694 -0.052435699850320816
v -0.027400000020861626 0.0920180231332779 -0.051974210888147354
v -0.026547111570835114 0.0920180231332779 -0.052549391984939575
v -0.027523715049028397 0.09198643267154694 -0.052435699850320816
v -0.026547111570835114 0.0920180231332779 -0.052549391984939575
v -0.026315025985240936 0.09199614077806473 -0.053042221814394
v -0.026315025985240936 0.09199614077806473 -0.053042221814394
v -0.026547111570835114 0.0920180231332779 -0.052549391984939575
v -0.025782760232686996 0.0920180156826973 -0.05281008034944534
v -0.026315025985240936 0.09199614077806473 -0.053042221814394
v -0.025782760232686996 0.0920180156826973 -0.05281008034944534
v -0.025638964027166367 0.0919991135597229 -0.05317233130335808
v -0.025638964027166367 0.0919991135597229 -0.05317233130335808
v -0.025782760232686996 0.0920180156826973 -0.05281008034944534
v -0.024990227073431015 0.0920180156826973 -0.05281803011894226
v -0.025638964027166367 0.0919991135597229 -0.05317233130335808
v -0.024990227073431015 0.0920180156826973 -0.05281803011894226
v -0.02493343874812126 0.09200020879507065 -0.053139396011829376
v -0.03108116239309311 0.09201809018850327 -0.044715575873851776
v -0.030176732689142227 0.09201806783676147 -0.047475989907979965
v -0.030586963519454002 0.0919346958398819 -0.04835771396756172
v -0.030586963519454002 0.0919346958398819 -0.04835771396756172
v -0.030176732689142227 0.09201806783676147 -0.047475989907979965
v -0.029932811856269836 0.09201806038618088 -0.048082176595926285
v -0.030586963519454002 0.0919346958398819 -0.04835771396756172
v -0.029932811856269836 0.09201806038618088 -0.048082176595926285
v -0.029244396835565567 0.09201804548501968 -0.04953361675143242
v -0.030586963519454002 0.0919346958398819 -0.04835771396756172
v -0.03152032569050789 0.09191027283668518 -0.046033069491386414
v -0.03108116239309311 0.09201809018850327 -0.044715575873851776
v -0.03108116239309311 0.09201809018850327 -0.044715575873851776
v -0.03152032569050789 0.09191027283668518 -0.046033069491386414
v -0.0322585292160511 0.09188952296972275 -0.04366118460893631
v -0.03108116239309311 0.09201809018850327 -0.044715575873851776
v -0.0322585292160511 0.09188952296972275 -0.04366118460893631
v -0.03197489306330681 0.09201811999082565 -0.041077882051467896
v -0.03197489306330681 0.09201811999082565 -0.041077882051467896
v -0.0322585292160511 0.09188952296972275 -0.04366118460893631
v -0.03286160156130791 0.09187367558479309 -0.04126756265759468
v -0.03197489306330681 0.09201811999082565 -0.041077882051467896
v -0.03286160156130791 0.09187367558479309 -0.04126756265759468
v -0.03201814740896225 0.09201811999082565 -0.040873702615499496
v -0.03201814740896225 0.09201811999082565 -0.040873702615499496
v -0.03286160156130791 0.09187367558479309 -0.04126756265759468
v -0.03323045000433922 0.09201817214488983 -0.03429408371448517
v -0.03286160156130791 0.09187367558479309 -0.04126756265759468
v -0.0338311567902565 0.091860331594944 -0.03645820915699005
v -0.03323045000433922 0.09201817214488983 -0.03429408371448517
v -0.03323045000433922 0.09201817214488983 -0.03429408371448517
v -0.0338311567902565 0.091860331594944 -0.03645820915699005
v -0.03456998988986015 0.09187358617782593 -0.03160892054438591
v -0.03323045000433922 0.09201817214488983 -0.03429408371448517
v -0.03456998988986015 0.09187358617782593 -0.03160892054438591
v -0.0338590182363987 0.09201820939779282 -0.030032893642783165
v -0.0338590182363987 0.09201820939779282 -0.030032893642783165
v -0.03456998988986015 0.09187358617782593 -0.03160892054438591
v -0.03482493385672569 0.0918894037604332 -0.029154222458600998
v -0.0338590182363987 0.09201820939779282 -0.030032893642783165
v -0.03482493385672569 0.0918894037604332 -0.029154222458600998
v -0.034128349274396896 0.0920182317495346 -0.027034837752580643
v -0.03482493385672569 0.0918894037604332 -0.029154222458600998
v -0.03494638949632645 0.09191008657217026 -0.026679370552301407
v -0.034128349274396896 0.0920182317495346 -0.027034837752580643
v -0.034128349274396896 0.0920182317495346 -0.027034837752580643
v -0.03494638949632645 0.09191008657217026 -0.026679370552301407
v -0.034870218485593796 0.09193447977304459 -0.024178704246878624
v -0.034128349274396896 0.0920182317495346 -0.027034837752580643
v -0.034870218485593796 0.09193447977304459 -0.024178704246878624
v -0.03417012095451355 0.0920182541012764 -0.024474753066897392
v -0.03417012095451355 0.0920182541012764 -0.024474753066897392
v -0.034870218485593796 0.09193447977304459 -0.024178704246878624
v -0.03444138169288635 0.09196093678474426 -0.02167196199297905
v -0.03417012095451355 0.0920182541012764 -0.024474753066897392
v -0.03444138169288635 0.09196093678474426 -0.02167196199297905
v -0.033983949571847916 0.09201826900243759 -0.022410819306969643
v -0.033983949571847916 0.09201826900243759 -0.022410819306969643
v -0.03444138169288635 0.09196093678474426 -0.02167196199297905
v -0.03402648866176605 0.09197422862052917 -0.020437538623809814
v -0.033983949571847916 0.09201826900243759 -0.022410819306969643
v -0.03402648866176605 0.09197422862052917 -0.020437538623809814
v -0.033625584095716476 0.09201827645301819 -0.020858068019151688
v -0.033625584095716476 0.09201827645301819 -0.020858068019151688
v -0.03402648866176605 0.09197422862052917 -0.020437538623809814
v -0.03339880332350731 0.0919865220785141 -0.019275065511465073
v -0.033625584095716476 0.09201827645301819 -0.020858068019151688
v -0.03339880332350731 0.0919865220785141 -0.019275065511465073
v -0.03312019258737564 0.09201829135417938 -0.019662726670503616
v -0.03312019258737564 0.09201829135417938 -0.019662726670503616
v -0.03339880332350731 0.0919865220785141 -0.019275065511465073
v -0.032467070966959 0.09199637174606323 -0.018278999254107475
v -0.03312019258737564 0.09201829135417938 -0.019662726670503616
v -0.032467070966959 0.09199637174606323 -0.018278999254107475
v -0.03246402367949486 0.09201829135417938 -0.01877005398273468
v -0.03246402367949486 0.09201829135417938 -0.01877005398273468
v -0.032467070966959 0.09199637174606323 -0.018278999254107475
v -0.03187331184744835 0.09199938923120499 -0.01792139559984207
v -0.03246402367949486 0.09201829135417938 -0.01877005398273468
v -0.03187331184744835 0.09199938923120499 -0.01792139559984207
v -0.031715575605630875 0.09201829880475998 -0.01822011172771454
v -0.031715575605630875 0.09201829880475998 -0.01822011172771454
v -0.03187331184744835 0.09199938923120499 -0.01792139559984207
v -0.03119439259171486 0.09200049936771393 -0.017708593979477882
v -0.031715575605630875 0.09201829880475998 -0.01822011172771454
v -0.03119439259171486 0.09200049936771393 -0.017708593979477882
v -0.031137602403759956 0.09201829880475998 -0.018029959872364998
v -0.029274646192789078 0.09161117672920227 -0.05220865085721016
v -0.030560307204723358 0.09112175554037094 -0.051511429250240326
v -0.030270345509052277 0.09148818999528885 -0.051154352724552155
v -0.030270345509052277 0.09148818999528885 -0.051154352724552155
v -0.030560307204723358 0.09112175554037094 -0.051511429250240326
v -0.030947204679250717 0.09103508293628693 -0.05103905498981476
v -0.030270345509052277 0.09148818999528885 -0.051154352724552155
v -0.030947204679250717 0.09103508293628693 -0.05103905498981476
v -0.031796861439943314 0.09124255925416946 -0.04886610433459282
v -0.028060361742973328 0.09172429889440536 -0.053108252584934235
v -0.028662744909524918 0.09145504981279373 -0.05319396033883095
v -0.029274646192789078 0.09161117672920227 -0.05220865085721016
v -0.029274646192789078 0.09161117672920227 -0.05220865085721016
v -0.028662744909524918 0.09145504981279373 -0.05319396033883095
v -0.029604265466332436 0.09130851179361343 -0.052483439445495605
v -0.029274646192789078 0.09161117672920227 -0.05220865085721016
v -0.029604265466332436 0.09130851179361343 -0.052483439445495605
v -0.030560307204723358 0.09112175554037094 -0.051511429250240326
v -0.030947204679250717 0.09103508293628693 -0.05103905498981476
v -0.03208277374505997 0.09073987603187561 -0.0493263378739357
v -0.031796861439943314 0.09124255925416946 -0.04886610433459282
v -0.031796861439943314 0.09124255925416946 -0.04886610433459282
v -0.03208277374505997 0.09073987603187561 -0.0493263378739357
v -0.032565828412771225 0.09059226512908936 -0.048399850726127625
v -0.031796861439943314 0.09124255925416946 -0.04886610433459282
v -0.032565828412771225 0.09059226512908936 -0.048399850726127625
v -0.03289634734392166 0.09101495146751404 -0.046463750302791595
v -0.03289634734392166 0.09101495146751404 -0.046463750302791595
v -0.032565828412771225 0.09059226512908936 -0.048399850726127625
v -0.03333436697721481 0.09033021330833435 -0.04660084471106529
v -0.03289634734392166 0.09101495146751404 -0.046463750302791595
v -0.03333436697721481 0.09033021330833435 -0.04660084471106529
v -0.033741556107997894 0.09082145988941193 -0.044033218175172806
v -0.033741556107997894 0.09082145988941193 -0.044033218175172806
v -0.03333436697721481 0.09033021330833435 -0.04660084471106529
v -0.03396230563521385 0.09010075777769089 -0.044780977070331573
v -0.033741556107997894 0.09082145988941193 -0.044033218175172806
v -0.03396230563521385 0.09010075777769089 -0.044780977070331573
v -0.03440879285335541 0.09067358821630478 -0.04159856215119362
v -0.03440879285335541 0.09067358821630478 -0.04159856215119362
v -0.03396230563521385 0.09010075777769089 -0.044780977070331573
v -0.0347934253513813 0.08980406820774078 -0.04168084263801575
v -0.03440879285335541 0.09067358821630478 -0.04159856215119362
v -0.0347934253513813 0.08980406820774078 -0.04168084263801575
v -0.03542628511786461 0.09054886549711227 -0.03674020990729332
v -0.03136251121759415 0.09172562509775162 -0.016757221892476082
v -0.0313086062669754 0.09185279160737991 -0.017062252387404442
v -0.032629795372486115 0.09169279038906097 -0.01717182993888855
v -0.032629795372486115 0.09169279038906097 -0.01717182993888855
v -0.0313086062669754 0.09185279160737991 -0.017062252387404442
v -0.032170314341783524 0.09184247255325317 -0.0173147264868021
v -0.032629795372486115 0.09169279038906097 -0.01717182993888855
v -0.032170314341783524 0.09184247255325317 -0.0173147264868021
v -0.03296377509832382 0.09167218953371048 -0.01735077239573002
v -0.03296377509832382 0.09167218953371048 -0.01735077239573002
v -0.032170314341783524 0.09184247255325317 -0.0173147264868021
v -0.03292970359325409 0.09181445837020874 -0.01772136427462101
v -0.03413723409175873 0.09172287583351135 -0.01882896013557911
v -0.034109365195035934 0.09155498445034027 -0.018239382654428482
v -0.03292970359325409 0.09181445837020874 -0.01772136427462101
v -0.03292970359325409 0.09181445837020874 -0.01772136427462101
v -0.034109365195035934 0.09155498445034027 -0.018239382654428482
v -0.03314561769366264 0.09165862947702408 -0.017461996525526047
v -0.03292970359325409 0.09181445837020874 -0.01772136427462101
v -0.03314561769366264 0.09165862947702408 -0.017461996525526047
v -0.03296377509832382 0.09167218953371048 -0.01735077239573002
v -0.03618369251489639 0.09123892337083817 -0.02411813847720623
v -0.03634428232908249 0.09092167764902115 -0.022503774613142014
v -0.03554065525531769 0.09148502349853516 -0.021439168602228165
v -0.03554065525531769 0.09148502349853516 -0.021439168602228165
v -0.03634428232908249 0.09092167764902115 -0.022503774613142014
v -0.03598817065358162 0.09109518676996231 -0.021344393491744995
v -0.03554065525531769 0.09148502349853516 -0.021439168602228165
v -0.03598817065358162 0.09109518676996231 -0.021344393491744995
v -0.03497041016817093 0.09160859137773514 -0.020101947709918022
v -0.03497041016817093 0.09160859137773514 -0.020101947709918022
v -0.03598817065358162 0.09109518676996231 -0.021344393491744995
v -0.035395845770835876 0.09129830449819565 -0.01999559998512268
v -0.03497041016817093 0.09160859137773514 -0.020101947709918022
v -0.035395845770835876 0.09129830449819565 -0.01999559998512268
v -0.03413723409175873 0.09172287583351135 -0.01882896013557911
v -0.03413723409175873 0.09172287583351135 -0.01882896013557911
v -0.035395845770835876 0.09129830449819565 -0.01999559998512268
v -0.0344691127538681 0.09149976819753647 -0.01862846128642559
v -0.03413723409175873 0.09172287583351135 -0.01882896013557911
v -0.0344691127538681 0.09149976819753647 -0.01862846128642559
v -0.034109365195035934 0.09155498445034027 -0.018239382654428482
v -0.03638820722699165 0.09101192653179169 -0.026747986674308777
v -0.03634638711810112 0.09081943333148956 -0.029313886538147926
v -0.036824606359004974 0.09013358503580093 -0.028362907469272614
v -0.036824606359004974 0.09013358503580093 -0.028362907469272614
v -0.036846261471509933 0.09032534807920456 -0.02676978148519993
v -0.03638820722699165 0.09101192653179169 -0.026747986674308777
v -0.03638820722699165 0.09101192653179169 -0.026747986674308777
v -0.036846261471509933 0.09032534807920456 -0.02676978148519993
v -0.03680737316608429 0.09047435969114304 -0.02563471533358097
v -0.03638820722699165 0.09101192653179169 -0.026747986674308777
v -0.03680737316608429 0.09047435969114304 -0.02563471533358097
v -0.03618369251489639 0.09123892337083817 -0.02411813847720623
v -0.03618369251489639 0.09123892337083817 -0.02411813847720623
v -0.03680737316608429 0.09047435969114304 -0.02563471533358097
v -0.03660545125603676 0.09073856472969055 -0.02375166118144989
v -0.03618369251489639 0.09123892337083817 -0.02411813847720623
v -0.03660545125603676 0.09073856472969055 -0.02375166118144989
v -0.03634428232908249 0.09092167764902115 -0.022503774613142014
v -0.024875611066818237 0.09194481372833252 -0.053466640412807465
v -0.024819226935505867 0.09185249358415604 -0.05378573015332222
v -0.025674141943454742 0.09194029122591019 -0.0535125769674778
v -0.025674141943454742 0.09194029122591019 -0.0535125769674778
v -0.024819226935505867 0.09185249358415604 -0.05378573015332222
v -0.025708718225359917 0.09184229373931885 -0.053843893110752106
v -0.025674141943454742 0.09194029122591019 -0.0535125769674778
v -0.025708718225359917 0.09184229373931885 -0.053843893110752106
v -0.026437245309352875 0.09192800521850586 -0.053388673812150955
v -0.026437245309352875 0.09192800521850586 -0.053388673812150955
v -0.025708718225359917 0.09184229373931885 -0.053843893110752106
v -0.026556137949228287 0.09181462973356247 -0.053724538534879684
v -0.026437245309352875 0.09192800521850586 -0.053388673812150955
v -0.026556137949228287 0.09181462973356247 -0.053724538534879684
v -0.027798179537057877 0.09188780188560486 -0.052779678255319595
v -0.027798179537057877 0.09188780188560486 -0.052779678255319595
v -0.026556137949228287 0.09181462973356247 -0.053724538534879684
v -0.028060361742973328 0.09172429889440536 -0.053108252584934235
v -0.027798179537057877 0.09188780188560486 -0.052779678255319595
v -0.028060361742973328 0.09172429889440536 -0.053108252584934235
v -0.028903622180223465 0.09183725714683533 -0.05189920961856842
v -0.028903622180223465 0.09183725714683533 -0.05189920961856842
v -0.028060361742973328 0.09172429889440536 -0.053108252584934235
v -0.029274646192789078 0.09161117672920227 -0.05220865085721016
v -0.028903622180223465 0.09183725714683533 -0.05189920961856842
v -0.029274646192789078 0.09161117672920227 -0.05220865085721016
v -0.02981652319431305 0.09178204089403152 -0.05086888372898102
v -0.02981652319431305 0.09178204089403152 -0.05086888372898102
v -0.029274646192789078 0.09161117672920227 -0.05220865085721016
v -0.030270345509052277 0.09148818999528885 -0.051154352724552155
v -0.02981652319431305 0.09178204089403152 -0.05086888372898102
v -0.030270345509052277 0.09148818999528885 -0.051154352724552155
v -0.031231949105858803 0.09167090058326721 -0.04862890765070915
v -0.031231949105858803 0.09167090058326721 -0.04862890765070915
v -0.030270345509052277 0.09148818999528885 -0.051154352724552155
v -0.031796861439943314 0.09124255925416946 -0.04886610433459282
v -0.031231949105858803 0.09167090058326721 -0.04862890765070915
v -0.031796861439943314 0.09124255925416946 -0.04886610433459282
v -0.03226985037326813 0.09156680852174759 -0.046267662197351456
v -0.03226985037326813 0.09156680852174759 -0.046267662197351456
v -0.031796861439943314 0.09124255925416946 -0.04886610433459282
v -0.03289634734392166 0.09101495146751404 -0.046463750302791595
v -0.03226985037326813 0.09156680852174759 -0.046267662197351456
v -0.03289634734392166 0.09101495146751404 -0.046463750302791595
v -0.033082395792007446 0.09147743880748749 -0.043867986649274826
v -0.033082395792007446 0.09147743880748749 -0.043867986649274826
v -0.03289634734392166 0.09101495146751404 -0.046463750302791595
v -0.033741556107997894 0.09082145988941193 -0.044033218175172806
v -0.033082395792007446 0.09147743880748749 -0.043867986649274826
v -0.033741556107997894 0.09082145988941193 -0.044033218175172806
v -0.033734846860170364 0.09140855073928833 -0.04145438224077225
v -0.033734846860170364 0.09140855073928833 -0.04145438224077225
v -0.033741556107997894 0.09082145988941193 -0.044033218175172806
v -0.03440879285335541 0.09067358821630478 -0.04159856215119362
v -0.033734846860170364 0.09140855073928833 -0.04145438224077225
v -0.03440879285335541 0.09067358821630478 -0.04159856215119362
v -0.03474416956305504 0.09135004132986069 -0.03661961853504181
v -0.03474416956305504 0.09135004132986069 -0.03661961853504181
v -0.03440879285335541 0.09067358821630478 -0.04159856215119362
v -0.03542628511786461 0.09054886549711227 -0.03674020990729332
v -0.03474416956305504 0.09135004132986069 -0.03661961853504181
v -0.03542628511786461 0.09054886549711227 -0.03674020990729332
v -0.03545476123690605 0.09140792489051819 -0.03173303231596947
v -0.03545476123690605 0.09140792489051819 -0.03173303231596947
v -0.03542628511786461 0.09054886549711227 -0.03674020990729332
v -0.03613734617829323 0.09067215770483017 -0.031828783452510834
v -0.03545476123690605 0.09140792489051819 -0.03173303231596947
v -0.03613734617829323 0.09067215770483017 -0.031828783452510834
v -0.03567038103938103 0.09147655963897705 -0.02924281358718872
v -0.03567038103938103 0.09147655963897705 -0.02924281358718872
v -0.03613734617829323 0.09067215770483017 -0.031828783452510834
v -0.03634638711810112 0.09081943333148956 -0.029313886538147926
v -0.03567038103938103 0.09147655963897705 -0.02924281358718872
v -0.03634638711810112 0.09081943333148956 -0.029313886538147926
v -0.03573199734091759 0.09156550467014313 -0.02671675942838192
v -0.03573199734091759 0.09156550467014313 -0.02671675942838192
v -0.03634638711810112 0.09081943333148956 -0.029313886538147926
v -0.03638820722699165 0.09101192653179169 -0.026747986674308777
v -0.03573199734091759 0.09156550467014313 -0.02671675942838192
v -0.03638820722699165 0.09101192653179169 -0.026747986674308777
v -0.03557072952389717 0.09166935086250305 -0.02414623089134693
v -0.03557072952389717 0.09166935086250305 -0.02414623089134693
v -0.03638820722699165 0.09101192653179169 -0.026747986674308777
v -0.03618369251489639 0.09123892337083817 -0.02411813847720623
v -0.03557072952389717 0.09166935086250305 -0.02414623089134693
v -0.03618369251489639 0.09123892337083817 -0.02411813847720623
v -0.03501487150788307 0.09178074449300766 -0.021550515666604042
v -0.03501487150788307 0.09178074449300766 -0.021550515666604042
v -0.03618369251489639 0.09123892337083817 -0.02411813847720623
v -0.03554065525531769 0.09148502349853516 -0.021439168602228165
v -0.03501487150788307 0.09178074449300766 -0.021550515666604042
v -0.03554065525531769 0.09148502349853516 -0.021439168602228165
v -0.034513846039772034 0.09183624386787415 -0.020264221355319023
v -0.034513846039772034 0.09183624386787415 -0.020264221355319023
v -0.03554065525531769 0.09148502349853516 -0.021439168602228165
v -0.03497041016817093 0.09160859137773514 -0.020101947709918022
v -0.034513846039772034 0.09183624386787415 -0.020264221355319023
v -0.03497041016817093 0.09160859137773514 -0.020101947709918022
v -0.033776529133319855 0.09188731759786606 -0.01904687099158764
v -0.033776529133319855 0.09188731759786606 -0.01904687099158764
v -0.03497041016817093 0.09160859137773514 -0.020101947709918022
v -0.03413723409175873 0.09172287583351135 -0.01882896013557911
v -0.033776529133319855 0.09188731759786606 -0.01904687099158764
v -0.03413723409175873 0.09172287583351135 -0.01882896013557911
v -0.03270179033279419 0.09192808717489243 -0.01799577847123146
v -0.03270179033279419 0.09192808717489243 -0.01799577847123146
v -0.03413723409175873 0.09172287583351135 -0.01882896013557911
v -0.03292970359325409 0.09181445837020874 -0.01772136427462101
v -0.03270179033279419 0.09192808717489243 -0.01799577847123146
v -0.03292970359325409 0.09181445837020874 -0.01772136427462101
v -0.032023634761571884 0.09194052219390869 -0.01761397160589695
v -0.032023634761571884 0.09194052219390869 -0.01761397160589695
v -0.03292970359325409 0.09181445837020874 -0.01772136427462101
v -0.032170314341783524 0.09184247255325317 -0.0173147264868021
v -0.032023634761571884 0.09194052219390869 -0.01761397160589695
v -0.032170314341783524 0.09184247255325317 -0.0173147264868021
v -0.031252216547727585 0.0919451043009758 -0.017381347715854645
v -0.031252216547727585 0.0919451043009758 -0.017381347715854645
v -0.032170314341783524 0.09184247255325317 -0.0173147264868021
v -0.0313086062669754 0.09185279160737991 -0.017062252387404442
v -0.024765321984887123 0.09172531962394714 -0.05409076064825058
v -0.02574201114475727 0.09170746803283691 -0.054159775376319885
v -0.025708718225359917 0.09184229373931885 -0.053843893110752106
v -0.025708718225359917 0.09184229373931885 -0.053843893110752106
v -0.02574201114475727 0.09170746803283691 -0.054159775376319885
v -0.02613784559071064 0.09169046580791473 -0.054130829870700836
v -0.025708718225359917 0.09184229373931885 -0.053843893110752106
v -0.02613784559071064 0.09169046580791473 -0.054130829870700836
v -0.026556137949228287 0.09181462973356247 -0.053724538534879684
v -0.026556137949228287 0.09181462973356247 -0.053724538534879684
v -0.02613784559071064 0.09169046580791473 -0.054130829870700836
v -0.02669036202132702 0.09165768325328827 -0.05403745546936989
v -0.026556137949228287 0.09181462973356247 -0.053724538534879684
v -0.02669036202132702 0.09165768325328827 -0.05403745546936989
v -0.028060361742973328 0.09172429889440536 -0.053108252584934235
v -0.028060361742973328 0.09172429889440536 -0.053108252584934235
v -0.02669036202132702 0.09165768325328827 -0.05403745546936989
v -0.028301706537604332 0.09150242060422897 -0.05341072753071785
v -0.028060361742973328 0.09172429889440536 -0.053108252584934235
v -0.028301706537604332 0.09150242060422897 -0.05341072753071785
v -0.028662744909524918 0.09145504981279373 -0.05319396033883095
v -0.0347934253513813 0.08980406820774078 -0.04168084263801575
v -0.03532719239592552 0.08966465294361115 -0.03921634331345558
v -0.03542628511786461 0.09054886549711227 -0.03674020990729332
v -0.03542628511786461 0.09054886549711227 -0.03674020990729332
v -0.03532719239592552 0.08966465294361115 -0.03921634331345558
v -0.03578270226716995 0.08961815387010574 -0.03678795322775841
v -0.03542628511786461 0.09054886549711227 -0.03674020990729332
v -0.03578270226716995 0.08961815387010574 -0.03678795322775841
v -0.03613734617829323 0.09067215770483017 -0.031828783452510834
v -0.03613734617829323 0.09067215770483017 -0.031828783452510834
v -0.03578270226716995 0.08961815387010574 -0.03678795322775841
v -0.03652648627758026 0.08980187773704529 -0.031883370131254196
v -0.03613734617829323 0.09067215770483017 -0.031828783452510834
v -0.03652648627758026 0.08980187773704529 -0.031883370131254196
v -0.03634638711810112 0.09081943333148956 -0.029313886538147926
v -0.03634638711810112 0.09081943333148956 -0.029313886538147926
v -0.03652648627758026 0.08980187773704529 -0.031883370131254196
v -0.03665148466825485 0.08989211916923523 -0.030758239328861237
v -0.03634638711810112 0.09081943333148956 -0.029313886538147926
v -0.03665148466825485 0.08989211916923523 -0.030758239328861237
v -0.036824606359004974 0.09013358503580093 -0.028362907469272614
v -0.02493343874812126 0.09200020879507065 -0.053139396011829376
v -0.024875611066818237 0.09194481372833252 -0.053466640412807465
v -0.025638964027166367 0.0919991135597229 -0.05317233130335808
v -0.025638964027166367 0.0919991135597229 -0.05317233130335808
v -0.024875611066818237 0.09194481372833252 -0.053466640412807465
v -0.025674141943454742 0.09194029122591019 -0.0535125769674778
v -0.025638964027166367 0.0919991135597229 -0.05317233130335808
v -0.025674141943454742 0.09194029122591019 -0.0535125769674778
v -0.026315025985240936 0.09199614077806473 -0.053042221814394
v -0.026315025985240936 0.09199614077806473 -0.053042221814394
v -0.025674141943454742 0.09194029122591019 -0.0535125769674778
v -0.026437245309352875 0.09192800521850586 -0.053388673812150955
v -0.026315025985240936 0.09199614077806473 -0.053042221814394
v -0.026437245309352875 0.09192800521850586 -0.053388673812150955
v -0.027523715049028397 0.09198643267154694 -0.052435699850320816
v -0.027523715049028397 0.09198643267154694 -0.052435699850320816
v -0.026437245309352875 0.09192800521850586 -0.053388673812150955
v -0.027798179537057877 0.09188780188560486 -0.052779678255319595
v -0.027523715049028397 0.09198643267154694 -0.052435699850320816
v -0.027798179537057877 0.09188780188560486 -0.052779678255319595
v -0.028507810086011887 0.09197428077459335 -0.05156896635890007
v -0.028507810086011887 0.09197428077459335 -0.05156896635890007
v -0.027798179537057877 0.09188780188560486 -0.052779678255319595
v -0.028903622180223465 0.09183725714683533 -0.05189920961856842
v -0.028507810086011887 0.09197428077459335 -0.05156896635890007
v -0.028903622180223465 0.09183725714683533 -0.05189920961856842
v -0.029321832582354546 0.09196107089519501 -0.050557691603899
v -0.029321832582354546 0.09196107089519501 -0.050557691603899
v -0.028903622180223465 0.09183725714683533 -0.05189920961856842
v -0.02981652319431305 0.09178204089403152 -0.05086888372898102
v -0.029321832582354546 0.09196107089519501 -0.050557691603899
v -0.02981652319431305 0.09178204089403152 -0.05086888372898102
v -0.030586963519454002 0.0919346958398819 -0.04835771396756172
v -0.030586963519454002 0.0919346958398819 -0.04835771396756172
v -0.02981652319431305 0.09178204089403152 -0.05086888372898102
v -0.031231949105858803 0.09167090058326721 -0.04862890765070915
v -0.030586963519454002 0.0919346958398819 -0.04835771396756172
v -0.031231949105858803 0.09167090058326721 -0.04862890765070915
v -0.03152032569050789 0.09191027283668518 -0.046033069491386414
v -0.03152032569050789 0.09191027283668518 -0.046033069491386414
v -0.031231949105858803 0.09167090058326721 -0.04862890765070915
v -0.03226985037326813 0.09156680852174759 -0.046267662197351456
v -0.03152032569050789 0.09191027283668518 -0.046033069491386414
v -0.03226985037326813 0.09156680852174759 -0.046267662197351456
v -0.0322585292160511 0.09188952296972275 -0.04366118460893631
v -0.0322585292160511 0.09188952296972275 -0.04366118460893631
v -0.03226985037326813 0.09156680852174759 -0.046267662197351456
v -0.033082395792007446 0.09147743880748749 -0.043867986649274826
v -0.0322585292160511 0.09188952296972275 -0.04366118460893631
v -0.033082395792007446 0.09147743880748749 -0.043867986649274826
v -0.03286160156130791 0.09187367558479309 -0.04126756265759468
v -0.03286160156130791 0.09187367558479309 -0.04126756265759468
v -0.033082395792007446 0.09147743880748749 -0.043867986649274826
v -0.033734846860170364 0.09140855073928833 -0.04145438224077225
v -0.03286160156130791 0.09187367558479309 -0.04126756265759468
v -0.033734846860170364 0.09140855073928833 -0.04145438224077225
v -0.0338311567902565 0.091860331594944 -0.03645820915699005
v -0.0338311567902565 0.091860331594944 -0.03645820915699005
v -0.033734846860170364 0.09140855073928833 -0.04145438224077225
v -0.03474416956305504 0.09135004132986069 -0.03661961853504181
v -0.0338311567902565 0.091860331594944 -0.03645820915699005
v -0.03474416956305504 0.09135004132986069 -0.03661961853504181
v -0.03456998988986015 0.09187358617782593 -0.03160892054438591
v -0.03456998988986015 0.09187358617782593 -0.03160892054438591
v -0.03474416956305504 0.09135004132986069 -0.03661961853504181
v -0.03545476123690605 0.09140792489051819 -0.03173303231596947
v -0.03456998988986015 0.09187358617782593 -0.03160892054438591
v -0.03545476123690605 0.09140792489051819 -0.03173303231596947
v -0.03482493385672569 0.0918894037604332 -0.029154222458600998
v -0.03482493385672569 0.0918894037604332 -0.029154222458600998
v -0.03545476123690605 0.09140792489051819 -0.03173303231596947
v -0.03567038103938103 0.09147655963897705 -0.02924281358718872
v -0.03482493385672569 0.0918894037604332 -0.029154222458600998
v -0.03567038103938103 0.09147655963897705 -0.02924281358718872
v -0.03494638949632645 0.09191008657217026 -0.026679370552301407
v -0.03494638949632645 0.09191008657217026 -0.026679370552301407
v -0.03567038103938103 0.09147655963897705 -0.02924281358718872
v -0.03573199734091759 0.09156550467014313 -0.02671675942838192
v -0.03494638949632645 0.09191008657217026 -0.026679370552301407
v -0.03573199734091759 0.09156550467014313 -0.02671675942838192
v -0.034870218485593796 0.09193447977304459 -0.024178704246878624
v -0.034870218485593796 0.09193447977304459 -0.024178704246878624
v -0.03573199734091759 0.09156550467014313 -0.02671675942838192
v -0.03557072952389717 0.09166935086250305 -0.02414623089134693
v -0.034870218485593796 0.09193447977304459 -0.024178704246878624
v -0.03557072952389717 0.09166935086250305 -0.02414623089134693
v -0.03444138169288635 0.09196093678474426 -0.02167196199297905
v -0.03444138169288635 0.09196093678474426 -0.02167196199297905
v -0.03557072952389717 0.09166935086250305 -0.02414623089134693
v -0.03501487150788307 0.09178074449300766 -0.021550515666604042
v -0.03444138169288635 0.09196093678474426 -0.02167196199297905
v -0.03501487150788307 0.09178074449300766 -0.021550515666604042
v -0.03402648866176605 0.09197422862052917 -0.020437538623809814
v -0.03402648866176605 0.09197422862052917 -0.020437538623809814
v -0.03501487150788307 0.09178074449300766 -0.021550515666604042
v -0.034513846039772034 0.09183624386787415 -0.020264221355319023
v -0.03402648866176605 0.09197422862052917 -0.020437538623809814
v -0.034513846039772034 0.09183624386787415 -0.020264221355319023
v -0.03339880332350731 0.0919865220785141 -0.019275065511465073
v -0.03339880332350731 0.0919865220785141 -0.019275065511465073
v -0.034513846039772034 0.09183624386787415 -0.020264221355319023
v -0.033776529133319855 0.09188731759786606 -0.01904687099158764
v -0.03339880332350731 0.0919865220785141 -0.019275065511465073
v -0.033776529133319855 0.09188731759786606 -0.01904687099158764
v -0.032467070966959 0.09199637174606323 -0.018278999254107475
v -0.032467070966959 0.09199637174606323 -0.018278999254107475
v -0.033776529133319855 0.09188731759786606 -0.01904687099158764
v -0.03270179033279419 0.09192808717489243 -0.01799577847123146
v -0.032467070966959 0.09199637174606323 -0.018278999254107475
v -0.03270179033279419 0.09192808717489243 -0.01799577847123146
v -0.03187331184744835 0.09199938923120499 -0.01792139559984207
v -0.03187331184744835 0.09199938923120499 -0.01792139559984207
v -0.03270179033279419 0.09192808717489243 -0.01799577847123146
v -0.032023634761571884 0.09194052219390869 -0.01761397160589695
v -0.03187331184744835 0.09199938923120499 -0.01792139559984207
v -0.032023634761571884 0.09194052219390869 -0.01761397160589695
v -0.03119439259171486 0.09200049936771393 -0.017708593979477882
v -0.03119439259171486 0.09200049936771393 -0.017708593979477882
v -0.032023634761571884 0.09194052219390869 -0.01761397160589695
v -0.031252216547727585 0.0919451043009758 -0.017381347715854645
v -0.031137602403759956 0.09201829880475998 -0.018029959872364998
v -0.03119439259171486 0.09200049936771393 -0.017708593979477882
v -0.020502375438809395 0.09201829880475998 -0.016150617972016335
v -0.020502375438809395 0.09201829880475998 -0.016150617972016335
v -0.03119439259171486 0.09200049936771393 -0.017708593979477882
v -0.031252216547727585 0.0919451043009758 -0.017381347715854645
v -0.020502375438809395 0.09201829880475998 -0.016150617972016335
v -0.031252216547727585 0.0919451043009758 -0.017381347715854645
v -0.020727280527353287 0.09172562509775162 -0.014877879060804844
v -0.020727280527353287 0.09172562509775162 -0.014877879060804844
v -0.031252216547727585 0.0919451043009758 -0.017381347715854645
v -0.0313086062669754 0.09185279160737991 -0.017062252387404442
v -0.020727280527353287 0.09172562509775162 -0.014877879060804844
v -0.0313086062669754 0.09185279160737991 -0.017062252387404442
v -0.03136251121759415 0.09172562509775162 -0.016757221892476082
v -0.024990340694785118 0.012018012814223766 -0.05281739681959152
v -0.024933552369475365 0.012035814113914967 -0.05313876271247864
v -0.024202540516853333 0.012018012814223766 -0.0526781901717186
v -0.024202540516853333 0.012018012814223766 -0.0526781901717186
v -0.024933552369475365 0.012035814113914967 -0.05313876271247864
v -0.024875720962882042 0.012091207318007946 -0.05346601456403732
v -0.024202540516853333 0.012018012814223766 -0.0526781901717186
v -0.024875720962882042 0.012091207318007946 -0.05346601456403732
v -0.02397764101624489 0.012310686521232128 -0.053950924426317215
v -0.02397764101624489 0.012310686521232128 -0.053950924426317215
v -0.024875720962882042 0.012091207318007946 -0.05346601456403732
v -0.02481933683156967 0.012183520011603832 -0.05378510057926178
v -0.02397764101624489 0.012310686521232128 -0.053950924426317215
v -0.02481933683156967 0.012183520011603832 -0.05378510057926178
v -0.024765433743596077 0.012310686521232128 -0.05409013479948044
v -0.03216427564620972 0.0121940141543746 -0.017311833798885345
v -0.03130871802568436 0.01218381803482771 -0.0170616265386343
v -0.0313626229763031 0.012310988269746304 -0.01675659604370594
v -0.034866876900196075 0.012101615779101849 -0.024137623608112335
v -0.03400862216949463 0.012018264271318913 -0.022572806105017662
v -0.03443233296275139 0.012075242586433887 -0.021637288853526115
v -0.03443233296275139 0.012075242586433887 -0.021637288853526115
v -0.03400862216949463 0.012018264271318913 -0.022572806105017662
v -0.033642832189798355 0.012018277309834957 -0.020911820232868195
v -0.03443233296275139 0.012075242586433887 -0.021637288853526115
v -0.033642832189798355 0.012018277309834957 -0.020911820232868195
v -0.03401419520378113 0.012062032707035542 -0.020408282056450844
v -0.03401419520378113 0.012062032707035542 -0.020408282056450844
v -0.033642832189798355 0.012018277309834957 -0.020911820232868195
v -0.033112358301877975 0.012018284760415554 -0.019647914916276932
v -0.03401419520378113 0.012062032707035542 -0.020408282056450844
v -0.033112358301877975 0.012018284760415554 -0.019647914916276932
v -0.03338674083352089 0.01204987894743681 -0.019256774336099625
v -0.03338674083352089 0.01204987894743681 -0.019256774336099625
v -0.033112358301877975 0.012018284760415554 -0.019647914916276932
v -0.0325082466006279 0.012018292210996151 -0.018815265968441963
v -0.03338674083352089 0.01204987894743681 -0.019256774336099625
v -0.0325082466006279 0.012018292210996151 -0.018815265968441963
v -0.03245911747217178 0.012040170840919018 -0.01827273704111576
v -0.03245911747217178 0.012040170840919018 -0.01827273704111576
v -0.0325082466006279 0.012018292210996151 -0.018815265968441963
v -0.031879525631666183 0.0120182940736413 -0.018308410421013832
v -0.03245911747217178 0.012040170840919018 -0.01827273704111576
v -0.031879525631666183 0.0120182940736413 -0.018308410421013832
v -0.0318685881793499 0.012037196196615696 -0.017918819561600685
v -0.0318685881793499 0.012037196196615696 -0.017918819561600685
v -0.031879525631666183 0.0120182940736413 -0.018308410421013832
v -0.03113771229982376 0.01201829593628645 -0.018029330298304558
v -0.0318685881793499 0.012037196196615696 -0.017918819561600685
v -0.03113771229982376 0.01201829593628645 -0.018029330298304558
v -0.031194500625133514 0.012036100961267948 -0.01770796626806259
v -0.03408292680978775 0.01201822329312563 -0.027728553861379623
v -0.034179311245679855 0.01201824564486742 -0.02482535131275654
v -0.034866876900196075 0.012101615779101849 -0.024137623608112335
v -0.034866876900196075 0.012101615779101849 -0.024137623608112335
v -0.034179311245679855 0.01201824564486742 -0.02482535131275654
v -0.03415791317820549 0.012018251232802868 -0.024172279983758926
v -0.034866876900196075 0.012101615779101849 -0.024137623608112335
v -0.03415791317820549 0.012018251232802868 -0.024172279983758926
v -0.03400862216949463 0.012018264271318913 -0.022572806105017662
v -0.034866876900196075 0.012101615779101849 -0.024137623608112335
v -0.034947022795677185 0.012126040644943714 -0.026641355827450752
v -0.03408292680978775 0.01201822329312563 -0.027728553861379623
v -0.03408292680978775 0.01201822329312563 -0.027728553861379623
v -0.034947022795677185 0.012126040644943714 -0.026641355827450752
v -0.03482763096690178 0.012146792374551296 -0.029122591018676758
v -0.03408292680978775 0.01201822329312563 -0.027728553861379623
v -0.03482763096690178 0.012146792374551296 -0.029122591018676758
v -0.03367583453655243 0.012018193490803242 -0.0314522422850132
v -0.03367583453655243 0.012018193490803242 -0.0314522422850132
v -0.03482763096690178 0.012146792374551296 -0.029122591018676758
v -0.03457384556531906 0.012162639759480953 -0.0315779410302639
v -0.03367583453655243 0.012018193490803242 -0.0314522422850132
v -0.03457384556531906 0.012162639759480953 -0.0315779410302639
v -0.03364649787545204 0.012018191628158092 -0.031658876687288284
v -0.03364649787545204 0.012018191628158092 -0.031658876687288284
v -0.03457384556531906 0.012162639759480953 -0.0315779410302639
v -0.03253043070435524 0.012018137611448765 -0.03825550153851509
v -0.03457384556531906 0.012162639759480953 -0.0315779410302639
v -0.03383643925189972 0.012175981886684895 -0.036428309977054596
v -0.03253043070435524 0.012018137611448765 -0.03825550153851509
v -0.03253043070435524 0.012018137611448765 -0.03825550153851509
v -0.03383643925189972 0.012175981886684895 -0.036428309977054596
v -0.03286859765648842 0.012162723578512669 -0.041237134486436844
v -0.03253043070435524 0.012018137611448765 -0.03825550153851509
v -0.03286859765648842 0.012162723578512669 -0.041237134486436844
v -0.03166055306792259 0.012018104083836079 -0.04247405007481575
v -0.03166055306792259 0.012018104083836079 -0.04247405007481575
v -0.03286859765648842 0.012162723578512669 -0.041237134486436844
v -0.032266829162836075 0.01214690413326025 -0.04363054409623146
v -0.03166055306792259 0.012018104083836079 -0.04247405007481575
v -0.032266829162836075 0.01214690413326025 -0.04363054409623146
v -0.030886080116033554 0.012018079869449139 -0.045382846146821976
v -0.032266829162836075 0.01214690413326025 -0.04363054409623146
v -0.031532760709524155 0.012126226909458637 -0.04599714279174805
v -0.030886080116033554 0.012018079869449139 -0.045382846146821976
v -0.030886080116033554 0.012018079869449139 -0.045382846146821976
v -0.031532760709524155 0.012126226909458637 -0.04599714279174805
v -0.030604183673858643 0.01210183184593916 -0.04832025617361069
v -0.030886080116033554 0.012018079869449139 -0.045382846146821976
v -0.030604183673858643 0.01210183184593916 -0.04832025617361069
v -0.030047941952943802 0.012018059380352497 -0.04780220612883568
v -0.030047941952943802 0.012018059380352497 -0.04780220612883568
v -0.030604183673858643 0.01210183184593916 -0.04832025617361069
v -0.02934221178293228 0.012075374834239483 -0.05052821338176727
v -0.030047941952943802 0.012018059380352497 -0.04780220612883568
v -0.02934221178293228 0.012075374834239483 -0.05052821338176727
v -0.02916569821536541 0.012018044479191303 -0.04967733845114708
v -0.02916569821536541 0.012018044479191303 -0.04967733845114708
v -0.02934221178293228 0.012075374834239483 -0.05052821338176727
v -0.028529386967420578 0.01206208486109972 -0.05154569819569588
v -0.02916569821536541 0.012018044479191303 -0.04967733845114708
v -0.028529386967420578 0.01206208486109972 -0.05154569819569588
v -0.028296884149312973 0.012018031440675259 -0.05101323872804642
v -0.028296884149312973 0.012018031440675259 -0.05101323872804642
v -0.028529386967420578 0.01206208486109972 -0.05154569819569588
v -0.027541320770978928 0.012049791403114796 -0.052422650158405304
v -0.028296884149312973 0.012018031440675259 -0.05101323872804642
v -0.027541320770978928 0.012049791403114796 -0.052422650158405304
v -0.02741244062781334 0.012018023990094662 -0.05196298286318779
v -0.02741244062781334 0.012018023990094662 -0.05196298286318779
v -0.027541320770978928 0.012049791403114796 -0.052422650158405304
v -0.026324642822146416 0.012039938010275364 -0.0530390702188015
v -0.02741244062781334 0.012018023990094662 -0.05196298286318779
v -0.026324642822146416 0.012039938010275364 -0.0530390702188015
v -0.026490071788430214 0.012018016539514065 -0.052576709538698196
v -0.026490071788430214 0.012018016539514065 -0.052576709538698196
v -0.026324642822146416 0.012039938010275364 -0.0530390702188015
v -0.02564428560435772 0.012036924250423908 -0.05317152664065361
v -0.026490071788430214 0.012018016539514065 -0.052576709538698196
v -0.02564428560435772 0.012036924250423908 -0.05317152664065361
v -0.025598475709557533 0.012018014676868916 -0.05283684656023979
v -0.025598475709557533 0.012018014676868916 -0.05283684656023979
v -0.02564428560435772 0.012036924250423908 -0.05317152664065361
v -0.024933552369475365 0.012035814113914967 -0.05313876271247864
v -0.025598475709557533 0.012018014676868916 -0.05283684656023979
v -0.024933552369475365 0.012035814113914967 -0.05313876271247864
v -0.024990340694785118 0.012018012814223766 -0.05281739681959152
v -0.03495382145047188 0.012425133027136326 -0.020070143043994904
v -0.03592266887426376 0.012914554215967655 -0.02116575464606285
v -0.03552789241075516 0.012548119761049747 -0.02140183188021183
v -0.03552789241075516 0.012548119761049747 -0.02140183188021183
v -0.03592266887426376 0.012914554215967655 -0.02116575464606285
v -0.03612424433231354 0.013001230545341969 -0.02174212597310543
v -0.03552789241075516 0.012548119761049747 -0.02140183188021183
v -0.03612424433231354 0.013001230545341969 -0.02174212597310543
v -0.03617773950099945 0.012793748639523983 -0.024074671790003777
v -0.03412138298153877 0.012312016449868679 -0.018808867782354355
v -0.0347166582942009 0.012581259943544865 -0.018934793770313263
v -0.03495382145047188 0.012425133027136326 -0.020070143043994904
v -0.03495382145047188 0.012425133027136326 -0.020070143043994904
v -0.0347166582942009 0.012581259943544865 -0.018934793770313263
v -0.03535764664411545 0.012727797962725163 -0.019924966618418694
v -0.03495382145047188 0.012425133027136326 -0.020070143043994904
v -0.03535764664411545 0.012727797962725163 -0.019924966618418694
v -0.03592266887426376 0.012914554215967655 -0.02116575464606285
v -0.03612424433231354 0.013001230545341969 -0.02174212597310543
v -0.03660418093204498 0.013296539895236492 -0.02374100498855114
v -0.03617773950099945 0.012793748639523983 -0.024074671790003777
v -0.03617773950099945 0.012793748639523983 -0.024074671790003777
v -0.03660418093204498 0.013296539895236492 -0.02374100498855114
v -0.036740344017744064 0.01344404648989439 -0.02477622777223587
v -0.03617773950099945 0.012793748639523983 -0.024074671790003777
v -0.036740344017744064 0.01344404648989439 -0.02477622777223587
v -0.03638731315732002 0.013021360151469707 -0.026708345860242844
v -0.03638731315732002 0.013021360151469707 -0.026708345860242844
v -0.036740344017744064 0.01344404648989439 -0.02477622777223587
v -0.03684578835964203 0.013706096448004246 -0.02672967128455639
v -0.03638731315732002 0.013021360151469707 -0.026708345860242844
v -0.03684578835964203 0.013706096448004246 -0.02672967128455639
v -0.03634835034608841 0.01321485172957182 -0.02928134799003601
v -0.03634835034608841 0.01321485172957182 -0.02928134799003601
v -0.03684578835964203 0.013706096448004246 -0.02672967128455639
v -0.03681199997663498 0.013935551978647709 -0.02865452691912651
v -0.03634835034608841 0.01321485172957182 -0.02928134799003601
v -0.03681199997663498 0.013935551978647709 -0.02865452691912651
v -0.03614077717065811 0.013362723402678967 -0.03179723769426346
v -0.03614077717065811 0.013362723402678967 -0.03179723769426346
v -0.03681199997663498 0.013935551978647709 -0.02865452691912651
v -0.03653031960129738 0.014232245273888111 -0.03185175731778145
v -0.03614077717065811 0.013362723402678967 -0.03179723769426346
v -0.03653031960129738 0.014232245273888111 -0.03185175731778145
v -0.03543160855770111 0.01348744798451662 -0.03671007230877876
v -0.024765433743596077 0.012310686521232128 -0.05409013479948044
v -0.02481933683156967 0.012183520011603832 -0.05378510057926178
v -0.026098066940903664 0.01234352309256792 -0.054134950041770935
v -0.026098066940903664 0.01234352309256792 -0.054134950041770935
v -0.02481933683156967 0.012183520011603832 -0.05378510057926178
v -0.025715380907058716 0.012193840928375721 -0.053843241184949875
v -0.026098066940903664 0.01234352309256792 -0.054134950041770935
v -0.025715380907058716 0.012193840928375721 -0.053843241184949875
v -0.0264731477946043 0.012364120222628117 -0.05408131331205368
v -0.0264731477946043 0.012364120222628117 -0.05408131331205368
v -0.025715380907058716 0.012193840928375721 -0.053843241184949875
v -0.02656814642250538 0.012221855111420155 -0.053721487522125244
v -0.028082139790058136 0.012313437648117542 -0.053094811737537384
v -0.02785389870405197 0.012481329031288624 -0.05363912507891655
v -0.02656814642250538 0.012221855111420155 -0.053721487522125244
v -0.02656814642250538 0.012221855111420155 -0.053721487522125244
v -0.02785389870405197 0.012481329031288624 -0.05363912507891655
v -0.026682095602154732 0.012377684004604816 -0.05403914302587509
v -0.02656814642250538 0.012221855111420155 -0.053721487522125244
v -0.026682095602154732 0.012377684004604816 -0.05403914302587509
v -0.0264731477946043 0.012364120222628117 -0.05408131331205368
v -0.031817350536584854 0.012797386385500431 -0.04882730171084404
v -0.031414944678545 0.013114635832607746 -0.050398942083120346
v -0.030295128002762794 0.01255128625780344 -0.05112366005778313
v -0.030295128002762794 0.01255128625780344 -0.05112366005778313
v -0.031414944678545 0.013114635832607746 -0.050398942083120346
v -0.030683062970638275 0.012941122986376286 -0.051366060972213745
v -0.030295128002762794 0.01255128625780344 -0.05112366005778313
v -0.030683062970638275 0.012941122986376286 -0.051366060972213745
v -0.02930113486945629 0.012427720241248608 -0.05218445882201195
v -0.02930113486945629 0.012427720241248608 -0.05218445882201195
v -0.030683062970638275 0.012941122986376286 -0.051366060972213745
v -0.029664354398846626 0.012738008983433247 -0.0524301752448082
v -0.02930113486945629 0.012427720241248608 -0.05218445882201195
v -0.029664354398846626 0.012738008983433247 -0.0524301752448082
v -0.028082139790058136 0.012313437648117542 -0.053094811737537384
v -0.028082139790058136 0.012313437648117542 -0.053094811737537384
v -0.029664354398846626 0.012738008983433247 -0.0524301752448082
v -0.02832520566880703 0.012536541558802128 -0.05339690297842026
v -0.028082139790058136 0.012313437648117542 -0.053094811737537384
v -0.02832520566880703 0.012536541558802128 -0.05339690297842026
v -0.02785389870405197 0.012481329031288624 -0.05363912507891655
v -0.032910771667957306 0.013024385087192059 -0.046426817774772644
v -0.03375086560845375 0.013216880150139332 -0.0440019816160202
v -0.03387375921010971 0.013902558945119381 -0.045060642063617706
v -0.03387375921010971 0.013902558945119381 -0.045060642063617706
v -0.033348556607961655 0.013710959814488888 -0.04656332731246948
v -0.032910771667957306 0.013024385087192059 -0.046426817774772644
v -0.032910771667957306 0.013024385087192059 -0.046426817774772644
v -0.033348556607961655 0.013710959814488888 -0.04656332731246948
v -0.03292301669716835 0.01356195006519556 -0.047616321593523026
v -0.032910771667957306 0.013024385087192059 -0.046426817774772644
v -0.03292301669716835 0.01356195006519556 -0.047616321593523026
v -0.031817350536584854 0.012797386385500431 -0.04882730171084404
v -0.031817350536584854 0.012797386385500431 -0.04882730171084404
v -0.03292301669716835 0.01356195006519556 -0.047616321593523026
v -0.03208759054541588 0.013297638855874538 -0.049316808581352234
v -0.031817350536584854 0.012797386385500431 -0.04882730171084404
v -0.03208759054541588 0.013297638855874538 -0.049316808581352234
v -0.031414944678545 0.013114635832607746 -0.050398942083120346
v -0.03125233203172684 0.012091499753296375 -0.017380714416503906
v -0.03130871802568436 0.01218381803482771 -0.0170616265386343
v -0.03201824426651001 0.012096024118363857 -0.01761123724281788
v -0.03201824426651001 0.012096024118363857 -0.01761123724281788
v -0.03130871802568436 0.01218381803482771 -0.0170616265386343
v -0.03216427564620972 0.0121940141543746 -0.017311833798885345
v -0.03201824426651001 0.012096024118363857 -0.01761123724281788
v -0.03216427564620972 0.0121940141543746 -0.017311833798885345
v -0.032692670822143555 0.012108306400477886 -0.017989158630371094
v -0.032692670822143555 0.012108306400477886 -0.017989158630371094
v -0.03216427564620972 0.0121940141543746 -0.017311833798885345
v -0.032919466495513916 0.012221680022776127 -0.017714383080601692
v -0.032692670822143555 0.012108306400477886 -0.017989158630371094
v -0.032919466495513916 0.012221680022776127 -0.017714383080601692
v -0.03376247361302376 0.012148507870733738 -0.019027693197131157
v -0.03376247361302376 0.012148507870733738 -0.019027693197131157
v -0.032919466495513916 0.012221680022776127 -0.017714383080601692
v -0.03412138298153877 0.012312016449868679 -0.018808867782354355
v -0.03376247361302376 0.012148507870733738 -0.019027693197131157
v -0.03412138298153877 0.012312016449868679 -0.018808867782354355
v -0.03449922055006027 0.01219905074685812 -0.02023368515074253
v -0.03449922055006027 0.01219905074685812 -0.02023368515074253
v -0.03412138298153877 0.012312016449868679 -0.018808867782354355
v -0.03495382145047188 0.012425133027136326 -0.020070143043994904
v -0.03449922055006027 0.01219905074685812 -0.02023368515074253
v -0.03495382145047188 0.012425133027136326 -0.020070143043994904
v -0.035003721714019775 0.012254268862307072 -0.02151448465883732
v -0.035003721714019775 0.012254268862307072 -0.02151448465883732
v -0.03495382145047188 0.012425133027136326 -0.020070143043994904
v -0.03552789241075516 0.012548119761049747 -0.02140183188021183
v -0.035003721714019775 0.012254268862307072 -0.02151448465883732
v -0.03552789241075516 0.012548119761049747 -0.02140183188021183
v -0.03556574881076813 0.012365414761006832 -0.02410390041768551
v -0.03556574881076813 0.012365414761006832 -0.02410390041768551
v -0.03552789241075516 0.012548119761049747 -0.02140183188021183
v -0.03617773950099945 0.012793748639523983 -0.024074671790003777
v -0.03556574881076813 0.012365414761006832 -0.02410390041768551
v -0.03617773950099945 0.012793748639523983 -0.024074671790003777
v -0.03573155403137207 0.012469501234591007 -0.026677843183279037
v -0.03573155403137207 0.012469501234591007 -0.026677843183279037
v -0.03617773950099945 0.012793748639523983 -0.024074671790003777
v -0.03638731315732002 0.013021360151469707 -0.026708345860242844
v -0.03573155403137207 0.012469501234591007 -0.026677843183279037
v -0.03638731315732002 0.013021360151469707 -0.026708345860242844
v -0.03567247837781906 0.012558874674141407 -0.029210668057203293
v -0.03567247837781906 0.012558874674141407 -0.029210668057203293
v -0.03638731315732002 0.013021360151469707 -0.026708345860242844
v -0.03634835034608841 0.01321485172957182 -0.02928134799003601
v -0.03567247837781906 0.012558874674141407 -0.029210668057203293
v -0.03634835034608841 0.01321485172957182 -0.02928134799003601
v -0.03545823320746422 0.012627760879695415 -0.0317017138004303
v -0.03545823320746422 0.012627760879695415 -0.0317017138004303
v -0.03634835034608841 0.01321485172957182 -0.02928134799003601
v -0.03614077717065811 0.013362723402678967 -0.03179723769426346
v -0.03545823320746422 0.012627760879695415 -0.0317017138004303
v -0.03614077717065811 0.013362723402678967 -0.03179723769426346
v -0.03474947810173035 0.012686270289123058 -0.03658957779407501
v -0.03474947810173035 0.012686270289123058 -0.03658957779407501
v -0.03614077717065811 0.013362723402678967 -0.03179723769426346
v -0.03543160855770111 0.01348744798451662 -0.03671007230877876
v -0.03474947810173035 0.012686270289123058 -0.03658957779407501
v -0.03543160855770111 0.01348744798451662 -0.03671007230877876
v -0.03374231979250908 0.012628386728465557 -0.04142376407980919
v -0.03374231979250908 0.012628386728465557 -0.04142376407980919
v -0.03543160855770111 0.01348744798451662 -0.03671007230877876
v -0.034416377544403076 0.013364150188863277 -0.04156774282455444
v -0.03374231979250908 0.012628386728465557 -0.04142376407980919
v -0.034416377544403076 0.013364150188863277 -0.04156774282455444
v -0.03309144452214241 0.012559751980006695 -0.04383706673979759
v -0.03309144452214241 0.012559751980006695 -0.04383706673979759
v -0.034416377544403076 0.013364150188863277 -0.04156774282455444
v -0.03375086560845375 0.013216880150139332 -0.0440019816160202
v -0.03309144452214241 0.012559751980006695 -0.04383706673979759
v -0.03375086560845375 0.013216880150139332 -0.0440019816160202
v -0.03228360787034035 0.012470806948840618 -0.046231258660554886
v -0.03228360787034035 0.012470806948840618 -0.046231258660554886
v -0.03375086560845375 0.013216880150139332 -0.0440019816160202
v -0.032910771667957306 0.013024385087192059 -0.046426817774772644
v -0.03228360787034035 0.012470806948840618 -0.046231258660554886
v -0.032910771667957306 0.013024385087192059 -0.046426817774772644
v -0.03125113621354103 0.012366960756480694 -0.04859084635972977
v -0.03125113621354103 0.012366960756480694 -0.04859084635972977
v -0.032910771667957306 0.013024385087192059 -0.046426817774772644
v -0.031817350536584854 0.012797386385500431 -0.04882730171084404
v -0.03125113621354103 0.012366960756480694 -0.04859084635972977
v -0.031817350536584854 0.012797386385500431 -0.04882730171084404
v -0.029839346185326576 0.012255563400685787 -0.050838857889175415
v -0.029839346185326576 0.012255563400685787 -0.050838857889175415
v -0.031817350536584854 0.012797386385500431 -0.04882730171084404
v -0.030295128002762794 0.01255128625780344 -0.05112366005778313
v -0.029839346185326576 0.012255563400685787 -0.050838857889175415
v -0.030295128002762794 0.01255128625780344 -0.05112366005778313
v -0.02892782911658287 0.01220006961375475 -0.05187554284930229
v -0.02892782911658287 0.01220006961375475 -0.05187554284930229
v -0.030295128002762794 0.01255128625780344 -0.05112366005778313
v -0.02930113486945629 0.012427720241248608 -0.05218445882201195
v -0.02892782911658287 0.01220006961375475 -0.05187554284930229
v -0.02930113486945629 0.012427720241248608 -0.05218445882201195
v -0.02781795524060726 0.012148992158472538 -0.052766475826501846
v -0.02781795524060726 0.012148992158472538 -0.052766475826501846
v -0.02930113486945629 0.012427720241248608 -0.05218445882201195
v -0.028082139790058136 0.012313437648117542 -0.053094811737537384
v -0.02781795524060726 0.012148992158472538 -0.052766475826501846
v -0.028082139790058136 0.012313437648117542 -0.053094811737537384
v -0.02644808404147625 0.01210822630673647 -0.05338558554649353
v -0.02644808404147625 0.01210822630673647 -0.05338558554649353
v -0.028082139790058136 0.012313437648117542 -0.053094811737537384
v -0.02656814642250538 0.012221855111420155 -0.053721487522125244
v -0.02644808404147625 0.01210822630673647 -0.05338558554649353
v -0.02656814642250538 0.012221855111420155 -0.053721487522125244
v -0.025680143386125565 0.012095785699784756 -0.053511857986450195
v -0.025680143386125565 0.012095785699784756 -0.053511857986450195
v -0.02656814642250538 0.012221855111420155 -0.053721487522125244
v -0.025715380907058716 0.012193840928375721 -0.053843241184949875
v -0.025680143386125565 0.012095785699784756 -0.053511857986450195
v -0.025715380907058716 0.012193840928375721 -0.053843241184949875
v -0.024875720962882042 0.012091207318007946 -0.05346601456403732
v -0.024875720962882042 0.012091207318007946 -0.05346601456403732
v -0.025715380907058716 0.012193840928375721 -0.053843241184949875
v -0.02481933683156967 0.012183520011603832 -0.05378510057926178
v -0.0313626229763031 0.012310988269746304 -0.01675659604370594
v -0.032303810119628906 0.012328839860856533 -0.017026495188474655
v -0.03216427564620972 0.0121940141543746 -0.017311833798885345
v -0.03216427564620972 0.0121940141543746 -0.017311833798885345
v -0.032303810119628906 0.012328839860856533 -0.017026495188474655
v -0.03266581892967224 0.01234585139900446 -0.017189374193549156
v -0.03216427564620972 0.0121940141543746 -0.017311833798885345
v -0.03266581892967224 0.01234585139900446 -0.017189374193549156
v -0.032919466495513916 0.012221680022776127 -0.017714383080601692
v -0.032919466495513916 0.012221680022776127 -0.017714383080601692
v -0.03266581892967224 0.01234585139900446 -0.017189374193549156
v -0.033152807503938675 0.012378630228340626 -0.017466416582465172
v -0.032919466495513916 0.012221680022776127 -0.017714383080601692
v -0.033152807503938675 0.012378630228340626 -0.017466416582465172
v -0.03412138298153877 0.012312016449868679 -0.018808867782354355
v -0.03412138298153877 0.012312016449868679 -0.018808867782354355
v -0.033152807503938675 0.012378630228340626 -0.017466416582465172
v -0.03445177525281906 0.012533892877399921 -0.018607424572110176
v -0.03412138298153877 0.012312016449868679 -0.018808867782354355
v -0.03445177525281906 0.012533892877399921 -0.018607424572110176
v -0.0347166582942009 0.012581259943544865 -0.018934793770313263
v -0.03653031960129738 0.014232245273888111 -0.03185175731778145
v -0.03618713468313217 0.01437166053801775 -0.03434993326663971
v -0.03543160855770111 0.01348744798451662 -0.03671007230877876
v -0.03543160855770111 0.01348744798451662 -0.03671007230877876
v -0.03618713468313217 0.01437166053801775 -0.03434993326663971
v -0.03578280657529831 0.014418154023587704 -0.03678736090660095
v -0.03543160855770111 0.01348744798451662 -0.03671007230877876
v -0.03578280657529831 0.014418154023587704 -0.03678736090660095
v -0.034416377544403076 0.013364150188863277 -0.04156774282455444
v -0.034416377544403076 0.013364150188863277 -0.04156774282455444
v -0.03578280657529831 0.014418154023587704 -0.03678736090660095
v -0.03480066359043121 0.014234432019293308 -0.04164983332157135
v -0.034416377544403076 0.013364150188863277 -0.04156774282455444
v -0.03480066359043121 0.014234432019293308 -0.04164983332157135
v -0.03375086560845375 0.013216880150139332 -0.0440019816160202
v -0.03375086560845375 0.013216880150139332 -0.0440019816160202
v -0.03480066359043121 0.014234432019293308 -0.04164983332157135
v -0.034532494843006134 0.014144190587103367 -0.04274965450167656
v -0.03375086560845375 0.013216880150139332 -0.0440019816160202
v -0.034532494843006134 0.014144190587103367 -0.04274965450167656
v -0.03387375921010971 0.013902558945119381 -0.045060642063617706
v -0.031194500625133514 0.012036100961267948 -0.01770796626806259
v -0.03125233203172684 0.012091499753296375 -0.017380714416503906
v -0.0318685881793499 0.012037196196615696 -0.017918819561600685
v -0.0318685881793499 0.012037196196615696 -0.017918819561600685
v -0.03125233203172684 0.012091499753296375 -0.017380714416503906
v -0.03201824426651001 0.012096024118363857 -0.01761123724281788
v -0.0318685881793499 0.012037196196615696 -0.017918819561600685
v -0.03201824426651001 0.012096024118363857 -0.01761123724281788
v -0.03245911747217178 0.012040170840919018 -0.01827273704111576
v -0.03245911747217178 0.012040170840919018 -0.01827273704111576
v -0.03201824426651001 0.012096024118363857 -0.01761123724281788
v -0.032692670822143555 0.012108306400477886 -0.017989158630371094
v -0.03245911747217178 0.012040170840919018 -0.01827273704111576
v -0.032692670822143555 0.012108306400477886 -0.017989158630371094
v -0.03338674083352089 0.01204987894743681 -0.019256774336099625
v -0.03338674083352089 0.01204987894743681 -0.019256774336099625
v -0.032692670822143555 0.012108306400477886 -0.017989158630371094
v -0.03376247361302376 0.012148507870733738 -0.019027693197131157
v -0.03338674083352089 0.01204987894743681 -0.019256774336099625
v -0.03376247361302376 0.012148507870733738 -0.019027693197131157
v -0.03401419520378113 0.012062032707035542 -0.020408282056450844
v -0.03401419520378113 0.012062032707035542 -0.020408282056450844
v -0.03376247361302376 0.012148507870733738 -0.019027693197131157
v -0.03449922055006027 0.01219905074685812 -0.02023368515074253
v -0.03401419520378113 0.012062032707035542 -0.020408282056450844
v -0.03449922055006027 0.01219905074685812 -0.02023368515074253
v -0.03443233296275139 0.012075242586433887 -0.021637288853526115
v -0.03443233296275139 0.012075242586433887 -0.021637288853526115
v -0.03449922055006027 0.01219905074685812 -0.02023368515074253
v -0.035003721714019775 0.012254268862307072 -0.02151448465883732
v -0.03443233296275139 0.012075242586433887 -0.021637288853526115
v -0.035003721714019775 0.012254268862307072 -0.02151448465883732
v -0.034866876900196075 0.012101615779101849 -0.024137623608112335
v -0.034866876900196075 0.012101615779101849 -0.024137623608112335
v -0.035003721714019775 0.012254268862307072 -0.02151448465883732
v -0.03556574881076813 0.012365414761006832 -0.02410390041768551
v -0.034866876900196075 0.012101615779101849 -0.024137623608112335
v -0.03556574881076813 0.012365414761006832 -0.02410390041768551
v -0.034947022795677185 0.012126040644943714 -0.026641355827450752
v -0.034947022795677185 0.012126040644943714 -0.026641355827450752
v -0.03556574881076813 0.012365414761006832 -0.02410390041768551
v -0.03573155403137207 0.012469501234591007 -0.026677843183279037
v -0.034947022795677185 0.012126040644943714 -0.026641355827450752
v -0.03573155403137207 0.012469501234591007 -0.026677843183279037
v -0.03482763096690178 0.012146792374551296 -0.029122591018676758
v -0.03482763096690178 0.012146792374551296 -0.029122591018676758
v -0.03573155403137207 0.012469501234591007 -0.026677843183279037
v -0.03567247837781906 0.012558874674141407 -0.029210668057203293
v -0.03482763096690178 0.012146792374551296 -0.029122591018676758
v -0.03567247837781906 0.012558874674141407 -0.029210668057203293
v -0.03457384556531906 0.012162639759480953 -0.0315779410302639
v -0.03457384556531906 0.012162639759480953 -0.0315779410302639
v -0.03567247837781906 0.012558874674141407 -0.029210668057203293
v -0.03545823320746422 0.012627760879695415 -0.0317017138004303
v -0.03457384556531906 0.012162639759480953 -0.0315779410302639
v -0.03545823320746422 0.012627760879695415 -0.0317017138004303
v -0.03383643925189972 0.012175981886684895 -0.036428309977054596
v -0.03383643925189972 0.012175981886684895 -0.036428309977054596
v -0.03545823320746422 0.012627760879695415 -0.0317017138004303
v -0.03474947810173035 0.012686270289123058 -0.03658957779407501
v -0.03383643925189972 0.012175981886684895 -0.036428309977054596
v -0.03474947810173035 0.012686270289123058 -0.03658957779407501
v -0.03286859765648842 0.012162723578512669 -0.041237134486436844
v -0.03286859765648842 0.012162723578512669 -0.041237134486436844
v -0.03474947810173035 0.012686270289123058 -0.03658957779407501
v -0.03374231979250908 0.012628386728465557 -0.04142376407980919
v -0.03286859765648842 0.012162723578512669 -0.041237134486436844
v -0.03374231979250908 0.012628386728465557 -0.04142376407980919
v -0.032266829162836075 0.01214690413326025 -0.04363054409623146
v -0.032266829162836075 0.01214690413326025 -0.04363054409623146
v -0.03374231979250908 0.012628386728465557 -0.04142376407980919
v -0.03309144452214241 0.012559751980006695 -0.04383706673979759
v -0.032266829162836075 0.01214690413326025 -0.04363054409623146
v -0.03309144452214241 0.012559751980006695 -0.04383706673979759
v -0.031532760709524155 0.012126226909458637 -0.04599714279174805
v -0.031532760709524155 0.012126226909458637 -0.04599714279174805
v -0.03309144452214241 0.012559751980006695 -0.04383706673979759
v -0.03228360787034035 0.012470806948840618 -0.046231258660554886
v -0.031532760709524155 0.012126226909458637 -0.04599714279174805
v -0.03228360787034035 0.012470806948840618 -0.046231258660554886
v -0.030604183673858643 0.01210183184593916 -0.04832025617361069
v -0.030604183673858643 0.01210183184593916 -0.04832025617361069
v -0.03228360787034035 0.012470806948840618 -0.046231258660554886
v -0.03125113621354103 0.012366960756480694 -0.04859084635972977
v -0.030604183673858643 0.01210183184593916 -0.04832025617361069
v -0.03125113621354103 0.012366960756480694 -0.04859084635972977
v -0.02934221178293228 0.012075374834239483 -0.05052821338176727
v -0.02934221178293228 0.012075374834239483 -0.05052821338176727
v -0.03125113621354103 0.012366960756480694 -0.04859084635972977
v -0.029839346185326576 0.012255563400685787 -0.050838857889175415
v -0.02934221178293228 0.012075374834239483 -0.05052821338176727
v -0.029839346185326576 0.012255563400685787 -0.050838857889175415
v -0.028529386967420578 0.01206208486109972 -0.05154569819569588
v -0.028529386967420578 0.01206208486109972 -0.05154569819569588
v -0.029839346185326576 0.012255563400685787 -0.050838857889175415
v -0.02892782911658287 0.01220006961375475 -0.05187554284930229
v -0.028529386967420578 0.01206208486109972 -0.05154569819569588
v -0.02892782911658287 0.01220006961375475 -0.05187554284930229
v -0.027541320770978928 0.012049791403114796 -0.052422650158405304
v -0.027541320770978928 0.012049791403114796 -0.052422650158405304
v -0.02892782911658287 0.01220006961375475 -0.05187554284930229
v -0.02781795524060726 0.012148992158472538 -0.052766475826501846
v -0.027541320770978928 0.012049791403114796 -0.052422650158405304
v -0.02781795524060726 0.012148992158472538 -0.052766475826501846
v -0.026324642822146416 0.012039938010275364 -0.0530390702188015
v -0.026324642822146416 0.012039938010275364 -0.0530390702188015
v -0.02781795524060726 0.012148992158472538 -0.052766475826501846
v -0.02644808404147625 0.01210822630673647 -0.05338558554649353
v -0.026324642822146416 0.012039938010275364 -0.0530390702188015
v -0.02644808404147625 0.01210822630673647 -0.05338558554649353
v -0.02564428560435772 0.012036924250423908 -0.05317152664065361
v -0.02564428560435772 0.012036924250423908 -0.05317152664065361
v -0.02644808404147625 0.01210822630673647 -0.05338558554649353
v -0.025680143386125565 0.012095785699784756 -0.053511857986450195
v -0.02564428560435772 0.012036924250423908 -0.05317152664065361
v -0.025680143386125565 0.012095785699784756 -0.053511857986450195
v -0.024933552369475365 0.012035814113914967 -0.05313876271247864
v -0.024933552369475365 0.012035814113914967 -0.05313876271247864
v -0.025680143386125565 0.012095785699784756 -0.053511857986450195
v -0.024875720962882042 0.012091207318007946 -0.05346601456403732
v -0.031194500625133514 0.012036100961267948 -0.01770796626806259
v -0.03113771229982376 0.01201829593628645 -0.018029330298304558
v -0.020502489060163498 0.01201829593628645 -0.016149982810020447
v -0.02072739042341709 0.012310988269746304 -0.014877252280712128
v -0.0313626229763031 0.012310988269746304 -0.01675659604370594
v -0.03130871802568436 0.01218381803482771 -0.0170616265386343
v -0.02072739042341709 0.012310988269746304 -0.014877252280712128
v -0.03130871802568436 0.01218381803482771 -0.0170616265386343
v -0.020502489060163498 0.01201829593628645 -0.016149982810020447
v -0.020502489060163498 0.01201829593628645 -0.016149982810020447
v -0.03130871802568436 0.01218381803482771 -0.0170616265386343
v -0.03125233203172684 0.012091499753296375 -0.017380714416503906
v -0.020502489060163498 0.01201829593628645 -0.016149982810020447
v -0.03125233203172684 0.012091499753296375 -0.017380714416503906
v -0.031194500625133514 0.012036100961267948 -0.01770796626806259
v -0.02655724249780178 0.013218129985034466 -0.03820359334349632
v -0.02655724436044693 0.012218129821121693 -0.03820358216762543
v -0.023959850892424583 0.013218010775744915 -0.05290224030613899
v -0.024005597457289696 0.012218012474477291 -0.05264338478446007
v -0.023959850892424583 0.013218010775744915 -0.05290224030613899
v -0.024005597457289696 0.012218012474477291 -0.05264338478446007
v -0.023949403315782547 0.013245868496596813 -0.05296137556433678
v -0.023949403315782547 0.013245868496596813 -0.05296137556433678
v -0.023795684799551964 0.012491174973547459 -0.053831275552511215
v -0.022883690893650055 0.01672682724893093 -0.05899224802851677
v -0.022736690938472748 0.016022631898522377 -0.0598241351544857
v -0.021931951865553856 0.021166464313864708 -0.06437816470861435
v -0.021789755672216415 0.0204829853028059 -0.06518283486366272
v -0.021120036020874977 0.026444176211953163 -0.06897280365228653
v -0.020979326218366623 0.025757132098078728 -0.06976907700300217
v -0.020469998940825462 0.03241659700870514 -0.07265137135982513
v -0.02032630704343319 0.031708963215351105 -0.07346451282501221
v -0.019999494776129723 0.03892149403691292 -0.07531393319368362
v -0.019847553223371506 0.03818489611148834 -0.07617378979921341
v -0.019742164760828018 0.04501781612634659 -0.07677018642425537
v -0.01955542340874672 0.04501780867576599 -0.07782697677612305
v -0.00987344142049551 0.05201223865151405 -0.07689093798398972
v -0.010043042711913586 0.05171726271510124 -0.07691986113786697
v -0.01046320702880621 0.051613178104162216 -0.07699326425790787
v -0.01046320702880621 0.051613178104162216 -0.07699326425790787
v -0.010043042711913586 0.05171726271510124 -0.07691986113786697
v -0.010367201641201973 0.051418010145425797 -0.07697403430938721
v -0.01046320702880621 0.051613178104162216 -0.07699326425790787
v -0.010367201641201973 0.051418010145425797 -0.07697403430938721
v -0.010759187862277031 0.05124938115477562 -0.07704063504934311
v -0.01351546123623848 0.05121414735913277 -0.07752705365419388
v -0.01407818216830492 0.051187608391046524 -0.07762599736452103
v -0.020407386124134064 0.052017804235219955 -0.07875238358974457
v -0.020407386124134064 0.052017804235219955 -0.07875238358974457
v -0.01407818216830492 0.051187608391046524 -0.07762599736452103
v -0.014865539968013763 0.05106010660529137 -0.07776249200105667
v -0.020407386124134064 0.052017804235219955 -0.07875238358974457
v -0.014865539968013763 0.05106010660529137 -0.07776249200105667
v -0.015469323843717575 0.05088699236512184 -0.07786501199007034
v -0.015469323843717575 0.05088699236512184 -0.07786501199007034
v -0.016051316633820534 0.050652604550123215 -0.07796110212802887
v -0.020407386124134064 0.052017804235219955 -0.07875238358974457
v -0.020407386124134064 0.052017804235219955 -0.07875238358974457
v -0.016051316633820534 0.050652604550123215 -0.07796110212802887
v -0.016754115000367165 0.05026865378022194 -0.0780714824795723
v -0.020407386124134064 0.052017804235219955 -0.07875238358974457
v -0.016754115000367165 0.05026865378022194 -0.0780714824795723
v -0.01722279004752636 0.04994003847241402 -0.0781397745013237
v -0.01722279004752636 0.04994003847241402 -0.0781397745013237
v -0.017746277153491974 0.049487460404634476 -0.07820817083120346
v -0.020407386124134064 0.052017804235219955 -0.07875238358974457
v -0.020407386124134064 0.052017804235219955 -0.07875238358974457
v -0.017746277153491974 0.049487460404634476 -0.07820817083120346
v -0.01829226315021515 0.048887886106967926 -0.07826540619134903
v -0.020407386124134064 0.052017804235219955 -0.07875238358974457
v -0.01829226315021515 0.048887886106967926 -0.07826540619134903
v -0.020420974120497704 0.049397747963666916 -0.07867547869682312
v -0.020420974120497704 0.049397747963666916 -0.07867547869682312
v -0.01829226315021515 0.048887886106967926 -0.07826540619134903
v -0.018598338589072227 0.04847222939133644 -0.07828737795352936
v -0.018598338589072227 0.04847222939133644 -0.07828737795352936
v -0.018984396010637283 0.0478227399289608 -0.07829735428094864
v -0.020420974120497704 0.049397747963666916 -0.07867547869682312
v -0.020420974120497704 0.049397747963666916 -0.07867547869682312
v -0.018984396010637283 0.0478227399289608 -0.07829735428094864
v -0.019312076270580292 0.04708074778318405 -0.078276626765728
v -0.020420974120497704 0.049397747963666916 -0.07867547869682312
v -0.019312076270580292 0.04708074778318405 -0.078276626765728
v -0.020506128668785095 0.04497431218624115 -0.07819356769323349
v -0.020506128668785095 0.04497431218624115 -0.07819356769323349
v -0.019312076270580292 0.04708074778318405 -0.078276626765728
v -0.019635606557130814 0.04585207253694534 -0.07817508280277252
v -0.020506128668785095 0.04497431218624115 -0.07819356769323349
v -0.019635606557130814 0.04585207253694534 -0.07817508280277252
v -0.01971801184117794 0.04498584195971489 -0.07805619388818741
v -0.010759187862277031 0.05124938115477562 -0.07704063504934311
v -0.011053601279854774 0.05121414735913277 -0.07709202170372009
v -0.01046320702880621 0.051613178104162216 -0.07699326425790787
v -0.01046320702880621 0.051613178104162216 -0.07699326425790787
v -0.011053601279854774 0.05121414735913277 -0.07709202170372009
v -0.01351546123623848 0.05121414735913277 -0.07752705365419388
v -0.01046320702880621 0.051613178104162216 -0.07699326425790787
v -0.01351546123623848 0.05121414735913277 -0.07752705365419388
v -0.00987344142049551 0.05201223865151405 -0.07689093798398972
v -0.00987344142049551 0.05201223865151405 -0.07689093798398972
v -0.01351546123623848 0.05121414735913277 -0.07752705365419388
v -0.020407386124134064 0.052017804235219955 -0.07875238358974457
v -0.00987344142049551 0.05201223865151405 -0.07689093798398972
v -0.020407386124134064 0.052017804235219955 -0.07875238358974457
v -0.00984143652021885 0.05209742859005928 -0.07688520848751068
v -0.00984143652021885 0.05209742859005928 -0.07688520848751068
v -0.020407386124134064 0.052017804235219955 -0.07875238358974457
v -0.020420966669917107 0.0546378530561924 -0.0786755234003067
v -0.00984143652021885 0.05209742859005928 -0.07688520848751068
v -0.020420966669917107 0.0546378530561924 -0.0786755234003067
v -0.009772654622793198 0.052520085126161575 -0.07687021791934967
v -0.009772654622793198 0.052520085126161575 -0.07687021791934967
v -0.020420966669917107 0.0546378530561924 -0.0786755234003067
v -0.009870884008705616 0.05906130000948906 -0.07631433755159378
v -0.009870884008705616 0.05906130000948906 -0.07631433755159378
v -0.020420966669917107 0.0546378530561924 -0.0786755234003067
v -0.020506111904978752 0.05906130000948906 -0.07819367945194244
v -0.009870884008705616 0.05906130000948906 -0.07631433755159378
v -0.020506111904978752 0.05906130000948906 -0.07819367945194244
v -0.009883238933980465 0.05948594585061073 -0.07624442130327225
v -0.020506111904978752 0.05906130000948906 -0.07819367945194244
v -0.020529361441731453 0.05984080955386162 -0.07806210964918137
v -0.009883238933980465 0.05948594585061073 -0.07624442130327225
v -0.009883238933980465 0.05948594585061073 -0.07624442130327225
v -0.020529361441731453 0.05984080955386162 -0.07806210964918137
v -0.020744623616337776 0.06493281573057175 -0.07684394717216492
v -0.009883238933980465 0.05948594585061073 -0.07624442130327225
v -0.020744623616337776 0.06493281573057175 -0.07684394717216492
v -0.010164542123675346 0.06592314690351486 -0.07465251535177231
v -0.010164542123675346 0.06592314690351486 -0.07465251535177231
v -0.020744623616337776 0.06493281573057175 -0.07684394717216492
v -0.020799769088625908 0.06592314690351486 -0.07653185725212097
v -0.010164542123675346 0.06592314690351486 -0.07465251535177231
v -0.020799769088625908 0.06592314690351486 -0.07653185725212097
v -0.010184514336287975 0.06626307964324951 -0.07453949749469757
v -0.010184514336287975 0.06626307964324951 -0.07453949749469757
v -0.020799769088625908 0.06592314690351486 -0.07653185725212097
v -0.02106369100511074 0.0698416456580162 -0.07503831386566162
v -0.010184514336287975 0.06626307964324951 -0.07453949749469757
v -0.02106369100511074 0.0698416456580162 -0.07503831386566162
v -0.010645559057593346 0.07242635637521744 -0.07193044573068619
v -0.010645559057593346 0.07242635637521744 -0.07193044573068619
v -0.02106369100511074 0.0698416456580162 -0.07503831386566162
v -0.02128078229725361 0.07242635637521744 -0.07380979508161545
v -0.010645559057593346 0.07242635637521744 -0.07193044573068619
v -0.02128078229725361 0.07242635637521744 -0.07380979508161545
v -0.010668870061635971 0.07268020510673523 -0.07179853320121765
v -0.010668870061635971 0.07268020510673523 -0.07179853320121765
v -0.02128078229725361 0.07242635637521744 -0.07380979508161545
v -0.021482054144144058 0.07449767738580704 -0.0726708173751831
v -0.010668870061635971 0.07268020510673523 -0.07179853320121765
v -0.021482054144144058 0.07449767738580704 -0.0726708173751831
v -0.011301523074507713 0.07840320467948914 -0.06821834295988083
v -0.011301523074507713 0.07840320467948914 -0.06821834295988083
v -0.021482054144144058 0.07449767738580704 -0.0726708173751831
v -0.021936750039458275 0.07840320467948914 -0.0700976774096489
v -0.011301523074507713 0.07840320467948914 -0.06821834295988083
v -0.021936750039458275 0.07840320467948914 -0.0700976774096489
v -0.011324059218168259 0.07857515662908554 -0.06809080392122269
v -0.024765321984887123 0.09172531962394714 -0.05409076064825058
v -0.014130095951259136 0.09172531962394714 -0.052211418747901917
v -0.02401045337319374 0.08934611082077026 -0.05836256965994835
v -0.02401045337319374 0.08934611082077026 -0.05836256965994835
v -0.014130095951259136 0.09172531962394714 -0.052211418747901917
v -0.013076823204755783 0.08821958303451538 -0.05817190557718277
v -0.02401045337319374 0.08934611082077026 -0.05836256965994835
v -0.013076823204755783 0.08821958303451538 -0.05817190557718277
v -0.023701781406998634 0.08817875385284424 -0.06010935828089714
v -0.023701781406998634 0.08817875385284424 -0.06010935828089714
v -0.013076823204755783 0.08821958303451538 -0.05817190557718277
v -0.013066551648080349 0.08817875385284424 -0.05823001265525818
v -0.023701781406998634 0.08817875385284424 -0.06010935828089714
v -0.013066551648080349 0.08817875385284424 -0.05823001265525818
v -0.023266995325684547 0.08631212264299393 -0.06256981939077377
v -0.023266995325684547 0.08631212264299393 -0.06256981939077377
v -0.013066551648080349 0.08817875385284424 -0.05823001265525818
v -0.012133529409766197 0.08379895985126495 -0.063510000705719
v -0.023266995325684547 0.08631212264299393 -0.06256981939077377
v -0.012133529409766197 0.08379895985126495 -0.063510000705719
v -0.022750750184059143 0.0836995393037796 -0.06549126654863358
v -0.022750750184059143 0.0836995393037796 -0.06549126654863358
v -0.012133529409766197 0.08379895985126495 -0.063510000705719
v -0.012115519493818283 0.0836995393037796 -0.06361191719770432
v -0.022750750184059143 0.0836995393037796 -0.06549126654863358
v -0.012115519493818283 0.0836995393037796 -0.06361191719770432
v -0.022591572254896164 0.08279173821210861 -0.06639204174280167
v -0.022591572254896164 0.08279173821210861 -0.06639204174280167
v -0.012115519493818283 0.0836995393037796 -0.06361191719770432
v -0.011324059218168259 0.07857515662908554 -0.06809080392122269
v -0.022591572254896164 0.08279173821210861 -0.06639204174280167
v -0.011324059218168259 0.07857515662908554 -0.06809080392122269
v -0.021993765607476234 0.0788348838686943 -0.0697750374674797
v -0.021993765607476234 0.0788348838686943 -0.0697750374674797
v -0.011324059218168259 0.07857515662908554 -0.06809080392122269
v -0.021936750039458275 0.07840320467948914 -0.0700976774096489
v -0.02397764101624489 0.012310686521232128 -0.053950924426317215
v -0.024765433743596077 0.012310686521232128 -0.05409013479948044
v -0.02291380800306797 0.01585826836526394 -0.0599711537361145
v -0.02291380800306797 0.01585826836526394 -0.0599711537361145
v -0.024765433743596077 0.012310686521232128 -0.05409013479948044
v -0.024010561406612396 0.014689826406538486 -0.05836198106408119
v -0.024010561406612396 0.014689826406538486 -0.05836198106408119
v -0.023701880127191544 0.015857160091400146 -0.060108788311481476
v -0.02291380800306797 0.01585826836526394 -0.0599711537361145
v -0.02291380800306797 0.01585826836526394 -0.0599711537361145
v -0.023701880127191544 0.015857160091400146 -0.060108788311481476
v -0.023267090320587158 0.017723746597766876 -0.0625692754983902
v -0.02291380800306797 0.01585826836526394 -0.0599711537361145
v -0.023267090320587158 0.017723746597766876 -0.0625692754983902
v -0.02196255512535572 0.020338987931609154 -0.06535431742668152
v -0.023267090320587158 0.017723746597766876 -0.0625692754983902
v -0.022750837728381157 0.02033628709614277 -0.06549076735973358
v -0.02196255512535572 0.020338987931609154 -0.06535431742668152
v -0.02196255512535572 0.020338987931609154 -0.06535431742668152
v -0.022750837728381157 0.02033628709614277 -0.06549076735973358
v -0.02259165607392788 0.021244069561362267 -0.06639155745506287
v -0.02196255512535572 0.020338987931609154 -0.06535431742668152
v -0.02259165607392788 0.021244069561362267 -0.06639155745506287
v -0.02114841900765896 0.025637218728661537 -0.06996150314807892
v -0.02259165607392788 0.021244069561362267 -0.06639155745506287
v -0.021993840113282204 0.025200871750712395 -0.06977461278438568
v -0.02114841900765896 0.025637218728661537 -0.06996150314807892
v -0.02114841900765896 0.025637218728661537 -0.06996150314807892
v -0.021993840113282204 0.025200871750712395 -0.06977461278438568
v -0.021936824545264244 0.025632543489336967 -0.07009726762771606
v -0.02114841900765896 0.025637218728661537 -0.06996150314807892
v -0.021936824545264244 0.025632543489336967 -0.07009726762771606
v -0.020492417737841606 0.03161622956395149 -0.07367381453514099
v -0.020492417737841606 0.03161622956395149 -0.07367381453514099
v -0.021936824545264244 0.025632543489336967 -0.07009726762771606
v -0.021482117474079132 0.029538029804825783 -0.07267046719789505
v -0.021482117474079132 0.029538029804825783 -0.07267046719789505
v -0.021280840039253235 0.03160933032631874 -0.07380946725606918
v -0.020492417737841606 0.03161622956395149 -0.07367381453514099
v -0.020492417737841606 0.03161622956395149 -0.07367381453514099
v -0.021280840039253235 0.03160933032631874 -0.07380946725606918
v -0.02106374129652977 0.03419402241706848 -0.07503803819417953
v -0.020492417737841606 0.03161622956395149 -0.07367381453514099
v -0.02106374129652977 0.03419402241706848 -0.07503803819417953
v -0.020011479035019875 0.03812173008918762 -0.07639545947313309
v -0.02106374129652977 0.03419402241706848 -0.07503803819417953
v -0.02079981379210949 0.038112495094537735 -0.07653164118528366
v -0.020011479035019875 0.03812173008918762 -0.07639545947313309
v -0.020011479035019875 0.03812173008918762 -0.07639545947313309
v -0.02079981379210949 0.038112495094537735 -0.07653164118528366
v -0.02074465900659561 0.03910282254219055 -0.0768437460064888
v -0.020011479035019875 0.03812173008918762 -0.07639545947313309
v -0.02074465900659561 0.03910282254219055 -0.0768437460064888
v -0.01971801184117794 0.04498584195971489 -0.07805619388818741
v -0.01971801184117794 0.04498584195971489 -0.07805619388818741
v -0.02074465900659561 0.03910282254219055 -0.0768437460064888
v -0.020529381930828094 0.04419480636715889 -0.07806198298931122
v -0.01971801184117794 0.04498584195971489 -0.07805619388818741
v -0.020529381930828094 0.04419480636715889 -0.07806198298931122
v -0.020506128668785095 0.04497431218624115 -0.07819356769323349
v -0.024990340694785118 0.012018012814223766 -0.05281739681959152
v -0.024202540516853333 0.012018012814223766 -0.0526781901717186
v -0.026754193007946014 0.012018130160868168 -0.03823838382959366
v -0.03364649787545204 0.012018191628158092 -0.031658876687288284
v -0.03253043070435524 0.012018137611448765 -0.03825550153851509
v -0.02687734179198742 0.012018141336739063 -0.03699062392115593
v -0.022531647235155106 0.012018193490803242 -0.029572732746601105
v -0.021320603787899017 0.012018195353448391 -0.02904852107167244
v -0.020502489060163498 0.01201829593628645 -0.016149982810020447
v -0.03166055306792259 0.012018104083836079 -0.04247405007481575
v -0.030886080116033554 0.012018079869449139 -0.045382846146821976
v -0.026799920946359634 0.01201815064996481 -0.03567326441407204
v -0.026526566594839096 0.012018159963190556 -0.03443232551217079
v -0.03367583453655243 0.012018193490803242 -0.0314522422850132
v -0.026050740852952003 0.012018169276416302 -0.03321956470608711
v -0.0325082466006279 0.012018292210996151 -0.018815265968441963
v -0.02360375225543976 0.012018189765512943 -0.030254820361733437
v -0.031879525631666183 0.0120182940736413 -0.018308410421013832
v -0.03113771229982376 0.01201829593628645 -0.018029330298304558
v -0.01961383782327175 0.012018195353448391 -0.028649572283029556
v -0.019004058092832565 0.01201819721609354 -0.028364958241581917
v -0.01861828751862049 0.012018200941383839 -0.02781357616186142
v -0.02457999810576439 0.012018184177577496 -0.031117459759116173
v -0.03415791317820549 0.012018251232802868 -0.024172279983758926
v -0.02539808675646782 0.012018176726996899 -0.03211063891649246
v -0.034179311245679855 0.01201824564486742 -0.02482535131275654
v -0.03408292680978775 0.01201822329312563 -0.027728553861379623
v -0.033112358301877975 0.012018284760415554 -0.019647914916276932
v -0.033642832189798355 0.012018277309834957 -0.020911820232868195
v -0.03400862216949463 0.012018264271318913 -0.022572806105017662
v -0.020106207579374313 0.012018195353448391 -0.028736582025885582
v -0.018559886142611504 0.012018206529319286 -0.027143187820911407
v -0.030047941952943802 0.012018059380352497 -0.04780220612883568
v -0.02916569821536541 0.012018044479191303 -0.04967733845114708
v -0.028296884149312973 0.012018031440675259 -0.05101323872804642
v -0.025598475709557533 0.012018014676868916 -0.05283684656023979
v -0.024990340694785118 0.012018012814223766 -0.05281739681959152
v -0.026490071788430214 0.012018016539514065 -0.052576709538698196
v -0.026490071788430214 0.012018016539514065 -0.052576709538698196
v -0.02741244062781334 0.012018023990094662 -0.05196298286318779
v -0.020502375438809395 0.09201829880475998 -0.016150617972016335
v -0.014355002902448177 0.0920180156826973 -0.050938680768013
v -0.03201814740896225 0.09201811999082565 -0.040873702615499496
v -0.029932811856269836 0.09201806038618088 -0.048082176595926285
v -0.030176732689142227 0.09201806783676147 -0.047475989907979965
v -0.03323045000433922 0.09201817214488983 -0.03429408371448517
v -0.0338590182363987 0.09201820939779282 -0.030032893642783165
v -0.034128349274396896 0.0920182317495346 -0.027034837752580643
v -0.03108116239309311 0.09201809018850327 -0.044715575873851776
v -0.03197489306330681 0.09201811999082565 -0.041077882051467896
v -0.014355002902448177 0.0920180156826973 -0.050938680768013
v -0.03197489306330681 0.09201811999082565 -0.041077882051467896
v -0.03201814740896225 0.09201811999082565 -0.040873702615499496
v -0.024990227073431015 0.0920180156826973 -0.05281803011894226
v -0.028331508859992027 0.09201803803443909 -0.05096864700317383
v -0.029244396835565567 0.09201804548501968 -0.04953361675143242
v -0.025782760232686996 0.0920180156826973 -0.05281008034944534
v -0.026547111570835114 0.0920180231332779 -0.052549391984939575
v -0.024990227073431015 0.0920180156826973 -0.05281803011894226
v -0.024990227073431015 0.0920180156826973 -0.05281803011894226
v -0.026547111570835114 0.0920180231332779 -0.052549391984939575
v -0.027400000020861626 0.0920180231332779 -0.051974210888147354
v -0.027400000020861626 0.0920180231332779 -0.051974210888147354
v -0.03417012095451355 0.0920182541012764 -0.024474753066897392
v -0.033983949571847916 0.09201826900243759 -0.022410819306969643
v -0.031137602403759956 0.09201829880475998 -0.018029959872364998
v -0.033625584095716476 0.09201827645301819 -0.020858068019151688
v -0.033625584095716476 0.09201827645301819 -0.020858068019151688
v -0.03312019258737564 0.09201829135417938 -0.019662726670503616
v -0.031137602403759956 0.09201829880475998 -0.018029959872364998
v -0.031137602403759956 0.09201829880475998 -0.018029959872364998
v -0.03312019258737564 0.09201829135417938 -0.019662726670503616
v -0.03246402367949486 0.09201829135417938 -0.01877005398273468
v -0.03246402367949486 0.09201829135417938 -0.01877005398273468
v -0.031715575605630875 0.09201829880475998 -0.01822011172771454
v -0.02655724249780178 0.013218129985034466 -0.03820359334349632
v -0.023959850892424583 0.013218010775744915 -0.05290224030613899
v -0.014112422242760658 0.013218010775744915 -0.051162105053663254
v -0.01836293563246727 0.013218206353485584 -0.027108395472168922
v -0.01843031868338585 0.013218200765550137 -0.0278819240629673
v -0.018875444307923317 0.013218195177614689 -0.02851812355220318
v -0.019579026848077774 0.013218195177614689 -0.028846532106399536
v -0.020071402192115784 0.013218195177614689 -0.028933536261320114
v -0.026490304619073868 0.013218154199421406 -0.0350828617811203
v -0.02298019267618656 0.013218189589679241 -0.03006594628095627
v -0.02523421309888363 0.013218176551163197 -0.03222530335187912
v -0.023949403315782547 0.013245868496596813 -0.05296137556433678
v -0.014101973734796047 0.013245868496596813 -0.05122124031186104
v -0.023959850892424583 0.013218010775744915 -0.05290224030613899
v -0.014112422242760658 0.013218010775744915 -0.051162105053663254
usemtl material_DefaultMaterial
f 1 2 3
f 4 5 6
f 7 8 9
f 10 11 12
f 13 14 15
f 16 17 18
f 19 20 21
f 22 23 24
f 25 26 27
f 28 29 30
f 31 32 33
f 34 35 36
f 37 38 39
f 40 41 42
f 43 44 45
f 46 47 48
f 49 50 51
f 52 53 54
f 55 56 57
f 58 59 60
f 61 62 63
f 64 65 66
f 67 68 69
f 70 71 72
f 73 74 75
f 76 77 78
f 79 80 81
f 82 83 84
f 85 86 87
f 88 89 90
f 91 92 93
f 94 95 96
f 97 98 99
f 100 101 102
f 103 104 105
f 106 107 108
f 109 110 111
f 112 113 114
f 115 116 117
f 118 119 120
f 121 122 123
f 124 125 126
f 127 128 129
f 130 131 132
f 133 134 135
f 136 137 138
f 139 140 141
f 142 143 144
f 145 146 147
f 148 149 150
f 151 152 153
f 154 155 156
f 157 158 159
f 160 161 162
f 163 164 165
f 166 167 168
f 169 170 171
f 172 173 174
f 175 176 177
f 178 179 180
f 181 182 183
f 184 185 186
f 187 188 189
f 190 191 192
f 193 194 195
f 196 197 198
f 199 200 201
f 202 203 204
f 205 206 207
f 208 209 210
f 211 212 213
f 214 215 216
f 217 218 219
f 220 221 222
f 223 224 225
f 226 227 228
f 229 230 231
f 232 233 234
f 235 236 237
f 238 239 240
f 241 242 243
f 244 245 246
f 247 248 249
f 250 251 252
f 253 254 255
f 256 257 258
f 259 260 261
f 262 263 264
f 265 266 267
f 268 269 270
f 271 272 273
f 274 275 276
f 277 278 279
f 280 281 282
f 283 284 285
f 286 287 288
f 289 290 291
f 292 293 294
f 295 296 297
f 298 299 300
f 301 302 303
f 304 305 306
f 307 308 309
f 310 311 312
f 313 314 315
f 316 317 318
f 319 320 321
f 322 323 324
f 325 326 327
f 328 329 330
f 331 332 333
f 334 335 336
f 337 338 339
f 340 341 342
f 343 344 345
f 346 347 348
f 349 350 351
f 352 353 354
f 355 356 357
f 358 359 360
f 361 362 363
f 364 365 366
f 367 368 369
f 370 371 372
f 373 374 375
f 376 377 378
f 379 380 381
f 382 383 384
f 385 386 387
f 388 389 390
f 391 392 393
f 394 395 396
f 397 398 399
f 400 401 402
f 403 404 405
f 406 407 408
f 409 410 411
f 412 413 414
f 415 416 417
f 418 419 420
f 421 422 423
f 424 425 426
f 427 428 429
f 430 431 432
f 433 434 435
f 436 437 438
f 439 440 441
f 442 443 444
f 445 446 447
f 448 449 450
f 451 452 453
f 454 455 456
f 457 458 459
f 460 461 462
f 463 464 465
f 466 467 468
f 469 470 471
f 472 473 474
f 475 476 477
f 478 479 480
f 481 482 483
f 484 485 486
f 487 488 489
f 490 491 492
f 493 494 495
f 496 497 498
f 499 500 501
f 502 503 504
f 505 506 507
f 508 509 510
f 511 512 513
f 514 515 516
f 517 518 519
f 520 521 522
f 523 524 525
f 526 527 528
f 529 530 531
f 532 533 534
f 535 536 537
f 538 539 540
f 541 542 543
f 544 545 546
f 547 548 549
f 550 551 552
f 553 554 555
f 556 557 558
f 559 560 561
f 562 563 564
f 565 566 567
f 568 569 570
f 571 572 573
f 574 575 576
f 577 578 579
f 580 581 582
f 583 584 585
f 586 587 588
f 589 590 591
f 592 593 594
f 595 596 597
f 598 599 600
f 601 602 603
f 604 605 606
f 607 608 609
f 610 611 612
f 613 614 615
f 616 617 618
f 619 620 621
f 622 623 624
f 625 626 627
f 628 629 630
f 631 632 633
f 634 635 636
f 637 638 639
f 640 641 642
f 643 644 645
f 646 647 648
f 649 650 651
f 652 653 654
f 655 656 657
f 658 659 660
f 661 662 663
f 664 665 666
f 667 668 669
f 670 671 672
f 673 674 675
f 676 677 678
f 679 680 681
f 682 683 684
f 685 686 687
f 688 689 690
f 691 692 693
f 694 695 696
f 697 698 699
f 700 701 702
f 703 704 705
f 706 707 708
f 709 710 711
f 712 713 714
f 715 716 717
f 718 719 720
f 721 722 723
f 724 725 726
f 727 728 729
f 730 731 732
f 733 734 735
f 736 737 738
f 739 740 741
f 742 743 744
f 745 746 747
f 748 749 750
f 751 752 753
f 754 755 756
f 757 758 759
f 760 761 762
f 763 764 765
f 766 767 768
f 769 770 771
f 772 773 774
f 775 776 777
f 778 779 780
f 781 782 783
f 784 785 786
f 787 788 789
f 790 791 792
f 793 794 795
f 796 797 798
f 799 800 801
f 802 803 804
f 805 806 807
f 808 809 810
f 811 812 813
f 814 815 816
f 817 818 819
f 820 821 822
f 823 824 825
f 826 827 828
f 829 830 831
f 832 833 834
f 835 836 837
f 838 839 840
f 841 842 843
f 844 845 846
f 847 848 849
f 850 851 852
f 853 854 855
f 856 857 858
f 859 860 861
f 862 863 864
f 865 866 867
f 868 869 870
f 871 872 873
f 874 875 876
f 877 878 879
f 880 881 882
f 883 884 885
f 886 887 888
f 889 890 891
f 892 893 894
f 895 896 897
f 898 899 900
f 901 902 903
f 904 905 906
f 907 908 909
f 910 911 912
f 913 914 915
f 916 917 918
f 919 920 921
f 922 923 924
f 925 926 927
f 928 929 930
f 931 932 933
f 934 935 936
f 937 938 939
f 940 941 942
f 943 944 945
f 946 947 948
f 949 950 951
f 952 953 954
f 955 956 957
f 958 959 960
f 961 962 963
f 964 965 966
f 967 968 969
f 970 971 972
f 973 974 975
f 976 977 978
f 979 980 981
f 982 983 984
f 985 986 987
f 988 989 990
f 991 992 993
f 994 995 996
f 997 998 999
f 1000 1001 1002
f 1003 1004 1005
f 1006 1007 1008
f 1009 1010 1011
f 1012 1013 1014
f 1015 1016 1017
f 1018 1019 1020
f 1021 1022 1023
f 1024 1025 1026
f 1027 1028 1029
f 1030 1031 1032
f 1033 1034 1035
f 1036 1037 1038
f 1039 1040 1041
f 1042 1043 1044
f 1045 1046 1047
f 1048 1049 1050
f 1051 1052 1053
f 1054 1055 1056
f 1057 1058 1059
f 1060 1061 1062
f 1063 1064 1065
f 1066 1067 1068
f 1069 1070 1071
f 1072 1073 1074
f 1075 1076 1077
f 1078 1079 1080
f 1081 1082 1083
f 1084 1085 1086
f 1087 1088 1089
f 1090 1091 1092
f 1093 1094 1095
f 1096 1097 1098
f 1099 1100 1101
f 1102 1103 1104
f 1105 1106 1107
f 1108 1109 1110
f 1111 1112 1113
f 1114 1115 1116
f 1117 1118 1119
f 1120 1121 1122
f 1123 1124 1125
f 1126 1127 1128
f 1129 1130 1131
f 1132 1133 1134
f 1135 1136 1137
f 1138 1139 1140
f 1141 1142 1143
f 1144 1145 1146
f 1147 1148 1149
f 1150 1151 1152
f 1153 1154 1155
f 1156 1157 1158
f 1159 1160 1161
f 1162 1163 1164
f 1165 1166 1167
f 1168 1169 1170
f 1171 1172 1173
f 1174 1175 1176
f 1177 1178 1179
f 1180 1181 1182
f 1183 1184 1185
f 1186 1187 1188
f 1189 1190 1191
f 1192 1193 1194
f 1195 1196 1197
f 1198 1199 1200
f 1201 1202 1203
f 1204 1205 1206
f 1207 1208 1209
f 1210 1211 1212
f 1213 1214 1215
f 1216 1217 1218
f 1219 1220 1221
f 1222 1223 1224
f 1225 1226 1227
f 1228 1229 1230
f 1231 1232 1233
f 1234 1235 1236
f 1237 1238 1239
f 1240 1241 1242
f 1243 1244 1245
f 1246 1247 1248
f 1249 1250 1251
f 1252 1253 1254
f 1255 1256 1257
f 1258 1259 1260
f 1261 1262 1263
f 1264 1265 1266
f 1267 1268 1269
f 1270 1271 1272
f 1273 1274 1275
f 1276 1277 1278
f 1279 1280 1281
f 1282 1283 1284
f 1285 1286 1287
f 1288 1289 1290
f 1291 1292 1293
f 1294 1295 1296
f 1297 1298 1299
f 1300 1301 1302
f 1303 1304 1305
f 1306 1307 1308
f 1309 1310 1311
f 1312 1313 1314
f 1315 1316 1317
f 1318 1319 1320
f 1321 1322 1323
f 1324 1325 1326
f 1327 1328 1329
f 1330 1331 1332
f 1333 1334 1335
f 1336 1337 1338
f 1339 1340 1341
f 1342 1343 1344
f 1342 1345 1346
f 1344 1347 1342
f 1342 1347 1348
f 1342 1348 1349
f 1346 1350 1342
f 1342 1350 1351
f 1342 1351 1343
f 1352 1353 1354
f 1354 1353 1355
f 1354 1355 1356
f 1356 1355 1357
f 1358 1359 1360
f 1360 1359 1353
f 1361 1362 1363
f 1361 1363 1364
f 1363 1365 1366
f 1367 1368 1369
f 1369 1368 1370
f 1370 1368 1371
f 1370 1371 1372
f 1372 1371 1373
f 1372 1373 1374
f 1374 1373 1375
f 1374 1375 1376
f 1376 1375 1377
f 1376 1377 1378
f 1378 1377 1379
f 1380 1381 1382
f 1383 1384 1385
f 1385 1384 1386
f 1387 1388 1385
f 1385 1388 1389
f 1385 1389 1366
f 1366 1389 1378
f 1366 1378 1363
f 1363 1378 1390
f 1363 1390 1364
f 1386 1391 1385
f 1385 1391 1392
f 1385 1392 1387
f 1367 1369 1393
f 1393 1369 1394
f 1393 1394 1395
f 1395 1394 1396
f 1395 1396 1397
f 1397 1396 1398
f 1397 1398 1399
f 1400 1401 1360
f 1360 1401 1402
f 1360 1402 1403
f 1352 1404 1353
f 1353 1404 1405
f 1353 1405 1360
f 1360 1405 1406
f 1360 1406 1407
f 1407 1408 1360
f 1360 1408 1409
f 1360 1409 1400
f 1383 1385 1403
f 1403 1385 1410
f 1403 1410 1360
f 1411 1412 1413
f 1414 1415 1416
f 1416 1415 1417
f 1416 1417 1413
f 1413 1417 1418
f 1413 1418 1411
f 1419 1420 1421
f 1422 1423 1424
f 1425 1426 1427
f 1428 1429 1430
f 1431 1432 1433
f 1434 1435 1436
f 1437 1438 1439
f 1440 1441 1442
f 1443 1444 1445
f 1446 1447 1448
f 1449 1450 1451
f 1452 1453 1454
f 1455 1456 1457
f 1458 1459 1460
f 1461 1462 1463
f 1464 1465 1466
f 1467 1468 1469
f 1470 1471 1472
f 1473 1474 1475
f 1476 1477 1478
f 1479 1480 1481
f 1482 1483 1484
f 1485 1486 1487
f 1488 1489 1490
f 1491 1492 1493
f 1494 1495 1496
f 1497 1498 1499
f 1500 1501 1502
f 1503 1504 1505
f 1506 1507 1508
f 1509 1510 1511
f 1512 1513 1514
f 1515 1516 1517
f 1518 1519 1520
f 1521 1522 1523
f 1524 1525 1526
f 1527 1528 1529
f 1530 1531 1532
f 1533 1534 1535
f 1536 1537 1538
f 1539 1540 1541
f 1542 1543 1544
f 1545 1546 1547
f 1548 1549 1550
f 1551 1552 1553
f 1554 1555 1556
f 1557 1558 1559
f 1560 1561 1562
f 1563 1564 1565
f 1566 1567 1568
f 1569 1570 1571
f 1572 1573 1574
f 1575 1576 1577
f 1578 1579 1580
f 1581 1582 1583
f 1584 1585 1586
f 1587 1588 1589
f 1590 1591 1592
f 1593 1594 1595
f 1596 1597 1598
f 1599 1600 1601
f 1602 1603 1604
f 1605 1606 1607
f 1607 1606 1608
f 1609 1610 1611
f 1612 1613 1614
f 1615 1616 1617
f 1618 1619 1620
f 1621 1622 1623
f 1624 1625 1626
f 1627 1628 1629
f 1630 1631 1632
f 1633 1634 1635
f 1636 1637 1638
f 1639 1640 1641
f 1642 1643 1644
f 1645 1646 1647
f 1648 1649 1650
f 1651 1652 1653
f 1654 1655 1656
f 1657 1658 1659
f 1660 1661 1662
f 1663 1664 1665
f 1666 1667 1668
f 1669 1670 1671
f 1672 1673 1674
f 1675 1676 1677
f 1678 1679 1680
f 1681 1682 1683
f 1684 1685 1686
f 1687 1688 1689
f 1690 1691 1692
f 1693 1694 1695
f 1696 1697 1698
f 1699 1700 1701
f 1702 1703 1704
f 1705 1706 1707
f 1708 1709 1710
f 1711 1712 1713
f 1714 1715 1716
f 1717 1718 1719
f 1720 1721 1722
f 1723 1724 1725
f 1726 1727 1728
f 1729 1730 1731
f 1732 1733 1734
f 1735 1736 1737
f 1738 1739 1740
f 1741 1742 1743
f 1744 1745 1746
f 1747 1748 1749
f 1750 1751 1752
f 1753 1754 1755
f 1756 1757 1758
f 1759 1760 1761
f 1762 1763 1764
f 1765 1766 1767
f 1768 1769 1770
f 1771 1772 1773
f 1774 1775 1776
f 1777 1778 1779
f 1780 1781 1782
f 1783 1784 1785
f 1786 1787 1788
f 1789 1790 1791
f 1792 1793 1794
f 1795 1796 1797
f 1798 1799 1800
f 1801 1802 1803
f 1804 1805 1806
f 1807 1808 1809
f 1810 1811 1812
f 1813 1814 1815
f 1816 1817 1818
f 1819 1820 1821
f 1822 1823 1824
f 1825 1826 1827
f 1828 1829 1830
f 1831 1832 1833
f 1834 1835 1836
f 1837 1838 1839
f 1840 1841 1842
f 1843 1844 1845
f 1846 1847 1848
f 1849 1850 1851
f 1852 1853 1854
f 1855 1856 1857
f 1858 1859 1860
f 1861 1862 1863
f 1864 1865 1866
f 1867 1868 1869
f 1870 1871 1872
f 1873 1874 1875
f 1876 1877 1878
f 1879 1880 1881
f 1882 1883 1884
f 1885 1886 1887
f 1888 1889 1890
f 1891 1892 1893
f 1894 1895 1896
f 1897 1898 1899
f 1900 1901 1902
f 1903 1904 1905
f 1906 1907 1908
f 1909 1910 1911
f 1912 1913 1914
f 1915 1916 1917
f 1918 1919 1920
f 1921 1922 1923
f 1924 1925 1926
f 1927 1928 1929
f 1930 1931 1932
f 1933 1934 1935
f 1936 1937 1938
f 1939 1940 1941
f 1942 1943 1944
f 1945 1946 1947
f 1948 1949 1950
f 1951 1952 1953
f 1954 1955 1956
f 1957 1958 1959
f 1960 1961 1962
f 1963 1964 1965
f 1966 1967 1968
f 1969 1970 1971
f 1972 1973 1974
f 1975 1976 1977
f 1978 1979 1980
f 1981 1982 1983
f 1984 1985 1986
f 1987 1988 1989
f 1990 1991 1992
f 1993 1994 1995
f 1996 1997 1998
f 1999 2000 2001
f 2002 2003 2004
f 2005 2006 2007
f 2008 2009 2010
f 2011 2012 2013
f 2014 2015 2016
f 2017 2018 2019
f 2020 2021 2022
f 2023 2024 2025
f 2026 2027 2028
f 2029 2030 2031
f 2032 2033 2034
f 2035 2036 2037
f 2038 2039 2040
f 2041 2042 2043
f 2044 2045 2046
f 2047 2048 2049
f 2050 2051 2052
f 2053 2054 2055
f 2056 2057 2058
f 2059 2060 2061
f 2062 2063 2064
f 2065 2066 2067
f 2068 2069 2070
f 2071 2072 2073
f 2074 2075 2076
f 2077 2078 2079
f 2080 2081 2082
f 2083 2084 2085
f 2086 2087 2088
f 2089 2090 2091
f 2092 2093 2094
f 2095 2096 2097
f 2098 2099 2100
f 2101 2102 2103
f 2104 2105 2106
f 2107 2108 2109
f 2110 2111 2112
f 2113 2114 2115
f 2116 2117 2118
f 2119 2120 2121
f 2122 2123 2124
f 2125 2126 2127
f 2128 2129 2130
f 2131 2132 2133
f 2134 2135 2136
f 2137 2138 2139
f 2140 2141 2142
f 2143 2144 2145
f 2146 2147 2148
f 2149 2150 2151
f 2152 2153 2154
f 2155 2156 2157
f 2158 2159 2160
f 2161 2162 2163
f 2164 2165 2166
f 2167 2168 2169
f 2170 2171 2172
f 2173 2174 2175
f 2176 2177 2178
f 2179 2180 2181
f 2182 2183 2184
f 2185 2186 2187
f 2188 2189 2190
f 2191 2192 2193
f 2194 2195 2196
f 2197 2198 2199
f 2200 2201 2202
f 2203 2204 2205
f 2206 2207 2208
f 2209 2210 2211
f 2212 2213 2214
f 2215 2216 2217
f 2218 2219 2220
f 2221 2222 2223
f 2224 2225 2226
f 2227 2228 2229
f 2230 2231 2232
f 2233 2234 2235
f 2236 2237 2238
f 2239 2240 2241
f 2242 2243 2244
f 2245 2246 2247
f 2248 2249 2250
f 2251 2252 2253
f 2254 2255 2256
f 2257 2258 2259
f 2260 2261 2262
f 2263 2264 2265
f 2266 2267 2268
f 2269 2270 2271
f 2272 2273 2274
f 2275 2276 2277
f 2278 2279 2280
f 2281 2282 2283
f 1358 2284 1359
f 1359 2284 2285
f 1359 2285 2286
f 2287 2288 2289
f 2290 2291 2292
f 2293 2294 2295
f 2296 2297 2298
f 2299 2300 2301
f 2302 2303 2304
f 2305 2306 2307
f 2308 2309 2310
f 2311 2312 2313
f 2314 2315 2316
f 2317 2318 2319
f 2320 2321 2322
f 2323 2324 2325
f 2326 2327 2328
f 2329 2330 2331
f 2332 2333 2334
f 2335 2336 2337
f 2338 2339 2340
f 2341 2342 2343
f 2344 2345 2346
f 2347 2348 2349
f 2350 2351 2352
f 2353 2354 2355
f 2356 2357 2358
f 2359 2360 2361
f 2362 2363 2364
f 2365 2366 2367
f 2368 2369 2370
f 2371 2372 2373
f 2373 2372 2374
f 2373 2374 2375
f 2376 2377 2378
f 2378 2377 2368
f 2378 2368 2379
f 2379 2368 2370
f 2380 2381 2382
f 2383 2384 2375
f 2375 2384 2385
f 2375 2385 2373
f 2381 2386 2382
f 2382 2386 2376
f 2382 2376 2387
f 2387 2376 2378
f 2387 2378 2388
f 2389 2390 2383
f 2383 2390 2391
f 2383 2391 2384
f 2388 2392 2387
f 2387 2392 2393
f 2387 2393 2394
f 2395 2396 2397
f 2394 2398 2399
f 2399 2398 2400
f 2399 2400 2383
f 2383 2400 2401
f 2383 2401 2389
f 2402 2403 2404
f 2404 2403 2380
f 2404 2380 2405
f 2405 2380 2382
f 2406 2407 2408
f 2381 2409 2386
f 2386 2409 2406
f 2386 2406 2410
f 2410 2406 2408
f 2410 2408 2411
f 2412 2413 2414
f 2414 2413 2415
f 2414 2415 2416
f 2417 2418 2419
f 2419 2418 2416
f 2420 2414 2421
f 2421 2414 2416
f 2421 2416 2422
f 2422 2416 2418
f 2423 2424 2425
f 2426 2427 2428
f 2429 2430 2431
f 2432 2433 2434
f 2435 2436 2437
f 2438 2439 2440
f 2441 2442 2443
f 2441 2443 2444
f 2444 2443 2445
f 2444 2445 2446
f 2446 2445 2447
f 2446 2447 2448
f 2448 2447 2449
f 2448 2449 2450
f 2450 2449 2451
f 2450 2451 2452
f 2442 2441 2453
f 2453 2441 2454
f 2453 2454 2455
f 2455 2454 2456
f 2455 2456 2457
f 2457 2456 2458
f 2457 2458 2459
f 2459 2458 2460
f 2459 2460 2461
f 2461 2460 2462
f 2461 2462 2463
f 2464 2465 2466
f 2466 2465 2467
f 2466 2467 2468
f 2468 2467 2469
f 2468 2469 2470
f 2470 2469 2471
f 2470 2471 2472
f 2472 2471 2452
f 2472 2452 2473
f 2473 2452 2451
f 2474 2475 2476
f 2476 2475 2477
f 2478 2479 2480
f 2481 2482 2483
f 2481 2483 2484
f 2485 2486 2487
f 2485 2487 2488
f 2489 2490 2491
f 2492 2493 2494
f 2495 2496 2497
f 2497 2496 2498
f 2497 2498 2499
f 2487 2500 2488
f 2488 2500 2497
f 2488 2497 2501
f 2501 2497 2499
f 2502 2503 2504
f 2505 2506 2507
f 2508 2509 2510
f 2511 2512 2513
f 2514 2515 2516
f 2517 2518 2519
f 2520 2521 2522
f 2523 2524 2525
f 2526 2527 2528
f 2529 2530 2531
f 2532 2533 2534
f 2535 2536 2537
f 2531 2538 2529
f 2539 2540 2541
f 2542 2543 2544
f 2545 2546 2547
f 2547 2546 2541
f 2547 2541 2548
f 2548 2541 2540
f 2549 2550 2551
f 2551 2550 2552
f 2551 2552 2553
f 2554 2555 2556
f 2557 2558 2559
f 2559 2558 2560
f 2559 2560 2561
f 2562 2563 2564
f 2564 2563 2565
f 2564 2565 2566
f 2567 2568 2569
f 2569 2568 2570
f 2569 2570 2562
f 2562 2570 2571
f 2562 2571 2563
f 2572 2573 2574
f 2574 2573 2575
f 2574 2575 2569
f 2569 2575 2576
f 2569 2576 2545
f 2545 2576 2577
f 2545 2577 2546
f 2578 2579 2541
f 2541 2579 2580
f 2541 2580 2539
f 2581 2582 2583
f 2584 2585 2545
f 2545 2585 2586
f 2545 2586 2569
f 2569 2586 2587
f 2569 2587 2567
f 2565 2588 2566
f 2566 2588 2581
f 2566 2581 2589
f 2589 2581 2583
f 2572 2574 2553
f 2553 2574 2590
f 2553 2590 2591
f 2556 2555 2592
f 2592 2555 2593
f 2592 2593 2594
f 2594 2550 2592
f 2592 2550 2549
f 2592 2549 2544
f 2544 2549 2557
f 2544 2557 2542
f 2542 2557 2559
f 2595 2596 2560
f 2560 2596 2597
f 2560 2597 2561
f 2591 2598 2553
f 2553 2598 2599
f 2553 2599 2551
f 2578 2600 2579
f 2579 2600 2601
f 2579 2601 2602
f 2602 2601 2603
f 2604 2605 2603
f 2605 2606 2603
f 2603 2606 2607
f 2603 2607 2602
f 2554 2556 2608
f 2608 2556 2609
f 2608 2609 2603
f 2603 2609 2610
f 2603 2610 2604
f 2611 2612 2613
f 2614 2615 2616
f 2617 2618 2619
f 2620 2621 2622
f 2623 2624 2625
f 2626 2627 2628
f 2629 2630 2631
f 2632 2633 2634
f 2635 2636 2637
f 2638 2639 2640
f 2641 2642 2643
f 2644 2645 2646
f 2647 2648 2649
f 2650 2651 2652
f 2653 2654 2655
f 2656 2657 2658
f 2658 2657 2659
f 2660 2661 1361
f 1361 2661 1362
f 2662 2663 2664
f 2662 2664 2665
f 2666 2667 2668
f 2669 2670 2671
f 2672 2673 2674
f 2672 2674 2675
f 2676 2677 2678
f 2676 2678 2679
f 2680 2681 2682
f 2682 2681 2683
f 2684 2685 2686
f 2684 2686 2687
f 2688 2689 2690
f 2688 2690 2691
f 2692 2693 2694
f 2692 2694 2695
f 2696 2697 2698
f 2696 2698 2699
f 2700 2701 2702
f 2702 2701 2703
f 2704 2705 2706
f 2706 2705 2707
f 2708 2709 2710
f 2710 2709 2711
f 2712 2713 2714
f 2714 2713 2715
f 2716 2717 2718
f 2718 2717 2719
f 2720 2721 2722
f 2720 2722 2723
f 2724 2725 2726
f 2724 2726 2727
f 2728 2729 2730
f 2728 2730 2731
f 2732 2733 2734
f 2734 2733 2735
f 2736 2737 2738
f 2738 2737 2739
f 2740 2741 2742
f 2742 2741 2743
f 2744 2745 2746
f 2746 2745 2747
f 2748 2749 2750
f 2750 2749 2751
f 2752 2753 2754
f 2752 2754 2755
f 2756 2757 2758
f 2756 2758 2759
f 2760 2761 2762
f 2760 2762 2763
f 2764 2765 2766
f 2764 2766 2767
f 2768 2769 2770
f 2771 2772 2773
f 2774 2775 2776
f 2777 2778 2779
f 2780 2781 2782
f 2783 2784 2785
f 2786 2787 2788
f 2789 2790 2791
f 2792 2793 2794
f 2795 2796 2797
f 2798 2799 2800
f 2801 2802 2803
f 2804 2805 2806
f 2807 2808 2809
f 2810 2811 2812
f 2813 2814 2815
f 2816 2817 2818
f 2819 2820 2821
f 2822 2823 2824
f 2825 2826 2827
f 2828 2829 2830
f 2831 2832 2833
f 2834 2835 2836
f 2837 2838 2839
f 2840 2841 2842
f 2843 2844 2845
f 2846 2847 2848
f 2849 2850 2851
f 2852 2853 2854
f 2855 2856 2857
f 2858 2859 2860
f 2861 2862 2863
f 2864 2865 2866
f 2867 2868 2869
f 2870 2871 2872
f 2873 2874 2875
f 2876 2877 2878
f 2879 2880 2881
f 2882 2883 2884
f 2885 2886 2887
f 2888 2889 2890
f 2891 2892 2893
f 2894 2895 2896
f 2897 2898 2899
f 2900 2901 2902
f 2903 2904 2905
f 2906 2907 2908
f 2909 2910 2911
f 2912 2913 2914
f 2915 2916 2917
f 2918 2919 2920
f 2921 2922 2923
f 2924 2925 2926
f 2927 2928 2929
f 2930 2931 2932
f 2933 2934 2935
f 2936 2937 2938
f 2939 2940 2941
f 2942 2943 2944
f 2945 2946 2947
f 2948 2949 2950
f 2951 2952 2953
f 2954 2955 2956
f 2957 2958 2955
f 2959 2960 2961
f 2962 2963 2964
f 2965 2966 2967
f 2968 2969 2970
f 2971 2972 2973
f 2974 2975 2976
f 2977 2978 2979
f 2980 2981 2982
f 2983 2984 2985
f 2986 2987 2988
f 2989 2990 2991
f 2992 2993 2994
f 2995 2996 2997
f 2998 2999 3000
f 3001 3002 3003
f 3004 3005 3006
f 3007 3008 3009
f 3010 3011 3012
f 3013 3014 3015
f 3016 3017 3018
f 3019 3020 3021
f 3022 3023 3024
f 3025 3026 3027
f 3028 3029 3030
f 3031 3032 3033
f 3034 3035 3036
f 3037 3038 3039
f 3040 3041 3042
f 3043 3044 3045
f 3046 3047 3048
f 3049 3050 3051
f 3052 3053 3054
f 3055 3056 3057
f 3058 3059 3060
f 3061 3062 3063
f 3064 3065 3066
f 3067 3068 3069
f 3070 3071 3072
f 3073 3074 3075
f 3076 3077 3078
f 3079 3080 3081
f 3082 3083 3084
f 3085 3086 3087
f 3088 3089 3090
f 3091 3092 3093
f 3094 3095 3096
f 3097 3098 3099
f 3100 3101 3102
f 3103 3104 3105
f 3106 3107 3108
f 3109 3110 3111
f 3112 3113 3114
f 3115 3116 3117
f 3118 3119 3120
f 3121 3122 3123
f 3124 3125 3126
f 3127 3128 3129
f 3130 3131 3132
f 3133 3134 3135
f 3136 3137 3138
f 3139 3140 3141
f 3142 3143 3144
f 3145 3146 3147
f 3148 3149 3150
f 3151 3152 3153
f 3154 3155 3156
f 3157 3158 3159
f 3160 3161 3162
f 3163 3164 3165
f 3166 3167 3168
f 3169 3170 3171
f 3172 3173 3174
f 3175 3176 3177
f 3178 3179 3180
f 3181 3182 3183
f 3184 3185 3186
f 3187 3188 3189
f 3190 3191 3192
f 3193 3194 3195
f 3196 3197 3198
f 3199 3200 3201
f 3202 3203 3204
f 3205 3206 3207
f 3208 3209 3210
f 3211 3212 3213
f 3214 3215 3216
f 3217 3218 3219
f 3220 3221 3222
f 3223 3224 3225
f 3226 3227 3228
f 3229 3230 3231
f 3232 3233 3234
f 3235 3236 3237
f 3238 3239 3240
f 3241 3242 3243
f 3244 3245 3246
f 3247 3248 3249
f 3250 3251 3252
f 3253 3254 3255
f 3256 3257 3258
f 3259 3260 3261
f 3262 3263 3264
f 3265 3266 3267
f 3268 3269 3270
f 3271 3272 3273
f 3274 3275 3276
f 3277 3278 3279
f 3280 3281 3282
f 3283 3284 3285
f 3286 3287 3288
f 3289 3290 3291
f 3292 3293 3294
f 3295 3296 3297
f 3298 3299 3300
f 3301 3302 3303
f 3304 3305 3306
f 3307 3308 3309
f 3310 3311 3312
f 3313 3314 3315
f 3316 3317 3318
f 3319 3320 3321
f 3322 3323 3324
f 3325 3326 3327
f 3328 3329 3330
f 3331 3332 3333
f 3334 3335 3336
f 3337 3338 3339
f 3340 3341 3342
f 3343 3344 3345
f 3346 3347 3348
f 3349 3350 3351
f 3352 3353 3354
f 3355 3356 3357
f 3358 3359 3360
f 3361 3362 3363
f 3364 3365 3366
f 3367 3368 3369
f 3370 3371 3372
f 3373 3374 3375
f 3376 3377 3378
f 3379 3380 3381
f 3382 3383 3384
f 3385 3386 3387
f 3388 3389 3390
f 3391 3392 3393
f 3394 3395 3396
f 3397 3398 3399
f 3400 3401 3402
f 3403 3404 3405
f 3406 3407 3408
f 3409 3410 3411
f 3412 3413 3414
f 3415 3416 3417
f 3418 3419 3420
f 3421 3422 3423
f 3424 3425 3426
f 3427 3428 3429
f 3430 3431 3432
f 3433 3434 3435
f 3436 3437 3438
f 3439 3440 3441
f 3442 3443 3444
f 3445 3446 3447
f 3448 3449 3450
f 3451 3452 3453
f 3454 3455 3456
f 3457 3458 3459
f 3460 3461 3462
f 3463 3464 3465
f 3466 3467 3468
f 3469 3470 3471
f 3472 3473 3474
f 3475 3476 3477
f 3478 3479 3480
f 3481 3482 3483
f 3484 3485 3486
f 3487 3488 3489
f 3490 3491 3492
f 3493 3494 3495
f 3496 3497 3498
f 3499 3500 3501
f 3502 3503 3504
f 3505 3506 3507
f 3508 3509 3510
f 3511 3512 3513
f 3514 3515 3516
f 3517 3518 3519
f 3520 3521 3522
f 3523 3524 3525
f 3526 3527 3528
f 3529 3530 3531
f 3532 3533 3534
f 3535 3536 3537
f 3538 3539 3540
f 3541 3542 3543
f 3544 3545 3546
f 3547 3548 3549
f 3550 3551 3552
f 3553 3554 3555
f 3556 3557 3558
f 3559 3560 3561
f 3562 3563 3564
f 3565 3566 3567
f 3568 3569 3570
f 3571 3572 3573
f 3574 3575 3576
f 3577 3578 3579
f 3577 3579 3580
f 3581 3582 3583
f 3581 3583 3584
f 3585 3586 3587
f 3585 3587 3588
f 3589 3505 3507
f 3590 3591 3592
f 3593 3594 3595
f 3596 3597 3598
f 3599 3600 3601
f 3602 3603 3604
f 3605 3606 3607
f 3608 3609 3610
f 3611 3612 3613
f 3614 3615 3616
f 3617 3618 3619
f 3620 3621 3622
f 3623 3624 3625
f 3626 3627 3628
f 3629 3630 3631
f 3629 3631 3632
f 3633 3634 3635
f 3633 3635 3636
f 3637 3638 3639
f 3637 3639 3640
f 3641 3642 3643
f 3641 3643 3644
f 3645 3646 3647
f 3645 3647 3648
f 3649 3617 3619
f 3650 3651 3652
f 3652 3651 3653
f 3652 3653 3654
f 3655 3656 3657
f 3658 3659 3660
f 3661 3662 3663
f 3664 3665 3666
f 3667 3668 3669
f 3670 3671 3672
f 3673 3674 3675
f 3676 3677 3678
f 3679 3680 3681
f 3682 3683 3684
f 3685 3686 3687
f 3688 3689 3690
f 3691 3692 3693
f 3694 3695 3696
f 3696 3695 3697
f 3698 3699 3700
f 3701 3702 3703
f 3704 3705 3706
f 3707 3708 3709
f 3710 3711 3712
f 3713 3714 3715
f 3716 3717 3718
f 3719 3720 3721
f 3722 3723 3724
f 3725 3726 3727
f 3728 3729 3730
f 3731 3732 3733
f 3734 3735 3736
f 3737 3738 3739
f 3740 3741 3742
f 3743 3744 3745
f 3746 3747 3748
f 3749 3750 3751
f 3752 3753 3754
f 3755 3756 3757
f 3758 3759 3760
f 3761 3762 3763
f 3764 3765 3766
f 3767 3768 3769
f 3770 3771 3772
f 3773 3774 3775
f 3776 3777 3778
f 3779 3780 3781
f 3782 3783 3784
f 3785 3786 3787
f 3788 3789 3790
f 3791 3792 3793
f 3794 3795 3796
f 3797 3798 3799
f 3800 3801 3802
f 3803 3804 3805
f 3806 3807 3808
f 3809 3810 3811
f 3812 3813 3814
f 3815 3816 3817
f 3818 3819 3820
f 3821 3822 3823
f 3824 3825 3826
f 3827 3828 3829
f 3830 3831 3832
f 3833 3834 3835
f 3836 3837 3838
f 3839 3840 3841
f 3842 3843 3844
f 3845 3846 3847
f 3848 3849 3850
f 3851 3852 3853
f 3854 3855 3856
f 3857 3858 3859
f 3860 3861 3862
f 3863 3864 3865
f 3866 3867 3868
f 3869 3870 3871
f 3872 3873 3874
f 3875 3876 3877
f 3878 3879 3880
f 3881 3882 3883
f 3884 3885 3886
f 3886 3885 3887
f 3888 3889 3890
f 3891 3892 3893
f 3894 3895 3896
f 3897 3898 3899
f 3900 3901 3902
f 3903 3904 3905
f 3906 3907 3908
f 3909 3910 3911
f 3912 3913 3914
f 3915 3916 3917
f 3918 3919 3920
f 3921 3922 3923
f 3924 3925 3926
f 3927 3928 3929
f 3930 3931 3932
f 3933 3934 3935
f 3936 3937 3938
f 3939 3940 3941
f 3942 3943 3944
f 3945 3946 3947
f 3948 3949 3950
f 3951 3952 3953
f 3954 3955 3956
f 3957 3958 3959
f 3960 3961 3962
f 3963 3964 3965
f 3966 3967 3968
f 3969 3970 3971
f 3972 3973 3974
f 3975 3976 3977
f 3978 3979 3980
f 3981 3982 3983
f 3984 3985 3986
f 3987 3988 3989
f 3990 3991 3992
f 3993 3994 3995
f 3996 3997 3998
f 3999 4000 4001
f 4002 4003 4004
f 4005 4006 4007
f 4008 4009 4010
f 4011 4012 4013
f 4014 4015 4016
f 4017 4018 4019
f 4020 4021 4022
f 4023 4024 4025
f 4026 4027 4028
f 4029 4030 4031
f 4031 4030 4032
f 4033 4034 4035
f 4036 4037 4038
f 4039 4040 4041
f 4042 4043 4044
f 4045 4046 4047
f 4048 4049 4050
f 4051 4052 4053
f 4054 4055 4056
f 2530 4057 4058
f 4058 4057 4059
f 4058 4059 4060
f 4060 4059 4061
f 4062 4063 4064
f 4065 4066 4067
f 4067 4066 4068
f 4067 4068 4069
f 4069 4068 4070
f 4062 4071 4063
f 4063 4071 4072
f 4063 4072 4070
f 4070 4072 4073
f 4070 4073 4069
f 4074 4075 4064
f 4064 4075 4076
f 4064 4076 4062
f 4077 4078 4079
f 4079 4078 4080
f 4081 4082 4074
f 4074 4082 4083
f 4074 4083 4075
f 4084 4085 4086
f 4081 2464 4082
f 4087 4088 4061
f 4061 4088 4089
f 4061 4089 4060
f 4065 4090 4066
f 4066 4090 4091
f 4066 4091 4080
f 4080 4091 4092
f 4080 4092 4079
f 4093 4094 4095
f 4095 4096 4093
f 4093 4096 4097
f 4093 4097 4087
f 4087 4097 4098
f 4087 4098 4088
f 4094 4093 4099
f 4099 4093 4100
f 4099 4100 4101
f 4077 4102 4078
f 4078 4102 4103
f 4078 4103 4100
f 4100 4103 4104
f 4105 4106 4107
f 4108 4109 4110
f 4111 4112 4113
f 4114 4115 4116
f 4117 4118 4119
f 4120 4121 4122
f 4123 4124 4125
f 4126 4127 4128
f 4129 4130 4131
f 4132 4133 4134
f 4135 4136 4137
f 4138 4139 4140
f 4141 4142 4143
f 4144 4145 4146
f 4147 4148 4149
f 4150 4151 4152
f 4153 4154 4155
f 4156 4157 4158
f 4159 4160 4161
f 4162 4163 4164
f 4165 4166 4167
f 4168 4169 4170
f 4171 4172 4173
f 4174 4175 4176
f 4177 4178 4179
f 4180 4181 4182
f 4183 4184 4185
f 4186 4187 4188
f 4189 4190 4191
f 4192 4193 4194
f 4195 4196 4197
f 4198 4199 4200
f 4201 4202 4203
f 4204 4205 4206
f 4207 4208 4209
f 4210 4211 4212
f 4213 4214 4215
f 4216 4217 4218
f 4219 4220 4221
f 4222 4223 4224
f 4225 4226 4227
f 4228 4229 4230
f 4231 4232 4233
f 4234 4235 4236
f 4237 4238 4239
f 4240 4241 4242
f 4243 4244 4245
f 4246 4247 4248
f 4249 4250 4251
f 4252 4253 4254
f 4255 4256 4257
f 4258 4259 4260
f 4261 4262 4263
f 4264 4265 4266
f 4267 4268 4269
f 4270 4271 4272
f 4273 4274 4275
f 4276 4277 4278
f 4279 4280 4281
f 4282 4283 4284
f 4285 4286 4287
f 4288 4289 4290
f 4291 4292 4293
f 4294 4295 4296
f 4297 4298 4299
f 4300 4301 4302
f 4303 4304 4305
f 4306 4307 4308
f 4309 4310 4311
f 4312 4313 4314
f 4315 4316 4317
f 4318 4319 4320
f 4321 4322 4323
f 4324 4325 4326
f 4327 4328 4329
f 4330 4331 4332
f 4333 4334 4335
f 4336 4337 4338
f 4339 4340 4341
f 4342 4343 4344
f 4345 4346 4347
f 4348 4349 4350
f 4351 4352 4353
f 4354 4355 4356
f 4357 4057 2530
f 4358 4359 4360
f 4360 4359 2659
f 4359 4361 2659
f 2659 4361 4362
f 2659 4362 2658
f 4362 4363 2658
f 2658 4363 4364
f 2658 4364 4365
f 4365 4364 4366
f 4365 4366 2529
f 2529 4366 4367
f 2529 4367 2530
f 2530 4367 4368
f 2530 4368 4357
f 4369 4370 4371
f 4371 4370 4358
f 4371 4358 4372
f 4372 4358 4360
f 4373 4374 2452
f 4375 4376 4377
f 4369 4378 4370
f 4370 4378 4379
f 4370 4379 4376
f 4376 4379 4380
f 4376 4380 4377
f 2452 2471 4373
f 4373 2471 2469
f 4373 2469 4081
f 4081 2469 2467
f 4081 2467 2465
f 4377 2446 4375
f 4375 2446 2448
f 4375 2448 4374
f 4374 2448 2450
f 4374 2450 2452
f 4381 4382 4383
f 4383 4382 4384
f 4383 4384 4385
f 4386 4387 4388
f 4388 4387 4389
f 4388 4389 4390
f 4385 4391 4383
f 4383 4391 4392
f 4383 4392 4393
f 4394 4395 4396
f 4381 4383 4388
f 4388 4383 4397
f 4388 4397 4386
f 4396 4398 4394
f 4394 4398 4399
f 4394 4399 4400
f 4393 4401 4383
f 4383 4401 4394
f 4383 4394 4402
f 4402 4394 4400
f 4390 4403 4388
f 4388 4403 4404
f 4388 4404 4405
f 4406 4407 4408
f 4408 4409 4406
f 4406 4409 4410
f 4406 4410 4388
f 4405 4411 4388
f 4388 4411 4412
f 4388 4412 4406
f 4413 4414 4415
f 4416 4417 4418
f 4419 4420 4421
f 4422 4423 4424
f 4425 4426 4427
f 4428 4429 4430
f 4431 4432 4433
f 4434 4435 4436
f 4437 4438 4439
f 4440 4441 4442
f 4443 4444 4445
f 4446 4447 4448
f 4449 4450 4451
f 4452 4453 4454
f 4455 4456 4457
f 4458 4459 4460
f 4461 4462 4463
f 4464 4465 4466
f 4467 4468 4469
f 4470 4471 4472
f 4473 4474 4475
f 4476 4477 4478
f 4479 4480 4481
f 4482 4483 4484
f 4485 4486 4487
f 4488 4489 4490
f 4491 4492 4493
f 4494 4495 4496
f 4497 4498 4499
f 4500 4501 4502
f 4503 4504 4505
f 4506 4507 4508
f 4509 4510 4511
f 4512 4513 4514
f 4515 4516 4517
f 4518 4519 4520
f 4521 4522 4523
f 4524 4525 4526
f 4527 4528 4529
f 4530 4531 4532
f 4533 4534 4535
f 4536 4537 4538
f 4539 4540 4541
f 4542 4543 4544
f 4545 4546 4547
f 4548 4549 4550
f 4551 4552 4553
f 4553 4552 4554
f 4555 4556 4557
f 4557 4556 4558
f 4559 4560 4561
f 4561 4560 4562
f 4563 4564 4565
f 4566 4567 4568
f 4569 4570 4571
f 4572 4573 4574
f 4575 4576 4577
f 4578 4579 4580
f 4581 4582 4583
f 4584 4585 4586
f 4587 4588 4589
f 4590 4591 4592
f 4593 4594 4595
f 4596 4597 4598
f 4599 4600 4601
f 4602 4603 4604
f 4605 4606 4607
f 4608 4609 4610
f 4611 4612 4613
f 4614 4615 4616
f 4614 4616 4617
f 4618 4619 4620
f 4621 4622 4623
f 4624 4625 4626
f 4627 4628 4629
f 4630 4631 4632
f 4633 4634 4635
f 4636 4637 4638
f 4639 4640 4641
f 4642 4643 4644
f 4645 4646 4647
f 4648 4649 4650
f 4651 4652 4653
f 4654 4655 4656
f 4657 4658 4659
f 4660 4661 4662
f 4663 4664 4665
f 4666 4667 4668
f 4669 4670 4671
f 4672 4673 4674
f 4675 4676 4677
f 4678 4679 4680
f 4681 4682 4683
f 4684 4685 4686
f 4687 4688 4689
f 4690 4691 4692
f 4692 4691 4693
f 4694 4695 4696
f 4696 4695 4697
f 4698 4699 4700
f 4700 4699 4701
f 4702 4703 4704
f 4704 4703 4705
f 4706 4707 4708
f 4708 4707 4709
f 4710 4711 4712
f 4712 4711 4713
f 4714 4715 4716
f 4716 4715 4717
f 4718 4719 4720
f 4720 4719 4721
f 4722 4723 4724
f 4724 4723 4725
f 4726 4727 4728
f 4728 4727 4729
f 4730 4731 4732
f 4732 4731 4733
f 4734 4735 4736
f 4736 4735 4737
f 4738 4739 4740
f 4740 4739 4741
f 4742 4743 4744
f 4744 4743 4745
f 4746 4747 4748
f 4748 4747 4749
f 4750 4751 4752
f 4752 4751 4753
f 4754 4755 4756
f 4756 4755 4757
f 4758 4759 4760
f 4760 4759 4761
f 4762 4763 4764
f 4764 4763 4765
f 4766 4767 4768
f 4769 4770 4768
f 4768 4770 4771
f 4768 4771 4766
f 4772 4773 4768
f 4768 4773 4774
f 4768 4774 4769
f 4775 4776 4768
f 4768 4776 4777
f 4768 4777 4772
f 4778 4779 4768
f 4768 4779 4780
f 4768 4780 4775
f 4781 4782 4768
f 4768 4782 4783
f 4768 4783 4778
f 4767 4784 4768
f 4768 4784 4785
f 4768 4785 4781
f 4786 4787 4788
f 4788 4787 4789
f 4788 4789 4790
f 4790 4789 4791
f 4790 4791 4792
f 4793 4794 4795
f 4795 4794 4796
f 4795 4796 4797
f 4791 4798 4792
f 4792 4798 4799
f 4792 4799 4800
f 4800 4799 4801
f 4800 4801 4793
f 4793 4801 4802
f 4793 4802 4794
f 4796 4803 4797
f 4797 4803 4804
f 4797 4804 4805
f 4805 4804 4806
f 4805 4806 4807
f 4807 4806 4808
f 4807 4808 4809
f 4810 4811 4812
f 4812 4811 4813
f 4812 4813 4814
f 4814 4813 4815
f 4814 4815 4816
f 4817 4818 4819
f 4819 4818 4820
f 4819 4820 4786
f 4786 4820 4821
f 4786 4821 4787
f 4815 4822 4816
f 4816 4822 4823
f 4816 4823 4824
f 4824 4823 4825
f 4824 4825 4817
f 4817 4825 4826
f 4817 4826 4818
f 4808 4827 4809
f 4809 4827 4828
f 4809 4828 4829
f 4829 4828 4830
f 4829 4830 4831
f 4831 4830 4832
f 4831 4832 4810
f 4810 4832 4833
f 4810 4833 4811
f 4834 4835 4836
f 4837 4838 4839
f 4840 4841 4842
f 4840 4842 4843
f 4844 4845 4846
f 4844 4846 4847
f 4848 4849 4850
f 4848 4850 4851
f 4852 4853 4854
f 4852 4854 4855
f 4856 4857 4858
f 4856 4858 4859
f 4860 4861 4862
f 4860 4862 4863
f 4864 4865 4866
f 4864 4866 4867
f 4868 4869 4870
f 4868 4870 4871
f 4872 4873 4874
f 4872 4874 4875
f 4876 4877 4878
f 4876 4878 4879
f 4880 4881 4882
f 4880 4882 4883
f 4884 4885 4886
f 4887 4888 4889
f 4890 4891 4892
f 4890 4892 4893
f 4894 4895 4896
f 4897 4898 4899
f 4900 4901 4902
f 4903 4904 4905
f 4906 4907 4908
f 4909 4910 4911
f 4909 4911 4912
f 4913 4914 4915
f 4913 4915 4916
f 4917 4918 4919
f 4917 4919 4920
f 4921 4922 4923
f 4921 4923 4924
f 4925 4926 4927
f 4925 4927 4928
f 4929 4930 4931
f 4929 4931 4932
f 4933 4934 4935
f 4933 4935 4936
f 4937 4938 4939
f 4937 4939 4940
f 4941 4942 4943
f 4941 4943 4944
f 4945 4946 4947
f 4945 4947 4948
f 4949 4950 4951
f 4949 4951 4952
f 4953 4954 4955
f 4956 4957 4958
f 4959 4960 4961
f 4962 4963 4964
f 4965 4966 4967
f 4967 4966 4968
f 4969 4970 4971
f 4971 4970 4972
f 4973 4974 4975
f 4975 4974 4976
f 4977 4978 4979
f 4979 4978 4980
f 4981 4982 4983
f 4983 4982 4984
f 4985 4986 4987
f 4987 4986 4988
f 4989 4990 4991
f 4991 4990 4992
f 4993 4994 4995
f 4995 4994 4996
f 4997 4998 4999
f 5000 5001 5002
f 5003 5004 5005
f 5006 5007 5008
f 5009 5010 5011
f 5012 5013 5014
f 5015 5016 5017
f 4966 5018 4968
f 4968 5018 5019
f 4970 5020 4972
f 4972 5020 5021
f 4974 5022 4976
f 4976 5022 5023
f 4978 5024 4980
f 4980 5024 5025
f 4982 5026 4984
f 4984 5026 5027
f 4986 5028 4988
f 4988 5028 5029
f 4990 5030 4992
f 4992 5030 5031
f 4994 5032 4996
f 4996 5032 5033
f 5034 5035 5036
f 5037 5038 5039
f 5040 5041 5042
f 5043 5044 5045
f 5046 5047 5048
f 5048 5047 5049
f 5050 5051 5052
f 5052 5051 5053
f 5054 5055 5056
f 5056 5055 5057
f 5058 5059 5060
f 5060 5059 5061
f 5062 5063 5064
f 5064 5063 5065
f 5066 5067 5068
f 5068 5067 5069
f 5070 5071 5072
f 5072 5071 5073
f 5074 5075 5076
f 5076 5075 5077
f 5078 5079 5080
f 5080 5079 5081
f 5082 5083 5084
f 5082 5084 5085
f 5086 5087 5084
f 5084 5087 5088
f 5084 5088 5085
f 5089 5090 5084
f 5084 5090 5091
f 5084 5091 5086
f 5092 5093 5084
f 5084 5093 5094
f 5084 5094 5089
f 5095 5096 5084
f 5084 5096 5097
f 5084 5097 5092
f 5098 5099 5084
f 5084 5099 5100
f 5084 5100 5095
f 5083 5101 5084
f 5084 5101 5102
f 5084 5102 5098
f 5103 5104 5105
f 5106 5103 5107
f 5107 5103 5105
f 5107 5105 5108
f 5108 5105 5109
f 5110 5111 5112
f 5112 5111 5103
f 5112 5103 5113
f 5113 5103 5106
f 5114 5115 5116
f 5116 5115 5117
f 5118 5119 5116
f 5116 5119 5120
f 5116 5120 5121
f 5122 5114 5123
f 5123 5114 5116
f 5123 5116 5124
f 5124 5116 5121
f 5125 5126 5127
f 5128 5129 5130
f 5131 5132 5133
f 5134 5135 5136
f 5137 5138 5139
f 5140 5141 5142
f 5143 5144 5145
f 5146 5147 5148
f 5149 5150 5151
f 5152 5153 5154
f 5155 5156 5157
f 5158 5159 5160
f 5161 5162 5163
f 5164 5165 5166
f 5167 5168 5169
f 5170 5171 5172
f 5173 5174 5175
f 5176 5177 5178
f 5179 5180 5181
f 5182 5183 5184
f 5185 5186 5187
f 5188 5189 5190
f 5191 5192 5193
f 5194 5195 5196
f 5197 5198 5199
f 5200 5201 5202
f 5203 5204 5205
f 5206 5207 5208
f 5209 5210 5211
f 5212 5213 5214
f 5215 5216 5217
f 5218 5219 5220
f 5221 5222 5223
f 5224 5225 5226
f 5227 5228 5229
f 5230 5231 5232
f 5233 5234 5235
f 5236 5237 5238
f 5239 5240 5241
f 5242 5243 5244
f 5245 5246 5247
f 5248 5249 5250
f 5251 5252 5253
f 5254 5255 5256
f 5257 5258 5259
f 5260 5261 5262
f 5263 5264 5265
f 5266 5267 5268
f 5269 5270 5271
f 5272 5273 5274
f 5275 5276 5277
f 5278 5279 5280
f 5281 5282 5283
f 5284 5285 5286
f 5287 5288 5289
f 5290 5291 5292
f 5293 5294 5295
f 5296 5297 5298
f 5299 5300 5301
f 5302 5303 5304
f 5272 5305 5273
f 5306 5307 5308
f 5309 5310 5311
f 5312 5313 5314
f 5315 5316 5317
f 5318 5319 5320
f 5321 5322 5323
f 5321 5323 5324
f 5325 5326 5327
f 5328 5329 5330
f 5331 5332 5333
f 5334 5335 5336
f 5337 5338 5339
f 5340 5341 5342
f 5343 5344 5345
f 5346 5347 5348
f 5349 5350 5351
f 5352 5353 5354
f 5352 5354 5355
f 5356 5357 5358
f 5359 5360 5361
f 5362 5363 5364
f 5365 5366 5367
f 5368 5369 5370
f 5371 5372 5373
f 5374 5375 5376
f 5374 5376 5377
f 5378 5379 5380
f 5381 5382 5383
f 5384 5385 5386
f 5387 5388 5389
f 5390 5391 5392
f 5393 5394 5395
f 5396 5397 5398
f 5399 5400 5401
f 5402 5403 5404
f 5405 5406 5407
f 5408 5409 5410
f 5411 5412 5413
f 5414 5415 5416
f 5417 5418 5419
f 5420 5421 5422
f 5423 5424 5425
f 5426 5427 5428
f 5429 5430 5431
f 5432 5433 5434
f 5435 5436 5437
f 5438 5439 5440
f 5441 5442 5443
f 5444 5445 5446
f 5447 5448 5449
f 5450 5451 5452
f 5453 5454 5455
f 5456 5457 5458
f 5459 5460 5461
f 5462 5463 5464
f 5465 5466 5467
f 5468 5469 5470
f 5471 5472 5473
f 5474 5475 5476
f 5477 5478 5479
f 5480 5481 5482
f 5483 5484 5485
f 5486 5487 5488
f 5489 5490 5491
f 5492 5493 5494
f 5495 5496 5497
f 5498 5499 5500
f 5501 5502 5503
f 5504 5505 5506
f 5507 5508 5509
f 5510 5511 5512
f 5510 5512 5513
f 5514 5515 5516
f 5514 5516 5517
f 5518 5519 5520
f 5518 5520 5521
f 5522 5523 5524
f 5522 5524 5525
f 5526 5527 5528
f 5526 5528 5529
f 5530 5531 5532
f 5530 5532 5533
f 5534 5535 5536
f 5534 5536 5537
f 5538 5539 5540
f 5538 5540 5541
f 5542 5543 5544
f 5542 5544 5545
f 5546 5547 5548
f 5546 5548 5549
f 5550 5551 5552
f 5550 5552 5553
f 5554 5555 5556
f 5554 5556 5557
f 5558 5559 5560
f 5561 5562 5563
f 5564 5565 5566
f 5564 5566 5567
f 5568 5569 5570
f 5568 5570 5571
f 5572 5573 5574
f 5572 5574 5575
f 5576 5577 5578
f 5576 5578 5579
f 5580 5581 5582
f 5583 5584 5585
f 5586 5587 5588
f 5589 5590 5591
f 5589 5591 5592
f 5593 5594 5595
f 5593 5595 5596
f 5597 5598 5599
f 5597 5599 5600
f 5601 5602 5603
f 5601 5603 5604
f 5605 5606 5607
f 5605 5607 5608
f 5609 5610 5611
f 5609 5611 5612
f 5613 5614 5615
f 5613 5615 5616
f 5617 5618 5619
f 5617 5619 5620
f 5621 5622 5623
f 5621 5623 5624
f 5625 5626 5627
f 5625 5627 5628
f 5629 5630 5631
f 5629 5631 5632
f 5633 5634 5635
f 5633 5635 5636
f 5637 5638 5639
f 5637 5639 5640
f 5641 5642 5643
f 5641 5643 5644
f 5645 5646 5647
f 5645 5647 5648
f 5649 5650 5651
f 5649 5651 5652
f 5653 5654 5655
f 5653 5655 5656
f 5657 5658 5659
f 5657 5659 5660
f 5661 5662 5663
f 5661 5663 5664
f 5665 5666 5667
f 5668 5669 5670
f 5671 5672 5673
f 5674 5675 5676
f 5674 5676 5677
f 5678 5679 5680
f 5678 5680 5681
f 5682 5683 5684
f 5682 5684 5685
f 5686 5687 5688
f 5686 5688 5689
f 5690 5691 5692
f 5690 5692 5693
f 5694 5695 5696
f 5694 5696 5697
f 5698 5699 5700
f 5698 5700 5701
f 5702 5703 5704
f 5702 5704 5705
f 5706 5707 5708
f 5706 5708 5709
f 5710 5711 5712
f 5710 5712 5713
f 5714 5715 5716
f 5714 5716 5717
f 5718 5719 5720
f 5718 5720 5721
f 5722 5723 5724
f 5722 5724 5725
f 5726 5727 5728
f 5726 5728 5729
f 5730 5731 5732
f 5730 5732 5733
f 5734 5735 5736
f 5734 5736 5737
f 5738 5739 5740
f 5738 5740 5741
f 5742 5743 5744
f 5742 5744 5745
f 5746 5747 5748
f 5746 5748 5749
f 5750 5751 5752
f 5753 5754 5755
f 5756 5757 5758
f 5759 5760 5761
f 5759 5761 5762
f 5763 5764 5765
f 5763 5765 5766
f 5767 5768 5769
f 5767 5769 5770
f 5771 5772 5773
f 5771 5773 5774
f 5775 5776 5777
f 5775 5777 5778
f 5779 5780 5781
f 5779 5781 5782
f 5783 5784 5785
f 5786 5787 5788
f 5789 5790 5791
f 5789 5791 5792
f 5793 5794 5795
f 5793 5795 5796
f 5797 5798 5799
f 5797 5799 5800
f 5801 5802 5803
f 5801 5803 5804
f 5805 5806 5807
f 5805 5807 5808
f 5809 5810 5811
f 5809 5811 5812
f 5813 5814 5815
f 5813 5815 5816
f 5817 5818 5819
f 5817 5819 5820
f 5821 5822 5823
f 5821 5823 5824
f 5825 5826 5827
f 5825 5827 5828
f 5829 5830 5831
f 5829 5831 5832
f 5833 5834 5835
f 5833 5835 5836
f 5837 5838 5839
f 5840 5841 5842
f 5843 5844 5845
f 5846 5847 5848
f 5849 5850 5851
f 5852 5853 5854
f 5855 5856 5857
f 5858 5859 5860
f 5861 5862 5863
f 5864 5865 5866
f 5864 5866 5867
f 5868 5869 5870
f 5868 5870 5871
f 5872 5873 5874
f 5872 5874 5875
f 5876 5877 5878
f 5876 5878 5879
f 5880 5881 5882
f 5880 5882 5883
f 5884 5885 5886
f 5884 5886 5887
f 5888 5889 5890
f 5888 5890 5891
f 5892 5893 5894
f 5892 5894 5895
f 5896 5897 5898
f 5896 5898 5899
f 5900 5901 5902
f 5900 5902 5903
f 5904 5905 5906
f 5904 5906 5907
f 5908 5909 5910
f 5908 5910 5911
f 5912 5913 5914
f 5912 5914 5915
f 5916 5917 5918
f 5916 5918 5919
f 5920 5921 5922
f 5920 5922 5923
f 5924 5925 5926
f 5924 5926 5927
f 5928 5929 5930
f 5928 5930 5931
f 5932 5933 5934
f 5932 5934 5935
f 5936 5937 5938
f 5936 5938 5939
f 5940 5941 5942
f 5940 5942 5943
f 5944 5945 5946
f 5944 5946 5947
f 5948 5949 5950
f 5951 5952 5953
f 5954 5955 5956
f 5956 5957 5958
f 5959 5960 5961
f 5962 5954 5963
f 5963 5954 5956
f 5963 5956 5964
f 5964 5956 5965
f 5966 5967 5968
f 5968 5967 5969
f 5968 5969 5970
f 5958 5971 5956
f 5956 5971 5972
f 5956 5972 5965
f 5970 5973 5968
f 5968 5973 5974
f 5968 5974 5960
f 5960 5974 5975
f 5960 5975 5961
f 5976 5977 5978
f 5978 5977 5979
f 5976 5980 5977
f 5977 5980 5981
f 5977 5981 5982
f 5979 5977 5961
f 5961 5977 5983
f 5961 5983 5984
f 5985 5986 5968
f 5968 5986 5987
f 5968 5987 5966
f 5984 5988 5961
f 5961 5988 5989
f 5961 5989 5959
f 5957 5956 5982
f 5982 5956 5990
f 5991 5992 5993
f 5994 5995 5996
f 5997 5998 5999
f 6000 6001 6002
f 6003 6004 6005
f 6006 6007 6008
f 6009 6010 6011
f 6012 6013 6014
f 6015 6016 6017
f 6018 6019 6020
f 6021 6022 6023
f 6024 6025 6026
f 6027 6028 6029
f 6030 6031 6032
f 6033 6034 6035
f 6036 6037 6038
f 6039 6040 6041
f 6042 6043 6044
f 6045 6046 6047
f 6048 6049 6050
f 6051 6052 6053
f 6054 6055 6056
f 6057 6058 6059
f 6060 6061 6062
f 6063 6064 6065
f 6066 6067 6068
f 6069 6070 6071
f 6072 6073 6074
f 6075 6076 6077
f 6078 6079 6080
f 6081 6082 6083
f 6084 6085 6086
f 6087 6088 6089
f 6090 6091 6092
f 6093 6094 6095
f 6096 6097 6098
f 6099 6100 6101
f 6102 6103 6104
f 6105 6106 6107
f 6108 6109 6110
f 6111 6112 6113
f 6114 6115 6116
f 6117 6118 6119
f 6120 6121 6122
f 6123 6124 6125
f 6126 6127 6128
f 6129 6130 6131
f 6132 6133 6134
f 6135 6136 6137
f 6138 6139 6140
f 6141 6142 6143
f 6144 6145 6146
f 6147 6148 6149
f 6150 6151 6152
f 6153 6154 6155
f 6156 6157 6158
f 6159 6160 6161
f 6162 6163 6164
f 6165 6166 6167
f 6168 6169 6170
f 6171 6172 6173
f 6141 6174 6142
f 6175 6176 6177
f 6178 6179 6180
f 6181 6182 6183
f 6184 6185 6186
f 6187 6188 6189
f 6190 6191 6192
f 6190 6192 6193
f 6194 6195 6196
f 6197 6198 6199
f 6200 6201 6202
f 6203 6204 6205
f 6206 6207 6208
f 6209 6210 6211
f 6212 6213 6214
f 6215 6216 6217
f 6218 6219 6220
f 6221 6222 6223
f 6221 6223 6224
f 6225 6226 6227
f 6228 6229 6230
f 6231 6232 6233
f 6234 6235 6236
f 6237 6238 6239
f 6240 6241 6242
f 6243 6244 6245
f 6243 6245 6246
f 6247 6248 6249
f 6250 6251 6252
f 6253 6254 6255
f 6256 6257 6258
f 6259 6260 6261
f 6262 6263 6264
f 6265 6266 6267
f 6268 6269 6270
f 6271 6272 6273
f 6274 6275 6276
f 6277 6278 6279
f 6280 6281 6282
f 6283 6284 6285
f 6286 6287 6288
f 6289 6290 6291
f 6292 6293 6294
f 6295 6296 6297
f 6298 6299 6300
f 6301 6302 6303
f 6304 6305 6306
f 6307 6308 6309
f 6310 6311 6312
f 6313 6314 6315
f 6316 6317 6318
f 6319 6320 6321
f 6322 6323 6324
f 6325 6326 6327
f 6328 6329 6330
f 6331 6332 6333
f 6334 6335 6336
f 6337 6338 6339
f 6340 6341 6342
f 6343 6344 6345
f 6346 6347 6348
f 6349 6350 6351
f 6352 6353 6354
f 6355 6356 6357
f 6358 6359 6360
f 6361 6362 6363
f 6364 6365 6366
f 6367 6368 6369
f 6370 6371 6372
f 6373 6374 6375
f 6376 6377 6378
f 6379 6380 6381
f 6382 6383 6384
f 6385 6386 6387
f 6388 6389 6390
f 6391 6392 6393
f 6394 6395 6396
f 6397 6398 6399
f 6400 6401 6402
f 6403 6404 6405
f 6406 6407 6408
f 6409 6410 6411
f 6412 6413 6414
f 6415 6416 6417
f 6418 6419 6420
f 6421 6422 6423
f 6424 6425 6426
f 6427 6428 6429
f 6430 6431 6432
f 6433 6434 6435
f 6436 6437 6438
f 6439 6440 6441
f 6442 6443 6444
f 6445 6446 6447
f 6448 6449 6450
f 6451 6452 6453
f 6454 6455 6456
f 6457 6458 6459
f 6460 6461 6462
f 6463 6464 6465
f 6466 6467 6468
f 6469 6470 6471
f 6472 6473 6474
f 6475 6476 6477
f 6478 6479 6480
f 6481 6482 6483
f 6484 6485 6486
f 6487 6488 6489
f 6490 6491 6492
f 6493 6494 6495
f 6496 6497 6498
f 6499 6500 6501
f 6502 6503 6504
f 6505 6506 6507
f 6508 6509 6510
f 6511 6512 6513
f 6514 6515 6516
f 6517 6518 6519
f 6520 6521 6522
f 6520 6522 6523
f 6524 6525 6526
f 6524 6526 6527
f 6528 6529 6530
f 6528 6530 6531
f 6532 6533 6534
f 6532 6534 6535
f 6536 6537 6538
f 6536 6538 6539
f 6540 6541 6542
f 6540 6542 6543
f 6544 6545 6546
f 6544 6546 6547
f 6548 6549 6550
f 6548 6550 6551
f 6552 6553 6554
f 6552 6554 6555
f 6556 6557 6558
f 6556 6558 6559
f 6560 6561 6562
f 6560 6562 6563
f 6564 6565 6566
f 6564 6566 6567
f 6568 6569 6570
f 6568 6570 6571
f 6572 6573 6574
f 6572 6574 6575
f 6576 6577 6578
f 6576 6578 6579
f 6580 6581 6582
f 6580 6582 6583
f 6584 6585 6586
f 6584 6586 6587
f 6588 6589 6590
f 6591 6592 6593
f 6594 6595 6596
f 6597 6598 6599
f 6597 6599 6600
f 6601 6602 6603
f 6601 6603 6604
f 6605 6606 6607
f 6605 6607 6608
f 6609 6610 6611
f 6609 6611 6612
f 6613 6614 6615
f 6613 6615 6616
f 6617 6618 6619
f 6617 6619 6620
f 6621 6622 6623
f 6621 6623 6624
f 6625 6626 6627
f 6625 6627 6628
f 6629 6630 6631
f 6629 6631 6632
f 6633 6634 6635
f 6633 6635 6636
f 6637 6638 6639
f 6637 6639 6640
f 6641 6642 6643
f 6641 6643 6644
f 6645 6646 6647
f 6645 6647 6648
f 6649 6650 6651
f 6649 6651 6652
f 6653 6654 6655
f 6653 6655 6656
f 6657 6658 6659
f 6657 6659 6660
f 6661 6662 6663
f 6661 6663 6664
f 6665 6666 6667
f 6665 6667 6668
f 6669 6670 6671
f 6669 6671 6672
f 6673 6674 6675
f 6676 6677 6678
f 6679 6680 6681
f 6682 6683 6684
f 6682 6684 6685
f 6686 6687 6688
f 6686 6688 6689
f 6690 6691 6692
f 6690 6692 6693
f 6694 6695 6696
f 6694 6696 6697
f 6698 6699 6700
f 6698 6700 6701
f 6702 6703 6704
f 6702 6704 6705
f 6706 6707 6708
f 6706 6708 6709
f 6710 6711 6712
f 6710 6712 6713
f 6714 6715 6716
f 6714 6716 6717
f 6718 6719 6720
f 6718 6720 6721
f 6722 6723 6724
f 6722 6724 6725
f 6726 6727 6728
f 6726 6728 6729
f 6730 6731 6732
f 6730 6732 6733
f 6734 6735 6736
f 6734 6736 6737
f 6738 6739 6740
f 6738 6740 6741
f 6742 6743 6744
f 6742 6744 6745
f 6746 6747 6748
f 6746 6748 6749
f 6750 6751 6752
f 6750 6752 6753
f 6754 6755 6756
f 6754 6756 6757
f 6758 6759 6760
f 6761 6762 6763
f 6764 6765 6766
f 6767 6768 6769
f 6767 6769 6770
f 6771 6772 6773
f 6771 6773 6774
f 6775 6776 6777
f 6775 6777 6778
f 6779 6780 6781
f 6779 6781 6782
f 6783 6784 6785
f 6783 6785 6786
f 6787 6788 6789
f 6787 6789 6790
f 6791 6792 6793
f 6791 6793 6794
f 6795 6796 6797
f 6795 6797 6798
f 6799 6800 6801
f 6799 6801 6802
f 6803 6804 6805
f 6803 6805 6806
f 6807 6808 6809
f 6807 6809 6810
f 6811 6812 6813
f 6811 6813 6814
f 6815 6816 6817
f 6815 6817 6818
f 6819 6820 6821
f 6819 6821 6822
f 6823 6824 6825
f 6823 6825 6826
f 6827 6828 6829
f 6827 6829 6830
f 6831 6832 6833
f 6831 6833 6834
f 6835 6836 6837
f 6835 6837 6838
f 6839 6840 6841
f 6839 6841 6842
f 6843 6844 6845
f 6846 6847 6848
f 6849 6850 6851
f 6852 6853 6854
f 6855 6856 6857
f 6858 6859 6860
f 6861 6862 6863
f 6864 6865 6866
f 6867 6868 6869
f 6870 6871 6872
f 6870 6872 6873
f 6874 6875 6876
f 6874 6876 6877
f 6878 6879 6880
f 6878 6880 6881
f 6882 6883 6884
f 6882 6884 6885
f 6886 6887 6888
f 6886 6888 6889
f 6890 6891 6892
f 6890 6892 6893
f 6894 6895 6896
f 6894 6896 6897
f 6898 6899 6900
f 6898 6900 6901
f 6902 6903 6904
f 6902 6904 6905
f 6906 6907 6908
f 6906 6908 6909
f 6910 6911 6912
f 6910 6912 6913
f 6914 6915 6916
f 6914 6916 6917
f 6918 6919 6920
f 6918 6920 6921
f 6922 6923 6924
f 6922 6924 6925
f 6926 6927 6928
f 6926 6928 6929
f 6930 6931 6932
f 6930 6932 6933
f 6934 6935 6936
f 6934 6936 6937
f 6938 6939 6940
f 6938 6940 6941
f 6942 6943 6944
f 6942 6944 6945
f 6946 6947 6948
f 6946 6948 6949
f 6950 6951 6952
f 6950 6952 6953
f 6954 6955 6956
f 6957 6958 6959
f 6960 6961 6962
f 6962 6961 6963
f 6964 6965 6966
f 6966 6965 6967
f 6966 6967 6968
f 6964 6966 6960
f 6960 6966 6969
f 6960 6969 6970
f 6971 6972 6960
f 6960 6972 6973
f 6960 6973 6961
f 6974 6975 6963
f 6963 6975 6976
f 6977 6978 6979
f 6979 6978 6980
f 6979 6980 6967
f 6967 6980 6981
f 6967 6981 6968
f 6976 6982 6963
f 6963 6982 6983
f 6963 6983 6962
f 6984 6985 6960
f 6960 6985 6986
f 6987 6988 6963
f 6963 6988 6989
f 6963 6989 6974
f 6977 6990 6978
f 6978 6990 6991
f 6978 6991 6992
f 6986 6993 6960
f 6960 6993 6994
f 6960 6994 6971
f 6970 6995 6960
f 6960 6995 6996
f 6960 6996 6984
f 6997 6998 6999
f 7000 7001 7002
f 7002 7003 7000
f 7000 7003 7004
f 7000 7004 6997
f 6999 7005 6997
f 6997 7005 7006
f 6997 7006 7000
f 7007 7008 6963
f 6963 7008 7009
f 6963 7009 6987
f 6998 6997 6963
f 7010 6997 7011
f 7010 7011 7007
f 7012 7013 7014
f 7015 7016 7017
f 7018 7019 7020
f 7021 7022 7023
f 7024 7025 7026
f 7027 7028 7029
f 7030 7031 7032
f 7033 7034 7035
f 7036 7037 7038
f 7039 7040 7041
f 7042 7043 7044
f 7042 7044 7045
f 7046 7047 7048
f 7046 7048 7049
f 7050 7051 7052
f 7050 7052 7053
f 7054 7055 7056
f 7057 7058 7059
f 7060 7061 7062
f 7063 7064 7065
f 7066 7067 7068
f 7069 7070 7071
f 7072 7073 7074
f 7075 7076 7077
f 7078 7079 7080
f 7081 7082 7083
f 7084 7085 7086
f 7087 7088 7089
f 7090 7091 7092
f 7093 7094 7095
f 7096 7097 7098
f 7099 7100 7101
f 7102 7103 7104
f 7105 7106 7107
f 7108 7109 7110
f 7111 7112 7113
f 7114 7115 7116
f 7117 7118 7119
f 7120 7121 7122
f 7123 7124 7125
f 7126 7127 7128
f 7129 7130 7131
f 7132 7133 7134
f 7135 7136 7137
f 7138 7139 7140
f 7141 7142 7143
f 7144 7145 7146
f 7147 7148 7149
f 7150 7151 7152
f 7153 7154 7155
f 7155 7154 7156
f 7157 7158 7159
f 7159 7158 7160
f 7161 7162 7163
f 7164 7165 7166
f 7167 7168 7169
f 7170 7171 7172
f 7173 7174 7175
f 7176 7177 7178
f 7179 7180 7181
f 7182 7183 7184
f 7185 7186 7187
f 7188 7189 7190
f 7191 7192 7193
f 7194 7195 7196
f 7197 7198 7199
f 7200 7201 7202
f 7203 7204 7205
f 7206 7207 7208
f 7206 7208 7209
f 7210 7211 7212
f 7210 7212 7213
f 7214 7215 7216
f 7214 7216 7217
f 7218 7219 7220
f 7218 7220 7221
f 7222 7223 7224
f 7222 7224 7225
f 7226 7227 7228
f 7228 7227 7229
f 7230 7231 7232
f 7232 7231 7233
f 7234 7235 7236
f 7237 7238 7239
f 7240 7241 7242
f 7243 7244 7245
f 7246 7247 7248
f 7249 7250 7251
f 7252 7253 7254
f 7255 7256 7257
f 7258 7259 7260
f 7261 7262 7263
f 7264 7265 7266
f 7264 7266 7267
f 7268 7269 7270
f 7271 7272 7273
f 7274 7275 7276
f 7274 7276 7277
f 7278 7279 7280
f 7278 7280 7281
f 7282 7283 7284
f 7282 7284 7285
f 7286 7287 7288
f 7286 7288 7289
f 7290 7291 7292
f 7290 7292 7293
f 7294 7295 7296
f 7294 7296 7297
f 7298 7299 7300
f 7298 7300 7301
f 7302 7303 7304
f 7305 7306 7307
f 7308 7309 7310
f 7311 7312 7313
f 7314 7315 7316
f 7314 7316 7317
f 7318 7319 7320
f 7320 7319 7321
f 7322 7323 7324
f 7325 7326 7327
f 7328 7329 7330
f 7331 7332 7333
f 7334 7335 7336
f 7334 7336 7337
f 7338 7339 7340
f 7341 7342 7343
f 7344 7345 7346
f 7347 7348 7349
f 7350 7351 7352
f 7353 7354 7355
f 7356 7357 7358
f 7359 7360 7361
f 7359 7361 7362
f 7363 7364 7365
f 7366 7367 7368
f 7369 7370 7371
f 7372 7373 7374
f 7375 7376 7377
f 7378 7379 7380
f 7378 7380 7381
f 7382 7383 7384
f 7384 7383 7385
f 7386 7387 7388
f 7388 7387 7389
f 7390 7391 7392
f 7393 7394 7395
f 7396 7397 7398
f 7399 7400 7401
f 7402 7403 7404
f 7405 7406 7407
f 7408 7409 7410
f 7411 7412 7413
f 7414 7415 7416
f 7417 7418 7419
f 7420 7421 7422
f 7423 7424 7425
f 7426 7427 7428
f 7429 7430 7431
f 7432 7433 7434
f 7435 7436 7437
f 7438 7439 7440
f 7441 7442 7443
f 7444 7445 7446
f 7444 7446 7447
f 7448 7449 7450
f 7451 7452 7453
f 7454 7455 7456
f 7457 7458 7459
f 7460 7461 7462
f 7463 7464 7465
f 7466 7467 7468
f 7469 7470 7471
f 7472 7473 7474
f 7475 7476 7477
f 7478 7479 7480
f 7481 7482 7483
f 7484 7485 7486
f 7487 7488 7489
f 7490 7491 7492
f 7493 7494 7495
f 7496 7497 7498
f 7499 7500 7501
f 7502 7503 7504
f 7505 7506 7507
f 7508 7509 7510
f 7508 7510 7511
f 7512 7513 7514
f 7512 7514 7515
f 7516 7517 7518
f 7516 7518 7519
f 7520 7521 7522
f 7522 7521 7523
f 7524 7525 7526
f 7527 7528 7529
f 7530 7531 7532
f 7533 7534 7535
f 7536 7537 7538
f 7539 7540 7541
f 7542 7543 7544
f 7545 7546 7547
f 7548 7549 7550
f 7551 7552 7553
f 7554 7555 7556
f 7557 7558 7559
f 7560 7561 7562
f 7563 7564 7565
f 7566 7567 7568
f 7569 7570 7571
f 7572 7573 7574
f 7575 7576 7577
f 7578 7579 7580
f 7581 7582 7583
f 7584 7585 7586
f 7587 7588 7589
f 7590 7591 7592
f 7593 7594 7595
f 7596 7597 7598
f 7599 7600 7601
f 7602 7603 7604
f 7605 7606 7607
f 7608 7609 7610
f 7611 7612 7613
f 7614 7615 7616
f 7617 7618 7619
f 7620 7621 7622
f 7623 7624 7625
f 7626 7627 7628
f 7629 7630 7631
f 7632 7633 7634
f 7635 7636 7637
f 7638 7639 7640
f 7641 7642 7643
f 7644 7645 7646
f 7647 7648 7649
f 7650 7651 7652
f 7653 7654 7655
f 7656 7657 7658
f 7659 7660 7661
f 7662 7663 7664
f 7665 7666 7667
f 7668 7669 7670
f 7671 7672 7673
f 7674 7675 7676
f 7677 7678 7679
f 7680 7681 7682
f 7683 7684 7685
f 7686 7687 7688
f 7689 7690 7691
f 7692 7693 7694
f 7695 7696 7697
f 7698 7699 7700
f 7701 7702 7703
f 7704 7705 7706
f 7707 7708 7709
f 7710 7711 7712
f 7713 7714 7715
f 7716 7717 7718
f 7719 7720 7721
f 7722 7723 7724
f 7725 7726 7727
f 7728 7729 7730
f 7731 7732 7733
f 7734 7735 7736
f 7737 7738 7739
f 7740 7741 7742
f 7743 7744 7745
f 7746 7747 7748
f 7749 7750 7751
f 7752 7753 7754
f 7755 7756 7757
f 7758 7759 7760
f 7761 7762 7763
f 7764 7765 7766
f 7767 7768 7769
f 7770 7771 7772
f 7773 7774 7775
f 7776 7777 7778
f 7779 7780 7781
f 7782 7783 7784
f 7785 7786 7787
f 7788 7789 7790
f 7791 7792 7793
f 7794 7795 7796
f 7797 7798 7799
f 7800 7801 7802
f 7803 7804 7805
f 7806 7807 7808
f 7809 7810 7811
f 7812 7813 7814
f 7815 7816 7817
f 7818 7819 7820
f 7821 7822 7823
f 7824 7825 7826
f 7827 7828 7829
f 7830 7831 7832
f 7833 7834 7835
f 7836 7837 7838
f 7839 7840 7841
f 7842 7843 7844
f 7845 7846 7847
f 7848 7849 7850
f 7851 7852 7853
f 7854 7855 7856
f 7857 7858 7859
f 7860 7861 7862
f 7863 7864 7865
f 7866 7867 7868
f 7869 7870 7871
f 7872 7873 7874
f 7875 7876 7877
f 7878 7879 7880
f 7881 7882 7883
f 7884 7885 7886
f 7887 7888 7889
f 7890 7891 7892
f 7893 7894 7895
f 7896 7897 7898
f 7899 7900 7901
f 7902 7903 7904
f 7905 7906 7907
f 7908 7909 7910
f 7911 7912 7913
f 7914 7915 7916
f 7917 7918 7919
f 7920 7921 7922
f 7923 7924 7925
f 7926 7927 7928
f 7929 7930 7931
f 7932 7933 7934
f 7935 7936 7937
f 7938 7939 7940
f 7941 7942 7943
f 7944 7945 7946
f 7947 7948 7949
f 7950 7951 7952
f 7953 7954 7955
f 7956 7957 7958
f 7959 7960 7961
f 7962 7963 7964
f 7965 7966 7967
f 7968 7969 7970
f 7971 7972 7973
f 7974 7975 7976
f 7977 7978 7979
f 7980 7981 7982
f 7983 7984 7985
f 7986 7987 7988
f 7989 7990 7991
f 7992 7993 7994
f 7995 7996 7997
f 7998 7999 8000
f 8001 8002 8003
f 8004 8005 8006
f 8007 8008 8009
f 8010 8011 8012
f 8013 8014 8015
f 8016 8017 8018
f 8019 8020 8021
f 8022 8023 8024
f 8025 8026 8027
f 8028 8029 8030
f 8031 8032 8033
f 8034 8035 8036
f 8037 8038 8039
f 8040 8041 8042
f 8043 8044 8045
f 8046 8047 8048
f 8049 8050 8051
f 8052 8053 8054
f 8055 8056 8057
f 8058 8059 8060
f 8061 8062 8063
f 8064 8065 8066
f 8067 8068 8069
f 8070 8071 8072
f 8073 8074 8075
f 8076 8077 8078
f 8079 8080 8081
f 8082 8083 8084
f 8085 8086 8087
f 8088 8089 8090
f 8091 8092 8093
f 8094 8095 8096
f 8097 8098 8099
f 8100 8101 8102
f 8103 8104 8105
f 8106 8107 8108
f 8109 8110 8111
f 8112 8113 8114
f 8115 8116 8117
f 8118 8119 8120
f 8121 8122 8123
f 8124 8125 8126
f 8127 8128 8129
f 8130 8131 8132
f 8133 8134 8135
f 8136 8137 8138
f 8139 8140 8141
f 8142 8143 8144
f 8145 8146 8147
f 8148 8149 8150
f 8151 8152 8153
f 8154 8155 8156
f 8157 8158 8159
f 8160 8161 8162
f 8163 8164 8165
f 8166 8167 8168
f 8169 8170 8171
f 8172 8173 8174
f 8175 8176 8177
f 8178 8179 8180
f 8181 8182 8183
f 8184 8185 8186
f 8187 8188 8189
f 8190 8191 8192
f 8193 8194 8195
f 8196 8197 8198
f 8199 8200 8201
f 8202 8203 8204
f 8205 8206 8207
f 8208 8209 8210
f 8211 8212 8213
f 8214 8215 8216
f 8217 8218 8219
f 8220 8221 8222
f 8223 8224 8225
f 8226 8227 8228
f 8229 8230 8231
f 8232 8233 8234
f 8235 8236 8237
f 8238 8239 8240
f 8241 8242 8243
f 8244 8245 8246
f 8247 8248 8249
f 8250 8251 8252
f 8253 8254 8255
f 8256 8257 8258
f 8259 8260 8261
f 8262 8263 8264
f 8265 8266 8267
f 8268 8269 8270
f 8271 8272 8273
f 8274 8275 8276
f 8277 8278 8279
f 8280 8281 8282
f 8283 8284 8285
f 8286 8287 8288
f 8289 8290 8291
f 8292 8293 8294
f 8295 8296 8297
f 8298 8299 8300
f 8301 8302 8303
f 8304 8305 8306
f 8307 8308 8309
f 8310 8311 8312
f 8313 8314 8315
f 8316 8317 8318
f 8319 8320 8321
f 8322 8323 8324
f 8325 8326 8327
f 8328 8329 8330
f 8331 8332 8333
f 8334 8335 8336
f 8337 8338 8339
f 8340 8341 8342
f 8343 8344 8345
f 8346 8347 8348
f 8349 8350 8351
f 8352 8353 8354
f 8355 8356 8357
f 8358 8359 8360
f 8361 8362 8363
f 8364 8365 8366
f 8367 8368 8369
f 8370 8371 8372
f 8373 8374 8375
f 8376 8377 8378
f 8379 8380 8381
f 8382 8383 8384
f 8385 8386 8387
f 8388 8389 8390
f 8391 8392 8393
f 8394 8395 8396
f 8397 8398 8399
f 8400 8401 8402
f 8403 8404 8405
f 8406 8407 8408
f 8409 8410 8411
f 8412 8413 8414
f 8415 8416 8417
f 8418 8419 8420
f 8421 8422 8423
f 8424 8425 8426
f 8427 8428 8429
f 8430 8431 8432
f 8433 8434 8435
f 8436 8437 8438
f 8439 8440 8441
f 8442 8443 8444
f 8445 8446 8447
f 8448 8449 8450
f 8451 8452 8453
f 8454 8455 8456
f 8457 8458 8459
f 8460 8461 8462
f 8463 8464 8465
f 8466 8467 8468
f 8469 8470 8471
f 8472 8473 8474
f 8475 8476 8477
f 8478 8479 8480
f 8481 8482 8483
f 8484 8485 8486
f 8487 8488 8489
f 8490 8491 8492
f 8493 8494 8495
f 8496 8497 8498
f 8499 8500 8501
f 8502 8503 8504
f 8505 8506 8507
f 8508 8509 8510
f 8511 8512 8513
f 8514 8515 8516
f 8517 8518 8519
f 8520 8521 8522
f 8523 8524 8525
f 8526 8527 8528
f 8529 8530 8531
f 8532 8533 8534
f 8535 8536 8537
f 8538 8539 8540
f 8541 8542 8543
f 8544 8545 8546
f 8547 8548 8549
f 8550 8551 8552
f 8553 8554 8555
f 8556 8557 8558
f 8559 8560 8561
f 8562 8563 8564
f 8565 8566 8567
f 8568 8569 8570
f 8571 8572 8573
f 8574 8575 8576
f 8577 8578 8579
f 8580 8581 8582
f 8583 8584 8585
f 8586 8587 8588
f 8589 8590 8591
f 8592 8593 8594
f 8595 8596 8597
f 8598 8599 8600
f 8601 8602 8603
f 8604 8605 8606
f 8607 8608 8609
f 8610 8611 8612
f 8613 8614 8615
f 8616 8617 8618
f 8619 8620 8621
f 8622 8623 8624
f 8625 8626 8627
f 8628 8629 8630
f 8631 8632 8633
f 8634 8635 8636
f 8637 8638 8639
f 8640 8641 8642
f 8643 8644 8645
f 8646 8647 8648
f 8649 8650 8651
f 8652 8653 8654
f 8655 8656 8657
f 8658 8659 8660
f 8661 8662 8663
f 8664 8665 8666
f 8667 8668 8669
f 8670 8671 8672
f 8673 8674 8675
f 8676 8677 8678
f 8679 8680 8681
f 8682 8683 8684
f 8684 8683 8685
f 8686 8687 8688
f 8689 8685 8690
f 8689 8690 8691
f 8691 8690 8692
f 8691 8692 8693
f 8693 8692 8694
f 8693 8694 8695
f 8695 8694 8696
f 8695 8696 8697
f 8697 8696 8698
f 8697 8698 8699
f 8699 8698 8700
f 8699 8700 8701
f 8701 8700 8702
f 8703 8704 8705
f 8706 8707 8708
f 8709 8710 8711
f 8712 8713 8714
f 8715 8716 8717
f 8718 8719 8720
f 8721 8722 8723
f 8724 8725 8726
f 8727 8728 8729
f 8730 8731 8732
f 8733 8734 8735
f 8736 8737 8738
f 8739 8740 8741
f 8742 8743 8744
f 8745 8746 8747
f 8748 8749 8750
f 8751 8752 8753
f 8754 8755 8756
f 8757 8758 8759
f 8760 8761 8762
f 8763 8764 8765
f 8766 8767 8768
f 8769 8770 8771
f 8772 8773 8774
f 8775 8776 8777
f 8778 8779 8780
f 8781 8782 8783
f 8784 8785 8786
f 8787 8788 8789
f 8790 8791 8792
f 8793 8794 8795
f 8796 8797 8798
f 8799 8800 8801
f 8802 8803 8804
f 8805 8806 8807
f 8808 8809 8810
f 8811 8812 8813
f 8814 8815 8816
f 8817 8818 8819
f 8820 8821 8822
f 8823 8824 8825
f 8826 8827 8828
f 8829 8830 8831
f 8832 8833 8834
f 8835 8836 8837
f 8838 8839 8840
f 8841 8842 8843
f 8844 8845 8846
f 8847 8848 8849
f 8850 8851 8852
f 8853 8854 8855
f 8856 8857 8858
f 8859 8860 8861
f 8862 8863 8864
f 8865 8866 8867
f 8868 8869 8870
f 8871 8872 8873
f 8874 8875 8876
f 8877 8878 8879
f 8880 8881 8882
f 8883 8884 8885
f 8886 8887 8888
f 8889 8890 8891
f 8892 8893 8894
f 8895 8896 8897
f 8898 8899 8900
f 8901 8902 8903
f 8904 8905 8906
f 8907 8908 8909
f 8910 8911 8912
f 8913 8914 8915
f 8916 8917 8918
f 8919 8920 8921
f 8922 8923 8924
f 8925 8926 8927
f 8928 8929 8930
f 8927 8926 8924
f 8924 8926 8931
f 8924 8931 8932
f 8927 8933 8925
f 8925 8933 8934
f 8925 8934 8935
f 8935 8934 8936
f 8937 8938 8939
f 8939 8938 8928
f 8939 8928 8940
f 8940 8928 8930
f 8941 8942 8943
f 8944 8945 8946
f 8946 8945 8947
f 8946 8947 8936
f 8936 8947 8948
f 8936 8948 8935
f 8937 8949 8938
f 8938 8949 8950
f 8938 8950 8944
f 8944 8950 8951
f 8944 8951 8945
f 8929 8952 8930
f 8930 8952 8941
f 8930 8941 8953
f 8953 8941 8943
f 8932 8954 8924
f 8924 8954 8955
f 8924 8955 8956
f 8957 8958 8959
f 8960 8922 8924
f 8960 8924 8961
f 8961 8924 8956
f 8962 8963 8964
f 8963 8965 8966
f 8964 8967 8962
f 8962 8967 8968
f 8962 8968 8969
f 8966 8970 8963
f 8963 8970 8971
f 8972 8973 8974
f 8975 8976 8963
f 8972 8976 8977
f 8963 8977 8965
f 8978 8979 8980
f 8981 8982 8983
f 8975 8984 8976
f 8969 8985 8962
f 8962 8985 8986
f 8962 8986 8987
f 8987 8986 8988
f 8989 8990 8991
f 8992 8993 8994
f 8991 8995 8996
f 8997 8998 8999
f 8999 9000 9001
f 9001 9002 8999
f 8999 9002 9003
f 8999 9003 9004
f 8997 8999 9005
f 9004 9006 8999
f 8999 9006 9007
f 8999 9007 9005
f 9008 9009 9010
f 9010 9009 9011
