mtllib right_ankle_pitch_link_visuals.mtl
v -0.009000002406537533 0.003942178562283516 -1.8424890058099663e-08
v -0.00892903283238411 0.003942179959267378 0.001127984607592225
v -0.008929036557674408 0.0054421755485236645 0.0011279832106083632
v -0.008929036557674408 0.0054421755485236645 0.0011279832106083632
v -0.00892903283238411 0.003942179959267378 0.001127984607592225
v -0.008368002250790596 0.003942183218896389 0.0033131116069853306
v -0.008929036557674408 0.0054421755485236645 0.0011279832106083632
v -0.008368002250790596 0.003942183218896389 0.0033131116069853306
v -0.008367985486984253 0.005442178808152676 0.003313107416033745
v -0.008367985486984253 0.005442178808152676 0.003313107416033745
v -0.008368002250790596 0.003942183218896389 0.0033131116069853306
v -0.007281164638698101 0.0039421734400093555 0.005290057044476271
v -0.008367985486984253 0.005442178808152676 0.003313107416033745
v -0.007281164638698101 0.0039421734400093555 0.005290057044476271
v -0.007281157188117504 0.005442183930426836 0.005290064960718155
v -0.007281157188117504 0.005442183930426836 0.005290064960718155
v -0.007281164638698101 0.0039421734400093555 0.005290057044476271
v -0.005736821796745062 0.003942179027944803 0.0069346120581030846
v -0.005736825987696648 0.00544217461720109 0.006934610661119223
v -0.005736825987696648 0.00544217461720109 0.006934610661119223
v -0.005736821796745062 0.003942179027944803 0.0069346120581030846
v -0.0038320235908031464 0.003942170646041632 0.008143431507050991
v -0.003832015907391906 0.005442181136459112 0.008143438957631588
v -0.003832015907391906 0.005442181136459112 0.008143438957631588
v -0.0038320235908031464 0.003942170646041632 0.008143431507050991
v -0.0016864410135895014 0.003942177165299654 0.008840586058795452
v -0.0016864450881257653 0.005442172754555941 0.008840584196150303
v -0.0016864450881257653 0.005442172754555941 0.008840584196150303
v -0.0016864410135895014 0.003942177165299654 0.008840586058795452
v 0.0005651035462506115 0.003942183218896389 0.008982243947684765
v 0.0005650994717143476 0.005442178808152676 0.00898224301636219
v 0.0005650994717143476 0.005442178808152676 0.00898224301636219
v 0.0005651035462506115 0.003942183218896389 0.008982243947684765
v 0.0027811455074697733 0.003942173905670643 0.008559510111808777
v 0.0027811413165181875 0.005442184396088123 0.008559508249163628
v 0.0027811413165181875 0.005442184396088123 0.008559508249163628
v 0.0027811455074697733 0.003942173905670643 0.008559510111808777
v 0.00482243113219738 0.003942178562283516 0.0075989593751728535
v 0.004822426941245794 0.0054421741515398026 0.0075989579781889915
v 0.004822426941245794 0.0054421741515398026 0.0075989579781889915
v 0.00482243113219738 0.003942178562283516 0.0075989593751728535
v 0.006560718175023794 0.003942181821912527 0.0061609335243701935
v 0.006560713984072208 0.005442177411168814 0.0061609321273863316
v 0.006560713984072208 0.005442177411168814 0.0061609321273863316
v 0.006560718175023794 0.003942181821912527 0.0061609335243701935
v 0.007886754348874092 0.003942183684557676 0.004335799254477024
v 0.007886749692261219 0.005442179273813963 0.004335797857493162
v 0.007886749692261219 0.005442179273813963 0.004335797857493162
v 0.007886754348874092 0.003942183684557676 0.004335799254477024
v 0.008717255666851997 0.003942184150218964 0.0022382186725735664
v 0.008717251010239124 0.00544217973947525 0.0022382172755897045
v 0.008717251010239124 0.00544217973947525 0.0022382172755897045
v 0.008717255666851997 0.003942184150218964 0.0022382186725735664
v 0.008999998681247234 0.003942182753235102 5.767919919463793e-09
v 0.008717251010239124 0.00544217973947525 0.0022382172755897045
v 0.008999998681247234 0.003942182753235102 5.767919919463793e-09
v 0.009000006131827831 0.005442178342491388 1.3484266148111601e-08
v 0.009000006131827831 0.005442178342491388 1.3484266148111601e-08
v 0.008999998681247234 0.003942182753235102 5.767919919463793e-09
v 0.008717251010239124 0.003942179959267378 -0.0022382016759365797
v 0.008717247284948826 0.0054421755485236645 -0.0022382030729204416
v 0.008717247284948826 0.0054421755485236645 -0.0022382030729204416
v 0.008717251010239124 0.003942179959267378 -0.0022382016759365797
v 0.007886765524744987 0.003942175768315792 -0.004335779696702957
v 0.007886773906648159 0.005442171357572079 -0.00433577224612236
v 0.007886773906648159 0.005442171357572079 -0.00433577224612236
v 0.007886765524744987 0.003942175768315792 -0.004335779696702957
v 0.006560726556926966 0.003942170646041632 -0.006160906981676817
v 0.006560731213539839 0.005442181136459112 -0.0061609200201928616
v 0.006560731213539839 0.005442181136459112 -0.0061609200201928616
v 0.006560726556926966 0.003942170646041632 -0.006160906981676817
v 0.0048224544152617455 0.0039421794936060905 -0.007598948199301958
v 0.006560731213539839 0.005442181136459112 -0.0061609200201928616
v 0.0048224544152617455 0.0039421794936060905 -0.007598948199301958
v 0.00482245022431016 0.005442175082862377 -0.00759894959628582
v 0.00482245022431016 0.005442175082862377 -0.00759894959628582
v 0.0048224544152617455 0.0039421794936060905 -0.007598948199301958
v 0.002781165996566415 0.003942172974348068 -0.008559510111808777
v 0.002781161805614829 0.005442183464765549 -0.008559511043131351
v 0.002781161805614829 0.005442183464765549 -0.008559511043131351
v 0.002781165996566415 0.003942172974348068 -0.008559510111808777
v 0.0005651235114783049 0.00394218135625124 -0.008982245810329914
v 0.0005651312530972064 0.005442176945507526 -0.008982238359749317
v 0.0005651312530972064 0.005442176945507526 -0.008982238359749317
v 0.0005651235114783049 0.00394218135625124 -0.008982245810329914
v -0.0016864252975210547 0.003942175302654505 -0.00884058978408575
v -0.0016864176141098142 0.005442170891910791 -0.008840582333505154
v -0.0016864176141098142 0.005442170891910791 -0.008840582333505154
v -0.0016864252975210547 0.003942175302654505 -0.00884058978408575
v -0.0038319937884807587 0.003942185081541538 -0.008143449202179909
v -0.0038319977466017008 0.005442180670797825 -0.008143451064825058
v -0.0038319977466017008 0.005442180670797825 -0.008143451064825058
v -0.0038319937884807587 0.003942185081541538 -0.008143449202179909
v -0.0057368092238903046 0.0039421808905899525 -0.006934621836990118
v -0.00573681341484189 0.005442176479846239 -0.00693462323397398
v -0.00573681341484189 0.005442176479846239 -0.00693462323397398
v -0.0057368092238903046 0.0039421808905899525 -0.006934621836990118
v -0.007281146943569183 0.003942178096622229 -0.005290079861879349
v -0.007281150668859482 0.005442173685878515 -0.005290081258863211
v -0.007281150668859482 0.005442173685878515 -0.005290081258863211
v -0.007281146943569183 0.003942178096622229 -0.005290079861879349
v -0.008367985486984253 0.003942177165299654 -0.0033131402451545
v -0.007281150668859482 0.005442173685878515 -0.005290081258863211
v -0.008367985486984253 0.003942177165299654 -0.0033131402451545
v -0.008367977105081081 0.005442172754555941 -0.0033131325617432594
v -0.008367977105081081 0.005442172754555941 -0.0033131325617432594
v -0.008367985486984253 0.003942177165299654 -0.0033131402451545
v -0.008929036557674408 0.003942177630960941 -0.001128012198023498
v -0.008929029107093811 0.005442173220217228 -0.0011280043981969357
v -0.008929029107093811 0.005442173220217228 -0.0011280043981969357
v -0.008929036557674408 0.003942177630960941 -0.001128012198023498
v -0.009000002406537533 0.003942178562283516 -1.8424890058099663e-08
v -0.008929029107093811 0.005442173220217228 -0.0011280043981969357
v -0.009000002406537533 0.003942178562283516 -1.8424890058099663e-08
v -0.008929036557674408 0.0054421755485236645 0.0011279832106083632
v 0.008717251941561699 -0.004057821352034807 -0.002238191431388259
v 0.008999999612569809 -0.004057818558067083 1.5911973960669457e-08
v 0.009000003337860107 -0.005557829048484564 1.731383214575999e-08
v 0.009000003337860107 -0.005557829048484564 1.731383214575999e-08
v 0.008929034695029259 -0.005557815544307232 -0.0011279856553301215
v 0.008717251941561699 -0.004057821352034807 -0.002238191431388259
v 0.008717251941561699 -0.004057821352034807 -0.002238191431388259
v 0.008929034695029259 -0.005557815544307232 -0.0011279856553301215
v 0.008717244490981102 -0.005557816941291094 -0.0022381991147994995
v 0.008717251941561699 -0.004057821352034807 -0.002238191431388259
v 0.008717244490981102 -0.005557816941291094 -0.0022381991147994995
v 0.007886766456067562 -0.004057825542986393 -0.004335769917815924
v 0.008717244490981102 -0.005557816941291094 -0.0022381991147994995
v 0.008367994800209999 -0.005557818803936243 -0.0033131008967757225
v 0.007886766456067562 -0.004057825542986393 -0.004335769917815924
v 0.007886766456067562 -0.004057825542986393 -0.004335769917815924
v 0.008367994800209999 -0.005557818803936243 -0.0033131008967757225
v 0.007886771112680435 -0.00555782113224268 -0.004335768520832062
v 0.007886766456067562 -0.004057825542986393 -0.004335769917815924
v 0.007886771112680435 -0.00555782113224268 -0.004335768520832062
v 0.0065607246942818165 -0.0040578157640993595 -0.006160917691886425
v 0.007886771112680435 -0.00555782113224268 -0.004335768520832062
v 0.007281166035681963 -0.0055578239262104034 -0.005290058441460133
v 0.0065607246942818165 -0.0040578157640993595 -0.006160917691886425
v 0.0065607246942818165 -0.0040578157640993595 -0.006160917691886425
v 0.007281166035681963 -0.0055578239262104034 -0.005290058441460133
v 0.006560728419572115 -0.00555782625451684 -0.006160916294902563
v 0.0065607246942818165 -0.0040578157640993595 -0.006160917691886425
v 0.006560728419572115 -0.00555782625451684 -0.006160916294902563
v 0.00482244323939085 -0.0040578218176960945 -0.007598946802318096
v 0.006560728419572115 -0.00555782625451684 -0.006160916294902563
v 0.005736823193728924 -0.005557829514145851 -0.006934612989425659
v 0.00482244323939085 -0.0040578218176960945 -0.007598946802318096
v 0.00482244323939085 -0.0040578218176960945 -0.007598946802318096
v 0.005736823193728924 -0.005557829514145851 -0.006934612989425659
v 0.004822447430342436 -0.005557817406952381 -0.007598945405334234
v 0.00482244323939085 -0.0040578218176960945 -0.007598946802318096
v 0.004822447430342436 -0.005557817406952381 -0.007598945405334234
v 0.002781166695058346 -0.004057828336954117 -0.008559499867260456
v 0.004822447430342436 -0.005557817406952381 -0.007598945405334234
v 0.0038320249877870083 -0.005557820666581392 -0.008143432438373566
v 0.002781166695058346 -0.004057828336954117 -0.008559499867260456
v 0.002781166695058346 -0.004057828336954117 -0.008559499867260456
v 0.0038320249877870083 -0.005557820666581392 -0.008143432438373566
v 0.0027811590116471052 -0.0055578239262104034 -0.008559507317841053
v 0.002781166695058346 -0.004057828336954117 -0.008559499867260456
v 0.0027811590116471052 -0.0055578239262104034 -0.008559507317841053
v 0.0005651243845932186 -0.004057819955050945 -0.008982236497104168
v 0.0027811590116471052 -0.0055578239262104034 -0.008559507317841053
v 0.0016864424105733633 -0.005557827185839415 -0.008840586990118027
v 0.0005651243845932186 -0.004057819955050945 -0.008982236497104168
v 0.0005651243845932186 -0.004057819955050945 -0.008982236497104168
v 0.0016864424105733633 -0.005557827185839415 -0.008840586990118027
v 0.0005651284591294825 -0.005557815544307232 -0.008982234634459019
v 0.0005651243845932186 -0.004057819955050945 -0.008982236497104168
v 0.0005651284591294825 -0.005557815544307232 -0.008982234634459019
v -0.0016864152858033776 -0.00405782600864768 -0.0088405916467309
v 0.0005651284591294825 -0.005557815544307232 -0.008982234634459019
v -0.0005651021492667496 -0.005557818803936243 -0.00898224487900734
v -0.0016864152858033776 -0.00405782600864768 -0.0088405916467309
v -0.0016864152858033776 -0.00405782600864768 -0.0088405916467309
v -0.0005651021492667496 -0.005557818803936243 -0.00898224487900734
v -0.0016864202916622162 -0.005557821597903967 -0.008840578608214855
v -0.0016864152858033776 -0.00405782600864768 -0.0088405916467309
v -0.0016864202916622162 -0.005557821597903967 -0.008840578608214855
v -0.0038320047315210104 -0.004057816229760647 -0.008143448270857334
v -0.0016864202916622162 -0.005557821597903967 -0.008840578608214855
v -0.0027811441104859114 -0.005557824391871691 -0.008559511043131351
v -0.0038320047315210104 -0.004057816229760647 -0.008143448270857334
v -0.0038320047315210104 -0.004057816229760647 -0.008143448270857334
v -0.0027811441104859114 -0.005557824391871691 -0.008559511043131351
v -0.0038320005405694246 -0.005557826720178127 -0.00814344733953476
v -0.0038320047315210104 -0.004057816229760647 -0.008143448270857334
v -0.0038320005405694246 -0.005557826720178127 -0.00814344733953476
v -0.005736811086535454 -0.004057820420712233 -0.006934632547199726
v -0.0038320005405694246 -0.005557826720178127 -0.00814344733953476
v -0.004822429735213518 -0.005557829048484564 -0.007598960772156715
v -0.005736811086535454 -0.004057820420712233 -0.006934632547199726
v -0.005736811086535454 -0.004057820420712233 -0.006934632547199726
v -0.004822429735213518 -0.005557829048484564 -0.007598960772156715
v -0.005736806895583868 -0.005557816009968519 -0.006934631150215864
v -0.005736811086535454 -0.004057820420712233 -0.006934632547199726
v -0.005736806895583868 -0.005557816009968519 -0.006934631150215864
v -0.007281146012246609 -0.0040578232146799564 -0.005290069617331028
v -0.007281146012246609 -0.0040578232146799564 -0.005290069617331028
v -0.005736806895583868 -0.005557816009968519 -0.006934631150215864
v -0.006560716778039932 -0.005557817406952381 -0.006160934455692768
v -0.006560716778039932 -0.005557817406952381 -0.006160934455692768
v -0.007281153462827206 -0.005557818803936243 -0.005290077533572912
v -0.007281146012246609 -0.0040578232146799564 -0.005290069617331028
v -0.007281146012246609 -0.0040578232146799564 -0.005290069617331028
v -0.007281153462827206 -0.005557818803936243 -0.005290077533572912
v -0.007886752486228943 -0.00555781926959753 -0.004335800651460886
v -0.007281146012246609 -0.0040578232146799564 -0.005290069617331028
v -0.007886752486228943 -0.00555781926959753 -0.004335800651460886
v -0.008367984555661678 -0.004057824146002531 -0.003313130233436823
v -0.007886752486228943 -0.00555781926959753 -0.004335800651460886
v -0.008367979899048805 -0.005557819735258818 -0.003313128836452961
v -0.008367984555661678 -0.004057824146002531 -0.003313130233436823
v -0.008367984555661678 -0.004057824146002531 -0.003313130233436823
v -0.008367979899048805 -0.005557819735258818 -0.003313128836452961
v -0.008717253804206848 -0.005557819735258818 -0.0022382198367267847
v -0.008367984555661678 -0.004057824146002531 -0.003313130233436823
v -0.008717253804206848 -0.005557819735258818 -0.0022382198367267847
v -0.008929027244448662 -0.004057823680341244 -0.0011280138278380036
v -0.008929027244448662 -0.004057823680341244 -0.0011280138278380036
v -0.008717253804206848 -0.005557819735258818 -0.0022382198367267847
v -0.008929022587835789 -0.00555781926959753 -0.0011280124308541417
v -0.008929027244448662 -0.004057823680341244 -0.0011280138278380036
v -0.008929022587835789 -0.00555781926959753 -0.0011280124308541417
v -0.009000001475214958 -0.004057822749018669 -8.28083646098321e-09
v -0.008999996818602085 -0.005557818338274956 -6.878992042658183e-09
v -0.009000001475214958 -0.004057822749018669 -8.28083646098321e-09
v -0.008999996818602085 -0.005557818338274956 -6.878992042658183e-09
v -0.008929031901061535 -0.004057821352034807 0.001127994735725224
v -0.008999996818602085 -0.005557818338274956 -6.878992042658183e-09
v -0.008929039351642132 -0.005557816941291094 0.0011279870523139834
v -0.008929031901061535 -0.004057821352034807 0.001127994735725224
v -0.008929031901061535 -0.004057821352034807 0.001127994735725224
v -0.008929039351642132 -0.005557816941291094 0.0011279870523139834
v -0.008717249147593975 -0.005557815544307232 0.0022382005117833614
v -0.008929031901061535 -0.004057821352034807 0.001127994735725224
v -0.008717249147593975 -0.005557815544307232 0.0022382005117833614
v -0.00836799293756485 -0.004057818092405796 0.003313109977170825
v -0.008717249147593975 -0.005557815544307232 0.0022382005117833614
v -0.008367988280951977 -0.0055578285828232765 0.003313111374154687
v -0.00836799293756485 -0.004057818092405796 0.003313109977170825
v -0.00836799293756485 -0.004057818092405796 0.003313109977170825
v -0.008367988280951977 -0.0055578285828232765 0.003313111374154687
v -0.007886764593422413 -0.00555782625451684 0.0043357787653803825
v -0.00836799293756485 -0.004057818092405796 0.003313109977170825
v -0.007886764593422413 -0.00555782625451684 0.0043357787653803825
v -0.007281154859811068 -0.0040578278712928295 0.005290055647492409
v -0.007886764593422413 -0.00555782625451684 0.0043357787653803825
v -0.007281150668859482 -0.005557823460549116 0.005290057044476271
v -0.007281154859811068 -0.0040578278712928295 0.005290055647492409
v -0.007281154859811068 -0.0040578278712928295 0.005290055647492409
v -0.007281150668859482 -0.005557823460549116 0.005290057044476271
v -0.006560734007507563 -0.005557820666581392 0.006160917691886425
v -0.007281154859811068 -0.0040578278712928295 0.005290055647492409
v -0.006560734007507563 -0.005557820666581392 0.006160917691886425
v -0.005736832972615957 -0.004057822283357382 0.006934612989425659
v -0.006560734007507563 -0.005557820666581392 0.006160917691886425
v -0.0057368287816643715 -0.0055578178726136684 0.006934614386409521
v -0.005736832972615957 -0.004057822283357382 0.006934612989425659
v -0.005736832972615957 -0.004057822283357382 0.006934612989425659
v -0.0057368287816643715 -0.0055578178726136684 0.006934614386409521
v -0.0048224530182778835 -0.005557814612984657 0.007598946802318096
v -0.005736832972615957 -0.004057822283357382 0.006934612989425659
v -0.0048224530182778835 -0.005557814612984657 0.007598946802318096
v -0.0038320226594805717 -0.0040578157640993595 0.008143441751599312
v -0.0048224530182778835 -0.005557814612984657 0.007598946802318096
v -0.0038320187013596296 -0.00555782625451684 0.008143443614244461
v -0.0038320226594805717 -0.0040578157640993595 0.008143441751599312
v -0.0038320226594805717 -0.0040578157640993595 0.008143441751599312
v -0.0038320187013596296 -0.00555782625451684 0.008143443614244461
v -0.002781164599582553 -0.005557822994887829 0.008559508249163628
v -0.0038320226594805717 -0.0040578157640993595 0.008143441751599312
v -0.002781164599582553 -0.005557822994887829 0.008559508249163628
v -0.0016864427598193288 -0.004057824146002531 0.008840574882924557
v -0.002781164599582553 -0.005557822994887829 0.008559508249163628
v -0.0016864478820934892 -0.005557819735258818 0.008840587921440601
v -0.0016864427598193288 -0.004057824146002531 0.008840574882924557
v -0.0016864427598193288 -0.004057824146002531 0.008840574882924557
v -0.0016864478820934892 -0.005557819735258818 0.008840587921440601
v -0.0005651221144944429 -0.005557816941291094 0.00898224487900734
v -0.0016864427598193288 -0.004057824146002531 0.008840574882924557
v -0.0005651221144944429 -0.005557816941291094 0.00898224487900734
v 0.0005651017418131232 -0.004057818092405796 0.008982233703136444
v -0.0005651221144944429 -0.005557816941291094 0.00898224487900734
v 0.0005651058163493872 -0.0055578285828232765 0.008982234634459019
v 0.0005651017418131232 -0.004057818092405796 0.008982233703136444
v 0.0005651017418131232 -0.004057818092405796 0.008982233703136444
v 0.0005651058163493872 -0.0055578285828232765 0.008982234634459019
v 0.0016864266945049167 -0.005557825788855553 0.008840588852763176
v 0.0005651017418131232 -0.004057818092405796 0.008982233703136444
v 0.0016864266945049167 -0.005557825788855553 0.008840588852763176
v 0.0027811345644295216 -0.004057827405631542 0.008559511043131351
v 0.0016864266945049167 -0.005557825788855553 0.008840588852763176
v 0.0027811385225504637 -0.005557822994887829 0.0085595129057765
v 0.0027811345644295216 -0.004057827405631542 0.008559511043131351
v 0.0027811345644295216 -0.004057827405631542 0.008559511043131351
v 0.0027811385225504637 -0.005557822994887829 0.0085595129057765
v 0.0038319951854646206 -0.005557820666581392 0.008143448270857334
v 0.0027811345644295216 -0.004057827405631542 0.008559511043131351
v 0.0038319951854646206 -0.005557820666581392 0.008143448270857334
v 0.004822429269552231 -0.004057822749018669 0.007598948664963245
v 0.0038319951854646206 -0.005557820666581392 0.008143448270857334
v 0.004822433460503817 -0.005557818338274956 0.007598950061947107
v 0.004822429269552231 -0.004057822749018669 0.007598948664963245
v 0.004822429269552231 -0.004057822749018669 0.007598948664963245
v 0.004822433460503817 -0.005557818338274956 0.007598950061947107
v 0.0057368106208741665 -0.0055578164756298065 0.006934620905667543
v 0.004822429269552231 -0.004057822749018669 0.007598948664963245
v 0.0057368106208741665 -0.0055578164756298065 0.006934620905667543
v 0.006560707464814186 -0.004057819489389658 0.006160934455692768
v 0.006560707464814186 -0.004057819489389658 0.006160934455692768
v 0.0057368106208741665 -0.0055578164756298065 0.006934620905667543
v 0.0065607111901044846 -0.005557815078645945 0.00616093585267663
v 0.006560707464814186 -0.004057819489389658 0.006160934455692768
v 0.0065607111901044846 -0.005557815078645945 0.00616093585267663
v 0.007886752486228943 -0.004057817626744509 0.004335788544267416
v 0.0065607111901044846 -0.005557815078645945 0.00616093585267663
v 0.007281148340553045 -0.0055578285828232765 0.005290078930556774
v 0.007886752486228943 -0.004057817626744509 0.004335788544267416
v 0.007886752486228943 -0.004057817626744509 0.004335788544267416
v 0.007281148340553045 -0.0055578285828232765 0.005290078930556774
v 0.007886756211519241 -0.005557828117161989 0.004335789941251278
v 0.007886752486228943 -0.004057817626744509 0.004335788544267416
v 0.007886756211519241 -0.005557828117161989 0.004335789941251278
v 0.008717244490981102 -0.0040578171610832214 0.002238219603896141
v 0.007886756211519241 -0.005557828117161989 0.004335789941251278
v 0.008367986418306828 -0.005557827651500702 0.0033131393138319254
v 0.008717244490981102 -0.0040578171610832214 0.002238219603896141
v 0.008717244490981102 -0.0040578171610832214 0.002238219603896141
v 0.008367986418306828 -0.005557827651500702 0.0033131393138319254
v 0.0087172482162714 -0.005557827651500702 0.002238221000880003
v 0.008717244490981102 -0.0040578171610832214 0.002238219603896141
v 0.0087172482162714 -0.005557827651500702 0.002238221000880003
v 0.008999999612569809 -0.004057818558067083 1.5911973960669457e-08
v 0.008999999612569809 -0.004057818558067083 1.5911973960669457e-08
v 0.0087172482162714 -0.005557827651500702 0.002238221000880003
v 0.008929038420319557 -0.005557828117161989 0.0011280110338702798
v 0.008999999612569809 -0.004057818558067083 1.5911973960669457e-08
v 0.008929038420319557 -0.005557828117161989 0.0011280110338702798
v 0.009000003337860107 -0.005557829048484564 1.731383214575999e-08
v 0.0063000088557600975 0.0064421724528074265 -0.01655789650976658
v 0.006500012241303921 0.006242184434086084 -0.016640735790133476
v 0.00650001410394907 0.006442172918468714 -0.01684074103832245
v -0.004999989178031683 0.006442178972065449 -0.02455790527164936
v -0.004999983590096235 0.004442174918949604 -0.02455790340900421
v -0.004999978467822075 0.006442180834710598 -0.022557903081178665
v -0.004999983590096235 0.004442174918949604 -0.02455790340900421
v -0.004999989178031683 0.006442178972065449 -0.02455790527164936
v 0.0015000178245827556 0.006442181766033173 -0.024557892233133316
v 0.001500008744187653 -0.00655781477689743 -0.024557895958423615
v -0.004999986384063959 -0.006557817570865154 -0.024557899683713913
v -0.004999991971999407 -0.004557828418910503 -0.024557901546359062
v -0.01749998703598976 -0.004557817708700895 -0.02455790713429451
v -0.017499977722764015 0.004442170727998018 -0.02455790899693966
v -0.0039101471193134785 0.00023980946571100503 0.0045509119518101215
v -0.003399503417313099 0.00023992924252524972 0.003666526172310114
v -0.0038208879996091127 0.0005171800148673356 0.004626092035323381
v -0.0038208879996091127 0.0005171800148673356 0.004626092035323381
v -0.003399503417313099 0.00023992924252524972 0.003666526172310114
v -0.003312409622594714 0.0005171805387362838 0.00374538148753345
v -0.0038208879996091127 0.0005171800148673356 0.004626092035323381
v -0.003312409622594714 0.0005171805387362838 0.00374538148753345
v -0.003676473395898938 0.0007554649491794407 0.0047416831366717815
v -0.003676473395898938 0.0007554649491794407 0.0047416831366717815
v -0.003312409622594714 0.0005171805387362838 0.00374538148753345
v -0.0031708653550595045 0.000755450630094856 0.0038659486453980207
v -0.003676473395898938 0.0007554649491794407 0.0047416831366717815
v -0.0031708653550595045 0.000755450630094856 0.0038659486453980207
v -0.0034841641318053007 0.0009381091804243624 0.004884738475084305
v -0.0034841641318053007 0.0009381091804243624 0.004884738475084305
v -0.0031708653550595045 0.000755450630094856 0.0038659486453980207
v -0.002981383353471756 0.0009381097042933106 0.0040139006450772285
v -0.0034841641318053007 0.0009381091804243624 0.004884738475084305
v -0.002981383353471756 0.0009381097042933106 0.0040139006450772285
v -0.00325454818084836 0.0010528339771553874 0.005040624178946018
v -0.00325454818084836 0.0010528339771553874 0.005040624178946018
v -0.002981383353471756 0.0009381097042933106 0.0040139006450772285
v -0.002734753303229809 0.0010587056167423725 0.004185832105576992
v -0.00325454818084836 0.0010528339771553874 0.005040624178946018
v -0.002734753303229809 0.0010587056167423725 0.004185832105576992
v -0.002993481233716011 0.0010921589564532042 0.00519991060718894
v -0.002993481233716011 0.0010921589564532042 0.00519991060718894
v -0.002734753303229809 0.0010587056167423725 0.004185832105576992
v -0.002500009723007679 0.0010921744396910071 0.004330122377723455
v -0.002993481233716011 0.0010921589564532042 0.00519991060718894
v -0.002500009723007679 0.0010921744396910071 0.004330122377723455
v -0.002735062036663294 0.0010519415372982621 0.0053403619676828384
v -0.002735062036663294 0.0010519415372982621 0.0053403619676828384
v -0.002500009723007679 0.0010921744396910071 0.004330122377723455
v -0.0022374428808689117 0.0010528808925300837 0.004471446853131056
v -0.002735062036663294 0.0010519415372982621 0.0053403619676828384
v -0.0022374428808689117 0.0010528808925300837 0.004471446853131056
v -0.0024882343132048845 0.0009381123818457127 0.005459730979055166
v -0.0024882343132048845 0.0009381123818457127 0.005459730979055166
v -0.0022374428808689117 0.0010528808925300837 0.004471446853131056
v -0.0019854537677019835 0.0009381129639223218 0.00458889314904809
v -0.0024882343132048845 0.0009381123818457127 0.005459730979055166
v -0.0019854537677019835 0.0009381129639223218 0.00458889314904809
v -0.0022679665125906467 0.0007552162278443575 0.0055548399686813354
v -0.0022679665125906467 0.0007552162278443575 0.0055548399686813354
v -0.0019854537677019835 0.0009381129639223218 0.00458889314904809
v -0.0017623022431507707 0.0007551572052761912 0.004679130390286446
v -0.0022679665125906467 0.0007552162278443575 0.0055548399686813354
v -0.0017623022431507707 0.0007551572052761912 0.004679130390286446
v -0.002095884643495083 0.0005171707016415894 0.005622033029794693
v -0.002095884643495083 0.0005171707016415894 0.005622033029794693
v -0.0017623022431507707 0.0007551572052761912 0.004679130390286446
v -0.001587406382896006 0.0005171712837181985 0.004741322249174118
v -0.002095884643495083 0.0005171707016415894 0.005622033029794693
v -0.001587406382896006 0.0005171712837181985 0.004741322249174118
v -0.0019862474873661995 0.00024021806893870234 0.005661695264279842
v -0.0019862474873661995 0.00024021806893870234 0.005661695264279842
v -0.001587406382896006 0.0005171712837181985 0.004741322249174118
v -0.001475683762691915 0.00024038254923652858 0.004777266178280115
v -0.0019862474873661995 0.00024021806893870234 0.005661695264279842
v -0.001475683762691915 0.00024038254923652858 0.004777266178280115
v -0.0019484678050503135 -5.781994332210161e-05 0.005674815271049738
v -0.0019484678050503135 -5.781994332210161e-05 0.005674815271049738
v -0.001475683762691915 0.00024038254923652858 0.004777266178280115
v -0.0014370463322848082 -5.781937943538651e-05 0.004789033904671669
v -0.0019484678050503135 -5.781994332210161e-05 0.005674815271049738
v -0.0014370463322848082 -5.781937943538651e-05 0.004789033904671669
v -0.0019862905610352755 -0.00035599229158833623 0.005661679897457361
v -0.0019862905610352755 -0.00035599229158833623 0.005661679897457361
v -0.0014370463322848082 -5.781937943538651e-05 0.004789033904671669
v -0.0014757030876353383 -0.00035608114558272064 0.004777269437909126
v -0.0019862905610352755 -0.00035599229158833623 0.005661679897457361
v -0.0014757030876353383 -0.00035608114558272064 0.004777269437909126
v -0.002095893258228898 -0.0006328264134936035 0.0056220246478915215
v -0.0015874032396823168 -0.0006328258314169943 0.004741323180496693
v -0.002095893258228898 -0.0006328264134936035 0.0056220246478915215
v -0.0015874032396823168 -0.0006328258314169943 0.004741323180496693
v -0.0022679620888084173 -0.0008708431851118803 0.005554841365665197
v -0.0017623422900214791 -0.0008708426030352712 0.004679116420447826
v -0.0022679620888084173 -0.0008708431851118803 0.005554841365665197
v -0.0017623422900214791 -0.0008708426030352712 0.004679116420447826
v -0.0024882289581000805 -0.0010537556372582912 0.0054597328417003155
v -0.0024882289581000805 -0.0010537556372582912 0.0054597328417003155
v -0.0017623422900214791 -0.0008708426030352712 0.004679116420447826
v -0.0019854481797665358 -0.0010537550551816821 0.004588895011693239
v -0.0024882289581000805 -0.0010537556372582912 0.0054597328417003155
v -0.0019854481797665358 -0.0010537550551816821 0.004588895011693239
v -0.00273532816208899 -0.0011676609283313155 0.005340228788554668
v -0.00273532816208899 -0.0011676609283313155 0.005340228788554668
v -0.0019854481797665358 -0.0010537550551816821 0.004588895011693239
v -0.0022376407869160175 -0.001168584218248725 0.004471347201615572
v -0.00273532816208899 -0.0011676609283313155 0.005340228788554668
v -0.0022376407869160175 -0.001168584218248725 0.004471347201615572
v -0.0029999997932463884 -0.0012078203726559877 0.005196145735681057
v -0.0029999997932463884 -0.0012078203726559877 0.005196145735681057
v -0.0022376407869160175 -0.001168584218248725 0.004471347201615572
v -0.0025000034365803003 -0.0012078197905793786 0.004330124706029892
v -0.0029999997932463884 -0.0012078203726559877 0.005196145735681057
v -0.0025000034365803003 -0.0012078197905793786 0.004330124706029892
v -0.0032540434040129185 -0.001168646034784615 0.005040955729782581
v -0.0032540434040129185 -0.001168646034784615 0.005040955729782581
v -0.0025000034365803003 -0.0012078197905793786 0.004330124706029892
v -0.002734747249633074 -0.0011743525974452496 0.004185833968222141
v -0.0032540434040129185 -0.001168646034784615 0.005040955729782581
v -0.002734747249633074 -0.0011743525974452496 0.004185833968222141
v -0.0034841704182326794 -0.0010537439957261086 0.004884731490164995
v -0.0034841704182326794 -0.0010537439957261086 0.004884731490164995
v -0.002734747249633074 -0.0011743525974452496 0.004185833968222141
v -0.0029813898727297783 -0.0010537583148106933 0.004013893660157919
v -0.0034841704182326794 -0.0010537439957261086 0.004884731490164995
v -0.0029813898727297783 -0.0010537583148106933 0.004013893660157919
v -0.0036766105331480503 -0.0008709222893230617 0.004741575103253126
v -0.0036766105331480503 -0.0008709222893230617 0.004741575103253126
v -0.0029813898727297783 -0.0010537583148106933 0.004013893660157919
v -0.0031709789764136076 -0.0008709515095688403 0.003865859005600214
v -0.0036766105331480503 -0.0008709222893230617 0.004741575103253126
v -0.0031709789764136076 -0.0008709515095688403 0.003865859005600214
v -0.0038208940532058477 -0.0006328171002678573 0.004626105073839426
v -0.0038208940532058477 -0.0006328171002678573 0.004626105073839426
v -0.0031709789764136076 -0.0008709515095688403 0.003865859005600214
v -0.0033124065957963467 -0.0006328165763989091 0.0037453826516866684
v -0.0038208940532058477 -0.0006328171002678573 0.004626105073839426
v -0.0033124065957963467 -0.0006328165763989091 0.0037453826516866684
v -0.003909883555024862 -0.00035666910116560757 0.004551134072244167
v -0.003909883555024862 -0.00035666910116560757 0.004551134072244167
v -0.0033124065957963467 -0.0006328165763989091 0.0037453826516866684
v -0.003399298759177327 -0.00035656424006447196 0.0036667026579380035
v -0.003909883555024862 -0.00035666910116560757 0.004551134072244167
v -0.003399298759177327 -0.00035656424006447196 0.0036667026579380035
v -0.003940308932214975 -5.782643347629346e-05 0.00452480698004365
v -0.003940308932214975 -5.782643347629346e-05 0.00452480698004365
v -0.003399298759177327 -0.00035656424006447196 0.0036667026579380035
v -0.0034289085306227207 -5.782586958957836e-05 0.0036390286404639482
v -0.003940308932214975 -5.782643347629346e-05 0.00452480698004365
v -0.0034289085306227207 -5.782586958957836e-05 0.0036390286404639482
v -0.0039101471193134785 0.00023980946571100503 0.0045509119518101215
v -0.0039101471193134785 0.00023980946571100503 0.0045509119518101215
v -0.0034289085306227207 -5.782586958957836e-05 0.0036390286404639482
v -0.003399503417313099 0.00023992924252524972 0.003666526172310114
v 0.006500012241303921 0.006242184434086084 -0.016640735790133476
v 0.0063000088557600975 0.0064421724528074265 -0.01655789650976658
v 0.006500010844320059 0.006242184899747372 -0.016215307638049126
v 0.006500010844320059 0.006242184899747372 -0.016215307638049126
v 0.0063000088557600975 0.0064421724528074265 -0.01655789650976658
v 0.006300014443695545 0.006442172918468714 -0.01621532253921032
v 0.004865696188062429 0.006342183332890272 -0.014821788296103477
v 0.004844848997890949 0.0062421816401183605 -0.014723369851708412
v 0.005453942343592644 0.00624218350276351 -0.014785651117563248
v 0.004865696188062429 0.006342183332890272 -0.014821788296103477
v 0.005453942343592644 0.00624218350276351 -0.014785651117563248
v 0.004886115901172161 0.006442185025662184 -0.014920312911272049
v 0.004886115901172161 0.006442185025662184 -0.014920312911272049
v 0.005453942343592644 0.00624218350276351 -0.014785651117563248
v 0.005393426865339279 0.006442171521484852 -0.014976276084780693
v 0.005393426865339279 0.006442171521484852 -0.014976276084780693
v 0.005453942343592644 0.00624218350276351 -0.014785651117563248
v 0.005998712033033371 0.006242184434086084 -0.015096121467649937
v 0.0058655450120568275 0.0064421724528074265 -0.015245343558490276
v 0.0058655450120568275 0.0064421724528074265 -0.015245343558490276
v 0.005998712033033371 0.006242184434086084 -0.015096121467649937
v 0.006368956528604031 0.006242184899747372 -0.015602149069309235
v 0.0058655450120568275 0.0064421724528074265 -0.015245343558490276
v 0.006368956528604031 0.006242184899747372 -0.015602149069309235
v 0.00618643406778574 0.006442172918468714 -0.01568390056490898
v 0.00618643406778574 0.006442172918468714 -0.01568390056490898
v 0.006368956528604031 0.006242184899747372 -0.015602149069309235
v 0.006500010844320059 0.006242184899747372 -0.016215307638049126
v 0.00618643406778574 0.006442172918468714 -0.01568390056490898
v 0.006500010844320059 0.006242184899747372 -0.016215307638049126
v 0.006300014443695545 0.006442172918468714 -0.01621532253921032
v 0.004865696188062429 0.006342183332890272 -0.014821788296103477
v 0.004886115901172161 0.006442185025662184 -0.014920312911272049
v 0.002457077382132411 0.006442178040742874 -0.015506536699831486
v 0.004844848997890949 0.0062421816401183605 -0.014723369851708412
v 0.004865696188062429 0.006342183332890272 -0.014821788296103477
v 0.0024257865734398365 0.006242174655199051 -0.01530899666249752
v 0.0024257865734398365 0.006242174655199051 -0.01530899666249752
v 0.004865696188062429 0.006342183332890272 -0.014821788296103477
v 0.002457077382132411 0.006442178040742874 -0.015506536699831486
v 0.0024257865734398365 0.006242174655199051 -0.01530899666249752
v 0.002457077382132411 0.006442178040742874 -0.015506536699831486
v -0.00016438448801636696 0.006242182571440935 -0.015499123372137547
v -0.00016438448801636696 0.006242182571440935 -0.015499123372137547
v 0.002457077382132411 0.006442178040742874 -0.015506536699831486
v -0.00016650483303237706 0.006442170590162277 -0.01569911278784275
v -0.00016438448801636696 0.006242182571440935 -0.015499123372137547
v -0.00016650483303237706 0.006442170590162277 -0.01569911278784275
v -0.002749939449131489 0.0062421755865216255 -0.015254107303917408
v -0.002749939449131489 0.0062421755865216255 -0.015254107303917408
v -0.00016650483303237706 0.006442170590162277 -0.01569911278784275
v -0.002785424003377557 0.0064421785064041615 -0.015450933016836643
v -0.002749939449131489 0.0062421755865216255 -0.015254107303917408
v -0.002785424003377557 0.0064421785064041615 -0.015450933016836643
v -0.005258302669972181 0.006242184434086084 -0.014580819755792618
v -0.005258302669972181 0.006242184434086084 -0.014580819755792618
v -0.002785424003377557 0.0064421785064041615 -0.015450933016836643
v -0.005326149519532919 0.0064421724528074265 -0.014768959023058414
v -0.005258302669972181 0.006242184434086084 -0.014580819755792618
v -0.005326149519532919 0.0064421724528074265 -0.014768959023058414
v -0.007619020063430071 0.006242178846150637 -0.013498173095285892
v -0.007619020063430071 0.006242178846150637 -0.013498173095285892
v -0.005326149519532919 0.0064421724528074265 -0.014768959023058414
v -0.0077173225581645966 0.006442181766033173 -0.01367234531790018
v -0.007619020063430071 0.006242178846150637 -0.013498173095285892
v -0.0077173225581645966 0.006442181766033173 -0.01367234531790018
v -0.00976583082228899 0.006242174189537764 -0.01203655730932951
v -0.009891840629279613 0.0064421771094202995 -0.012191865593194962
v -0.00976583082228899 0.006242174189537764 -0.01203655730932951
v -0.009891840629279613 0.0064421771094202995 -0.012191865593194962
v -0.011638465337455273 0.0062421709299087524 -0.010237005539238453
v -0.011788640171289444 0.006442173849791288 -0.010369091294705868
v -0.013140197843313217 0.006442170590162277 -0.009757904335856438
v -0.01314019039273262 0.006242182571440935 -0.009557911194860935
v -0.012316128239035606 0.006242184434086084 -0.009735575877130032
v -0.013140197843313217 0.006442170590162277 -0.009757904335856438
v -0.012316128239035606 0.006242184434086084 -0.009735575877130032
v -0.01239852700382471 0.0064421724528074265 -0.009917810559272766
v -0.01239852700382471 0.0064421724528074265 -0.009917810559272766
v -0.012316128239035606 0.006242184434086084 -0.009735575877130032
v -0.011638465337455273 0.0062421709299087524 -0.010237005539238453
v -0.01239852700382471 0.0064421724528074265 -0.009917810559272766
v -0.011638465337455273 0.0062421709299087524 -0.010237005539238453
v -0.011788640171289444 0.006442173849791288 -0.010369091294705868
v -0.01314019039273262 0.006242182571440935 -0.009557911194860935
v -0.013140197843313217 0.006442170590162277 -0.009757904335856438
v -0.016499988734722137 0.006242173258215189 -0.00955791212618351
v -0.016499988734722137 0.006242173258215189 -0.00955791212618351
v -0.013140197843313217 0.006442170590162277 -0.009757904335856438
v -0.016499996185302734 0.006442176643759012 -0.009757905267179012
v -0.017299991101026535 0.006442173384130001 -0.010557904839515686
v -0.017499996349215508 0.006242184434086084 -0.01055790763348341
v -0.017423873767256737 0.006242184899747372 -0.010175228118896484
v -0.017239095643162727 0.006442173849791288 -0.010251759551465511
v -0.017239095643162727 0.006442173849791288 -0.010251759551465511
v -0.017423873767256737 0.006242184899747372 -0.010175228118896484
v -0.017366021871566772 0.006242170464247465 -0.01005791686475277
v -0.017239095643162727 0.006442173849791288 -0.010251759551465511
v -0.017366021871566772 0.006242170464247465 -0.01005791686475277
v -0.017065679654479027 0.006442174781113863 -0.009992231614887714
v -0.017366021871566772 0.006242170464247465 -0.01005791686475277
v -0.017207102850079536 0.0062421709299087524 -0.009850808419287205
v -0.017065679654479027 0.006442174781113863 -0.009992231614887714
v -0.017065679654479027 0.006442174781113863 -0.009992231614887714
v -0.017207102850079536 0.0062421709299087524 -0.009850808419287205
v -0.016999991610646248 0.006242171861231327 -0.009691892191767693
v -0.017065679654479027 0.006442174781113863 -0.009992231614887714
v -0.016999991610646248 0.006242171861231327 -0.009691892191767693
v -0.016806133091449738 0.006442175712436438 -0.009818804450333118
v -0.016999991610646248 0.006242171861231327 -0.009691892191767693
v -0.016882678493857384 0.006242172326892614 -0.009634025394916534
v -0.016806133091449738 0.006442175712436438 -0.009818804450333118
v -0.016806133091449738 0.006442175712436438 -0.009818804450333118
v -0.016882678493857384 0.006242172326892614 -0.009634025394916534
v -0.016499988734722137 0.006242173258215189 -0.00955791212618351
v -0.016806133091449738 0.006442175712436438 -0.009818804450333118
v -0.016499988734722137 0.006242173258215189 -0.00955791212618351
v -0.016499996185302734 0.006442176643759012 -0.009757905267179012
v -0.017299987375736237 0.006442181766033173 -0.017557917162775993
v -0.01736699603497982 0.006375172175467014 -0.016627002507448196
v -0.017299991101026535 0.006442173384130001 -0.010557904839515686
v -0.017299991101026535 0.006442173384130001 -0.010557904839515686
v -0.01736699603497982 0.006375172175467014 -0.016627002507448196
v -0.017499985173344612 0.006242179311811924 -0.015957916155457497
v -0.017299991101026535 0.006442173384130001 -0.010557904839515686
v -0.017499985173344612 0.006242179311811924 -0.015957916155457497
v -0.017499996349215508 0.006242184434086084 -0.01055790763348341
v -0.01749999076128006 0.006242173258215189 -0.022757912054657936
v -0.017499985173344612 0.0062421765178442 -0.01915791444480419
v -0.01729997992515564 0.0064421771094202995 -0.02255791611969471
v -0.01729997992515564 0.0064421771094202995 -0.02255791611969471
v -0.017499985173344612 0.0062421765178442 -0.01915791444480419
v -0.01736699789762497 0.006375170312821865 -0.018488842993974686
v -0.01736699789762497 0.006375170312821865 -0.018488842993974686
v -0.017299987375736237 0.006442181766033173 -0.017557917162775993
v 0.0065000019967556 -0.006357820238918066 -0.016640739515423775
v 0.006300011649727821 -0.006557824090123177 -0.01655789092183113
v 0.006500016897916794 -0.006557823624461889 -0.016840735450387
v 0.006300011649727821 -0.006557824090123177 -0.01655789092183113
v 0.0065000019967556 -0.006357820238918066 -0.016640739515423775
v 0.006300017237663269 -0.006557823624461889 -0.016215316951274872
v 0.006500009447336197 -0.006357819773256779 -0.01621532253921032
v 0.004865698516368866 -0.006457839626818895 -0.014821783639490604
v 0.004886127542704344 -0.006557826418429613 -0.014920318499207497
v 0.005393417552113533 -0.006557825021445751 -0.014976279810070992
v 0.005453944206237793 -0.006357821170240641 -0.0147856455296278
v 0.0048448508605360985 -0.00635782303288579 -0.014723364263772964
v 0.004865698516368866 -0.006457839626818895 -0.014821783639490604
v 0.004865698516368866 -0.006457839626818895 -0.014821783639490604
v 0.005393417552113533 -0.006557825021445751 -0.014976279810070992
v 0.005453944206237793 -0.006357821170240641 -0.0147856455296278
v 0.005453944206237793 -0.006357821170240641 -0.0147856455296278
v 0.005393417552113533 -0.006557825021445751 -0.014976279810070992
v 0.005865547806024551 -0.006557824090123177 -0.015245337970554829
v 0.005453944206237793 -0.006357821170240641 -0.0147856455296278
v 0.005865547806024551 -0.006557824090123177 -0.015245337970554829
v 0.00599871389567852 -0.006357820238918066 -0.015096115879714489
v 0.00599871389567852 -0.006357820238918066 -0.015096115879714489
v 0.005865547806024551 -0.006557824090123177 -0.015245337970554829
v 0.006186436861753464 -0.006557823624461889 -0.015683894976973534
v 0.00599871389567852 -0.006357820238918066 -0.015096115879714489
v 0.006186436861753464 -0.006557823624461889 -0.015683894976973534
v 0.0063689579255878925 -0.006357819773256779 -0.015602144412696362
v 0.0063689579255878925 -0.006357819773256779 -0.015602144412696362
v 0.006186436861753464 -0.006557823624461889 -0.015683894976973534
v 0.006300017237663269 -0.006557823624461889 -0.016215316951274872
v 0.006500009447336197 -0.006357819773256779 -0.01621532253921032
v 0.004865698516368866 -0.006457839626818895 -0.014821783639490604
v 0.0048448508605360985 -0.00635782303288579 -0.014723364263772964
v 0.0024257763288915157 -0.006357815116643906 -0.015309000387787819
v -0.011638463474810123 -0.006357818841934204 -0.01023700088262558
v -0.011788628064095974 -0.006557822693139315 -0.01036909781396389
v -0.009765829890966415 -0.006357815582305193 -0.012036551721394062
v -0.00989183783531189 -0.0065578194335103035 -0.012191860005259514
v -0.009765829890966415 -0.006357815582305193 -0.012036551721394062
v -0.00989183783531189 -0.0065578194335103035 -0.012191860005259514
v -0.007619018666446209 -0.006357825826853514 -0.013498167507350445
v -0.007717319764196873 -0.006557829678058624 -0.013672339729964733
v -0.007619018666446209 -0.006357825826853514 -0.013498167507350445
v -0.007717319764196873 -0.006557829678058624 -0.013672339729964733
v -0.0052582924254238605 -0.006357820238918066 -0.01458082627505064
v -0.005326137412339449 -0.006557824090123177 -0.014768964610993862
v -0.0052582924254238605 -0.006357820238918066 -0.01458082627505064
v -0.005326137412339449 -0.006557824090123177 -0.014768964610993862
v -0.0027499496936798096 -0.006357829086482525 -0.015254111029207706
v -0.0027499496936798096 -0.006357829086482525 -0.015254111029207706
v -0.005326137412339449 -0.006557824090123177 -0.014768964610993862
v -0.0027854330837726593 -0.006557818036526442 -0.015450935810804367
v -0.0027499496936798096 -0.006357829086482525 -0.015254111029207706
v -0.0027854330837726593 -0.006557818036526442 -0.015450935810804367
v -0.00016439470346085727 -0.006357822101563215 -0.015499127097427845
v -0.00016439470346085727 -0.006357822101563215 -0.015499127097427845
v -0.0027854330837726593 -0.006557818036526442 -0.015450935810804367
v -0.00016651397163514048 -0.006557825952768326 -0.01569911651313305
v -0.00016439470346085727 -0.006357822101563215 -0.015499127097427845
v -0.00016651397163514048 -0.006557825952768326 -0.01569911651313305
v 0.0024257763288915157 -0.006357815116643906 -0.015309000387787819
v 0.0024257763288915157 -0.006357815116643906 -0.015309000387787819
v -0.00016651397163514048 -0.006557825952768326 -0.01569911651313305
v 0.0024570892564952374 -0.006557818502187729 -0.015506542287766933
v 0.0024257763288915157 -0.006357815116643906 -0.015309000387787819
v 0.0024570892564952374 -0.006557818502187729 -0.015506542287766933
v 0.004865698516368866 -0.006457839626818895 -0.014821783639490604
v 0.004865698516368866 -0.006457839626818895 -0.014821783639490604
v 0.0024570892564952374 -0.006557818502187729 -0.015506542287766933
v 0.004886127542704344 -0.006557826418429613 -0.014920318499207497
v -0.011788628064095974 -0.006557822693139315 -0.01036909781396389
v -0.011638463474810123 -0.006357818841934204 -0.01023700088262558
v -0.012316126376390457 -0.006357820238918066 -0.009735570289194584
v -0.011788628064095974 -0.006557822693139315 -0.01036909781396389
v -0.012316126376390457 -0.006357820238918066 -0.009735570289194584
v -0.012398525141179562 -0.006557824090123177 -0.009917804971337318
v -0.012398525141179562 -0.006557824090123177 -0.009917804971337318
v -0.012316126376390457 -0.006357820238918066 -0.009735570289194584
v -0.013140200637280941 -0.006357822101563215 -0.009557914920151234
v -0.012398525141179562 -0.006557824090123177 -0.009917804971337318
v -0.013140200637280941 -0.006357822101563215 -0.009557914920151234
v -0.013140207156538963 -0.006557825952768326 -0.009757907129824162
v -0.013140207156538963 -0.006557825952768326 -0.009757907129824162
v -0.013140200637280941 -0.006357822101563215 -0.009557914920151234
v -0.01649998500943184 -0.006557819899171591 -0.009757911786437035
v -0.01649998500943184 -0.006557819899171591 -0.009757911786437035
v -0.013140200637280941 -0.006357822101563215 -0.009557914920151234
v -0.016499988734722137 -0.0063578165136277676 -0.009557906538248062
v -0.01649998500943184 -0.006557819899171591 -0.009757911786437035
v -0.016499988734722137 -0.0063578165136277676 -0.009557906538248062
v -0.0169999897480011 -0.0063578179106116295 -0.009691886603832245
v -0.016899989917874336 -0.006557821296155453 -0.009865094907581806
v -0.016899989917874336 -0.006557821296155453 -0.009865094907581806
v -0.0169999897480011 -0.0063578179106116295 -0.009691886603832245
v -0.017207100987434387 -0.006357818841934204 -0.009850802831351757
v -0.016899989917874336 -0.006557821296155453 -0.009865094907581806
v -0.017207100987434387 -0.006357818841934204 -0.009850802831351757
v -0.017192818224430084 -0.006557822227478027 -0.010157906450331211
v -0.017207100987434387 -0.006357818841934204 -0.009850802831351757
v -0.017366021871566772 -0.006357819307595491 -0.010057912208139896
v -0.017192818224430084 -0.006557822227478027 -0.010157906450331211
v -0.017192818224430084 -0.006557822227478027 -0.010157906450331211
v -0.017366021871566772 -0.006357819307595491 -0.010057912208139896
v -0.017499985173344612 -0.006357820238918066 -0.010557914152741432
v -0.017192818224430084 -0.006557822227478027 -0.010157906450331211
v -0.017499985173344612 -0.006357820238918066 -0.010557914152741432
v -0.01730000041425228 -0.006557823158800602 -0.010557908564805984
v -0.017499985173344612 -0.006357820238918066 -0.010557914152741432
v -0.01749999448657036 -0.006357825361192226 -0.015957919880747795
v -0.01730000041425228 -0.006557823158800602 -0.010557908564805984
v -0.01730000041425228 -0.006557823158800602 -0.010557908564805984
v -0.01749999448657036 -0.006357825361192226 -0.015957919880747795
v -0.01736699417233467 -0.006490818224847317 -0.01662699691951275
v -0.01730000041425228 -0.006557823158800602 -0.010557908564805984
v -0.01736699417233467 -0.006490818224847317 -0.01662699691951275
v -0.017299983650445938 -0.006557829678058624 -0.017557911574840546
v -0.017299983650445938 -0.006557829678058624 -0.017557911574840546
v -0.01736699603497982 -0.006490820087492466 -0.018488837406039238
v -0.01729997806251049 -0.0065578194335103035 -0.022557910531759262
v -0.01729997806251049 -0.0065578194335103035 -0.022557910531759262
v -0.01736699603497982 -0.006490820087492466 -0.018488837406039238
v -0.017499983310699463 -0.00635782815515995 -0.019157908856868744
v -0.01729997806251049 -0.0065578194335103035 -0.022557910531759262
v -0.017499983310699463 -0.00635782815515995 -0.019157908856868744
v -0.01749998889863491 -0.0063578165136277676 -0.02275790646672249
v 0.004449605476111174 -0.006057823076844215 -0.0032328125089406967
v 0.005230804905295372 -0.006057819351553917 -0.00169958861079067
v 0.004755283240228891 -0.005557827185839415 -0.0015450827777385712
v 0.004755283240228891 -0.005557827185839415 -0.0015450827777385712
v 0.004397369455546141 -0.0055578285828232765 -0.002379731507971883
v 0.004449605476111174 -0.006057823076844215 -0.0032328125089406967
v 0.004449605476111174 -0.006057823076844215 -0.0032328125089406967
v 0.004397369455546141 -0.0055578285828232765 -0.002379731507971883
v 0.004045088775455952 -0.005557815544307232 -0.00293891248293221
v 0.004449605476111174 -0.006057823076844215 -0.0032328125089406967
v 0.004045088775455952 -0.005557815544307232 -0.00293891248293221
v 0.003232829039916396 -0.006057827267795801 -0.004449594300240278
v 0.004045088775455952 -0.005557815544307232 -0.00293891248293221
v 0.003386414609849453 -0.0055578178726136684 -0.0036786184646189213
v 0.003232829039916396 -0.006057827267795801 -0.004449594300240278
v 0.003232829039916396 -0.006057827267795801 -0.004449594300240278
v 0.003386414609849453 -0.0055578178726136684 -0.0036786184646189213
v 0.002938930643722415 -0.00555781926959753 -0.004045073874294758
v 0.003232829039916396 -0.006057827267795801 -0.004449594300240278
v 0.002938930643722415 -0.00555781926959753 -0.004045073874294758
v 0.0016996047925204039 -0.006057817488908768 -0.0052308072336018085
v 0.002938930643722415 -0.00555781926959753 -0.004045073874294758
v 0.0020084751304239035 -0.0055578225292265415 -0.004578868858516216
v 0.0016996047925204039 -0.006057817488908768 -0.0052308072336018085
v 0.0016996047925204039 -0.006057817488908768 -0.0052308072336018085
v 0.0020084751304239035 -0.0055578225292265415 -0.004578868858516216
v 0.0015450904611498117 -0.0055578239262104034 -0.004755283240228891
v 0.0016996047925204039 -0.006057817488908768 -0.0052308072336018085
v 0.0015450904611498117 -0.0055578239262104034 -0.004755283240228891
v 6.909630201334949e-09 -0.006057822145521641 -0.005500003695487976
v 0.0015450904611498117 -0.0055578239262104034 -0.004755283240228891
v 0.000412897759815678 -0.005557827185839415 -0.004982931073755026
v 6.909630201334949e-09 -0.006057822145521641 -0.005500003695487976
v 6.909630201334949e-09 -0.006057822145521641 -0.005500003695487976
v 0.000412897759815678 -0.005557827185839415 -0.004982931073755026
v 1.4075975052207923e-08 -0.005557828117161989 -0.004999998956918716
v 6.909630201334949e-09 -0.006057822145521641 -0.005500003695487976
v 1.4075975052207923e-08 -0.005557828117161989 -0.004999998956918716
v -0.0016995819751173258 -0.006057826802134514 -0.005230817012488842
v 1.4075975052207923e-08 -0.005557828117161989 -0.004999998956918716
v -0.0012274180771782994 -0.0055578164756298065 -0.004847000353038311
v -0.0016995819751173258 -0.006057826802134514 -0.005230817012488842
v -0.0016995819751173258 -0.006057826802134514 -0.005230817012488842
v -0.0012274180771782994 -0.0055578164756298065 -0.004847000353038311
v -0.0015450861537829041 -0.005557817406952381 -0.004755285568535328
v -0.0016995819751173258 -0.006057826802134514 -0.005230817012488842
v -0.0015450861537829041 -0.005557817406952381 -0.004755285568535328
v -0.003232815070077777 -0.006057815160602331 -0.004449605476111174
v -0.0015450861537829041 -0.005557817406952381 -0.004755285568535328
v -0.0027347346767783165 -0.005557820200920105 -0.004185833502560854
v -0.003232815070077777 -0.006057815160602331 -0.004449605476111174
v -0.003232815070077777 -0.006057815160602331 -0.004449605476111174
v -0.0027347346767783165 -0.005557820200920105 -0.004185833502560854
v -0.002938915742561221 -0.005557820666581392 -0.004045090638101101
v -0.003232815070077777 -0.006057815160602331 -0.004449605476111174
v -0.002938915742561221 -0.005557820666581392 -0.004045090638101101
v -0.004449584987014532 -0.006057817488908768 -0.0032328201923519373
v -0.002938915742561221 -0.005557820666581392 -0.004045090638101101
v -0.003945699892938137 -0.0055578225292265415 -0.0030710604041814804
v -0.004449584987014532 -0.006057817488908768 -0.0032328201923519373
v -0.004449584987014532 -0.006057817488908768 -0.0032328201923519373
v -0.003945699892938137 -0.0055578225292265415 -0.0030710604041814804
v -0.004045077133923769 -0.0055578225292265415 -0.002938932739198208
v -0.004449584987014532 -0.006057817488908768 -0.0032328201923519373
v -0.004045077133923769 -0.0055578225292265415 -0.002938932739198208
v -0.005230810027569532 -0.006057817954570055 -0.0016996051417663693
v -0.004045077133923769 -0.0055578225292265415 -0.002938932739198208
v -0.0047290814109146595 -0.005557822994887829 -0.0016235032817348838
v -0.005230810027569532 -0.006057817954570055 -0.0016996051417663693
v -0.005230810027569532 -0.006057817954570055 -0.0016996051417663693
v -0.0047290814109146595 -0.005557822994887829 -0.0016235032817348838
v -0.0047552864998579025 -0.005557822994887829 -0.0015450925566256046
v -0.005230810027569532 -0.006057817954570055 -0.0016996051417663693
v -0.0047552864998579025 -0.005557822994887829 -0.0015450925566256046
v -0.005500006023794413 -0.006057817488908768 -7.162572757124508e-09
v -0.005500006023794413 -0.006057817488908768 -7.162572757124508e-09
v -0.0047552864998579025 -0.005557822994887829 -0.0015450925566256046
v -0.004999990575015545 -0.0055578225292265415 -7.0372974114718545e-09
v -0.005500006023794413 -0.006057817488908768 -7.162572757124508e-09
v -0.004999990575015545 -0.0055578225292265415 -7.0372974114718545e-09
v -0.005230807699263096 -0.006057815160602331 0.0016995908226817846
v -0.004999990575015545 -0.0055578225292265415 -7.0372974114718545e-09
v -0.004755288828164339 -0.005557820200920105 0.0015450840583071113
v -0.005230807699263096 -0.006057815160602331 0.0016995908226817846
v -0.005230807699263096 -0.006057815160602331 0.0016995908226817846
v -0.004755288828164339 -0.005557820200920105 0.0015450840583071113
v -0.004729083739221096 -0.005557820200920105 0.0016234988579526544
v -0.005230807699263096 -0.006057815160602331 0.0016995908226817846
v -0.004729083739221096 -0.005557820200920105 0.0016234988579526544
v -0.004449598956853151 -0.0060578263364732265 0.003232802962884307
v -0.004729083739221096 -0.005557820200920105 0.0016234988579526544
v -0.004045082256197929 -0.005557816941291094 0.0029389229603111744
v -0.004449598956853151 -0.0060578263364732265 0.003232802962884307
v -0.004449598956853151 -0.0060578263364732265 0.003232802962884307
v -0.004045082256197929 -0.005557816941291094 0.0029389229603111744
v -0.003945706877857447 -0.0055578164756298065 0.003071064129471779
v -0.004449598956853151 -0.0060578263364732265 0.003232802962884307
v -0.003945706877857447 -0.0055578164756298065 0.003071064129471779
v -0.0032328227534890175 -0.0060578216798603535 0.004449584521353245
v -0.003945706877857447 -0.0055578164756298065 0.003071064129471779
v -0.0029389362316578627 -0.005557827651500702 0.00404507527127862
v -0.0032328227534890175 -0.0060578216798603535 0.004449584521353245
v -0.0032328227534890175 -0.0060578216798603535 0.004449584521353245
v -0.0029389362316578627 -0.005557827651500702 0.00404507527127862
v -0.00273474701680243 -0.005557827185839415 0.004185829311609268
v -0.0032328227534890175 -0.0060578216798603535 0.004449584521353245
v -0.00273474701680243 -0.005557827185839415 0.004185829311609268
v -0.0016996075864881277 -0.00605781702324748 0.005230809561908245
v -0.00273474701680243 -0.005557827185839415 0.004185829311609268
v -0.0015450959326699376 -0.005557823460549116 0.004755284637212753
v -0.0016996075864881277 -0.00605781702324748 0.005230809561908245
v -0.0016996075864881277 -0.00605781702324748 0.005230809561908245
v -0.0015450959326699376 -0.005557823460549116 0.004755284637212753
v -0.001227432512678206 -0.0055578225292265415 0.004846993368119001
v -0.0016996075864881277 -0.00605781702324748 0.005230809561908245
v -0.001227432512678206 -0.0055578225292265415 0.004846993368119001
v -9.66667723645287e-09 -0.006057826802134514 0.005500006023794413
v -0.001227432512678206 -0.0055578225292265415 0.004846993368119001
v 1.3522633013351992e-09 -0.005557818803936243 0.0049999975599348545
v -9.66667723645287e-09 -0.006057826802134514 0.005500006023794413
v -9.66667723645287e-09 -0.006057826802134514 0.005500006023794413
v 1.3522633013351992e-09 -0.005557818803936243 0.0049999975599348545
v 0.00041289275395683944 -0.0055578178726136684 0.004982914309948683
v -9.66667723645287e-09 -0.006057826802134514 0.005500006023794413
v 0.00041289275395683944 -0.0055578178726136684 0.004982914309948683
v 0.0016995882615447044 -0.006057822611182928 0.005230807699263096
v 0.00041289275395683944 -0.0055578178726136684 0.004982914309948683
v 0.0015450806822627783 -0.005557815078645945 0.0047552864998579025
v 0.0016995882615447044 -0.006057822611182928 0.005230807699263096
v 0.0016995882615447044 -0.006057822611182928 0.005230807699263096
v 0.0015450806822627783 -0.005557815078645945 0.0047552864998579025
v 0.002008467447012663 -0.0055578285828232765 0.0045788646675646305
v 0.0016995882615447044 -0.006057822611182928 0.005230807699263096
v 0.002008467447012663 -0.0055578285828232765 0.0045788646675646305
v 0.0032328213565051556 -0.006057819351553917 0.0044495961628854275
v 0.002008467447012663 -0.0055578285828232765 0.0045788646675646305
v 0.0029389194678515196 -0.005557826720178127 0.00404508039355278
v 0.0032328213565051556 -0.006057819351553917 0.0044495961628854275
v 0.0032328213565051556 -0.006057819351553917 0.0044495961628854275
v 0.0029389194678515196 -0.005557826720178127 0.00404508039355278
v 0.003386404365301132 -0.005557825788855553 0.0036786175332963467
v 0.0032328213565051556 -0.006057819351553917 0.0044495961628854275
v 0.003386404365301132 -0.005557825788855553 0.0036786175332963467
v 0.004449582193046808 -0.00605781702324748 0.003232822520658374
v 0.003386404365301132 -0.005557825788855553 0.0036786175332963467
v 0.0040450808592140675 -0.005557824857532978 0.0029389222618192434
v 0.004449582193046808 -0.00605781702324748 0.003232822520658374
v 0.004449582193046808 -0.00605781702324748 0.003232822520658374
v 0.0040450808592140675 -0.005557824857532978 0.0029389222618192434
v 0.0043973675929009914 -0.005557824391871691 0.0023797382600605488
v 0.004449582193046808 -0.00605781702324748 0.003232822520658374
v 0.0043973675929009914 -0.005557824391871691 0.0023797382600605488
v 0.0052308072336018085 -0.006057816091924906 0.001699607353657484
v 0.0043973675929009914 -0.005557824391871691 0.0023797382600605488
v 0.004755280911922455 -0.005557824391871691 0.0015450938371941447
v 0.0052308072336018085 -0.006057816091924906 0.001699607353657484
v 0.0052308072336018085 -0.006057816091924906 0.001699607353657484
v 0.004755280911922455 -0.005557824391871691 0.0015450938371941447
v 0.004931808449327946 -0.005557824391871691 0.0008229709346778691
v 0.0052308072336018085 -0.006057816091924906 0.001699607353657484
v 0.004931808449327946 -0.005557824391871691 0.0008229709346778691
v 0.005500003229826689 -0.00605781702324748 9.413775536870617e-09
v 0.005500003229826689 -0.00605781702324748 9.413775536870617e-09
v 0.004931808449327946 -0.005557824391871691 0.0008229709346778691
v 0.005000005941838026 -0.005557824857532978 5.686417114958431e-09
v 0.005500003229826689 -0.00605781702324748 9.413775536870617e-09
v 0.005000005941838026 -0.005557824857532978 5.686417114958431e-09
v 0.005230804905295372 -0.006057819351553917 -0.00169958861079067
v 0.005230804905295372 -0.006057819351553917 -0.00169958861079067
v 0.005000005941838026 -0.005557824857532978 5.686417114958431e-09
v 0.00493180425837636 -0.005557825788855553 -0.0008229634258896112
v 0.005230804905295372 -0.006057819351553917 -0.00169958861079067
v 0.00493180425837636 -0.005557825788855553 -0.0008229634258896112
v 0.004755283240228891 -0.005557827185839415 -0.0015450827777385712
v -0.004449584521353245 0.005942177027463913 -0.0032328248489648104
v -0.005230809561908245 0.005942176561802626 -0.0016996097983792424
v -0.004729087930172682 0.005442184396088123 -0.0016234953654929996
v -0.004729087930172682 0.005442184396088123 -0.0016234953654929996
v -0.004045083653181791 0.005442184861749411 -0.0029389248229563236
v -0.004449584521353245 0.005942177027463913 -0.0032328248489648104
v -0.004449584521353245 0.005942177027463913 -0.0032328248489648104
v -0.004045083653181791 0.005442184861749411 -0.0029389248229563236
v -0.003945697098970413 0.005442184861749411 -0.0030710643623024225
v -0.004449584521353245 0.005942177027463913 -0.0032328248489648104
v -0.003945697098970413 0.005442184861749411 -0.0030710643623024225
v -0.003232812276110053 0.0059421793557703495 -0.004449589643627405
v -0.003945697098970413 0.005442184861749411 -0.0030710643623024225
v -0.0029389222618192434 0.005442171823233366 -0.004045082721859217
v -0.003232812276110053 0.0059421793557703495 -0.004449589643627405
v -0.003232812276110053 0.0059421793557703495 -0.004449589643627405
v -0.0029389222618192434 0.005442171823233366 -0.004045082721859217
v -0.0027347318828105927 0.005442172288894653 -0.004185837227851152
v -0.003232812276110053 0.0059421793557703495 -0.004449589643627405
v -0.0027347318828105927 0.005442172288894653 -0.004185837227851152
v -0.0016995910555124283 0.005942182615399361 -0.005230810027569532
v -0.0027347318828105927 0.005442172288894653 -0.004185837227851152
v -0.0015450833598151803 0.005442175082862377 -0.004755289293825626
v -0.0016995910555124283 0.005942182615399361 -0.005230810027569532
v -0.0016995910555124283 0.005942182615399361 -0.005230810027569532
v -0.0015450833598151803 0.005442175082862377 -0.004755289293825626
v -0.0012274152832105756 0.005442176014184952 -0.0048470040783286095
v -0.0016995910555124283 0.005942182615399361 -0.005230810027569532
v -0.0012274152832105756 0.005442176014184952 -0.0048470040783286095
v 6.975834132560976e-09 0.00594217237085104 -0.005500008352100849
v -0.0012274152832105756 0.005442176014184952 -0.0048470040783286095
v 7.742573693292343e-09 0.005442179273813963 -0.004999991040676832
v 6.975834132560976e-09 0.00594217237085104 -0.005500008352100849
v 6.975834132560976e-09 0.00594217237085104 -0.005500008352100849
v 7.742573693292343e-09 0.005442179273813963 -0.004999991040676832
v 0.0004128914442844689 0.0054421802051365376 -0.004982923157513142
v 6.975834132560976e-09 0.00594217237085104 -0.005500008352100849
v 0.0004128914442844689 0.0054421802051365376 -0.004982923157513142
v 0.0016996049089357257 0.005942177027463913 -0.005230811890214682
v 0.0004128914442844689 0.0054421802051365376 -0.004982923157513142
v 0.0015450932551175356 0.005442183464765549 -0.00475528696551919
v 0.0016996049089357257 0.005942177027463913 -0.005230811890214682
v 0.0016996049089357257 0.005942177027463913 -0.005230811890214682
v 0.0015450932551175356 0.005442183464765549 -0.00475528696551919
v 0.0020084779243916273 0.005442184861749411 -0.004578872583806515
v 0.0016996049089357257 0.005942177027463913 -0.005230811890214682
v 0.0020084779243916273 0.005442184861749411 -0.004578872583806515
v 0.0032328199595212936 0.005942182149738073 -0.004449586849659681
v 0.0020084779243916273 0.005442184861749411 -0.004578872583806515
v 0.002938933437690139 0.005442173220217228 -0.004045077599585056
v 0.0032328199595212936 0.005942182149738073 -0.004449586849659681
v 0.0032328199595212936 0.005942182149738073 -0.004449586849659681
v 0.002938933437690139 0.005442173220217228 -0.004045077599585056
v 0.0033864083234220743 0.00544217461720109 -0.003678610548377037
v 0.0032328199595212936 0.005942182149738073 -0.004449586849659681
v 0.0033864083234220743 0.00544217461720109 -0.003678610548377037
v 0.0044495961628854275 0.005942171439528465 -0.003232805524021387
v 0.0033864083234220743 0.00544217461720109 -0.003678610548377037
v 0.0040450915694236755 0.005442176945507526 -0.0029389162082225084
v 0.0044495961628854275 0.005942171439528465 -0.003232805524021387
v 0.0044495961628854275 0.005942171439528465 -0.003232805524021387
v 0.0040450915694236755 0.005442176945507526 -0.0029389162082225084
v 0.0043973722495138645 0.005442178808152676 -0.002379735466092825
v 0.0044495961628854275 0.005942171439528465 -0.003232805524021387
v 0.0043973722495138645 0.005442178808152676 -0.002379735466092825
v 0.005230817012488842 0.005942175164818764 -0.0016995841870084405
v 0.0043973722495138645 0.005442178808152676 -0.002379735466092825
v 0.004755286034196615 0.0054421802051365376 -0.0015450866194441915
v 0.005230817012488842 0.005942175164818764 -0.0016995841870084405
v 0.005230817012488842 0.005942175164818764 -0.0016995841870084405
v 0.004755286034196615 0.0054421802051365376 -0.0015450866194441915
v 0.004931807052344084 0.0054421816021203995 -0.0008229672675952315
v 0.005230817012488842 0.005942175164818764 -0.0016995841870084405
v 0.004931807052344084 0.0054421816021203995 -0.0008229672675952315
v 0.005500003229826689 0.0059421774931252 4.649656659694301e-09
v 0.005500003229826689 0.0059421774931252 4.649656659694301e-09
v 0.004931807052344084 0.0054421816021203995 -0.0008229672675952315
v 0.004999999888241291 0.005442182533442974 1.3642571516925273e-08
v 0.005500003229826689 0.0059421774931252 4.649656659694301e-09
v 0.004999999888241291 0.005442182533442974 1.3642571516925273e-08
v 0.0052308072336018085 0.005942178424447775 0.0016996025806292892
v 0.004999999888241291 0.005442182533442974 1.3642571516925273e-08
v 0.004931801930069923 0.005442182999104261 0.0008229789091274142
v 0.0052308072336018085 0.005942178424447775 0.0016996025806292892
v 0.0052308072336018085 0.005942178424447775 0.0016996025806292892
v 0.004931801930069923 0.005442182999104261 0.0008229789091274142
v 0.004755283705890179 0.005442182999104261 0.0015450899954885244
v 0.0052308072336018085 0.005942178424447775 0.0016996025806292892
v 0.004755283705890179 0.005442182999104261 0.0015450899954885244
v 0.004449593834578991 0.0059421774931252 0.0032328267116099596
v 0.004755283705890179 0.005442182999104261 0.0015450899954885244
v 0.004397370386868715 0.005442182999104261 0.0023797343019396067
v 0.004449593834578991 0.0059421774931252 0.0032328267116099596
v 0.004449593834578991 0.0059421774931252 0.0032328267116099596
v 0.004397370386868715 0.005442182999104261 0.0023797343019396067
v 0.0040450748056173325 0.005442182533442974 0.0029389304108917713
v 0.004449593834578991 0.0059421774931252 0.0032328267116099596
v 0.0040450748056173325 0.005442182533442974 0.0029389304108917713
v 0.003232812276110053 0.005942175164818764 0.004449603147804737
v 0.0040450748056173325 0.005442182533442974 0.0029389304108917713
v 0.0033863980788737535 0.0054421816021203995 0.003678625449538231
v 0.003232812276110053 0.005942175164818764 0.004449603147804737
v 0.003232812276110053 0.005942175164818764 0.004449603147804737
v 0.0033863980788737535 0.0054421816021203995 0.003678625449538231
v 0.002938913181424141 0.005442180670797825 0.004045088309794664
v 0.003232812276110053 0.005942175164818764 0.004449603147804737
v 0.002938913181424141 0.005442180670797825 0.004045088309794664
v 0.0016995792975649238 0.005942171905189753 0.0052308146841824055
v 0.002938913181424141 0.005442180670797825 0.004045088309794664
v 0.002008482115343213 0.005442178808152676 0.004578869789838791
v 0.0016995792975649238 0.005942171905189753 0.0052308146841824055
v 0.0016995792975649238 0.005942171905189753 0.0052308146841824055
v 0.002008482115343213 0.005442178808152676 0.004578869789838791
v 0.0015450834762305021 0.005442177411168814 0.004755282774567604
v 0.0016995792975649238 0.005942171905189753 0.0052308146841824055
v 0.0015450834762305021 0.005442177411168814 0.004755282774567604
v -9.600514161434148e-09 0.005942182615399361 0.005500000901520252
v 0.0015450834762305021 0.005442177411168814 0.004755282774567604
v 0.0004128864093217999 0.00544217461720109 0.004982922226190567
v -9.600514161434148e-09 0.005942182615399361 0.005500000901520252
v -9.600514161434148e-09 0.005942182615399361 0.005500000901520252
v 0.0004128864093217999 0.00544217461720109 0.004982922226190567
v -4.981098200573797e-09 0.005442173685878515 0.005000005476176739
v -9.600514161434148e-09 0.005942182615399361 0.005500000901520252
v -4.981098200573797e-09 0.005442173685878515 0.005000005476176739
v -0.0016995957121253014 0.0059421774931252 0.005230813752859831
v -4.981098200573797e-09 0.005442173685878515 0.005000005476176739
v -0.0012274387991055846 0.005442184861749411 0.004847001750022173
v -0.0016995957121253014 0.0059421774931252 0.005230813752859831
v -0.0016995957121253014 0.0059421774931252 0.005230813752859831
v -0.0012274387991055846 0.005442184861749411 0.004847001750022173
v -0.0015450931387022138 0.005442183930426836 0.0047552804462611675
v -0.0016995957121253014 0.0059421774931252 0.005230813752859831
v -0.0015450931387022138 0.005442183930426836 0.0047552804462611675
v -0.00323283183388412 0.005942172836512327 0.004449591506272554
v -0.0015450931387022138 0.005442183930426836 0.0047552804462611675
v -0.0027347442228347063 0.0054421802051365376 0.004185825120657682
v -0.00323283183388412 0.005942172836512327 0.004449591506272554
v -0.00323283183388412 0.005942172836512327 0.004449591506272554
v -0.0027347442228347063 0.0054421802051365376 0.004185825120657682
v -0.0029389215633273125 0.00544217973947525 0.00404508039355278
v -0.00323283183388412 0.005942172836512327 0.004449591506272554
v -0.0029389215633273125 0.00544217973947525 0.00404508039355278
v -0.0044495961628854275 0.005942183081060648 0.0032328192610293627
v -0.0029389215633273125 0.00544217973947525 0.00404508039355278
v -0.003945704083889723 0.005442176014184952 0.0030710604041814804
v -0.0044495961628854275 0.005942183081060648 0.0032328192610293627
v -0.0044495961628854275 0.005942183081060648 0.0032328192610293627
v -0.003945704083889723 0.005442176014184952 0.0030710604041814804
v -0.0040450794622302055 0.0054421755485236645 0.0029389190021902323
v -0.0044495961628854275 0.005942183081060648 0.0032328192610293627
v -0.0040450794622302055 0.0054421755485236645 0.0029389190021902323
v -0.005230807699263096 0.0059421793557703495 0.0016995860496535897
v -0.0040450794622302055 0.0054421755485236645 0.0029389190021902323
v -0.004729080945253372 0.005442172288894653 0.001623495016247034
v -0.005230807699263096 0.0059421793557703495 0.0016995860496535897
v -0.005230807699263096 0.0059421793557703495 0.0016995860496535897
v -0.004729080945253372 0.005442172288894653 0.001623495016247034
v -0.004755286034196615 0.005442172288894653 0.0015450803330168128
v -0.005230807699263096 0.0059421793557703495 0.0016995860496535897
v -0.004755286034196615 0.005442172288894653 0.0015450803330168128
v -0.00549999438226223 0.005942177027463913 -2.808500543238779e-09
v -0.00549999438226223 0.005942177027463913 -2.808500543238779e-09
v -0.004755286034196615 0.005442172288894653 0.0015450803330168128
v -0.004999997094273567 0.005442184861749411 9.188574345841971e-10
v -0.00549999438226223 0.005942177027463913 -2.808500543238779e-09
v -0.004999997094273567 0.005442184861749411 9.188574345841971e-10
v -0.005230809561908245 0.005942176561802626 -0.0016996097983792424
v -0.004755283705890179 0.005442184396088123 -0.001545096398331225
v -0.005230809561908245 0.005942176561802626 -0.0016996097983792424
v -0.004755283705890179 0.005442184396088123 -0.001545096398331225
v -0.004729087930172682 0.005442184396088123 -0.0016234953654929996
v -0.008232948370277882 -0.006057826802134514 -0.002113878261297941
v -0.008499999530613422 -0.006057825405150652 -3.1516200760250968e-09
v -0.008929022587835789 -0.00555781926959753 -0.0011280124308541417
v -0.008929022587835789 -0.00555781926959753 -0.0011280124308541417
v -0.008717253804206848 -0.005557819735258818 -0.0022382198367267847
v -0.008232948370277882 -0.006057826802134514 -0.002113878261297941
v -0.008232948370277882 -0.006057826802134514 -0.002113878261297941
v -0.008717253804206848 -0.005557819735258818 -0.0022382198367267847
v -0.008367979899048805 -0.005557819735258818 -0.003313128836452961
v -0.008232948370277882 -0.006057826802134514 -0.002113878261297941
v -0.008367979899048805 -0.005557819735258818 -0.003313128836452961
v -0.007448599673807621 -0.0060578263364732265 -0.004094918258488178
v -0.007448599673807621 -0.0060578263364732265 -0.004094918258488178
v -0.008367979899048805 -0.005557819735258818 -0.003313128836452961
v -0.007886752486228943 -0.00555781926959753 -0.004335800651460886
v -0.007448599673807621 -0.0060578263364732265 -0.004094918258488178
v -0.007886752486228943 -0.00555781926959753 -0.004335800651460886
v -0.006196226924657822 -0.006057824473828077 -0.005818653851747513
v -0.007886752486228943 -0.00555781926959753 -0.004335800651460886
v -0.007281153462827206 -0.005557818803936243 -0.005290077533572912
v -0.006196226924657822 -0.006057824473828077 -0.005818653851747513
v -0.006196226924657822 -0.006057824473828077 -0.005818653851747513
v -0.007281153462827206 -0.005557818803936243 -0.005290077533572912
v -0.006560716778039932 -0.005557817406952381 -0.006160934455692768
v -0.006196226924657822 -0.006057824473828077 -0.005818653851747513
v -0.006560716778039932 -0.005557817406952381 -0.006160934455692768
v -0.004554520361125469 -0.006057821214199066 -0.007176798768341541
v -0.006560716778039932 -0.005557817406952381 -0.006160934455692768
v -0.005736806895583868 -0.005557816009968519 -0.006934631150215864
v -0.004554520361125469 -0.006057821214199066 -0.007176798768341541
v -0.004554520361125469 -0.006057821214199066 -0.007176798768341541
v -0.005736806895583868 -0.005557816009968519 -0.006934631150215864
v -0.004822429735213518 -0.005557829048484564 -0.007598960772156715
v -0.004554520361125469 -0.006057821214199066 -0.007176798768341541
v -0.004822429735213518 -0.005557829048484564 -0.007598960772156715
v -0.002626636531203985 -0.00605781702324748 -0.008083990775048733
v -0.004822429735213518 -0.005557829048484564 -0.007598960772156715
v -0.0038320005405694246 -0.005557826720178127 -0.00814344733953476
v -0.002626636531203985 -0.00605781702324748 -0.008083990775048733
v -0.002626636531203985 -0.00605781702324748 -0.008083990775048733
v -0.0038320005405694246 -0.005557826720178127 -0.00814344733953476
v -0.0027811441104859114 -0.005557824391871691 -0.008559511043131351
v -0.002626636531203985 -0.00605781702324748 -0.008083990775048733
v -0.0027811441104859114 -0.005557824391871691 -0.008559511043131351
v -0.0005337129696272314 -0.006057826802134514 -0.008483227342367172
v -0.0027811441104859114 -0.005557824391871691 -0.008559511043131351
v -0.0016864202916622162 -0.005557821597903967 -0.008840578608214855
v -0.0005337129696272314 -0.006057826802134514 -0.008483227342367172
v -0.0005337129696272314 -0.006057826802134514 -0.008483227342367172
v -0.0016864202916622162 -0.005557821597903967 -0.008840578608214855
v -0.0005651021492667496 -0.005557818803936243 -0.00898224487900734
v -0.0005337129696272314 -0.006057826802134514 -0.008483227342367172
v -0.0005651021492667496 -0.005557818803936243 -0.00898224487900734
v 0.0015927505446597934 -0.006057820748537779 -0.008349433541297913
v -0.0005651021492667496 -0.005557818803936243 -0.00898224487900734
v 0.0005651284591294825 -0.005557815544307232 -0.008982234634459019
v 0.0015927505446597934 -0.006057820748537779 -0.008349433541297913
v 0.0015927505446597934 -0.006057820748537779 -0.008349433541297913
v 0.0005651284591294825 -0.005557815544307232 -0.008982234634459019
v 0.0016864424105733633 -0.005557827185839415 -0.008840586990118027
v 0.0015927505446597934 -0.006057820748537779 -0.008349433541297913
v 0.0016864424105733633 -0.005557827185839415 -0.008840586990118027
v 0.0036191365215927362 -0.006057829596102238 -0.007691028993576765
v 0.0016864424105733633 -0.005557827185839415 -0.008840586990118027
v 0.0027811590116471052 -0.0055578239262104034 -0.008559507317841053
v 0.0036191365215927362 -0.006057829596102238 -0.007691028993576765
v 0.0036191365215927362 -0.006057829596102238 -0.007691028993576765
v 0.0027811590116471052 -0.0055578239262104034 -0.008559507317841053
v 0.0038320249877870083 -0.005557820666581392 -0.008143432438373566
v 0.0036191365215927362 -0.006057829596102238 -0.007691028993576765
v 0.0038320249877870083 -0.005557820666581392 -0.008143432438373566
v 0.005418110638856888 -0.006057823542505503 -0.006549348589032888
v 0.0038320249877870083 -0.005557820666581392 -0.008143432438373566
v 0.004822447430342436 -0.005557817406952381 -0.007598945405334234
v 0.005418110638856888 -0.006057823542505503 -0.006549348589032888
v 0.005418110638856888 -0.006057823542505503 -0.006549348589032888
v 0.004822447430342436 -0.005557817406952381 -0.007598945405334234
v 0.005736823193728924 -0.005557829514145851 -0.006934612989425659
v 0.005418110638856888 -0.006057823542505503 -0.006549348589032888
v 0.005736823193728924 -0.005557829514145851 -0.006934612989425659
v 0.006876652128994465 -0.006057817954570055 -0.004996157251298428
v 0.005736823193728924 -0.005557829514145851 -0.006934612989425659
v 0.006560728419572115 -0.00555782625451684 -0.006160916294902563
v 0.006876652128994465 -0.006057817954570055 -0.004996157251298428
v 0.006876652128994465 -0.006057817954570055 -0.004996157251298428
v 0.006560728419572115 -0.00555782625451684 -0.006160916294902563
v 0.007281166035681963 -0.0055578239262104034 -0.005290058441460133
v 0.006876652128994465 -0.006057817954570055 -0.004996157251298428
v 0.007281166035681963 -0.0055578239262104034 -0.005290058441460133
v 0.007903097197413445 -0.006057828664779663 -0.0031290496699512005
v 0.007281166035681963 -0.0055578239262104034 -0.005290058441460133
v 0.007886771112680435 -0.00555782113224268 -0.004335768520832062
v 0.007903097197413445 -0.006057828664779663 -0.0031290496699512005
v 0.007903097197413445 -0.006057828664779663 -0.0031290496699512005
v 0.007886771112680435 -0.00555782113224268 -0.004335768520832062
v 0.008367994800209999 -0.005557818803936243 -0.0033131008967757225
v 0.007903097197413445 -0.006057828664779663 -0.0031290496699512005
v 0.008367994800209999 -0.005557818803936243 -0.0033131008967757225
v 0.008432968519628048 -0.006057824939489365 -0.0010653198696672916
v 0.008367994800209999 -0.005557818803936243 -0.0033131008967757225
v 0.008717244490981102 -0.005557816941291094 -0.0022381991147994995
v 0.008432968519628048 -0.006057824939489365 -0.0010653198696672916
v 0.008432968519628048 -0.006057824939489365 -0.0010653198696672916
v 0.008717244490981102 -0.005557816941291094 -0.0022381991147994995
v 0.008929034695029259 -0.005557815544307232 -0.0011279856553301215
v 0.008432968519628048 -0.006057824939489365 -0.0010653198696672916
v 0.008929034695029259 -0.005557815544307232 -0.0011279856553301215
v 0.008499996736645699 -0.00605782400816679 5.402836400492106e-09
v 0.008499996736645699 -0.00605782400816679 5.402836400492106e-09
v 0.008929034695029259 -0.005557815544307232 -0.0011279856553301215
v 0.009000003337860107 -0.005557829048484564 1.731383214575999e-08
v 0.008499996736645699 -0.00605782400816679 5.402836400492106e-09
v 0.009000003337860107 -0.005557829048484564 1.731383214575999e-08
v 0.00843297503888607 -0.006057823076844215 0.001065335120074451
v 0.008929038420319557 -0.005557828117161989 0.0011280110338702798
v 0.00843297503888607 -0.006057823076844215 0.001065335120074451
v 0.008929038420319557 -0.005557828117161989 0.0011280110338702798
v 0.00790309626609087 -0.006057822611182928 0.0031290785409510136
v 0.008929038420319557 -0.005557828117161989 0.0011280110338702798
v 0.0087172482162714 -0.005557827651500702 0.002238221000880003
v 0.00790309626609087 -0.006057822611182928 0.0031290785409510136
v 0.00790309626609087 -0.006057822611182928 0.0031290785409510136
v 0.0087172482162714 -0.005557827651500702 0.002238221000880003
v 0.008367986418306828 -0.005557827651500702 0.0033131393138319254
v 0.00790309626609087 -0.006057822611182928 0.0031290785409510136
v 0.008367986418306828 -0.005557827651500702 0.0033131393138319254
v 0.006876640487462282 -0.006057823542505503 0.004996191244572401
v 0.006876640487462282 -0.006057823542505503 0.004996191244572401
v 0.008367986418306828 -0.005557827651500702 0.0033131393138319254
v 0.007886756211519241 -0.005557828117161989 0.004335789941251278
v 0.007886756211519241 -0.005557828117161989 0.004335789941251278
v 0.007281148340553045 -0.0055578285828232765 0.005290078930556774
v 0.006876640487462282 -0.006057823542505503 0.004996191244572401
v 0.006876640487462282 -0.006057823542505503 0.004996191244572401
v 0.007281148340553045 -0.0055578285828232765 0.005290078930556774
v 0.0065607111901044846 -0.005557815078645945 0.00616093585267663
v 0.006876640487462282 -0.006057823542505503 0.004996191244572401
v 0.0065607111901044846 -0.005557815078645945 0.00616093585267663
v 0.00541809294372797 -0.0060578263364732265 0.00654937606304884
v 0.0065607111901044846 -0.005557815078645945 0.00616093585267663
v 0.0057368106208741665 -0.0055578164756298065 0.006934620905667543
v 0.00541809294372797 -0.0060578263364732265 0.00654937606304884
v 0.00541809294372797 -0.0060578263364732265 0.00654937606304884
v 0.0057368106208741665 -0.0055578164756298065 0.006934620905667543
v 0.004822433460503817 -0.005557818338274956 0.007598950061947107
v 0.00541809294372797 -0.0060578263364732265 0.00654937606304884
v 0.004822433460503817 -0.005557818338274956 0.007598950061947107
v 0.003619106486439705 -0.006057815160602331 0.007691035978496075
v 0.004822433460503817 -0.005557818338274956 0.007598950061947107
v 0.0038319951854646206 -0.005557820666581392 0.008143448270857334
v 0.003619106486439705 -0.006057815160602331 0.007691035978496075
v 0.003619106486439705 -0.006057815160602331 0.007691035978496075
v 0.0038319951854646206 -0.005557820666581392 0.008143448270857334
v 0.0027811385225504637 -0.005557822994887829 0.0085595129057765
v 0.003619106486439705 -0.006057815160602331 0.007691035978496075
v 0.0027811385225504637 -0.005557822994887829 0.0085595129057765
v 0.0015927267959341407 -0.006057819817215204 0.008349449373781681
v 0.0027811385225504637 -0.005557822994887829 0.0085595129057765
v 0.0016864266945049167 -0.005557825788855553 0.008840588852763176
v 0.0015927267959341407 -0.006057819817215204 0.008349449373781681
v 0.0015927267959341407 -0.006057819817215204 0.008349449373781681
v 0.0016864266945049167 -0.005557825788855553 0.008840588852763176
v 0.0005651058163493872 -0.0055578285828232765 0.008982234634459019
v 0.0015927267959341407 -0.006057819817215204 0.008349449373781681
v 0.0005651058163493872 -0.0055578285828232765 0.008982234634459019
v -0.0005337318871170282 -0.006057825405150652 0.008483226411044598
v 0.0005651058163493872 -0.0055578285828232765 0.008982234634459019
v -0.0005651221144944429 -0.005557816941291094 0.00898224487900734
v -0.0005337318871170282 -0.006057825405150652 0.008483226411044598
v -0.0005337318871170282 -0.006057825405150652 0.008483226411044598
v -0.0005651221144944429 -0.005557816941291094 0.00898224487900734
v -0.0016864478820934892 -0.005557819735258818 0.008840587921440601
v -0.0005337318871170282 -0.006057825405150652 0.008483226411044598
v -0.0016864478820934892 -0.005557819735258818 0.008840587921440601
v -0.0026266619097441435 -0.00605781702324748 0.008083974942564964
v -0.0016864478820934892 -0.005557819735258818 0.008840587921440601
v -0.002781164599582553 -0.005557822994887829 0.008559508249163628
v -0.0026266619097441435 -0.00605781702324748 0.008083974942564964
v -0.0026266619097441435 -0.00605781702324748 0.008083974942564964
v -0.002781164599582553 -0.005557822994887829 0.008559508249163628
v -0.0038320187013596296 -0.00555782625451684 0.008143443614244461
v -0.0026266619097441435 -0.00605781702324748 0.008083974942564964
v -0.0038320187013596296 -0.00555782625451684 0.008143443614244461
v -0.004554537124931812 -0.006057823076844215 0.007176774088293314
v -0.0038320187013596296 -0.00555782625451684 0.008143443614244461
v -0.0048224530182778835 -0.005557814612984657 0.007598946802318096
v -0.004554537124931812 -0.006057823076844215 0.007176774088293314
v -0.004554537124931812 -0.006057823076844215 0.007176774088293314
v -0.0048224530182778835 -0.005557814612984657 0.007598946802318096
v -0.0057368287816643715 -0.0055578178726136684 0.006934614386409521
v -0.004554537124931812 -0.006057823076844215 0.007176774088293314
v -0.0057368287816643715 -0.0055578178726136684 0.006934614386409521
v -0.006196243222802877 -0.006057828664779663 0.00581864221021533
v -0.0057368287816643715 -0.0055578178726136684 0.006934614386409521
v -0.006560734007507563 -0.005557820666581392 0.006160917691886425
v -0.006196243222802877 -0.006057828664779663 0.00581864221021533
v -0.006196243222802877 -0.006057828664779663 0.00581864221021533
v -0.006560734007507563 -0.005557820666581392 0.006160917691886425
v -0.007281150668859482 -0.005557823460549116 0.005290057044476271
v -0.006196243222802877 -0.006057828664779663 0.00581864221021533
v -0.007281150668859482 -0.005557823460549116 0.005290057044476271
v -0.007448619231581688 -0.00605781888589263 0.004094893578439951
v -0.007281150668859482 -0.005557823460549116 0.005290057044476271
v -0.007886764593422413 -0.00555782625451684 0.0043357787653803825
v -0.007448619231581688 -0.00605781888589263 0.004094893578439951
v -0.007448619231581688 -0.00605781888589263 0.004094893578439951
v -0.007886764593422413 -0.00555782625451684 0.0043357787653803825
v -0.008367988280951977 -0.0055578285828232765 0.003313111374154687
v -0.007448619231581688 -0.00605781888589263 0.004094893578439951
v -0.008367988280951977 -0.0055578285828232765 0.003313111374154687
v -0.008232960477471352 -0.006057822611182928 0.002113858237862587
v -0.008367988280951977 -0.0055578285828232765 0.003313111374154687
v -0.008717249147593975 -0.005557815544307232 0.0022382005117833614
v -0.008232960477471352 -0.006057822611182928 0.002113858237862587
v -0.008232960477471352 -0.006057822611182928 0.002113858237862587
v -0.008717249147593975 -0.005557815544307232 0.0022382005117833614
v -0.008929039351642132 -0.005557816941291094 0.0011279870523139834
v -0.008232960477471352 -0.006057822611182928 0.002113858237862587
v -0.008929039351642132 -0.005557816941291094 0.0011279870523139834
v -0.008499999530613422 -0.006057825405150652 -3.1516200760250968e-09
v -0.008499999530613422 -0.006057825405150652 -3.1516200760250968e-09
v -0.008929039351642132 -0.005557816941291094 0.0011279870523139834
v -0.008999996818602085 -0.005557818338274956 -6.878992042658183e-09
v -0.008499999530613422 -0.006057825405150652 -3.1516200760250968e-09
v -0.008999996818602085 -0.005557818338274956 -6.878992042658183e-09
v -0.008929022587835789 -0.00555781926959753 -0.0011280124308541417
v 0.009000006131827831 0.005442178342491388 1.3484266148111601e-08
v 0.008232945576310158 0.005942171905189753 0.002113875700160861
v 0.008717251010239124 0.00544217973947525 0.0022382172755897045
v 0.008717251010239124 0.00544217973947525 0.0022382172755897045
v 0.008232945576310158 0.005942171905189753 0.002113875700160861
v 0.007448596879839897 0.005942171439528465 0.004094915930181742
v 0.008717251010239124 0.00544217973947525 0.0022382172755897045
v 0.007448596879839897 0.005942171439528465 0.004094915930181742
v 0.007886749692261219 0.005442179273813963 0.004335797857493162
v 0.007886749692261219 0.005442179273813963 0.004335797857493162
v 0.007448596879839897 0.005942171439528465 0.004094915930181742
v 0.006196224130690098 0.00594218447804451 0.005818651523441076
v 0.006560713984072208 0.005442177411168814 0.0061609321273863316
v 0.006560713984072208 0.005442177411168814 0.0061609321273863316
v 0.006196224130690098 0.00594218447804451 0.005818651523441076
v 0.004554517567157745 0.005942181684076786 0.0071767959743738174
v 0.006560713984072208 0.005442177411168814 0.0061609321273863316
v 0.004554517567157745 0.005942181684076786 0.0071767959743738174
v 0.004822426941245794 0.0054421741515398026 0.0075989579781889915
v 0.004822426941245794 0.0054421741515398026 0.0075989579781889915
v 0.004554517567157745 0.005942181684076786 0.0071767959743738174
v 0.0026266337372362614 0.005942177027463913 0.008083987981081009
v 0.004822426941245794 0.0054421741515398026 0.0075989579781889915
v 0.0026266337372362614 0.005942177027463913 0.008083987981081009
v 0.0027811413165181875 0.005442184396088123 0.008559508249163628
v 0.0027811413165181875 0.005442184396088123 0.008559508249163628
v 0.0026266337372362614 0.005942177027463913 0.008083987981081009
v 0.0005337102920748293 0.005942171905189753 0.008483224548399448
v 0.0027811413165181875 0.005442184396088123 0.008559508249163628
v 0.0005337102920748293 0.005942171905189753 0.008483224548399448
v 0.0005650994717143476 0.005442178808152676 0.00898224301636219
v 0.0005650994717143476 0.005442178808152676 0.00898224301636219
v 0.0005337102920748293 0.005942171905189753 0.008483224548399448
v -0.0015927533386275172 0.005942180752754211 0.008349430747330189
v 0.0005650994717143476 0.005442178808152676 0.00898224301636219
v -0.0015927533386275172 0.005942180752754211 0.008349430747330189
v -0.0016864450881257653 0.005442172754555941 0.008840584196150303
v -0.0016864450881257653 0.005442172754555941 0.008840584196150303
v -0.0015927533386275172 0.005942180752754211 0.008349430747330189
v -0.0036191390827298164 0.005942174699157476 0.007691026199609041
v -0.003832015907391906 0.005442181136459112 0.008143438957631588
v -0.003832015907391906 0.005442181136459112 0.008143438957631588
v -0.0036191390827298164 0.005942174699157476 0.007691026199609041
v -0.005418113432824612 0.005942183546721935 0.0065493457950651646
v -0.005736825987696648 0.00544217461720109 0.006934610661119223
v -0.005736825987696648 0.00544217461720109 0.006934610661119223
v -0.005418113432824612 0.005942183546721935 0.0065493457950651646
v -0.006876642815768719 0.005942177958786488 0.00499616377055645
v -0.005736825987696648 0.00544217461720109 0.006934610661119223
v -0.006876642815768719 0.005942177958786488 0.00499616377055645
v -0.007281157188117504 0.005442183930426836 0.005290064960718155
v -0.007281157188117504 0.005442183930426836 0.005290064960718155
v -0.006876642815768719 0.005942177958786488 0.00499616377055645
v -0.007903099991381168 0.005942173767834902 0.0031290471088141203
v -0.007281157188117504 0.005442183930426836 0.005290064960718155
v -0.007903099991381168 0.005942173767834902 0.0031290471088141203
v -0.008367985486984253 0.005442178808152676 0.003313107416033745
v -0.008367985486984253 0.005442178808152676 0.003313107416033745
v -0.007903099991381168 0.005942173767834902 0.0031290471088141203
v -0.008432971313595772 0.0059421854093670845 0.0010653173085302114
v -0.008929036557674408 0.0054421755485236645 0.0011279832106083632
v -0.008929036557674408 0.0054421755485236645 0.0011279832106083632
v -0.008432971313595772 0.0059421854093670845 0.0010653173085302114
v -0.008432977832853794 0.005942183081060648 -0.0010653376812115312
v -0.008929036557674408 0.0054421755485236645 0.0011279832106083632
v -0.008432977832853794 0.005942183081060648 -0.0010653376812115312
v -0.008929029107093811 0.005442173220217228 -0.0011280043981969357
v -0.008929029107093811 0.005442173220217228 -0.0011280043981969357
v -0.008432977832853794 0.005942183081060648 -0.0010653376812115312
v -0.00790309626609087 0.005942182615399361 -0.003129060147330165
v -0.008367977105081081 0.005442172754555941 -0.0033131325617432594
v -0.008367977105081081 0.005442172754555941 -0.0033131325617432594
v -0.00790309626609087 0.005942182615399361 -0.003129060147330165
v -0.006876631639897823 0.005942183546721935 -0.004996184725314379
v -0.008367977105081081 0.005442172754555941 -0.0033131325617432594
v -0.006876631639897823 0.005942183546721935 -0.004996184725314379
v -0.007281150668859482 0.005442173685878515 -0.005290081258863211
v -0.007281150668859482 0.005442173685878515 -0.005290081258863211
v -0.006876631639897823 0.005942183546721935 -0.004996184725314379
v -0.005418095737695694 0.005942171439528465 -0.006549378857016563
v -0.00573681341484189 0.005442176479846239 -0.00693462323397398
v -0.00573681341484189 0.005442176479846239 -0.00693462323397398
v -0.005418095737695694 0.005942171439528465 -0.006549378857016563
v -0.0036191092804074287 0.005942175164818764 -0.007691038306802511
v -0.0038319977466017008 0.005442180670797825 -0.008143451064825058
v -0.0038319977466017008 0.005442180670797825 -0.008143451064825058
v -0.0036191092804074287 0.005942175164818764 -0.007691038306802511
v -0.0015927294734865427 0.005942180287092924 -0.00834945123642683
v -0.0038319977466017008 0.005442180670797825 -0.008143451064825058
v -0.0015927294734865427 0.005942180287092924 -0.00834945123642683
v -0.0016864176141098142 0.005442170891910791 -0.008840582333505154
v -0.0016864176141098142 0.005442170891910791 -0.008840582333505154
v -0.0015927294734865427 0.005942180287092924 -0.00834945123642683
v 0.0005337292095646262 0.005942170973867178 -0.008483229205012321
v -0.0016864176141098142 0.005442170891910791 -0.008840582333505154
v 0.0005337292095646262 0.005942170973867178 -0.008483229205012321
v 0.0005651312530972064 0.005442176945507526 -0.008982238359749317
v 0.0005651312530972064 0.005442176945507526 -0.008982238359749317
v 0.0005337292095646262 0.005942170973867178 -0.008483229205012321
v 0.0026266593486070633 0.005942177027463913 -0.008083977736532688
v 0.002781161805614829 0.005442183464765549 -0.008559511043131351
v 0.002781161805614829 0.005442183464765549 -0.008559511043131351
v 0.0026266593486070633 0.005942177027463913 -0.008083977736532688
v 0.0045545343309640884 0.005942183081060648 -0.007176776882261038
v 0.00482245022431016 0.005442175082862377 -0.00759894959628582
v 0.00482245022431016 0.005442175082862377 -0.00759894959628582
v 0.0045545343309640884 0.005942183081060648 -0.007176776882261038
v 0.006196240428835154 0.005942173767834902 -0.005818645004183054
v 0.00482245022431016 0.005442175082862377 -0.00759894959628582
v 0.006196240428835154 0.005942173767834902 -0.005818645004183054
v 0.006560731213539839 0.005442181136459112 -0.0061609200201928616
v 0.006560731213539839 0.005442181136459112 -0.0061609200201928616
v 0.006196240428835154 0.005942173767834902 -0.005818645004183054
v 0.007448616437613964 0.005942178890109062 -0.004094896372407675
v 0.006560731213539839 0.005442181136459112 -0.0061609200201928616
v 0.007448616437613964 0.005942178890109062 -0.004094896372407675
v 0.007886773906648159 0.005442171357572079 -0.00433577224612236
v 0.007886773906648159 0.005442171357572079 -0.00433577224612236
v 0.007448616437613964 0.005942178890109062 -0.004094896372407675
v 0.008232957683503628 0.005942182615399361 -0.002113860798999667
v 0.008717247284948826 0.0054421755485236645 -0.0022382030729204416
v 0.008717247284948826 0.0054421755485236645 -0.0022382030729204416
v 0.008232957683503628 0.005942182615399361 -0.002113860798999667
v 0.008500008843839169 0.005942170508205891 9.756908170288625e-09
v 0.008717247284948826 0.0054421755485236645 -0.0022382030729204416
v 0.008500008843839169 0.005942170508205891 9.756908170288625e-09
v 0.009000006131827831 0.005442178342491388 1.3484266148111601e-08
v 0.009000006131827831 0.005442178342491388 1.3484266148111601e-08
v 0.008500008843839169 0.005942170508205891 9.756908170288625e-09
v 0.008232945576310158 0.005942171905189753 0.002113875700160861
v 0.0036330902948975563 -0.001053755753673613 0.0034352096263319254
v 0.0044441684149205685 -0.000870856165420264 0.004031060729175806
v 0.003882321063429117 -0.0007077503832988441 0.003150810254737735
v 0.003882321063429117 -0.0007077503832988441 0.003150810254737735
v 0.0044441684149205685 -0.000870856165420264 0.004031060729175806
v 0.004566147457808256 -0.0006328247836790979 0.003892341395840049
v 0.003882321063429117 -0.0007077503832988441 0.003150810254737735
v 0.004566147457808256 -0.0006328247836790979 0.003892341395840049
v 0.003912461455911398 -0.0006328272866085172 0.003113312879577279
v 0.003912461455911398 -0.0006328272866085172 0.003113312879577279
v 0.004566147457808256 -0.0006328247836790979 0.003892341395840049
v 0.003984497860074043 -0.0003557699092198163 0.003020566189661622
v 0.003984497860074043 -0.0003557699092198163 0.003020566189661622
v 0.004566147457808256 -0.0006328247836790979 0.003892341395840049
v 0.004640891216695309 -0.00035599092370830476 0.0038029137067496777
v 0.003984497860074043 -0.0003557699092198163 0.003020566189661622
v 0.004640891216695309 -0.00035599092370830476 0.0038029137067496777
v 0.004008714109659195 -5.7821158407023177e-05 0.0029883389361202717
v 0.004008714109659195 -5.7821158407023177e-05 0.0029883389361202717
v 0.004640891216695309 -0.00035599092370830476 0.0038029137067496777
v 0.004666168708354235 -5.781864092568867e-05 0.003771847113966942
v 0.004008714109659195 -5.7821158407023177e-05 0.0029883389361202717
v 0.004666168708354235 -5.781864092568867e-05 0.003771847113966942
v 0.003984496463090181 0.0002401424280833453 0.0030205657240003347
v 0.003984496463090181 0.0002401424280833453 0.0030205657240003347
v 0.004666168708354235 -5.781864092568867e-05 0.003771847113966942
v 0.004640916828066111 0.00024021945137064904 0.003802877850830555
v 0.003984496463090181 0.0002401424280833453 0.0030205657240003347
v 0.004640916828066111 0.00024021945137064904 0.003802877850830555
v 0.003912458196282387 0.0005171847296878695 0.0031133119482547045
v 0.003912458196282387 0.0005171847296878695 0.0031133119482547045
v 0.004640916828066111 0.00024021945137064904 0.003802877850830555
v 0.004566144198179245 0.000517172331456095 0.0038923402316868305
v 0.003912458196282387 0.0005171847296878695 0.0031133119482547045
v 0.004566144198179245 0.000517172331456095 0.0038923402316868305
v 0.0037939040921628475 0.0007556030759587884 0.0032567346934229136
v 0.0037939040921628475 0.0007556030759587884 0.0032567346934229136
v 0.004566144198179245 0.000517172331456095 0.0038923402316868305
v 0.0044441549107432365 0.0007552181486971676 0.004031070973724127
v 0.0037939040921628475 0.0007556030759587884 0.0032567346934229136
v 0.0044441549107432365 0.0007552181486971676 0.004031070973724127
v 0.0036330849397927523 0.0009381122654303908 0.003435207763686776
v 0.0036330849397927523 0.0009381122654303908 0.003435207763686776
v 0.0044441549107432365 0.0007552181486971676 0.004031070973724127
v 0.004279443994164467 0.0009380998089909554 0.00420551560819149
v 0.0036330849397927523 0.0009381122654303908 0.003435207763686776
v 0.004279443994164467 0.0009380998089909554 0.00420551560819149
v 0.0033863980788737535 0.001069033402018249 0.0036786203272640705
v 0.0033863980788737535 0.001069033402018249 0.0036786203272640705
v 0.004279443994164467 0.0009380998089909554 0.00420551560819149
v 0.0040828571654856205 0.0010519294301047921 0.0043966155499219894
v 0.0033863980788737535 0.001069033402018249 0.0036786203272640705
v 0.0040828571654856205 0.0010519294301047921 0.0043966155499219894
v 0.0032139404211193323 0.001092174556106329 0.003830228466540575
v 0.0032139404211193323 0.001092174556106329 0.003830228466540575
v 0.0040828571654856205 0.0010519294301047921 0.0043966155499219894
v 0.00386248342692852 0.0010921471985056996 0.00459143053740263
v 0.0032139404211193323 0.001092174556106329 0.003830228466540575
v 0.00386248342692852 0.0010921471985056996 0.00459143053740263
v 0.002979793818667531 0.0010528499260544777 0.004015084821730852
v 0.002979793818667531 0.0010528499260544777 0.004015084821730852
v 0.00386248342692852 0.0010921471985056996 0.00459143053740263
v 0.0036235142033547163 0.0010528374696150422 0.004782277159392834
v 0.002979793818667531 0.0010528499260544777 0.004015084821730852
v 0.0036235142033547163 0.0010528374696150422 0.004782277159392834
v 0.0027521310839802027 0.0009381105192005634 0.004174417816102505
v 0.0027521310839802027 0.0009381105192005634 0.004174417816102505
v 0.0036235142033547163 0.0010528374696150422 0.004782277159392834
v 0.0033984901383519173 0.0009381130221299827 0.004944725427776575
v 0.0027521310839802027 0.0009381105192005634 0.004174417816102505
v 0.0033984901383519173 0.0009381130221299827 0.004944725427776575
v 0.0025483344215899706 0.0007554814801551402 0.004301855340600014
v 0.0025483344215899706 0.0007554814801551402 0.004301855340600014
v 0.0033984901383519173 0.0009381130221299827 0.004944725427776575
v 0.003198306541889906 0.0007554541807621717 0.0050765033811330795
v 0.0025483344215899706 0.0007554814801551402 0.004301855340600014
v 0.003198306541889906 0.0007554541807621717 0.0050765033811330795
v 0.0023866090923547745 0.000517181761097163 0.00439364043995738
v 0.0023866090923547745 0.000517181761097163 0.00439364043995738
v 0.003198306541889906 0.0007554541807621717 0.0050765033811330795
v 0.0030402857810258865 0.0005171842640265822 0.005172680597752333
v 0.0023866090923547745 0.000517181761097163 0.00439364043995738
v 0.0030402857810258865 0.0005171842640265822 0.005172680597752333
v 0.0022827654611319304 0.00024015404051169753 0.004448477644473314
v 0.0022827654611319304 0.00024015404051169753 0.004448477644473314
v 0.0030402857810258865 0.0005171842640265822 0.005172680597752333
v 0.0029391166754066944 0.00023979891557246447 0.005230830982327461
v 0.0022827654611319304 0.00024015404051169753 0.004448477644473314
v 0.0029391166754066944 0.00023979891557246447 0.005230830982327461
v 0.0022468152455985546 -5.782456719316542e-05 0.004466746933758259
v 0.0022468152455985546 -5.782456719316542e-05 0.004466746933758259
v 0.0029391166754066944 0.00023979891557246447 0.005230830982327461
v 0.0029042609967291355 -5.782204607385211e-05 0.005250266753137112
v 0.0022468152455985546 -5.782456719316542e-05 0.004466746933758259
v 0.0029042609967291355 -5.782204607385211e-05 0.005250266753137112
v 0.002282767090946436 -0.00035580300027504563 0.004448478575795889
v 0.002282767090946436 -0.00035580300027504563 0.004448478575795889
v 0.0029042609967291355 -5.782204607385211e-05 0.005250266753137112
v 0.0029393951408565044 -0.0003566647646948695 0.005230668466538191
v 0.002282767090946436 -0.00035580300027504563 0.004448478575795889
v 0.0029393951408565044 -0.0003566647646948695 0.005230668466538191
v 0.0023866030387580395 -0.0006328153540380299 0.004393653012812138
v 0.0023866030387580395 -0.0006328153540380299 0.004393653012812138
v 0.0029393951408565044 -0.0003566647646948695 0.005230668466538191
v 0.0030402890406548977 -0.0006328277522698045 0.005172681529074907
v 0.0023866030387580395 -0.0006328153540380299 0.004393653012812138
v 0.0030402890406548977 -0.0006328277522698045 0.005172681529074907
v 0.0025481705088168383 -0.0008709504618309438 0.004301952663809061
v 0.0025481705088168383 -0.0008709504618309438 0.004301952663809061
v 0.0030402890406548977 -0.0006328277522698045 0.005172681529074907
v 0.0031981426291167736 -0.0008709181565791368 0.005076600704342127
v 0.0025481705088168383 -0.0008709504618309438 0.004301952663809061
v 0.0031981426291167736 -0.0008709181565791368 0.005076600704342127
v 0.0027521364390850067 -0.0010537574999034405 0.004174419678747654
v 0.0027521364390850067 -0.0010537574999034405 0.004174419678747654
v 0.0031981426291167736 -0.0008709181565791368 0.005076600704342127
v 0.0033984954934567213 -0.0010537550551816821 0.004944727290421724
v 0.0027521364390850067 -0.0010537574999034405 0.004174419678747654
v 0.0033984954934567213 -0.0010537550551816821 0.004944727290421724
v 0.0029801558703184128 -0.001168615184724331 0.004014797508716583
v 0.0029801558703184128 -0.001168615184724331 0.004014797508716583
v 0.0033984954934567213 -0.0010537550551816821 0.004944727290421724
v 0.0036239936016499996 -0.0011686425423249602 0.00478191114962101
v 0.0029801558703184128 -0.001168615184724331 0.004014797508716583
v 0.0036239936016499996 -0.0011686425423249602 0.00478191114962101
v 0.0032138957176357508 -0.0012078196741640568 0.0038302477914839983
v 0.0032138957176357508 -0.0012078196741640568 0.0038302477914839983
v 0.0036239936016499996 -0.0011686425423249602 0.00478191114962101
v 0.0038567124865949154 -0.0012078172294422984 0.004596270155161619
v 0.0032138957176357508 -0.0012078196741640568 0.0038302477914839983
v 0.0038567124865949154 -0.0012078172294422984 0.004596270155161619
v 0.003386404365301132 -0.0011846778215840459 0.0036786224227398634
v 0.003386404365301132 -0.0011846778215840459 0.0036786224227398634
v 0.0038567124865949154 -0.0012078172294422984 0.004596270155161619
v 0.004082624334841967 -0.0011676581343635917 0.004396828357130289
v 0.003386404365301132 -0.0011846778215840459 0.0036786224227398634
v 0.004082624334841967 -0.0011676581343635917 0.004396828357130289
v 0.0036330902948975563 -0.001053755753673613 0.0034352096263319254
v 0.0036330902948975563 -0.001053755753673613 0.0034352096263319254
v 0.004082624334841967 -0.0011676581343635917 0.004396828357130289
v 0.0042794495820999146 -0.0010537533089518547 0.004205517470836639
v 0.0036330902948975563 -0.001053755753673613 0.0034352096263319254
v 0.0042794495820999146 -0.0010537533089518547 0.004205517470836639
v 0.0044441684149205685 -0.000870856165420264 0.004031060729175806
v -0.0016995910555124283 0.005942182615399361 -0.005230810027569532
v -0.0036191092804074287 0.005942175164818764 -0.007691038306802511
v -0.003232812276110053 0.0059421793557703495 -0.004449589643627405
v -0.005418095737695694 0.005942171439528465 -0.006549378857016563
v -0.004449584521353245 0.005942177027463913 -0.0032328248489648104
v -0.006876631639897823 0.005942183546721935 -0.004996184725314379
v -0.005230809561908245 0.005942176561802626 -0.0016996097983792424
v 0.0044495961628854275 0.005942171439528465 -0.003232805524021387
v 0.006196240428835154 0.005942173767834902 -0.005818645004183054
v 0.0032328199595212936 0.005942182149738073 -0.004449586849659681
v 0.0045545343309640884 0.005942183081060648 -0.007176776882261038
v 0.0016996049089357257 0.005942177027463913 -0.005230811890214682
v 0.0026266593486070633 0.005942177027463913 -0.008083977736532688
v 6.975834132560976e-09 0.00594217237085104 -0.005500008352100849
v 0.0005337292095646262 0.005942170973867178 -0.008483229205012321
v -0.0015927294734865427 0.005942180287092924 -0.00834945123642683
v -0.00790309626609087 0.005942182615399361 -0.003129060147330165
v -0.008432977832853794 0.005942183081060648 -0.0010653376812115312
v -0.00549999438226223 0.005942177027463913 -2.808500543238779e-09
v -0.008432971313595772 0.0059421854093670845 0.0010653173085302114
v -0.005230807699263096 0.0059421793557703495 0.0016995860496535897
v -0.007903099991381168 0.005942173767834902 0.0031290471088141203
v -0.0044495961628854275 0.005942183081060648 0.0032328192610293627
v -0.006876642815768719 0.005942177958786488 0.00499616377055645
v -0.00323283183388412 0.005942172836512327 0.004449591506272554
v 0.004449593834578991 0.0059421774931252 0.0032328267116099596
v 0.007448596879839897 0.005942171439528465 0.004094915930181742
v 0.0052308072336018085 0.005942178424447775 0.0016996025806292892
v 0.008232945576310158 0.005942171905189753 0.002113875700160861
v 0.005500003229826689 0.0059421774931252 4.649656659694301e-09
v 0.008500008843839169 0.005942170508205891 9.756908170288625e-09
v 0.005230817012488842 0.005942175164818764 -0.0016995841870084405
v 0.008232957683503628 0.005942182615399361 -0.002113860798999667
v 0.007448616437613964 0.005942178890109062 -0.004094896372407675
v -0.005418113432824612 0.005942183546721935 0.0065493457950651646
v -0.00323283183388412 0.005942172836512327 0.004449591506272554
v -0.0036191390827298164 0.005942174699157476 0.007691026199609041
v -0.0016995957121253014 0.0059421774931252 0.005230813752859831
v -0.0015927533386275172 0.005942180752754211 0.008349430747330189
v -9.600514161434148e-09 0.005942182615399361 0.005500000901520252
v 0.0005337102920748293 0.005942171905189753 0.008483224548399448
v 0.0016995792975649238 0.005942171905189753 0.0052308146841824055
v 0.0026266337372362614 0.005942177027463913 0.008083987981081009
v 0.003232812276110053 0.005942175164818764 0.004449603147804737
v 0.004554517567157745 0.005942181684076786 0.0071767959743738174
v 0.006196224130690098 0.00594218447804451 0.005818651523441076
v 0.005500003229826689 -0.00605781702324748 9.413775536870617e-09
v 0.00843297503888607 -0.006057823076844215 0.001065335120074451
v 0.0052308072336018085 -0.006057816091924906 0.001699607353657484
v 0.00790309626609087 -0.006057822611182928 0.0031290785409510136
v 0.004449582193046808 -0.00605781702324748 0.003232822520658374
v 0.006876640487462282 -0.006057823542505503 0.004996191244572401
v 0.0032328213565051556 -0.006057819351553917 0.0044495961628854275
v 0.005230804905295372 -0.006057819351553917 -0.00169958861079067
v 0.008432968519628048 -0.006057824939489365 -0.0010653198696672916
v 0.008499996736645699 -0.00605782400816679 5.402836400492106e-09
v 6.909630201334949e-09 -0.006057822145521641 -0.005500003695487976
v 0.0015927505446597934 -0.006057820748537779 -0.008349433541297913
v 0.0016996047925204039 -0.006057817488908768 -0.0052308072336018085
v 0.0036191365215927362 -0.006057829596102238 -0.007691028993576765
v 0.003232829039916396 -0.006057827267795801 -0.004449594300240278
v 0.005418110638856888 -0.006057823542505503 -0.006549348589032888
v 0.004449605476111174 -0.006057823076844215 -0.0032328125089406967
v 0.006876652128994465 -0.006057817954570055 -0.004996157251298428
v 0.007903097197413445 -0.006057828664779663 -0.0031290496699512005
v -0.004449584987014532 -0.006057817488908768 -0.0032328201923519373
v -0.006196226924657822 -0.006057824473828077 -0.005818653851747513
v -0.003232815070077777 -0.006057815160602331 -0.004449605476111174
v -0.004554520361125469 -0.006057821214199066 -0.007176798768341541
v -0.0016995819751173258 -0.006057826802134514 -0.005230817012488842
v -0.0016995819751173258 -0.006057826802134514 -0.005230817012488842
v -0.002626636531203985 -0.00605781702324748 -0.008083990775048733
v -0.0005337129696272314 -0.006057826802134514 -0.008483227342367172
v -0.004449598956853151 -0.0060578263364732265 0.003232802962884307
v -0.007448619231581688 -0.00605781888589263 0.004094893578439951
v -0.005230807699263096 -0.006057815160602331 0.0016995908226817846
v -0.008232960477471352 -0.006057822611182928 0.002113858237862587
v -0.005500006023794413 -0.006057817488908768 -7.162572757124508e-09
v -0.008499999530613422 -0.006057825405150652 -3.1516200760250968e-09
v -0.005230810027569532 -0.006057817954570055 -0.0016996051417663693
v -0.008232948370277882 -0.006057826802134514 -0.002113878261297941
v -0.007448599673807621 -0.0060578263364732265 -0.004094918258488178
v 0.00541809294372797 -0.0060578263364732265 0.00654937606304884
v 0.003619106486439705 -0.006057815160602331 0.007691035978496075
v 0.0016995882615447044 -0.006057822611182928 0.005230807699263096
v 0.0015927267959341407 -0.006057819817215204 0.008349449373781681
v -9.66667723645287e-09 -0.006057826802134514 0.005500006023794413
v -0.0005337318871170282 -0.006057825405150652 0.008483226411044598
v -0.0016996075864881277 -0.00605781702324748 0.005230809561908245
v -0.0026266619097441435 -0.00605781702324748 0.008083974942564964
v -0.0032328227534890175 -0.0060578216798603535 0.004449584521353245
v -0.004554537124931812 -0.006057823076844215 0.007176774088293314
v -0.006196243222802877 -0.006057828664779663 0.00581864221021533
v -0.012316128239035606 0.006242184434086084 -0.009735575877130032
v -0.01314019039273262 0.006242182571440935 -0.009557911194860935
v -0.013140195980668068 0.0039421734400093555 -0.009557917714118958
v -0.013140195980668068 0.0039421734400093555 -0.009557917714118958
v -0.012320772744715214 0.003942175302654505 -0.009733482263982296
v -0.012316128239035606 0.006242184434086084 -0.009735575877130032
v -0.012316128239035606 0.006242184434086084 -0.009735575877130032
v -0.012320772744715214 0.003942175302654505 -0.009733482263982296
v -0.01163845881819725 0.003942176699638367 -0.010237003676593304
v -0.012316128239035606 0.006242184434086084 -0.009735575877130032
v -0.01163845881819725 0.003942176699638367 -0.010237003676593304
v -0.011638465337455273 0.0062421709299087524 -0.010237005539238453
v -0.011638463474810123 -0.006357818841934204 -0.01023700088262558
v -0.0116384606808424 -0.004057824611663818 -0.010237014852464199
v -0.01231613289564848 -0.00405782600864768 -0.009735572151839733
v -0.012316126376390457 -0.006357820238918066 -0.009735570289194584
v -0.012316126376390457 -0.006357820238918066 -0.009735570289194584
v -0.01231613289564848 -0.00405782600864768 -0.009735572151839733
v -0.013140195980668068 -0.0040578278712928295 -0.009557907469570637
v -0.012316126376390457 -0.006357820238918066 -0.009735570289194584
v -0.013140195980668068 -0.0040578278712928295 -0.009557907469570637
v -0.013140200637280941 -0.006357822101563215 -0.009557914920151234
v -0.01749999076128006 -0.00405782600864768 -0.010557916015386581
v -0.017499985173344612 -0.006357820238918066 -0.010557914152741432
v -0.017366021871566772 -0.006357819307595491 -0.010057912208139896
v -0.01749999076128006 -0.00405782600864768 -0.010557916015386581
v -0.017366021871566772 -0.006357819307595491 -0.010057912208139896
v -0.017423879355192184 -0.004057825542986393 -0.01017522532492876
v -0.017423879355192184 -0.004057825542986393 -0.01017522532492876
v -0.017366021871566772 -0.006357819307595491 -0.010057912208139896
v -0.017207100987434387 -0.006357818841934204 -0.009850802831351757
v -0.017423879355192184 -0.004057825542986393 -0.01017522532492876
v -0.017207100987434387 -0.006357818841934204 -0.009850802831351757
v -0.017207108438014984 -0.004057824611663818 -0.009850804693996906
v -0.017207108438014984 -0.004057824611663818 -0.009850804693996906
v -0.017207100987434387 -0.006357818841934204 -0.009850802831351757
v -0.0169999897480011 -0.0063578179106116295 -0.009691886603832245
v -0.017207108438014984 -0.004057824611663818 -0.009850804693996906
v -0.0169999897480011 -0.0063578179106116295 -0.009691886603832245
v -0.016882672905921936 -0.0040578232146799564 -0.00963403470814228
v -0.016882672905921936 -0.0040578232146799564 -0.00963403470814228
v -0.0169999897480011 -0.0063578179106116295 -0.009691886603832245
v -0.016499988734722137 -0.0063578165136277676 -0.009557906538248062
v -0.016882672905921936 -0.0040578232146799564 -0.00963403470814228
v -0.016499988734722137 -0.0063578165136277676 -0.009557906538248062
v -0.016499994322657585 -0.004057822283357382 -0.009557908400893211
v -0.017499996349215508 0.006242184434086084 -0.01055790763348341
v -0.01749998889863491 0.003942175302654505 -0.01055790577083826
v -0.017423873767256737 0.006242184899747372 -0.010175228118896484
v -0.017423873767256737 0.006242184899747372 -0.010175228118896484
v -0.01749998889863491 0.003942175302654505 -0.01055790577083826
v -0.017366016283631325 0.003942176233977079 -0.01005791500210762
v -0.017423873767256737 0.006242184899747372 -0.010175228118896484
v -0.017366016283631325 0.003942176233977079 -0.01005791500210762
v -0.017366021871566772 0.006242170464247465 -0.01005791686475277
v -0.017366021871566772 0.006242170464247465 -0.01005791686475277
v -0.017366016283631325 0.003942176233977079 -0.01005791500210762
v -0.017207102850079536 0.0062421709299087524 -0.009850808419287205
v -0.017207102850079536 0.0062421709299087524 -0.009850808419287205
v -0.017366016283631325 0.003942176233977079 -0.01005791500210762
v -0.016999993473291397 0.003942177630960941 -0.009691878221929073
v -0.017207102850079536 0.0062421709299087524 -0.009850808419287205
v -0.016999993473291397 0.003942177630960941 -0.009691878221929073
v -0.016999991610646248 0.006242171861231327 -0.009691892191767693
v -0.016999991610646248 0.006242171861231327 -0.009691892191767693
v -0.016999993473291397 0.003942177630960941 -0.009691878221929073
v -0.016882678493857384 0.006242172326892614 -0.009634025394916534
v -0.016882678493857384 0.006242172326892614 -0.009634025394916534
v -0.016999993473291397 0.003942177630960941 -0.009691878221929073
v -0.016499994322657585 0.003942179027944803 -0.009557918645441532
v -0.016882678493857384 0.006242172326892614 -0.009634025394916534
v -0.016499994322657585 0.003942179027944803 -0.009557918645441532
v -0.016499988734722137 0.006242173258215189 -0.00955791212618351
v -0.004999987781047821 -0.006557815708220005 -0.022557906806468964
v -0.004999991971999407 -0.004557828418910503 -0.024557901546359062
v -0.004999986384063959 -0.006557817570865154 -0.024557899683713913
v -0.01314019039273262 0.006242182571440935 -0.009557911194860935
v -0.016499988734722137 0.006242173258215189 -0.00955791212618351
v -0.013140195980668068 0.0039421734400093555 -0.009557917714118958
v -0.016499994322657585 0.003942179027944803 -0.009557918645441532
v -0.01729997992515564 0.0064421771094202995 -0.02255791611969471
v -0.004999978467822075 0.006442180834710598 -0.022557903081178665
v -0.01749999076128006 0.006242173258215189 -0.022757912054657936
v -0.01749999076128006 0.006242173258215189 -0.022757912054657936
v -0.004999978467822075 0.006442180834710598 -0.022557903081178665
v -0.004999983590096235 0.004442174918949604 -0.02455790340900421
v -0.017499977722764015 0.004442170727998018 -0.02455790899693966
v -0.004999987781047821 -0.006557815708220005 -0.022557906806468964
v -0.01729997806251049 -0.0065578194335103035 -0.022557910531759262
v -0.004999991971999407 -0.004557828418910503 -0.024557901546359062
v -0.004999991971999407 -0.004557828418910503 -0.024557901546359062
v -0.01729997806251049 -0.0065578194335103035 -0.022557910531759262
v -0.01749998889863491 -0.0063578165136277676 -0.02275790646672249
v -0.01749998889863491 -0.0063578165136277676 -0.02275790646672249
v -0.01749998703598976 -0.004557817708700895 -0.02455790713429451
v -0.024499986320734024 -5.7822850067168474e-05 -0.011557919904589653
v -0.024499984458088875 -0.0009520713938400149 -0.01162493322044611
v -0.018499985337257385 -0.000952069996856153 -0.011624932289123535
v -0.018499985337257385 -0.000952069996856153 -0.011624932289123535
v -0.024499984458088875 -0.0009520713938400149 -0.01162493322044611
v -0.02449999377131462 -0.0026611308567225933 -0.012152108363807201
v -0.01849999465048313 -0.0026611294597387314 -0.012152106501162052
v -0.01849999465048313 -0.0026611294597387314 -0.012152106501162052
v -0.02449999377131462 -0.0026611308567225933 -0.012152108363807201
v -0.02449999563395977 -0.004138865042477846 -0.013159606605768204
v -0.01849999651312828 -0.004138863645493984 -0.013159605674445629
v -0.01849999651312828 -0.004138863645493984 -0.013159605674445629
v -0.02449999563395977 -0.004138865042477846 -0.013159606605768204
v -0.024499988183379173 -0.005253979936242104 -0.014557917602360249
v -0.018499989062547684 -0.005253978539258242 -0.014557916671037674
v -0.018499989062547684 -0.005253978539258242 -0.014557916671037674
v -0.024499988183379173 -0.005253979936242104 -0.014557917602360249
v -0.024499988183379173 -0.005907382350414991 -0.016222801059484482
v -0.018499989062547684 -0.005253978539258242 -0.014557916671037674
v -0.024499988183379173 -0.005907382350414991 -0.016222801059484482
v -0.01849999651312828 -0.005907395854592323 -0.016222788020968437
v -0.01849999651312828 -0.005907395854592323 -0.016222788020968437
v -0.024499988183379173 -0.005907382350414991 -0.016222801059484482
v -0.024499988183379173 -0.006041047628968954 -0.018006304278969765
v -0.018499989062547684 -0.006041046231985092 -0.018006302416324615
v -0.018499989062547684 -0.006041046231985092 -0.018006302416324615
v -0.024499988183379173 -0.006041047628968954 -0.018006304278969765
v -0.02449999377131462 -0.005643068812787533 -0.0197499617934227
v -0.01849999465048313 -0.005643067415803671 -0.0197499617934227
v -0.01849999465048313 -0.005643067415803671 -0.0197499617934227
v -0.02449999377131462 -0.005643068812787533 -0.0197499617934227
v -0.024499980732798576 -0.004748806823045015 -0.021298855543136597
v -0.018499981611967087 -0.004748805426061153 -0.021298855543136597
v -0.018499981611967087 -0.004748805426061153 -0.021298855543136597
v -0.024499980732798576 -0.004748806823045015 -0.021298855543136597
v -0.024499988183379173 -0.0034377442207187414 -0.022515349090099335
v -0.018499989062547684 -0.0034377428237348795 -0.022515347227454185
v -0.018499989062547684 -0.0034377428237348795 -0.022515347227454185
v -0.024499988183379173 -0.0034377442207187414 -0.022515349090099335
v -0.024499986320734024 -0.0018263483652845025 -0.02329135313630104
v -0.018499987199902534 -0.0018263469683006406 -0.02329135127365589
v -0.018499987199902534 -0.0018263469683006406 -0.02329135127365589
v -0.024499986320734024 -0.0018263483652845025 -0.02329135313630104
v -0.024499984458088875 -5.781916479463689e-05 -0.023557918146252632
v -0.018499985337257385 -5.781775325885974e-05 -0.023557916283607483
v -0.018499985337257385 -5.781775325885974e-05 -0.023557916283607483
v -0.024499984458088875 -5.781916479463689e-05 -0.023557918146252632
v -0.02449997514486313 0.001710710464976728 -0.02329135872423649
v -0.018499985337257385 0.0017107118619605899 -0.023291345685720444
v -0.018499985337257385 0.0017107118619605899 -0.023291345685720444
v -0.02449997514486313 0.001710710464976728 -0.02329135872423649
v -0.024499984458088875 0.0033220930490642786 -0.02251535840332508
v -0.018499985337257385 0.0033220944460481405 -0.02251535654067993
v -0.018499985337257385 0.0033220944460481405 -0.02251535654067993
v -0.024499984458088875 0.0033220930490642786 -0.02251535840332508
v -0.02449999377131462 0.004633172880858183 -0.021298855543136597
v -0.01849999465048313 0.004633159376680851 -0.021298855543136597
v -0.01849999465048313 0.004633159376680851 -0.021298855543136597
v -0.02449999377131462 0.004633172880858183 -0.021298855543136597
v -0.024499991908669472 0.00552742276340723 -0.019749967381358147
v -0.018499990925192833 0.005527424160391092 -0.019749965518712997
v -0.018499990925192833 0.005527424160391092 -0.019749965518712997
v -0.024499991908669472 0.00552742276340723 -0.019749967381358147
v -0.024499988183379173 0.0059254043735563755 -0.018006308004260063
v -0.01849999837577343 0.005925405770540237 -0.01800629496574402
v -0.01849999837577343 0.005925405770540237 -0.01800629496574402
v -0.024499988183379173 0.0059254043735563755 -0.018006308004260063
v -0.02449999563395977 0.005791742820292711 -0.016222793608903885
v -0.01849999651312828 0.005791744217276573 -0.016222793608903885
v -0.01849999651312828 0.005791744217276573 -0.016222793608903885
v -0.02449999563395977 0.005791742820292711 -0.016222793608903885
v -0.024499984458088875 0.0051383282989263535 -0.014557920396327972
v -0.018499985337257385 0.005138329695910215 -0.014557919465005398
v -0.018499985337257385 0.005138329695910215 -0.014557919465005398
v -0.024499984458088875 0.0051383282989263535 -0.014557920396327972
v -0.024499984458088875 0.00402321619912982 -0.013159607537090778
v -0.018499985337257385 0.004023217596113682 -0.013159606605768204
v -0.018499985337257385 0.004023217596113682 -0.013159606605768204
v -0.024499984458088875 0.00402321619912982 -0.013159607537090778
v -0.02449999563395977 0.0025454838760197163 -0.012152103707194328
v -0.01849999651312828 0.002545485273003578 -0.012152102775871754
v -0.01849999651312828 0.002545485273003578 -0.012152102775871754
v -0.02449999563395977 0.0025454838760197163 -0.012152103707194328
v -0.024499990046024323 0.0008364255772903562 -0.011624935083091259
v -0.018499990925192833 0.0008364269742742181 -0.011624934151768684
v -0.018499990925192833 0.0008364269742742181 -0.011624934151768684
v -0.024499990046024323 0.0008364255772903562 -0.011624935083091259
v -0.024499986320734024 -5.7822850067168474e-05 -0.011557919904589653
v -0.018499990925192833 0.0008364269742742181 -0.011624934151768684
v -0.024499986320734024 -5.7822850067168474e-05 -0.011557919904589653
v -0.018499985337257385 -0.000952069996856153 -0.011624932289123535
v -0.018499983474612236 -0.005970426369458437 -0.014857715927064419
v -0.018499990925192833 -0.006491655949503183 -0.01663287915289402
v -0.01749999448657036 -0.006357825361192226 -0.015957919880747795
v -0.018499990925192833 -0.006491657346487045 -0.018482960760593414
v -0.017299983650445938 -0.006557829678058624 -0.017557911574840546
v -0.018499990925192833 -0.006491655949503183 -0.01663287915289402
v -0.018499990925192833 -0.006491655949503183 -0.01663287915289402
v -0.017299983650445938 -0.006557829678058624 -0.017557911574840546
v -0.01736699417233467 -0.006490818224847317 -0.01662699691951275
v -0.018499990925192833 -0.006491655949503183 -0.01663287915289402
v -0.01736699417233467 -0.006490818224847317 -0.01662699691951275
v -0.01749999448657036 -0.006357825361192226 -0.015957919880747795
v -0.01749998889863491 -0.0059704286977648735 -0.020258119329810143
v -0.017499983310699463 -0.00635782815515995 -0.019157908856868744
v -0.018499990925192833 -0.006491657346487045 -0.018482960760593414
v -0.018499990925192833 -0.006491657346487045 -0.018482960760593414
v -0.017499983310699463 -0.00635782815515995 -0.019157908856868744
v -0.01736699603497982 -0.006490820087492466 -0.018488837406039238
v -0.018499990925192833 -0.006491657346487045 -0.018482960760593414
v -0.01736699603497982 -0.006490820087492466 -0.018488837406039238
v -0.017299983650445938 -0.006557829678058624 -0.017557911574840546
v -0.018499990925192833 -0.006491657346487045 -0.018482960760593414
v -0.018499989062547684 -0.005970431491732597 -0.020258115604519844
v -0.01749998889863491 -0.0059704286977648735 -0.020258119329810143
v -0.01749998889863491 -0.0059704286977648735 -0.020258119329810143
v -0.018499989062547684 -0.005970431491732597 -0.020258115604519844
v -0.018499990925192833 -0.004970192443579435 -0.021814517676830292
v -0.017499977722764015 -0.0049701896496117115 -0.021814512088894844
v -0.017499977722764015 -0.0049701896496117115 -0.021814512088894844
v -0.018499990925192833 -0.004970192443579435 -0.021814517676830292
v -0.018499981611967087 -0.0035719878505915403 -0.023026062175631523
v -0.017499981448054314 -0.00357198528945446 -0.02302606590092182
v -0.017499981448054314 -0.00357198528945446 -0.02302606590092182
v -0.018499981611967087 -0.0035719878505915403 -0.023026062175631523
v -0.01849997602403164 -0.0018890813225880265 -0.023794619366526604
v -0.017499981448054314 -0.00357198528945446 -0.02302606590092182
v -0.01849997602403164 -0.0018890813225880265 -0.023794619366526604
v -0.017499985173344612 -0.0018890785286203027 -0.023794613778591156
v -0.017499985173344612 -0.0018890785286203027 -0.023794613778591156
v -0.01849997602403164 -0.0018890813225880265 -0.023794619366526604
v -0.018499981611967087 -5.7818222558125854e-05 -0.024057913571596146
v -0.017499985173344612 -0.0018890785286203027 -0.023794613778591156
v -0.018499981611967087 -5.7818222558125854e-05 -0.024057913571596146
v -0.017499981448054314 -5.781550134997815e-05 -0.024057917296886444
v -0.017499981448054314 -5.781550134997815e-05 -0.024057917296886444
v -0.018499981611967087 -5.7818222558125854e-05 -0.024057913571596146
v -0.018499987199902534 0.0017734452849254012 -0.023794623091816902
v -0.017499985173344612 0.0017734331777319312 -0.02379462867975235
v -0.017499985173344612 0.0017734331777319312 -0.02379462867975235
v -0.018499987199902534 0.0017734452849254012 -0.023794623091816902
v -0.018499989062547684 0.0034563385415822268 -0.023026058450341225
v -0.01749998889863491 0.003456341102719307 -0.023026064038276672
v -0.01749998889863491 0.003456341102719307 -0.023026064038276672
v -0.018499989062547684 0.0034563385415822268 -0.023026058450341225
v -0.018499992787837982 0.004854545462876558 -0.021814508363604546
v -0.01749999262392521 0.004854548256844282 -0.021814513951539993
v -0.01749999262392521 0.004854548256844282 -0.021814513951539993
v -0.018499992787837982 0.004854545462876558 -0.021814508363604546
v -0.018499989062547684 0.005854787304997444 -0.020258119329810143
v -0.01749999262392521 0.004854548256844282 -0.021814513951539993
v -0.018499989062547684 0.005854787304997444 -0.020258119329810143
v -0.017499985173344612 0.005854790098965168 -0.02025810442864895
v -0.017499985173344612 0.005854790098965168 -0.02025810442864895
v -0.018499989062547684 0.005854787304997444 -0.020258119329810143
v -0.017499985173344612 0.0062421765178442 -0.01915791444480419
v -0.017499985173344612 0.0062421765178442 -0.01915791444480419
v -0.018499989062547684 0.005854787304997444 -0.020258119329810143
v -0.018499992787837982 0.0063760168850421906 -0.018482966348528862
v -0.017499985173344612 0.0062421765178442 -0.01915791444480419
v -0.018499992787837982 0.0063760168850421906 -0.018482966348528862
v -0.01736699789762497 0.006375170312821865 -0.018488842993974686
v -0.01749999076128006 0.0058547803200781345 -0.01485771406441927
v -0.017499985173344612 0.006242179311811924 -0.015957916155457497
v -0.018499990925192833 0.0063760182820260525 -0.016632862389087677
v -0.018499990925192833 0.0063760182820260525 -0.016632862389087677
v -0.017499985173344612 0.006242179311811924 -0.015957916155457497
v -0.01736699603497982 0.006375172175467014 -0.016627002507448196
v -0.018499990925192833 0.0063760182820260525 -0.016632862389087677
v -0.01736699603497982 0.006375172175467014 -0.016627002507448196
v -0.018499992787837982 0.0063760168850421906 -0.018482966348528862
v -0.018499992787837982 0.0063760168850421906 -0.018482966348528862
v -0.01736699603497982 0.006375172175467014 -0.016627002507448196
v -0.017299987375736237 0.006442181766033173 -0.017557917162775993
v -0.018499992787837982 0.0063760168850421906 -0.018482966348528862
v -0.017299987375736237 0.006442181766033173 -0.017557917162775993
v -0.01736699789762497 0.006375170312821865 -0.018488842993974686
v -0.01749999448657036 -0.006357825361192226 -0.015957919880747795
v -0.01749999076128006 -0.005970423575490713 -0.014857709407806396
v -0.018499983474612236 -0.005970426369458437 -0.014857715927064419
v -0.018499983474612236 -0.005970426369458437 -0.014857715927064419
v -0.01749999076128006 -0.005970423575490713 -0.014857709407806396
v -0.01749998703598976 -0.004970196634531021 -0.013301321305334568
v -0.018499989062547684 -0.004970199428498745 -0.01330131571739912
v -0.018499989062547684 -0.004970199428498745 -0.01330131571739912
v -0.01749998703598976 -0.004970196634531021 -0.013301321305334568
v -0.01749999076128006 -0.0035719899460673332 -0.012089770287275314
v -0.018499992787837982 -0.0035719925072044134 -0.012089764699339867
v -0.018499992787837982 -0.0035719925072044134 -0.012089764699339867
v -0.01749999076128006 -0.0035719899460673332 -0.012089770287275314
v -0.01749999448657036 -0.0018890817882493138 -0.011321205645799637
v -0.018499992787837982 -0.0035719925072044134 -0.012089764699339867
v -0.01749999448657036 -0.0018890817882493138 -0.011321205645799637
v -0.018499987199902534 -0.0018890844658017159 -0.01132121216505766
v -0.018499987199902534 -0.0018890844658017159 -0.01132121216505766
v -0.01749999448657036 -0.0018890817882493138 -0.011321205645799637
v -0.017499998211860657 -5.781825529993512e-05 -0.011057916097342968
v -0.018499990925192833 -5.7820972870104015e-05 -0.01105792261660099
v -0.018499990925192833 -5.7820972870104015e-05 -0.01105792261660099
v -0.017499998211860657 -5.781825529993512e-05 -0.011057916097342968
v -0.017499983310699463 0.001773444819264114 -0.011321211233735085
v -0.01849999651312828 0.0017734421417117119 -0.011321215890347958
v -0.01849999651312828 0.0017734421417117119 -0.011321215890347958
v -0.017499983310699463 0.001773444819264114 -0.011321211233735085
v -0.017499998211860657 0.003456336446106434 -0.01208976749330759
v -0.018499990925192833 0.0034563487861305475 -0.012089774012565613
v -0.018499990925192833 0.0034563487861305475 -0.012089774012565613
v -0.017499998211860657 0.003456336446106434 -0.01208976749330759
v -0.01749999076128006 0.004854556173086166 -0.013301311992108822
v -0.018499990925192833 0.0034563487861305475 -0.012089774012565613
v -0.01749999076128006 0.004854556173086166 -0.013301311992108822
v -0.01849999465048313 0.0048545533791184425 -0.01330132782459259
v -0.01849999465048313 0.0048545533791184425 -0.01330132782459259
v -0.01749999076128006 0.004854556173086166 -0.013301311992108822
v -0.01749999076128006 0.0058547803200781345 -0.01485771406441927
v -0.01849999465048313 0.0048545533791184425 -0.01330132782459259
v -0.01749999076128006 0.0058547803200781345 -0.01485771406441927
v -0.018499983474612236 0.0058547924272716045 -0.014857720583677292
v -0.018499983474612236 0.0058547924272716045 -0.014857720583677292
v -0.01749999076128006 0.0058547803200781345 -0.01485771406441927
v -0.018499990925192833 0.0063760182820260525 -0.016632862389087677
v -0.018499992787837982 -0.0035719925072044134 -0.012089764699339867
v -0.018499987199902534 -0.0018890844658017159 -0.01132121216505766
v -0.018499985337257385 -0.000952069996856153 -0.011624932289123535
v -0.018499985337257385 -0.000952069996856153 -0.011624932289123535
v -0.018499987199902534 -0.0018890844658017159 -0.01132121216505766
v -0.018499990925192833 -5.7820972870104015e-05 -0.01105792261660099
v -0.018499990925192833 0.0008364269742742181 -0.011624934151768684
v -0.01849999651312828 0.0017734421417117119 -0.011321215890347958
v -0.01849999651312828 0.002545485273003578 -0.012152102775871754
v -0.01849999651312828 0.002545485273003578 -0.012152102775871754
v -0.01849999651312828 0.0017734421417117119 -0.011321215890347958
v -0.018499990925192833 0.0034563487861305475 -0.012089774012565613
v -0.018499985337257385 0.004023217596113682 -0.013159606605768204
v -0.018499985337257385 0.004023217596113682 -0.013159606605768204
v -0.018499990925192833 0.0034563487861305475 -0.012089774012565613
v -0.01849999465048313 0.0048545533791184425 -0.01330132782459259
v -0.018499985337257385 0.005138329695910215 -0.014557919465005398
v -0.018499985337257385 0.005138329695910215 -0.014557919465005398
v -0.01849999465048313 0.0048545533791184425 -0.01330132782459259
v -0.018499983474612236 0.0058547924272716045 -0.014857720583677292
v -0.018499985337257385 0.005138329695910215 -0.014557919465005398
v -0.018499983474612236 0.0058547924272716045 -0.014857720583677292
v -0.01849999651312828 0.005791744217276573 -0.016222793608903885
v -0.018499990925192833 0.0063760182820260525 -0.016632862389087677
v -0.01849999837577343 0.005925405770540237 -0.01800629496574402
v -0.018499992787837982 0.0063760168850421906 -0.018482966348528862
v -0.018499990925192833 0.005527424160391092 -0.019749965518712997
v -0.018499989062547684 0.005854787304997444 -0.020258119329810143
v -0.01849999465048313 0.004633159376680851 -0.021298855543136597
v -0.018499992787837982 0.004854545462876558 -0.021814508363604546
v -0.018499985337257385 0.0033220944460481405 -0.02251535654067993
v -0.018499985337257385 0.0033220944460481405 -0.02251535654067993
v -0.018499992787837982 0.004854545462876558 -0.021814508363604546
v -0.018499989062547684 0.0034563385415822268 -0.023026058450341225
v -0.018499985337257385 0.0017107118619605899 -0.023291345685720444
v -0.018499987199902534 0.0017734452849254012 -0.023794623091816902
v -0.018499985337257385 -5.781775325885974e-05 -0.023557916283607483
v -0.018499981611967087 -5.7818222558125854e-05 -0.024057913571596146
v -0.018499987199902534 -0.0018263469683006406 -0.02329135127365589
v -0.018499987199902534 -0.0018263469683006406 -0.02329135127365589
v -0.018499981611967087 -5.7818222558125854e-05 -0.024057913571596146
v -0.01849997602403164 -0.0018890813225880265 -0.023794619366526604
v -0.018499989062547684 -0.0034377428237348795 -0.022515347227454185
v -0.018499989062547684 -0.0034377428237348795 -0.022515347227454185
v -0.018499981611967087 -0.0035719878505915403 -0.023026062175631523
v -0.018499989062547684 -0.0034377428237348795 -0.022515347227454185
v -0.018499981611967087 -0.0035719878505915403 -0.023026062175631523
v -0.018499981611967087 -0.004748805426061153 -0.021298855543136597
v -0.018499981611967087 -0.004748805426061153 -0.021298855543136597
v -0.018499981611967087 -0.0035719878505915403 -0.023026062175631523
v -0.018499990925192833 -0.004970192443579435 -0.021814517676830292
v -0.018499981611967087 -0.004748805426061153 -0.021298855543136597
v -0.018499990925192833 -0.004970192443579435 -0.021814517676830292
v -0.01849999465048313 -0.005643067415803671 -0.0197499617934227
v -0.01849999465048313 -0.005643067415803671 -0.0197499617934227
v -0.018499990925192833 -0.004970192443579435 -0.021814517676830292
v -0.018499989062547684 -0.005970431491732597 -0.020258115604519844
v -0.018499989062547684 -0.006041046231985092 -0.018006302416324615
v -0.018499989062547684 -0.006041046231985092 -0.018006302416324615
v -0.018499989062547684 -0.005970431491732597 -0.020258115604519844
v -0.018499990925192833 -0.006491657346487045 -0.018482960760593414
v -0.01849999651312828 -0.005907395854592323 -0.016222788020968437
v -0.01849999651312828 -0.005907395854592323 -0.016222788020968437
v -0.018499990925192833 -0.006491657346487045 -0.018482960760593414
v -0.018499990925192833 -0.006491655949503183 -0.01663287915289402
v -0.01849999651312828 -0.005907395854592323 -0.016222788020968437
v -0.018499990925192833 -0.006491655949503183 -0.01663287915289402
v -0.018499989062547684 -0.005253978539258242 -0.014557916671037674
v -0.018499983474612236 -0.005970426369458437 -0.014857715927064419
v -0.018499989062547684 -0.005253978539258242 -0.014557916671037674
v -0.01849999651312828 -0.004138863645493984 -0.013159605674445629
v -0.018499989062547684 -0.004970199428498745 -0.01330131571739912
v -0.01849999651312828 -0.004138863645493984 -0.013159605674445629
v -0.018499989062547684 -0.004970199428498745 -0.01330131571739912
v -0.01849999465048313 -0.0026611294597387314 -0.012152106501162052
v -0.01849999465048313 -0.0026611294597387314 -0.012152106501162052
v -0.01849999465048313 -0.0026611294597387314 -0.012152106501162052
v -0.018499992787837982 -0.0035719925072044134 -0.012089764699339867
v -0.018499985337257385 -0.000952069996856153 -0.011624932289123535
v 0.0015000178245827556 0.006442181766033173 -0.024557892233133316
v -0.004999989178031683 0.006442178972065449 -0.02455790527164936
v -0.004999978467822075 0.006442180834710598 -0.022557903081178665
v 0.002457077382132411 0.006442178040742874 -0.015506536699831486
v -0.00016650483303237706 0.006442170590162277 -0.01569911278784275
v -0.002785424003377557 0.0064421785064041615 -0.015450933016836643
v 0.006300014443695545 0.006442172918468714 -0.01621532253921032
v 0.0063000088557600975 0.0064421724528074265 -0.01655789650976658
v 0.00650001410394907 0.006442172918468714 -0.01684074103832245
v 0.003725220449268818 0.006442173384130001 -0.02430718205869198
v 0.01123595517128706 0.006442170590162277 -0.016840742900967598
v 0.010509700514376163 0.006442181766033173 -0.018896736204624176
v 0.009318327531218529 0.006442176643759012 -0.020792795345187187
v 0.007734911981970072 0.0064421710558235645 -0.022376205772161484
v 0.00583885982632637 0.006442179437726736 -0.023567594587802887
v -0.017299991101026535 0.006442173384130001 -0.010557904839515686
v -0.011788640171289444 0.006442173849791288 -0.010369091294705868
v -0.017299987375736237 0.006442181766033173 -0.017557917162775993
v -0.009891840629279613 0.0064421771094202995 -0.012191865593194962
v -0.01729997992515564 0.0064421771094202995 -0.02255791611969471
v -0.0077173225581645966 0.006442181766033173 -0.01367234531790018
v -0.005326149519532919 0.0064421724528074265 -0.014768959023058414
v 0.0058655450120568275 0.0064421724528074265 -0.015245343558490276
v 0.00618643406778574 0.006442172918468714 -0.01568390056490898
v 0.005393426865339279 0.006442171521484852 -0.014976276084780693
v 0.005393426865339279 0.006442171521484852 -0.014976276084780693
v 0.006300014443695545 0.006442172918468714 -0.01621532253921032
v 0.004886115901172161 0.006442185025662184 -0.014920312911272049
v 0.004886115901172161 0.006442185025662184 -0.014920312911272049
v 0.002457077382132411 0.006442178040742874 -0.015506536699831486
v -0.017065679654479027 0.006442174781113863 -0.009992231614887714
v -0.016806133091449738 0.006442175712436438 -0.009818804450333118
v -0.017239095643162727 0.006442173849791288 -0.010251759551465511
v -0.016499996185302734 0.006442176643759012 -0.009757905267179012
v -0.016499996185302734 0.006442176643759012 -0.009757905267179012
v -0.013140197843313217 0.006442170590162277 -0.009757904335856438
v -0.013140197843313217 0.006442170590162277 -0.009757904335856438
v -0.01239852700382471 0.0064421724528074265 -0.009917810559272766
v -0.017499985173344612 0.005854790098965168 -0.02025810442864895
v -0.017499985173344612 0.0062421765178442 -0.01915791444480419
v -0.01749999076128006 0.006242173258215189 -0.022757912054657936
v -0.017499981448054314 -0.00357198528945446 -0.02302606590092182
v -0.01749998703598976 -0.004557817708700895 -0.02455790713429451
v -0.017499977722764015 -0.0049701896496117115 -0.021814512088894844
v -0.01749998889863491 -0.0063578165136277676 -0.02275790646672249
v -0.01749998889863491 -0.0059704286977648735 -0.020258119329810143
v -0.01749998889863491 -0.0059704286977648735 -0.020258119329810143
v -0.01749998889863491 -0.0063578165136277676 -0.02275790646672249
v -0.017499983310699463 -0.00635782815515995 -0.019157908856868744
v -0.017499985173344612 -0.0018890785286203027 -0.023794613778591156
v -0.017499981448054314 -5.781550134997815e-05 -0.024057917296886444
v -0.017499977722764015 0.004442170727998018 -0.02455790899693966
v -0.017499985173344612 0.0017734331777319312 -0.02379462867975235
v -0.017499977722764015 0.004442170727998018 -0.02455790899693966
v -0.01749998889863491 0.003456341102719307 -0.023026064038276672
v -0.01749999262392521 0.004854548256844282 -0.021814513951539993
v -0.01749999076128006 -0.005970423575490713 -0.014857709407806396
v -0.01749999448657036 -0.006357825361192226 -0.015957919880747795
v -0.017499985173344612 -0.006357820238918066 -0.010557914152741432
v -0.01749999076128006 -0.00405782600864768 -0.010557916015386581
v -0.01749999448657036 -0.004057818558067083 -0.002461878350004554
v -0.017499998211860657 -5.781825529993512e-05 -0.011057916097342968
v -0.017500005662441254 0.003942182753235102 -0.0024618767201900482
v -0.017499998211860657 -5.781825529993512e-05 -0.011057916097342968
v -0.017499983310699463 0.001773444819264114 -0.011321211233735085
v -0.017499983310699463 0.001773444819264114 -0.011321211233735085
v -0.01749998889863491 0.003942175302654505 -0.01055790577083826
v -0.01749999448657036 -0.0018890817882493138 -0.011321205645799637
v -0.01749999076128006 -0.0035719899460673332 -0.012089770287275314
v -0.01749998703598976 -0.004970196634531021 -0.013301321305334568
v -0.017499985173344612 0.006242179311811924 -0.015957916155457497
v -0.01749999076128006 0.0058547803200781345 -0.01485771406441927
v -0.017499996349215508 0.006242184434086084 -0.01055790763348341
v -0.017499996349215508 0.006242184434086084 -0.01055790763348341
v -0.01749999076128006 0.0058547803200781345 -0.01485771406441927
v -0.01749999076128006 0.004854556173086166 -0.013301311992108822
v -0.01749998889863491 0.003942175302654505 -0.01055790577083826
v -0.01749999076128006 0.004854556173086166 -0.013301311992108822
v -0.017499998211860657 0.003456336446106434 -0.01208976749330759
v -0.01749998889863491 0.003942175302654505 -0.01055790577083826
v -0.017499998211860657 0.003456336446106434 -0.01208976749330759
v -0.017499983310699463 0.001773444819264114 -0.011321211233735085
v -0.013140200637280941 -0.006357822101563215 -0.009557914920151234
v -0.013140195980668068 -0.0040578278712928295 -0.009557907469570637
v -0.016499988734722137 -0.0063578165136277676 -0.009557906538248062
v -0.016499994322657585 -0.004057822283357382 -0.009557908400893211
v 0.010509693995118141 -0.00655781477689743 -0.018896719440817833
v 0.011235957965254784 -0.006557825952768326 -0.01684073731303215
v 0.006500016897916794 -0.006557823624461889 -0.016840735450387
v -0.004999987781047821 -0.006557815708220005 -0.022557906806468964
v 0.0024570892564952374 -0.006557818502187729 -0.015506542287766933
v -0.00016651397163514048 -0.006557825952768326 -0.01569911651313305
v -0.0027854330837726593 -0.006557818036526442 -0.015450935810804367
v -0.005326137412339449 -0.006557824090123177 -0.014768964610993862
v -0.01729997806251049 -0.0065578194335103035 -0.022557910531759262
v 0.006300011649727821 -0.006557824090123177 -0.01655789092183113
v 0.001500008744187653 -0.00655781477689743 -0.024557895958423615
v 0.0037252320908010006 -0.006557823158800602 -0.024307187646627426
v 0.005838853307068348 -0.006557817105203867 -0.023567577823996544
v -0.004999986384063959 -0.006557817570865154 -0.024557899683713913
v 0.006300017237663269 -0.006557823624461889 -0.016215316951274872
v 0.004886127542704344 -0.006557826418429613 -0.014920318499207497
v -0.007717319764196873 -0.006557829678058624 -0.013672339729964733
v -0.00989183783531189 -0.0065578194335103035 -0.012191860005259514
v -0.017299983650445938 -0.006557829678058624 -0.017557911574840546
v -0.011788628064095974 -0.006557822693139315 -0.01036909781396389
v 0.007734911981970072 -0.0065578254871070385 -0.022376220673322678
v 0.009318339638411999 -0.006557819899171591 -0.020792802795767784
v 0.006186436861753464 -0.006557823624461889 -0.015683894976973534
v 0.005865547806024551 -0.006557824090123177 -0.015245337970554829
v 0.005393417552113533 -0.006557825021445751 -0.014976279810070992
v -0.016899989917874336 -0.006557821296155453 -0.009865094907581806
v -0.017192818224430084 -0.006557822227478027 -0.010157906450331211
v -0.01649998500943184 -0.006557819899171591 -0.009757911786437035
v -0.01730000041425228 -0.006557823158800602 -0.010557908564805984
v -0.013140207156538963 -0.006557825952768326 -0.009757907129824162
v -0.012398525141179562 -0.006557824090123177 -0.009917804971337318
v 0.006500009447336197 -0.006357819773256779 -0.01621532253921032
v 0.006500015035271645 -0.004057825542986393 -0.016215315088629723
v 0.006370499264448881 -0.004057825542986393 -0.015605583786964417
v 0.006500009447336197 -0.006357819773256779 -0.01621532253921032
v 0.006370499264448881 -0.004057825542986393 -0.015605583786964417
v 0.0063689579255878925 -0.006357819773256779 -0.015602144412696362
v 0.0063689579255878925 -0.006357819773256779 -0.015602144412696362
v 0.006370499264448881 -0.004057825542986393 -0.015605583786964417
v 0.0060043116100132465 -0.0040578111074864864 -0.015101145952939987
v 0.0063689579255878925 -0.006357819773256779 -0.015602144412696362
v 0.0060043116100132465 -0.0040578111074864864 -0.015101145952939987
v 0.00599871389567852 -0.006357820238918066 -0.015096115879714489
v 0.00599871389567852 -0.006357820238918066 -0.015096115879714489
v 0.0060043116100132465 -0.0040578111074864864 -0.015101145952939987
v 0.005464701913297176 -0.004057812038809061 -0.014789113774895668
v 0.00599871389567852 -0.006357820238918066 -0.015096115879714489
v 0.005464701913297176 -0.004057812038809061 -0.014789113774895668
v 0.005453944206237793 -0.006357821170240641 -0.0147856455296278
v 0.005453944206237793 -0.006357821170240641 -0.0147856455296278
v 0.005464701913297176 -0.004057812038809061 -0.014789113774895668
v 0.004844844341278076 -0.004057828802615404 -0.014723366126418114
v 0.005453944206237793 -0.006357821170240641 -0.0147856455296278
v 0.004844844341278076 -0.004057828802615404 -0.014723366126418114
v 0.0048448508605360985 -0.00635782303288579 -0.014723364263772964
v 0.0048448508605360985 -0.00635782303288579 -0.014723364263772964
v 0.004844844341278076 -0.004057828802615404 -0.014723366126418114
v 0.002333839889615774 -0.004057821352034807 -0.015323285013437271
v 0.0048448508605360985 -0.00635782303288579 -0.014723364263772964
v 0.002333839889615774 -0.004057821352034807 -0.015323285013437271
v 0.0024257763288915157 -0.006357815116643906 -0.015309000387787819
v 0.0024257763288915157 -0.006357815116643906 -0.015309000387787819
v 0.002333839889615774 -0.004057821352034807 -0.015323285013437271
v -0.0002419197844574228 -0.004057828336954117 -0.015498117543756962
v 0.0024257763288915157 -0.006357815116643906 -0.015309000387787819
v -0.0002419197844574228 -0.004057828336954117 -0.015498117543756962
v -0.00016439470346085727 -0.006357822101563215 -0.015499127097427845
v -0.00016439470346085727 -0.006357822101563215 -0.015499127097427845
v -0.0002419197844574228 -0.004057828336954117 -0.015498117543756962
v -0.0028109620325267315 -0.004057819955050945 -0.015242981724441051
v -0.00016439470346085727 -0.006357822101563215 -0.015499127097427845
v -0.0028109620325267315 -0.004057819955050945 -0.015242981724441051
v -0.0027499496936798096 -0.006357829086482525 -0.015254111029207706
v -0.0027499496936798096 -0.006357829086482525 -0.015254111029207706
v -0.0028109620325267315 -0.004057819955050945 -0.015242981724441051
v -0.005302034318447113 -0.004057826474308968 -0.014564964920282364
v -0.0027499496936798096 -0.006357829086482525 -0.015254111029207706
v -0.005302034318447113 -0.004057826474308968 -0.014564964920282364
v -0.0052582924254238605 -0.006357820238918066 -0.01458082627505064
v -0.0052582924254238605 -0.006357820238918066 -0.01458082627505064
v -0.005302034318447113 -0.004057826474308968 -0.014564964920282364
v -0.007646010257303715 -0.004057816695421934 -0.013482892885804176
v -0.0052582924254238605 -0.006357820238918066 -0.01458082627505064
v -0.007646010257303715 -0.004057816695421934 -0.013482892885804176
v -0.007619018666446209 -0.006357825826853514 -0.013498167507350445
v -0.007619018666446209 -0.006357825826853514 -0.013498167507350445
v -0.007646010257303715 -0.004057816695421934 -0.013482892885804176
v -0.009777865372598171 -0.004057821352034807 -0.012026775628328323
v -0.007619018666446209 -0.006357825826853514 -0.013498167507350445
v -0.009777865372598171 -0.004057821352034807 -0.012026775628328323
v -0.009765829890966415 -0.006357815582305193 -0.012036551721394062
v -0.009765829890966415 -0.006357815582305193 -0.012036551721394062
v -0.009777865372598171 -0.004057821352034807 -0.012026775628328323
v -0.0116384606808424 -0.004057824611663818 -0.010237014852464199
v -0.009765829890966415 -0.006357815582305193 -0.012036551721394062
v -0.0116384606808424 -0.004057824611663818 -0.010237014852464199
v -0.011638463474810123 -0.006357818841934204 -0.01023700088262558
v -0.011638465337455273 0.0062421709299087524 -0.010237005539238453
v -0.01163845881819725 0.003942176699638367 -0.010237003676593304
v -0.009777866303920746 0.003942179959267378 -0.012026785872876644
v -0.011638465337455273 0.0062421709299087524 -0.010237005539238453
v -0.009777866303920746 0.003942179959267378 -0.012026785872876644
v -0.00976583082228899 0.006242174189537764 -0.01203655730932951
v -0.00976583082228899 0.006242174189537764 -0.01203655730932951
v -0.009777866303920746 0.003942179959267378 -0.012026785872876644
v -0.007646011188626289 0.003942184615880251 -0.013482903130352497
v -0.00976583082228899 0.006242174189537764 -0.01203655730932951
v -0.007646011188626289 0.003942184615880251 -0.013482903130352497
v -0.007619020063430071 0.006242178846150637 -0.013498173095285892
v -0.007619020063430071 0.006242178846150637 -0.013498173095285892
v -0.007646011188626289 0.003942184615880251 -0.013482903130352497
v -0.005302035249769688 0.0039421748369932175 -0.014564975164830685
v -0.007619020063430071 0.006242178846150637 -0.013498173095285892
v -0.005302035249769688 0.0039421748369932175 -0.014564975164830685
v -0.005258302669972181 0.006242184434086084 -0.014580819755792618
v -0.005258302669972181 0.006242184434086084 -0.014580819755792618
v -0.005302035249769688 0.0039421748369932175 -0.014564975164830685
v -0.002810971811413765 0.00394218135625124 -0.015242980793118477
v -0.005258302669972181 0.006242184434086084 -0.014580819755792618
v -0.002810971811413765 0.00394218135625124 -0.015242980793118477
v -0.002749939449131489 0.0062421755865216255 -0.015254107303917408
v -0.002749939449131489 0.0062421755865216255 -0.015254107303917408
v -0.002810971811413765 0.00394218135625124 -0.015242980793118477
v -0.00024191796546801925 0.003942172974348068 -0.015498106367886066
v -0.002749939449131489 0.0062421755865216255 -0.015254107303917408
v -0.00024191796546801925 0.003942172974348068 -0.015498106367886066
v -0.00016438448801636696 0.006242182571440935 -0.015499123372137547
v -0.00016438448801636696 0.006242182571440935 -0.015499123372137547
v -0.00024191796546801925 0.003942172974348068 -0.015498106367886066
v 0.0023338389582931995 0.003942179959267378 -0.015323295257985592
v -0.00016438448801636696 0.006242182571440935 -0.015499123372137547
v 0.0023338389582931995 0.003942179959267378 -0.015323295257985592
v 0.0024257865734398365 0.006242174655199051 -0.01530899666249752
v 0.0024257865734398365 0.006242174655199051 -0.01530899666249752
v 0.0023338389582931995 0.003942179959267378 -0.015323295257985592
v 0.0048448555171489716 0.003942172508686781 -0.014723367057740688
v 0.0024257865734398365 0.006242174655199051 -0.01530899666249752
v 0.0048448555171489716 0.003942172508686781 -0.014723367057740688
v 0.004844848997890949 0.0062421816401183605 -0.014723369851708412
v 0.006500005256384611 0.003942175768315792 -0.016215315088629723
v 0.006500010844320059 0.006242184899747372 -0.016215307638049126
v 0.006368956528604031 0.006242184899747372 -0.015602149069309235
v 0.006500005256384611 0.003942175768315792 -0.016215315088629723
v 0.006368956528604031 0.006242184899747372 -0.015602149069309235
v 0.006370489485561848 0.003942175768315792 -0.015605581924319267
v 0.006370489485561848 0.003942175768315792 -0.015605581924319267
v 0.006368956528604031 0.006242184899747372 -0.015602149069309235
v 0.005998712033033371 0.006242184434086084 -0.015096121467649937
v 0.006370489485561848 0.003942175768315792 -0.015605581924319267
v 0.005998712033033371 0.006242184434086084 -0.015096121467649937
v 0.006004322785884142 0.003942175302654505 -0.015101146884262562
v 0.006004322785884142 0.003942175302654505 -0.015101146884262562
v 0.005998712033033371 0.006242184434086084 -0.015096121467649937
v 0.005453942343592644 0.00624218350276351 -0.014785651117563248
v 0.006004322785884142 0.003942175302654505 -0.015101146884262562
v 0.005453942343592644 0.00624218350276351 -0.014785651117563248
v 0.0054647126235067844 0.00394217437133193 -0.014789114706218243
v 0.0054647126235067844 0.00394217437133193 -0.014789114706218243
v 0.005453942343592644 0.00624218350276351 -0.014785651117563248
v 0.004844848997890949 0.0062421816401183605 -0.014723369851708412
v 0.0054647126235067844 0.00394217437133193 -0.014789114706218243
v 0.004844848997890949 0.0062421816401183605 -0.014723369851708412
v 0.0048448555171489716 0.003942172508686781 -0.014723367057740688
v 0.01150000374764204 -0.004057823680341244 0.0028899777680635452
v 0.011249272152781487 -0.004057822283357382 0.00511518307030201
v 0.007886752486228943 -0.004057817626744509 0.004335788544267416
v 0.01050968561321497 -0.004057822749018669 0.007228822447359562
v 0.006560707464814186 -0.004057819489389658 0.006160934455692768
v 0.009318307973444462 -0.004057824146002531 0.009124883450567722
v 0.004822429269552231 -0.004057822749018669 0.007598948664963245
v -0.01749999076128006 -0.00405782600864768 -0.010557916015386581
v -0.017423879355192184 -0.004057825542986393 -0.01017522532492876
v -0.01749999448657036 -0.004057818558067083 -0.002461878350004554
v -0.017207108438014984 -0.004057824611663818 -0.009850804693996906
v -0.016882672905921936 -0.0040578232146799564 -0.00963403470814228
v 0.005464701913297176 -0.004057826939970255 -0.014789113774895668
v 0.0060043116100132465 -0.00405782600864768 -0.015101145952939987
v 0.006500003859400749 -0.004057819955050945 -0.010369888506829739
v 0.006370499264448881 -0.004057825542986393 -0.015605583786964417
v 0.006500015035271645 -0.004057825542986393 -0.016215315088629723
v 0.008717244490981102 -0.0040578171610832214 0.002238219603896141
v 0.008999999612569809 -0.004057818558067083 1.5911973960669457e-08
v 0.01150000374764204 -0.004057817626744509 -0.0065560718066990376
v 0.008717251941561699 -0.004057821352034807 -0.002238191431388259
v 0.011500001884996891 -0.004057821352034807 -0.010369882918894291
v 0.006500003859400749 -0.004057819955050945 -0.010369888506829739
v 0.008717251941561699 -0.004057821352034807 -0.002238191431388259
v 0.007886766456067562 -0.004057825542986393 -0.004335769917815924
v 0.006500003859400749 -0.004057819955050945 -0.010369888506829739
v 0.007886766456067562 -0.004057825542986393 -0.004335769917815924
v 0.005464701913297176 -0.004057826939970255 -0.014789113774895668
v 0.005464701913297176 -0.004057826939970255 -0.014789113774895668
v 0.007886766456067562 -0.004057825542986393 -0.004335769917815924
v 0.0065607246942818165 -0.0040578157640993595 -0.006160917691886425
v 0.0065607246942818165 -0.0040578157640993595 -0.006160917691886425
v 0.004844844341278076 -0.004057828802615404 -0.014723366126418114
v -0.016499994322657585 -0.004057822283357382 -0.009557908400893211
v -0.013140195980668068 -0.0040578278712928295 -0.009557907469570637
v -0.008367984555661678 -0.004057824146002531 -0.003313130233436823
v -0.005019252188503742 -0.004057816229760647 0.011210480704903603
v -0.01304700318723917 -0.004057828336954117 0.0058586373925209045
v -0.007281154859811068 -0.0040578278712928295 0.005290055647492409
v 0.0027811345644295216 -0.004057827405631542 0.008559511043131351
v 0.0014999849954620004 -0.004057826939970255 0.012889973819255829
v 0.0005651017418131232 -0.004057818092405796 0.008982233703136444
v 0.0005277391755953431 -0.0040578292682766914 0.012889973819255829
v -0.0016864427598193288 -0.004057824146002531 0.008840574882924557
v 0.00482244323939085 -0.0040578218176960945 -0.007598946802318096
v 0.002781166695058346 -0.004057828336954117 -0.008559499867260456
v 0.002333839889615774 -0.004057821352034807 -0.015323285013437271
v 0.0005651243845932186 -0.004057819955050945 -0.008982236497104168
v -0.007281146012246609 -0.0040578232146799564 -0.005290069617331028
v -0.00836799293756485 -0.004057818092405796 0.003313109977170825
v -0.014565154910087585 -0.004057818558067083 0.004615104757249355
v -0.008929031901061535 -0.004057821352034807 0.001127994735725224
v -0.0038320047315210104 -0.004057816229760647 -0.008143448270857334
v -0.005302034318447113 -0.004057826474308968 -0.014564964920282364
v -0.0016864152858033776 -0.00405782600864768 -0.0088405916467309
v -0.0028109620325267315 -0.004057819955050945 -0.015242981724441051
v -0.0002419197844574228 -0.004057828336954117 -0.015498117543756962
v -0.01231613289564848 -0.00405782600864768 -0.009735572151839733
v -0.0116384606808424 -0.004057824611663818 -0.010237014852464199
v -0.005736811086535454 -0.004057820420712233 -0.006934632547199726
v -0.009777865372598171 -0.004057821352034807 -0.012026775628328323
v -0.007646010257303715 -0.004057816695421934 -0.013482892885804176
v -0.005736832972615957 -0.004057822283357382 0.006934612989425659
v -0.0038320226594805717 -0.0040578157640993595 0.008143441751599312
v -0.0032926432322710752 -0.004057825542986393 0.012131436727941036
v -0.0014197392156347632 -0.004057819955050945 0.012698509730398655
v 0.007734886836260557 -0.004057826939970255 0.01070829015225172
v 0.005838826764374971 -0.0040578157640993595 0.011899663135409355
v 0.00372520019300282 -0.00405782088637352 0.012639263644814491
v -0.015811210498213768 -0.0040578232146799564 0.0030990412924438715
v -0.01673719473183155 -0.004057827405631542 0.0013688334729522467
v -0.009000001475214958 -0.004057822749018669 -8.28083646098321e-09
v -0.01730743981897831 -0.0040578157640993595 -0.0005089234909974039
v -0.008929027244448662 -0.004057823680341244 -0.0011280138278380036
v 0.011361702345311642 0.003942173905670643 -0.016215313225984573
v 0.006500005256384611 0.003942175768315792 -0.016215315088629723
v 0.01150001771748066 0.003942176233977079 -0.014557892456650734
v 0.006370489485561848 0.003942175768315792 -0.015605581924319267
v 0.01149999350309372 0.003942177630960941 0.002889979397878051
v -0.016499994322657585 0.003942179027944803 -0.009557918645441532
v -0.016999993473291397 0.003942177630960941 -0.009691878221929073
v -0.017500005662441254 0.003942182753235102 -0.0024618767201900482
v -0.017366016283631325 0.003942176233977079 -0.01005791500210762
v -0.01749998889863491 0.003942175302654505 -0.01055790577083826
v 0.0054647126235067844 0.00394217437133193 -0.014789114706218243
v 0.006560726556926966 0.003942170646041632 -0.006160906981676817
v 0.007886765524744987 0.003942175768315792 -0.004335779696702957
v 0.006004322785884142 0.003942175302654505 -0.015101146884262562
v 0.008717251010239124 0.003942179959267378 -0.0022382016759365797
v 0.008717251010239124 0.003942179959267378 -0.0022382016759365797
v -0.01163845881819725 0.003942176699638367 -0.010237003676593304
v -0.007281146943569183 0.003942178096622229 -0.005290079861879349
v -0.009777866303920746 0.003942179959267378 -0.012026785872876644
v -0.0057368092238903046 0.0039421808905899525 -0.006934621836990118
v -0.007646011188626289 0.003942184615880251 -0.013482903130352497
v -0.0038319937884807587 0.003942185081541538 -0.008143449202179909
v -0.005302035249769688 0.0039421748369932175 -0.014564975164830685
v -0.0016864252975210547 0.003942175302654505 -0.00884058978408575
v 0.006560726556926966 0.003942170646041632 -0.006160906981676817
v 0.0054647126235067844 0.00394217437133193 -0.014789114706218243
v 0.0048224544152617455 0.0039421794936060905 -0.007598948199301958
v 0.0048448555171489716 0.003942172508686781 -0.014723367057740688
v 0.002781165996566415 0.003942172974348068 -0.008559510111808777
v 0.0023338389582931995 0.003942179959267378 -0.015323295257985592
v 0.0005651235114783049 0.00394218135625124 -0.008982245810329914
v -0.00024191796546801925 0.003942172974348068 -0.015498106367886066
v -0.002810971811413765 0.00394218135625124 -0.015242980793118477
v 0.008999998681247234 0.003942182753235102 5.767919919463793e-09
v 0.008717255666851997 0.003942184150218964 0.0022382186725735664
v 0.011249274015426636 0.003942179027944803 0.005115193780511618
v 0.007886754348874092 0.003942183684557676 0.004335799254477024
v 0.010509684681892395 0.003942178562283516 0.007228812202811241
v 0.006560718175023794 0.003942181821912527 0.0061609335243701935
v 0.0005651035462506115 0.003942183218896389 0.008982243947684765
v -0.0016864410135895014 0.003942177165299654 0.008840586058795452
v -0.0014197282725945115 0.00394218135625124 0.01269850879907608
v 0.0027811455074697733 0.003942173905670643 0.008559510111808777
v 0.005838828627020121 0.003942170646041632 0.01189967431128025
v 0.00482243113219738 0.003942178562283516 0.0075989593751728535
v 0.007734888233244419 0.00394217437133193 0.010708301328122616
v 0.009318307042121887 0.003942177165299654 0.009124873206019402
v -0.00329264416359365 0.003942175768315792 0.012131426483392715
v -0.0038320235908031464 0.003942170646041632 0.008143431507050991
v -0.005019253119826317 0.003942185081541538 0.011210470460355282
v -0.005736821796745062 0.003942179027944803 0.0069346120581030846
v -0.013047004118561745 0.003942172974348068 0.005858627613633871
v -0.007281164638698101 0.0039421734400093555 0.005290057044476271
v -0.008368002250790596 0.003942183218896389 0.0033131116069853306
v -0.014565153047442436 0.003942182753235102 0.004615115467458963
v -0.00892903283238411 0.003942179959267378 0.001127984607592225
v -0.012320772744715214 0.003942175302654505 -0.009733482263982296
v -0.013140195980668068 0.0039421734400093555 -0.009557917714118958
v -0.008367985486984253 0.003942177165299654 -0.0033131402451545
v -0.008929036557674408 0.003942177630960941 -0.001128012198023498
v -0.009000002406537533 0.003942178562283516 -1.8424890058099663e-08
v 0.0005277501186355948 0.003942172043025494 0.012889972887933254
v 0.001499995938502252 0.00394217437133193 0.012889972887933254
v 0.003725199494510889 0.003942180424928665 0.01263925340026617
v -0.017307449132204056 0.003942170646041632 -0.0005089218611828983
v -0.0167371965944767 0.003942173905670643 0.0013688233448192477
v -0.01581120863556862 0.003942178096622229 0.0030990522354841232
v 0.003912461455911398 -0.0006328272866085172 0.003113312879577279
v 0.003984497860074043 -0.0003557699092198163 0.003020566189661622
v 0.0043973675929009914 -0.005557824391871691 0.0023797382600605488
v 0.004008714109659195 -5.7821158407023177e-05 0.0029883389361202717
v 0.003984496463090181 0.0002401424280833453 0.0030205657240003347
v 0.004397370386868715 0.005442182999104261 0.0023797343019396067
v 0.004397370386868715 0.005442182999104261 0.0023797343019396067
v 0.003984496463090181 0.0002401424280833453 0.0030205657240003347
v 0.003912458196282387 0.0005171847296878695 0.0031133119482547045
v 0.003912458196282387 0.0005171847296878695 0.0031133119482547045
v 0.0037939040921628475 0.0007556030759587884 0.0032567346934229136
v 0.004397370386868715 0.005442182999104261 0.0023797343019396067
v 0.004397370386868715 0.005442182999104261 0.0023797343019396067
v 0.0037939040921628475 0.0007556030759587884 0.0032567346934229136
v 0.0036330849397927523 0.0009381122654303908 0.003435207763686776
v 0.004397370386868715 0.005442182999104261 0.0023797343019396067
v 0.0036330849397927523 0.0009381122654303908 0.003435207763686776
v 0.0040450748056173325 0.005442182533442974 0.0029389304108917713
v 0.0040450748056173325 0.005442182533442974 0.0029389304108917713
v 0.0036330849397927523 0.0009381122654303908 0.003435207763686776
v 0.0033863980788737535 0.001069033402018249 0.0036786203272640705
v 0.0040450748056173325 0.005442182533442974 0.0029389304108917713
v 0.0033863980788737535 0.001069033402018249 0.0036786203272640705
v 0.0033863980788737535 0.0054421816021203995 0.003678625449538231
v 0.0027521310839802027 0.0009381105192005634 0.004174417816102505
v 0.0025483344215899706 0.0007554814801551402 0.004301855340600014
v 0.002008482115343213 0.005442178808152676 0.004578869789838791
v 0.002008482115343213 0.005442178808152676 0.004578869789838791
v 0.0025483344215899706 0.0007554814801551402 0.004301855340600014
v 0.0023866090923547745 0.000517181761097163 0.00439364043995738
v 0.002008482115343213 0.005442178808152676 0.004578869789838791
v 0.0023866090923547745 0.000517181761097163 0.00439364043995738
v 0.0022827654611319304 0.00024015404051169753 0.004448477644473314
v 0.0033863980788737535 0.0054421816021203995 0.003678625449538231
v 0.0033863980788737535 0.001069033402018249 0.0036786203272640705
v 0.002938913181424141 0.005442180670797825 0.004045088309794664
v 0.002938913181424141 0.005442180670797825 0.004045088309794664
v 0.0033863980788737535 0.001069033402018249 0.0036786203272640705
v 0.0032139404211193323 0.001092174556106329 0.003830228466540575
v 0.002938913181424141 0.005442180670797825 0.004045088309794664
v 0.0032139404211193323 0.001092174556106329 0.003830228466540575
v 0.002008482115343213 0.005442178808152676 0.004578869789838791
v 0.002008482115343213 0.005442178808152676 0.004578869789838791
v 0.0032139404211193323 0.001092174556106329 0.003830228466540575
v 0.002979793818667531 0.0010528499260544777 0.004015084821730852
v 0.002008482115343213 0.005442178808152676 0.004578869789838791
v 0.002979793818667531 0.0010528499260544777 0.004015084821730852
v 0.0027521310839802027 0.0009381105192005634 0.004174417816102505
v 0.0022468152455985546 -5.782456719316542e-05 0.004466746933758259
v 0.002282767090946436 -0.00035580300027504563 0.004448478575795889
v 0.002008467447012663 -0.0055578285828232765 0.0045788646675646305
v 0.002008467447012663 -0.0055578285828232765 0.0045788646675646305
v 0.002282767090946436 -0.00035580300027504563 0.004448478575795889
v 0.0023866030387580395 -0.0006328153540380299 0.004393653012812138
v 0.002008467447012663 -0.0055578285828232765 0.0045788646675646305
v 0.0023866030387580395 -0.0006328153540380299 0.004393653012812138
v 0.0025481705088168383 -0.0008709504618309438 0.004301952663809061
v 0.0025481705088168383 -0.0008709504618309438 0.004301952663809061
v 0.0027521364390850067 -0.0010537574999034405 0.004174419678747654
v 0.002008467447012663 -0.0055578285828232765 0.0045788646675646305
v 0.002008467447012663 -0.0055578285828232765 0.0045788646675646305
v 0.0027521364390850067 -0.0010537574999034405 0.004174419678747654
v 0.0029801558703184128 -0.001168615184724331 0.004014797508716583
v 0.002008467447012663 -0.0055578285828232765 0.0045788646675646305
v 0.0029801558703184128 -0.001168615184724331 0.004014797508716583
v 0.0029389194678515196 -0.005557826720178127 0.00404508039355278
v 0.0029389194678515196 -0.005557826720178127 0.00404508039355278
v 0.0029801558703184128 -0.001168615184724331 0.004014797508716583
v 0.0032138957176357508 -0.0012078196741640568 0.0038302477914839983
v 0.0029389194678515196 -0.005557826720178127 0.00404508039355278
v 0.0032138957176357508 -0.0012078196741640568 0.0038302477914839983
v 0.003386404365301132 -0.005557825788855553 0.0036786175332963467
v 0.003386404365301132 -0.005557825788855553 0.0036786175332963467
v 0.0032138957176357508 -0.0012078196741640568 0.0038302477914839983
v 0.003386404365301132 -0.0011846778215840459 0.0036786224227398634
v 0.003386404365301132 -0.005557825788855553 0.0036786175332963467
v 0.003386404365301132 -0.0011846778215840459 0.0036786224227398634
v 0.0040450808592140675 -0.005557824857532978 0.0029389222618192434
v 0.0040450808592140675 -0.005557824857532978 0.0029389222618192434
v 0.003386404365301132 -0.0011846778215840459 0.0036786224227398634
v 0.0036330902948975563 -0.001053755753673613 0.0034352096263319254
v 0.0040450808592140675 -0.005557824857532978 0.0029389222618192434
v 0.0036330902948975563 -0.001053755753673613 0.0034352096263319254
v 0.0043973675929009914 -0.005557824391871691 0.0023797382600605488
v 0.0043973675929009914 -0.005557824391871691 0.0023797382600605488
v 0.0036330902948975563 -0.001053755753673613 0.0034352096263319254
v 0.003882321063429117 -0.0007077503832988441 0.003150810254737735
v 0.0043973675929009914 -0.005557824391871691 0.0023797382600605488
v 0.003882321063429117 -0.0007077503832988441 0.003150810254737735
v 0.003912461455911398 -0.0006328272866085172 0.003113312879577279
v -0.003312409622594714 0.0005171805387362838 0.00374538148753345
v -0.003399503417313099 0.00023992924252524972 0.003666526172310114
v -0.003945704083889723 0.005442176014184952 0.0030710604041814804
v -0.0034289085306227207 -5.782586958957836e-05 0.0036390286404639482
v -0.003399298759177327 -0.00035656424006447196 0.0036667026579380035
v -0.003945706877857447 -0.0055578164756298065 0.003071064129471779
v -0.003945706877857447 -0.0055578164756298065 0.003071064129471779
v -0.003399298759177327 -0.00035656424006447196 0.0036667026579380035
v -0.0033124065957963467 -0.0006328165763989091 0.0037453826516866684
v -0.0015874032396823168 -0.0006328258314169943 0.004741323180496693
v -0.0014757030876353383 -0.00035608114558272064 0.004777269437909126
v -0.001227432512678206 -0.0055578225292265415 0.004846993368119001
v -0.0015874032396823168 -0.0006328258314169943 0.004741323180496693
v -0.001227432512678206 -0.0055578225292265415 0.004846993368119001
v -0.0017623422900214791 -0.0008708426030352712 0.004679116420447826
v -0.0033124065957963467 -0.0006328165763989091 0.0037453826516866684
v -0.0031709789764136076 -0.0008709515095688403 0.003865859005600214
v -0.003945706877857447 -0.0055578164756298065 0.003071064129471779
v -0.003945706877857447 -0.0055578164756298065 0.003071064129471779
v -0.0031709789764136076 -0.0008709515095688403 0.003865859005600214
v -0.0029813898727297783 -0.0010537583148106933 0.004013893660157919
v -0.003945706877857447 -0.0055578164756298065 0.003071064129471779
v -0.0029813898727297783 -0.0010537583148106933 0.004013893660157919
v -0.0029389362316578627 -0.005557827651500702 0.00404507527127862
v -0.0029389362316578627 -0.005557827651500702 0.00404507527127862
v -0.0029813898727297783 -0.0010537583148106933 0.004013893660157919
v -0.002734747249633074 -0.0011743525974452496 0.004185833968222141
v -0.0029389362316578627 -0.005557827651500702 0.00404507527127862
v -0.002734747249633074 -0.0011743525974452496 0.004185833968222141
v -0.00273474701680243 -0.005557827185839415 0.004185829311609268
v -0.00273474701680243 -0.005557827185839415 0.004185829311609268
v -0.002734747249633074 -0.0011743525974452496 0.004185833968222141
v -0.0025000034365803003 -0.0012078197905793786 0.004330124706029892
v -0.00273474701680243 -0.005557827185839415 0.004185829311609268
v -0.0025000034365803003 -0.0012078197905793786 0.004330124706029892
v -0.0015450959326699376 -0.005557823460549116 0.004755284637212753
v -0.0015450959326699376 -0.005557823460549116 0.004755284637212753
v -0.0025000034365803003 -0.0012078197905793786 0.004330124706029892
v -0.0022376407869160175 -0.001168584218248725 0.004471347201615572
v -0.0015450959326699376 -0.005557823460549116 0.004755284637212753
v -0.0022376407869160175 -0.001168584218248725 0.004471347201615572
v -0.001227432512678206 -0.0055578225292265415 0.004846993368119001
v -0.001227432512678206 -0.0055578225292265415 0.004846993368119001
v -0.0022376407869160175 -0.001168584218248725 0.004471347201615572
v -0.0019854481797665358 -0.0010537550551816821 0.004588895011693239
v -0.001227432512678206 -0.0055578225292265415 0.004846993368119001
v -0.0019854481797665358 -0.0010537550551816821 0.004588895011693239
v -0.0017623422900214791 -0.0008708426030352712 0.004679116420447826
v -0.0014370463322848082 -5.781937943538651e-05 0.004789033904671669
v -0.001475683762691915 0.00024038254923652858 0.004777266178280115
v -0.0012274387991055846 0.005442184861749411 0.004847001750022173
v -0.0012274387991055846 0.005442184861749411 0.004847001750022173
v -0.001475683762691915 0.00024038254923652858 0.004777266178280115
v -0.001587406382896006 0.0005171712837181985 0.004741322249174118
v -0.0012274387991055846 0.005442184861749411 0.004847001750022173
v -0.001587406382896006 0.0005171712837181985 0.004741322249174118
v -0.0017623022431507707 0.0007551572052761912 0.004679130390286446
v -0.0017623022431507707 0.0007551572052761912 0.004679130390286446
v -0.0019854537677019835 0.0009381129639223218 0.00458889314904809
v -0.0012274387991055846 0.005442184861749411 0.004847001750022173
v -0.0012274387991055846 0.005442184861749411 0.004847001750022173
v -0.0019854537677019835 0.0009381129639223218 0.00458889314904809
v -0.0022374428808689117 0.0010528808925300837 0.004471446853131056
v -0.0012274387991055846 0.005442184861749411 0.004847001750022173
v -0.0022374428808689117 0.0010528808925300837 0.004471446853131056
v -0.0015450931387022138 0.005442183930426836 0.0047552804462611675
v -0.0015450931387022138 0.005442183930426836 0.0047552804462611675
v -0.0022374428808689117 0.0010528808925300837 0.004471446853131056
v -0.002500009723007679 0.0010921744396910071 0.004330122377723455
v -0.0015450931387022138 0.005442183930426836 0.0047552804462611675
v -0.002500009723007679 0.0010921744396910071 0.004330122377723455
v -0.0027347442228347063 0.0054421802051365376 0.004185825120657682
v -0.0027347442228347063 0.0054421802051365376 0.004185825120657682
v -0.002500009723007679 0.0010921744396910071 0.004330122377723455
v -0.002734753303229809 0.0010587056167423725 0.004185832105576992
v -0.0027347442228347063 0.0054421802051365376 0.004185825120657682
v -0.002734753303229809 0.0010587056167423725 0.004185832105576992
v -0.0029389215633273125 0.00544217973947525 0.00404508039355278
v -0.0029389215633273125 0.00544217973947525 0.00404508039355278
v -0.002734753303229809 0.0010587056167423725 0.004185832105576992
v -0.002981383353471756 0.0009381097042933106 0.0040139006450772285
v -0.0029389215633273125 0.00544217973947525 0.00404508039355278
v -0.002981383353471756 0.0009381097042933106 0.0040139006450772285
v -0.003945704083889723 0.005442176014184952 0.0030710604041814804
v -0.003945704083889723 0.005442176014184952 0.0030710604041814804
v -0.002981383353471756 0.0009381097042933106 0.0040139006450772285
v -0.0031708653550595045 0.000755450630094856 0.0038659486453980207
v -0.003945704083889723 0.005442176014184952 0.0030710604041814804
v -0.0031708653550595045 0.000755450630094856 0.0038659486453980207
v -0.003312409622594714 0.0005171805387362838 0.00374538148753345
v 0.0022827654611319304 0.00024015404051169753 0.004448477644473314
v 0.0022468152455985546 -5.782456719316542e-05 0.004466746933758259
v 0.002008482115343213 0.005442178808152676 0.004578869789838791
v 0.002008482115343213 0.005442178808152676 0.004578869789838791
v 0.0022468152455985546 -5.782456719316542e-05 0.004466746933758259
v 0.002008467447012663 -0.0055578285828232765 0.0045788646675646305
v 0.002008482115343213 0.005442178808152676 0.004578869789838791
v 0.002008467447012663 -0.0055578285828232765 0.0045788646675646305
v 0.0015450834762305021 0.005442177411168814 0.004755282774567604
v 0.0015450834762305021 0.005442177411168814 0.004755282774567604
v 0.002008467447012663 -0.0055578285828232765 0.0045788646675646305
v 0.0015450806822627783 -0.005557815078645945 0.0047552864998579025
v 0.0015450834762305021 0.005442177411168814 0.004755282774567604
v 0.0015450806822627783 -0.005557815078645945 0.0047552864998579025
v 0.0004128864093217999 0.00544217461720109 0.004982922226190567
v 0.00041289275395683944 -0.0055578178726136684 0.004982914309948683
v 0.0004128864093217999 0.00544217461720109 0.004982922226190567
v 0.00041289275395683944 -0.0055578178726136684 0.004982914309948683
v -4.981098200573797e-09 0.005442173685878515 0.005000005476176739
v 1.3522633013351992e-09 -0.005557818803936243 0.0049999975599348545
v -4.981098200573797e-09 0.005442173685878515 0.005000005476176739
v 1.3522633013351992e-09 -0.005557818803936243 0.0049999975599348545
v -0.0012274387991055846 0.005442184861749411 0.004847001750022173
v -0.001227432512678206 -0.0055578225292265415 0.004846993368119001
v -0.0012274387991055846 0.005442184861749411 0.004847001750022173
v -0.001227432512678206 -0.0055578225292265415 0.004846993368119001
v -0.0014370463322848082 -5.781937943538651e-05 0.004789033904671669
v -0.0014370463322848082 -5.781937943538651e-05 0.004789033904671669
v -0.001227432512678206 -0.0055578225292265415 0.004846993368119001
v -0.0014757030876353383 -0.00035608114558272064 0.004777269437909126
v -0.003399503417313099 0.00023992924252524972 0.003666526172310114
v -0.0034289085306227207 -5.782586958957836e-05 0.0036390286404639482
v -0.003945704083889723 0.005442176014184952 0.0030710604041814804
v -0.003945704083889723 0.005442176014184952 0.0030710604041814804
v -0.0034289085306227207 -5.782586958957836e-05 0.0036390286404639482
v -0.003945706877857447 -0.0055578164756298065 0.003071064129471779
v -0.003945704083889723 0.005442176014184952 0.0030710604041814804
v -0.003945706877857447 -0.0055578164756298065 0.003071064129471779
v -0.0040450794622302055 0.0054421755485236645 0.0029389190021902323
v -0.004045082256197929 -0.005557816941291094 0.0029389229603111744
v -0.0040450794622302055 0.0054421755485236645 0.0029389190021902323
v -0.004045082256197929 -0.005557816941291094 0.0029389229603111744
v -0.004729080945253372 0.005442172288894653 0.001623495016247034
v -0.004729083739221096 -0.005557820200920105 0.0016234988579526544
v -0.004729080945253372 0.005442172288894653 0.001623495016247034
v -0.004729083739221096 -0.005557820200920105 0.0016234988579526544
v -0.004755286034196615 0.005442172288894653 0.0015450803330168128
v -0.004755288828164339 -0.005557820200920105 0.0015450840583071113
v -0.004755286034196615 0.005442172288894653 0.0015450803330168128
v -0.004755288828164339 -0.005557820200920105 0.0015450840583071113
v -0.004999997094273567 0.005442184861749411 9.188574345841971e-10
v -0.004999999888241291 -0.0055578225292265415 4.748422988143375e-09
v -0.004999997094273567 0.005442184861749411 9.188574345841971e-10
v -0.004999999888241291 -0.0055578225292265415 4.748422988143375e-09
v -0.004755283705890179 0.005442184396088123 -0.001545096398331225
v -0.0047552864998579025 -0.005557822994887829 -0.0015450925566256046
v -0.004755283705890179 0.005442184396088123 -0.001545096398331225
v -0.0047552864998579025 -0.005557822994887829 -0.0015450925566256046
v -0.004729087930172682 0.005442184396088123 -0.0016234953654929996
v -0.004729087930172682 0.005442184396088123 -0.0016234953654929996
v -0.0047552864998579025 -0.005557822994887829 -0.0015450925566256046
v -0.0047290814109146595 -0.005557822994887829 -0.0016235032817348838
v -0.004729087930172682 0.005442184396088123 -0.0016234953654929996
v -0.0047290814109146595 -0.005557822994887829 -0.0016235032817348838
v -0.004045083653181791 0.005442184861749411 -0.0029389248229563236
v -0.004045077133923769 -0.0055578225292265415 -0.002938932739198208
v -0.004045083653181791 0.005442184861749411 -0.0029389248229563236
v -0.004045077133923769 -0.0055578225292265415 -0.002938932739198208
v -0.003945697098970413 0.005442184861749411 -0.0030710643623024225
v -0.003945699892938137 -0.0055578225292265415 -0.0030710604041814804
v -0.003945697098970413 0.005442184861749411 -0.0030710643623024225
v -0.003945699892938137 -0.0055578225292265415 -0.0030710604041814804
v -0.0029389222618192434 0.005442171823233366 -0.004045082721859217
v -0.002938915742561221 -0.005557820666581392 -0.004045090638101101
v -0.0029389222618192434 0.005442171823233366 -0.004045082721859217
v -0.002938915742561221 -0.005557820666581392 -0.004045090638101101
v -0.0027347318828105927 0.005442172288894653 -0.004185837227851152
v -0.0027347318828105927 0.005442172288894653 -0.004185837227851152
v -0.002938915742561221 -0.005557820666581392 -0.004045090638101101
v -0.0027347346767783165 -0.005557820200920105 -0.004185833502560854
v -0.0027347318828105927 0.005442172288894653 -0.004185837227851152
v -0.0027347346767783165 -0.005557820200920105 -0.004185833502560854
v -0.0015450833598151803 0.005442175082862377 -0.004755289293825626
v -0.0015450861537829041 -0.005557817406952381 -0.004755285568535328
v -0.0015450833598151803 0.005442175082862377 -0.004755289293825626
v -0.0015450861537829041 -0.005557817406952381 -0.004755285568535328
v -0.0012274152832105756 0.005442176014184952 -0.0048470040783286095
v -0.0012274180771782994 -0.0055578164756298065 -0.004847000353038311
v -0.0012274152832105756 0.005442176014184952 -0.0048470040783286095
v -0.0012274180771782994 -0.0055578164756298065 -0.004847000353038311
v 7.742573693292343e-09 0.005442179273813963 -0.004999991040676832
v 1.4075975052207923e-08 -0.005557828117161989 -0.004999998956918716
v 7.742573693292343e-09 0.005442179273813963 -0.004999991040676832
v 1.4075975052207923e-08 -0.005557828117161989 -0.004999998956918716
v 0.0004128914442844689 0.0054421802051365376 -0.004982923157513142
v 0.000412897759815678 -0.005557827185839415 -0.004982931073755026
v 0.0004128914442844689 0.0054421802051365376 -0.004982923157513142
v 0.000412897759815678 -0.005557827185839415 -0.004982931073755026
v 0.0015450932551175356 0.005442183464765549 -0.00475528696551919
v 0.0015450932551175356 0.005442183464765549 -0.00475528696551919
v 0.000412897759815678 -0.005557827185839415 -0.004982931073755026
v 0.0015450904611498117 -0.0055578239262104034 -0.004755283240228891
v 0.0015450932551175356 0.005442183464765549 -0.00475528696551919
v 0.0015450904611498117 -0.0055578239262104034 -0.004755283240228891
v 0.0020084779243916273 0.005442184861749411 -0.004578872583806515
v 0.0020084751304239035 -0.0055578225292265415 -0.004578868858516216
v 0.0020084779243916273 0.005442184861749411 -0.004578872583806515
v 0.0020084751304239035 -0.0055578225292265415 -0.004578868858516216
v 0.002938933437690139 0.005442173220217228 -0.004045077599585056
v 0.002938930643722415 -0.00555781926959753 -0.004045073874294758
v 0.002938933437690139 0.005442173220217228 -0.004045077599585056
v 0.002938930643722415 -0.00555781926959753 -0.004045073874294758
v 0.0033864083234220743 0.00544217461720109 -0.003678610548377037
v 0.0033864083234220743 0.00544217461720109 -0.003678610548377037
v 0.002938930643722415 -0.00555781926959753 -0.004045073874294758
v 0.003386414609849453 -0.0055578178726136684 -0.0036786184646189213
v 0.0033864083234220743 0.00544217461720109 -0.003678610548377037
v 0.003386414609849453 -0.0055578178726136684 -0.0036786184646189213
v 0.0040450915694236755 0.005442176945507526 -0.0029389162082225084
v 0.0040450915694236755 0.005442176945507526 -0.0029389162082225084
v 0.003386414609849453 -0.0055578178726136684 -0.0036786184646189213
v 0.004045088775455952 -0.005557815544307232 -0.00293891248293221
v 0.0040450915694236755 0.005442176945507526 -0.0029389162082225084
v 0.004045088775455952 -0.005557815544307232 -0.00293891248293221
v 0.0043973722495138645 0.005442178808152676 -0.002379735466092825
v 0.004397369455546141 -0.0055578285828232765 -0.002379731507971883
v 0.0043973722495138645 0.005442178808152676 -0.002379735466092825
v 0.004397369455546141 -0.0055578285828232765 -0.002379731507971883
v 0.004755286034196615 0.0054421802051365376 -0.0015450866194441915
v 0.004755283240228891 -0.005557827185839415 -0.0015450827777385712
v 0.004755286034196615 0.0054421802051365376 -0.0015450866194441915
v 0.004755283240228891 -0.005557827185839415 -0.0015450827777385712
v 0.004931807052344084 0.0054421816021203995 -0.0008229672675952315
v 0.00493180425837636 -0.005557825788855553 -0.0008229634258896112
v 0.004931807052344084 0.0054421816021203995 -0.0008229672675952315
v 0.00493180425837636 -0.005557825788855553 -0.0008229634258896112
v 0.004999999888241291 0.005442182533442974 1.3642571516925273e-08
v 0.004999999888241291 0.005442182533442974 1.3642571516925273e-08
v 0.00493180425837636 -0.005557825788855553 -0.0008229634258896112
v 0.005000005941838026 -0.005557824857532978 5.686417114958431e-09
v 0.004999999888241291 0.005442182533442974 1.3642571516925273e-08
v 0.005000005941838026 -0.005557824857532978 5.686417114958431e-09
v 0.004931801930069923 0.005442182999104261 0.0008229789091274142
v 0.004931808449327946 -0.005557824391871691 0.0008229709346778691
v 0.004931801930069923 0.005442182999104261 0.0008229789091274142
v 0.004931808449327946 -0.005557824391871691 0.0008229709346778691
v 0.004755283705890179 0.005442182999104261 0.0015450899954885244
v 0.004755280911922455 -0.005557824391871691 0.0015450938371941447
v 0.004755283705890179 0.005442182999104261 0.0015450899954885244
v 0.004755280911922455 -0.005557824391871691 0.0015450938371941447
v 0.004397370386868715 0.005442182999104261 0.0023797343019396067
v 0.0043973675929009914 -0.005557824391871691 0.0023797382600605488
v 0.004397370386868715 0.005442182999104261 0.0023797343019396067
v 0.0043973675929009914 -0.005557824391871691 0.0023797382600605488
v 0.004008714109659195 -5.7821158407023177e-05 0.0029883389361202717
v 0.004008714109659195 -5.7821158407023177e-05 0.0029883389361202717
v 0.0043973675929009914 -0.005557824391871691 0.0023797382600605488
v 0.003984497860074043 -0.0003557699092198163 0.003020566189661622
v 0.0005277391755953431 -0.0040578292682766914 0.012889973819255829
v 0.0014999849954620004 -0.004057826939970255 0.012889973819255829
v 0.0005277501186355948 0.003942172043025494 0.012889972887933254
v 0.001499995938502252 0.00394217437133193 0.012889972887933254
v 0.0029042609967291355 -5.782204607385211e-05 0.005250266753137112
v 0.0029391166754066944 0.00023979891557246447 0.005230830982327461
v 0.0036317871417850256 -0.0001348595105810091 0.0047759972512722015
v 0.0036317871417850256 -0.0001348595105810091 0.0047759972512722015
v 0.0029391166754066944 0.00023979891557246447 0.005230830982327461
v 0.0030402857810258865 0.0005171842640265822 0.005172680597752333
v 0.0036317871417850256 -0.0001348595105810091 0.0047759972512722015
v 0.0030402857810258865 0.0005171842640265822 0.005172680597752333
v 0.003198306541889906 0.0007554541807621717 0.0050765033811330795
v 0.0036239936016499996 -0.0011686425423249602 0.00478191114962101
v 0.0033984954934567213 -0.0010537550551816821 0.004944727290421724
v 0.0036317871417850256 -0.0001348595105810091 0.0047759972512722015
v 0.0036317871417850256 -0.0001348595105810091 0.0047759972512722015
v 0.0033984954934567213 -0.0010537550551816821 0.004944727290421724
v 0.0031981426291167736 -0.0008709181565791368 0.005076600704342127
v 0.0031981426291167736 -0.0008709181565791368 0.005076600704342127
v 0.0030402890406548977 -0.0006328277522698045 0.005172681529074907
v 0.0036317871417850256 -0.0001348595105810091 0.0047759972512722015
v 0.0036317871417850256 -0.0001348595105810091 0.0047759972512722015
v 0.0030402890406548977 -0.0006328277522698045 0.005172681529074907
v 0.0029393951408565044 -0.0003566647646948695 0.005230668466538191
v 0.0036317871417850256 -0.0001348595105810091 0.0047759972512722015
v 0.0029393951408565044 -0.0003566647646948695 0.005230668466538191
v 0.0029042609967291355 -5.782204607385211e-05 0.005250266753137112
v 0.003198306541889906 0.0007554541807621717 0.0050765033811330795
v 0.0033984901383519173 0.0009381130221299827 0.004944725427776575
v 0.0036317871417850256 -0.0001348595105810091 0.0047759972512722015
v 0.0036317871417850256 -0.0001348595105810091 0.0047759972512722015
v 0.0033984901383519173 0.0009381130221299827 0.004944725427776575
v 0.0036235142033547163 0.0010528374696150422 0.004782277159392834
v 0.0036317871417850256 -0.0001348595105810091 0.0047759972512722015
v 0.0036235142033547163 0.0010528374696150422 0.004782277159392834
v 0.00386248342692852 0.0010921471985056996 0.00459143053740263
v 0.004566147457808256 -0.0006328247836790979 0.003892341395840049
v 0.0044441684149205685 -0.000870856165420264 0.004031060729175806
v 0.003971044905483723 -7.795132114551961e-05 0.004497869871556759
v 0.0044441684149205685 -0.000870856165420264 0.004031060729175806
v 0.0042794495820999146 -0.0010537533089518547 0.004205517470836639
v 0.003971044905483723 -7.795132114551961e-05 0.004497869871556759
v 0.003971044905483723 -7.795132114551961e-05 0.004497869871556759
v 0.0042794495820999146 -0.0010537533089518547 0.004205517470836639
v 0.004082624334841967 -0.0011676581343635917 0.004396828357130289
v 0.003971044905483723 -7.795132114551961e-05 0.004497869871556759
v 0.004082624334841967 -0.0011676581343635917 0.004396828357130289
v 0.0038567124865949154 -0.0012078172294422984 0.004596270155161619
v 0.0036239936016499996 -0.0011686425423249602 0.00478191114962101
v 0.0036317871417850256 -0.0001348595105810091 0.0047759972512722015
v 0.0038567124865949154 -0.0012078172294422984 0.004596270155161619
v 0.0038567124865949154 -0.0012078172294422984 0.004596270155161619
v 0.0036317871417850256 -0.0001348595105810091 0.0047759972512722015
v 0.00386248342692852 0.0010921471985056996 0.00459143053740263
v 0.0038567124865949154 -0.0012078172294422984 0.004596270155161619
v 0.00386248342692852 0.0010921471985056996 0.00459143053740263
v 0.003971044905483723 -7.795132114551961e-05 0.004497869871556759
v 0.003971044905483723 -7.795132114551961e-05 0.004497869871556759
v 0.00386248342692852 0.0010921471985056996 0.00459143053740263
v 0.0040828571654856205 0.0010519294301047921 0.0043966155499219894
v 0.003971044905483723 -7.795132114551961e-05 0.004497869871556759
v 0.0040828571654856205 0.0010519294301047921 0.0043966155499219894
v 0.004279443994164467 0.0009380998089909554 0.00420551560819149
v 0.004279443994164467 0.0009380998089909554 0.00420551560819149
v 0.0044441549107432365 0.0007552181486971676 0.004031070973724127
v 0.003971044905483723 -7.795132114551961e-05 0.004497869871556759
v 0.003971044905483723 -7.795132114551961e-05 0.004497869871556759
v 0.0044441549107432365 0.0007552181486971676 0.004031070973724127
v 0.004566144198179245 0.000517172331456095 0.0038923402316868305
v 0.003971044905483723 -7.795132114551961e-05 0.004497869871556759
v 0.004566144198179245 0.000517172331456095 0.0038923402316868305
v 0.004640916828066111 0.00024021945137064904 0.003802877850830555
v 0.004640916828066111 0.00024021945137064904 0.003802877850830555
v 0.004666168708354235 -5.781864092568867e-05 0.003771847113966942
v 0.003971044905483723 -7.795132114551961e-05 0.004497869871556759
v 0.003971044905483723 -7.795132114551961e-05 0.004497869871556759
v 0.004666168708354235 -5.781864092568867e-05 0.003771847113966942
v 0.004640891216695309 -0.00035599092370830476 0.0038029137067496777
v 0.003971044905483723 -7.795132114551961e-05 0.004497869871556759
v 0.004640891216695309 -0.00035599092370830476 0.0038029137067496777
v 0.004566147457808256 -0.0006328247836790979 0.003892341395840049
v -0.003940308932214975 -5.782643347629346e-05 0.00452480698004365
v -0.0039101471193134785 0.00023980946571100503 0.0045509119518101215
v -0.0032458186615258455 -0.0001348630612483248 0.0050462461076676846
v -0.0032458186615258455 -0.0001348630612483248 0.0050462461076676846
v -0.0039101471193134785 0.00023980946571100503 0.0045509119518101215
v -0.0038208879996091127 0.0005171800148673356 0.004626092035323381
v -0.0032458186615258455 -0.0001348630612483248 0.0050462461076676846
v -0.0038208879996091127 0.0005171800148673356 0.004626092035323381
v -0.003676473395898938 0.0007554649491794407 0.0047416831366717815
v -0.0032540434040129185 -0.001168646034784615 0.005040955729782581
v -0.0034841704182326794 -0.0010537439957261086 0.004884731490164995
v -0.0032458186615258455 -0.0001348630612483248 0.0050462461076676846
v -0.0032458186615258455 -0.0001348630612483248 0.0050462461076676846
v -0.0034841704182326794 -0.0010537439957261086 0.004884731490164995
v -0.0036766105331480503 -0.0008709222893230617 0.004741575103253126
v -0.0036766105331480503 -0.0008709222893230617 0.004741575103253126
v -0.0038208940532058477 -0.0006328171002678573 0.004626105073839426
v -0.0032458186615258455 -0.0001348630612483248 0.0050462461076676846
v -0.0032458186615258455 -0.0001348630612483248 0.0050462461076676846
v -0.0038208940532058477 -0.0006328171002678573 0.004626105073839426
v -0.003909883555024862 -0.00035666910116560757 0.004551134072244167
v -0.0032458186615258455 -0.0001348630612483248 0.0050462461076676846
v -0.003909883555024862 -0.00035666910116560757 0.004551134072244167
v -0.003940308932214975 -5.782643347629346e-05 0.00452480698004365
v -0.003676473395898938 0.0007554649491794407 0.0047416831366717815
v -0.0034841641318053007 0.0009381091804243624 0.004884738475084305
v -0.0032458186615258455 -0.0001348630612483248 0.0050462461076676846
v -0.0032458186615258455 -0.0001348630612483248 0.0050462461076676846
v -0.0034841641318053007 0.0009381091804243624 0.004884738475084305
v -0.00325454818084836 0.0010528339771553874 0.005040624178946018
v -0.0032458186615258455 -0.0001348630612483248 0.0050462461076676846
v -0.00325454818084836 0.0010528339771553874 0.005040624178946018
v -0.002993481233716011 0.0010921589564532042 0.00519991060718894
v -0.002095893258228898 -0.0006328264134936035 0.0056220246478915215
v -0.0022679620888084173 -0.0008708431851118803 0.005554841365665197
v -0.002868433715775609 -7.793938857503235e-05 0.005269919987767935
v -0.0022679620888084173 -0.0008708431851118803 0.005554841365665197
v -0.0024882289581000805 -0.0010537556372582912 0.0054597328417003155
v -0.002868433715775609 -7.793938857503235e-05 0.005269919987767935
v -0.002868433715775609 -7.793938857503235e-05 0.005269919987767935
v -0.0024882289581000805 -0.0010537556372582912 0.0054597328417003155
v -0.00273532816208899 -0.0011676609283313155 0.005340228788554668
v -0.002868433715775609 -7.793938857503235e-05 0.005269919987767935
v -0.00273532816208899 -0.0011676609283313155 0.005340228788554668
v -0.0029999997932463884 -0.0012078203726559877 0.005196145735681057
v -0.0032540434040129185 -0.001168646034784615 0.005040955729782581
v -0.0032458186615258455 -0.0001348630612483248 0.0050462461076676846
v -0.0029999997932463884 -0.0012078203726559877 0.005196145735681057
v -0.0029999997932463884 -0.0012078203726559877 0.005196145735681057
v -0.0032458186615258455 -0.0001348630612483248 0.0050462461076676846
v -0.002993481233716011 0.0010921589564532042 0.00519991060718894
v -0.0029999997932463884 -0.0012078203726559877 0.005196145735681057
v -0.002993481233716011 0.0010921589564532042 0.00519991060718894
v -0.002868433715775609 -7.793938857503235e-05 0.005269919987767935
v -0.002868433715775609 -7.793938857503235e-05 0.005269919987767935
v -0.002993481233716011 0.0010921589564532042 0.00519991060718894
v -0.002735062036663294 0.0010519415372982621 0.0053403619676828384
v -0.002868433715775609 -7.793938857503235e-05 0.005269919987767935
v -0.002735062036663294 0.0010519415372982621 0.0053403619676828384
v -0.0024882343132048845 0.0009381123818457127 0.005459730979055166
v -0.0024882343132048845 0.0009381123818457127 0.005459730979055166
v -0.0022679665125906467 0.0007552162278443575 0.0055548399686813354
v -0.002868433715775609 -7.793938857503235e-05 0.005269919987767935
v -0.002868433715775609 -7.793938857503235e-05 0.005269919987767935
v -0.0022679665125906467 0.0007552162278443575 0.0055548399686813354
v -0.002095884643495083 0.0005171707016415894 0.005622033029794693
v -0.002868433715775609 -7.793938857503235e-05 0.005269919987767935
v -0.002095884643495083 0.0005171707016415894 0.005622033029794693
v -0.0019862474873661995 0.00024021806893870234 0.005661695264279842
v -0.0019862474873661995 0.00024021806893870234 0.005661695264279842
v -0.0019484678050503135 -5.781994332210161e-05 0.005674815271049738
v -0.002868433715775609 -7.793938857503235e-05 0.005269919987767935
v -0.002868433715775609 -7.793938857503235e-05 0.005269919987767935
v -0.0019484678050503135 -5.781994332210161e-05 0.005674815271049738
v -0.0019862905610352755 -0.00035599229158833623 0.005661679897457361
v -0.002868433715775609 -7.793938857503235e-05 0.005269919987767935
v -0.0019862905610352755 -0.00035599229158833623 0.005661679897457361
v -0.002095893258228898 -0.0006328264134936035 0.0056220246478915215
v -0.005019253119826317 0.003942185081541538 0.011210470460355282
v -0.013047004118561745 0.003942172974348068 0.005858627613633871
v -0.005019252188503742 -0.004057816229760647 0.011210480704903603
v -0.01304700318723917 -0.004057828336954117 0.0058586373925209045
v -0.024499986320734024 0.001896755420602858 -0.019116638228297234
v -0.024499984458088875 0.0033220930490642786 -0.02251535840332508
v -0.024499984458088875 0.0010268845362588763 -0.019810348749160767
v -0.02449997514486313 0.001710710464976728 -0.02329135872423649
v -0.024499984458088875 0.0010268845362588763 -0.019810348749160767
v -0.02449997514486313 0.001710710464976728 -0.02329135872423649
v -0.02449999377131462 -5.7815894251689315e-05 -0.02005791664123535
v -0.024499988183379173 -0.0011425266275182366 -0.015305489301681519
v -0.024499984458088875 -0.0020123973954468966 -0.01599919982254505
v -0.02449999563395977 -0.004138865042477846 -0.013159606605768204
v -0.024499984458088875 -5.781916479463689e-05 -0.023557918146252632
v -0.024499986320734024 -0.0018263483652845025 -0.02329135313630104
v -0.02449999377131462 -5.7815894251689315e-05 -0.02005791664123535
v -0.024499986320734024 -0.0011425308184698224 -0.019810335710644722
v -0.024499988183379173 -0.0034377442207187414 -0.022515349090099335
v -0.024499988183379173 -0.002012400422245264 -0.01911664381623268
v -0.024499980732798576 -0.004748806823045015 -0.021298855543136597
v -0.024499991908669472 -0.002495137508958578 -0.01811421848833561
v -0.024499980732798576 0.002379495417699218 -0.017001619562506676
v -0.024499988183379173 0.0059254043735563755 -0.018006308004260063
v -0.024499982595443726 0.0023794942535459995 -0.018114225938916206
v -0.024499991908669472 0.00552742276340723 -0.019749967381358147
v -0.02449999377131462 0.004633172880858183 -0.021298855543136597
v -0.02449999377131462 -0.0026611308567225933 -0.012152108363807201
v -0.024499984458088875 -0.0009520713938400149 -0.01162493322044611
v -0.024499988183379173 -0.0011425266275182366 -0.015305489301681519
v -0.024499984458088875 -0.0009520713938400149 -0.01162493322044611
v -0.02449999935925007 -5.782612061011605e-05 -0.01505791861563921
v -0.024499980732798576 -0.004748806823045015 -0.021298855543136597
v -0.02449999377131462 -0.005643068812787533 -0.0197499617934227
v -0.024499988183379173 -0.006041047628968954 -0.018006304278969765
v -0.024499988183379173 -0.00249513634480536 -0.01700161211192608
v -0.024499988183379173 -0.005907382350414991 -0.016222801059484482
v -0.024499988183379173 -0.005253979936242104 -0.014557917602360249
v -0.024499982595443726 0.0018967583309859037 -0.015999194234609604
v -0.024499984458088875 0.0051383282989263535 -0.014557920396327972
v -0.02449999563395977 0.005791742820292711 -0.016222793608903885
v -0.024499986320734024 -5.7822850067168474e-05 -0.011557919904589653
v -0.024499990046024323 0.0008364255772903562 -0.011624935083091259
v -0.02449999935925007 -5.782612061011605e-05 -0.01505791861563921
v -0.024499990046024323 0.0008364255772903562 -0.011624935083091259
v -0.024499984458088875 0.001026888727210462 -0.015305502340197563
v -0.024499984458088875 0.001026888727210462 -0.015305502340197563
v -0.02449999563395977 0.0025454838760197163 -0.012152103707194328
v -0.024499984458088875 0.00402321619912982 -0.013159607537090778
v -0.018997836858034134 -5.7828401622828096e-05 -0.017557919025421143
v -0.02049999311566353 -5.781524669146165e-05 -0.01505791861563921
v -0.02049998752772808 0.00102688476908952 -0.015305491164326668
v -0.018997836858034134 -5.7828401622828096e-05 -0.017557919025421143
v -0.020499994978308678 0.0023794914595782757 -0.017001615837216377
v -0.02049998566508293 0.0023794902954250574 -0.01811421476304531
v -0.020499996840953827 0.0018967542564496398 -0.015999192371964455
v -0.020499994978308678 0.0023794914595782757 -0.017001615837216377
v -0.018997836858034134 -5.7828401622828096e-05 -0.017557919025421143
v -0.02049998752772808 0.00102688476908952 -0.015305491164326668
v -0.020499996840953827 0.0018967542564496398 -0.015999192371964455
v -0.018997836858034134 -5.7828401622828096e-05 -0.017557919025421143
v -0.018997836858034134 -5.7828401622828096e-05 -0.017557919025421143
v -0.02049998566508293 0.0010268805781379342 -0.01981033757328987
v -0.02049998566508293 -5.7819921494228765e-05 -0.02005791664123535
v -0.02049999311566353 0.0018967513460665941 -0.01911664754152298
v -0.02049998566508293 0.0010268805781379342 -0.01981033757328987
v -0.018997836858034134 -5.7828401622828096e-05 -0.017557919025421143
v -0.02049998566508293 0.0023794902954250574 -0.01811421476304531
v -0.02049999311566353 0.0018967513460665941 -0.01911664754152298
v -0.018997836858034134 -5.7828401622828096e-05 -0.017557919025421143
v -0.018997836858034134 -5.7828401622828096e-05 -0.017557919025421143
v -0.020499981939792633 -0.002012404380366206 -0.01911664381623268
v -0.020499983802437782 -0.0024951414670795202 -0.01811421848833561
v -0.02049999125301838 -0.0011425347765907645 -0.019810345023870468
v -0.020499981939792633 -0.002012404380366206 -0.01911664381623268
v -0.018997836858034134 -5.7828401622828096e-05 -0.017557919025421143
v -0.02049998566508293 -5.7819921494228765e-05 -0.02005791664123535
v -0.02049999125301838 -0.0011425347765907645 -0.019810345023870468
v -0.018997836858034134 -5.7828401622828096e-05 -0.017557919025421143
v -0.018997836858034134 -5.7828401622828096e-05 -0.017557919025421143
v -0.02049998752772808 -0.0020124013535678387 -0.015999188646674156
v -0.02049999311566353 -0.0011425305856391788 -0.015305498614907265
v -0.02049999311566353 -0.002495140302926302 -0.017001621425151825
v -0.02049998752772808 -0.0020124013535678387 -0.015999188646674156
v -0.018997836858034134 -5.7828401622828096e-05 -0.017557919025421143
v -0.020499983802437782 -0.0024951414670795202 -0.01811421848833561
v -0.02049999311566353 -0.002495140302926302 -0.017001621425151825
v -0.018997836858034134 -5.7828401622828096e-05 -0.017557919025421143
v -0.02049999311566353 -0.0011425305856391788 -0.015305498614907265
v -0.02049999311566353 -5.781524669146165e-05 -0.01505791861563921
v -0.018997836858034134 -5.7828401622828096e-05 -0.017557919025421143
v -0.02449999377131462 -5.7815894251689315e-05 -0.02005791664123535
v -0.02049998566508293 -5.7819921494228765e-05 -0.02005791664123535
v -0.024499984458088875 0.0010268845362588763 -0.019810348749160767
v -0.024499984458088875 0.0010268845362588763 -0.019810348749160767
v -0.02049998566508293 -5.7819921494228765e-05 -0.02005791664123535
v -0.02049998566508293 0.0010268805781379342 -0.01981033757328987
v -0.024499984458088875 0.0010268845362588763 -0.019810348749160767
v -0.02049998566508293 0.0010268805781379342 -0.01981033757328987
v -0.024499986320734024 0.001896755420602858 -0.019116638228297234
v -0.024499986320734024 0.001896755420602858 -0.019116638228297234
v -0.02049998566508293 0.0010268805781379342 -0.01981033757328987
v -0.02049999311566353 0.0018967513460665941 -0.01911664754152298
v -0.024499986320734024 0.001896755420602858 -0.019116638228297234
v -0.02049999311566353 0.0018967513460665941 -0.01911664754152298
v -0.024499982595443726 0.0023794942535459995 -0.018114225938916206
v -0.02049998566508293 0.0023794902954250574 -0.01811421476304531
v -0.024499982595443726 0.0023794942535459995 -0.018114225938916206
v -0.02049998566508293 0.0023794902954250574 -0.01811421476304531
v -0.024499980732798576 0.002379495417699218 -0.017001619562506676
v -0.020499994978308678 0.0023794914595782757 -0.017001615837216377
v -0.024499980732798576 0.002379495417699218 -0.017001619562506676
v -0.020499994978308678 0.0023794914595782757 -0.017001615837216377
v -0.024499982595443726 0.0018967583309859037 -0.015999194234609604
v -0.020499996840953827 0.0018967542564496398 -0.015999192371964455
v -0.024499982595443726 0.0018967583309859037 -0.015999194234609604
v -0.020499996840953827 0.0018967542564496398 -0.015999192371964455
v -0.024499984458088875 0.001026888727210462 -0.015305502340197563
v -0.02049998752772808 0.00102688476908952 -0.015305491164326668
v -0.024499984458088875 0.001026888727210462 -0.015305502340197563
v -0.02049998752772808 0.00102688476908952 -0.015305491164326668
v -0.02449999935925007 -5.782612061011605e-05 -0.01505791861563921
v -0.02049999311566353 -5.781524669146165e-05 -0.01505791861563921
v -0.02449999935925007 -5.782612061011605e-05 -0.01505791861563921
v -0.02049999311566353 -5.781524669146165e-05 -0.01505791861563921
v -0.024499988183379173 -0.0011425266275182366 -0.015305489301681519
v -0.02049999311566353 -0.0011425305856391788 -0.015305498614907265
v -0.024499988183379173 -0.0011425266275182366 -0.015305489301681519
v -0.02049999311566353 -0.0011425305856391788 -0.015305498614907265
v -0.024499984458088875 -0.0020123973954468966 -0.01599919982254505
v -0.024499984458088875 -0.0020123973954468966 -0.01599919982254505
v -0.02049999311566353 -0.0011425305856391788 -0.015305498614907265
v -0.02049998752772808 -0.0020124013535678387 -0.015999188646674156
v -0.024499984458088875 -0.0020123973954468966 -0.01599919982254505
v -0.02049998752772808 -0.0020124013535678387 -0.015999188646674156
v -0.024499988183379173 -0.00249513634480536 -0.01700161211192608
v -0.02049999311566353 -0.002495140302926302 -0.017001621425151825
v -0.024499988183379173 -0.00249513634480536 -0.01700161211192608
v -0.02049999311566353 -0.002495140302926302 -0.017001621425151825
v -0.024499991908669472 -0.002495137508958578 -0.01811421848833561
v -0.020499983802437782 -0.0024951414670795202 -0.01811421848833561
v -0.024499991908669472 -0.002495137508958578 -0.01811421848833561
v -0.020499983802437782 -0.0024951414670795202 -0.01811421848833561
v -0.024499988183379173 -0.002012400422245264 -0.01911664381623268
v -0.020499981939792633 -0.002012404380366206 -0.01911664381623268
v -0.024499988183379173 -0.002012400422245264 -0.01911664381623268
v -0.020499981939792633 -0.002012404380366206 -0.01911664381623268
v -0.024499986320734024 -0.0011425308184698224 -0.019810335710644722
v -0.02049999125301838 -0.0011425347765907645 -0.019810345023870468
v -0.024499986320734024 -0.0011425308184698224 -0.019810335710644722
v -0.02049999125301838 -0.0011425347765907645 -0.019810345023870468
v -0.02449999377131462 -5.7815894251689315e-05 -0.02005791664123535
v -0.02049998566508293 -5.7819921494228765e-05 -0.02005791664123535
v 0.011500006541609764 -0.004057825077325106 -0.01455789152532816
v 0.011361703276634216 -0.004057812504470348 -0.016215303912758827
v 0.006500005256384611 0.003942175768315792 -0.016215315088629723
v 0.011361702345311642 0.003942173905670643 -0.016215313225984573
v 0.006500010844320059 0.006242184899747372 -0.016215307638049126
v 0.01136169582605362 0.0062421830371022224 -0.016215315088629723
v 0.006500010844320059 0.006242184899747372 -0.016215307638049126
v 0.01136169582605362 0.0062421830371022224 -0.016215315088629723
v 0.006500012241303921 0.006242184434086084 -0.016640735790133476
v 0.011280694045126438 0.006242182571440935 -0.016640732064843178
v 0.006500012241303921 0.006242184434086084 -0.016640735790133476
v 0.011280694045126438 0.006242182571440935 -0.016640732064843178
v 0.00650001410394907 0.006442172918468714 -0.01684074103832245
v 0.00650001410394907 0.006442172918468714 -0.01684074103832245
v 0.011280694045126438 0.006242182571440935 -0.016640732064843178
v 0.01123595517128706 0.006442170590162277 -0.016840742900967598
v 0.006500016897916794 -0.006557823624461889 -0.016840735450387
v 0.011235957965254784 -0.006557825952768326 -0.01684073731303215
v 0.0065000019967556 -0.006357820238918066 -0.016640739515423775
v 0.0065000019967556 -0.006357820238918066 -0.016640739515423775
v 0.011235957965254784 -0.006557825952768326 -0.01684073731303215
v 0.011280695907771587 -0.006357822101563215 -0.01664072647690773
v 0.0065000019967556 -0.006357820238918066 -0.016640739515423775
v 0.011280695907771587 -0.006357822101563215 -0.01664072647690773
v 0.006500009447336197 -0.006357819773256779 -0.01621532253921032
v 0.011361697688698769 -0.006357821635901928 -0.016215309500694275
v 0.006500009447336197 -0.006357819773256779 -0.01621532253921032
v 0.011361697688698769 -0.006357821635901928 -0.016215309500694275
v 0.006500015035271645 -0.004057825542986393 -0.016215315088629723
v 0.011361703276634216 -0.004057812504470348 -0.016215303912758827
v 0.01150001771748066 0.003942176233977079 -0.014557892456650734
v 0.01149999350309372 0.003942177630960941 0.002889979397878051
v 0.01150000374764204 -0.004057823680341244 0.0028899777680635452
v 0.01150000374764204 -0.004057817626744509 -0.0065560718066990376
v 0.011500001884996891 -0.004057821352034807 -0.010369882918894291
v 0.011500006541609764 -0.004057825077325106 -0.01455789152532816
v 0.0005277391755953431 -0.0040578292682766914 0.012889973819255829
v 0.0005277501186355948 0.003942172043025494 0.012889972887933254
v -0.0014197282725945115 0.00394218135625124 0.01269850879907608
v -0.0014197392156347632 -0.004057819955050945 0.012698509730398655
v -0.0014197392156347632 -0.004057819955050945 0.012698509730398655
v -0.0014197282725945115 0.00394218135625124 0.01269850879907608
v -0.00329264416359365 0.003942175768315792 0.012131426483392715
v -0.0032926432322710752 -0.004057825542986393 0.012131436727941036
v -0.0032926432322710752 -0.004057825542986393 0.012131436727941036
v -0.00329264416359365 0.003942175768315792 0.012131426483392715
v -0.005019253119826317 0.003942185081541538 0.011210470460355282
v -0.005019252188503742 -0.004057816229760647 0.011210480704903603
v -0.017500005662441254 0.003942182753235102 -0.0024618767201900482
v -0.01749999448657036 -0.004057818558067083 -0.002461878350004554
v -0.01730743981897831 -0.0040578157640993595 -0.0005089234909974039
v -0.017307449132204056 0.003942170646041632 -0.0005089218611828983
v -0.017307449132204056 0.003942170646041632 -0.0005089218611828983
v -0.01730743981897831 -0.0040578157640993595 -0.0005089234909974039
v -0.01673719473183155 -0.004057827405631542 0.0013688334729522467
v -0.0167371965944767 0.003942173905670643 0.0013688233448192477
v -0.0167371965944767 0.003942173905670643 0.0013688233448192477
v -0.01673719473183155 -0.004057827405631542 0.0013688334729522467
v -0.015811210498213768 -0.0040578232146799564 0.0030990412924438715
v -0.01581120863556862 0.003942178096622229 0.0030990522354841232
v -0.01581120863556862 0.003942178096622229 0.0030990522354841232
v -0.015811210498213768 -0.0040578232146799564 0.0030990412924438715
v -0.014565154910087585 -0.004057818558067083 0.004615104757249355
v -0.014565153047442436 0.003942182753235102 0.004615115467458963
v -0.014565153047442436 0.003942182753235102 0.004615115467458963
v -0.014565154910087585 -0.004057818558067083 0.004615104757249355
v -0.01304700318723917 -0.004057828336954117 0.0058586373925209045
v -0.013047004118561745 0.003942172974348068 0.005858627613633871
v 0.01150001771748066 0.003942176233977079 -0.014557892456650734
v 0.011500006541609764 -0.004057825077325106 -0.01455789152532816
v 0.011361702345311642 0.003942173905670643 -0.016215313225984573
v 0.011361703276634216 -0.004057812504470348 -0.016215303912758827
v 0.011361703276634216 -0.004057812504470348 -0.016215303912758827
v 0.011361697688698769 -0.006357821635901928 -0.016215309500694275
v 0.011280695907771587 -0.006357822101563215 -0.01664072647690773
v 0.01136169582605362 0.0062421830371022224 -0.016215315088629723
v 0.011361702345311642 0.003942173905670643 -0.016215313225984573
v 0.011280694045126438 0.006242182571440935 -0.016640732064843178
v 0.011280694045126438 0.006242182571440935 -0.016640732064843178
v 0.011361702345311642 0.003942173905670643 -0.016215313225984573
v 0.011361703276634216 -0.004057812504470348 -0.016215303912758827
v 0.011280694045126438 0.006242182571440935 -0.016640732064843178
v 0.011361703276634216 -0.004057812504470348 -0.016215303912758827
v 0.01123595517128706 0.006442170590162277 -0.016840742900967598
v 0.01123595517128706 0.006442170590162277 -0.016840742900967598
v 0.011361703276634216 -0.004057812504470348 -0.016215303912758827
v 0.011280695907771587 -0.006357822101563215 -0.01664072647690773
v 0.011280695907771587 -0.006357822101563215 -0.01664072647690773
v 0.011235957965254784 -0.006557825952768326 -0.01684073731303215
v 0.01123595517128706 0.006442170590162277 -0.016840742900967598
v 0.01123595517128706 0.006442170590162277 -0.016840742900967598
v 0.011235957965254784 -0.006557825952768326 -0.01684073731303215
v 0.010509693995118141 -0.00655781477689743 -0.018896719440817833
v 0.010509700514376163 0.006442181766033173 -0.018896736204624176
v 0.010509700514376163 0.006442181766033173 -0.018896736204624176
v 0.010509693995118141 -0.00655781477689743 -0.018896719440817833
v 0.009318339638411999 -0.006557819899171591 -0.020792802795767784
v 0.010509700514376163 0.006442181766033173 -0.018896736204624176
v 0.009318339638411999 -0.006557819899171591 -0.020792802795767784
v 0.009318327531218529 0.006442176643759012 -0.020792795345187187
v 0.009318327531218529 0.006442176643759012 -0.020792795345187187
v 0.009318339638411999 -0.006557819899171591 -0.020792802795767784
v 0.007734911981970072 -0.0065578254871070385 -0.022376220673322678
v 0.007734911981970072 0.0064421710558235645 -0.022376205772161484
v 0.007734911981970072 0.0064421710558235645 -0.022376205772161484
v 0.007734911981970072 -0.0065578254871070385 -0.022376220673322678
v 0.005838853307068348 -0.006557817105203867 -0.023567577823996544
v 0.007734911981970072 0.0064421710558235645 -0.022376205772161484
v 0.005838853307068348 -0.006557817105203867 -0.023567577823996544
v 0.00583885982632637 0.006442179437726736 -0.023567594587802887
v 0.00583885982632637 0.006442179437726736 -0.023567594587802887
v 0.005838853307068348 -0.006557817105203867 -0.023567577823996544
v 0.0037252320908010006 -0.006557823158800602 -0.024307187646627426
v 0.00583885982632637 0.006442179437726736 -0.023567594587802887
v 0.0037252320908010006 -0.006557823158800602 -0.024307187646627426
v 0.003725220449268818 0.006442173384130001 -0.02430718205869198
v 0.003725220449268818 0.006442173384130001 -0.02430718205869198
v 0.0037252320908010006 -0.006557823158800602 -0.024307187646627426
v 0.001500008744187653 -0.00655781477689743 -0.024557895958423615
v 0.0015000178245827556 0.006442181766033173 -0.024557892233133316
v 0.01150000374764204 -0.004057823680341244 0.0028899777680635452
v 0.01149999350309372 0.003942177630960941 0.002889979397878051
v 0.011249274015426636 0.003942179027944803 0.005115193780511618
v 0.011249272152781487 -0.004057822283357382 0.00511518307030201
v 0.011249272152781487 -0.004057822283357382 0.00511518307030201
v 0.011249274015426636 0.003942179027944803 0.005115193780511618
v 0.010509684681892395 0.003942178562283516 0.007228812202811241
v 0.01050968561321497 -0.004057822749018669 0.007228822447359562
v 0.01050968561321497 -0.004057822749018669 0.007228822447359562
v 0.010509684681892395 0.003942178562283516 0.007228812202811241
v 0.009318307042121887 0.003942177165299654 0.009124873206019402
v 0.009318307973444462 -0.004057824146002531 0.009124883450567722
v 0.009318307973444462 -0.004057824146002531 0.009124883450567722
v 0.009318307042121887 0.003942177165299654 0.009124873206019402
v 0.007734888233244419 0.00394217437133193 0.010708301328122616
v 0.007734886836260557 -0.004057826939970255 0.01070829015225172
v 0.007734886836260557 -0.004057826939970255 0.01070829015225172
v 0.007734888233244419 0.00394217437133193 0.010708301328122616
v 0.005838828627020121 0.003942170646041632 0.01189967431128025
v 0.005838826764374971 -0.0040578157640993595 0.011899663135409355
v 0.005838826764374971 -0.0040578157640993595 0.011899663135409355
v 0.005838828627020121 0.003942170646041632 0.01189967431128025
v 0.003725199494510889 0.003942180424928665 0.01263925340026617
v 0.00372520019300282 -0.00405782088637352 0.012639263644814491
v 0.00372520019300282 -0.00405782088637352 0.012639263644814491
v 0.003725199494510889 0.003942180424928665 0.01263925340026617
v 0.001499995938502252 0.00394217437133193 0.012889972887933254
v 0.0014999849954620004 -0.004057826939970255 0.012889973819255829
usemtl material_DefaultMaterial
f 1 2 3
f 4 5 6
f 7 8 9
f 10 11 12
f 13 14 15
f 16 17 18
f 16 18 19
f 20 21 22
f 20 22 23
f 24 25 26
f 24 26 27
f 28 29 30
f 28 30 31
f 32 33 34
f 32 34 35
f 36 37 38
f 36 38 39
f 40 41 42
f 40 42 43
f 44 45 46
f 44 46 47
f 48 49 50
f 48 50 51
f 52 53 54
f 55 56 57
f 58 59 60
f 58 60 61
f 62 63 64
f 62 64 65
f 66 67 68
f 66 68 69
f 70 71 72
f 73 74 75
f 76 77 78
f 76 78 79
f 80 81 82
f 80 82 83
f 84 85 86
f 84 86 87
f 88 89 90
f 88 90 91
f 92 93 94
f 92 94 95
f 96 97 98
f 96 98 99
f 100 101 102
f 103 104 105
f 106 107 108
f 106 108 109
f 110 111 112
f 113 114 115
f 116 117 118
f 119 120 121
f 122 123 124
f 125 126 127
f 128 129 130
f 131 132 133
f 134 135 136
f 137 138 139
f 140 141 142
f 143 144 145
f 146 147 148
f 149 150 151
f 152 153 154
f 155 156 157
f 158 159 160
f 161 162 163
f 164 165 166
f 167 168 169
f 170 171 172
f 173 174 175
f 176 177 178
f 179 180 181
f 182 183 184
f 185 186 187
f 188 189 190
f 191 192 193
f 194 195 196
f 197 198 199
f 200 201 202
f 203 204 205
f 206 207 208
f 209 210 211
f 212 213 214
f 215 216 217
f 218 219 220
f 221 222 223
f 224 225 226
f 226 225 227
f 228 229 230
f 231 232 233
f 234 235 236
f 237 238 239
f 240 241 242
f 243 244 245
f 246 247 248
f 249 250 251
f 252 253 254
f 255 256 257
f 258 259 260
f 261 262 263
f 264 265 266
f 267 268 269
f 270 271 272
f 273 274 275
f 276 277 278
f 279 280 281
f 282 283 284
f 285 286 287
f 288 289 290
f 291 292 293
f 294 295 296
f 297 298 299
f 300 301 302
f 303 304 305
f 306 307 308
f 309 310 311
f 312 313 314
f 315 316 317
f 318 319 320
f 321 322 323
f 324 325 326
f 327 328 329
f 330 331 332
f 333 334 335
f 336 337 338
f 339 340 341
f 342 343 344
f 345 346 347
f 348 349 350
f 351 352 353
f 354 355 353
f 353 355 348
f 353 348 351
f 351 348 350
f 356 357 358
f 359 360 361
f 362 363 364
f 365 366 367
f 368 369 370
f 371 372 373
f 374 375 376
f 377 378 379
f 380 381 382
f 383 384 385
f 386 387 388
f 389 390 391
f 392 393 394
f 395 396 397
f 398 399 400
f 401 402 403
f 404 405 406
f 407 408 409
f 410 411 412
f 413 414 415
f 416 417 418
f 419 420 421
f 422 423 424
f 425 426 427
f 428 429 430
f 430 429 431
f 432 433 434
f 434 433 435
f 436 437 438
f 439 440 441
f 442 443 444
f 445 446 447
f 448 449 450
f 451 452 453
f 454 455 456
f 457 458 459
f 460 461 462
f 463 464 465
f 466 467 468
f 469 470 471
f 472 473 474
f 475 476 477
f 478 479 480
f 481 482 483
f 484 485 486
f 487 488 489
f 490 491 492
f 493 494 495
f 496 497 498
f 499 500 501
f 502 503 504
f 505 506 507
f 508 509 510
f 511 512 513
f 511 513 514
f 515 516 517
f 518 519 520
f 521 522 523
f 524 525 526
f 527 528 529
f 530 531 532
f 533 534 535
f 536 537 538
f 539 540 541
f 542 543 544
f 545 546 547
f 548 549 550
f 551 552 553
f 554 555 556
f 557 558 559
f 560 561 562
f 562 561 563
f 564 565 566
f 566 565 567
f 568 569 570
f 571 572 573
f 574 575 576
f 577 578 579
f 580 581 582
f 583 584 585
f 586 587 588
f 586 588 589
f 590 591 592
f 593 594 595
f 596 597 598
f 599 600 601
f 602 603 604
f 605 606 607
f 608 609 610
f 611 612 613
f 614 615 616
f 617 618 619
f 620 621 622
f 623 624 625
f 626 627 628
f 625 629 630
f 631 632 633
f 634 635 636
f 636 635 637
f 638 639 640
f 641 642 643
f 644 645 646
f 647 648 649
f 650 651 652
f 653 654 655
f 656 657 658
f 659 660 661
f 659 661 662
f 663 664 665
f 666 667 668
f 668 667 669
f 670 671 672
f 672 671 673
f 674 675 676
f 676 675 677
f 678 679 680
f 681 682 683
f 684 685 686
f 687 688 689
f 690 691 692
f 693 694 695
f 696 697 698
f 699 700 701
f 702 703 704
f 705 706 707
f 708 709 710
f 711 712 713
f 714 715 716
f 717 718 719
f 720 721 722
f 720 722 723
f 724 725 726
f 727 728 729
f 730 731 732
f 733 734 735
f 736 737 738
f 739 740 741
f 742 743 744
f 745 746 747
f 748 749 750
f 751 752 753
f 754 755 756
f 757 758 759
f 760 761 762
f 763 764 765
f 766 767 768
f 769 770 771
f 772 773 774
f 775 776 777
f 778 779 780
f 781 782 783
f 784 785 786
f 787 788 789
f 790 791 792
f 793 794 795
f 796 797 798
f 799 800 801
f 802 803 804
f 805 806 807
f 808 809 810
f 811 812 813
f 814 815 816
f 817 818 819
f 820 821 822
f 823 824 825
f 826 827 828
f 829 830 831
f 832 833 834
f 835 836 837
f 838 839 840
f 841 842 843
f 844 845 846
f 847 848 849
f 850 851 852
f 853 854 855
f 856 857 858
f 859 860 861
f 862 863 864
f 865 866 867
f 868 869 870
f 871 872 873
f 874 875 876
f 877 878 879
f 880 881 882
f 883 884 885
f 886 887 888
f 889 890 891
f 892 893 894
f 895 896 897
f 898 899 900
f 901 902 903
f 904 905 906
f 907 908 909
f 910 911 912
f 913 914 915
f 916 917 918
f 919 920 921
f 922 923 924
f 925 926 927
f 928 929 930
f 931 932 933
f 934 935 936
f 937 938 939
f 940 941 942
f 943 944 945
f 946 947 948
f 949 950 951
f 952 953 954
f 955 956 957
f 958 959 960
f 961 962 963
f 964 965 966
f 967 968 969
f 970 971 972
f 973 974 975
f 976 977 978
f 979 980 981
f 982 983 984
f 985 986 987
f 988 989 990
f 991 992 993
f 994 995 996
f 997 998 999
f 1000 1001 1002
f 1003 1004 1005
f 1006 1007 1008
f 1009 1010 1011
f 1012 1013 1014
f 1015 1016 1017
f 1018 1019 1020
f 1021 1022 1023
f 1024 1025 1026
f 1027 1028 1029
f 1030 1031 1032
f 1033 1034 1035
f 1036 1037 1038
f 1039 1040 1041
f 1042 1043 1044
f 1045 1046 1047
f 1048 1049 1050
f 1051 1052 1053
f 1054 1055 1056
f 1057 1058 1059
f 1060 1061 1062
f 1063 1064 1065
f 1066 1067 1068
f 1069 1070 1071
f 1072 1073 1074
f 1075 1076 1077
f 1078 1079 1080
f 1081 1082 1083
f 1084 1085 1086
f 1087 1088 1089
f 1090 1091 1092
f 1093 1094 1095
f 1096 1097 1098
f 1098 1097 1099
f 1100 1101 1102
f 1103 1104 1105
f 1106 1107 1108
f 1109 1110 1111
f 1112 1113 1114
f 1115 1116 1117
f 1118 1119 1120
f 1121 1122 1123
f 1124 1125 1126
f 1127 1128 1129
f 1130 1131 1132
f 1133 1134 1135
f 1136 1137 1138
f 1139 1140 1141
f 1142 1143 1144
f 1145 1146 1147
f 1148 1149 1150
f 1151 1152 1153
f 1154 1155 1156
f 1157 1158 1159
f 1160 1161 1162
f 1163 1164 1165
f 1166 1167 1168
f 1169 1170 1171
f 1172 1173 1174
f 1175 1176 1177
f 1178 1179 1180
f 1181 1182 1183
f 1184 1185 1186
f 1187 1188 1189
f 1190 1191 1192
f 1193 1194 1195
f 1196 1197 1198
f 1199 1200 1201
f 1202 1203 1204
f 1205 1206 1207
f 1208 1209 1210
f 1211 1212 1213
f 1214 1215 1216
f 1216 1215 1217
f 1218 1219 1220
f 1221 1222 1223
f 1224 1225 1226
f 1227 1228 1229
f 1230 1231 1232
f 1233 1234 1235
f 1236 1237 1238
f 1239 1240 1241
f 1242 1243 1244
f 1245 1246 1247
f 1248 1249 1250
f 1251 1252 1253
f 1254 1255 1256
f 1257 1258 1259
f 1260 1261 1262
f 1263 1264 1265
f 1266 1267 1268
f 1269 1270 1271
f 1272 1273 1274
f 1275 1276 1277
f 1278 1279 1280
f 1281 1282 1283
f 1284 1285 1286
f 1287 1288 1289
f 1290 1291 1292
f 1293 1294 1295
f 1296 1297 1298
f 1299 1300 1301
f 1302 1303 1304
f 1305 1306 1307
f 1308 1309 1310
f 1311 1312 1313
f 1314 1315 1316
f 1317 1318 1319
f 1320 1321 1322
f 1323 1324 1325
f 1326 1327 1328
f 1329 1330 1331
f 1332 1333 1334
f 1335 1336 1337
f 1338 1339 1340
f 1338 1340 1341
f 1342 1343 1344
f 1345 1346 1347
f 1348 1349 1350
f 1351 1352 1353
f 1354 1355 1356
f 1357 1358 1359
f 1360 1361 1362
f 1363 1364 1365
f 1366 1367 1368
f 1366 1368 1369
f 1370 1371 1372
f 1370 1372 1373
f 1374 1375 1376
f 1377 1378 1379
f 1380 1381 1382
f 1383 1384 1385
f 1386 1387 1388
f 1386 1388 1389
f 1390 1391 1392
f 1393 1394 1395
f 1396 1397 1398
f 1396 1398 1399
f 1400 1401 1402
f 1403 1404 1405
f 1406 1407 1408
f 1406 1408 1409
f 1410 1411 1412
f 1410 1412 1413
f 1414 1415 1416
f 1417 1418 1419
f 1420 1421 1422
f 1423 1424 1425
f 1426 1427 1428
f 1426 1428 1429
f 1430 1431 1432
f 1430 1432 1433
f 1434 1435 1436
f 1437 1438 1439
f 1440 1441 1442
f 1443 1444 1445
f 1446 1447 1448
f 1446 1448 1449
f 1450 1451 1452
f 1453 1454 1455
f 1456 1457 1458
f 1459 1460 1461
f 1462 1463 1464
f 1465 1466 1467
f 1468 1469 1470
f 1471 1472 1473
f 1474 1475 1476
f 1477 1478 1479
f 1480 1481 1482
f 1483 1484 1485
f 1486 1487 1488
f 1489 1490 1491
f 1492 1493 1494
f 1495 1496 1497
f 1498 1499 1500
f 1501 1502 1503
f 1504 1505 1506
f 1507 1508 1509
f 1510 1511 1512
f 1513 1514 1515
f 1516 1517 1518
f 1519 1520 1521
f 1522 1523 1524
f 1525 1526 1527
f 1528 1529 1530
f 1531 1532 1533
f 1534 1535 1536
f 1537 1538 1539
f 1540 1541 1542
f 1543 1544 1545
f 1546 1547 1548
f 1549 1550 1551
f 1552 1553 1554
f 1555 1556 1557
f 1558 1559 1560
f 1561 1562 1563
f 1564 1565 1566
f 1567 1568 1569
f 1570 1571 1572
f 1573 1574 1575
f 1576 1577 1578
f 1579 1580 1581
f 1582 1583 1584
f 1585 1586 1587
f 1588 1589 1590
f 1591 1592 1593
f 1594 1595 1596
f 1597 1598 1599
f 1600 1601 1602
f 1603 1604 1605
f 1605 1604 1606
f 1605 1606 1607
f 1607 1606 1608
f 1607 1608 1609
f 1610 1611 1612
f 1612 1611 1613
f 1612 1613 1614
f 1614 1613 1615
f 1614 1615 1616
f 1616 1615 1617
f 1616 1617 1603
f 1603 1617 1618
f 1603 1618 1604
f 1608 1619 1609
f 1609 1619 1620
f 1609 1620 1621
f 1621 1620 1622
f 1621 1622 1623
f 1623 1622 1624
f 1623 1624 1625
f 1625 1624 1626
f 1625 1626 1627
f 1628 1629 1630
f 1630 1629 1631
f 1630 1631 1632
f 1632 1631 1633
f 1632 1633 1634
f 1634 1633 1635
f 1634 1635 1610
f 1610 1635 1636
f 1610 1636 1611
f 1626 1637 1638
f 1638 1637 1639
f 1638 1639 1640
f 1640 1639 1641
f 1640 1641 1642
f 1642 1641 1643
f 1642 1643 1644
f 1644 1643 1645
f 1644 1645 1646
f 1646 1645 1647
f 1646 1647 1628
f 1628 1647 1648
f 1628 1648 1629
f 1649 1650 1651
f 1651 1650 1652
f 1651 1652 1653
f 1653 1652 1654
f 1653 1654 1655
f 1656 1657 1649
f 1649 1657 1658
f 1649 1658 1650
f 1659 1660 1661
f 1661 1660 1662
f 1661 1662 1663
f 1663 1662 1664
f 1663 1664 1665
f 1665 1664 1666
f 1665 1666 1656
f 1656 1666 1667
f 1656 1667 1657
f 1668 1669 1670
f 1670 1669 1671
f 1670 1671 1672
f 1673 1671 1674
f 1673 1674 1659
f 1659 1674 1675
f 1659 1675 1660
f 1676 1677 1678
f 1678 1677 1679
f 1678 1679 1680
f 1680 1679 1681
f 1680 1681 1682
f 1682 1681 1683
f 1682 1683 1668
f 1668 1683 1684
f 1668 1684 1669
f 1654 1685 1655
f 1655 1685 1686
f 1655 1686 1687
f 1687 1686 1688
f 1687 1688 1689
f 1689 1688 1690
f 1689 1690 1691
f 1691 1690 1692
f 1691 1692 1693
f 1693 1692 1694
f 1693 1694 1676
f 1676 1694 1695
f 1676 1695 1677
f 1696 1697 1698
f 1699 1700 1701
f 1702 1703 1704
f 1705 1706 1707
f 1708 1709 1710
f 1708 1710 1711
f 1712 1713 1714
f 1715 1716 1717
f 1718 1719 1720
f 1721 1722 1723
f 1724 1725 1726
f 1727 1728 1729
f 1730 1731 1732
f 1733 1734 1735
f 1736 1737 1738
f 1739 1740 1741
f 1742 1743 1744
f 1745 1746 1747
f 1748 1749 1750
f 1751 1752 1753
f 1754 1755 1756
f 1757 1758 1759
f 1760 1761 1762
f 1763 1764 1765
f 1766 1767 1768
f 1769 1770 1771
f 1772 1773 1774
f 1774 1773 1775
f 1776 1777 1778
f 1779 1780 1781
f 1779 1781 1782
f 1783 1784 1785
f 1786 1787 1788
f 1785 1789 1790
f 1791 1792 1793
f 1794 1795 1796
f 1794 1796 1797
f 1798 1799 1800
f 1798 1800 1801
f 1802 1803 1804
f 1802 1804 1805
f 1806 1807 1808
f 1809 1810 1811
f 1812 1813 1814
f 1812 1814 1815
f 1816 1817 1818
f 1816 1818 1819
f 1820 1821 1822
f 1820 1822 1823
f 1824 1825 1826
f 1824 1826 1827
f 1828 1829 1830
f 1828 1830 1831
f 1832 1833 1834
f 1832 1834 1835
f 1836 1837 1838
f 1836 1838 1839
f 1840 1841 1842
f 1840 1842 1843
f 1844 1845 1846
f 1844 1846 1847
f 1848 1849 1850
f 1848 1850 1851
f 1852 1853 1854
f 1852 1854 1855
f 1856 1857 1858
f 1856 1858 1859
f 1860 1861 1862
f 1860 1862 1863
f 1864 1865 1866
f 1864 1866 1867
f 1868 1869 1870
f 1868 1870 1871
f 1872 1873 1874
f 1872 1874 1875
f 1876 1877 1878
f 1879 1880 1881
f 1882 1883 1884
f 1885 1886 1887
f 1888 1889 1890
f 1891 1892 1893
f 1894 1895 1896
f 1897 1898 1899
f 1900 1901 1902
f 1903 1904 1905
f 1906 1907 1908
f 1906 1908 1909
f 1910 1911 1912
f 1910 1912 1913
f 1914 1915 1916
f 1917 1918 1919
f 1920 1921 1922
f 1923 1924 1925
f 1926 1927 1928
f 1926 1928 1929
f 1930 1931 1932
f 1930 1932 1933
f 1934 1935 1936
f 1934 1936 1937
f 1938 1939 1940
f 1941 1942 1943
f 1944 1945 1946
f 1947 1948 1949
f 1950 1951 1952
f 1953 1954 1955
f 1956 1957 1958
f 1959 1960 1961
f 1962 1963 1964
f 1965 1966 1967
f 1968 1969 1970
f 1971 1972 1973
f 1971 1973 1974
f 1975 1976 1977
f 1975 1977 1978
f 1979 1980 1981
f 1982 1983 1984
f 1985 1986 1987
f 1985 1987 1988
f 1989 1990 1991
f 1989 1991 1992
f 1993 1994 1995
f 1993 1995 1996
f 1997 1998 1999
f 2000 2001 2002
f 2003 2004 2005
f 2006 2007 2008
f 2009 2010 2011
f 2012 2013 2014
f 2015 2016 2017
f 2014 2017 2018
f 2018 2017 2019
f 2018 2019 2020
f 2021 2022 2023
f 2021 2023 2024
f 2025 2026 2027
f 2025 2027 2028
f 2029 2030 2031
f 2032 2033 2034
f 2034 2033 2035
f 2034 2035 2036
f 2036 2035 2037
f 2036 2037 2038
f 2038 2037 2039
f 2038 2039 2040
f 2040 2039 2041
f 2040 2041 2042
f 2043 2044 2045
f 2043 2045 2046
f 2046 2045 2047
f 2046 2047 2048
f 2048 2047 2049
f 2048 2049 2050
f 2051 2052 2053
f 2051 2053 2054
f 2055 2053 2056
f 2057 2058 2059
f 2060 2061 2062
f 2063 2064 2065
f 2066 2067 2068
f 2066 2068 2069
f 2070 2071 2072
f 2070 2072 2073
f 2074 2075 2076
f 2077 2078 2079
f 2079 2076 2080
f 2081 2080 2082
f 2082 2080 2083
f 2084 2085 2086
f 2087 2083 2012
f 2088 2089 2090
f 2091 2092 2093
f 2094 2093 2095
f 2095 2093 2096
f 2094 2097 2093
f 2093 2097 2098
f 2093 2098 2091
f 2091 2098 2099
f 2091 2099 2100
f 2101 2102 2099
f 2099 2102 2103
f 2103 2104 2099
f 2099 2104 2105
f 2099 2105 2100
f 2106 2107 2108
f 2108 2107 2109
f 2108 2109 2110
f 2110 2109 2111
f 2110 2111 2093
f 2093 2111 2112
f 2093 2112 2096
f 2113 2114 2115
f 2115 2114 2097
f 2116 2117 2118
f 2119 2097 2120
f 2121 2122 2123
f 2123 2122 2124
f 2123 2124 2106
f 2106 2124 2107
f 2107 2125 2126
f 2107 2127 2128
f 2129 2130 2131
f 2132 2133 2134
f 2134 2133 2135
f 2134 2135 2136
f 2137 2138 2139
f 2132 2140 2133
f 2133 2140 2141
f 2133 2141 2142
f 2141 2143 2144
f 2144 2143 2145
f 2144 2145 2131
f 2131 2145 2146
f 2131 2146 2129
f 2147 2148 2149
f 2150 2151 2152
f 2152 2151 2153
f 2154 2153 2155
f 2156 2153 2157
f 2152 2158 2150
f 2150 2158 2159
f 2150 2159 2149
f 2149 2159 2160
f 2149 2160 2147
f 2161 2162 2163
f 2164 2165 2166
f 2164 2166 2157
f 2167 2168 2169
f 2170 2171 2172
f 2173 2174 2175
f 2175 2174 2176
f 2177 2178 2179
f 2180 2181 2182
f 2182 2183 2180
f 2180 2183 2184
f 2180 2184 2185
f 2186 2187 2179
f 2179 2187 2188
f 2179 2188 2189
f 2190 2187 2180
f 2180 2187 2186
f 2180 2186 2181
f 2181 2186 2191
f 2181 2191 2192
f 2184 2193 2185
f 2185 2193 2194
f 2185 2194 2195
f 2195 2194 2196
f 2189 2197 2179
f 2179 2197 2198
f 2179 2198 2177
f 2199 2200 2191
f 2191 2200 2201
f 2191 2201 2192
f 2202 2203 2204
f 2204 2203 2205
f 2204 2205 2206
f 2206 2205 2195
f 2206 2195 2207
f 2207 2195 2196
f 2208 2209 2210
f 2211 2212 2213
f 2214 2215 2216
f 2217 2218 2219
f 2220 2221 2222
f 2223 2224 2225
f 2226 2227 2228
f 2229 2230 2231
f 2232 2233 2234
f 2235 2236 2237
f 2238 2239 2240
f 2241 2242 2243
f 2244 2245 2246
f 2247 2248 2249
f 2250 2251 2252
f 2253 2254 2255
f 2256 2257 2258
f 2259 2260 2261
f 2262 2263 2264
f 2265 2266 2267
f 2268 2269 2270
f 2271 2272 2273
f 2274 2275 2276
f 2277 2278 2279
f 2280 2281 2282
f 2283 2284 2285
f 2286 2287 2288
f 2289 2290 2291
f 2292 2293 2294
f 2295 2296 2297
f 2298 2299 2300
f 2301 2302 2303
f 2304 2305 2306
f 2307 2308 2309
f 2310 2311 2312
f 2313 2314 2315
f 2316 2317 2318
f 2319 2320 2321
f 2322 2323 2324
f 2325 2326 2327
f 2328 2329 2330
f 2331 2332 2333
f 2334 2335 2336
f 2337 2338 2339
f 2340 2341 2342
f 2342 2341 2343
f 2342 2343 2344
f 2344 2343 2345
f 2344 2345 2346
f 2347 2348 2349
f 2349 2348 2350
f 2349 2350 2351
f 2352 2353 2354
f 2354 2353 2355
f 2354 2355 2356
f 2342 2357 2340
f 2340 2357 2358
f 2340 2358 2359
f 2359 2358 2360
f 2359 2360 2361
f 2361 2360 2354
f 2362 2363 2364
f 2365 2366 2367
f 2368 2369 2370
f 2352 2371 2372
f 2373 2374 2375
f 2376 2377 2378
f 2379 2380 2381
f 2381 2380 2382
f 2381 2382 2383
f 2371 2384 2372
f 2372 2384 2385
f 2372 2385 2386
f 2386 2385 2387
f 2375 2374 2388
f 2378 2377 2389
f 2389 2377 2390
f 2389 2390 2391
f 2392 2393 2394
f 2394 2393 2395
f 2394 2395 2387
f 2387 2395 2396
f 2387 2396 2386
f 2374 2397 2388
f 2388 2397 2398
f 2388 2398 2399
f 2399 2398 2400
f 2399 2400 2392
f 2392 2400 2401
f 2392 2401 2393
f 2378 2402 2376
f 2376 2402 2403
f 2376 2403 2404
f 2404 2403 2383
f 2404 2383 2405
f 2405 2383 2382
f 2345 2406 2346
f 2346 2406 2407
f 2346 2407 2379
f 2379 2407 2408
f 2379 2408 2380
f 2390 2409 2391
f 2391 2409 2410
f 2391 2410 2411
f 2411 2410 2412
f 2411 2412 2413
f 2413 2412 2349
f 2413 2349 2375
f 2375 2349 2351
f 2375 2351 2373
f 2414 2415 2416
f 2416 2415 2417
f 2416 2417 2418
f 2419 2420 2421
f 2421 2420 2422
f 2421 2422 2423
f 2424 2425 2426
f 2417 2427 2418
f 2418 2427 2424
f 2418 2424 2428
f 2429 2424 2426
f 2430 2431 2432
f 2432 2431 2433
f 2432 2433 2434
f 2434 2433 2435
f 2434 2435 2436
f 2436 2435 2437
f 2438 2439 2440
f 2440 2439 2441
f 2440 2441 2442
f 2442 2441 2443
f 2442 2443 2444
f 2444 2443 2445
f 2444 2445 2437
f 2437 2445 2446
f 2437 2446 2436
f 2428 2447 2418
f 2418 2447 2448
f 2418 2448 2449
f 2449 2448 2450
f 2449 2450 2451
f 2451 2450 2452
f 2453 2454 2455
f 2456 2457 2458
f 2458 2457 2459
f 2458 2459 2452
f 2452 2459 2460
f 2452 2460 2451
f 2455 2454 2461
f 2461 2454 2462
f 2461 2462 2463
f 2463 2462 2464
f 2463 2464 2465
f 2464 2466 2465
f 2465 2466 2467
f 2465 2467 2468
f 2468 2467 2469
f 2430 2470 2431
f 2431 2470 2471
f 2431 2471 2472
f 2472 2471 2419
f 2472 2419 2473
f 2473 2419 2421
f 2473 2421 2474
f 2455 2475 2453
f 2453 2475 2476
f 2453 2476 2456
f 2456 2476 2477
f 2456 2477 2457
f 2421 2478 2474
f 2474 2478 2479
f 2474 2479 2469
f 2469 2479 2480
f 2469 2480 2468
f 2481 2482 2483
f 2484 2485 2486
f 2487 2488 2489
f 2490 2491 2492
f 2493 2494 2495
f 2496 2497 2498
f 2499 2500 2501
f 2502 2503 2504
f 2505 2506 2507
f 2508 2509 2510
f 2511 2512 2513
f 2514 2515 2516
f 2517 2518 2519
f 2520 2521 2522
f 2523 2524 2525
f 2526 2527 2528
f 2529 2530 2531
f 2532 2533 2534
f 2535 2536 2537
f 2538 2539 2540
f 2541 2542 2543
f 2544 2545 2546
f 2547 2548 2549
f 2550 2551 2552
f 2553 2554 2555
f 2556 2557 2558
f 2559 2560 2561
f 2562 2563 2564
f 2565 2566 2567
f 2568 2569 2570
f 2571 2572 2573
f 2574 2575 2576
f 2577 2578 2579
f 2580 2581 2582
f 2583 2584 2585
f 2586 2587 2588
f 2589 2590 2591
f 2592 2593 2594
f 2595 2596 2597
f 2598 2599 2600
f 2601 2602 2603
f 2604 2605 2606
f 2607 2608 2609
f 2610 2611 2612
f 2613 2614 2615
f 2616 2617 2618
f 2619 2620 2621
f 2622 2623 2624
f 2625 2626 2627
f 2628 2629 2630
f 2631 2632 2633
f 2634 2635 2636
f 2637 2638 2639
f 2640 2641 2642
f 2643 2644 2645
f 2646 2647 2648
f 2649 2650 2651
f 2652 2653 2654
f 2655 2656 2657
f 2658 2659 2660
f 2661 2662 2663
f 2664 2665 2666
f 2667 2668 2669
f 2670 2671 2672
f 2673 2674 2675
f 2675 2674 2676
f 2677 2678 2679
f 2679 2678 2680
f 2681 2682 2683
f 2683 2682 2684
f 2685 2686 2687
f 2688 2689 2690
f 2691 2692 2693
f 2694 2695 2696
f 2697 2698 2699
f 2699 2698 2700
f 2701 2702 2703
f 2703 2702 2704
f 2705 2706 2707
f 2707 2706 2708
f 2709 2710 2711
f 2711 2710 2712
f 2713 2714 2715
f 2715 2714 2716
f 2717 2718 2719
f 2720 2721 2722
f 2723 2724 2725
f 2725 2724 2726
f 2727 2728 2729
f 2729 2728 2730
f 2731 2732 2733
f 2733 2732 2734
f 2735 2736 2737
f 2738 2739 2740
f 2741 2742 2743
f 2743 2742 2744
f 2745 2746 2747
f 2747 2746 2748
f 2749 2750 2751
f 2751 2750 2752
f 2753 2754 2755
f 2755 2754 2756
f 2757 2758 2759
f 2760 2761 2762
f 2763 2764 2765
f 2765 2764 2766
f 2767 2768 2769
f 2769 2768 2770
f 2771 2772 2773
f 2774 2775 2776
f 2777 2778 2779
f 2780 2781 2782
f 2783 2784 2785
f 2785 2784 2786
f 2787 2788 2789
f 2789 2788 2790
f 2791 2792 2793
f 2793 2792 2794
f 2795 2796 2797
f 2798 2799 2800
f 2801 2802 2803
f 2803 2802 2804
f 2805 2806 2807
f 2807 2806 2808
f 2809 2810 2811
f 2811 2810 2812
f 2813 2814 2815
f 2816 2817 2818
f 2819 2820 2821
f 2821 2820 2822
f 2823 2824 2825
f 2826 2827 2828
f 2829 2830 2831
f 2832 2833 2834
f 2835 2836 2837
f 2838 2839 2840
f 2841 2842 2843
f 2844 2845 2846
f 2847 2848 2849
f 2850 2851 2852
f 2853 2854 2855
f 2856 2857 2858
f 2859 2860 2861
f 2862 2863 2864
f 2865 2866 2867
f 2868 2869 2870
f 2871 2872 2873
f 2874 2875 2876
f 2877 2878 2879
f 2880 2881 2882
f 2883 2884 2885
f 2886 2887 2888
f 2889 2890 2891
f 2892 2893 2894
f 2895 2896 2897
f 2898 2899 2900
f 2901 2902 2903
f 2904 2905 2906
f 2907 2908 2909
f 2910 2911 2912
f 2913 2914 2915
f 2916 2917 2918
f 2919 2920 2921
f 2922 2923 2924
f 2925 2926 2927
f 2928 2929 2930
f 2931 2932 2933
f 2934 2935 2936
f 2937 2938 2939
f 2940 2941 2942
f 2943 2944 2945
f 2946 2947 2948
f 2949 2950 2951
f 2952 2953 2954
f 2955 2956 2957
f 2958 2959 2960
f 2961 2962 2963
f 2964 2965 2966
f 2967 2968 2969
f 2970 2971 2972
f 2973 2974 2975
f 2976 2977 2978
f 2979 2980 2981
f 2981 2980 2982
f 2983 2984 2985
f 2985 2984 2986
f 2987 2988 2989
f 2990 2991 2992
f 2988 2993 2989
f 2989 2993 2994
f 2995 2994 2996
f 2996 2994 2997
f 2996 2997 2998
f 2998 2997 2999
f 2998 2999 3000
f 3001 3002 3003
f 3003 3002 3004
f 3003 3004 2983
f 2983 3004 3005
f 2983 3005 2984
f 2992 3006 2990
f 2990 3006 3007
f 3008 3009 3010
f 3011 3012 3000
f 3000 3012 3013
f 3000 3013 3014
f 3014 3013 3015
f 3014 3015 2991
f 2991 3015 3016
f 2991 3016 2992
f 3017 3018 3001
f 3001 3018 3019
f 3001 3019 3002
f 3009 3020 3010
f 3010 3020 3021
f 3022 3023 3024
f 3025 3021 3026
f 3025 3026 3017
f 3017 3026 3027
f 3017 3027 3018
f 3028 3029 3030
f 3031 3032 3033
f 3034 3035 3036
f 3037 3038 3039
f 3040 3041 3042
f 3043 3044 3045
f 3046 3047 3048
f 3049 3050 3051
f 3052 3053 3054
f 3055 3056 3057
f 3058 3059 3060
f 3061 3062 3063
f 3064 3065 3066
f 3067 3068 3069
f 3070 3071 3072
f 3073 3074 3075
f 3076 3077 3078
f 3079 3080 3081
f 3082 3083 3084
f 3084 3083 3085
f 3086 3087 3088
f 3088 3087 3089
f 3090 3091 3092
f 3092 3091 3093
f 3094 3095 3096
f 3096 3095 3097
f 3098 3099 3100
f 3100 3099 3101
f 3102 3103 3104
f 3104 3103 3105
f 3106 3107 3108
f 3109 3110 3111
f 3112 3113 3114
f 3114 3113 3115
f 3116 3117 3118
f 3118 3117 3119
f 3120 3121 3122
f 3122 3121 3123
f 3124 3125 3126
f 3126 3125 3127
f 3128 3129 3130
f 3130 3129 3131
f 2361 2354 3132
f 3132 2354 2356
f 3132 2356 3133
f 3134 3135 3136
f 3136 3135 3137
f 3138 3139 3140
f 3140 3139 3141
f 3142 3143 3144
f 3145 3146 3147
f 3148 3149 3150
f 3151 3152 3153
f 3154 3155 3156
f 3156 3155 3157
f 3158 3159 3160
f 3160 3159 3161
f 3162 3163 3164
f 3164 3165 3162
f 3162 3165 3166
f 3162 3166 3167
f 3168 3169 3170
f 3168 3170 3171
f 3172 3173 3174
f 3172 3174 3175
f 3176 3177 3178
f 3176 3178 3179
f 3180 3181 3182
f 3180 3182 3183
f 3184 3185 3186
f 3184 3186 3187
f 3188 3189 3190
f 3188 3190 3191
f 3192 3193 3194
f 3192 3194 3195
f 3196 3197 3198
f 3196 3198 3199
f 3200 3201 3202
f 3202 3201 3203
f 3204 3205 3206
f 3207 3208 3209
f 3210 3211 3212
f 3213 3214 3215
f 3216 3217 3218
f 3219 3220 3221
f 3222 3223 3224
f 3222 3224 3225
f 3226 3227 3228
f 3229 3230 3231
f 3232 3233 3234
f 3232 3234 3235
f 3236 3237 3238
f 3239 3240 3241
f 3242 3243 3244
f 3245 3246 3247
f 3248 3249 3250
f 3248 3250 3251
f 3252 3253 3254
f 3252 3254 3255
f 3256 3257 3258
f 3256 3258 3259
f 3260 3261 3262
f 3260 3262 3263
f 3264 3265 3266
f 3264 3266 3267
f 3268 3269 3270
f 3268 3270 3271
f 3272 3273 3274
f 3272 3274 3275
f 3276 3277 3278
f 3276 3278 3279
