mtllib right_elbow_link_visuals.mtl
v 0.03882264718413353 -0.021665602922439575 0.005279094912111759
v 0.03690362349152565 -0.021862497553229332 -0.009578324854373932
v 0.03315884619951248 -0.02240532636642456 -0.009025978855788708
v 0.046523068100214005 -0.015362155623733997 -0.04042419418692589
v 0.04664074629545212 -0.01501452922821045 -0.03119269385933876
v 0.04659203067421913 -0.015179966576397419 -0.040448740124702454
v 0.04659203067421913 -0.015179966576397419 -0.040448740124702454
v 0.04664074629545212 -0.01501452922821045 -0.03119269385933876
v 0.047010961920022964 -0.01353269163519144 -0.032038506120443344
v 0.04659203067421913 -0.015179966576397419 -0.040448740124702454
v 0.047010961920022964 -0.01353269163519144 -0.032038506120443344
v 0.047016680240631104 -0.01352701149880886 -0.040681201964616776
v 0.047016680240631104 -0.01352701149880886 -0.040681201964616776
v 0.047010961920022964 -0.01353269163519144 -0.032038506120443344
v 0.04714665561914444 -0.011759900487959385 -0.03288445994257927
v 0.047016680240631104 -0.01352701149880886 -0.040681201964616776
v 0.04714665561914444 -0.011759900487959385 -0.03288445994257927
v 0.04715196043252945 -0.011759666725993156 -0.04093855246901512
v 0.045569270849227905 -0.017108459025621414 -0.040191199630498886
v 0.045942384749650955 -0.01651713065803051 -0.030188925564289093
v 0.04593657702207565 -0.01655380055308342 -0.04026560112833977
v 0.04593657702207565 -0.01655380055308342 -0.04026560112833977
v 0.045942384749650955 -0.01651713065803051 -0.030188925564289093
v 0.04664074629545212 -0.01501452922821045 -0.03119269385933876
v 0.04593657702207565 -0.01655380055308342 -0.04026560112833977
v 0.04664074629545212 -0.01501452922821045 -0.03119269385933876
v 0.04625508561730385 -0.015970151871442795 -0.04034312441945076
v 0.04625508561730385 -0.015970151871442795 -0.04034312441945076
v 0.04664074629545212 -0.01501452922821045 -0.03119269385933876
v 0.046523068100214005 -0.015362155623733997 -0.04042419418692589
v 0.04446116462349892 -0.018346937373280525 -0.04001916944980621
v 0.04491182789206505 -0.017882350832223892 -0.02913014590740204
v 0.04493425413966179 -0.017878161743283272 -0.040085453540086746
v 0.04493425413966179 -0.017878161743283272 -0.040085453540086746
v 0.04491182789206505 -0.017882350832223892 -0.02913014590740204
v 0.045942384749650955 -0.01651713065803051 -0.030188925564289093
v 0.04493425413966179 -0.017878161743283272 -0.040085453540086746
v 0.045942384749650955 -0.01651713065803051 -0.030188925564289093
v 0.04515634849667549 -0.01763044483959675 -0.040119875222444534
v 0.04515634849667549 -0.01763044483959675 -0.040119875222444534
v 0.045942384749650955 -0.01651713065803051 -0.030188925564289093
v 0.045569270849227905 -0.017108459025621414 -0.040191199630498886
v 0.04446116462349892 -0.018346937373280525 -0.04001916944980621
v 0.04421176761388779 -0.018567519262433052 -0.03998738154768944
v 0.04491182789206505 -0.017882350832223892 -0.02913014590740204
v 0.04491182789206505 -0.017882350832223892 -0.02913014590740204
v 0.04421176761388779 -0.018567519262433052 -0.03998738154768944
v 0.04368981719017029 -0.01898185908794403 -0.039926331490278244
v 0.04491182789206505 -0.017882350832223892 -0.02913014590740204
v 0.04368981719017029 -0.01898185908794403 -0.039926331490278244
v 0.04357536882162094 -0.019059354439377785 -0.02808593027293682
v 0.04368981719017029 -0.01898185908794403 -0.039926331490278244
v 0.04341881722211838 -0.019175618886947632 -0.03989694267511368
v 0.04357536882162094 -0.019059354439377785 -0.02808593027293682
v 0.04357536882162094 -0.019059354439377785 -0.02808593027293682
v 0.04341881722211838 -0.019175618886947632 -0.03989694267511368
v 0.04285907745361328 -0.01953771710395813 -0.039839617908000946
v 0.04357536882162094 -0.019059354439377785 -0.02808593027293682
v 0.04285907745361328 -0.01953771710395813 -0.039839617908000946
v 0.04236012324690819 -0.019831158220767975 -0.02732417732477188
v 0.039823923259973526 -0.02090742625296116 -0.03956473991274834
v 0.04046501964330673 -0.020705316215753555 -0.026375334709882736
v 0.04107305407524109 -0.020438771694898605 -0.039673756808042526
v 0.04107305407524109 -0.020438771694898605 -0.039673756808042526
v 0.04046501964330673 -0.020705316215753555 -0.026375334709882736
v 0.04236012324690819 -0.019831158220767975 -0.02732417732477188
v 0.04107305407524109 -0.020438771694898605 -0.039673756808042526
v 0.04236012324690819 -0.019831158220767975 -0.02732417732477188
v 0.04168206825852394 -0.020167415961623192 -0.03972829878330231
v 0.04168206825852394 -0.020167415961623192 -0.03972829878330231
v 0.04236012324690819 -0.019831158220767975 -0.02732417732477188
v 0.04285907745361328 -0.01953771710395813 -0.039839617908000946
v 0.03882264718413353 -0.021665602922439575 0.005279094912111759
v 0.04000000283122063 -0.021307991817593575 0.005827444139868021
v 0.03690362349152565 -0.021862497553229332 -0.009578324854373932
v 0.03690362349152565 -0.021862497553229332 -0.009578324854373932
v 0.04000000283122063 -0.021307991817593575 0.005827444139868021
v 0.04000000283122063 -0.021169263869524002 -0.0006002382142469287
v 0.03690362349152565 -0.021862497553229332 -0.009578324854373932
v 0.04000000283122063 -0.021169263869524002 -0.0006002382142469287
v 0.03999999910593033 -0.02101934887468815 -0.009910875000059605
v 0.0428633950650692 -0.02034222148358822 0.019500114023685455
v 0.04418499767780304 -0.019292809069156647 0.01940087415277958
v 0.04356271028518677 -0.019472410902380943 0.007854205556213856
v 0.04600714519619942 -0.016865039244294167 0.019437985494732857
v 0.04484117031097412 -0.01830158196389675 0.0089409863576293
v 0.04507208615541458 -0.01832299865782261 0.019383026286959648
v 0.04507208615541458 -0.01832299865782261 0.019383026286959648
v 0.04484117031097412 -0.01830158196389675 0.0089409863576293
v 0.04356271028518677 -0.019472410902380943 0.007854205556213856
v 0.04507208615541458 -0.01832299865782261 0.019383026286959648
v 0.04356271028518677 -0.019472410902380943 0.007854205556213856
v 0.044754453003406525 -0.01870352029800415 0.019383562728762627
v 0.044754453003406525 -0.01870352029800415 0.019383562728762627
v 0.04356271028518677 -0.019472410902380943 0.007854205556213856
v 0.04418499767780304 -0.019292809069156647 0.01940087415277958
v 0.046687956899404526 -0.01499299705028534 0.011373680084943771
v 0.046032607555389404 -0.016596972942352295 0.010298789478838444
v 0.04600714519619942 -0.016865039244294167 0.019437985494732857
v 0.046032607555389404 -0.016596972942352295 0.010298789478838444
v 0.04589145630598068 -0.016852885484695435 0.010110078379511833
v 0.04600714519619942 -0.016865039244294167 0.019437985494732857
v 0.04600714519619942 -0.016865039244294167 0.019437985494732857
v 0.04589145630598068 -0.016852885484695435 0.010110078379511833
v 0.04584337770938873 -0.016935527324676514 0.010048053227365017
v 0.04600714519619942 -0.016865039244294167 0.019437985494732857
v 0.04584337770938873 -0.016935527324676514 0.010048053227365017
v 0.04484117031097412 -0.01830158196389675 0.0089409863576293
v 0.04600714519619942 -0.016865039244294167 0.019437985494732857
v 0.04653042182326317 -0.015632864087820053 0.019535398110747337
v 0.046687956899404526 -0.01499299705028534 0.011373680084943771
v 0.046687956899404526 -0.01499299705028534 0.011373680084943771
v 0.04653042182326317 -0.015632864087820053 0.019535398110747337
v 0.0469873808324337 -0.013749714940786362 0.019744474440813065
v 0.046687956899404526 -0.01499299705028534 0.011373680084943771
v 0.0469873808324337 -0.013749714940786362 0.019744474440813065
v 0.04705347120761871 -0.013195686042308807 0.012380363419651985
v 0.04705347120761871 -0.013195686042308807 0.012380363419651985
v 0.0469873808324337 -0.013749714940786362 0.019744474440813065
v 0.04713102802634239 -0.011761199682950974 0.020019786432385445
v 0.04705347120761871 -0.013195686042308807 0.012380363419651985
v 0.04713102802634239 -0.011761199682950974 0.020019786432385445
v 0.047133009880781174 -0.011761046946048737 0.013051685877144337
v 0.0428633950650692 -0.02034222148358822 0.019500114023685455
v 0.04356271028518677 -0.019472410902380943 0.007854205556213856
v 0.042811933904886246 -0.02037630043923855 0.01950530707836151
v 0.042811933904886246 -0.02037630043923855 0.01950530707836151
v 0.04356271028518677 -0.019472410902380943 0.007854205556213856
v 0.04181184992194176 -0.020553190261125565 0.00671536847949028
v 0.042811933904886246 -0.02037630043923855 0.01950530707836151
v 0.04181184992194176 -0.020553190261125565 0.00671536847949028
v 0.04140009358525276 -0.02116602286696434 0.019678406417369843
v 0.04140009358525276 -0.02116602286696434 0.019678406417369843
v 0.04181184992194176 -0.020553190261125565 0.00671536847949028
v 0.04000000283122063 -0.021307991817593575 0.005827444139868021
v 0.04140009358525276 -0.02116602286696434 0.019678406417369843
v 0.04000000283122063 -0.021307991817593575 0.005827444139868021
v 0.0406961627304554 -0.021473372355103493 0.019784092903137207
v 0.0406961627304554 -0.021473372355103493 0.019784092903137207
v 0.0406961627304554 -0.021473372355103493 0.019784092903137207
v 0.03882264718413353 -0.021665602922439575 0.005279094912111759
v 0.03955831006169319 -0.02187599241733551 0.01997813768684864
v 0.03955831006169319 -0.02187599241733551 0.01997813768684864
v 0.03882264718413353 -0.021665602922439575 0.005279094912111759
v 0.03315884619951248 -0.02240532636642456 -0.009025978855788708
v 0.03955831006169319 -0.02187599241733551 0.01997813768684864
v 0.03315884619951248 -0.02240532636642456 -0.009025978855788708
v 0.038242191076278687 -0.022223202511668205 0.020234443247318268
v 0.038242191076278687 -0.022223202511668205 0.020234443247318268
v 0.03315884619951248 -0.02240532636642456 -0.009025978855788708
v 0.029225297272205353 -0.022650988772511482 -0.008263492956757545
v 0.038242191076278687 -0.022223202511668205 0.020234443247318268
v 0.029225297272205353 -0.022650988772511482 -0.008263492956757545
v 0.03590257838368416 -0.022592175751924515 0.02076631411910057
v 0.03590257838368416 -0.022592175751924515 0.02076631411910057
v 0.029225297272205353 -0.022650988772511482 -0.008263492956757545
v 0.033456068485975266 -0.022710122168064117 0.021419823169708252
v 0.033456068485975266 -0.022710122168064117 0.021419823169708252
v 0.029225297272205353 -0.022650988772511482 -0.008263492956757545
v 0.01844050921499729 -0.022711345925927162 -0.036303021013736725
v 0.033456068485975266 -0.022710122168064117 0.021419823169708252
v 0.01844050921499729 -0.022711345925927162 -0.036303021013736725
v 0.01699795201420784 -0.02271021157503128 -0.035905398428440094
v 0.03690362349152565 -0.021862497553229332 -0.009578324854373932
v 0.031322214752435684 -0.022416768595576286 -0.038706980645656586
v 0.03315884619951248 -0.02240532636642456 -0.009025978855788708
v 0.03315884619951248 -0.02240532636642456 -0.009025978855788708
v 0.031322214752435684 -0.022416768595576286 -0.038706980645656586
v 0.026030322536826134 -0.022664261981844902 -0.03793124109506607
v 0.03315884619951248 -0.02240532636642456 -0.009025978855788708
v 0.026030322536826134 -0.022664261981844902 -0.03793124109506607
v 0.029225297272205353 -0.022650988772511482 -0.008263492956757545
v 0.029225297272205353 -0.022650988772511482 -0.008263492956757545
v 0.026030322536826134 -0.022664261981844902 -0.03793124109506607
v 0.023399552330374718 -0.02270311303436756 -0.037445489317178726
v 0.029225297272205353 -0.022650988772511482 -0.008263492956757545
v 0.023399552330374718 -0.02270311303436756 -0.037445489317178726
v 0.01844050921499729 -0.022711345925927162 -0.036303021013736725
v 0.039823923259973526 -0.02090742625296116 -0.03956473991274834
v 0.039188433438539505 -0.021108703687787056 -0.0395096056163311
v 0.04046501964330673 -0.020705316215753555 -0.026375334709882736
v 0.04046501964330673 -0.020705316215753555 -0.026375334709882736
v 0.039188433438539505 -0.021108703687787056 -0.0395096056163311
v 0.03854724019765854 -0.021290674805641174 -0.03945356607437134
v 0.04046501964330673 -0.020705316215753555 -0.026375334709882736
v 0.03854724019765854 -0.021290674805641174 -0.03945356607437134
v 0.03999999910593033 -0.02087632194161415 -0.02617776021361351
v 0.03999999910593033 -0.02087632194161415 -0.02617776021361351
v 0.03854724019765854 -0.021290674805641174 -0.03945356607437134
v 0.03725150227546692 -0.021603642031550407 -0.03933751583099365
v 0.03999999910593033 -0.02087632194161415 -0.02617776021361351
v 0.03725150227546692 -0.021603642031550407 -0.03933751583099365
v 0.04000000283122063 -0.020960215479135513 -0.014959204010665417
v 0.04000000283122063 -0.020960215479135513 -0.014959204010665417
v 0.03725150227546692 -0.021603642031550407 -0.03933751583099365
v 0.036599013954401016 -0.021737543866038322 -0.03927701711654663
v 0.04000000283122063 -0.020960215479135513 -0.014959204010665417
v 0.036599013954401016 -0.021737543866038322 -0.03927701711654663
v 0.03999999910593033 -0.02101934887468815 -0.009910875000059605
v 0.03999999910593033 -0.02101934887468815 -0.009910875000059605
v 0.036599013954401016 -0.021737543866038322 -0.03927701711654663
v 0.03476937860250473 -0.022044362500309944 -0.0390973724424839
v 0.03999999910593033 -0.02101934887468815 -0.009910875000059605
v 0.03476937860250473 -0.022044362500309944 -0.0390973724424839
v 0.03690362349152565 -0.021862497553229332 -0.009578324854373932
v 0.03690362349152565 -0.021862497553229332 -0.009578324854373932
v 0.03476937860250473 -0.022044362500309944 -0.0390973724424839
v 0.033967524766922 -0.022151941433548927 -0.03901315852999687
v 0.03690362349152565 -0.021862497553229332 -0.009578324854373932
v 0.033967524766922 -0.022151941433548927 -0.03901315852999687
v 0.031322214752435684 -0.022416768595576286 -0.038706980645656586
v 0.06894290447235107 -0.011762133799493313 -0.04293122887611389
v 0.07094080001115799 -0.010871045291423798 -0.04004843905568123
v 0.06894252449274063 -0.014062298461794853 -0.04248785227537155
v 0.06894252449274063 -0.014062298461794853 -0.04248785227537155
v 0.07094080001115799 -0.010871045291423798 -0.04004843905568123
v 0.07094048708677292 -0.013940735720098019 -0.03891826421022415
v 0.07094007730484009 -0.01685507409274578 -0.037482064217329025
v 0.06894295662641525 -0.017870886251330376 -0.04126876965165138
v 0.07094048708677292 -0.013940735720098019 -0.03891826421022415
v 0.07094048708677292 -0.013940735720098019 -0.03891826421022415
v 0.06894295662641525 -0.017870886251330376 -0.04126876965165138
v 0.06894318759441376 -0.01693461649119854 -0.04162990301847458
v 0.07094048708677292 -0.013940735720098019 -0.03891826421022415
v 0.06894318759441376 -0.01693461649119854 -0.04162990301847458
v 0.06894252449274063 -0.014062298461794853 -0.04248785227537155
v 0.07093609869480133 -0.029755761846899986 -0.023630809038877487
v 0.06893724203109741 -0.03192850574851036 -0.02679622173309326
v 0.07093692570924759 -0.02822072058916092 -0.026495682075619698
v 0.07093692570924759 -0.02822072058916092 -0.026495682075619698
v 0.06893724203109741 -0.03192850574851036 -0.02679622173309326
v 0.068938247859478 -0.030583500862121582 -0.029653433710336685
v 0.07093692570924759 -0.02822072058916092 -0.026495682075619698
v 0.068938247859478 -0.030583500862121582 -0.029653433710336685
v 0.07093770802021027 -0.026377545669674873 -0.02920529432594776
v 0.07093770802021027 -0.026377545669674873 -0.02920529432594776
v 0.068938247859478 -0.030583500862121582 -0.029653433710336685
v 0.06893929839134216 -0.02902883291244507 -0.032203901559114456
v 0.07093770802021027 -0.026377545669674873 -0.02920529432594776
v 0.06893929839134216 -0.02902883291244507 -0.032203901559114456
v 0.0709378719329834 -0.025920996442437172 -0.029790816828608513
v 0.0709378719329834 -0.025920996442437172 -0.029790816828608513
v 0.06893929839134216 -0.02902883291244507 -0.032203901559114456
v 0.06893954426050186 -0.028519893065094948 -0.03291963413357735
v 0.0709378719329834 -0.025920996442437172 -0.029790816828608513
v 0.06893954426050186 -0.028519893065094948 -0.03291963413357735
v 0.07093837857246399 -0.0243864543735981 -0.031568773090839386
v 0.07093837857246399 -0.0243864543735981 -0.031568773090839386
v 0.06893954426050186 -0.028519893065094948 -0.03291963413357735
v 0.06894022971391678 -0.027234109118580818 -0.03453027829527855
v 0.07093837857246399 -0.0243864543735981 -0.031568773090839386
v 0.06894022971391678 -0.027234109118580818 -0.03453027829527855
v 0.07093866914510727 -0.02338528260588646 -0.032594989985227585
v 0.07093866914510727 -0.02338528260588646 -0.032594989985227585
v 0.06894022971391678 -0.027234109118580818 -0.03453027829527855
v 0.06894118338823318 -0.02520056441426277 -0.03662489727139473
v 0.07093866914510727 -0.02338528260588646 -0.032594989985227585
v 0.06894118338823318 -0.02520056441426277 -0.03662489727139473
v 0.07093904167413712 -0.022051330655813217 -0.03382560983300209
v 0.07093904167413712 -0.022051330655813217 -0.03382560983300209
v 0.06894118338823318 -0.02520056441426277 -0.03662489727139473
v 0.0689413771033287 -0.024586793035268784 -0.03716934844851494
v 0.07093904167413712 -0.022051330655813217 -0.03382560983300209
v 0.0689413771033287 -0.024586793035268784 -0.03716934844851494
v 0.07093937695026398 -0.020525289699435234 -0.03506976738572121
v 0.07093937695026398 -0.020525289699435234 -0.03506976738572121
v 0.0689413771033287 -0.024586793035268784 -0.03716934844851494
v 0.06894171983003616 -0.023175667971372604 -0.038292791694402695
v 0.07093937695026398 -0.020525289699435234 -0.03506976738572121
v 0.06894171983003616 -0.023175667971372604 -0.038292791694402695
v 0.07093959301710129 -0.019472351297736168 -0.035839542746543884
v 0.07093959301710129 -0.019472351297736168 -0.035839542746543884
v 0.06894171983003616 -0.023175667971372604 -0.038292791694402695
v 0.06894192099571228 -0.022261720150709152 -0.03893532231450081
v 0.07093959301710129 -0.019472351297736168 -0.035839542746543884
v 0.06894192099571228 -0.022261720150709152 -0.03893532231450081
v 0.07094007730484009 -0.01685507409274578 -0.037482064217329025
v 0.07094007730484009 -0.01685507409274578 -0.037482064217329025
v 0.06894192099571228 -0.022261720150709152 -0.03893532231450081
v 0.06894244253635406 -0.019764436408877373 -0.0404009111225605
v 0.07094007730484009 -0.01685507409274578 -0.037482064217329025
v 0.06894244253635406 -0.019764436408877373 -0.0404009111225605
v 0.06894295662641525 -0.017870886251330376 -0.04126876965165138
v 0.07093501836061478 -0.031244616955518723 -0.019831908866763115
v 0.06893521547317505 -0.033744681626558304 -0.02062683366239071
v 0.07093524187803268 -0.030982522293925285 -0.020619990304112434
v 0.07093524187803268 -0.030982522293925285 -0.020619990304112434
v 0.06893521547317505 -0.033744681626558304 -0.02062683366239071
v 0.06893625110387802 -0.032980743795633316 -0.023783350363373756
v 0.07093524187803268 -0.030982522293925285 -0.020619990304112434
v 0.06893625110387802 -0.032980743795633316 -0.023783350363373756
v 0.07093609869480133 -0.029755761846899986 -0.023630809038877487
v 0.07093609869480133 -0.029755761846899986 -0.023630809038877487
v 0.06893625110387802 -0.032980743795633316 -0.023783350363373756
v 0.06893663853406906 -0.03264746442437172 -0.024848340079188347
v 0.07093609869480133 -0.029755761846899986 -0.023630809038877487
v 0.06893663853406906 -0.03264746442437172 -0.024848340079188347
v 0.06893724203109741 -0.03192850574851036 -0.02679622173309326
v 0.06259278208017349 -0.011761792935431004 0.021584171801805496
v 0.0689232125878334 -0.011762048117816448 0.021379007026553154
v 0.06880050897598267 -0.010676952078938484 0.021770363673567772
v 0.06259278208017349 -0.011761792935431004 0.021584171801805496
v 0.06880050897598267 -0.010676952078938484 0.021770363673567772
v 0.056414928287267685 -0.01176212728023529 0.021785426884889603
v 0.0491335391998291 -0.011525599285960197 0.022058837115764618
v 0.049130722880363464 -0.011761827394366264 0.022020377218723297
v 0.056414928287267685 -0.01176212728023529 0.021785426884889603
v 0.0491335391998291 -0.011525599285960197 0.022058837115764618
v 0.056414928287267685 -0.01176212728023529 0.021785426884889603
v 0.049226634204387665 -0.01054341159760952 0.022292423993349075
v 0.049226634204387665 -0.01054341159760952 0.022292423993349075
v 0.056414928287267685 -0.01176212728023529 0.021785426884889603
v 0.06880050897598267 -0.010676952078938484 0.021770363673567772
v 0.049226634204387665 -0.01054341159760952 0.022292423993349075
v 0.06880050897598267 -0.010676952078938484 0.021770363673567772
v 0.04928601160645485 -0.010243361815810204 0.02239229902625084
v 0.04928601160645485 -0.010243361815810204 0.02239229902625084
v 0.06880050897598267 -0.010676952078938484 0.021770363673567772
v 0.06871854513883591 -0.01036805845797062 0.021931270137429237
v 0.04928601160645485 -0.010243361815810204 0.02239229902625084
v 0.06871854513883591 -0.01036805845797062 0.021931270137429237
v 0.04939299449324608 -0.009844442829489708 0.022550981491804123
v 0.04939299449324608 -0.009844442829489708 0.022550981491804123
v 0.06871854513883591 -0.01036805845797062 0.021931270137429237
v 0.06824148446321487 -0.009267047978937626 0.022699600085616112
v 0.04939299449324608 -0.009844442829489708 0.022550981491804123
v 0.06824148446321487 -0.009267047978937626 0.022699600085616112
v 0.04984743520617485 -0.008848091587424278 0.023120088502764702
v 0.04984743520617485 -0.008848091587424278 0.023120088502764702
v 0.06824148446321487 -0.009267047978937626 0.022699600085616112
v 0.06798271089792252 -0.00885406881570816 0.02307191491127014
v 0.04984743520617485 -0.008848091587424278 0.023120088502764702
v 0.06798271089792252 -0.00885406881570816 0.02307191491127014
v 0.050022486597299576 -0.008594458922743797 0.023319730535149574
v 0.050022486597299576 -0.008594458922743797 0.023319730535149574
v 0.06798271089792252 -0.00885406881570816 0.02307191491127014
v 0.06719090044498444 -0.00788873340934515 0.02413918264210224
v 0.050022486597299576 -0.008594458922743797 0.023319730535149574
v 0.06719090044498444 -0.00788873340934515 0.02413918264210224
v 0.050753261893987656 -0.007864250801503658 0.024104071781039238
v 0.06689691543579102 -0.007102033123373985 0.024519165977835655
v 0.05115481838583946 -0.0070573752745985985 0.024514762684702873
v 0.06690019369125366 -0.007191656157374382 0.024515094235539436
v 0.06690019369125366 -0.007191656157374382 0.024515094235539436
v 0.05115481838583946 -0.0070573752745985985 0.024514762684702873
v 0.05112311244010925 -0.007307342253625393 0.024482818320393562
v 0.06690019369125366 -0.007191656157374382 0.024515094235539436
v 0.05112311244010925 -0.007307342253625393 0.024482818320393562
v 0.06694819778203964 -0.007456241175532341 0.024454433470964432
v 0.06694819778203964 -0.007456241175532341 0.024454433470964432
v 0.05112311244010925 -0.007307342253625393 0.024482818320393562
v 0.06697676330804825 -0.007541267201304436 0.024417782202363014
v 0.06697676330804825 -0.007541267201304436 0.024417782202363014
v 0.05112311244010925 -0.007307342253625393 0.024482818320393562
v 0.05103747174143791 -0.007528997026383877 0.024396223947405815
v 0.06697676330804825 -0.007541267201304436 0.024417782202363014
v 0.05103747174143791 -0.007528997026383877 0.024396223947405815
v 0.06707078963518143 -0.007733149919658899 0.02429582178592682
v 0.06707078963518143 -0.007733149919658899 0.02429582178592682
v 0.05103747174143791 -0.007528997026383877 0.024396223947405815
v 0.050753261893987656 -0.007864250801503658 0.024104071781039238
v 0.06707078963518143 -0.007733149919658899 0.02429582178592682
v 0.050753261893987656 -0.007864250801503658 0.024104071781039238
v 0.06719090044498444 -0.00788873340934515 0.02413918264210224
v 0.06689698249101639 0.0035688336938619614 0.024519197642803192
v 0.05115486681461334 0.003480055369436741 0.02451467700302601
v 0.066896952688694 -0.001720106229186058 0.02451910823583603
v 0.05115487053990364 -0.0017201184527948499 0.02451458014547825
v 0.066896952688694 -0.001720106229186058 0.02451910823583603
v 0.05115487053990364 -0.0017201184527948499 0.02451458014547825
v 0.06689685583114624 -0.004411069676280022 0.024519113823771477
v 0.051154978573322296 -0.0043887486681342125 0.024514585733413696
v 0.06689685583114624 -0.004411069676280022 0.024519113823771477
v 0.051154978573322296 -0.0043887486681342125 0.024514585733413696
v 0.06689691543579102 -0.007102033123373985 0.024519165977835655
v 0.06689691543579102 -0.007102033123373985 0.024519165977835655
v 0.051154978573322296 -0.0043887486681342125 0.024514585733413696
v 0.05115481838583946 -0.0070573752745985985 0.024514762684702873
v 0.01087813638150692 -0.02271018736064434 -0.022509250789880753
v 0.016134198755025864 -0.02271018549799919 -0.019096797332167625
v 0.01699795201420784 -0.02271021157503128 -0.035905398428440094
v 0.033456068485975266 -0.022710122168064117 0.021419823169708252
v 0.024769095703959465 -0.02271018549799919 0.003389977850019932
v 0.023147879168391228 -0.02271018736064434 0.009443297982215881
v -0.007478827610611916 -0.02271018549799919 -0.02385512739419937
v -0.0013113300083205104 -0.02271018736064434 -0.02496558614075184
v -0.008229081518948078 -0.02271018736064434 -0.02866259776055813
v 0.02037649042904377 -0.022710181772708893 -0.014484423212707043
v 0.02333845943212509 -0.022710183635354042 -0.008961942046880722
v 0.01699795201420784 -0.02271021157503128 -0.035905398428440094
v 0.02333845943212509 -0.022710183635354042 -0.008961942046880722
v 0.033456068485975266 -0.022710122168064117 0.021419823169708252
v 0.02333845943212509 -0.022710183635354042 -0.008961942046880722
v 0.024833979085087776 -0.022710181772708893 -0.0028763464652001858
v 0.024833979085087776 -0.022710181772708893 -0.0028763464652001858
v 0.0016447340603917837 -0.02271018549799919 0.0297751072794199
v 0.008229074999690056 -0.02271018736064434 0.028662599623203278
v 0.004430002998560667 -0.02271018549799919 0.024604372680187225
v 0.02007218264043331 -0.02271018922328949 0.014903265982866287
v 0.01573529653251171 -0.02271018736064434 0.019426798447966576
v 0.010409688577055931 -0.02271018549799919 0.02272968180477619
v 0.004938546568155289 -0.02271018922328949 -0.02450735867023468
v -0.005022086668759584 -0.022710183635354042 0.029394568875432014
v -0.001828025677241385 -0.022710183635354042 0.02493307739496231
v -0.011437078937888145 -0.022710183635354042 0.027540063485503197
v -0.007971201092004776 -0.022710183635354042 0.023695148527622223
v -0.017278572544455528 -0.02271018549799919 0.02430458925664425
v -0.013613510876893997 -0.022710183635354042 0.0209683645516634
v -0.022253649309277534 -0.02271018736064434 0.01985037885606289
v -0.018400439992547035 -0.02271018736064434 0.016924062743782997
v -0.026112820953130722 -0.02271018549799919 0.014400784857571125
v -0.02203119732439518 -0.02271018549799919 0.01181635819375515
v -0.02866259403526783 -0.02271018549799919 0.008229076862335205
v -0.02427765540778637 -0.02271018549799919 0.005966189317405224
v -0.029775112867355347 -0.02271018736064434 0.0016447310335934162
v -0.024998662993311882 -0.02271018736064434 -0.00025885627837851644
v -0.02939457632601261 -0.022710183635354042 -0.005022089928388596
v -0.024148905649781227 -0.022710183635354042 -0.006467638537287712
v -0.027540070936083794 -0.022710181772708893 -0.011437083594501019
v -0.021781791001558304 -0.022710183635354042 -0.012270032428205013
v -0.0243045836687088 -0.022710181772708893 -0.017278576269745827
v -0.019850371405482292 -0.022710183635354042 -0.022253645583987236
v -0.018046041950583458 -0.022710183635354042 -0.01730145886540413
v -0.01440078392624855 -0.02271018549799919 -0.02611282654106617
v -0.01317638624459505 -0.02271018549799919 -0.021245772019028664
v -0.00896194577217102 -0.022710183635354042 -0.023338455706834793
v 0.04715196043252945 -0.011759666725993156 -0.04093855246901512
v 0.049150582402944565 -0.011762158945202827 -0.04293722286820412
v 0.04902679845690727 -0.013875538483262062 -0.042619623243808746
v 0.04863697290420532 -0.01586291939020157 -0.04231514036655426
v 0.04659203067421913 -0.015179966576397419 -0.040448740124702454
v 0.04902679845690727 -0.013875538483262062 -0.042619623243808746
v 0.04902679845690727 -0.013875538483262062 -0.042619623243808746
v 0.04659203067421913 -0.015179966576397419 -0.040448740124702454
v 0.047016680240631104 -0.01352701149880886 -0.040681201964616776
v 0.04902679845690727 -0.013875538483262062 -0.042619623243808746
v 0.047016680240631104 -0.01352701149880886 -0.040681201964616776
v 0.04715196043252945 -0.011759666725993156 -0.04093855246901512
v 0.047403525561094284 -0.018702073022723198 -0.041849929839372635
v 0.045569270849227905 -0.017108459025621414 -0.040191199630498886
v 0.04593657702207565 -0.01655380055308342 -0.04026560112833977
v 0.047403525561094284 -0.018702073022723198 -0.041849929839372635
v 0.04593657702207565 -0.01655380055308342 -0.04026560112833977
v 0.04824361577630043 -0.01703467220067978 -0.042129550129175186
v 0.04824361577630043 -0.01703467220067978 -0.042129550129175186
v 0.04593657702207565 -0.01655380055308342 -0.04026560112833977
v 0.04625508561730385 -0.015970151871442795 -0.04034312441945076
v 0.04824361577630043 -0.01703467220067978 -0.042129550129175186
v 0.04625508561730385 -0.015970151871442795 -0.04034312441945076
v 0.04863697290420532 -0.01586291939020157 -0.04231514036655426
v 0.04863697290420532 -0.01586291939020157 -0.04231514036655426
v 0.04625508561730385 -0.015970151871442795 -0.04034312441945076
v 0.046523068100214005 -0.015362155623733997 -0.04042419418692589
v 0.04863697290420532 -0.01586291939020157 -0.04231514036655426
v 0.046523068100214005 -0.015362155623733997 -0.04042419418692589
v 0.04659203067421913 -0.015179966576397419 -0.040448740124702454
v 0.04421176761388779 -0.018567519262433052 -0.03998738154768944
v 0.04446116462349892 -0.018346937373280525 -0.04001916944980621
v 0.04642114043235779 -0.020023254677653313 -0.04160667955875397
v 0.04642114043235779 -0.020023254677653313 -0.04160667955875397
v 0.04446116462349892 -0.018346937373280525 -0.04001916944980621
v 0.04493425413966179 -0.017878161743283272 -0.040085453540086746
v 0.04642114043235779 -0.020023254677653313 -0.04160667955875397
v 0.04493425413966179 -0.017878161743283272 -0.040085453540086746
v 0.047403525561094284 -0.018702073022723198 -0.041849929839372635
v 0.047403525561094284 -0.018702073022723198 -0.041849929839372635
v 0.04493425413966179 -0.017878161743283272 -0.040085453540086746
v 0.04515634849667549 -0.01763044483959675 -0.040119875222444534
v 0.047403525561094284 -0.018702073022723198 -0.041849929839372635
v 0.04515634849667549 -0.01763044483959675 -0.040119875222444534
v 0.045569270849227905 -0.017108459025621414 -0.040191199630498886
v 0.039823923259973526 -0.02090742625296116 -0.03956473991274834
v 0.04107305407524109 -0.020438771694898605 -0.039673756808042526
v 0.04154002293944359 -0.02332521788775921 -0.040763821452856064
v 0.04154002293944359 -0.02332521788775921 -0.040763821452856064
v 0.04107305407524109 -0.020438771694898605 -0.039673756808042526
v 0.043717190623283386 -0.02224472165107727 -0.04110560566186905
v 0.043717190623283386 -0.02224472165107727 -0.04110560566186905
v 0.04107305407524109 -0.020438771694898605 -0.039673756808042526
v 0.04168206825852394 -0.020167415961623192 -0.03972829878330231
v 0.043717190623283386 -0.02224472165107727 -0.04110560566186905
v 0.04168206825852394 -0.020167415961623192 -0.03972829878330231
v 0.043804049491882324 -0.02219201810657978 -0.041119880974292755
v 0.043804049491882324 -0.02219201810657978 -0.041119880974292755
v 0.04168206825852394 -0.020167415961623192 -0.03972829878330231
v 0.04285907745361328 -0.01953771710395813 -0.039839617908000946
v 0.043804049491882324 -0.02219201810657978 -0.041119880974292755
v 0.04285907745361328 -0.01953771710395813 -0.039839617908000946
v 0.04501764103770256 -0.021349143236875534 -0.04132843762636185
v 0.04501764103770256 -0.021349143236875534 -0.04132843762636185
v 0.04285907745361328 -0.01953771710395813 -0.039839617908000946
v 0.04341881722211838 -0.019175618886947632 -0.03989694267511368
v 0.04501764103770256 -0.021349143236875534 -0.04132843762636185
v 0.04341881722211838 -0.019175618886947632 -0.03989694267511368
v 0.04642114043235779 -0.020023254677653313 -0.04160667955875397
v 0.04642114043235779 -0.020023254677653313 -0.04160667955875397
v 0.04341881722211838 -0.019175618886947632 -0.03989694267511368
v 0.04368981719017029 -0.01898185908794403 -0.039926331490278244
v 0.04642114043235779 -0.020023254677653313 -0.04160667955875397
v 0.04368981719017029 -0.01898185908794403 -0.039926331490278244
v 0.04421176761388779 -0.018567519262433052 -0.03998738154768944
v 0.03476937860250473 -0.022044362500309944 -0.0390973724424839
v 0.036599013954401016 -0.021737543866038322 -0.03927701711654663
v 0.038306426256895065 -0.02435215562582016 -0.040277790278196335
v 0.038306426256895065 -0.02435215562582016 -0.040277790278196335
v 0.036599013954401016 -0.021737543866038322 -0.03927701711654663
v 0.03725150227546692 -0.021603642031550407 -0.03933751583099365
v 0.038306426256895065 -0.02435215562582016 -0.040277790278196335
v 0.03725150227546692 -0.021603642031550407 -0.03933751583099365
v 0.03898528218269348 -0.024177895858883858 -0.040379781275987625
v 0.03898528218269348 -0.024177895858883858 -0.040379781275987625
v 0.03725150227546692 -0.021603642031550407 -0.03933751583099365
v 0.03854724019765854 -0.021290674805641174 -0.03945356607437134
v 0.03898528218269348 -0.024177895858883858 -0.040379781275987625
v 0.03854724019765854 -0.021290674805641174 -0.03945356607437134
v 0.04154002293944359 -0.02332521788775921 -0.040763821452856064
v 0.04154002293944359 -0.02332521788775921 -0.040763821452856064
v 0.03854724019765854 -0.021290674805641174 -0.03945356607437134
v 0.039188433438539505 -0.021108703687787056 -0.0395096056163311
v 0.04154002293944359 -0.02332521788775921 -0.040763821452856064
v 0.039188433438539505 -0.021108703687787056 -0.0395096056163311
v 0.039823923259973526 -0.02090742625296116 -0.03956473991274834
v 0.023399552330374718 -0.02270311303436756 -0.037445489317178726
v 0.021584313362836838 -0.02570532076060772 -0.03712180629372597
v 0.01844050921499729 -0.022711345925927162 -0.036303021013736725
v 0.01844050921499729 -0.022711345925927162 -0.036303021013736725
v 0.021584313362836838 -0.02570532076060772 -0.03712180629372597
v 0.016997670754790306 -0.025710612535476685 -0.035905372351408005
v 0.01844050921499729 -0.022711345925927162 -0.036303021013736725
v 0.016997670754790306 -0.025710612535476685 -0.035905372351408005
v 0.01699795201420784 -0.02271021157503128 -0.035905398428440094
v 0.03476937860250473 -0.022044362500309944 -0.0390973724424839
v 0.038306426256895065 -0.02435215562582016 -0.040277790278196335
v 0.033967524766922 -0.022151941433548927 -0.03901315852999687
v 0.033967524766922 -0.022151941433548927 -0.03901315852999687
v 0.038306426256895065 -0.02435215562582016 -0.040277790278196335
v 0.03496379777789116 -0.024987604469060898 -0.03976115584373474
v 0.033967524766922 -0.022151941433548927 -0.03901315852999687
v 0.03496379777789116 -0.024987604469060898 -0.03976115584373474
v 0.031322214752435684 -0.022416768595576286 -0.038706980645656586
v 0.031322214752435684 -0.022416768595576286 -0.038706980645656586
v 0.03496379777789116 -0.024987604469060898 -0.03976115584373474
v 0.030566029250621796 -0.025441985577344894 -0.03901365399360657
v 0.031322214752435684 -0.022416768595576286 -0.038706980645656586
v 0.030566029250621796 -0.025441985577344894 -0.03901365399360657
v 0.026030322536826134 -0.022664261981844902 -0.03793124109506607
v 0.026030322536826134 -0.022664261981844902 -0.03793124109506607
v 0.030566029250621796 -0.025441985577344894 -0.03901365399360657
v 0.027730358764529228 -0.025591082870960236 -0.03847635164856911
v 0.026030322536826134 -0.022664261981844902 -0.03793124109506607
v 0.027730358764529228 -0.025591082870960236 -0.03847635164856911
v 0.023399552330374718 -0.02270311303436756 -0.037445489317178726
v 0.023399552330374718 -0.02270311303436756 -0.037445489317178726
v 0.027730358764529228 -0.025591082870960236 -0.03847635164856911
v 0.023366615176200867 -0.025691727176308632 -0.03754447028040886
v 0.023399552330374718 -0.02270311303436756 -0.037445489317178726
v 0.023366615176200867 -0.025691727176308632 -0.03754447028040886
v 0.021584313362836838 -0.02570532076060772 -0.03712180629372597
v 0.06892937421798706 -0.03374458849430084 -0.0002782689407467842
v 0.070929616689682 -0.03124452568590641 -0.001072043552994728
v 0.06892916560173035 -0.033516839146614075 0.000830551260150969
v 0.06892916560173035 -0.033516839146614075 0.000830551260150969
v 0.070929616689682 -0.03124452568590641 -0.001072043552994728
v 0.07092861086130142 -0.029907211661338806 0.002399497665464878
v 0.06892916560173035 -0.033516839146614075 0.000830551260150969
v 0.07092861086130142 -0.029907211661338806 0.002399497665464878
v 0.06892914324998856 -0.0326087512075901 0.004226465709507465
v 0.06892914324998856 -0.0326087512075901 0.004226465709507465
v 0.07092861086130142 -0.029907211661338806 0.002399497665464878
v 0.06893014907836914 -0.0314457006752491 0.007263943552970886
v 0.07092861086130142 -0.029907211661338806 0.002399497665464878
v 0.0709279328584671 -0.0286982711404562 0.004774708766490221
v 0.06893014907836914 -0.0314457006752491 0.007263943552970886
v 0.06893014907836914 -0.0314457006752491 0.007263943552970886
v 0.0709279328584671 -0.0286982711404562 0.004774708766490221
v 0.07092767208814621 -0.028163133189082146 0.005686105694621801
v 0.06893014907836914 -0.0314457006752491 0.007263943552970886
v 0.07092767208814621 -0.028163133189082146 0.005686105694621801
v 0.06893116235733032 -0.030315937474370003 0.009464859962463379
v 0.06893116235733032 -0.030315937474370003 0.009464859962463379
v 0.07092767208814621 -0.028163133189082146 0.005686105694621801
v 0.07092679291963577 -0.026037584990262985 0.00874007772654295
v 0.06893116235733032 -0.030315937474370003 0.009464859962463379
v 0.07092679291963577 -0.026037584990262985 0.00874007772654295
v 0.06893258541822433 -0.028793521225452423 0.011745310388505459
v 0.06893258541822433 -0.028793521225452423 0.011745310388505459
v 0.07092679291963577 -0.026037584990262985 0.00874007772654295
v 0.07092643529176712 -0.02500876411795616 0.009976206347346306
v 0.06893258541822433 -0.028793521225452423 0.011745310388505459
v 0.07092643529176712 -0.02500876411795616 0.009976206347346306
v 0.06893321871757507 -0.027003897354006767 0.01379395741969347
v 0.06893321871757507 -0.027003897354006767 0.01379395741969347
v 0.07092643529176712 -0.02500876411795616 0.009976206347346306
v 0.0709259882569313 -0.023561488837003708 0.011516628786921501
v 0.06893321871757507 -0.027003897354006767 0.01379395741969347
v 0.0709259882569313 -0.023561488837003708 0.011516628786921501
v 0.06893332302570343 -0.026501556858420372 0.01428158301860094
v 0.06893332302570343 -0.026501556858420372 0.01428158301860094
v 0.0709259882569313 -0.023561488837003708 0.011516628786921501
v 0.06893347203731537 -0.025244591757655144 0.015372943133115768
v 0.06893347203731537 -0.025244591757655144 0.015372943133115768
v 0.0709259882569313 -0.023561488837003708 0.011516628786921501
v 0.07092518359422684 -0.020332345739006996 0.014311996288597584
v 0.06893347203731537 -0.025244591757655144 0.015372943133115768
v 0.07092518359422684 -0.020332345739006996 0.014311996288597584
v 0.06893281638622284 -0.023022858425974846 0.01695047691464424
v 0.06893281638622284 -0.023022858425974846 0.01695047691464424
v 0.07092518359422684 -0.020332345739006996 0.014311996288597584
v 0.07092467695474625 -0.017704308032989502 0.016084279865026474
v 0.06893281638622284 -0.023022858425974846 0.01695047691464424
v 0.07092467695474625 -0.017704308032989502 0.016084279865026474
v 0.06893102824687958 -0.020579304546117783 0.01831161417067051
v 0.06893102824687958 -0.020579304546117783 0.01831161417067051
v 0.07092467695474625 -0.017704308032989502 0.016084279865026474
v 0.0689292699098587 -0.018470201641321182 0.019260095432400703
v 0.0689292699098587 -0.018470201641321182 0.019260095432400703
v 0.07092467695474625 -0.017704308032989502 0.016084279865026474
v 0.07092423737049103 -0.0148673877120018 0.01759827509522438
v 0.0689292699098587 -0.018470201641321182 0.019260095432400703
v 0.07092423737049103 -0.0148673877120018 0.01759827509522438
v 0.06892597675323486 -0.015231962315738201 0.020421631634235382
v 0.06892597675323486 -0.015231962315738201 0.020421631634235382
v 0.07092423737049103 -0.0148673877120018 0.01759827509522438
v 0.0689232125878334 -0.011762048117816448 0.021379007026553154
v 0.0689232125878334 -0.011762048117816448 0.021379007026553154
v 0.07092423737049103 -0.0148673877120018 0.01759827509522438
v 0.07092387974262238 -0.011910482309758663 0.018802467733621597
v 0.0689232125878334 -0.011762048117816448 0.021379007026553154
v 0.07092387974262238 -0.011910482309758663 0.018802467733621597
v 0.07092379033565521 -0.010928182862699032 0.019126342609524727
v 0.06893448531627655 -0.034186623990535736 -0.017972253262996674
v 0.06893521547317505 -0.033744681626558304 -0.02062683366239071
v 0.07093501836061478 -0.031244616955518723 -0.019831908866763115
v 0.06893448531627655 -0.034186623990535736 -0.017972253262996674
v 0.07093501836061478 -0.031244616955518723 -0.019831908866763115
v 0.06893374025821686 -0.03447102755308151 -0.015562795102596283
v 0.06893374025821686 -0.03447102755308151 -0.015562795102596283
v 0.07093501836061478 -0.031244616955518723 -0.019831908866763115
v 0.07093366980552673 -0.03233293816447258 -0.015198089182376862
v 0.06893374025821686 -0.03447102755308151 -0.015562795102596283
v 0.07093366980552673 -0.03233293816447258 -0.015198089182376862
v 0.06893323361873627 -0.03461594134569168 -0.013700088486075401
v 0.06893323361873627 -0.03461594134569168 -0.013700088486075401
v 0.07093366980552673 -0.03233293816447258 -0.015198089182376862
v 0.0709323063492775 -0.03269921988248825 -0.01045201625674963
v 0.06893323361873627 -0.03461594134569168 -0.013700088486075401
v 0.0709323063492775 -0.03269921988248825 -0.01045201625674963
v 0.06893260776996613 -0.03470968082547188 -0.01112555805593729
v 0.06893260776996613 -0.03470968082547188 -0.01112555805593729
v 0.0709323063492775 -0.03269921988248825 -0.01045201625674963
v 0.06893124431371689 -0.03459221497178078 -0.006833596155047417
v 0.06893124431371689 -0.03459221497178078 -0.006833596155047417
v 0.0709323063492775 -0.03269921988248825 -0.01045201625674963
v 0.07093094289302826 -0.03233291581273079 -0.005705981515347958
v 0.06893124431371689 -0.03459221497178078 -0.006833596155047417
v 0.07093094289302826 -0.03233291581273079 -0.005705981515347958
v 0.06893056631088257 -0.034386664628982544 -0.004523314535617828
v 0.06893056631088257 -0.034386664628982544 -0.004523314535617828
v 0.07093094289302826 -0.03233291581273079 -0.005705981515347958
v 0.070929616689682 -0.03124452568590641 -0.001072043552994728
v 0.06893056631088257 -0.034386664628982544 -0.004523314535617828
v 0.070929616689682 -0.03124452568590641 -0.001072043552994728
v 0.06892937421798706 -0.03374458849430084 -0.0002782689407467842
v 0.06195928156375885 -0.03374456986784935 -0.00028023586492054164
v 0.06892937421798706 -0.03374458849430084 -0.0002782689407467842
v 0.06892916560173035 -0.033516839146614075 0.000830551260150969
v 0.06195928156375885 -0.03374456986784935 -0.00028023586492054164
v 0.06892916560173035 -0.033516839146614075 0.000830551260150969
v 0.06203996762633324 -0.03266138955950737 0.004109412897378206
v 0.0689232125878334 -0.011762048117816448 0.021379007026553154
v 0.06259278208017349 -0.011761792935431004 0.021584171801805496
v 0.06892597675323486 -0.015231962315738201 0.020421631634235382
v 0.06892597675323486 -0.015231962315738201 0.020421631634235382
v 0.06259278208017349 -0.011761792935431004 0.021584171801805496
v 0.06252007931470871 -0.016437629237771034 0.020342329517006874
v 0.06892597675323486 -0.015231962315738201 0.020421631634235382
v 0.06252007931470871 -0.016437629237771034 0.020342329517006874
v 0.0689292699098587 -0.018470201641321182 0.019260095432400703
v 0.0689292699098587 -0.018470201641321182 0.019260095432400703
v 0.06252007931470871 -0.016437629237771034 0.020342329517006874
v 0.06244410574436188 -0.02048739232122898 0.018721746280789375
v 0.0689292699098587 -0.018470201641321182 0.019260095432400703
v 0.06244410574436188 -0.02048739232122898 0.018721746280789375
v 0.06893102824687958 -0.020579304546117783 0.01831161417067051
v 0.06893102824687958 -0.020579304546117783 0.01831161417067051
v 0.06244410574436188 -0.02048739232122898 0.018721746280789375
v 0.0623655691742897 -0.02394866570830345 0.016698691993951797
v 0.06893102824687958 -0.020579304546117783 0.01831161417067051
v 0.0623655691742897 -0.02394866570830345 0.016698691993951797
v 0.06893281638622284 -0.023022858425974846 0.01695047691464424
v 0.062203630805015564 -0.029256245121359825 0.011350701563060284
v 0.06893321871757507 -0.027003897354006767 0.01379395741969347
v 0.062285166233778 -0.026859072968363762 0.014249551109969616
v 0.062285166233778 -0.026859072968363762 0.014249551109969616
v 0.06893321871757507 -0.027003897354006767 0.01379395741969347
v 0.06893332302570343 -0.026501556858420372 0.01428158301860094
v 0.062285166233778 -0.026859072968363762 0.014249551109969616
v 0.06893332302570343 -0.026501556858420372 0.01428158301860094
v 0.0623655691742897 -0.02394866570830345 0.016698691993951797
v 0.0623655691742897 -0.02394866570830345 0.016698691993951797
v 0.06893332302570343 -0.026501556858420372 0.01428158301860094
v 0.06893347203731537 -0.025244591757655144 0.015372943133115768
v 0.0623655691742897 -0.02394866570830345 0.016698691993951797
v 0.06893347203731537 -0.025244591757655144 0.015372943133115768
v 0.06893281638622284 -0.023022858425974846 0.01695047691464424
v 0.06892916560173035 -0.033516839146614075 0.000830551260150969
v 0.06892914324998856 -0.0326087512075901 0.004226465709507465
v 0.06203996762633324 -0.03266138955950737 0.004109412897378206
v 0.06203996762633324 -0.03266138955950737 0.004109412897378206
v 0.06892914324998856 -0.0326087512075901 0.004226465709507465
v 0.06893014907836914 -0.0314457006752491 0.007263943552970886
v 0.06203996762633324 -0.03266138955950737 0.004109412897378206
v 0.06893014907836914 -0.0314457006752491 0.007263943552970886
v 0.06212165579199791 -0.031177811324596405 0.007978530600667
v 0.06212165579199791 -0.031177811324596405 0.007978530600667
v 0.06893014907836914 -0.0314457006752491 0.007263943552970886
v 0.06893116235733032 -0.030315937474370003 0.009464859962463379
v 0.06212165579199791 -0.031177811324596405 0.007978530600667
v 0.06893116235733032 -0.030315937474370003 0.009464859962463379
v 0.062203630805015564 -0.029256245121359825 0.011350701563060284
v 0.062203630805015564 -0.029256245121359825 0.011350701563060284
v 0.06893116235733032 -0.030315937474370003 0.009464859962463379
v 0.06893258541822433 -0.028793521225452423 0.011745310388505459
v 0.062203630805015564 -0.029256245121359825 0.011350701563060284
v 0.06893258541822433 -0.028793521225452423 0.011745310388505459
v 0.06893321871757507 -0.027003897354006767 0.01379395741969347
v 0.06893374025821686 -0.03447102755308151 -0.015562795102596283
v 0.06893323361873627 -0.03461594134569168 -0.013700088486075401
v 0.047140784561634064 -0.03458010405302048 -0.014253878965973854
v 0.047136761248111725 -0.033744655549526215 -0.00028449762612581253
v 0.04713859781622887 -0.03458009287714958 -0.006663831882178783
v 0.06195928156375885 -0.03374456986784935 -0.00028023586492054164
v 0.06195928156375885 -0.03374456986784935 -0.00028023586492054164
v 0.04713859781622887 -0.03458009287714958 -0.006663831882178783
v 0.06893056631088257 -0.034386664628982544 -0.004523314535617828
v 0.06195928156375885 -0.03374456986784935 -0.00028023586492054164
v 0.06893056631088257 -0.034386664628982544 -0.004523314535617828
v 0.06892937421798706 -0.03374458849430084 -0.0002782689407467842
v 0.047140784561634064 -0.03458010405302048 -0.014253878965973854
v 0.06893323361873627 -0.03461594134569168 -0.013700088486075401
v 0.047139693051576614 -0.03471389785408974 -0.010458875447511673
v 0.047139693051576614 -0.03471389785408974 -0.010458875447511673
v 0.06893323361873627 -0.03461594134569168 -0.013700088486075401
v 0.06893260776996613 -0.03470968082547188 -0.01112555805593729
v 0.047139693051576614 -0.03471389785408974 -0.010458875447511673
v 0.06893260776996613 -0.03470968082547188 -0.01112555805593729
v 0.04713859781622887 -0.03458009287714958 -0.006663831882178783
v 0.04713859781622887 -0.03458009287714958 -0.006663831882178783
v 0.06893260776996613 -0.03470968082547188 -0.01112555805593729
v 0.06893124431371689 -0.03459221497178078 -0.006833596155047417
v 0.04713859781622887 -0.03458009287714958 -0.006663831882178783
v 0.06893124431371689 -0.03459221497178078 -0.006833596155047417
v 0.06893056631088257 -0.034386664628982544 -0.004523314535617828
v 0.06893374025821686 -0.03447102755308151 -0.015562795102596283
v 0.047140784561634064 -0.03458010405302048 -0.014253878965973854
v 0.06893448531627655 -0.034186623990535736 -0.017972253262996674
v 0.06893448531627655 -0.034186623990535736 -0.017972253262996674
v 0.047140784561634064 -0.03458010405302048 -0.014253878965973854
v 0.04714260995388031 -0.033744823187589645 -0.02063324861228466
v 0.06893448531627655 -0.034186623990535736 -0.017972253262996674
v 0.04714260995388031 -0.033744823187589645 -0.02063324861228466
v 0.06893521547317505 -0.033744681626558304 -0.02062683366239071
v 0.06880050897598267 -0.010676952078938484 0.021770363673567772
v 0.0689232125878334 -0.011762048117816448 0.021379007026553154
v 0.06895577162504196 -0.006622637156397104 0.022231336683034897
v 0.07092342525720596 -0.004804810509085655 0.020372526720166206
v 0.07092337310314178 -0.0017201137961819768 0.020526474341750145
v 0.06895577162504196 -0.006622637156397104 0.022231336683034897
v 0.06895577162504196 -0.006622637156397104 0.022231336683034897
v 0.07092337310314178 -0.0017201137961819768 0.020526474341750145
v 0.06800568103790283 -0.001720108324661851 0.023419860750436783
v 0.0689232125878334 -0.011762048117816448 0.021379007026553154
v 0.07092379033565521 -0.010928182862699032 0.019126342609524727
v 0.06895577162504196 -0.006622637156397104 0.022231336683034897
v 0.06895577162504196 -0.006622637156397104 0.022231336683034897
v 0.07092379033565521 -0.010928182862699032 0.019126342609524727
v 0.07092355936765671 -0.007829075679183006 0.019918175414204597
v 0.06895577162504196 -0.006622637156397104 0.022231336683034897
v 0.07092355936765671 -0.007829075679183006 0.019918175414204597
v 0.07092342525720596 -0.004804810509085655 0.020372526720166206
v 0.06798271089792252 -0.00885406881570816 0.02307191491127014
v 0.06824148446321487 -0.009267047978937626 0.022699600085616112
v 0.06895577162504196 -0.006622637156397104 0.022231336683034897
v 0.06895577162504196 -0.006622637156397104 0.022231336683034897
v 0.06824148446321487 -0.009267047978937626 0.022699600085616112
v 0.06871854513883591 -0.01036805845797062 0.021931270137429237
v 0.06895577162504196 -0.006622637156397104 0.022231336683034897
v 0.06871854513883591 -0.01036805845797062 0.021931270137429237
v 0.06880050897598267 -0.010676952078938484 0.021770363673567772
v 0.06694819778203964 -0.007456241175532341 0.024454433470964432
v 0.06697676330804825 -0.007541267201304436 0.024417782202363014
v 0.06895577162504196 -0.006622637156397104 0.022231336683034897
v 0.066896952688694 -0.001720106229186058 0.02451910823583603
v 0.06689685583114624 -0.004411069676280022 0.024519113823771477
v 0.06800568103790283 -0.001720108324661851 0.023419860750436783
v 0.06800568103790283 -0.001720108324661851 0.023419860750436783
v 0.06689685583114624 -0.004411069676280022 0.024519113823771477
v 0.06689691543579102 -0.007102033123373985 0.024519165977835655
v 0.06800568103790283 -0.001720108324661851 0.023419860750436783
v 0.06689691543579102 -0.007102033123373985 0.024519165977835655
v 0.06895577162504196 -0.006622637156397104 0.022231336683034897
v 0.06895577162504196 -0.006622637156397104 0.022231336683034897
v 0.06689691543579102 -0.007102033123373985 0.024519165977835655
v 0.06690019369125366 -0.007191656157374382 0.024515094235539436
v 0.06895577162504196 -0.006622637156397104 0.022231336683034897
v 0.06690019369125366 -0.007191656157374382 0.024515094235539436
v 0.06694819778203964 -0.007456241175532341 0.024454433470964432
v 0.06697676330804825 -0.007541267201304436 0.024417782202363014
v 0.06707078963518143 -0.007733149919658899 0.02429582178592682
v 0.06895577162504196 -0.006622637156397104 0.022231336683034897
v 0.06895577162504196 -0.006622637156397104 0.022231336683034897
v 0.06707078963518143 -0.007733149919658899 0.02429582178592682
v 0.06719090044498444 -0.00788873340934515 0.02413918264210224
v 0.06895577162504196 -0.006622637156397104 0.022231336683034897
v 0.06719090044498444 -0.00788873340934515 0.02413918264210224
v 0.06798271089792252 -0.00885406881570816 0.02307191491127014
v 0.04715196043252945 -0.011759666725993156 -0.04093855246901512
v 0.04714665561914444 -0.011759900487959385 -0.03288445994257927
v 0.04714622348546982 -0.010848792269825935 -0.03325499966740608
v 0.04713357239961624 0.02092714235186577 0.010677989572286606
v 0.04713374003767967 0.013112134300172329 0.010083829052746296
v 0.047132328152656555 0.015907729044556618 0.015015124343335629
v 0.047132834792137146 0.007534828502684832 0.013240113854408264
v 0.047132376581430435 0.0013383565237745643 0.014874809421598911
v 0.047130804508924484 0.0016036484157666564 0.02034083753824234
v 0.04713085666298866 0.003024105215445161 0.020154163241386414
v 0.047135092318058014 0.024908073246479034 0.00537163345143199
v 0.0471368171274662 0.027667980641126633 -0.0006606251699849963
v 0.04713868349790573 0.029080310836434364 -0.007142184767872095
v 0.04714524373412132 0.013112049549818039 -0.029916170984506607
v 0.04714418947696686 0.02490800805389881 -0.026289628818631172
v 0.047130756080150604 -0.0017201299779117107 0.02051963284611702
v 0.04713238403201103 -0.005070111248642206 0.01488050352782011
v 0.0471307635307312 -0.0057993861846625805 0.020486123859882355
v 0.0471307635307312 -0.0057993861846625805 0.020486123859882355
v 0.04713238403201103 -0.005070111248642206 0.01488050352782011
v 0.04713102802634239 -0.011761199682950974 0.020019786432385445
v 0.04713102802634239 -0.011761199682950974 0.020019786432385445
v 0.04713238403201103 -0.005070111248642206 0.01488050352782011
v 0.04713285341858864 -0.011269479990005493 0.013256821781396866
v 0.04713102802634239 -0.011761199682950974 0.020019786432385445
v 0.04713285341858864 -0.011269479990005493 0.013256821781396866
v 0.047133009880781174 -0.011761046946048737 0.013051685877144337
v 0.047140587121248245 0.02908029593527317 -0.013775828294456005
v 0.047142453491687775 0.0276679415255785 -0.020257379859685898
v 0.047130946069955826 0.004851970821619034 0.019814448431134224
v 0.047130946069955826 0.004851970821619034 0.019814448431134224
v 0.04713120684027672 0.007967226207256317 0.018965966999530792
v 0.04713120684027672 0.007967226207256317 0.018965966999530792
v 0.04713141918182373 0.01007999386638403 0.018184158951044083
v 0.047148581594228745 -0.0017202590825036168 -0.04143752530217171
v 0.04714857414364815 -0.004722660407423973 -0.04142414778470993
v 0.04714665561914444 -0.0047334530390799046 -0.034753672778606415
v 0.047148555517196655 -0.007724082097411156 -0.04133065417408943
v 0.04714622348546982 -0.010848792269825935 -0.03325499966740608
v 0.047148462384939194 -0.01133744977414608 -0.04099821299314499
v 0.04714622348546982 -0.010848792269825935 -0.03325499966740608
v 0.047148462384939194 -0.01133744977414608 -0.04099821299314499
v 0.04715196043252945 -0.011759666725993156 -0.04093855246901512
v 0.047148529440164566 0.0014952401397749782 -0.041270237416028976
v 0.04714662954211235 0.0015623882645741105 -0.03467690572142601
v 0.047148462384939194 0.0030241329222917557 -0.041072048246860504
v 0.047145720571279526 0.020927056670188904 -0.031595971435308456
v 0.04714697226881981 0.01590762287378311 -0.03593308478593826
v 0.04714614152908325 0.0076393731869757175 -0.033029574900865555
v 0.04714788869023323 0.010079874657094479 -0.03910209611058235
v 0.04714812710881233 0.007967106066644192 -0.03988390043377876
v 0.04714838042855263 0.004749676212668419 -0.04075436666607857
v 0.07092355936765671 -0.007829075679183006 0.019918175414204597
v 0.07092399150133133 -0.009058690629899502 0.018442021682858467
v 0.07092342525720596 -0.004804810509085655 0.020372526720166206
v 0.07092371582984924 -0.0023256416898220778 0.01933063194155693
v 0.07094055414199829 -0.001971385907381773 -0.039166033267974854
v 0.07094049453735352 -0.0048544625751674175 -0.039015620946884155
v 0.07094115763902664 -0.0047279600985348225 -0.041284337639808655
v 0.0709235742688179 0.004714170005172491 0.019850898534059525
v 0.07092347741127014 0.0030277797486633062 0.02016046643257141
v 0.07092390954494476 0.004430846311151981 0.01864253543317318
v 0.07092390954494476 0.004430846311151981 0.01864253543317318
v 0.07092347741127014 0.0030277797486633062 0.02016046643257141
v 0.07092342525720596 0.0015022697625681758 0.020358415320515633
v 0.07092342525720596 0.0015022697625681758 0.020358415320515633
v 0.07092337310314178 -0.0017201137961819768 0.020526474341750145
v 0.07094115763902664 -0.0047279600985348225 -0.041284337639808655
v 0.07094118744134903 -0.0017201646696776152 -0.04143068566918373
v 0.07094055414199829 -0.001971385907381773 -0.039166033267974854
v 0.07094055414199829 -0.001971385907381773 -0.039166033267974854
v 0.07094118744134903 -0.0017201646696776152 -0.04143068566918373
v 0.07094115763902664 0.001495442702434957 -0.041263338178396225
v 0.07094115763902664 0.001495442702434957 -0.041263338178396225
v 0.07094047963619232 0.0019362239399924874 -0.03891468793153763
v 0.07093924283981323 -0.017599057406187057 -0.03459034860134125
v 0.07093959301710129 -0.019472351297736168 -0.035839542746543884
v 0.07094007730484009 -0.01685507409274578 -0.037482064217329025
v 0.07092379033565521 -0.010928182862699032 0.019126342609524727
v 0.07092399150133133 -0.009058690629899502 0.018442021682858467
v 0.07092379033565521 -0.010928182862699032 0.019126342609524727
v 0.07092387974262238 -0.011910482309758663 0.018802467733621597
v 0.07092387974262238 -0.011910482309758663 0.018802467733621597
v 0.07092469185590744 -0.015405328013002872 0.016024619340896606
v 0.0709238052368164 0.007889990694820881 0.01899823732674122
v 0.0709245428442955 0.010846525430679321 0.016414834186434746
v 0.07092396914958954 0.009500228799879551 0.018423644825816154
v 0.0709390714764595 0.014543666504323483 -0.03411256894469261
v 0.07093999534845352 0.008520590141415596 -0.03725042939186096
v 0.07094067335128784 0.008612725883722305 -0.03965703025460243
v 0.07094009220600128 -0.011485381983220577 -0.037547800689935684
v 0.07094109803438187 0.003023784141987562 -0.04106529429554939
v 0.07094047963619232 0.0019362239399924874 -0.03891468793153763
v 0.07094109803438187 0.003023784141987562 -0.04106529429554939
v 0.07094098627567291 0.004749796818941832 -0.040747515857219696
v 0.07094098627567291 0.004749796818941832 -0.040747515857219696
v 0.07094098627567291 0.004749796818941832 -0.040747515857219696
v 0.07094071805477142 0.007967177778482437 -0.039877209812402725
v 0.07093999534845352 0.008520590141415596 -0.03725042939186096
v 0.07094071805477142 0.007967177778482437 -0.039877209812402725
v 0.07094067335128784 0.008612725883722305 -0.03965703025460243
v 0.07094048708677292 -0.013940735720098019 -0.03891826421022415
v 0.07094080001115799 -0.010871045291423798 -0.04004843905568123
v 0.07094049453735352 -0.0048544625751674175 -0.039015620946884155
v 0.0709410235285759 -0.00767969386652112 -0.040852028876543045
v 0.07092423737049103 -0.0148673877120018 0.01759827509522438
v 0.07092467695474625 -0.017704308032989502 0.016084279865026474
v 0.07092578709125519 -0.021023394539952278 0.012208743020892143
v 0.07094006985425949 0.01324444729834795 -0.03757672756910324
v 0.07093926519155502 0.017459994181990623 -0.034779082983732224
v 0.07093780487775803 0.019680751487612724 -0.02967028319835663
v 0.07093826681375504 0.02116107940673828 -0.03133729472756386
v 0.07093621790409088 0.02365490049123764 -0.02416303940117359
v 0.0709378719329834 -0.025920996442437172 -0.029790816828608513
v 0.07093837857246399 -0.0243864543735981 -0.031568773090839386
v 0.07093802094459534 -0.022865908220410347 -0.030302707105875015
v 0.07092698663473129 0.02130899764597416 0.007897527888417244
v 0.07092630863189697 0.021319031715393066 0.010258529335260391
v 0.07092559337615967 0.0165755283087492 0.012767625041306019
v 0.07092544436454773 0.01819128729403019 0.013280593790113926
v 0.07092460989952087 0.01406911388039589 0.016200542449951172
v 0.07093866914510727 -0.02338528260588646 -0.032594989985227585
v 0.07093802094459534 -0.022865908220410347 -0.030302707105875015
v 0.07093866914510727 -0.02338528260588646 -0.032594989985227585
v 0.07093904167413712 -0.022051330655813217 -0.03382560983300209
v 0.07093904167413712 -0.022051330655813217 -0.03382560983300209
v 0.07093924283981323 -0.017599057406187057 -0.03459034860134125
v 0.07093904167413712 -0.022051330655813217 -0.03382560983300209
v 0.07093937695026398 -0.020525289699435234 -0.03506976738572121
v 0.07092643529176712 -0.02500876411795616 0.009976206347346306
v 0.07092723250389099 -0.025610027834773064 0.007200109772384167
v 0.0709259882569313 -0.023561488837003708 0.011516628786921501
v 0.07092518359422684 -0.020332345739006996 0.014311996288597584
v 0.07093647867441177 -0.027001991868019104 -0.024916019290685654
v 0.07093468308448792 -0.029784325510263443 -0.01872067339718342
v 0.07093524187803268 -0.030982522293925285 -0.020619990304112434
v 0.0709279328584671 -0.0286982711404562 0.004774708766490221
v 0.07092893868684769 -0.028917953372001648 0.001268736901693046
v 0.07092767208814621 -0.028163133189082146 0.005686105694621801
v 0.07092679291963577 -0.026037584990262985 0.00874007772654295
v 0.07093826681375504 0.02116107940673828 -0.03133729472756386
v 0.0709371343255043 0.024250872433185577 -0.027338599786162376
v 0.07093621790409088 0.02365490049123764 -0.02416303940117359
v 0.07093583792448044 0.02666025422513485 -0.02287425845861435
v 0.07093439996242523 0.02625187113881111 -0.017887739464640617
v 0.07093445956707001 0.02830410748720169 -0.01808146946132183
v 0.07093247771263123 0.027331653982400894 -0.01118269469588995
v 0.07093524187803268 -0.030982522293925285 -0.020619990304112434
v 0.07093609869480133 -0.029755761846899986 -0.023630809038877487
v 0.07093647867441177 -0.027001991868019104 -0.024916019290685654
v 0.07093692570924759 -0.02822072058916092 -0.026495682075619698
v 0.07093770802021027 -0.026377545669674873 -0.02920529432594776
v 0.07093802094459534 -0.022865908220410347 -0.030302707105875015
v 0.07093770802021027 -0.026377545669674873 -0.02920529432594776
v 0.0709378719329834 -0.025920996442437172 -0.029790816828608513
v 0.07092861086130142 -0.029907211661338806 0.002399497665464878
v 0.070929616689682 -0.03124452568590641 -0.001072043552994728
v 0.07093081623315811 -0.030768845230340958 -0.005265616346150637
v 0.07093094289302826 -0.03233291581273079 -0.005705981515347958
v 0.0709327682852745 -0.03106292337179184 -0.012050683610141277
v 0.0709323063492775 -0.03269921988248825 -0.01045201625674963
v 0.07093366980552673 -0.03233293816447258 -0.015198089182376862
v 0.07093501836061478 -0.031244616955518723 -0.019831908866763115
v 0.0709330290555954 0.02914585918188095 -0.013097255490720272
v 0.0709315687417984 0.029165811836719513 -0.008049104362726212
v 0.07093053311109543 0.02683604508638382 -0.004409367218613625
v 0.0709301307797432 0.02836279198527336 -0.0030579206068068743
v 0.0709286704659462 0.024791758507490158 0.002067090244963765
v 0.07092875242233276 0.026751644909381866 0.0017592859221622348
v 0.0709274634718895 0.024384038522839546 0.006227861624211073
v 0.0493837371468544 -0.001720124389976263 0.022756461054086685
v 0.047130756080150604 -0.0017201299779117107 0.02051963284611702
v 0.0471307635307312 -0.0057993861846625805 0.020486123859882355
v 0.04904765263199806 -0.011762094683945179 0.021937476471066475
v 0.049130722880363464 -0.011761827394366264 0.022020377218723297
v 0.0491335391998291 -0.011525599285960197 0.022058837115764618
v 0.04904765263199806 -0.011762094683945179 0.021937476471066475
v 0.0491335391998291 -0.011525599285960197 0.022058837115764618
v 0.047430768609046936 -0.011762212961912155 0.02031966857612133
v 0.047430768609046936 -0.011762212961912155 0.02031966857612133
v 0.0491335391998291 -0.011525599285960197 0.022058837115764618
v 0.04713102802634239 -0.011761199682950974 0.020019786432385445
v 0.04713102802634239 -0.011761199682950974 0.020019786432385445
v 0.0491335391998291 -0.011525599285960197 0.022058837115764618
v 0.049226634204387665 -0.01054341159760952 0.022292423993349075
v 0.04713102802634239 -0.011761199682950974 0.020019786432385445
v 0.049226634204387665 -0.01054341159760952 0.022292423993349075
v 0.0471307635307312 -0.0057993861846625805 0.020486123859882355
v 0.049226634204387665 -0.01054341159760952 0.022292423993349075
v 0.04928601160645485 -0.010243361815810204 0.02239229902625084
v 0.0471307635307312 -0.0057993861846625805 0.020486123859882355
v 0.0471307635307312 -0.0057993861846625805 0.020486123859882355
v 0.04928601160645485 -0.010243361815810204 0.02239229902625084
v 0.04939299449324608 -0.009844442829489708 0.022550981491804123
v 0.0471307635307312 -0.0057993861846625805 0.020486123859882355
v 0.04939299449324608 -0.009844442829489708 0.022550981491804123
v 0.04984743520617485 -0.008848091587424278 0.023120088502764702
v 0.04984743520617485 -0.008848091587424278 0.023120088502764702
v 0.050022486597299576 -0.008594458922743797 0.023319730535149574
v 0.0471307635307312 -0.0057993861846625805 0.020486123859882355
v 0.0471307635307312 -0.0057993861846625805 0.020486123859882355
v 0.050022486597299576 -0.008594458922743797 0.023319730535149574
v 0.050753261893987656 -0.007864250801503658 0.024104071781039238
v 0.0471307635307312 -0.0057993861846625805 0.020486123859882355
v 0.050753261893987656 -0.007864250801503658 0.024104071781039238
v 0.05103747174143791 -0.007528997026383877 0.024396223947405815
v 0.05103747174143791 -0.007528997026383877 0.024396223947405815
v 0.05112311244010925 -0.007307342253625393 0.024482818320393562
v 0.0471307635307312 -0.0057993861846625805 0.020486123859882355
v 0.0471307635307312 -0.0057993861846625805 0.020486123859882355
v 0.05112311244010925 -0.007307342253625393 0.024482818320393562
v 0.05115481838583946 -0.0070573752745985985 0.024514762684702873
v 0.0471307635307312 -0.0057993861846625805 0.020486123859882355
v 0.05115481838583946 -0.0070573752745985985 0.024514762684702873
v 0.0493837371468544 -0.001720124389976263 0.022756461054086685
v 0.0493837371468544 -0.001720124389976263 0.022756461054086685
v 0.05115481838583946 -0.0070573752745985985 0.024514762684702873
v 0.051154978573322296 -0.0043887486681342125 0.024514585733413696
v 0.0493837371468544 -0.001720124389976263 0.022756461054086685
v 0.051154978573322296 -0.0043887486681342125 0.024514585733413696
v 0.05115487053990364 -0.0017201184527948499 0.02451458014547825
v 0.004389604087918997 -0.03231247514486313 0.01528934109956026
v 0.005419068969786167 -0.031008124351501465 0.018875090405344963
v 0.002980470657348633 -0.030969921499490738 0.01950933411717415
v 0.007344263140112162 -0.027682682499289513 0.02558067999780178
v 0.008229087106883526 -0.025710104033350945 0.028662601485848427
v 0.004503453150391579 -0.025710105895996094 0.029478492215275764
v -0.004389579873532057 -0.0323125384747982 -0.01528930477797985
v -0.003694548737257719 -0.033024195581674576 -0.012868479825556278
v -0.0053069861605763435 -0.03302577883005142 -0.012292061932384968
v -0.006405946332961321 -0.02945721708238125 -0.02231249026954174
v -0.005419056862592697 -0.031008204445242882 -0.018875055015087128
v -0.007822657003998756 -0.030970977619290352 -0.018118910491466522
v -0.007344246841967106 -0.027682801708579063 -0.02558066137135029
v -0.007098408415913582 -0.02817775122821331 -0.024724382907152176
v -0.010196122340857983 -0.028178192675113678 -0.023616380989551544
v -0.0017499858513474464 -0.03460905700922012 -0.0029100822284817696
v 1.5106247985841037e-07 -0.03471630439162254 4.934552180202445e-07
v -0.0024436376988887787 -0.03460903465747833 -0.0023579515982419252
v -0.0011208001524209976 -0.03456063196063042 -0.0039038597606122494
v 1.5106247985841037e-07 -0.03471630439162254 4.934552180202445e-07
v -0.0017499858513474464 -0.03460905700922012 -0.0029100822284817696
v -0.0029707648791372776 -0.034609004855155945 -0.0016450965777039528
v 1.5106247985841037e-07 -0.03471630439162254 4.934552180202445e-07
v -0.0032954197376966476 -0.03460896015167236 -0.0008201075834222138
v -0.003264165250584483 -0.03460885211825371 0.0009375933441333473
v 1.5106247985841037e-07 -0.03471630439162254 4.934552180202445e-07
v -0.002910374430939555 -0.03460879996418953 0.001750516821630299
v -0.017278574407100677 -0.025710131973028183 0.024304596707224846
v -0.020708002150058746 -0.02571014314889908 0.021457897499203682
v -0.017862915992736816 -0.02817770652472973 0.018509823828935623
v 0.00012051633530063555 -0.03428807854652405 0.006771349348127842
v 0.0010228062747046351 -0.03428807109594345 0.006694751791656017
v 0.0020220426376909018 -0.03302468731999397 0.013235613703727722
v 0.00640596030279994 -0.02945711463689804 0.02231251820921898
v 0.0070984880439937115 -0.028177497908473015 0.024724654853343964
v 0.0038847357500344515 -0.028177546337246895 0.025428466498851776
v 0.0038847357500344515 -0.028177546337246895 0.025428466498851776
v 0.0070984880439937115 -0.028177497908473015 0.024724654853343964
v 0.007344263140112162 -0.027682682499289513 0.02558067999780178
v -0.0007528025889769197 -0.03428809717297554 0.006730434484779835
v 0.00012051633530063555 -0.03428807854652405 0.006771349348127842
v 0.0002381312515353784 -0.033024709671735764 0.013387057930231094
v 0.0002381312515353784 -0.033024709671735764 0.013387057930231094
v 0.0002381312515353784 -0.033024709671735764 0.013387057930231094
v 0.0020220426376909018 -0.03302468731999397 0.013235613703727722
v 0.002980470657348633 -0.030969921499490738 0.01950933411717415
v 0.002980470657348633 -0.030969921499490738 0.01950933411717415
v 0.0020220426376909018 -0.03302468731999397 0.013235613703727722
v 0.003694749902933836 -0.033023983240127563 0.012869107536971569
v 0.002980470657348633 -0.030969921499490738 0.01950933411717415
v 0.003694749902933836 -0.033023983240127563 0.012869107536971569
v 0.004389604087918997 -0.03231247514486313 0.01528934109956026
v 1.5106247985841037e-07 -0.03471630439162254 4.934552180202445e-07
v 0.0009372856584377587 -0.034606754779815674 0.0032646222971379757
v 6.0510195908136666e-05 -0.03460864722728729 0.0033960251603275537
v 6.0510195908136666e-05 -0.03460864722728729 0.0033960251603275537
v 0.0009372856584377587 -0.034606754779815674 0.0032646222971379757
v 0.001120822038501501 -0.034560613334178925 0.003903907723724842
v -0.0008203938486985862 -0.03460866957902908 0.003295950824394822
v 1.5106247985841037e-07 -0.03471630439162254 4.934552180202445e-07
v 6.0510195908136666e-05 -0.03460864722728729 0.0033960251603275537
v 0.0016447319649159908 -0.025710109621286392 0.029775114730000496
v -0.003315378911793232 -0.02571011148393154 0.029635634273290634
v -0.0028598729986697435 -0.028177566826343536 0.025564022362232208
v -0.0016360506415367126 -0.03428811952471733 0.00657179718837142
v -0.0007528025889769197 -0.03428809717297554 0.006730434484779835
v -0.0014884964330121875 -0.033024728298187256 0.013306167908012867
v -0.0014884964330121875 -0.033024728298187256 0.013306167908012867
v -0.0007528025889769197 -0.03428809717297554 0.006730434484779835
v 0.0002381312515353784 -0.033024709671735764 0.013387057930231094
v -0.0014884964330121875 -0.033024728298187256 0.013306167908012867
v 0.0002381312515353784 -0.033024709671735764 0.013387057930231094
v 0.0003509546222630888 -0.030969932675361633 0.019732564687728882
v 0.0003509546222630888 -0.030969932675361633 0.019732564687728882
v 0.0003509546222630888 -0.030969932675361633 0.019732564687728882
v 0.002980470657348633 -0.030969921499490738 0.01950933411717415
v 0.0038847357500344515 -0.028177546337246895 0.025428466498851776
v 0.0038847357500344515 -0.028177546337246895 0.025428466498851776
v 0.002980470657348633 -0.030969921499490738 0.01950933411717415
v 0.005419068969786167 -0.031008124351501465 0.018875090405344963
v 0.0038847357500344515 -0.028177546337246895 0.025428466498851776
v 0.005419068969786167 -0.031008124351501465 0.018875090405344963
v 0.00640596030279994 -0.02945711463689804 0.02231251820921898
v -0.0016360506415367126 -0.03428811952471733 0.00657179718837142
v -0.0008203938486985862 -0.03460866957902908 0.003295950824394822
v -0.0007528025889769197 -0.03428809717297554 0.006730434484779835
v -0.0007528025889769197 -0.03428809717297554 0.006730434484779835
v -0.0008203938486985862 -0.03460866957902908 0.003295950824394822
v 6.0510195908136666e-05 -0.03460864722728729 0.0033960251603275537
v -0.0007528025889769197 -0.03428809717297554 0.006730434484779835
v 6.0510195908136666e-05 -0.03460864722728729 0.0033960251603275537
v 0.00012051633530063555 -0.03428807854652405 0.006771349348127842
v 0.00012051633530063555 -0.03428807854652405 0.006771349348127842
v 6.0510195908136666e-05 -0.03460864722728729 0.0033960251603275537
v 0.001120822038501501 -0.034560613334178925 0.003903907723724842
v 0.00012051633530063555 -0.03428807854652405 0.006771349348127842
v 0.001120822038501501 -0.034560613334178925 0.003903907723724842
v 0.0010228062747046351 -0.03428807109594345 0.006694751791656017
v 0.0010228062747046351 -0.03428807109594345 0.006694751791656017
v 0.001120822038501501 -0.034560613334178925 0.003903907723724842
v 0.00223210989497602 -0.03410334140062332 0.007774613797664642
v 0.0010228062747046351 -0.03428807109594345 0.006694751791656017
v 0.00223210989497602 -0.03410334140062332 0.007774613797664642
v 0.0020220426376909018 -0.03302468731999397 0.013235613703727722
v 0.0020220426376909018 -0.03302468731999397 0.013235613703727722
v 0.00223210989497602 -0.03410334140062332 0.007774613797664642
v 0.003324615303426981 -0.03334979712963104 0.011579902842640877
v 0.0020220426376909018 -0.03302468731999397 0.013235613703727722
v 0.003324615303426981 -0.03334979712963104 0.011579902842640877
v 0.003694749902933836 -0.033023983240127563 0.012869107536971569
v 0.004503453150391579 -0.025710105895996094 0.029478492215275764
v 0.0016447319649159908 -0.025710109621286392 0.029775114730000496
v 0.0004574116610456258 -0.028177548199892044 0.025719426572322845
v 0.0004574116610456258 -0.028177548199892044 0.025719426572322845
v 0.0016447319649159908 -0.025710109621286392 0.029775114730000496
v -0.0028598729986697435 -0.028177566826343536 0.025564022362232208
v 0.0004574116610456258 -0.028177548199892044 0.025719426572322845
v -0.0028598729986697435 -0.028177566826343536 0.025564022362232208
v -0.002194131724536419 -0.030969958752393723 0.01961333304643631
v -0.002194131724536419 -0.030969958752393723 0.01961333304643631
v -0.0028598729986697435 -0.028177566826343536 0.025564022362232208
v -0.004768133629113436 -0.03096999228000641 0.019151020795106888
v -0.002194131724536419 -0.030969958752393723 0.01961333304643631
v -0.004768133629113436 -0.03096999228000641 0.019151020795106888
v -0.0032347459346055984 -0.03302476555109024 0.012992527335882187
v -0.0032347459346055984 -0.03302476555109024 0.012992527335882187
v -0.004768133629113436 -0.03096999228000641 0.019151020795106888
v -0.004895898979157209 -0.03302479907870293 0.012461910024285316
v -0.0032347459346055984 -0.03302476555109024 0.012992527335882187
v -0.004895898979157209 -0.03302479907870293 0.012461910024285316
v -0.002476252382621169 -0.03428814932703972 0.00630341237410903
v -0.002476252382621169 -0.03428814932703972 0.00630341237410903
v -0.004895898979157209 -0.03302479907870293 0.012461910024285316
v -0.003281129989773035 -0.034288179129362106 0.0059244162403047085
v -0.002476252382621169 -0.03428814932703972 0.00630341237410903
v -0.003281129989773035 -0.034288179129362106 0.0059244162403047085
v -0.0016453947173431516 -0.03460870683193207 0.0029712961986660957
v 0.007344263140112162 -0.027682682499289513 0.02558067999780178
v 0.004503453150391579 -0.025710105895996094 0.029478492215275764
v 0.0038847357500344515 -0.028177546337246895 0.025428466498851776
v 0.0038847357500344515 -0.028177546337246895 0.025428466498851776
v 0.004503453150391579 -0.025710105895996094 0.029478492215275764
v 0.0004574116610456258 -0.028177548199892044 0.025719426572322845
v 0.0004574116610456258 -0.028177548199892044 0.025719426572322845
v 0.0003509546222630888 -0.030969932675361633 0.019732564687728882
v -0.002194131724536419 -0.030969958752393723 0.01961333304643631
v -0.0014884964330121875 -0.033024728298187256 0.013306167908012867
v -0.0032347459346055984 -0.03302476555109024 0.012992527335882187
v -0.0016360506415367126 -0.03428811952471733 0.00657179718837142
v -0.0032347459346055984 -0.03302476555109024 0.012992527335882187
v -0.002476252382621169 -0.03428814932703972 0.00630341237410903
v -0.0016360506415367126 -0.03428811952471733 0.00657179718837142
v -0.002476252382621169 -0.03428814932703972 0.00630341237410903
v -0.0008203938486985862 -0.03460866957902908 0.003295950824394822
v -0.0008203938486985862 -0.03460866957902908 0.003295950824394822
v -0.002476252382621169 -0.03428814932703972 0.00630341237410903
v -0.0016453947173431516 -0.03460870683193207 0.0029712961986660957
v -0.0008203938486985862 -0.03460866957902908 0.003295950824394822
v -0.0016453947173431516 -0.03460870683193207 0.0029712961986660957
v 1.5106247985841037e-07 -0.03471630439162254 4.934552180202445e-07
v -0.005022088997066021 -0.02571011520922184 0.02939457632601261
v -0.00720470305532217 -0.02571011334657669 0.02893708273768425
v -0.006214839871972799 -0.02817758545279503 0.0249614417552948
v -0.006214839871972799 -0.02817758545279503 0.0249614417552948
v -0.00720470305532217 -0.02571011334657669 0.02893708273768425
v -0.009406302124261856 -0.028177611529827118 0.023941991850733757
v -0.006214839871972799 -0.02817758545279503 0.0249614417552948
v -0.009406302124261856 -0.028177611529827118 0.023941991850733757
v -0.00721669290214777 -0.030970027670264244 0.018368877470493317
v -0.00721669290214777 -0.030970027670264244 0.018368877470493317
v -0.009406302124261856 -0.028177611529827118 0.023941991850733757
v -0.009562280960381031 -0.030970076099038124 0.01726437546312809
v -0.00721669290214777 -0.030970027670264244 0.018368877470493317
v -0.009562280960381031 -0.030970076099038124 0.01726437546312809
v -0.0064871893264353275 -0.033024851232767105 0.011712596751749516
v -0.0064871893264353275 -0.033024851232767105 0.011712596751749516
v -0.009562280960381031 -0.030970076099038124 0.01726437546312809
v -0.00796651653945446 -0.03302490711212158 0.010761152021586895
v -0.0064871893264353275 -0.033024851232767105 0.011712596751749516
v -0.00796651653945446 -0.03302490711212158 0.010761152021586895
v -0.004029367584735155 -0.03428821265697479 0.0054431795142591
v -0.004029367584735155 -0.03428821265697479 0.0054431795142591
v -0.00796651653945446 -0.03302490711212158 0.010761152021586895
v -0.004702586680650711 -0.034288257360458374 0.004873313941061497
v -0.004029367584735155 -0.03428821265697479 0.0054431795142591
v -0.004702586680650711 -0.034288257360458374 0.004873313941061497
v -0.0023582421708852053 -0.03460874781012535 0.0024441753048449755
v -0.00621727854013443 -0.03428839147090912 0.0026846195105463266
v -0.0058035580441355705 -0.03428834676742554 0.0034901241306215525
v -0.01147425826638937 -0.033025097101926804 0.006899809464812279
v -0.01147425826638937 -0.033025097101926804 0.006899809464812279
v -0.0058035580441355705 -0.03428834676742554 0.0034901241306215525
v -0.01048974972218275 -0.03302503377199173 0.008320566266775131
v -0.01147425826638937 -0.033025097101926804 0.006899809464812279
v -0.01048974972218275 -0.03302503377199173 0.008320566266775131
v -0.015462133102118969 -0.030970251187682152 0.012264464981853962
v -0.015462133102118969 -0.030970251187682152 0.012264464981853962
v -0.01048974972218275 -0.03302503377199173 0.008320566266775131
v -0.013704775832593441 -0.03097018413245678 0.014201199635863304
v -0.015462133102118969 -0.030970251187682152 0.012264464981853962
v -0.013704775832593441 -0.03097018413245678 0.014201199635863304
v -0.017862915992736816 -0.02817770652472973 0.018509823828935623
v -0.017862915992736816 -0.02817770652472973 0.018509823828935623
v -0.013704775832593441 -0.03097018413245678 0.014201199635863304
v -0.015305720269680023 -0.028177671134471893 0.02067442797124386
v -0.017862915992736816 -0.02817770652472973 0.018509823828935623
v -0.015305720269680023 -0.028177671134471893 0.02067442797124386
v -0.017278574407100677 -0.025710131973028183 0.024304596707224846
v -0.017278574407100677 -0.025710131973028183 0.024304596707224846
v -0.015305720269680023 -0.028177671134471893 0.02067442797124386
v -0.014448682777583599 -0.025710126385092735 0.026086362078785896
v -0.00720470305532217 -0.02571011334657669 0.02893708273768425
v -0.011437080800533295 -0.025710122659802437 0.027540072798728943
v -0.009406302124261856 -0.028177611529827118 0.023941991850733757
v -0.009406302124261856 -0.028177611529827118 0.023941991850733757
v -0.011437080800533295 -0.025710122659802437 0.027540072798728943
v -0.012463567778468132 -0.028177637606859207 0.022502383217215538
v -0.012463567778468132 -0.028177637606859207 0.022502383217215538
v -0.009562280960381031 -0.030970076099038124 0.01726437546312809
v -0.012463567778468132 -0.028177637606859207 0.022502383217215538
v -0.011742847040295601 -0.030970126390457153 0.015861934050917625
v -0.009562280960381031 -0.030970076099038124 0.01726437546312809
v -0.011742847040295601 -0.030970126390457153 0.015861934050917625
v -0.00796651653945446 -0.03302490711212158 0.010761152021586895
v -0.00796651653945446 -0.03302490711212158 0.010761152021586895
v -0.011742847040295601 -0.030970126390457153 0.015861934050917625
v -0.009297531098127365 -0.03302496671676636 0.00963448267430067
v -0.00796651653945446 -0.03302490711212158 0.010761152021586895
v -0.009297531098127365 -0.03302496671676636 0.00963448267430067
v -0.004702586680650711 -0.034288257360458374 0.004873313941061497
v -0.004702586680650711 -0.034288257360458374 0.004873313941061497
v -0.009297531098127365 -0.03302496671676636 0.00963448267430067
v -0.005305610131472349 -0.034288302063941956 0.004208741709589958
v -0.004702586680650711 -0.034288257360458374 0.004873313941061497
v -0.005305610131472349 -0.034288302063941956 0.004208741709589958
v -0.0023582421708852053 -0.03460874781012535 0.0024441753048449755
v -0.0023582421708852053 -0.03460874781012535 0.0024441753048449755
v -0.005305610131472349 -0.034288302063941956 0.004208741709589958
v -0.002910374430939555 -0.03460879996418953 0.001750516821630299
v -0.0023582421708852053 -0.03460874781012535 0.0024441753048449755
v -0.002910374430939555 -0.03460879996418953 0.001750516821630299
v 1.5106247985841037e-07 -0.03471630439162254 4.934552180202445e-07
v -0.0065090409480035305 -0.0342884436249733 0.001869118888862431
v -0.00621727854013443 -0.03428839147090912 0.0026846195105463266
v -0.012292202562093735 -0.033025164157152176 0.005307254381477833
v -0.012292202562093735 -0.033025164157152176 0.005307254381477833
v -0.00621727854013443 -0.03428839147090912 0.0026846195105463266
v -0.01147425826638937 -0.033025097101926804 0.006899809464812279
v -0.012292202562093735 -0.033025164157152176 0.005307254381477833
v -0.01147425826638937 -0.033025097101926804 0.006899809464812279
v -0.016913315281271935 -0.030970316380262375 0.010170244611799717
v -0.016913315281271935 -0.030970316380262375 0.010170244611799717
v -0.01147425826638937 -0.033025097101926804 0.006899809464812279
v -0.015462133102118969 -0.030970251187682152 0.012264464981853962
v -0.016913315281271935 -0.030970316380262375 0.010170244611799717
v -0.015462133102118969 -0.030970251187682152 0.012264464981853962
v -0.020153457298874855 -0.02817774936556816 0.01598547026515007
v -0.020153457298874855 -0.02817774936556816 0.01598547026515007
v -0.015462133102118969 -0.030970251187682152 0.012264464981853962
v -0.017862915992736816 -0.02817770652472973 0.018509823828935623
v -0.020153457298874855 -0.02817774936556816 0.01598547026515007
v -0.017862915992736816 -0.02817770652472973 0.018509823828935623
v -0.02225363627076149 -0.025710148736834526 0.019850382581353188
v -0.02225363627076149 -0.025710148736834526 0.019850382581353188
v -0.017862915992736816 -0.02817770652472973 0.018509823828935623
v -0.020708002150058746 -0.02571014314889908 0.021457897499203682
v -0.0065090409480035305 -0.0342884436249733 0.001869118888862431
v -0.003264165250584483 -0.03460885211825371 0.0009375933441333473
v -0.00621727854013443 -0.03428839147090912 0.0026846195105463266
v -0.00621727854013443 -0.03428839147090912 0.0026846195105463266
v -0.003264165250584483 -0.03460885211825371 0.0009375933441333473
v -0.002910374430939555 -0.03460879996418953 0.001750516821630299
v -0.00621727854013443 -0.03428839147090912 0.0026846195105463266
v -0.002910374430939555 -0.03460879996418953 0.001750516821630299
v -0.0058035580441355705 -0.03428834676742554 0.0034901241306215525
v -0.0058035580441355705 -0.03428834676742554 0.0034901241306215525
v -0.002910374430939555 -0.03460879996418953 0.001750516821630299
v -0.005305610131472349 -0.034288302063941956 0.004208741709589958
v -0.005305610131472349 -0.034288302063941956 0.004208741709589958
v -0.01048974972218275 -0.03302503377199173 0.008320566266775131
v -0.005305610131472349 -0.034288302063941956 0.004208741709589958
v -0.009297531098127365 -0.03302496671676636 0.00963448267430067
v -0.01048974972218275 -0.03302503377199173 0.008320566266775131
v -0.009297531098127365 -0.03302496671676636 0.00963448267430067
v -0.013704775832593441 -0.03097018413245678 0.014201199635863304
v -0.013704775832593441 -0.03097018413245678 0.014201199635863304
v -0.009297531098127365 -0.03302496671676636 0.00963448267430067
v -0.011742847040295601 -0.030970126390457153 0.015861934050917625
v -0.013704775832593441 -0.03097018413245678 0.014201199635863304
v -0.011742847040295601 -0.030970126390457153 0.015861934050917625
v -0.015305720269680023 -0.028177671134471893 0.02067442797124386
v -0.015305720269680023 -0.028177671134471893 0.02067442797124386
v -0.011742847040295601 -0.030970126390457153 0.015861934050917625
v -0.012463567778468132 -0.028177637606859207 0.022502383217215538
v -0.015305720269680023 -0.028177671134471893 0.02067442797124386
v -0.012463567778468132 -0.028177637606859207 0.022502383217215538
v -0.014448682777583599 -0.025710126385092735 0.026086362078785896
v -0.014448682777583599 -0.025710126385092735 0.026086362078785896
v -0.012463567778468132 -0.028177637606859207 0.022502383217215538
v -0.011437080800533295 -0.025710122659802437 0.027540072798728943
v -0.003315378911793232 -0.02571011148393154 0.029635634273290634
v -0.005022088997066021 -0.02571011520922184 0.02939457632601261
v -0.0028598729986697435 -0.028177566826343536 0.025564022362232208
v -0.0028598729986697435 -0.028177566826343536 0.025564022362232208
v -0.005022088997066021 -0.02571011520922184 0.02939457632601261
v -0.006214839871972799 -0.02817758545279503 0.0249614417552948
v -0.006214839871972799 -0.02817758545279503 0.0249614417552948
v -0.004768133629113436 -0.03096999228000641 0.019151020795106888
v -0.00721669290214777 -0.030970027670264244 0.018368877470493317
v -0.004895898979157209 -0.03302479907870293 0.012461910024285316
v -0.0064871893264353275 -0.033024851232767105 0.011712596751749516
v -0.003281129989773035 -0.034288179129362106 0.0059244162403047085
v -0.003281129989773035 -0.034288179129362106 0.0059244162403047085
v -0.004029367584735155 -0.03428821265697479 0.0054431795142591
v -0.0016453947173431516 -0.03460870683193207 0.0029712961986660957
v -0.0016453947173431516 -0.03460870683193207 0.0029712961986660957
v -0.004029367584735155 -0.03428821265697479 0.0054431795142591
v -0.0023582421708852053 -0.03460874781012535 0.0024441753048449755
v -0.0016453947173431516 -0.03460870683193207 0.0029712961986660957
v -0.0023582421708852053 -0.03460874781012535 0.0024441753048449755
v 1.5106247985841037e-07 -0.03471630439162254 4.934552180202445e-07
v -0.02336336113512516 -0.025710148736834526 0.01853148266673088
v -0.02611282281577587 -0.02571016177535057 0.014400792308151722
v -0.022044934332370758 -0.028177784755825996 0.013255851343274117
v -0.022044934332370758 -0.028177784755825996 0.013255851343274117
v -0.02611282281577587 -0.02571016177535057 0.014400792308151722
v -0.023616408929228783 -0.028177829459309578 0.010196169838309288
v -0.022044934332370758 -0.028177784755825996 0.013255851343274117
v -0.023616408929228783 -0.028177829459309578 0.010196169838309288
v -0.01811898685991764 -0.030970383435487747 0.00782279297709465
v -0.01811898685991764 -0.030970383435487747 0.00782279297709465
v -0.023616408929228783 -0.028177829459309578 0.010196169838309288
v -0.018969230353832245 -0.03097045049071312 0.005446207243949175
v -0.01811898685991764 -0.030970383435487747 0.00782279297709465
v -0.018969230353832245 -0.03097045049071312 0.005446207243949175
v -0.01286903116852045 -0.033025238662958145 0.003694938961416483
v -0.01286903116852045 -0.033025238662958145 0.003694938961416483
v -0.018969230353832245 -0.03097045049071312 0.005446207243949175
v -0.013235350139439106 -0.033025309443473816 0.0020221867598593235
v -0.01286903116852045 -0.033025238662958145 0.003694938961416483
v -0.013235350139439106 -0.033025309443473816 0.0020221867598593235
v -0.006694313138723373 -0.03428848832845688 0.0010230432962998748
v -0.006694313138723373 -0.03428848832845688 0.0010230432962998748
v -0.013235350139439106 -0.033025309443473816 0.0020221867598593235
v -0.006770921405404806 -0.03428854048252106 0.0001207535169669427
v -0.006694313138723373 -0.03428848832845688 0.0010230432962998748
v -0.006770921405404806 -0.03428854048252106 0.0001207535169669427
v -0.003395500360056758 -0.034608904272317886 6.08024129178375e-05
v -0.029775099828839302 -0.025710193440318108 0.0016447341768071055
v -0.029635630548000336 -0.025710204616189003 -0.0033153733238577843
v -0.02556396834552288 -0.02817799709737301 -0.0028598480857908726
v -0.00630298862233758 -0.0342886708676815 -0.002476017689332366
v -0.006571363657712936 -0.03428862243890762 -0.0016358202556148171
v -0.012992262840270996 -0.03302551060914993 -0.0032346078660339117
v -0.012992262840270996 -0.03302551060914993 -0.0032346078660339117
v -0.006571363657712936 -0.03428862243890762 -0.0016358202556148171
v -0.0133059062063694 -0.03302545100450516 -0.0014883551048114896
v -0.012992262840270996 -0.03302551060914993 -0.0032346078660339117
v -0.0133059062063694 -0.03302545100450516 -0.0014883551048114896
v -0.019613202661275864 -0.030970655381679535 -0.002194056985899806
v -0.019613202661275864 -0.030970655381679535 -0.002194056985899806
v -0.0133059062063694 -0.03302545100450516 -0.0014883551048114896
v -0.019732434302568436 -0.03097059391438961 0.00035103276604786515
v -0.019613202661275864 -0.030970655381679535 -0.002194056985899806
v -0.019732434302568436 -0.03097059391438961 0.00035103276604786515
v -0.025719374418258667 -0.028177957981824875 0.00045743482769466937
v -0.025719374418258667 -0.028177957981824875 0.00045743482769466937
v -0.019732434302568436 -0.03097059391438961 0.00035103276604786515
v -0.025428416207432747 -0.028177913278341293 0.0038847553078085184
v -0.025719374418258667 -0.028177957981824875 0.00045743482769466937
v -0.025428416207432747 -0.028177913278341293 0.0038847553078085184
v -0.029478486627340317 -0.02571018598973751 0.004503458738327026
v -0.029478486627340317 -0.02571018598973751 0.004503458738327026
v -0.025428416207432747 -0.028177913278341293 0.0038847553078085184
v -0.02866259589791298 -0.025710176676511765 0.008229084312915802
v -0.02611282281577587 -0.02571016177535057 0.014400792308151722
v -0.027377856895327568 -0.025710169225931168 0.011820102110505104
v -0.023616408929228783 -0.028177829459309578 0.010196169838309288
v -0.023616408929228783 -0.028177829459309578 0.010196169838309288
v -0.027377856895327568 -0.025710169225931168 0.011820102110505104
v -0.024724625051021576 -0.02817787416279316 0.007098517846316099
v -0.023616408929228783 -0.028177829459309578 0.010196169838309288
v -0.024724625051021576 -0.02817787416279316 0.007098517846316099
v -0.018969230353832245 -0.03097045049071312 0.005446207243949175
v -0.018969230353832245 -0.03097045049071312 0.005446207243949175
v -0.024724625051021576 -0.02817787416279316 0.007098517846316099
v -0.019509201869368553 -0.030970517545938492 0.00298054376617074
v -0.018969230353832245 -0.03097045049071312 0.005446207243949175
v -0.019509201869368553 -0.030970517545938492 0.00298054376617074
v -0.013235350139439106 -0.033025309443473816 0.0020221867598593235
v -0.013235350139439106 -0.033025309443473816 0.0020221867598593235
v -0.019509201869368553 -0.030970517545938492 0.00298054376617074
v -0.013386791571974754 -0.033025383949279785 0.0002382768871029839
v -0.013235350139439106 -0.033025309443473816 0.0020221867598593235
v -0.013386791571974754 -0.033025383949279785 0.0002382768871029839
v -0.006770921405404806 -0.03428854048252106 0.0001207535169669427
v -0.006770921405404806 -0.03428854048252106 0.0001207535169669427
v -0.013386791571974754 -0.033025383949279785 0.0002382768871029839
v -0.00673000467941165 -0.03428858518600464 -0.0007525720866397023
v -0.006770921405404806 -0.03428854048252106 0.0001207535169669427
v -0.00673000467941165 -0.03428858518600464 -0.0007525720866397023
v -0.003395500360056758 -0.034608904272317886 6.08024129178375e-05
v -0.003395500360056758 -0.034608904272317886 6.08024129178375e-05
v -0.00673000467941165 -0.03428858518600464 -0.0007525720866397023
v -0.0032954197376966476 -0.03460896015167236 -0.0008201075834222138
v -0.003395500360056758 -0.034608904272317886 6.08024129178375e-05
v -0.0032954197376966476 -0.03460896015167236 -0.0008201075834222138
v 1.5106247985841037e-07 -0.03471630439162254 4.934552180202445e-07
v -0.02893707901239395 -0.025710206478834152 -0.007204699795693159
v -0.027540059760212898 -0.025710217654705048 -0.011437080800533295
v -0.023941950872540474 -0.02817806974053383 -0.00940628256648779
v -0.005923983175307512 -0.03428870812058449 -0.0032808887772262096
v -0.00630298862233758 -0.0342886708676815 -0.002476017689332366
v -0.012461641803383827 -0.03302557393908501 -0.004895756486803293
v -0.012461641803383827 -0.03302557393908501 -0.004895756486803293
v -0.00630298862233758 -0.0342886708676815 -0.002476017689332366
v -0.012992262840270996 -0.03302551060914993 -0.0032346078660339117
v -0.012461641803383827 -0.03302557393908501 -0.004895756486803293
v -0.012992262840270996 -0.03302551060914993 -0.0032346078660339117
v -0.01915089227259159 -0.03097071684896946 -0.00476806191727519
v -0.01915089227259159 -0.03097071684896946 -0.00476806191727519
v -0.012992262840270996 -0.03302551060914993 -0.0032346078660339117
v -0.019613202661275864 -0.030970655381679535 -0.002194056985899806
v -0.01915089227259159 -0.03097071684896946 -0.00476806191727519
v -0.019613202661275864 -0.030970655381679535 -0.002194056985899806
v -0.02556396834552288 -0.02817799709737301 -0.0028598480857908726
v -0.02556396834552288 -0.02817799709737301 -0.0028598480857908726
v -0.019613202661275864 -0.030970655381679535 -0.002194056985899806
v -0.025719374418258667 -0.028177957981824875 0.00045743482769466937
v -0.02556396834552288 -0.02817799709737301 -0.0028598480857908726
v -0.025719374418258667 -0.028177957981824875 0.00045743482769466937
v -0.029775099828839302 -0.025710193440318108 0.0016447341768071055
v -0.029775099828839302 -0.025710193440318108 0.0016447341768071055
v -0.025719374418258667 -0.028177957981824875 0.00045743482769466937
v -0.029478486627340317 -0.02571018598973751 0.004503458738327026
v -0.005923983175307512 -0.03428870812058449 -0.0032808887772262096
v -0.0029707648791372776 -0.034609004855155945 -0.0016450965777039528
v -0.00630298862233758 -0.0342886708676815 -0.002476017689332366
v -0.00630298862233758 -0.0342886708676815 -0.002476017689332366
v -0.0029707648791372776 -0.034609004855155945 -0.0016450965777039528
v -0.0032954197376966476 -0.03460896015167236 -0.0008201075834222138
v -0.00630298862233758 -0.0342886708676815 -0.002476017689332366
v -0.0032954197376966476 -0.03460896015167236 -0.0008201075834222138
v -0.006571363657712936 -0.03428862243890762 -0.0016358202556148171
v -0.006571363657712936 -0.03428862243890762 -0.0016358202556148171
v -0.0032954197376966476 -0.03460896015167236 -0.0008201075834222138
v -0.00673000467941165 -0.03428858518600464 -0.0007525720866397023
v -0.00673000467941165 -0.03428858518600464 -0.0007525720866397023
v -0.0133059062063694 -0.03302545100450516 -0.0014883551048114896
v -0.00673000467941165 -0.03428858518600464 -0.0007525720866397023
v -0.013386791571974754 -0.033025383949279785 0.0002382768871029839
v -0.0133059062063694 -0.03302545100450516 -0.0014883551048114896
v -0.013386791571974754 -0.033025383949279785 0.0002382768871029839
v -0.019732434302568436 -0.03097059391438961 0.00035103276604786515
v -0.019732434302568436 -0.03097059391438961 0.00035103276604786515
v -0.013386791571974754 -0.033025383949279785 0.0002382768871029839
v -0.019509201869368553 -0.030970517545938492 0.00298054376617074
v -0.019732434302568436 -0.03097059391438961 0.00035103276604786515
v -0.019509201869368553 -0.030970517545938492 0.00298054376617074
v -0.025428416207432747 -0.028177913278341293 0.0038847553078085184
v -0.025428416207432747 -0.028177913278341293 0.0038847553078085184
v -0.019509201869368553 -0.030970517545938492 0.00298054376617074
v -0.024724625051021576 -0.02817787416279316 0.007098517846316099
v -0.024724625051021576 -0.02817787416279316 0.007098517846316099
v -0.02866259589791298 -0.025710176676511765 0.008229084312915802
v -0.02225363627076149 -0.025710148736834526 0.019850382581353188
v -0.02336336113512516 -0.025710148736834526 0.01853148266673088
v -0.020153457298874855 -0.02817774936556816 0.01598547026515007
v -0.020153457298874855 -0.02817774936556816 0.01598547026515007
v -0.02336336113512516 -0.025710148736834526 0.01853148266673088
v -0.022044934332370758 -0.028177784755825996 0.013255851343274117
v -0.020153457298874855 -0.02817774936556816 0.01598547026515007
v -0.022044934332370758 -0.028177784755825996 0.013255851343274117
v -0.016913315281271935 -0.030970316380262375 0.010170244611799717
v -0.016913315281271935 -0.030970316380262375 0.010170244611799717
v -0.022044934332370758 -0.028177784755825996 0.013255851343274117
v -0.01811898685991764 -0.030970383435487747 0.00782279297709465
v -0.016913315281271935 -0.030970316380262375 0.010170244611799717
v -0.01811898685991764 -0.030970383435487747 0.00782279297709465
v -0.012292202562093735 -0.033025164157152176 0.005307254381477833
v -0.012292202562093735 -0.033025164157152176 0.005307254381477833
v -0.01811898685991764 -0.030970383435487747 0.00782279297709465
v -0.01286903116852045 -0.033025238662958145 0.003694938961416483
v -0.012292202562093735 -0.033025164157152176 0.005307254381477833
v -0.01286903116852045 -0.033025238662958145 0.003694938961416483
v -0.0065090409480035305 -0.0342884436249733 0.001869118888862431
v -0.0065090409480035305 -0.0342884436249733 0.001869118888862431
v -0.0065090409480035305 -0.0342884436249733 0.001869118888862431
v -0.006694313138723373 -0.03428848832845688 0.0010230432962998748
v -0.003264165250584483 -0.03460885211825371 0.0009375933441333473
v -0.003264165250584483 -0.03460885211825371 0.0009375933441333473
v -0.006694313138723373 -0.03428848832845688 0.0010230432962998748
v -0.003395500360056758 -0.034608904272317886 6.08024129178375e-05
v -0.003264165250584483 -0.03460885211825371 0.0009375933441333473
v -0.003395500360056758 -0.034608904272317886 6.08024129178375e-05
v 1.5106247985841037e-07 -0.03471630439162254 4.934552180202445e-07
v -0.023941950872540474 -0.02817806974053383 -0.00940628256648779
v -0.027540059760212898 -0.025710217654705048 -0.011437080800533295
v -0.02250232920050621 -0.028178103268146515 -0.012463541701436043
v -0.02250232920050621 -0.028178103268146515 -0.012463541701436043
v -0.027540059760212898 -0.025710217654705048 -0.011437080800533295
v -0.02608634904026985 -0.025710221379995346 -0.014448674395680428
v -0.02250232920050621 -0.028178103268146515 -0.012463541701436043
v -0.02608634904026985 -0.025710221379995346 -0.014448674395680428
v -0.020674388855695724 -0.028178129345178604 -0.015305700711905956
v -0.020674388855695724 -0.028178129345178604 -0.015305700711905956
v -0.02608634904026985 -0.025710221379995346 -0.014448674395680428
v -0.02430458553135395 -0.025710225105285645 -0.01727856881916523
v -0.020674388855695724 -0.028178129345178604 -0.015305700711905956
v -0.02430458553135395 -0.025710225105285645 -0.01727856881916523
v -0.018509769812226295 -0.028178157284855843 -0.017862889915704727
v -0.02430458553135395 -0.025710225105285645 -0.01727856881916523
v -0.021457882598042488 -0.025710230693221092 -0.020707992836833
v -0.018509769812226295 -0.028178157284855843 -0.017862889915704727
v -0.018509769812226295 -0.028178157284855843 -0.017862889915704727
v -0.021457882598042488 -0.025710230693221092 -0.020707992836833
v -0.01985037513077259 -0.02571023441851139 -0.02225363999605179
v -0.018509769812226295 -0.028178157284855843 -0.017862889915704727
v -0.01985037513077259 -0.02571023441851139 -0.02225363999605179
v -0.015985416248440742 -0.028178175911307335 -0.020153431221842766
v -0.015985416248440742 -0.028178175911307335 -0.020153431221842766
v -0.01985037513077259 -0.02571023441851139 -0.02225363999605179
v -0.018531471490859985 -0.025710228830575943 -0.023363355547189713
v -0.015985416248440742 -0.028178175911307335 -0.020153431221842766
v -0.018531471490859985 -0.025710228830575943 -0.023363355547189713
v -0.013255804777145386 -0.02817818894982338 -0.022044910117983818
v -0.013255804777145386 -0.02817818894982338 -0.022044910117983818
v -0.018531471490859985 -0.025710228830575943 -0.023363355547189713
v -0.014400784857571125 -0.02571023628115654 -0.026112817227840424
v -0.013255804777145386 -0.02817818894982338 -0.022044910117983818
v -0.014400784857571125 -0.02571023628115654 -0.026112817227840424
v -0.010196122340857983 -0.028178192675113678 -0.023616380989551544
v -0.010196122340857983 -0.028178192675113678 -0.023616380989551544
v -0.014400784857571125 -0.02571023628115654 -0.026112817227840424
v -0.011820095591247082 -0.02571023255586624 -0.027377860620617867
v -0.010196122340857983 -0.028178192675113678 -0.023616380989551544
v -0.011820095591247082 -0.02571023255586624 -0.027377860620617867
v -0.007344246841967106 -0.027682801708579063 -0.02558066137135029
v -0.007344246841967106 -0.027682801708579063 -0.02558066137135029
v -0.011820095591247082 -0.02571023255586624 -0.027377860620617867
v -0.008229069411754608 -0.02571023814380169 -0.02866259403526783
v -0.007098408415913582 -0.02817775122821331 -0.024724382907152176
v -0.006405946332961321 -0.02945721708238125 -0.02231249026954174
v -0.010196122340857983 -0.028178192675113678 -0.023616380989551544
v -0.010196122340857983 -0.028178192675113678 -0.023616380989551544
v -0.006405946332961321 -0.02945721708238125 -0.02231249026954174
v -0.007822657003998756 -0.030970977619290352 -0.018118910491466522
v -0.010196122340857983 -0.028178192675113678 -0.023616380989551544
v -0.007822657003998756 -0.030970977619290352 -0.018118910491466522
v -0.013255804777145386 -0.02817818894982338 -0.022044910117983818
v -0.010170115157961845 -0.030970966443419456 -0.016913242638111115
v -0.013255804777145386 -0.02817818894982338 -0.022044910117983818
v -0.010170115157961845 -0.030970966443419456 -0.016913242638111115
v -0.015985416248440742 -0.028178175911307335 -0.020153431221842766
v -0.012264330871403217 -0.030970940366387367 -0.015462061390280724
v -0.015985416248440742 -0.028178175911307335 -0.020153431221842766
v -0.012264330871403217 -0.030970940366387367 -0.015462061390280724
v -0.018509769812226295 -0.028178157284855843 -0.017862889915704727
v -0.014201072044670582 -0.030970914289355278 -0.013704708777368069
v -0.018509769812226295 -0.028178157284855843 -0.017862889915704727
v -0.014201072044670582 -0.030970914289355278 -0.013704708777368069
v -0.020674388855695724 -0.028178129345178604 -0.015305700711905956
v -0.015861807391047478 -0.030970873311161995 -0.011742780916392803
v -0.020674388855695724 -0.028178129345178604 -0.015305700711905956
v -0.015861807391047478 -0.030970873311161995 -0.011742780916392803
v -0.02250232920050621 -0.028178103268146515 -0.012463541701436043
v -0.017264246940612793 -0.030970824882388115 -0.009562213905155659
v -0.02250232920050621 -0.028178103268146515 -0.012463541701436043
v -0.017264246940612793 -0.030970824882388115 -0.009562213905155659
v -0.023941950872540474 -0.02817806974053383 -0.00940628256648779
v -0.005419056862592697 -0.031008204445242882 -0.018875055015087128
v -0.004389579873532057 -0.0323125384747982 -0.01528930477797985
v -0.007822657003998756 -0.030970977619290352 -0.018118910491466522
v -0.007822657003998756 -0.030970977619290352 -0.018118910491466522
v -0.004389579873532057 -0.0323125384747982 -0.01528930477797985
v -0.0053069861605763435 -0.03302577883005142 -0.012292061932384968
v -0.007822657003998756 -0.030970977619290352 -0.018118910491466522
v -0.0053069861605763435 -0.03302577883005142 -0.012292061932384968
v -0.010170115157961845 -0.030970966443419456 -0.016913242638111115
v -0.006899544037878513 -0.033025771379470825 -0.011474116705358028
v -0.010170115157961845 -0.030970966443419456 -0.016913242638111115
v -0.006899544037878513 -0.033025771379470825 -0.011474116705358028
v -0.012264330871403217 -0.030970940366387367 -0.015462061390280724
v -0.00832030177116394 -0.033025745302438736 -0.010489607229828835
v -0.012264330871403217 -0.030970940366387367 -0.015462061390280724
v -0.00832030177116394 -0.033025745302438736 -0.010489607229828835
v -0.014201072044670582 -0.030970914289355278 -0.013704708777368069
v -0.009634226560592651 -0.03302571177482605 -0.009297385811805725
v -0.014201072044670582 -0.030970914289355278 -0.013704708777368069
v -0.009634226560592651 -0.03302571177482605 -0.009297385811805725
v -0.015861807391047478 -0.030970873311161995 -0.011742780916392803
v -0.010760890319943428 -0.033025674521923065 -0.007966381497681141
v -0.015861807391047478 -0.030970873311161995 -0.011742780916392803
v -0.010760890319943428 -0.033025674521923065 -0.007966381497681141
v -0.017264246940612793 -0.030970824882388115 -0.009562213905155659
v -0.003694548737257719 -0.033024195581674576 -0.012868479825556278
v -0.003324591787531972 -0.03334985300898552 -0.011579860933125019
v -0.0053069861605763435 -0.03302577883005142 -0.012292061932384968
v -0.0053069861605763435 -0.03302577883005142 -0.012292061932384968
v -0.003324591787531972 -0.03334985300898552 -0.011579860933125019
v -0.002684188773855567 -0.034288808703422546 -0.00621704151853919
v -0.0053069861605763435 -0.03302577883005142 -0.012292061932384968
v -0.002684188773855567 -0.034288808703422546 -0.00621704151853919
v -0.006899544037878513 -0.033025771379470825 -0.011474116705358028
v -0.0034897003788501024 -0.03428880125284195 -0.005803326610475779
v -0.006899544037878513 -0.033025771379470825 -0.011474116705358028
v -0.0034897003788501024 -0.03428880125284195 -0.005803326610475779
v -0.00832030177116394 -0.033025745302438736 -0.010489607229828835
v -0.0042083049193024635 -0.034288786351680756 -0.005305369384586811
v -0.00832030177116394 -0.033025745302438736 -0.010489607229828835
v -0.0042083049193024635 -0.034288786351680756 -0.005305369384586811
v -0.009634226560592651 -0.03302571177482605 -0.009297385811805725
v -0.004872884601354599 -0.034288760274648666 -0.004702346865087748
v -0.009634226560592651 -0.03302571177482605 -0.009297385811805725
v -0.004872884601354599 -0.034288760274648666 -0.004702346865087748
v -0.010760890319943428 -0.033025674521923065 -0.007966381497681141
v -0.029394563287496567 -0.025710204616189003 -0.005022086668759584
v -0.02893707901239395 -0.025710206478834152 -0.007204699795693159
v -0.02496139518916607 -0.028178038075566292 -0.006214817054569721
v -0.02496139518916607 -0.028178038075566292 -0.006214817054569721
v -0.02893707901239395 -0.025710206478834152 -0.007204699795693159
v -0.023941950872540474 -0.02817806974053383 -0.00940628256648779
v -0.02496139518916607 -0.028178038075566292 -0.006214817054569721
v -0.023941950872540474 -0.02817806974053383 -0.00940628256648779
v -0.018368741497397423 -0.030970778316259384 -0.007216626312583685
v -0.018368741497397423 -0.030970778316259384 -0.007216626312583685
v -0.023941950872540474 -0.02817806974053383 -0.00940628256648779
v -0.017264246940612793 -0.030970824882388115 -0.009562213905155659
v -0.018368741497397423 -0.030970778316259384 -0.007216626312583685
v -0.017264246940612793 -0.030970824882388115 -0.009562213905155659
v -0.01171233132481575 -0.033025626093149185 -0.0064870454370975494
v -0.01171233132481575 -0.033025626093149185 -0.0064870454370975494
v -0.01171233132481575 -0.033025626093149185 -0.0064870454370975494
v -0.010760890319943428 -0.033025674521923065 -0.007966381497681141
v -0.005442751105874777 -0.034288737922906876 -0.004029128700494766
v -0.005442751105874777 -0.034288737922906876 -0.004029128700494766
v -0.005442751105874777 -0.034288737922906876 -0.004029128700494766
v -0.004872884601354599 -0.034288760274648666 -0.004702346865087748
v -0.0024436376988887787 -0.03460903465747833 -0.0023579515982419252
v -0.0024436376988887787 -0.03460903465747833 -0.0023579515982419252
v -0.004872884601354599 -0.034288760274648666 -0.004702346865087748
v -0.0042083049193024635 -0.034288786351680756 -0.005305369384586811
v -0.0024436376988887787 -0.03460903465747833 -0.0023579515982419252
v -0.0042083049193024635 -0.034288786351680756 -0.005305369384586811
v -0.0017499858513474464 -0.03460905700922012 -0.0029100822284817696
v -0.0017499858513474464 -0.03460905700922012 -0.0029100822284817696
v -0.0042083049193024635 -0.034288786351680756 -0.005305369384586811
v -0.0034897003788501024 -0.03428880125284195 -0.005803326610475779
v -0.0017499858513474464 -0.03460905700922012 -0.0029100822284817696
v -0.0034897003788501024 -0.03428880125284195 -0.005803326610475779
v -0.0011208001524209976 -0.03456063196063042 -0.0039038597606122494
v -0.0011208001524209976 -0.03456063196063042 -0.0039038597606122494
v -0.0034897003788501024 -0.03428880125284195 -0.005803326610475779
v -0.002684188773855567 -0.034288808703422546 -0.00621704151853919
v -0.0011208001524209976 -0.03456063196063042 -0.0039038597606122494
v -0.002684188773855567 -0.034288808703422546 -0.00621704151853919
v -0.0022320877760648727 -0.03410337492823601 -0.0077745686285197735
v -0.0022320877760648727 -0.03410337492823601 -0.0077745686285197735
v -0.002684188773855567 -0.034288808703422546 -0.00621704151853919
v -0.003324591787531972 -0.03334985300898552 -0.011579860933125019
v -0.029635630548000336 -0.025710204616189003 -0.0033153733238577843
v -0.029394563287496567 -0.025710204616189003 -0.005022086668759584
v -0.02556396834552288 -0.02817799709737301 -0.0028598480857908726
v -0.02556396834552288 -0.02817799709737301 -0.0028598480857908726
v -0.029394563287496567 -0.025710204616189003 -0.005022086668759584
v -0.02496139518916607 -0.028178038075566292 -0.006214817054569721
v -0.02556396834552288 -0.02817799709737301 -0.0028598480857908726
v -0.02496139518916607 -0.028178038075566292 -0.006214817054569721
v -0.01915089227259159 -0.03097071684896946 -0.00476806191727519
v -0.01915089227259159 -0.03097071684896946 -0.00476806191727519
v -0.02496139518916607 -0.028178038075566292 -0.006214817054569721
v -0.018368741497397423 -0.030970778316259384 -0.007216626312583685
v -0.01915089227259159 -0.03097071684896946 -0.00476806191727519
v -0.018368741497397423 -0.030970778316259384 -0.007216626312583685
v -0.012461641803383827 -0.03302557393908501 -0.004895756486803293
v -0.012461641803383827 -0.03302557393908501 -0.004895756486803293
v -0.018368741497397423 -0.030970778316259384 -0.007216626312583685
v -0.01171233132481575 -0.033025626093149185 -0.0064870454370975494
v -0.012461641803383827 -0.03302557393908501 -0.004895756486803293
v -0.01171233132481575 -0.033025626093149185 -0.0064870454370975494
v -0.005923983175307512 -0.03428870812058449 -0.0032808887772262096
v -0.005923983175307512 -0.03428870812058449 -0.0032808887772262096
v -0.005923983175307512 -0.03428870812058449 -0.0032808887772262096
v -0.005442751105874777 -0.034288737922906876 -0.004029128700494766
v -0.0029707648791372776 -0.034609004855155945 -0.0016450965777039528
v -0.0029707648791372776 -0.034609004855155945 -0.0016450965777039528
v -0.005442751105874777 -0.034288737922906876 -0.004029128700494766
v -0.0024436376988887787 -0.03460903465747833 -0.0023579515982419252
v -0.0029707648791372776 -0.034609004855155945 -0.0016450965777039528
v -0.0024436376988887787 -0.03460903465747833 -0.0023579515982419252
v 1.5106247985841037e-07 -0.03471630439162254 4.934552180202445e-07
v 0.02033763751387596 -0.03175656124949455 -0.024271756410598755
v -0.005419056862592697 -0.031008204445242882 -0.018875055015087128
v -0.006405946332961321 -0.02945721708238125 -0.02231249026954174
v 0.033455993980169296 -0.02570994198322296 0.021419677883386612
v 0.008229087106883526 -0.025710104033350945 0.028662601485848427
v 0.032563142478466034 -0.027713797986507416 0.018310828134417534
v 0.032563142478466034 -0.027713797986507416 0.018310828134417534
v 0.008229087106883526 -0.025710104033350945 0.028662601485848427
v 0.007344263140112162 -0.027682682499289513 0.02558067999780178
v 0.032563142478466034 -0.027713797986507416 0.018310828134417534
v 0.007344263140112162 -0.027682682499289513 0.02558067999780178
v 0.03222907334566116 -0.028384819626808167 0.017147716134786606
v 0.03222907334566116 -0.028384819626808167 0.017147716134786606
v 0.007344263140112162 -0.027682682499289513 0.02558067999780178
v 0.0070984880439937115 -0.028177497908473015 0.024724654853343964
v 0.03222907334566116 -0.028384819626808167 0.017147716134786606
v 0.0070984880439937115 -0.028177497908473015 0.024724654853343964
v 0.03150111809372902 -0.029711194336414337 0.014612232334911823
v 0.003324615303426981 -0.03334979712963104 0.011579902842640877
v 0.028034979477524757 -0.03380151838064194 0.0025374768301844597
v 0.003694749902933836 -0.033023983240127563 0.012869107536971569
v 0.003694749902933836 -0.033023983240127563 0.012869107536971569
v 0.028034979477524757 -0.03380151838064194 0.0025374768301844597
v 0.029245581477880478 -0.032760754227638245 0.006749157793819904
v 0.003694749902933836 -0.033023983240127563 0.012869107536971569
v 0.029245581477880478 -0.032760754227638245 0.006749157793819904
v 0.004389604087918997 -0.03231247514486313 0.01528934109956026
v 0.004389604087918997 -0.03231247514486313 0.01528934109956026
v 0.029245581477880478 -0.032760754227638245 0.006749157793819904
v 0.030415263026952744 -0.03136860579252243 0.010828709229826927
v 0.004389604087918997 -0.03231247514486313 0.01528934109956026
v 0.030415263026952744 -0.03136860579252243 0.010828709229826927
v 0.005419068969786167 -0.031008124351501465 0.018875090405344963
v 0.005419068969786167 -0.031008124351501465 0.018875090405344963
v 0.030415263026952744 -0.03136860579252243 0.010828709229826927
v 0.03150111809372902 -0.029711194336414337 0.014612232334911823
v 0.005419068969786167 -0.031008124351501465 0.018875090405344963
v 0.03150111809372902 -0.029711194336414337 0.014612232334911823
v 0.00640596030279994 -0.02945711463689804 0.02231251820921898
v 0.00640596030279994 -0.02945711463689804 0.02231251820921898
v 0.03150111809372902 -0.029711194336414337 0.014612232334911823
v 0.0070984880439937115 -0.028177497908473015 0.024724654853343964
v 0.003324615303426981 -0.03334979712963104 0.011579902842640877
v 0.00223210989497602 -0.03410334140062332 0.007774613797664642
v 0.028034979477524757 -0.03380151838064194 0.0025374768301844597
v 0.028034979477524757 -0.03380151838064194 0.0025374768301844597
v 0.00223210989497602 -0.03410334140062332 0.007774613797664642
v 0.001120822038501501 -0.034560613334178925 0.003903907723724842
v 0.028034979477524757 -0.03380151838064194 0.0025374768301844597
v 0.001120822038501501 -0.034560613334178925 0.003903907723724842
v 0.026637611910700798 -0.03453195467591286 -0.0023298803716897964
v 0.026637611910700798 -0.03453195467591286 -0.0023298803716897964
v 0.001120822038501501 -0.034560613334178925 0.003903907723724842
v 0.0009372856584377587 -0.034606754779815674 0.0032646222971379757
v 0.026637611910700798 -0.03453195467591286 -0.0023298803716897964
v 0.0009372856584377587 -0.034606754779815674 0.0032646222971379757
v 0.02522720769047737 -0.03477543964982033 -0.007242039777338505
v 0.02522720769047737 -0.03477543964982033 -0.007242039777338505
v 0.0009372856584377587 -0.034606754779815674 0.0032646222971379757
v 1.5106247985841037e-07 -0.03471630439162254 4.934552180202445e-07
v 0.02522720769047737 -0.03477543964982033 -0.007242039777338505
v 1.5106247985841037e-07 -0.03471630439162254 4.934552180202445e-07
v -0.0011208001524209976 -0.03456063196063042 -0.0039038597606122494
v 0.02522720769047737 -0.03477543964982033 -0.007242039777338505
v -0.0011208001524209976 -0.03456063196063042 -0.0039038597606122494
v 0.02381707727909088 -0.034529853612184525 -0.012154233641922474
v 0.02381707727909088 -0.034529853612184525 -0.012154233641922474
v -0.0011208001524209976 -0.03456063196063042 -0.0039038597606122494
v -0.0022320877760648727 -0.03410337492823601 -0.0077745686285197735
v 0.02381707727909088 -0.034529853612184525 -0.012154233641922474
v -0.0022320877760648727 -0.03410337492823601 -0.0077745686285197735
v 0.02241969108581543 -0.03379806503653526 -0.017021192237734795
v 0.02241969108581543 -0.03379806503653526 -0.017021192237734795
v -0.0022320877760648727 -0.03410337492823601 -0.0077745686285197735
v -0.003324591787531972 -0.03334985300898552 -0.011579860933125019
v 0.02241969108581543 -0.03379806503653526 -0.017021192237734795
v -0.003324591787531972 -0.03334985300898552 -0.011579860933125019
v 0.02155338227748871 -0.033091407269239426 -0.02003811113536358
v 0.02155338227748871 -0.033091407269239426 -0.02003811113536358
v -0.003324591787531972 -0.03334985300898552 -0.011579860933125019
v -0.003694548737257719 -0.033024195581674576 -0.012868479825556278
v 0.02155338227748871 -0.033091407269239426 -0.02003811113536358
v -0.003694548737257719 -0.033024195581674576 -0.012868479825556278
v 0.02033763751387596 -0.03175656124949455 -0.024271756410598755
v 0.02033763751387596 -0.03175656124949455 -0.024271756410598755
v -0.003694548737257719 -0.033024195581674576 -0.012868479825556278
v -0.004389579873532057 -0.0323125384747982 -0.01528930477797985
v 0.02033763751387596 -0.03175656124949455 -0.024271756410598755
v -0.004389579873532057 -0.0323125384747982 -0.01528930477797985
v -0.005419056862592697 -0.031008204445242882 -0.018875055015087128
v -0.007098408415913582 -0.02817775122821331 -0.024724382907152176
v 0.01806906796991825 -0.02807455323636532 -0.03217453137040138
v -0.006405946332961321 -0.02945721708238125 -0.02231249026954174
v -0.006405946332961321 -0.02945721708238125 -0.02231249026954174
v 0.01806906796991825 -0.02807455323636532 -0.03217453137040138
v 0.019201237708330154 -0.03011954389512539 -0.028229648247361183
v -0.006405946332961321 -0.02945721708238125 -0.02231249026954174
v 0.019201237708330154 -0.03011954389512539 -0.028229648247361183
v 0.02033763751387596 -0.03175656124949455 -0.024271756410598755
v -0.007098408415913582 -0.02817775122821331 -0.024724382907152176
v -0.007344246841967106 -0.027682801708579063 -0.02558066137135029
v 0.01806906796991825 -0.02807455323636532 -0.03217453137040138
v 0.01806906796991825 -0.02807455323636532 -0.03217453137040138
v -0.007344246841967106 -0.027682801708579063 -0.02558066137135029
v -0.008229069411754608 -0.02571023814380169 -0.02866259403526783
v 0.01806906796991825 -0.02807455323636532 -0.03217453137040138
v -0.008229069411754608 -0.02571023814380169 -0.02866259403526783
v 0.016997670754790306 -0.025710612535476685 -0.035905372351408005
v 0.032563142478466034 -0.027713797986507416 0.018310828134417534
v 0.03222907334566116 -0.028384819626808167 0.017147716134786606
v 0.03757023438811302 -0.0278480127453804 0.016640828922390938
v 0.06259278208017349 -0.011761792935431004 0.021584171801805496
v 0.056414928287267685 -0.01176212728023529 0.021785426884889603
v 0.05423351749777794 -0.015500066801905632 0.02104851044714451
v 0.06259278208017349 -0.011761792935431004 0.021584171801805496
v 0.05423351749777794 -0.015500066801905632 0.02104851044714451
v 0.06252007931470871 -0.016437629237771034 0.020342329517006874
v 0.06252007931470871 -0.016437629237771034 0.020342329517006874
v 0.05423351749777794 -0.015500066801905632 0.02104851044714451
v 0.05429678410291672 -0.01957649551331997 0.019694600254297256
v 0.06252007931470871 -0.016437629237771034 0.020342329517006874
v 0.05429678410291672 -0.01957649551331997 0.019694600254297256
v 0.06244410574436188 -0.02048739232122898 0.018721746280789375
v 0.06244410574436188 -0.02048739232122898 0.018721746280789375
v 0.05429678410291672 -0.01957649551331997 0.019694600254297256
v 0.0543203167617321 -0.023340456187725067 0.0176792461425066
v 0.06244410574436188 -0.02048739232122898 0.018721746280789375
v 0.0543203167617321 -0.023340456187725067 0.0176792461425066
v 0.0623655691742897 -0.02394866570830345 0.016698691993951797
v 0.0623655691742897 -0.02394866570830345 0.016698691993951797
v 0.0543203167617321 -0.023340456187725067 0.0176792461425066
v 0.05427032336592674 -0.026634231209754944 0.014909259043633938
v 0.0623655691742897 -0.02394866570830345 0.016698691993951797
v 0.05427032336592674 -0.026634231209754944 0.014909259043633938
v 0.062285166233778 -0.026859072968363762 0.014249551109969616
v 0.062285166233778 -0.026859072968363762 0.014249551109969616
v 0.05427032336592674 -0.026634231209754944 0.014909259043633938
v 0.05414777621626854 -0.029341386631131172 0.011482484638690948
v 0.062285166233778 -0.026859072968363762 0.014249551109969616
v 0.05414777621626854 -0.029341386631131172 0.011482484638690948
v 0.062203630805015564 -0.029256245121359825 0.011350701563060284
v 0.062203630805015564 -0.029256245121359825 0.011350701563060284
v 0.05414777621626854 -0.029341386631131172 0.011482484638690948
v 0.05396639555692673 -0.03140655532479286 0.007573512848466635
v 0.062203630805015564 -0.029256245121359825 0.011350701563060284
v 0.05396639555692673 -0.03140655532479286 0.007573512848466635
v 0.06212165579199791 -0.031177811324596405 0.007978530600667
v 0.06195928156375885 -0.03374456986784935 -0.00028023586492054164
v 0.06203996762633324 -0.03266138955950737 0.004109412897378206
v 0.047136761248111725 -0.033744655549526215 -0.00028449762612581253
v 0.047136761248111725 -0.033744655549526215 -0.00028449762612581253
v 0.06203996762633324 -0.03266138955950737 0.004109412897378206
v 0.04520689323544502 -0.03276541456580162 0.0038405470550060272
v 0.047136761248111725 -0.033744655549526215 -0.00028449762612581253
v 0.04520689323544502 -0.03276541456580162 0.0038405470550060272
v 0.04696815460920334 -0.03374461084604263 -0.00028453610138967633
v 0.04696815460920334 -0.03374461084604263 -0.00028453610138967633
v 0.04520689323544502 -0.03276541456580162 0.0038405470550060272
v 0.04492385312914848 -0.03374774381518364 -0.0002751368738245219
v 0.029245581477880478 -0.032760754227638245 0.006749157793819904
v 0.028034979477524757 -0.03380151838064194 0.0025374768301844597
v 0.03377784788608551 -0.03380230441689491 0.0010256200330331922
v 0.03377784788608551 -0.03380230441689491 0.0010256200330331922
v 0.0377902090549469 -0.03378612548112869 0.00024149152159225196
v 0.04520689323544502 -0.03276541456580162 0.0038405470550060272
v 0.04520689323544502 -0.03276541456580162 0.0038405470550060272
v 0.0377902090549469 -0.03378612548112869 0.00024149152159225196
v 0.04160408675670624 -0.03376273065805435 -0.00016609962040092796
v 0.04520689323544502 -0.03276541456580162 0.0038405470550060272
v 0.04160408675670624 -0.03376273065805435 -0.00016609962040092796
v 0.04492385312914848 -0.03374774381518364 -0.0002751368738245219
v 0.03757023438811302 -0.0278480127453804 0.016640828922390938
v 0.03222907334566116 -0.028384819626808167 0.017147716134786606
v 0.037285372614860535 -0.029885033145546913 0.01276445109397173
v 0.037285372614860535 -0.029885033145546913 0.01276445109397173
v 0.03222907334566116 -0.028384819626808167 0.017147716134786606
v 0.03150111809372902 -0.029711194336414337 0.014612232334911823
v 0.037285372614860535 -0.029885033145546913 0.01276445109397173
v 0.03150111809372902 -0.029711194336414337 0.014612232334911823
v 0.030415263026952744 -0.03136860579252243 0.010828709229826927
v 0.042218808084726334 -0.02409980073571205 0.020003322511911392
v 0.04196420684456825 -0.024803314357995987 0.019394047558307648
v 0.0433918796479702 -0.02349030040204525 0.020013393834233284
v 0.0433918796479702 -0.02349030040204525 0.020013393834233284
v 0.04196420684456825 -0.024803314357995987 0.019394047558307648
v 0.04603242874145508 -0.023962924256920815 0.018580514937639236
v 0.042218808084726334 -0.02409980073571205 0.020003322511911392
v 0.041520021855831146 -0.024396609514951706 0.020024601370096207
v 0.04196420684456825 -0.024803314357995987 0.019394047558307648
v 0.04196420684456825 -0.024803314357995987 0.019394047558307648
v 0.041520021855831146 -0.024396609514951706 0.020024601370096207
v 0.03936580568552017 -0.025073327124118805 0.02020174078643322
v 0.04196420684456825 -0.024803314357995987 0.019394047558307648
v 0.03936580568552017 -0.025073327124118805 0.02020174078643322
v 0.03781713917851448 -0.02556913159787655 0.02016661874949932
v 0.03781713917851448 -0.02556913159787655 0.02016661874949932
v 0.03936580568552017 -0.025073327124118805 0.02020174078643322
v 0.03684614971280098 -0.02552035078406334 0.020599452778697014
v 0.03781713917851448 -0.02556913159787655 0.02016661874949932
v 0.03684614971280098 -0.02552035078406334 0.020599452778697014
v 0.03357077017426491 -0.026115357875823975 0.02075142040848732
v 0.03357077017426491 -0.026115357875823975 0.02075142040848732
v 0.03684614971280098 -0.02552035078406334 0.020599452778697014
v 0.03412194177508354 -0.025703035295009613 0.021234314888715744
v 0.04807912930846214 -0.01799914613366127 0.02093203365802765
v 0.047233421355485916 -0.01971789076924324 0.020597688853740692
v 0.05009904503822327 -0.019798070192337036 0.02002926729619503
v 0.0448794886469841 -0.02245253324508667 0.020121125504374504
v 0.046043600887060165 -0.022326352074742317 0.0197563748806715
v 0.04622310772538185 -0.021128850057721138 0.020333701744675636
v 0.04622310772538185 -0.021128850057721138 0.020333701744675636
v 0.046043600887060165 -0.022326352074742317 0.0197563748806715
v 0.050139348953962326 -0.02346864528954029 0.018046163022518158
v 0.04622310772538185 -0.021128850057721138 0.020333701744675636
v 0.050139348953962326 -0.02346864528954029 0.018046163022518158
v 0.04682465270161629 -0.020348291844129562 0.02047710306942463
v 0.04682465270161629 -0.020348291844129562 0.02047710306942463
v 0.050139348953962326 -0.02346864528954029 0.018046163022518158
v 0.05009904503822327 -0.019798070192337036 0.02002926729619503
v 0.04682465270161629 -0.020348291844129562 0.02047710306942463
v 0.05009904503822327 -0.019798070192337036 0.02002926729619503
v 0.04684961587190628 -0.02031242474913597 0.02048387937247753
v 0.04684961587190628 -0.02031242474913597 0.02048387937247753
v 0.05009904503822327 -0.019798070192337036 0.02002926729619503
v 0.047233421355485916 -0.01971789076924324 0.020597688853740692
v 0.049130722880363464 -0.011761827394366264 0.022020377218723297
v 0.04901346191763878 -0.014056449756026268 0.021654162555933
v 0.04999352619051933 -0.015727728605270386 0.021246207877993584
v 0.04999352619051933 -0.015727728605270386 0.021246207877993584
v 0.04901346191763878 -0.014056449756026268 0.021654162555933
v 0.048641614615917206 -0.016216745600104332 0.02127034403383732
v 0.04999352619051933 -0.015727728605270386 0.021246207877993584
v 0.048641614615917206 -0.016216745600104332 0.02127034403383732
v 0.05009904503822327 -0.019798070192337036 0.02002926729619503
v 0.05009904503822327 -0.019798070192337036 0.02002926729619503
v 0.048641614615917206 -0.016216745600104332 0.02127034403383732
v 0.04821119084954262 -0.017650511115789413 0.02099934220314026
v 0.05009904503822327 -0.019798070192337036 0.02002926729619503
v 0.04821119084954262 -0.017650511115789413 0.02099934220314026
v 0.04807912930846214 -0.01799914613366127 0.02093203365802765
v 0.04573342576622963 -0.029335713014006615 0.012036414816975594
v 0.04592350497841835 -0.02687729522585869 0.015606344677507877
v 0.04177870601415634 -0.027361227199435234 0.016141733154654503
v 0.03377784788608551 -0.03380230441689491 0.0010256200330331922
v 0.04520689323544502 -0.03276541456580162 0.0038405470550060272
v 0.029245581477880478 -0.032760754227638245 0.006749157793819904
v 0.029245581477880478 -0.032760754227638245 0.006749157793819904
v 0.04520689323544502 -0.03276541456580162 0.0038405470550060272
v 0.045488141477108 -0.03129354864358902 0.008068196475505829
v 0.029245581477880478 -0.032760754227638245 0.006749157793819904
v 0.045488141477108 -0.03129354864358902 0.008068196475505829
v 0.030415263026952744 -0.03136860579252243 0.010828709229826927
v 0.030415263026952744 -0.03136860579252243 0.010828709229826927
v 0.045488141477108 -0.03129354864358902 0.008068196475505829
v 0.04573342576622963 -0.029335713014006615 0.012036414816975594
v 0.030415263026952744 -0.03136860579252243 0.010828709229826927
v 0.04573342576622963 -0.029335713014006615 0.012036414816975594
v 0.037285372614860535 -0.029885033145546913 0.01276445109397173
v 0.037285372614860535 -0.029885033145546913 0.01276445109397173
v 0.04573342576622963 -0.029335713014006615 0.012036414816975594
v 0.04177870601415634 -0.027361227199435234 0.016141733154654503
v 0.037285372614860535 -0.029885033145546913 0.01276445109397173
v 0.04177870601415634 -0.027361227199435234 0.016141733154654503
v 0.03757023438811302 -0.0278480127453804 0.016640828922390938
v 0.045488141477108 -0.03129354864358902 0.008068196475505829
v 0.049933068454265594 -0.029270324856042862 0.011750632897019386
v 0.04573342576622963 -0.029335713014006615 0.012036414816975594
v 0.04573342576622963 -0.029335713014006615 0.012036414816975594
v 0.049933068454265594 -0.029270324856042862 0.011750632897019386
v 0.050078097730875015 -0.026638569310307503 0.015224117785692215
v 0.04573342576622963 -0.029335713014006615 0.012036414816975594
v 0.050078097730875015 -0.026638569310307503 0.015224117785692215
v 0.04592350497841835 -0.02687729522585869 0.015606344677507877
v 0.04592350497841835 -0.02687729522585869 0.015606344677507877
v 0.050078097730875015 -0.026638569310307503 0.015224117785692215
v 0.04603242874145508 -0.023962924256920815 0.018580514937639236
v 0.04592350497841835 -0.02687729522585869 0.015606344677507877
v 0.04603242874145508 -0.023962924256920815 0.018580514937639236
v 0.04177870601415634 -0.027361227199435234 0.016141733154654503
v 0.04177870601415634 -0.027361227199435234 0.016141733154654503
v 0.04603242874145508 -0.023962924256920815 0.018580514937639236
v 0.04196420684456825 -0.024803314357995987 0.019394047558307648
v 0.04177870601415634 -0.027361227199435234 0.016141733154654503
v 0.04196420684456825 -0.024803314357995987 0.019394047558307648
v 0.03757023438811302 -0.0278480127453804 0.016640828922390938
v 0.03757023438811302 -0.0278480127453804 0.016640828922390938
v 0.04196420684456825 -0.024803314357995987 0.019394047558307648
v 0.03781713917851448 -0.02556913159787655 0.02016661874949932
v 0.03757023438811302 -0.0278480127453804 0.016640828922390938
v 0.03781713917851448 -0.02556913159787655 0.02016661874949932
v 0.032563142478466034 -0.027713797986507416 0.018310828134417534
v 0.032563142478466034 -0.027713797986507416 0.018310828134417534
v 0.03781713917851448 -0.02556913159787655 0.02016661874949932
v 0.03357077017426491 -0.026115357875823975 0.02075142040848732
v 0.032563142478466034 -0.027713797986507416 0.018310828134417534
v 0.03357077017426491 -0.026115357875823975 0.02075142040848732
v 0.033455993980169296 -0.02570994198322296 0.021419677883386612
v 0.033455993980169296 -0.02570994198322296 0.021419677883386612
v 0.03357077017426491 -0.026115357875823975 0.02075142040848732
v 0.03412194177508354 -0.025703035295009613 0.021234314888715744
v 0.056414928287267685 -0.01176212728023529 0.021785426884889603
v 0.049130722880363464 -0.011761827394366264 0.022020377218723297
v 0.05423351749777794 -0.015500066801905632 0.02104851044714451
v 0.05423351749777794 -0.015500066801905632 0.02104851044714451
v 0.049130722880363464 -0.011761827394366264 0.022020377218723297
v 0.04999352619051933 -0.015727728605270386 0.021246207877993584
v 0.05423351749777794 -0.015500066801905632 0.02104851044714451
v 0.04999352619051933 -0.015727728605270386 0.021246207877993584
v 0.05429678410291672 -0.01957649551331997 0.019694600254297256
v 0.05429678410291672 -0.01957649551331997 0.019694600254297256
v 0.04999352619051933 -0.015727728605270386 0.021246207877993584
v 0.05009904503822327 -0.019798070192337036 0.02002926729619503
v 0.05429678410291672 -0.01957649551331997 0.019694600254297256
v 0.05009904503822327 -0.019798070192337036 0.02002926729619503
v 0.0543203167617321 -0.023340456187725067 0.0176792461425066
v 0.0543203167617321 -0.023340456187725067 0.0176792461425066
v 0.05009904503822327 -0.019798070192337036 0.02002926729619503
v 0.050139348953962326 -0.02346864528954029 0.018046163022518158
v 0.0543203167617321 -0.023340456187725067 0.0176792461425066
v 0.050139348953962326 -0.02346864528954029 0.018046163022518158
v 0.05427032336592674 -0.026634231209754944 0.014909259043633938
v 0.0448794886469841 -0.02245253324508667 0.020121125504374504
v 0.0433918796479702 -0.02349030040204525 0.020013393834233284
v 0.046043600887060165 -0.022326352074742317 0.0197563748806715
v 0.046043600887060165 -0.022326352074742317 0.0197563748806715
v 0.0433918796479702 -0.02349030040204525 0.020013393834233284
v 0.04603242874145508 -0.023962924256920815 0.018580514937639236
v 0.046043600887060165 -0.022326352074742317 0.0197563748806715
v 0.04603242874145508 -0.023962924256920815 0.018580514937639236
v 0.050139348953962326 -0.02346864528954029 0.018046163022518158
v 0.050139348953962326 -0.02346864528954029 0.018046163022518158
v 0.04603242874145508 -0.023962924256920815 0.018580514937639236
v 0.050078097730875015 -0.026638569310307503 0.015224117785692215
v 0.050139348953962326 -0.02346864528954029 0.018046163022518158
v 0.050078097730875015 -0.026638569310307503 0.015224117785692215
v 0.05427032336592674 -0.026634231209754944 0.014909259043633938
v 0.05427032336592674 -0.026634231209754944 0.014909259043633938
v 0.050078097730875015 -0.026638569310307503 0.015224117785692215
v 0.049933068454265594 -0.029270324856042862 0.011750632897019386
v 0.05427032336592674 -0.026634231209754944 0.014909259043633938
v 0.049933068454265594 -0.029270324856042862 0.011750632897019386
v 0.05414777621626854 -0.029341386631131172 0.011482484638690948
v 0.05414777621626854 -0.029341386631131172 0.011482484638690948
v 0.049933068454265594 -0.029270324856042862 0.011750632897019386
v 0.045488141477108 -0.03129354864358902 0.008068196475505829
v 0.05414777621626854 -0.029341386631131172 0.011482484638690948
v 0.045488141477108 -0.03129354864358902 0.008068196475505829
v 0.05396639555692673 -0.03140655532479286 0.007573512848466635
v 0.05396639555692673 -0.03140655532479286 0.007573512848466635
v 0.045488141477108 -0.03129354864358902 0.008068196475505829
v 0.04520689323544502 -0.03276541456580162 0.0038405470550060272
v 0.05396639555692673 -0.03140655532479286 0.007573512848466635
v 0.04520689323544502 -0.03276541456580162 0.0038405470550060272
v 0.06212165579199791 -0.031177811324596405 0.007978530600667
v 0.06212165579199791 -0.031177811324596405 0.007978530600667
v 0.04520689323544502 -0.03276541456580162 0.0038405470550060272
v 0.06203996762633324 -0.03266138955950737 0.004109412897378206
v 0.047430768609046936 -0.011762212961912155 0.02031966857612133
v 0.04713102802634239 -0.011761199682950974 0.020019786432385445
v 0.0469873808324337 -0.013749714940786362 0.019744474440813065
v 0.03590257838368416 -0.022592175751924515 0.02076631411910057
v 0.03684614971280098 -0.02552035078406334 0.020599452778697014
v 0.03936580568552017 -0.025073327124118805 0.02020174078643322
v 0.03684614971280098 -0.02552035078406334 0.020599452778697014
v 0.03590257838368416 -0.022592175751924515 0.02076631411910057
v 0.03412194177508354 -0.025703035295009613 0.021234314888715744
v 0.03412194177508354 -0.025703035295009613 0.021234314888715744
v 0.03590257838368416 -0.022592175751924515 0.02076631411910057
v 0.033456068485975266 -0.022710122168064117 0.021419823169708252
v 0.03412194177508354 -0.025703035295009613 0.021234314888715744
v 0.033456068485975266 -0.022710122168064117 0.021419823169708252
v 0.033455993980169296 -0.02570994198322296 0.021419677883386612
v 0.04418499767780304 -0.019292809069156647 0.01940087415277958
v 0.0428633950650692 -0.02034222148358822 0.019500114023685455
v 0.0448794886469841 -0.02245253324508667 0.020121125504374504
v 0.0448794886469841 -0.02245253324508667 0.020121125504374504
v 0.0428633950650692 -0.02034222148358822 0.019500114023685455
v 0.042811933904886246 -0.02037630043923855 0.01950530707836151
v 0.0448794886469841 -0.02245253324508667 0.020121125504374504
v 0.042811933904886246 -0.02037630043923855 0.01950530707836151
v 0.0433918796479702 -0.02349030040204525 0.020013393834233284
v 0.0433918796479702 -0.02349030040204525 0.020013393834233284
v 0.042811933904886246 -0.02037630043923855 0.01950530707836151
v 0.04140009358525276 -0.02116602286696434 0.019678406417369843
v 0.0433918796479702 -0.02349030040204525 0.020013393834233284
v 0.04140009358525276 -0.02116602286696434 0.019678406417369843
v 0.042218808084726334 -0.02409980073571205 0.020003322511911392
v 0.042218808084726334 -0.02409980073571205 0.020003322511911392
v 0.04140009358525276 -0.02116602286696434 0.019678406417369843
v 0.0406961627304554 -0.021473372355103493 0.019784092903137207
v 0.042218808084726334 -0.02409980073571205 0.020003322511911392
v 0.0406961627304554 -0.021473372355103493 0.019784092903137207
v 0.041520021855831146 -0.024396609514951706 0.020024601370096207
v 0.041520021855831146 -0.024396609514951706 0.020024601370096207
v 0.0406961627304554 -0.021473372355103493 0.019784092903137207
v 0.03955831006169319 -0.02187599241733551 0.01997813768684864
v 0.041520021855831146 -0.024396609514951706 0.020024601370096207
v 0.03955831006169319 -0.02187599241733551 0.01997813768684864
v 0.03936580568552017 -0.025073327124118805 0.02020174078643322
v 0.03936580568552017 -0.025073327124118805 0.02020174078643322
v 0.03955831006169319 -0.02187599241733551 0.01997813768684864
v 0.038242191076278687 -0.022223202511668205 0.020234443247318268
v 0.03936580568552017 -0.025073327124118805 0.02020174078643322
v 0.038242191076278687 -0.022223202511668205 0.020234443247318268
v 0.03590257838368416 -0.022592175751924515 0.02076631411910057
v 0.0448794886469841 -0.02245253324508667 0.020121125504374504
v 0.04622310772538185 -0.021128850057721138 0.020333701744675636
v 0.04418499767780304 -0.019292809069156647 0.01940087415277958
v 0.04418499767780304 -0.019292809069156647 0.01940087415277958
v 0.04622310772538185 -0.021128850057721138 0.020333701744675636
v 0.04682465270161629 -0.020348291844129562 0.02047710306942463
v 0.04418499767780304 -0.019292809069156647 0.01940087415277958
v 0.04682465270161629 -0.020348291844129562 0.02047710306942463
v 0.044754453003406525 -0.01870352029800415 0.019383562728762627
v 0.044754453003406525 -0.01870352029800415 0.019383562728762627
v 0.04682465270161629 -0.020348291844129562 0.02047710306942463
v 0.04684961587190628 -0.02031242474913597 0.02048387937247753
v 0.044754453003406525 -0.01870352029800415 0.019383562728762627
v 0.04684961587190628 -0.02031242474913597 0.02048387937247753
v 0.04507208615541458 -0.01832299865782261 0.019383026286959648
v 0.047430768609046936 -0.011762212961912155 0.02031966857612133
v 0.0469873808324337 -0.013749714940786362 0.019744474440813065
v 0.04904765263199806 -0.011762094683945179 0.021937476471066475
v 0.049130722880363464 -0.011761827394366264 0.022020377218723297
v 0.04904765263199806 -0.011762094683945179 0.021937476471066475
v 0.04901346191763878 -0.014056449756026268 0.021654162555933
v 0.04901346191763878 -0.014056449756026268 0.021654162555933
v 0.04904765263199806 -0.011762094683945179 0.021937476471066475
v 0.0469873808324337 -0.013749714940786362 0.019744474440813065
v 0.04901346191763878 -0.014056449756026268 0.021654162555933
v 0.0469873808324337 -0.013749714940786362 0.019744474440813065
v 0.048641614615917206 -0.016216745600104332 0.02127034403383732
v 0.048641614615917206 -0.016216745600104332 0.02127034403383732
v 0.0469873808324337 -0.013749714940786362 0.019744474440813065
v 0.04653042182326317 -0.015632864087820053 0.019535398110747337
v 0.048641614615917206 -0.016216745600104332 0.02127034403383732
v 0.04653042182326317 -0.015632864087820053 0.019535398110747337
v 0.04821119084954262 -0.017650511115789413 0.02099934220314026
v 0.04821119084954262 -0.017650511115789413 0.02099934220314026
v 0.04653042182326317 -0.015632864087820053 0.019535398110747337
v 0.04600714519619942 -0.016865039244294167 0.019437985494732857
v 0.04821119084954262 -0.017650511115789413 0.02099934220314026
v 0.04600714519619942 -0.016865039244294167 0.019437985494732857
v 0.04807912930846214 -0.01799914613366127 0.02093203365802765
v 0.04807912930846214 -0.01799914613366127 0.02093203365802765
v 0.04600714519619942 -0.016865039244294167 0.019437985494732857
v 0.04507208615541458 -0.01832299865782261 0.019383026286959648
v 0.04807912930846214 -0.01799914613366127 0.02093203365802765
v 0.04507208615541458 -0.01832299865782261 0.019383026286959648
v 0.047233421355485916 -0.01971789076924324 0.020597688853740692
v 0.047233421355485916 -0.01971789076924324 0.020597688853740692
v 0.04507208615541458 -0.01832299865782261 0.019383026286959648
v 0.04684961587190628 -0.02031242474913597 0.02048387937247753
v 0.021584313362836838 -0.02570532076060772 -0.03712180629372597
v 0.023366615176200867 -0.025691727176308632 -0.03754447028040886
v 0.02368638850748539 -0.027842745184898376 -0.03424898907542229
v 0.043717190623283386 -0.02224472165107727 -0.04110560566186905
v 0.04338334500789642 -0.023205220699310303 -0.040706343948841095
v 0.04154002293944359 -0.02332521788775921 -0.040763821452856064
v 0.04902679845690727 -0.013875538483262062 -0.042619623243808746
v 0.049150582402944565 -0.011762158945202827 -0.04293722286820412
v 0.05917089059948921 -0.011762075126171112 -0.04293404892086983
v 0.06893521547317505 -0.033744681626558304 -0.02062683366239071
v 0.05851399526000023 -0.03285473212599754 -0.0243938360363245
v 0.06893625110387802 -0.032980743795633316 -0.023783350363373756
v 0.06893625110387802 -0.032980743795633316 -0.023783350363373756
v 0.05851399526000023 -0.03285473212599754 -0.0243938360363245
v 0.06893663853406906 -0.03264746442437172 -0.024848340079188347
v 0.05823514610528946 -0.031307436525821686 -0.028864620253443718
v 0.068938247859478 -0.030583500862121582 -0.029653433710336685
v 0.06893724203109741 -0.03192850574851036 -0.02679622173309326
v 0.068938247859478 -0.030583500862121582 -0.029653433710336685
v 0.05823514610528946 -0.031307436525821686 -0.028864620253443718
v 0.06893929839134216 -0.02902883291244507 -0.032203901559114456
v 0.06893929839134216 -0.02902883291244507 -0.032203901559114456
v 0.05823514610528946 -0.031307436525821686 -0.028864620253443718
v 0.05792643502354622 -0.029194379225373268 -0.033037520945072174
v 0.06893929839134216 -0.02902883291244507 -0.032203901559114456
v 0.05792643502354622 -0.029194379225373268 -0.033037520945072174
v 0.06893954426050186 -0.028519893065094948 -0.03291963413357735
v 0.06893954426050186 -0.028519893065094948 -0.03291963413357735
v 0.05792643502354622 -0.029194379225373268 -0.033037520945072174
v 0.06894022971391678 -0.027234109118580818 -0.03453027829527855
v 0.06894022971391678 -0.027234109118580818 -0.03453027829527855
v 0.05792643502354622 -0.029194379225373268 -0.033037520945072174
v 0.057554058730602264 -0.02646186389029026 -0.03665999695658684
v 0.06894022971391678 -0.027234109118580818 -0.03453027829527855
v 0.057554058730602264 -0.02646186389029026 -0.03665999695658684
v 0.06894118338823318 -0.02520056441426277 -0.03662489727139473
v 0.06894171983003616 -0.023175667971372604 -0.038292791694402695
v 0.0689413771033287 -0.024586793035268784 -0.03716934844851494
v 0.05733538419008255 -0.024857226759195328 -0.03817397728562355
v 0.06894192099571228 -0.022261720150709152 -0.03893532231450081
v 0.056832220405340195 -0.02121361717581749 -0.04046918451786041
v 0.06894244253635406 -0.019764436408877373 -0.0404009111225605
v 0.06894244253635406 -0.019764436408877373 -0.0404009111225605
v 0.056832220405340195 -0.02121361717581749 -0.04046918451786041
v 0.05655653402209282 -0.01921527460217476 -0.04127213731408119
v 0.06894244253635406 -0.019764436408877373 -0.0404009111225605
v 0.05655653402209282 -0.01921527460217476 -0.04127213731408119
v 0.06894295662641525 -0.017870886251330376 -0.04126876965165138
v 0.06894295662641525 -0.017870886251330376 -0.04126876965165138
v 0.05655653402209282 -0.01921527460217476 -0.04127213731408119
v 0.06894318759441376 -0.01693461649119854 -0.04162990301847458
v 0.06894318759441376 -0.01693461649119854 -0.04162990301847458
v 0.05655653402209282 -0.01921527460217476 -0.04127213731408119
v 0.05598776042461395 -0.014991503208875656 -0.04237877205014229
v 0.06894318759441376 -0.01693461649119854 -0.04162990301847458
v 0.05598776042461395 -0.014991503208875656 -0.04237877205014229
v 0.06894252449274063 -0.014062298461794853 -0.04248785227537155
v 0.06894252449274063 -0.014062298461794853 -0.04248785227537155
v 0.05598776042461395 -0.014991503208875656 -0.04237877205014229
v 0.06152075156569481 -0.011762004345655441 -0.04293343797326088
v 0.06894252449274063 -0.014062298461794853 -0.04248785227537155
v 0.06152075156569481 -0.011762004345655441 -0.04293343797326088
v 0.06894290447235107 -0.011762133799493313 -0.04293122887611389
v 0.04902679845690727 -0.013875538483262062 -0.042619623243808746
v 0.05917089059948921 -0.011762075126171112 -0.04293404892086983
v 0.049278296530246735 -0.01596161164343357 -0.04228217154741287
v 0.049848444759845734 -0.020136931911110878 -0.041339851915836334
v 0.04501764103770256 -0.021349143236875534 -0.04132843762636185
v 0.04642114043235779 -0.020023254677653313 -0.04160667955875397
v 0.04642114043235779 -0.020023254677653313 -0.04160667955875397
v 0.047403525561094284 -0.018702073022723198 -0.041849929839372635
v 0.049848444759845734 -0.020136931911110878 -0.041339851915836334
v 0.049848444759845734 -0.020136931911110878 -0.041339851915836334
v 0.047403525561094284 -0.018702073022723198 -0.041849929839372635
v 0.04824361577630043 -0.01703467220067978 -0.042129550129175186
v 0.049848444759845734 -0.020136931911110878 -0.041339851915836334
v 0.04824361577630043 -0.01703467220067978 -0.042129550129175186
v 0.049278296530246735 -0.01596161164343357 -0.04228217154741287
v 0.049278296530246735 -0.01596161164343357 -0.04228217154741287
v 0.04824361577630043 -0.01703467220067978 -0.042129550129175186
v 0.04863697290420532 -0.01586291939020157 -0.04231514036655426
v 0.049278296530246735 -0.01596161164343357 -0.04228217154741287
v 0.04863697290420532 -0.01586291939020157 -0.04231514036655426
v 0.04902679845690727 -0.013875538483262062 -0.042619623243808746
v 0.03898528218269348 -0.024177895858883858 -0.040379781275987625
v 0.04363323375582695 -0.024918459355831146 -0.03967199847102165
v 0.038306426256895065 -0.02435215562582016 -0.040277790278196335
v 0.038306426256895065 -0.02435215562582016 -0.040277790278196335
v 0.04363323375582695 -0.024918459355831146 -0.03967199847102165
v 0.03684723749756813 -0.025563588365912437 -0.039324767887592316
v 0.038306426256895065 -0.02435215562582016 -0.040277790278196335
v 0.03684723749756813 -0.025563588365912437 -0.039324767887592316
v 0.03496379777789116 -0.024987604469060898 -0.03976115584373474
v 0.03496379777789116 -0.024987604469060898 -0.03976115584373474
v 0.03684723749756813 -0.025563588365912437 -0.039324767887592316
v 0.030566029250621796 -0.025441985577344894 -0.03901365399360657
v 0.03007395751774311 -0.025701645761728287 -0.038674820214509964
v 0.030275147408246994 -0.027015533298254013 -0.037065956741571426
v 0.027730358764529228 -0.025591082870960236 -0.03847635164856911
v 0.027730358764529228 -0.025591082870960236 -0.03847635164856911
v 0.030275147408246994 -0.027015533298254013 -0.037065956741571426
v 0.023366615176200867 -0.025691727176308632 -0.03754447028040886
v 0.016997670754790306 -0.025710612535476685 -0.035905372351408005
v 0.021584313362836838 -0.02570532076060772 -0.03712180629372597
v 0.01806906796991825 -0.02807455323636532 -0.03217453137040138
v 0.01806906796991825 -0.02807455323636532 -0.03217453137040138
v 0.021584313362836838 -0.02570532076060772 -0.03712180629372597
v 0.02368638850748539 -0.027842745184898376 -0.03424898907542229
v 0.01806906796991825 -0.02807455323636532 -0.03217453137040138
v 0.02368638850748539 -0.027842745184898376 -0.03424898907542229
v 0.019201237708330154 -0.03011954389512539 -0.028229648247361183
v 0.019201237708330154 -0.03011954389512539 -0.028229648247361183
v 0.02368638850748539 -0.027842745184898376 -0.03424898907542229
v 0.030803587287664413 -0.030277736485004425 -0.031245065852999687
v 0.02241969108581543 -0.03379806503653526 -0.017021192237734795
v 0.02155338227748871 -0.033091407269239426 -0.02003811113536358
v 0.02846798114478588 -0.03380095958709717 -0.018710820004343987
v 0.02846798114478588 -0.03380095958709717 -0.018710820004343987
v 0.02155338227748871 -0.033091407269239426 -0.02003811113536358
v 0.03147880360484123 -0.033195387572050095 -0.022319579496979713
v 0.02846798114478588 -0.03380095958709717 -0.018710820004343987
v 0.03147880360484123 -0.033195387572050095 -0.022319579496979713
v 0.03460593894124031 -0.03378008306026459 -0.020035842433571815
v 0.03460593894124031 -0.03378008306026459 -0.020035842433571815
v 0.03147880360484123 -0.033195387572050095 -0.022319579496979713
v 0.04086317867040634 -0.03375329077243805 -0.02055884711444378
v 0.04086317867040634 -0.03375329077243805 -0.02055884711444378
v 0.03147880360484123 -0.033195387572050095 -0.022319579496979713
v 0.044986676424741745 -0.033129021525382996 -0.02353654056787491
v 0.04086317867040634 -0.03375329077243805 -0.02055884711444378
v 0.044986676424741745 -0.033129021525382996 -0.02353654056787491
v 0.04714260995388031 -0.033744823187589645 -0.02063324861228466
v 0.02155338227748871 -0.033091407269239426 -0.02003811113536358
v 0.02033763751387596 -0.03175656124949455 -0.024271756410598755
v 0.03147880360484123 -0.033195387572050095 -0.022319579496979713
v 0.03147880360484123 -0.033195387572050095 -0.022319579496979713
v 0.02033763751387596 -0.03175656124949455 -0.024271756410598755
v 0.031136320903897285 -0.031929560005664825 -0.026874514296650887
v 0.03147880360484123 -0.033195387572050095 -0.022319579496979713
v 0.031136320903897285 -0.031929560005664825 -0.026874514296650887
v 0.044986676424741745 -0.033129021525382996 -0.02353654056787491
v 0.044986676424741745 -0.033129021525382996 -0.02353654056787491
v 0.031136320903897285 -0.031929560005664825 -0.026874514296650887
v 0.03791392222046852 -0.0320001021027565 -0.027661986649036407
v 0.044986676424741745 -0.033129021525382996 -0.02353654056787491
v 0.03791392222046852 -0.0320001021027565 -0.027661986649036407
v 0.04469607025384903 -0.031845200806856155 -0.0282717477530241
v 0.02033763751387596 -0.03175656124949455 -0.024271756410598755
v 0.019201237708330154 -0.03011954389512539 -0.028229648247361183
v 0.031136320903897285 -0.031929560005664825 -0.026874514296650887
v 0.031136320903897285 -0.031929560005664825 -0.026874514296650887
v 0.019201237708330154 -0.03011954389512539 -0.028229648247361183
v 0.030803587287664413 -0.030277736485004425 -0.031245065852999687
v 0.031136320903897285 -0.031929560005664825 -0.026874514296650887
v 0.030803587287664413 -0.030277736485004425 -0.031245065852999687
v 0.03791392222046852 -0.0320001021027565 -0.027661986649036407
v 0.03791392222046852 -0.0320001021027565 -0.027661986649036407
v 0.030803587287664413 -0.030277736485004425 -0.031245065852999687
v 0.03760066628456116 -0.030365560203790665 -0.032142963260412216
v 0.03791392222046852 -0.0320001021027565 -0.027661986649036407
v 0.03760066628456116 -0.030365560203790665 -0.032142963260412216
v 0.04469607025384903 -0.031845200806856155 -0.0282717477530241
v 0.04469607025384903 -0.031845200806856155 -0.0282717477530241
v 0.03760066628456116 -0.030365560203790665 -0.032142963260412216
v 0.044398751109838486 -0.030125780031085014 -0.03277263417840004
v 0.023366615176200867 -0.025691727176308632 -0.03754447028040886
v 0.030275147408246994 -0.027015533298254013 -0.037065956741571426
v 0.02368638850748539 -0.027842745184898376 -0.03424898907542229
v 0.02368638850748539 -0.027842745184898376 -0.03424898907542229
v 0.030275147408246994 -0.027015533298254013 -0.037065956741571426
v 0.030460380017757416 -0.02821301855146885 -0.03526417165994644
v 0.02368638850748539 -0.027842745184898376 -0.03424898907542229
v 0.030460380017757416 -0.02821301855146885 -0.03526417165994644
v 0.030803587287664413 -0.030277736485004425 -0.031245065852999687
v 0.030803587287664413 -0.030277736485004425 -0.031245065852999687
v 0.030460380017757416 -0.02821301855146885 -0.03526417165994644
v 0.037435226142406464 -0.029371093958616257 -0.03422334045171738
v 0.030803587287664413 -0.030277736485004425 -0.031245065852999687
v 0.037435226142406464 -0.029371093958616257 -0.03422334045171738
v 0.03760066628456116 -0.030365560203790665 -0.032142963260412216
v 0.03760066628456116 -0.030365560203790665 -0.032142963260412216
v 0.037435226142406464 -0.029371093958616257 -0.03422334045171738
v 0.044236086308956146 -0.029064645990729332 -0.03483343869447708
v 0.03760066628456116 -0.030365560203790665 -0.032142963260412216
v 0.044236086308956146 -0.029064645990729332 -0.03483343869447708
v 0.044398751109838486 -0.030125780031085014 -0.03277263417840004
v 0.03725794330239296 -0.028245117515325546 -0.036145392805337906
v 0.03706354647874832 -0.02697852812707424 -0.037862300872802734
v 0.04385816678404808 -0.026470281183719635 -0.038336094468832016
v 0.03725794330239296 -0.028245117515325546 -0.036145392805337906
v 0.04385816678404808 -0.026470281183719635 -0.038336094468832016
v 0.04405759647488594 -0.027850210666656494 -0.03670575097203255
v 0.04405759647488594 -0.027850210666656494 -0.03670575097203255
v 0.04385816678404808 -0.026470281183719635 -0.038336094468832016
v 0.05061532184481621 -0.025614241138100624 -0.03836781531572342
v 0.04405759647488594 -0.027850210666656494 -0.03670575097203255
v 0.05061532184481621 -0.025614241138100624 -0.03836781531572342
v 0.050823379307985306 -0.027127087116241455 -0.03681293874979019
v 0.050823379307985306 -0.027127087116241455 -0.03681293874979019
v 0.05061532184481621 -0.025614241138100624 -0.03836781531572342
v 0.05733538419008255 -0.024857226759195328 -0.03817397728562355
v 0.050823379307985306 -0.027127087116241455 -0.03681293874979019
v 0.05733538419008255 -0.024857226759195328 -0.03817397728562355
v 0.057554058730602264 -0.02646186389029026 -0.03665999695658684
v 0.057554058730602264 -0.02646186389029026 -0.03665999695658684
v 0.05733538419008255 -0.024857226759195328 -0.03817397728562355
v 0.0689413771033287 -0.024586793035268784 -0.03716934844851494
v 0.057554058730602264 -0.02646186389029026 -0.03665999695658684
v 0.0689413771033287 -0.024586793035268784 -0.03716934844851494
v 0.06894118338823318 -0.02520056441426277 -0.03662489727139473
v 0.03898528218269348 -0.024177895858883858 -0.040379781275987625
v 0.04154002293944359 -0.02332521788775921 -0.040763821452856064
v 0.04363323375582695 -0.024918459355831146 -0.03967199847102165
v 0.04363323375582695 -0.024918459355831146 -0.03967199847102165
v 0.04154002293944359 -0.02332521788775921 -0.040763821452856064
v 0.04338334500789642 -0.023205220699310303 -0.040706343948841095
v 0.04363323375582695 -0.024918459355831146 -0.03967199847102165
v 0.04338334500789642 -0.023205220699310303 -0.040706343948841095
v 0.05038125813007355 -0.02393302507698536 -0.03963567689061165
v 0.05038125813007355 -0.02393302507698536 -0.03963567689061165
v 0.04338334500789642 -0.023205220699310303 -0.040706343948841095
v 0.056832220405340195 -0.02121361717581749 -0.04046918451786041
v 0.05038125813007355 -0.02393302507698536 -0.03963567689061165
v 0.056832220405340195 -0.02121361717581749 -0.04046918451786041
v 0.05709370598196983 -0.023102041333913803 -0.039444416761398315
v 0.05709370598196983 -0.023102041333913803 -0.039444416761398315
v 0.056832220405340195 -0.02121361717581749 -0.04046918451786041
v 0.06894192099571228 -0.022261720150709152 -0.03893532231450081
v 0.05709370598196983 -0.023102041333913803 -0.039444416761398315
v 0.06894192099571228 -0.022261720150709152 -0.03893532231450081
v 0.06894171983003616 -0.023175667971372604 -0.038292791694402695
v 0.06894171983003616 -0.023175667971372604 -0.038292791694402695
v 0.05733538419008255 -0.024857226759195328 -0.03817397728562355
v 0.05709370598196983 -0.023102041333913803 -0.039444416761398315
v 0.05709370598196983 -0.023102041333913803 -0.039444416761398315
v 0.05733538419008255 -0.024857226759195328 -0.03817397728562355
v 0.05061532184481621 -0.025614241138100624 -0.03836781531572342
v 0.05709370598196983 -0.023102041333913803 -0.039444416761398315
v 0.05061532184481621 -0.025614241138100624 -0.03836781531572342
v 0.05038125813007355 -0.02393302507698536 -0.03963567689061165
v 0.05038125813007355 -0.02393302507698536 -0.03963567689061165
v 0.05061532184481621 -0.025614241138100624 -0.03836781531572342
v 0.04385816678404808 -0.026470281183719635 -0.038336094468832016
v 0.05038125813007355 -0.02393302507698536 -0.03963567689061165
v 0.04385816678404808 -0.026470281183719635 -0.038336094468832016
v 0.04363323375582695 -0.024918459355831146 -0.03967199847102165
v 0.04363323375582695 -0.024918459355831146 -0.03967199847102165
v 0.04385816678404808 -0.026470281183719635 -0.038336094468832016
v 0.03706354647874832 -0.02697852812707424 -0.037862300872802734
v 0.04363323375582695 -0.024918459355831146 -0.03967199847102165
v 0.03706354647874832 -0.02697852812707424 -0.037862300872802734
v 0.03684723749756813 -0.025563588365912437 -0.039324767887592316
v 0.043717190623283386 -0.02224472165107727 -0.04110560566186905
v 0.043804049491882324 -0.02219201810657978 -0.041119880974292755
v 0.04338334500789642 -0.023205220699310303 -0.040706343948841095
v 0.04338334500789642 -0.023205220699310303 -0.040706343948841095
v 0.043804049491882324 -0.02219201810657978 -0.041119880974292755
v 0.04501764103770256 -0.021349143236875534 -0.04132843762636185
v 0.04338334500789642 -0.023205220699310303 -0.040706343948841095
v 0.04501764103770256 -0.021349143236875534 -0.04132843762636185
v 0.056832220405340195 -0.02121361717581749 -0.04046918451786041
v 0.056832220405340195 -0.02121361717581749 -0.04046918451786041
v 0.04501764103770256 -0.021349143236875534 -0.04132843762636185
v 0.049848444759845734 -0.020136931911110878 -0.041339851915836334
v 0.056832220405340195 -0.02121361717581749 -0.04046918451786041
v 0.049848444759845734 -0.020136931911110878 -0.041339851915836334
v 0.05655653402209282 -0.01921527460217476 -0.04127213731408119
v 0.05655653402209282 -0.01921527460217476 -0.04127213731408119
v 0.049848444759845734 -0.020136931911110878 -0.041339851915836334
v 0.049278296530246735 -0.01596161164343357 -0.04228217154741287
v 0.05655653402209282 -0.01921527460217476 -0.04127213731408119
v 0.049278296530246735 -0.01596161164343357 -0.04228217154741287
v 0.05598776042461395 -0.014991503208875656 -0.04237877205014229
v 0.05598776042461395 -0.014991503208875656 -0.04237877205014229
v 0.049278296530246735 -0.01596161164343357 -0.04228217154741287
v 0.05917089059948921 -0.011762075126171112 -0.04293404892086983
v 0.05598776042461395 -0.014991503208875656 -0.04237877205014229
v 0.05917089059948921 -0.011762075126171112 -0.04293404892086983
v 0.06152075156569481 -0.011762004345655441 -0.04293343797326088
v 0.044236086308956146 -0.029064645990729332 -0.03483343869447708
v 0.05100852623581886 -0.028471559286117554 -0.035017602145671844
v 0.044398751109838486 -0.030125780031085014 -0.03277263417840004
v 0.044398751109838486 -0.030125780031085014 -0.03277263417840004
v 0.05100852623581886 -0.028471559286117554 -0.035017602145671844
v 0.05117516592144966 -0.02965468168258667 -0.03303108364343643
v 0.044398751109838486 -0.030125780031085014 -0.03277263417840004
v 0.05117516592144966 -0.02965468168258667 -0.03303108364343643
v 0.04469607025384903 -0.031845200806856155 -0.0282717477530241
v 0.04469607025384903 -0.031845200806856155 -0.0282717477530241
v 0.05117516592144966 -0.02965468168258667 -0.03303108364343643
v 0.05147171765565872 -0.03157796338200569 -0.028659524396061897
v 0.04469607025384903 -0.031845200806856155 -0.0282717477530241
v 0.05147171765565872 -0.03157796338200569 -0.028659524396061897
v 0.044986676424741745 -0.033129021525382996 -0.02353654056787491
v 0.044986676424741745 -0.033129021525382996 -0.02353654056787491
v 0.05147171765565872 -0.03157796338200569 -0.028659524396061897
v 0.05851399526000023 -0.03285473212599754 -0.0243938360363245
v 0.044986676424741745 -0.033129021525382996 -0.02353654056787491
v 0.05851399526000023 -0.03285473212599754 -0.0243938360363245
v 0.04714260995388031 -0.033744823187589645 -0.02063324861228466
v 0.04714260995388031 -0.033744823187589645 -0.02063324861228466
v 0.05851399526000023 -0.03285473212599754 -0.0243938360363245
v 0.06893521547317505 -0.033744681626558304 -0.02062683366239071
v 0.027730358764529228 -0.025591082870960236 -0.03847635164856911
v 0.030566029250621796 -0.025441985577344894 -0.03901365399360657
v 0.03007395751774311 -0.025701645761728287 -0.038674820214509964
v 0.03007395751774311 -0.025701645761728287 -0.038674820214509964
v 0.030566029250621796 -0.025441985577344894 -0.03901365399360657
v 0.03684723749756813 -0.025563588365912437 -0.039324767887592316
v 0.03007395751774311 -0.025701645761728287 -0.038674820214509964
v 0.03684723749756813 -0.025563588365912437 -0.039324767887592316
v 0.030275147408246994 -0.027015533298254013 -0.037065956741571426
v 0.030275147408246994 -0.027015533298254013 -0.037065956741571426
v 0.03684723749756813 -0.025563588365912437 -0.039324767887592316
v 0.03706354647874832 -0.02697852812707424 -0.037862300872802734
v 0.030275147408246994 -0.027015533298254013 -0.037065956741571426
v 0.03706354647874832 -0.02697852812707424 -0.037862300872802734
v 0.030460380017757416 -0.02821301855146885 -0.03526417165994644
v 0.030460380017757416 -0.02821301855146885 -0.03526417165994644
v 0.03706354647874832 -0.02697852812707424 -0.037862300872802734
v 0.03725794330239296 -0.028245117515325546 -0.036145392805337906
v 0.030460380017757416 -0.02821301855146885 -0.03526417165994644
v 0.03725794330239296 -0.028245117515325546 -0.036145392805337906
v 0.037435226142406464 -0.029371093958616257 -0.03422334045171738
v 0.037435226142406464 -0.029371093958616257 -0.03422334045171738
v 0.03725794330239296 -0.028245117515325546 -0.036145392805337906
v 0.04405759647488594 -0.027850210666656494 -0.03670575097203255
v 0.037435226142406464 -0.029371093958616257 -0.03422334045171738
v 0.04405759647488594 -0.027850210666656494 -0.03670575097203255
v 0.044236086308956146 -0.029064645990729332 -0.03483343869447708
v 0.044236086308956146 -0.029064645990729332 -0.03483343869447708
v 0.04405759647488594 -0.027850210666656494 -0.03670575097203255
v 0.050823379307985306 -0.027127087116241455 -0.03681293874979019
v 0.044236086308956146 -0.029064645990729332 -0.03483343869447708
v 0.050823379307985306 -0.027127087116241455 -0.03681293874979019
v 0.05100852623581886 -0.028471559286117554 -0.035017602145671844
v 0.05100852623581886 -0.028471559286117554 -0.035017602145671844
v 0.050823379307985306 -0.027127087116241455 -0.03681293874979019
v 0.057554058730602264 -0.02646186389029026 -0.03665999695658684
v 0.05100852623581886 -0.028471559286117554 -0.035017602145671844
v 0.057554058730602264 -0.02646186389029026 -0.03665999695658684
v 0.05117516592144966 -0.02965468168258667 -0.03303108364343643
v 0.05117516592144966 -0.02965468168258667 -0.03303108364343643
v 0.057554058730602264 -0.02646186389029026 -0.03665999695658684
v 0.05792643502354622 -0.029194379225373268 -0.033037520945072174
v 0.05117516592144966 -0.02965468168258667 -0.03303108364343643
v 0.05792643502354622 -0.029194379225373268 -0.033037520945072174
v 0.05147171765565872 -0.03157796338200569 -0.028659524396061897
v 0.05147171765565872 -0.03157796338200569 -0.028659524396061897
v 0.05792643502354622 -0.029194379225373268 -0.033037520945072174
v 0.05823514610528946 -0.031307436525821686 -0.028864620253443718
v 0.05147171765565872 -0.03157796338200569 -0.028659524396061897
v 0.05823514610528946 -0.031307436525821686 -0.028864620253443718
v 0.05851399526000023 -0.03285473212599754 -0.0243938360363245
v 0.05851399526000023 -0.03285473212599754 -0.0243938360363245
v 0.05823514610528946 -0.031307436525821686 -0.028864620253443718
v 0.06893724203109741 -0.03192850574851036 -0.02679622173309326
v 0.05851399526000023 -0.03285473212599754 -0.0243938360363245
v 0.06893724203109741 -0.03192850574851036 -0.02679622173309326
v 0.06893663853406906 -0.03264746442437172 -0.024848340079188347
v 0.04492385312914848 -0.03374774381518364 -0.0002751368738245219
v 0.04160408675670624 -0.03376273065805435 -0.00016609962040092796
v 0.04193396493792534 -0.0344846211373806 -0.005259107798337936
v 0.04193396493792534 -0.0344846211373806 -0.005259107798337936
v 0.04160408675670624 -0.03376273065805435 -0.00016609962040092796
v 0.0377902090549469 -0.03378612548112869 0.00024149152159225196
v 0.04713859781622887 -0.03458009287714958 -0.006663831882178783
v 0.047136761248111725 -0.033744655549526215 -0.00028449762612581253
v 0.04696815460920334 -0.03374461084604263 -0.00028453610138967633
v 0.02381707727909088 -0.034529853612184525 -0.012154233641922474
v 0.029528159648180008 -0.03453177586197853 -0.013727006502449512
v 0.02522720769047737 -0.03477543964982033 -0.007242039777338505
v 0.02522720769047737 -0.03477543964982033 -0.007242039777338505
v 0.029528159648180008 -0.03453177586197853 -0.013727006502449512
v 0.03059585951268673 -0.03477716073393822 -0.008705895394086838
v 0.03377784788608551 -0.03380230441689491 0.0010256200330331922
v 0.028034979477524757 -0.03380151838064194 0.0025374768301844597
v 0.031662072986364365 -0.03453407064080238 -0.0036901049315929413
v 0.031662072986364365 -0.03453407064080238 -0.0036901049315929413
v 0.028034979477524757 -0.03380151838064194 0.0025374768301844597
v 0.026637611910700798 -0.03453195467591286 -0.0023298803716897964
v 0.031662072986364365 -0.03453407064080238 -0.0036901049315929413
v 0.026637611910700798 -0.03453195467591286 -0.0023298803716897964
v 0.03059585951268673 -0.03477716073393822 -0.008705895394086838
v 0.03059585951268673 -0.03477716073393822 -0.008705895394086838
v 0.026637611910700798 -0.03453195467591286 -0.0023298803716897964
v 0.02522720769047737 -0.03477543964982033 -0.007242039777338505
v 0.03460593894124031 -0.03378008306026459 -0.020035842433571815
v 0.029528159648180008 -0.03453177586197853 -0.013727006502449512
v 0.02846798114478588 -0.03380095958709717 -0.018710820004343987
v 0.02846798114478588 -0.03380095958709717 -0.018710820004343987
v 0.029528159648180008 -0.03453177586197853 -0.013727006502449512
v 0.02381707727909088 -0.034529853612184525 -0.012154233641922474
v 0.02846798114478588 -0.03380095958709717 -0.018710820004343987
v 0.02381707727909088 -0.034529853612184525 -0.012154233641922474
v 0.02241969108581543 -0.03379806503653526 -0.017021192237734795
v 0.03377784788608551 -0.03380230441689491 0.0010256200330331922
v 0.031662072986364365 -0.03453407064080238 -0.0036901049315929413
v 0.03675707057118416 -0.03451450541615486 -0.004747554659843445
v 0.03675707057118416 -0.03451450541615486 -0.004747554659843445
v 0.031662072986364365 -0.03453407064080238 -0.0036901049315929413
v 0.03059585951268673 -0.03477716073393822 -0.008705895394086838
v 0.03675707057118416 -0.03451450541615486 -0.004747554659843445
v 0.03059585951268673 -0.03477716073393822 -0.008705895394086838
v 0.03604046627879143 -0.03475570306181908 -0.009842010214924812
v 0.03604046627879143 -0.03475570306181908 -0.009842010214924812
v 0.03059585951268673 -0.03477716073393822 -0.008705895394086838
v 0.029528159648180008 -0.03453177586197853 -0.013727006502449512
v 0.03604046627879143 -0.03475570306181908 -0.009842010214924812
v 0.029528159648180008 -0.03453177586197853 -0.013727006502449512
v 0.03532148897647858 -0.034509941935539246 -0.014952239580452442
v 0.03532148897647858 -0.034509941935539246 -0.014952239580452442
v 0.029528159648180008 -0.03453177586197853 -0.013727006502449512
v 0.03460593894124031 -0.03378008306026459 -0.020035842433571815
v 0.03532148897647858 -0.034509941935539246 -0.014952239580452442
v 0.03460593894124031 -0.03378008306026459 -0.020035842433571815
v 0.04086317867040634 -0.03375329077243805 -0.02055884711444378
v 0.04086317867040634 -0.03375329077243805 -0.02055884711444378
v 0.041218530386686325 -0.034481488168239594 -0.015479820780456066
v 0.03532148897647858 -0.034509941935539246 -0.014952239580452442
v 0.03532148897647858 -0.034509941935539246 -0.014952239580452442
v 0.041218530386686325 -0.034481488168239594 -0.015479820780456066
v 0.04157637432217598 -0.03472607210278511 -0.010365288704633713
v 0.03532148897647858 -0.034509941935539246 -0.014952239580452442
v 0.04157637432217598 -0.03472607210278511 -0.010365288704633713
v 0.03604046627879143 -0.03475570306181908 -0.009842010214924812
v 0.03604046627879143 -0.03475570306181908 -0.009842010214924812
v 0.04157637432217598 -0.03472607210278511 -0.010365288704633713
v 0.04193396493792534 -0.0344846211373806 -0.005259107798337936
v 0.03604046627879143 -0.03475570306181908 -0.009842010214924812
v 0.04193396493792534 -0.0344846211373806 -0.005259107798337936
v 0.03675707057118416 -0.03451450541615486 -0.004747554659843445
v 0.03675707057118416 -0.03451450541615486 -0.004747554659843445
v 0.04193396493792534 -0.0344846211373806 -0.005259107798337936
v 0.0377902090549469 -0.03378612548112869 0.00024149152159225196
v 0.03675707057118416 -0.03451450541615486 -0.004747554659843445
v 0.0377902090549469 -0.03378612548112869 0.00024149152159225196
v 0.03377784788608551 -0.03380230441689491 0.0010256200330331922
v 0.04696815460920334 -0.03374461084604263 -0.00028453610138967633
v 0.04492385312914848 -0.03374774381518364 -0.0002751368738245219
v 0.04713859781622887 -0.03458009287714958 -0.006663831882178783
v 0.04713859781622887 -0.03458009287714958 -0.006663831882178783
v 0.04492385312914848 -0.03374774381518364 -0.0002751368738245219
v 0.04193396493792534 -0.0344846211373806 -0.005259107798337936
v 0.04713859781622887 -0.03458009287714958 -0.006663831882178783
v 0.04193396493792534 -0.0344846211373806 -0.005259107798337936
v 0.047139693051576614 -0.03471389785408974 -0.010458875447511673
v 0.047139693051576614 -0.03471389785408974 -0.010458875447511673
v 0.04193396493792534 -0.0344846211373806 -0.005259107798337936
v 0.04157637432217598 -0.03472607210278511 -0.010365288704633713
v 0.047139693051576614 -0.03471389785408974 -0.010458875447511673
v 0.04157637432217598 -0.03472607210278511 -0.010365288704633713
v 0.047140784561634064 -0.03458010405302048 -0.014253878965973854
v 0.047140784561634064 -0.03458010405302048 -0.014253878965973854
v 0.04157637432217598 -0.03472607210278511 -0.010365288704633713
v 0.041218530386686325 -0.034481488168239594 -0.015479820780456066
v 0.047140784561634064 -0.03458010405302048 -0.014253878965973854
v 0.041218530386686325 -0.034481488168239594 -0.015479820780456066
v 0.04714260995388031 -0.033744823187589645 -0.02063324861228466
v 0.04714260995388031 -0.033744823187589645 -0.02063324861228466
v 0.041218530386686325 -0.034481488168239594 -0.015479820780456066
v 0.04086317867040634 -0.03375329077243805 -0.02055884711444378
v 0.033455993980169296 -0.02570994198322296 0.021419677883386612
v 0.033456068485975266 -0.022710122168064117 0.021419823169708252
v 0.008229087106883526 -0.025710104033350945 0.028662601485848427
v 0.008229087106883526 -0.025710104033350945 0.028662601485848427
v 0.033456068485975266 -0.022710122168064117 0.021419823169708252
v 0.008229074999690056 -0.02271018736064434 0.028662599623203278
v -0.008229081518948078 -0.02271018736064434 -0.02866259776055813
v 0.01699795201420784 -0.02271021157503128 -0.035905398428440094
v -0.008229069411754608 -0.02571023814380169 -0.02866259403526783
v -0.008229069411754608 -0.02571023814380169 -0.02866259403526783
v 0.01699795201420784 -0.02271021157503128 -0.035905398428440094
v 0.016997670754790306 -0.025710612535476685 -0.035905372351408005
v -0.008229081518948078 -0.02271018736064434 -0.02866259776055813
v -0.008229069411754608 -0.02571023814380169 -0.02866259403526783
v -0.01440078392624855 -0.02271018549799919 -0.02611282654106617
v -0.01440078392624855 -0.02271018549799919 -0.02611282654106617
v -0.008229069411754608 -0.02571023814380169 -0.02866259403526783
v -0.011820095591247082 -0.02571023255586624 -0.027377860620617867
v -0.011820095591247082 -0.02571023255586624 -0.027377860620617867
v -0.014400784857571125 -0.02571023628115654 -0.026112817227840424
v -0.01440078392624855 -0.02271018549799919 -0.02611282654106617
v -0.01440078392624855 -0.02271018549799919 -0.02611282654106617
v -0.014400784857571125 -0.02571023628115654 -0.026112817227840424
v -0.018531471490859985 -0.025710228830575943 -0.023363355547189713
v -0.01440078392624855 -0.02271018549799919 -0.02611282654106617
v -0.018531471490859985 -0.025710228830575943 -0.023363355547189713
v -0.019850371405482292 -0.022710183635354042 -0.022253645583987236
v -0.018531471490859985 -0.025710228830575943 -0.023363355547189713
v -0.01985037513077259 -0.02571023441851139 -0.02225363999605179
v -0.019850371405482292 -0.022710183635354042 -0.022253645583987236
v -0.019850371405482292 -0.022710183635354042 -0.022253645583987236
v -0.01985037513077259 -0.02571023441851139 -0.02225363999605179
v -0.021457882598042488 -0.025710230693221092 -0.020707992836833
v -0.019850371405482292 -0.022710183635354042 -0.022253645583987236
v -0.021457882598042488 -0.025710230693221092 -0.020707992836833
v -0.0243045836687088 -0.022710181772708893 -0.017278576269745827
v -0.021457882598042488 -0.025710230693221092 -0.020707992836833
v -0.02430458553135395 -0.025710225105285645 -0.01727856881916523
v -0.0243045836687088 -0.022710181772708893 -0.017278576269745827
v -0.0243045836687088 -0.022710181772708893 -0.017278576269745827
v -0.02430458553135395 -0.025710225105285645 -0.01727856881916523
v -0.02608634904026985 -0.025710221379995346 -0.014448674395680428
v -0.0243045836687088 -0.022710181772708893 -0.017278576269745827
v -0.02608634904026985 -0.025710221379995346 -0.014448674395680428
v -0.027540070936083794 -0.022710181772708893 -0.011437083594501019
v -0.027540070936083794 -0.022710181772708893 -0.011437083594501019
v -0.02608634904026985 -0.025710221379995346 -0.014448674395680428
v -0.027540059760212898 -0.025710217654705048 -0.011437080800533295
v -0.027540070936083794 -0.022710181772708893 -0.011437083594501019
v -0.027540059760212898 -0.025710217654705048 -0.011437080800533295
v -0.02939457632601261 -0.022710183635354042 -0.005022089928388596
v -0.02939457632601261 -0.022710183635354042 -0.005022089928388596
v -0.027540059760212898 -0.025710217654705048 -0.011437080800533295
v -0.02893707901239395 -0.025710206478834152 -0.007204699795693159
v -0.02893707901239395 -0.025710206478834152 -0.007204699795693159
v -0.029394563287496567 -0.025710204616189003 -0.005022086668759584
v -0.02939457632601261 -0.022710183635354042 -0.005022089928388596
v -0.02939457632601261 -0.022710183635354042 -0.005022089928388596
v -0.029394563287496567 -0.025710204616189003 -0.005022086668759584
v -0.029635630548000336 -0.025710204616189003 -0.0033153733238577843
v -0.02939457632601261 -0.022710183635354042 -0.005022089928388596
v -0.029635630548000336 -0.025710204616189003 -0.0033153733238577843
v -0.029775112867355347 -0.02271018736064434 0.0016447310335934162
v -0.029635630548000336 -0.025710204616189003 -0.0033153733238577843
v -0.029775099828839302 -0.025710193440318108 0.0016447341768071055
v -0.029775112867355347 -0.02271018736064434 0.0016447310335934162
v -0.029775112867355347 -0.02271018736064434 0.0016447310335934162
v -0.029775099828839302 -0.025710193440318108 0.0016447341768071055
v -0.029478486627340317 -0.02571018598973751 0.004503458738327026
v -0.029775112867355347 -0.02271018736064434 0.0016447310335934162
v -0.029478486627340317 -0.02571018598973751 0.004503458738327026
v -0.02866259403526783 -0.02271018549799919 0.008229076862335205
v -0.02866259403526783 -0.02271018549799919 0.008229076862335205
v -0.029478486627340317 -0.02571018598973751 0.004503458738327026
v -0.02866259589791298 -0.025710176676511765 0.008229084312915802
v -0.02866259403526783 -0.02271018549799919 0.008229076862335205
v -0.02866259589791298 -0.025710176676511765 0.008229084312915802
v -0.026112820953130722 -0.02271018549799919 0.014400784857571125
v -0.026112820953130722 -0.02271018549799919 0.014400784857571125
v -0.02866259589791298 -0.025710176676511765 0.008229084312915802
v -0.027377856895327568 -0.025710169225931168 0.011820102110505104
v -0.027377856895327568 -0.025710169225931168 0.011820102110505104
v -0.02611282281577587 -0.02571016177535057 0.014400792308151722
v -0.026112820953130722 -0.02271018549799919 0.014400784857571125
v -0.026112820953130722 -0.02271018549799919 0.014400784857571125
v -0.02611282281577587 -0.02571016177535057 0.014400792308151722
v -0.02336336113512516 -0.025710148736834526 0.01853148266673088
v -0.026112820953130722 -0.02271018549799919 0.014400784857571125
v -0.02336336113512516 -0.025710148736834526 0.01853148266673088
v -0.022253649309277534 -0.02271018736064434 0.01985037885606289
v -0.02336336113512516 -0.025710148736834526 0.01853148266673088
v -0.02225363627076149 -0.025710148736834526 0.019850382581353188
v -0.022253649309277534 -0.02271018736064434 0.01985037885606289
v -0.022253649309277534 -0.02271018736064434 0.01985037885606289
v -0.02225363627076149 -0.025710148736834526 0.019850382581353188
v -0.020708002150058746 -0.02571014314889908 0.021457897499203682
v -0.022253649309277534 -0.02271018736064434 0.01985037885606289
v -0.020708002150058746 -0.02571014314889908 0.021457897499203682
v -0.017278572544455528 -0.02271018549799919 0.02430458925664425
v -0.020708002150058746 -0.02571014314889908 0.021457897499203682
v -0.017278574407100677 -0.025710131973028183 0.024304596707224846
v -0.017278572544455528 -0.02271018549799919 0.02430458925664425
v -0.017278572544455528 -0.02271018549799919 0.02430458925664425
v -0.017278574407100677 -0.025710131973028183 0.024304596707224846
v -0.014448682777583599 -0.025710126385092735 0.026086362078785896
v -0.017278572544455528 -0.02271018549799919 0.02430458925664425
v -0.014448682777583599 -0.025710126385092735 0.026086362078785896
v -0.011437078937888145 -0.022710183635354042 0.027540063485503197
v -0.011437078937888145 -0.022710183635354042 0.027540063485503197
v -0.014448682777583599 -0.025710126385092735 0.026086362078785896
v -0.011437080800533295 -0.025710122659802437 0.027540072798728943
v -0.011437078937888145 -0.022710183635354042 0.027540063485503197
v -0.011437080800533295 -0.025710122659802437 0.027540072798728943
v -0.005022086668759584 -0.022710183635354042 0.029394568875432014
v -0.005022086668759584 -0.022710183635354042 0.029394568875432014
v -0.011437080800533295 -0.025710122659802437 0.027540072798728943
v -0.00720470305532217 -0.02571011334657669 0.02893708273768425
v -0.00720470305532217 -0.02571011334657669 0.02893708273768425
v -0.005022088997066021 -0.02571011520922184 0.02939457632601261
v -0.005022086668759584 -0.022710183635354042 0.029394568875432014
v -0.005022086668759584 -0.022710183635354042 0.029394568875432014
v -0.005022088997066021 -0.02571011520922184 0.02939457632601261
v -0.003315378911793232 -0.02571011148393154 0.029635634273290634
v -0.005022086668759584 -0.022710183635354042 0.029394568875432014
v -0.003315378911793232 -0.02571011148393154 0.029635634273290634
v 0.0016447340603917837 -0.02271018549799919 0.0297751072794199
v 0.008229087106883526 -0.025710104033350945 0.028662601485848427
v 0.008229074999690056 -0.02271018736064434 0.028662599623203278
v 0.004503453150391579 -0.025710105895996094 0.029478492215275764
v 0.004503453150391579 -0.025710105895996094 0.029478492215275764
v 0.008229074999690056 -0.02271018736064434 0.028662599623203278
v 0.0016447340603917837 -0.02271018549799919 0.0297751072794199
v 0.004503453150391579 -0.025710105895996094 0.029478492215275764
v 0.0016447340603917837 -0.02271018549799919 0.0297751072794199
v 0.0016447319649159908 -0.025710109621286392 0.029775114730000496
v 0.0016447319649159908 -0.025710109621286392 0.029775114730000496
v 0.0016447340603917837 -0.02271018549799919 0.0297751072794199
v -0.003315378911793232 -0.02571011148393154 0.029635634273290634
v 0.05107592046260834 -0.007492503151297569 -0.04533051326870918
v 0.0507732555270195 -0.007864353246986866 -0.045019857585430145
v 0.05115095153450966 -0.007275519892573357 -0.045406095683574677
v 0.05115095153450966 -0.007275519892573357 -0.045406095683574677
v 0.0507732555270195 -0.007864353246986866 -0.045019857585430145
v 0.04714857414364815 -0.004722660407423973 -0.04142414778470993
v 0.05115095153450966 -0.007275519892573357 -0.045406095683574677
v 0.04714857414364815 -0.004722660407423973 -0.04142414778470993
v 0.051174961030483246 -0.007057531271129847 -0.04543024301528931
v 0.0507732555270195 -0.007864353246986866 -0.045019857585430145
v 0.050077151507139206 -0.008594196289777756 -0.044268056750297546
v 0.04714857414364815 -0.004722660407423973 -0.04142414778470993
v 0.04714857414364815 -0.004722660407423973 -0.04142414778470993
v 0.050077151507139206 -0.008594196289777756 -0.044268056750297546
v 0.049904488027095795 -0.00885901227593422 -0.044068820774555206
v 0.04714857414364815 -0.004722660407423973 -0.04142414778470993
v 0.049904488027095795 -0.00885901227593422 -0.044068820774555206
v 0.047148555517196655 -0.007724082097411156 -0.04133065417408943
v 0.047148555517196655 -0.007724082097411156 -0.04133065417408943
v 0.049904488027095795 -0.00885901227593422 -0.044068820774555206
v 0.04942534118890762 -0.009942407719790936 -0.04346342012286186
v 0.049150582402944565 -0.011762158945202827 -0.04293722286820412
v 0.04715196043252945 -0.011759666725993156 -0.04093855246901512
v 0.049161650240421295 -0.011400403454899788 -0.04300134629011154
v 0.049161650240421295 -0.011400403454899788 -0.04300134629011154
v 0.04715196043252945 -0.011759666725993156 -0.04093855246901512
v 0.047148462384939194 -0.01133744977414608 -0.04099821299314499
v 0.049161650240421295 -0.011400403454899788 -0.04300134629011154
v 0.047148462384939194 -0.01133744977414608 -0.04099821299314499
v 0.04926608130335808 -0.010573083534836769 -0.04322168231010437
v 0.04926608130335808 -0.010573083534836769 -0.04322168231010437
v 0.047148462384939194 -0.01133744977414608 -0.04099821299314499
v 0.047148555517196655 -0.007724082097411156 -0.04133065417408943
v 0.04926608130335808 -0.010573083534836769 -0.04322168231010437
v 0.047148555517196655 -0.007724082097411156 -0.04133065417408943
v 0.04935935139656067 -0.01016981340944767 -0.043368324637413025
v 0.04935935139656067 -0.01016981340944767 -0.043368324637413025
v 0.047148555517196655 -0.007724082097411156 -0.04133065417408943
v 0.04942534118890762 -0.009942407719790936 -0.04346342012286186
v 0.04714857414364815 -0.004722660407423973 -0.04142414778470993
v 0.047148581594228745 -0.0017202590825036168 -0.04143752530217171
v 0.05085233598947525 -0.0017200574511662126 -0.04511044919490814
v 0.051174961030483246 -0.007057531271129847 -0.04543024301528931
v 0.04714857414364815 -0.004722660407423973 -0.04142414778470993
v 0.0511750802397728 -0.004388897214084864 -0.045430153608322144
v 0.0511750802397728 -0.004388897214084864 -0.045430153608322144
v 0.04714857414364815 -0.004722660407423973 -0.04142414778470993
v 0.05085233598947525 -0.0017200574511662126 -0.04511044919490814
v 0.0511750802397728 -0.004388897214084864 -0.045430153608322144
v 0.05085233598947525 -0.0017200574511662126 -0.04511044919490814
v 0.051174938678741455 -0.001720262924209237 -0.04543015733361244
v 0.06691695749759674 -0.004411210305988789 -0.04542562738060951
v 0.06691701710224152 -0.0017202507006004453 -0.04542563483119011
v 0.07094118744134903 -0.0017201646696776152 -0.04143068566918373
v 0.06699586659669876 -0.007539247162640095 -0.04532528668642044
v 0.06897547096014023 -0.006576686166226864 -0.04313649237155914
v 0.06705468147993088 -0.007670787628740072 -0.045248840004205704
v 0.06705468147993088 -0.007670787628740072 -0.045248840004205704
v 0.06897547096014023 -0.006576686166226864 -0.04313649237155914
v 0.06721080094575882 -0.00788890291005373 -0.045045480132102966
v 0.06699586659669876 -0.007539247162640095 -0.04532528668642044
v 0.06694862246513367 -0.0073803262785077095 -0.045386213809251785
v 0.06897547096014023 -0.006576686166226864 -0.04313649237155914
v 0.06897547096014023 -0.006576686166226864 -0.04313649237155914
v 0.06694862246513367 -0.0073803262785077095 -0.045386213809251785
v 0.06691707670688629 -0.007102166302502155 -0.04542571306228638
v 0.06897547096014023 -0.006576686166226864 -0.04313649237155914
v 0.06691707670688629 -0.007102166302502155 -0.04542571306228638
v 0.06691695749759674 -0.004411210305988789 -0.04542562738060951
v 0.06894290447235107 -0.011762133799493313 -0.04293122887611389
v 0.0687979906797409 -0.010668261907994747 -0.04319572076201439
v 0.07094080001115799 -0.010871045291423798 -0.04004843905568123
v 0.07094080001115799 -0.010871045291423798 -0.04004843905568123
v 0.0687979906797409 -0.010668261907994747 -0.04319572076201439
v 0.0687234178185463 -0.010407834313809872 -0.04328824207186699
v 0.07094080001115799 -0.010871045291423798 -0.04004843905568123
v 0.0687234178185463 -0.010407834313809872 -0.04328824207186699
v 0.06908143311738968 -0.00916691031306982 -0.042833372950553894
v 0.06908143311738968 -0.00916691031306982 -0.042833372950553894
v 0.0687234178185463 -0.010407834313809872 -0.04328824207186699
v 0.06821281462907791 -0.009243568405508995 -0.043862663209438324
v 0.06908143311738968 -0.00916691031306982 -0.042833372950553894
v 0.06821281462907791 -0.009243568405508995 -0.043862663209438324
v 0.06897547096014023 -0.006576686166226864 -0.04313649237155914
v 0.06897547096014023 -0.006576686166226864 -0.04313649237155914
v 0.06821281462907791 -0.009243568405508995 -0.043862663209438324
v 0.06796886026859283 -0.008843889459967613 -0.04413449764251709
v 0.06897547096014023 -0.006576686166226864 -0.04313649237155914
v 0.06796886026859283 -0.008843889459967613 -0.04413449764251709
v 0.06721080094575882 -0.00788890291005373 -0.045045480132102966
v 0.06691695749759674 -0.004411210305988789 -0.04542562738060951
v 0.07094118744134903 -0.0017201646696776152 -0.04143068566918373
v 0.06897547096014023 -0.006576686166226864 -0.04313649237155914
v 0.06897547096014023 -0.006576686166226864 -0.04313649237155914
v 0.07094118744134903 -0.0017201646696776152 -0.04143068566918373
v 0.07094115763902664 -0.0047279600985348225 -0.041284337639808655
v 0.06897547096014023 -0.006576686166226864 -0.04313649237155914
v 0.07094115763902664 -0.0047279600985348225 -0.041284337639808655
v 0.06908143311738968 -0.00916691031306982 -0.042833372950553894
v 0.06908143311738968 -0.00916691031306982 -0.042833372950553894
v 0.07094115763902664 -0.0047279600985348225 -0.041284337639808655
v 0.0709410235285759 -0.00767969386652112 -0.040852028876543045
v 0.06908143311738968 -0.00916691031306982 -0.042833372950553894
v 0.0709410235285759 -0.00767969386652112 -0.040852028876543045
v 0.07094080001115799 -0.010871045291423798 -0.04004843905568123
v 0.06691707670688629 -0.007102166302502155 -0.04542571306228638
v 0.051174961030483246 -0.007057531271129847 -0.04543024301528931
v 0.06691695749759674 -0.004411210305988789 -0.04542562738060951
v 0.0511750802397728 -0.004388897214084864 -0.045430153608322144
v 0.06691695749759674 -0.004411210305988789 -0.04542562738060951
v 0.0511750802397728 -0.004388897214084864 -0.045430153608322144
v 0.06691701710224152 -0.0017202507006004453 -0.04542563483119011
v 0.051174938678741455 -0.001720262924209237 -0.04543015733361244
v 0.0669170692563057 0.0035687002819031477 -0.045425690710544586
v 0.0669170692563057 0.0035687002819031477 -0.045425690710544586
v 0.051174938678741455 -0.001720262924209237 -0.04543015733361244
v 0.05117499828338623 0.0034799145068973303 -0.04543027654290199
v 0.06705468147993088 -0.007670787628740072 -0.045248840004205704
v 0.06721080094575882 -0.00788890291005373 -0.045045480132102966
v 0.0507732555270195 -0.007864353246986866 -0.045019857585430145
v 0.06705468147993088 -0.007670787628740072 -0.045248840004205704
v 0.0507732555270195 -0.007864353246986866 -0.045019857585430145
v 0.06699586659669876 -0.007539247162640095 -0.04532528668642044
v 0.05115095153450966 -0.007275519892573357 -0.045406095683574677
v 0.051174961030483246 -0.007057531271129847 -0.04543024301528931
v 0.06691707670688629 -0.007102166302502155 -0.04542571306228638
v 0.0507732555270195 -0.007864353246986866 -0.045019857585430145
v 0.05107592046260834 -0.007492503151297569 -0.04533051326870918
v 0.06699586659669876 -0.007539247162640095 -0.04532528668642044
v 0.06699586659669876 -0.007539247162640095 -0.04532528668642044
v 0.05107592046260834 -0.007492503151297569 -0.04533051326870918
v 0.05115095153450966 -0.007275519892573357 -0.045406095683574677
v 0.06699586659669876 -0.007539247162640095 -0.04532528668642044
v 0.05115095153450966 -0.007275519892573357 -0.045406095683574677
v 0.06694862246513367 -0.0073803262785077095 -0.045386213809251785
v 0.06694862246513367 -0.0073803262785077095 -0.045386213809251785
v 0.05115095153450966 -0.007275519892573357 -0.045406095683574677
v 0.06691707670688629 -0.007102166302502155 -0.04542571306228638
v 0.06796886026859283 -0.008843889459967613 -0.04413449764251709
v 0.049904488027095795 -0.00885901227593422 -0.044068820774555206
v 0.06721080094575882 -0.00788890291005373 -0.045045480132102966
v 0.06721080094575882 -0.00788890291005373 -0.045045480132102966
v 0.049904488027095795 -0.00885901227593422 -0.044068820774555206
v 0.050077151507139206 -0.008594196289777756 -0.044268056750297546
v 0.06721080094575882 -0.00788890291005373 -0.045045480132102966
v 0.050077151507139206 -0.008594196289777756 -0.044268056750297546
v 0.0507732555270195 -0.007864353246986866 -0.045019857585430145
v 0.0687979906797409 -0.010668261907994747 -0.04319572076201439
v 0.04942534118890762 -0.009942407719790936 -0.04346342012286186
v 0.0687234178185463 -0.010407834313809872 -0.04328824207186699
v 0.0687234178185463 -0.010407834313809872 -0.04328824207186699
v 0.04942534118890762 -0.009942407719790936 -0.04346342012286186
v 0.049904488027095795 -0.00885901227593422 -0.044068820774555206
v 0.0687234178185463 -0.010407834313809872 -0.04328824207186699
v 0.049904488027095795 -0.00885901227593422 -0.044068820774555206
v 0.06821281462907791 -0.009243568405508995 -0.043862663209438324
v 0.06821281462907791 -0.009243568405508995 -0.043862663209438324
v 0.049904488027095795 -0.00885901227593422 -0.044068820774555206
v 0.06796886026859283 -0.008843889459967613 -0.04413449764251709
v 0.06894290447235107 -0.011762133799493313 -0.04293122887611389
v 0.06152075156569481 -0.011762004345655441 -0.04293343797326088
v 0.0687979906797409 -0.010668261907994747 -0.04319572076201439
v 0.0687979906797409 -0.010668261907994747 -0.04319572076201439
v 0.06152075156569481 -0.011762004345655441 -0.04293343797326088
v 0.05917089059948921 -0.011762075126171112 -0.04293404892086983
v 0.049150582402944565 -0.011762158945202827 -0.04293722286820412
v 0.049161650240421295 -0.011400403454899788 -0.04300134629011154
v 0.05917089059948921 -0.011762075126171112 -0.04293404892086983
v 0.05917089059948921 -0.011762075126171112 -0.04293404892086983
v 0.049161650240421295 -0.011400403454899788 -0.04300134629011154
v 0.04926608130335808 -0.010573083534836769 -0.04322168231010437
v 0.05917089059948921 -0.011762075126171112 -0.04293404892086983
v 0.04926608130335808 -0.010573083534836769 -0.04322168231010437
v 0.0687979906797409 -0.010668261907994747 -0.04319572076201439
v 0.0687979906797409 -0.010668261907994747 -0.04319572076201439
v 0.04926608130335808 -0.010573083534836769 -0.04322168231010437
v 0.04935935139656067 -0.01016981340944767 -0.043368324637413025
v 0.0687979906797409 -0.010668261907994747 -0.04319572076201439
v 0.04935935139656067 -0.01016981340944767 -0.043368324637413025
v 0.04942534118890762 -0.009942407719790936 -0.04346342012286186
v -0.013176397420465946 -0.02047598734498024 -0.021245768293738365
v -0.008961942978203297 -0.02047598548233509 -0.023338457569479942
v -0.00896194577217102 -0.022710183635354042 -0.023338455706834793
v -0.00896194577217102 -0.022710183635354042 -0.023338455706834793
v -0.008961942978203297 -0.02047598548233509 -0.023338457569479942
v -0.007478827610611916 -0.02271018549799919 -0.02385512739419937
v -0.0074788243509829044 -0.02047598734498024 -0.02385512925684452
v -0.007478827610611916 -0.02271018549799919 -0.02385512739419937
v -0.0074788243509829044 -0.02047598734498024 -0.02385512925684452
v -0.0013113269815221429 -0.020475981757044792 -0.024965588003396988
v -0.0013113300083205104 -0.02271018736064434 -0.02496558614075184
v -0.0013113300083205104 -0.02271018736064434 -0.02496558614075184
v -0.0013113269815221429 -0.020475981757044792 -0.024965588003396988
v 0.0049385498277843 -0.02047598361968994 -0.02450735867023468
v 0.004938546568155289 -0.02271018922328949 -0.02450735867023468
v 0.004938546568155289 -0.02271018922328949 -0.02450735867023468
v 0.0049385498277843 -0.02047598361968994 -0.02450735867023468
v 0.010878125205636024 -0.020475981757044792 -0.022509245201945305
v 0.01087813638150692 -0.02271018736064434 -0.022509250789880753
v 0.01087813638150692 -0.02271018736064434 -0.022509250789880753
v 0.010878125205636024 -0.020475981757044792 -0.022509245201945305
v 0.016134202480316162 -0.02047598734498024 -0.019096797332167625
v 0.016134198755025864 -0.02271018549799919 -0.019096797332167625
v 0.016134198755025864 -0.02271018549799919 -0.019096797332167625
v 0.016134202480316162 -0.02047598734498024 -0.019096797332167625
v 0.02037649415433407 -0.02047598361968994 -0.014484424144029617
v 0.02037649042904377 -0.022710181772708893 -0.014484423212707043
v 0.02037649042904377 -0.022710181772708893 -0.014484423212707043
v 0.02037649415433407 -0.02047598361968994 -0.014484424144029617
v 0.02333846315741539 -0.02047598548233509 -0.008961942978203297
v 0.02333845943212509 -0.022710183635354042 -0.008961942046880722
v 0.02333845943212509 -0.022710183635354042 -0.008961942046880722
v 0.02333846315741539 -0.02047598548233509 -0.008961942978203297
v 0.024833982810378075 -0.02047598361968994 -0.002876347629353404
v 0.024833979085087776 -0.022710181772708893 -0.0028763464652001858
v 0.024833979085087776 -0.022710181772708893 -0.0028763464652001858
v 0.024833982810378075 -0.02047598361968994 -0.002876347629353404
v 0.024769099429249763 -0.02047598734498024 0.0033899766858667135
v 0.024769095703959465 -0.02271018549799919 0.003389977850019932
v 0.024769095703959465 -0.02271018549799919 0.003389977850019932
v 0.024769099429249763 -0.02047598734498024 0.0033899766858667135
v 0.02314786985516548 -0.020475981757044792 0.00944330170750618
v 0.023147879168391228 -0.02271018736064434 0.009443297982215881
v 0.023147879168391228 -0.02271018736064434 0.009443297982215881
v 0.02314786985516548 -0.020475981757044792 0.00944330170750618
v 0.02007218636572361 -0.02047598361968994 0.014903265051543713
v 0.02007218264043331 -0.02271018922328949 0.014903265982866287
v 0.02007218264043331 -0.02271018922328949 0.014903265982866287
v 0.02007218636572361 -0.02047598361968994 0.014903265051543713
v 0.015735287219285965 -0.020475981757044792 0.019426802173256874
v 0.01573529653251171 -0.02271018736064434 0.019426798447966576
v 0.01573529653251171 -0.02271018736064434 0.019426798447966576
v 0.015735287219285965 -0.020475981757044792 0.019426802173256874
v 0.010409691371023655 -0.02047598734498024 0.022729679942131042
v 0.010409688577055931 -0.02271018549799919 0.02272968180477619
v 0.010409688577055931 -0.02271018549799919 0.02272968180477619
v 0.010409691371023655 -0.02047598734498024 0.022729679942131042
v 0.004430006258189678 -0.02047598734498024 0.024604370817542076
v 0.004430002998560667 -0.02271018549799919 0.024604372680187225
v 0.004430002998560667 -0.02271018549799919 0.024604372680187225
v 0.004430006258189678 -0.02047598734498024 0.024604370817542076
v -0.0018280226504430175 -0.02047598548233509 0.02493307739496231
v -0.001828025677241385 -0.022710183635354042 0.02493307739496231
v -0.001828025677241385 -0.022710183635354042 0.02493307739496231
v -0.0018280226504430175 -0.02047598548233509 0.02493307739496231
v -0.007971198298037052 -0.02047598548233509 0.023695146664977074
v -0.007971201092004776 -0.022710183635354042 0.023695148527622223
v -0.007971201092004776 -0.022710183635354042 0.023695148527622223
v -0.007971198298037052 -0.02047598548233509 0.023695146664977074
v -0.013613508082926273 -0.02047598548233509 0.02096836268901825
v -0.013613510876893997 -0.022710183635354042 0.0209683645516634
v -0.013613510876893997 -0.022710183635354042 0.0209683645516634
v -0.013613508082926273 -0.02047598548233509 0.02096836268901825
v -0.018400438129901886 -0.020475981757044792 0.016924060881137848
v -0.018400439992547035 -0.02271018736064434 0.016924062743782997
v -0.018400439992547035 -0.02271018736064434 0.016924062743782997
v -0.018400438129901886 -0.020475981757044792 0.016924060881137848
v -0.02203119359910488 -0.02047598734498024 0.01181635633111
v -0.02203119732439518 -0.02271018549799919 0.01181635819375515
v -0.02203119732439518 -0.02271018549799919 0.01181635819375515
v -0.02203119359910488 -0.02047598734498024 0.01181635633111
v -0.02427765354514122 -0.02047598734498024 0.005966187920421362
v -0.02427765540778637 -0.02271018549799919 0.005966189317405224
v -0.02427765540778637 -0.02271018549799919 0.005966189317405224
v -0.02427765354514122 -0.02047598734498024 0.005966187920421362
v -0.024998659268021584 -0.020475981757044792 -0.0002588574425317347
v -0.024998662993311882 -0.02271018736064434 -0.00025885627837851644
v -0.024998662993311882 -0.02271018736064434 -0.00025885627837851644
v -0.024998659268021584 -0.020475981757044792 -0.0002588574425317347
v -0.02414890192449093 -0.02047598548233509 -0.006467639934271574
v -0.024148905649781227 -0.022710183635354042 -0.006467638537287712
v -0.024148905649781227 -0.022710183635354042 -0.006467638537287712
v -0.02414890192449093 -0.02047598548233509 -0.006467639934271574
v -0.021781787276268005 -0.02047598548233509 -0.012270033359527588
v -0.021781791001558304 -0.022710183635354042 -0.012270032428205013
v -0.021781791001558304 -0.022710183635354042 -0.012270032428205013
v -0.021781787276268005 -0.02047598548233509 -0.012270033359527588
v -0.01804603822529316 -0.02047598548233509 -0.01730145886540413
v -0.018046041950583458 -0.022710183635354042 -0.01730145886540413
v -0.018046041950583458 -0.022710183635354042 -0.01730145886540413
v -0.01804603822529316 -0.02047598548233509 -0.01730145886540413
v -0.013176397420465946 -0.02047598734498024 -0.021245768293738365
v -0.01317638624459505 -0.02271018549799919 -0.021245772019028664
v -0.01317638624459505 -0.02271018549799919 -0.021245772019028664
v -0.008961942978203297 -0.02047598548233509 -0.023338457569479942
v -0.013176397420465946 -0.02047598734498024 -0.021245768293738365
v -2.8005700536404277e-10 -0.02047598548233509 1.1752734896397499e-10
v -0.0074788243509829044 -0.02047598734498024 -0.02385512925684452
v 0.010878125205636024 -0.020475981757044792 -0.022509245201945305
v 0.0049385498277843 -0.02047598361968994 -0.02450735867023468
v -0.0013113269815221429 -0.020475981757044792 -0.024965588003396988
v 0.02333846315741539 -0.02047598548233509 -0.008961942978203297
v 0.02037649415433407 -0.02047598361968994 -0.014484424144029617
v 0.016134202480316162 -0.02047598734498024 -0.019096797332167625
v 0.02314786985516548 -0.020475981757044792 0.00944330170750618
v 0.024769099429249763 -0.02047598734498024 0.0033899766858667135
v 0.024833982810378075 -0.02047598361968994 -0.002876347629353404
v 0.010409691371023655 -0.02047598734498024 0.022729679942131042
v 0.015735287219285965 -0.020475981757044792 0.019426802173256874
v 0.02007218636572361 -0.02047598361968994 0.014903265051543713
v -0.007971198298037052 -0.02047598548233509 0.023695146664977074
v -0.0018280226504430175 -0.02047598548233509 0.02493307739496231
v 0.004430006258189678 -0.02047598734498024 0.024604370817542076
v -0.02203119359910488 -0.02047598734498024 0.01181635633111
v -0.018400438129901886 -0.020475981757044792 0.016924060881137848
v -0.013613508082926273 -0.02047598548233509 0.02096836268901825
v -0.02414890192449093 -0.02047598548233509 -0.006467639934271574
v -0.024998659268021584 -0.020475981757044792 -0.0002588574425317347
v -0.02427765354514122 -0.02047598734498024 0.005966187920421362
v -0.01804603822529316 -0.02047598548233509 -0.01730145886540413
v -0.021781787276268005 -0.02047598548233509 -0.012270033359527588
v 0.051171980798244476 0.0035611481871455908 -0.0454268641769886
v 0.05117499828338623 0.0034799145068973303 -0.04543027654290199
v 0.047148529440164566 0.0014952401397749782 -0.041270237416028976
v 0.047148581594228745 -0.0017202590825036168 -0.04143752530217171
v 0.047148529440164566 0.0014952401397749782 -0.041270237416028976
v 0.05085233598947525 -0.0017200574511662126 -0.04511044919490814
v 0.05085233598947525 -0.0017200574511662126 -0.04511044919490814
v 0.047148529440164566 0.0014952401397749782 -0.041270237416028976
v 0.05117499828338623 0.0034799145068973303 -0.04543027654290199
v 0.05085233598947525 -0.0017200574511662126 -0.04511044919490814
v 0.05117499828338623 0.0034799145068973303 -0.04543027654290199
v 0.051174938678741455 -0.001720262924209237 -0.04543015733361244
v 0.04990134760737419 0.005183481145650148 -0.043717581778764725
v 0.04910678416490555 0.0033422205597162247 -0.04310105741024017
v 0.04947026073932648 0.006115169730037451 -0.042945507913827896
v 0.04947026073932648 0.006115169730037451 -0.042945507913827896
v 0.04910678416490555 0.0033422205597162247 -0.04310105741024017
v 0.04916089028120041 0.006030486896634102 -0.04261593893170357
v 0.04947026073932648 0.006115169730037451 -0.042945507913827896
v 0.04916089028120041 0.006030486896634102 -0.04261593893170357
v 0.049235749989748 0.007187104318290949 -0.04233948513865471
v 0.04990134760737419 0.005183481145650148 -0.043717581778764725
v 0.05005832388997078 0.0049650780856609344 -0.043958909809589386
v 0.04910678416490555 0.0033422205597162247 -0.04310105741024017
v 0.04910678416490555 0.0033422205597162247 -0.04310105741024017
v 0.05005832388997078 0.0049650780856609344 -0.043958909809589386
v 0.05071906000375748 0.004375504795461893 -0.044866323471069336
v 0.04910678416490555 0.0033422205597162247 -0.04310105741024017
v 0.05071906000375748 0.004375504795461893 -0.044866323471069336
v 0.05089528486132622 0.00422789016738534 -0.045090943574905396
v 0.05089528486132622 0.00422789016738534 -0.045090943574905396
v 0.05100888013839722 0.004074839875102043 -0.045232828706502914
v 0.04910678416490555 0.0033422205597162247 -0.04310105741024017
v 0.04910678416490555 0.0033422205597162247 -0.04310105741024017
v 0.05100888013839722 0.004074839875102043 -0.045232828706502914
v 0.051124293357133865 0.0038161107804626226 -0.04537181183695793
v 0.04910678416490555 0.0033422205597162247 -0.04310105741024017
v 0.051124293357133865 0.0038161107804626226 -0.04537181183695793
v 0.051171980798244476 0.0035611481871455908 -0.0454268641769886
v 0.051171980798244476 0.0035611481871455908 -0.0454268641769886
v 0.047148529440164566 0.0014952401397749782 -0.041270237416028976
v 0.04910678416490555 0.0033422205597162247 -0.04310105741024017
v 0.04910678416490555 0.0033422205597162247 -0.04310105741024017
v 0.047148529440164566 0.0014952401397749782 -0.041270237416028976
v 0.047148462384939194 0.0030241329222917557 -0.041072048246860504
v 0.04910678416490555 0.0033422205597162247 -0.04310105741024017
v 0.047148462384939194 0.0030241329222917557 -0.041072048246860504
v 0.04916089028120041 0.006030486896634102 -0.04261593893170357
v 0.04916089028120041 0.006030486896634102 -0.04261593893170357
v 0.047148462384939194 0.0030241329222917557 -0.041072048246860504
v 0.04714838042855263 0.004749676212668419 -0.04075436666607857
v 0.04916089028120041 0.006030486896634102 -0.04261593893170357
v 0.04714838042855263 0.004749676212668419 -0.04075436666607857
v 0.049235749989748 0.007187104318290949 -0.04233948513865471
v 0.049235749989748 0.007187104318290949 -0.04233948513865471
v 0.04714838042855263 0.004749676212668419 -0.04075436666607857
v 0.04714812710881233 0.007967106066644192 -0.03988390043377876
v 0.049235749989748 0.007187104318290949 -0.04233948513865471
v 0.04714812710881233 0.007967106066644192 -0.03988390043377876
v 0.04914872348308563 0.008592515252530575 -0.041782982647418976
v 0.06728193908929825 0.0044257924892008305 -0.044942911714315414
v 0.05071906000375748 0.004375504795461893 -0.044866323471069336
v 0.05005832388997078 0.0049650780856609344 -0.043958909809589386
v 0.06728193908929825 0.0044257924892008305 -0.044942911714315414
v 0.05005832388997078 0.0049650780856609344 -0.043958909809589386
v 0.0680822879076004 0.005302859470248222 -0.04378903657197952
v 0.0680822879076004 0.005302859470248222 -0.04378903657197952
v 0.05005832388997078 0.0049650780856609344 -0.043958909809589386
v 0.04990134760737419 0.005183481145650148 -0.043717581778764725
v 0.0680822879076004 0.005302859470248222 -0.04378903657197952
v 0.04990134760737419 0.005183481145650148 -0.043717581778764725
v 0.06837760657072067 0.005812512710690498 -0.043302055448293686
v 0.06837760657072067 0.005812512710690498 -0.043302055448293686
v 0.04990134760737419 0.005183481145650148 -0.043717581778764725
v 0.04947026073932648 0.006115169730037451 -0.042945507913827896
v 0.06837760657072067 0.005812512710690498 -0.043302055448293686
v 0.04947026073932648 0.006115169730037451 -0.042945507913827896
v 0.0687686875462532 0.006932487711310387 -0.04251057654619217
v 0.0687686875462532 0.006932487711310387 -0.04251057654619217
v 0.04947026073932648 0.006115169730037451 -0.042945507913827896
v 0.049235749989748 0.007187104318290949 -0.04233948513865471
v 0.0687686875462532 0.006932487711310387 -0.04251057654619217
v 0.049235749989748 0.007187104318290949 -0.04233948513865471
v 0.06883186101913452 0.007246164605021477 -0.04233899340033531
v 0.06883186101913452 0.007246164605021477 -0.04233899340033531
v 0.049235749989748 0.007187104318290949 -0.04233948513865471
v 0.04914872348308563 0.008592515252530575 -0.041782982647418976
v 0.06883186101913452 0.007246164605021477 -0.04233899340033531
v 0.04914872348308563 0.008592515252530575 -0.041782982647418976
v 0.06894125044345856 0.008592570200562477 -0.041777368634939194
v 0.0669170692563057 0.0035687002819031477 -0.045425690710544586
v 0.05117499828338623 0.0034799145068973303 -0.04543027654290199
v 0.0669863298535347 0.003978072665631771 -0.04533809795975685
v 0.0669863298535347 0.003978072665631771 -0.04533809795975685
v 0.05117499828338623 0.0034799145068973303 -0.04543027654290199
v 0.051171980798244476 0.0035611481871455908 -0.0454268641769886
v 0.0669863298535347 0.003978072665631771 -0.04533809795975685
v 0.051171980798244476 0.0035611481871455908 -0.0454268641769886
v 0.051124293357133865 0.0038161107804626226 -0.04537181183695793
v 0.051124293357133865 0.0038161107804626226 -0.04537181183695793
v 0.05100888013839722 0.004074839875102043 -0.045232828706502914
v 0.0669863298535347 0.003978072665631771 -0.04533809795975685
v 0.0669863298535347 0.003978072665631771 -0.04533809795975685
v 0.05100888013839722 0.004074839875102043 -0.045232828706502914
v 0.05089528486132622 0.00422789016738534 -0.045090943574905396
v 0.0669863298535347 0.003978072665631771 -0.04533809795975685
v 0.05089528486132622 0.00422789016738534 -0.045090943574905396
v 0.0671151801943779 0.004239531699568033 -0.04516783729195595
v 0.0671151801943779 0.004239531699568033 -0.04516783729195595
v 0.05089528486132622 0.00422789016738534 -0.045090943574905396
v 0.05071906000375748 0.004375504795461893 -0.044866323471069336
v 0.0671151801943779 0.004239531699568033 -0.04516783729195595
v 0.05071906000375748 0.004375504795461893 -0.044866323471069336
v 0.06728193908929825 0.0044257924892008305 -0.044942911714315414
v 0.06892728060483932 0.02662723883986473 0.006399935577064753
v 0.06892695277929306 0.026301829144358635 0.006935653742402792
v 0.0709274634718895 0.024384038522839546 0.006227861624211073
v 0.0689237117767334 0.009312723763287067 0.020625637844204903
v 0.06892318278551102 0.00859267357736826 0.020871886983513832
v 0.0709238052368164 0.007889990694820881 0.01899823732674122
v 0.0689237117767334 0.009312723763287067 0.020625637844204903
v 0.0709238052368164 0.007889990694820881 0.01899823732674122
v 0.06892461329698563 0.012414287775754929 0.019343355670571327
v 0.0689239501953125 0.01625174470245838 0.01719866879284382
v 0.0689239650964737 0.015376604162156582 0.0177481509745121
v 0.07092460989952087 0.01406911388039589 0.016200542449951172
v 0.07092460989952087 0.01406911388039589 0.016200542449951172
v 0.0689239650964737 0.015376604162156582 0.0177481509745121
v 0.06892461329698563 0.012414287775754929 0.019343355670571327
v 0.07092460989952087 0.01406911388039589 0.016200542449951172
v 0.06892461329698563 0.012414287775754929 0.019343355670571327
v 0.07092396914958954 0.009500228799879551 0.018423644825816154
v 0.07092396914958954 0.009500228799879551 0.018423644825816154
v 0.06892461329698563 0.012414287775754929 0.019343355670571327
v 0.0709238052368164 0.007889990694820881 0.01899823732674122
v 0.07092544436454773 0.01819128729403019 0.013280593790113926
v 0.06892517954111099 0.018966568633913994 0.015230882912874222
v 0.07092460989952087 0.01406911388039589 0.016200542449951172
v 0.07092460989952087 0.01406911388039589 0.016200542449951172
v 0.06892517954111099 0.018966568633913994 0.015230882912874222
v 0.06892411410808563 0.017045823857188225 0.016666024923324585
v 0.07092460989952087 0.01406911388039589 0.016200542449951172
v 0.06892411410808563 0.017045823857188225 0.016666024923324585
v 0.0689239501953125 0.01625174470245838 0.01719866879284382
v 0.06892670691013336 0.02374744415283203 0.010499340482056141
v 0.06892713904380798 0.02238929644227028 0.012048879638314247
v 0.07092630863189697 0.021319031715393066 0.010258529335260391
v 0.07092630863189697 0.021319031715393066 0.010258529335260391
v 0.06892713904380798 0.02238929644227028 0.012048879638314247
v 0.06892704963684082 0.021468233317136765 0.012996934354305267
v 0.07092630863189697 0.021319031715393066 0.010258529335260391
v 0.06892704963684082 0.021468233317136765 0.012996934354305267
v 0.07092544436454773 0.01819128729403019 0.013280593790113926
v 0.07092544436454773 0.01819128729403019 0.013280593790113926
v 0.06892704963684082 0.021468233317136765 0.012996934354305267
v 0.0689256489276886 0.01953343115746975 0.014763797633349895
v 0.07092544436454773 0.01819128729403019 0.013280593790113926
v 0.0689256489276886 0.01953343115746975 0.014763797633349895
v 0.06892517954111099 0.018966568633913994 0.015230882912874222
v 0.0709274634718895 0.024384038522839546 0.006227861624211073
v 0.06892695277929306 0.026301829144358635 0.006935653742402792
v 0.07092630863189697 0.021319031715393066 0.010258529335260391
v 0.07092630863189697 0.021319031715393066 0.010258529335260391
v 0.06892695277929306 0.026301829144358635 0.006935653742402792
v 0.06892651319503784 0.02439138852059841 0.009691121056675911
v 0.07092630863189697 0.021319031715393066 0.010258529335260391
v 0.06892651319503784 0.02439138852059841 0.009691121056675911
v 0.06892670691013336 0.02374744415283203 0.010499340482056141
v 0.06892728060483932 0.02662723883986473 0.006399935577064753
v 0.0709274634718895 0.024384038522839546 0.006227861624211073
v 0.06892913579940796 0.027923021465539932 0.003999568987637758
v 0.06892913579940796 0.027923021465539932 0.003999568987637758
v 0.0709274634718895 0.024384038522839546 0.006227861624211073
v 0.07092875242233276 0.026751644909381866 0.0017592859221622348
v 0.06892913579940796 0.027923021465539932 0.003999568987637758
v 0.07092875242233276 0.026751644909381866 0.0017592859221622348
v 0.06893008202314377 0.028611991554498672 0.0024912890512496233
v 0.0709301307797432 0.02836279198527336 -0.0030579206068068743
v 0.06893012672662735 0.029587145894765854 -8.743257058085874e-05
v 0.07092875242233276 0.026751644909381866 0.0017592859221622348
v 0.07092875242233276 0.026751644909381866 0.0017592859221622348
v 0.06893012672662735 0.029587145894765854 -8.743257058085874e-05
v 0.06893029063940048 0.02924703247845173 0.0008883395930752158
v 0.07092875242233276 0.026751644909381866 0.0017592859221622348
v 0.06893029063940048 0.02924703247845173 0.0008883395930752158
v 0.06893008202314377 0.028611991554498672 0.0024912890512496233
v 0.06893367320299149 0.03125531226396561 -0.010001256130635738
v 0.06893233209848404 0.03116290085017681 -0.007944726385176182
v 0.0709315687417984 0.029165811836719513 -0.008049104362726212
v 0.0709315687417984 0.029165811836719513 -0.008049104362726212
v 0.06893233209848404 0.03116290085017681 -0.007944726385176182
v 0.06893135607242584 0.03103576973080635 -0.006627150811254978
v 0.0709315687417984 0.029165811836719513 -0.008049104362726212
v 0.06893135607242584 0.03103576973080635 -0.006627150811254978
v 0.0709301307797432 0.02836279198527336 -0.0030579206068068743
v 0.0709301307797432 0.02836279198527336 -0.0030579206068068743
v 0.06893135607242584 0.03103576973080635 -0.006627150811254978
v 0.06892984360456467 0.030477819964289665 -0.003319959854707122
v 0.0709301307797432 0.02836279198527336 -0.0030579206068068743
v 0.06892984360456467 0.030477819964289665 -0.003319959854707122
v 0.06893012672662735 0.029587145894765854 -8.743257058085874e-05
v 0.06893367320299149 0.03125531226396561 -0.010001256130635738
v 0.0709315687417984 0.029165811836719513 -0.008049104362726212
v 0.06893393397331238 0.03125326707959175 -0.011034607887268066
v 0.06893393397331238 0.03125326707959175 -0.011034607887268066
v 0.0709315687417984 0.029165811836719513 -0.008049104362726212
v 0.0709330290555954 0.02914585918188095 -0.013097255490720272
v 0.06893393397331238 0.03125326707959175 -0.011034607887268066
v 0.0709330290555954 0.02914585918188095 -0.013097255490720272
v 0.06893359124660492 0.031068824231624603 -0.013983705081045628
v 0.06893359124660492 0.031068824231624603 -0.013983705081045628
v 0.0709330290555954 0.02914585918188095 -0.013097255490720272
v 0.06893353909254074 0.03102375753223896 -0.014379700645804405
v 0.06893353909254074 0.03102375753223896 -0.014379700645804405
v 0.0709330290555954 0.02914585918188095 -0.013097255490720272
v 0.07093445956707001 0.02830410748720169 -0.01808146946132183
v 0.06893353909254074 0.03102375753223896 -0.014379700645804405
v 0.07093445956707001 0.02830410748720169 -0.01808146946132183
v 0.06893399357795715 0.030455559492111206 -0.01768515817821026
v 0.07093583792448044 0.02666025422513485 -0.02287425845861435
v 0.06893755495548248 0.02847697027027607 -0.023708581924438477
v 0.06893689185380936 0.029201894998550415 -0.02191619575023651
v 0.07093583792448044 0.02666025422513485 -0.02287425845861435
v 0.06893689185380936 0.029201894998550415 -0.02191619575023651
v 0.07093445956707001 0.02830410748720169 -0.01808146946132183
v 0.07093445956707001 0.02830410748720169 -0.01808146946132183
v 0.06893689185380936 0.029201894998550415 -0.02191619575023651
v 0.06893618404865265 0.02954588457942009 -0.020941728726029396
v 0.07093445956707001 0.02830410748720169 -0.01808146946132183
v 0.06893618404865265 0.02954588457942009 -0.020941728726029396
v 0.06893399357795715 0.030455559492111206 -0.01768515817821026
v 0.06893755495548248 0.02847697027027607 -0.023708581924438477
v 0.07093583792448044 0.02666025422513485 -0.02287425845861435
v 0.06893741339445114 0.02787807770073414 -0.024996748194098473
v 0.06893741339445114 0.02787807770073414 -0.024996748194098473
v 0.07093583792448044 0.02666025422513485 -0.02287425845861435
v 0.0709371343255043 0.024250872433185577 -0.027338599786162376
v 0.06893741339445114 0.02787807770073414 -0.024996748194098473
v 0.0709371343255043 0.024250872433185577 -0.027338599786162376
v 0.06893697381019592 0.02662716992199421 -0.02730541117489338
v 0.06893989443778992 0.02262040227651596 -0.032704032957553864
v 0.06893884390592575 0.02366434782743454 -0.031505290418863297
v 0.07093826681375504 0.02116107940673828 -0.03133729472756386
v 0.07093826681375504 0.02116107940673828 -0.03133729472756386
v 0.06893884390592575 0.02366434782743454 -0.031505290418863297
v 0.06893818080425262 0.024311453104019165 -0.030699677765369415
v 0.07093826681375504 0.02116107940673828 -0.03133729472756386
v 0.06893818080425262 0.024311453104019165 -0.030699677765369415
v 0.0709371343255043 0.024250872433185577 -0.027338599786162376
v 0.0709371343255043 0.024250872433185577 -0.027338599786162376
v 0.06893818080425262 0.024311453104019165 -0.030699677765369415
v 0.06893696635961533 0.026247793808579445 -0.027927784249186516
v 0.0709371343255043 0.024250872433185577 -0.027338599786162376
v 0.06893696635961533 0.026247793808579445 -0.027927784249186516
v 0.06893697381019592 0.02662716992199421 -0.02730541117489338
v 0.06893989443778992 0.02262040227651596 -0.032704032957553864
v 0.07093826681375504 0.02116107940673828 -0.03133729472756386
v 0.06894056499004364 0.021395476534962654 -0.03397401422262192
v 0.06894056499004364 0.021395476534962654 -0.03397401422262192
v 0.07093826681375504 0.02116107940673828 -0.03133729472756386
v 0.07093926519155502 0.017459994181990623 -0.034779082983732224
v 0.06894056499004364 0.021395476534962654 -0.03397401422262192
v 0.07093926519155502 0.017459994181990623 -0.034779082983732224
v 0.0689399316906929 0.018886903300881386 -0.03620019927620888
v 0.07094006985425949 0.01324444729834795 -0.03757672756910324
v 0.06894052773714066 0.014722718857228756 -0.03903970494866371
v 0.06893987208604813 0.016142208129167557 -0.03817489743232727
v 0.07094006985425949 0.01324444729834795 -0.03757672756910324
v 0.06893987208604813 0.016142208129167557 -0.03817489743232727
v 0.07093926519155502 0.017459994181990623 -0.034779082983732224
v 0.07093926519155502 0.017459994181990623 -0.034779082983732224
v 0.06893987208604813 0.016142208129167557 -0.03817489743232727
v 0.0689397007226944 0.01704571023583412 -0.03757145255804062
v 0.07093926519155502 0.017459994181990623 -0.034779082983732224
v 0.0689397007226944 0.01704571023583412 -0.03757145255804062
v 0.0689399316906929 0.018886903300881386 -0.03620019927620888
v 0.07094071805477142 0.007967177778482437 -0.039877209812402725
v 0.06894125044345856 0.008592570200562477 -0.041777368634939194
v 0.07094067335128784 0.008612725883722305 -0.03965703025460243
v 0.07094067335128784 0.008612725883722305 -0.03965703025460243
v 0.06894125044345856 0.008592570200562477 -0.041777368634939194
v 0.06894207745790482 0.011733426712453365 -0.04056226834654808
v 0.07094067335128784 0.008612725883722305 -0.03965703025460243
v 0.06894207745790482 0.011733426712453365 -0.04056226834654808
v 0.07094006985425949 0.01324444729834795 -0.03757672756910324
v 0.07094006985425949 0.01324444729834795 -0.03757672756910324
v 0.06894207745790482 0.011733426712453365 -0.04056226834654808
v 0.06894081830978394 0.01419712882488966 -0.03933564946055412
v 0.07094006985425949 0.01324444729834795 -0.03757672756910324
v 0.06894081830978394 0.01419712882488966 -0.03933564946055412
v 0.06894052773714066 0.014722718857228756 -0.03903970494866371
v 0.06892318278551102 0.00859267357736826 0.020871886983513832
v 0.04913074150681496 0.008592633530497551 0.020866170525550842
v 0.06888447701931 0.007769936230033636 0.02118457667529583
v 0.06888447701931 0.007769936230033636 0.02118457667529583
v 0.04913074150681496 0.008592633530497551 0.020866170525550842
v 0.049217339605093 0.007187100127339363 0.021422818303108215
v 0.06888447701931 0.007769936230033636 0.02118457667529583
v 0.049217339605093 0.007187100127339363 0.021422818303108215
v 0.06875235587358475 0.006941826548427343 0.0215997826308012
v 0.06875235587358475 0.006941826548427343 0.0215997826308012
v 0.049217339605093 0.007187100127339363 0.021422818303108215
v 0.04945101588964462 0.006117047742009163 0.022027742117643356
v 0.06875235587358475 0.006941826548427343 0.0215997826308012
v 0.04945101588964462 0.006117047742009163 0.022027742117643356
v 0.06836165487766266 0.005818671081215143 0.022391153499484062
v 0.06836165487766266 0.005818671081215143 0.022391153499484062
v 0.04945101588964462 0.006117047742009163 0.022027742117643356
v 0.04988143965601921 0.005184931680560112 0.022799886763095856
v 0.06836165487766266 0.005818671081215143 0.022391153499484062
v 0.04988143965601921 0.005184931680560112 0.022799886763095856
v 0.06799730658531189 0.0052086482755839825 0.022985219955444336
v 0.04988143965601921 0.005184931680560112 0.022799886763095856
v 0.05003821849822998 0.004966390784829855 0.023041272535920143
v 0.06799730658531189 0.0052086482755839825 0.022985219955444336
v 0.06799730658531189 0.0052086482755839825 0.022985219955444336
v 0.05003821849822998 0.004966390784829855 0.023041272535920143
v 0.05069927126169205 0.00437564542517066 0.023950453847646713
v 0.06799730658531189 0.0052086482755839825 0.022985219955444336
v 0.05069927126169205 0.00437564542517066 0.023950453847646713
v 0.06726215034723282 0.004425958730280399 0.024036617949604988
v 0.06712290644645691 0.00427873944863677 0.02422427386045456
v 0.06726215034723282 0.004425958730280399 0.024036617949604988
v 0.05069927126169205 0.00437564542517066 0.023950453847646713
v 0.05115486681461334 0.003480055369436741 0.02451467700302601
v 0.06689698249101639 0.0035688336938619614 0.024519197642803192
v 0.05113516375422478 0.003691469319164753 0.024491924792528152
v 0.05113516375422478 0.003691469319164753 0.024491924792528152
v 0.06689698249101639 0.0035688336938619614 0.024519197642803192
v 0.06692246347665787 0.003818819299340248 0.02448737993836403
v 0.05113516375422478 0.003691469319164753 0.024491924792528152
v 0.06692246347665787 0.003818819299340248 0.02448737993836403
v 0.05105482414364815 0.0039491550996899605 0.02439718320965767
v 0.05105482414364815 0.0039491550996899605 0.02439718320965767
v 0.06692246347665787 0.003818819299340248 0.02448737993836403
v 0.06699685007333755 0.0040574464946985245 0.02439182996749878
v 0.05105482414364815 0.0039491550996899605 0.02439718320965767
v 0.06699685007333755 0.0040574464946985245 0.02439182996749878
v 0.05102524533867836 0.004010655917227268 0.02436138316988945
v 0.05102524533867836 0.004010655917227268 0.02436138316988945
v 0.06699685007333755 0.0040574464946985245 0.02439182996749878
v 0.06712290644645691 0.00427873944863677 0.02422427386045456
v 0.05102524533867836 0.004010655917227268 0.02436138316988945
v 0.06712290644645691 0.00427873944863677 0.02422427386045456
v 0.05088194087147713 0.004220888949930668 0.024183277040719986
v 0.05088194087147713 0.004220888949930668 0.024183277040719986
v 0.06712290644645691 0.00427873944863677 0.02422427386045456
v 0.05069927126169205 0.00437564542517066 0.023950453847646713
v 0.04988143965601921 0.005184931680560112 0.022799886763095856
v 0.04945101588964462 0.006117047742009163 0.022027742117643356
v 0.04914332181215286 0.0060335309244692326 0.02169882506132126
v 0.04914332181215286 0.0060335309244692326 0.02169882506132126
v 0.04945101588964462 0.006117047742009163 0.022027742117643356
v 0.049217339605093 0.007187100127339363 0.021422818303108215
v 0.0493837371468544 -0.001720124389976263 0.022756461054086685
v 0.05115487053990364 -0.0017201184527948499 0.02451458014547825
v 0.05115486681461334 0.003480055369436741 0.02451467700302601
v 0.047130946069955826 0.004851970821619034 0.019814448431134224
v 0.04713085666298866 0.003024105215445161 0.020154163241386414
v 0.049083925783634186 0.003358835820108652 0.022184057161211967
v 0.049083925783634186 0.003358835820108652 0.022184057161211967
v 0.04713085666298866 0.003024105215445161 0.020154163241386414
v 0.047130804508924484 0.0016036484157666564 0.02034083753824234
v 0.047130804508924484 0.0016036484157666564 0.02034083753824234
v 0.047130756080150604 -0.0017201299779117107 0.02051963284611702
v 0.0493837371468544 -0.001720124389976263 0.022756461054086685
v 0.0493837371468544 -0.001720124389976263 0.022756461054086685
v 0.05115486681461334 0.003480055369436741 0.02451467700302601
v 0.047130804508924484 0.0016036484157666564 0.02034083753824234
v 0.047130804508924484 0.0016036484157666564 0.02034083753824234
v 0.05115486681461334 0.003480055369436741 0.02451467700302601
v 0.05113516375422478 0.003691469319164753 0.024491924792528152
v 0.047130804508924484 0.0016036484157666564 0.02034083753824234
v 0.05113516375422478 0.003691469319164753 0.024491924792528152
v 0.049083925783634186 0.003358835820108652 0.022184057161211967
v 0.049083925783634186 0.003358835820108652 0.022184057161211967
v 0.05113516375422478 0.003691469319164753 0.024491924792528152
v 0.05105482414364815 0.0039491550996899605 0.02439718320965767
v 0.049083925783634186 0.003358835820108652 0.022184057161211967
v 0.05105482414364815 0.0039491550996899605 0.02439718320965767
v 0.05102524533867836 0.004010655917227268 0.02436138316988945
v 0.05102524533867836 0.004010655917227268 0.02436138316988945
v 0.05088194087147713 0.004220888949930668 0.024183277040719986
v 0.049083925783634186 0.003358835820108652 0.022184057161211967
v 0.049083925783634186 0.003358835820108652 0.022184057161211967
v 0.05088194087147713 0.004220888949930668 0.024183277040719986
v 0.05069927126169205 0.00437564542517066 0.023950453847646713
v 0.049083925783634186 0.003358835820108652 0.022184057161211967
v 0.05069927126169205 0.00437564542517066 0.023950453847646713
v 0.05003821849822998 0.004966390784829855 0.023041272535920143
v 0.05003821849822998 0.004966390784829855 0.023041272535920143
v 0.04988143965601921 0.005184931680560112 0.022799886763095856
v 0.049083925783634186 0.003358835820108652 0.022184057161211967
v 0.049083925783634186 0.003358835820108652 0.022184057161211967
v 0.04988143965601921 0.005184931680560112 0.022799886763095856
v 0.04914332181215286 0.0060335309244692326 0.02169882506132126
v 0.049083925783634186 0.003358835820108652 0.022184057161211967
v 0.04914332181215286 0.0060335309244692326 0.02169882506132126
v 0.047130946069955826 0.004851970821619034 0.019814448431134224
v 0.047130946069955826 0.004851970821619034 0.019814448431134224
v 0.04914332181215286 0.0060335309244692326 0.02169882506132126
v 0.049217339605093 0.007187100127339363 0.021422818303108215
v 0.047130946069955826 0.004851970821619034 0.019814448431134224
v 0.049217339605093 0.007187100127339363 0.021422818303108215
v 0.04713120684027672 0.007967226207256317 0.018965966999530792
v 0.04713120684027672 0.007967226207256317 0.018965966999530792
v 0.049217339605093 0.007187100127339363 0.021422818303108215
v 0.04913074150681496 0.008592633530497551 0.020866170525550842
v 0.06892318278551102 0.00859267357736826 0.020871886983513832
v 0.06888447701931 0.007769936230033636 0.02118457667529583
v 0.0709238052368164 0.007889990694820881 0.01899823732674122
v 0.0709238052368164 0.007889990694820881 0.01899823732674122
v 0.06888447701931 0.007769936230033636 0.02118457667529583
v 0.06875235587358475 0.006941826548427343 0.0215997826308012
v 0.0709238052368164 0.007889990694820881 0.01899823732674122
v 0.06875235587358475 0.006941826548427343 0.0215997826308012
v 0.0709235742688179 0.004714170005172491 0.019850898534059525
v 0.06800568103790283 -0.001720108324661851 0.023419860750436783
v 0.07092337310314178 -0.0017201137961819768 0.020526474341750145
v 0.07092342525720596 0.0015022697625681758 0.020358415320515633
v 0.0709235742688179 0.004714170005172491 0.019850898534059525
v 0.0689007043838501 0.006034815218299627 0.02171034924685955
v 0.07092347741127014 0.0030277797486633062 0.02016046643257141
v 0.07092347741127014 0.0030277797486633062 0.02016046643257141
v 0.0689007043838501 0.006034815218299627 0.02171034924685955
v 0.06895336508750916 0.0033587904181331396 0.02218739688396454
v 0.07092347741127014 0.0030277797486633062 0.02016046643257141
v 0.06895336508750916 0.0033587904181331396 0.02218739688396454
v 0.07092342525720596 0.0015022697625681758 0.020358415320515633
v 0.07092342525720596 0.0015022697625681758 0.020358415320515633
v 0.06895336508750916 0.0033587904181331396 0.02218739688396454
v 0.06689698249101639 0.0035688336938619614 0.024519197642803192
v 0.07092342525720596 0.0015022697625681758 0.020358415320515633
v 0.06689698249101639 0.0035688336938619614 0.024519197642803192
v 0.06800568103790283 -0.001720108324661851 0.023419860750436783
v 0.06689698249101639 0.0035688336938619614 0.024519197642803192
v 0.0709235742688179 0.004714170005172491 0.019850898534059525
v 0.06875235587358475 0.006941826548427343 0.0215997826308012
v 0.0689007043838501 0.006034815218299627 0.02171034924685955
v 0.0689007043838501 0.006034815218299627 0.02171034924685955
v 0.06875235587358475 0.006941826548427343 0.0215997826308012
v 0.06836165487766266 0.005818671081215143 0.022391153499484062
v 0.0689007043838501 0.006034815218299627 0.02171034924685955
v 0.06836165487766266 0.005818671081215143 0.022391153499484062
v 0.06895336508750916 0.0033587904181331396 0.02218739688396454
v 0.06836165487766266 0.005818671081215143 0.022391153499484062
v 0.06799730658531189 0.0052086482755839825 0.022985219955444336
v 0.06895336508750916 0.0033587904181331396 0.02218739688396454
v 0.06895336508750916 0.0033587904181331396 0.02218739688396454
v 0.06799730658531189 0.0052086482755839825 0.022985219955444336
v 0.06726215034723282 0.004425958730280399 0.024036617949604988
v 0.06895336508750916 0.0033587904181331396 0.02218739688396454
v 0.06726215034723282 0.004425958730280399 0.024036617949604988
v 0.06712290644645691 0.00427873944863677 0.02422427386045456
v 0.06712290644645691 0.00427873944863677 0.02422427386045456
v 0.06699685007333755 0.0040574464946985245 0.02439182996749878
v 0.06895336508750916 0.0033587904181331396 0.02218739688396454
v 0.06895336508750916 0.0033587904181331396 0.02218739688396454
v 0.06699685007333755 0.0040574464946985245 0.02439182996749878
v 0.06692246347665787 0.003818819299340248 0.02448737993836403
v 0.06895336508750916 0.0033587904181331396 0.02218739688396454
v 0.06692246347665787 0.003818819299340248 0.02448737993836403
v 0.06689698249101639 0.0035688336938619614 0.024519197642803192
v 0.06892695277929306 0.026301829144358635 0.006935653742402792
v 0.06892728060483932 0.02662723883986473 0.006399935577064753
v 0.04913480207324028 0.026627229526638985 0.0063942489214241505
v 0.06893399357795715 0.030455559492111206 -0.01768515817821026
v 0.06893618404865265 0.02954588457942009 -0.020941728726029396
v 0.04914263263344765 0.029565270990133286 -0.02088940143585205
v 0.04913074150681496 0.008592633530497551 0.020866170525550842
v 0.06892318278551102 0.00859267357736826 0.020871886983513832
v 0.0689237117767334 0.009312723763287067 0.020625637844204903
v 0.06894125044345856 0.008592570200562477 -0.041777368634939194
v 0.04914872348308563 0.008592515252530575 -0.041782982647418976
v 0.04914842173457146 0.010841703973710537 -0.040950752794742584
v 0.049147456884384155 0.017045697197318077 -0.037577152252197266
v 0.0689397007226944 0.01704571023583412 -0.03757145255804062
v 0.06893987208604813 0.016142208129167557 -0.03817489743232727
v 0.06893987208604813 0.016142208129167557 -0.03817489743232727
v 0.06894052773714066 0.014722718857228756 -0.03903970494866371
v 0.049147456884384155 0.017045697197318077 -0.037577152252197266
v 0.049147456884384155 0.017045697197318077 -0.037577152252197266
v 0.06894052773714066 0.014722718857228756 -0.03903970494866371
v 0.06894081830978394 0.01419712882488966 -0.03933564946055412
v 0.049147456884384155 0.017045697197318077 -0.037577152252197266
v 0.06894081830978394 0.01419712882488966 -0.03933564946055412
v 0.04914842173457146 0.010841703973710537 -0.040950752794742584
v 0.04914842173457146 0.010841703973710537 -0.040950752794742584
v 0.06894081830978394 0.01419712882488966 -0.03933564946055412
v 0.06894207745790482 0.011733426712453365 -0.04056226834654808
v 0.04914842173457146 0.010841703973710537 -0.040950752794742584
v 0.06894207745790482 0.011733426712453365 -0.04056226834654808
v 0.06894125044345856 0.008592570200562477 -0.041777368634939194
v 0.06893884390592575 0.02366434782743454 -0.031505290418863297
v 0.06893989443778992 0.02262040227651596 -0.032704032957553864
v 0.04914611205458641 0.022389188408851624 -0.03296002373099327
v 0.04914611205458641 0.022389188408851624 -0.03296002373099327
v 0.06893989443778992 0.02262040227651596 -0.032704032957553864
v 0.06894056499004364 0.021395476534962654 -0.03397401422262192
v 0.04914611205458641 0.022389188408851624 -0.03296002373099327
v 0.06894056499004364 0.021395476534962654 -0.03397401422262192
v 0.049147456884384155 0.017045697197318077 -0.037577152252197266
v 0.049147456884384155 0.017045697197318077 -0.037577152252197266
v 0.06894056499004364 0.021395476534962654 -0.03397401422262192
v 0.0689399316906929 0.018886903300881386 -0.03620019927620888
v 0.049147456884384155 0.017045697197318077 -0.037577152252197266
v 0.0689399316906929 0.018886903300881386 -0.03620019927620888
v 0.0689397007226944 0.01704571023583412 -0.03757145255804062
v 0.04914449527859688 0.026627155020833015 -0.027311105281114578
v 0.06893697381019592 0.02662716992199421 -0.02730541117489338
v 0.06893696635961533 0.026247793808579445 -0.027927784249186516
v 0.04914449527859688 0.026627155020833015 -0.027311105281114578
v 0.06893696635961533 0.026247793808579445 -0.027927784249186516
v 0.04914611205458641 0.022389188408851624 -0.03296002373099327
v 0.04914611205458641 0.022389188408851624 -0.03296002373099327
v 0.06893696635961533 0.026247793808579445 -0.027927784249186516
v 0.06893818080425262 0.024311453104019165 -0.030699677765369415
v 0.04914611205458641 0.022389188408851624 -0.03296002373099327
v 0.06893818080425262 0.024311453104019165 -0.030699677765369415
v 0.06893884390592575 0.02366434782743454 -0.031505290418863297
v 0.06893618404865265 0.02954588457942009 -0.020941728726029396
v 0.06893689185380936 0.029201894998550415 -0.02191619575023651
v 0.04914263263344765 0.029565270990133286 -0.02088940143585205
v 0.04914263263344765 0.029565270990133286 -0.02088940143585205
v 0.06893689185380936 0.029201894998550415 -0.02191619575023651
v 0.06893755495548248 0.02847697027027607 -0.023708581924438477
v 0.04914263263344765 0.029565270990133286 -0.02088940143585205
v 0.06893755495548248 0.02847697027027607 -0.023708581924438477
v 0.04914449527859688 0.026627155020833015 -0.027311105281114578
v 0.04914449527859688 0.026627155020833015 -0.027311105281114578
v 0.06893755495548248 0.02847697027027607 -0.023708581924438477
v 0.06893741339445114 0.02787807770073414 -0.024996748194098473
v 0.04914449527859688 0.026627155020833015 -0.027311105281114578
v 0.06893741339445114 0.02787807770073414 -0.024996748194098473
v 0.06893697381019592 0.02662716992199421 -0.02730541117489338
v 0.06893399357795715 0.030455559492111206 -0.01768515817821026
v 0.04914263263344765 0.029565270990133286 -0.02088940143585205
v 0.06893353909254074 0.03102375753223896 -0.014379700645804405
v 0.06893353909254074 0.03102375753223896 -0.014379700645804405
v 0.04914263263344765 0.029565270990133286 -0.02088940143585205
v 0.049140650779008865 0.03106880746781826 -0.013989396393299103
v 0.06893353909254074 0.03102375753223896 -0.014379700645804405
v 0.049140650779008865 0.03106880746781826 -0.013989396393299103
v 0.06893359124660492 0.031068824231624603 -0.013983705081045628
v 0.06893135607242584 0.03103576973080635 -0.006627150811254978
v 0.06893233209848404 0.03116290085017681 -0.007944726385176182
v 0.0491386242210865 0.0310688279569149 -0.00692747300490737
v 0.0491386242210865 0.0310688279569149 -0.00692747300490737
v 0.06893233209848404 0.03116290085017681 -0.007944726385176182
v 0.06893367320299149 0.03125531226396561 -0.010001256130635738
v 0.0491386242210865 0.0310688279569149 -0.00692747300490737
v 0.06893367320299149 0.03125531226396561 -0.010001256130635738
v 0.049140650779008865 0.03106880746781826 -0.013989396393299103
v 0.049140650779008865 0.03106880746781826 -0.013989396393299103
v 0.06893367320299149 0.03125531226396561 -0.010001256130635738
v 0.06893393397331238 0.03125326707959175 -0.011034607887268066
v 0.049140650779008865 0.03106880746781826 -0.013989396393299103
v 0.06893393397331238 0.03125326707959175 -0.011034607887268066
v 0.06893359124660492 0.031068824231624603 -0.013983705081045628
v 0.06893135607242584 0.03103576973080635 -0.006627150811254978
v 0.0491386242210865 0.0310688279569149 -0.00692747300490737
v 0.06892984360456467 0.030477819964289665 -0.003319959854707122
v 0.06892984360456467 0.030477819964289665 -0.003319959854707122
v 0.0491386242210865 0.0310688279569149 -0.00692747300490737
v 0.04913663864135742 0.029565313830971718 -2.7463580408948474e-05
v 0.06892984360456467 0.030477819964289665 -0.003319959854707122
v 0.04913663864135742 0.029565313830971718 -2.7463580408948474e-05
v 0.06893012672662735 0.029587145894765854 -8.743257058085874e-05
v 0.06892728060483932 0.02662723883986473 0.006399935577064753
v 0.06892913579940796 0.027923021465539932 0.003999568987637758
v 0.04913480207324028 0.026627229526638985 0.0063942489214241505
v 0.04913480207324028 0.026627229526638985 0.0063942489214241505
v 0.06892913579940796 0.027923021465539932 0.003999568987637758
v 0.06893008202314377 0.028611991554498672 0.0024912890512496233
v 0.04913480207324028 0.026627229526638985 0.0063942489214241505
v 0.06893008202314377 0.028611991554498672 0.0024912890512496233
v 0.04913663864135742 0.029565313830971718 -2.7463580408948474e-05
v 0.04913663864135742 0.029565313830971718 -2.7463580408948474e-05
v 0.06893008202314377 0.028611991554498672 0.0024912890512496233
v 0.06893029063940048 0.02924703247845173 0.0008883395930752158
v 0.04913663864135742 0.029565313830971718 -2.7463580408948474e-05
v 0.06893029063940048 0.02924703247845173 0.0008883395930752158
v 0.06893012672662735 0.029587145894765854 -8.743257058085874e-05
v 0.06892695277929306 0.026301829144358635 0.006935653742402792
v 0.04913480207324028 0.026627229526638985 0.0063942489214241505
v 0.06892651319503784 0.02439138852059841 0.009691121056675911
v 0.06892651319503784 0.02439138852059841 0.009691121056675911
v 0.04913480207324028 0.026627229526638985 0.0063942489214241505
v 0.04913318157196045 0.022389281541109085 0.01204319205135107
v 0.06892651319503784 0.02439138852059841 0.009691121056675911
v 0.04913318157196045 0.022389281541109085 0.01204319205135107
v 0.06892670691013336 0.02374744415283203 0.010499340482056141
v 0.0689239501953125 0.01625174470245838 0.01719866879284382
v 0.06892411410808563 0.017045823857188225 0.016666024923324585
v 0.049131859093904495 0.01704581081867218 0.016660336405038834
v 0.049131859093904495 0.01704581081867218 0.016660336405038834
v 0.06892411410808563 0.017045823857188225 0.016666024923324585
v 0.06892517954111099 0.018966568633913994 0.015230882912874222
v 0.06892517954111099 0.018966568633913994 0.015230882912874222
v 0.0689256489276886 0.01953343115746975 0.014763797633349895
v 0.049131859093904495 0.01704581081867218 0.016660336405038834
v 0.049131859093904495 0.01704581081867218 0.016660336405038834
v 0.0689256489276886 0.01953343115746975 0.014763797633349895
v 0.06892704963684082 0.021468233317136765 0.012996934354305267
v 0.049131859093904495 0.01704581081867218 0.016660336405038834
v 0.06892704963684082 0.021468233317136765 0.012996934354305267
v 0.04913318157196045 0.022389281541109085 0.01204319205135107
v 0.04913318157196045 0.022389281541109085 0.01204319205135107
v 0.06892704963684082 0.021468233317136765 0.012996934354305267
v 0.06892713904380798 0.02238929644227028 0.012048879638314247
v 0.04913318157196045 0.022389281541109085 0.01204319205135107
v 0.06892713904380798 0.02238929644227028 0.012048879638314247
v 0.06892670691013336 0.02374744415283203 0.010499340482056141
v 0.04913074150681496 0.008592633530497551 0.020866170525550842
v 0.0689237117767334 0.009312723763287067 0.020625637844204903
v 0.0491308867931366 0.010841828770935535 0.020033972337841988
v 0.0491308867931366 0.010841828770935535 0.020033972337841988
v 0.0689237117767334 0.009312723763287067 0.020625637844204903
v 0.06892461329698563 0.012414287775754929 0.019343355670571327
v 0.0491308867931366 0.010841828770935535 0.020033972337841988
v 0.06892461329698563 0.012414287775754929 0.019343355670571327
v 0.049131859093904495 0.01704581081867218 0.016660336405038834
v 0.049131859093904495 0.01704581081867218 0.016660336405038834
v 0.06892461329698563 0.012414287775754929 0.019343355670571327
v 0.0689239650964737 0.015376604162156582 0.0177481509745121
v 0.049131859093904495 0.01704581081867218 0.016660336405038834
v 0.0689239650964737 0.015376604162156582 0.0177481509745121
v 0.0689239501953125 0.01625174470245838 0.01719866879284382
v 0.06894125044345856 0.008592570200562477 -0.041777368634939194
v 0.07094071805477142 0.007967177778482437 -0.039877209812402725
v 0.06883186101913452 0.007246164605021477 -0.04233899340033531
v 0.06883186101913452 0.007246164605021477 -0.04233899340033531
v 0.07094071805477142 0.007967177778482437 -0.039877209812402725
v 0.07094098627567291 0.004749796818941832 -0.040747515857219696
v 0.0671151801943779 0.004239531699568033 -0.04516783729195595
v 0.06728193908929825 0.0044257924892008305 -0.044942911714315414
v 0.06897418946027756 0.0033533249516040087 -0.043090496212244034
v 0.06897418946027756 0.0033533249516040087 -0.043090496212244034
v 0.06728193908929825 0.0044257924892008305 -0.044942911714315414
v 0.0680822879076004 0.005302859470248222 -0.04378903657197952
v 0.06897418946027756 0.0033533249516040087 -0.043090496212244034
v 0.0680822879076004 0.005302859470248222 -0.04378903657197952
v 0.06892616301774979 0.006032866891473532 -0.04261092469096184
v 0.06892616301774979 0.006032866891473532 -0.04261092469096184
v 0.0680822879076004 0.005302859470248222 -0.04378903657197952
v 0.06837760657072067 0.005812512710690498 -0.043302055448293686
v 0.06892616301774979 0.006032866891473532 -0.04261092469096184
v 0.06837760657072067 0.005812512710690498 -0.043302055448293686
v 0.0687686875462532 0.006932487711310387 -0.04251057654619217
v 0.0687686875462532 0.006932487711310387 -0.04251057654619217
v 0.06883186101913452 0.007246164605021477 -0.04233899340033531
v 0.06892616301774979 0.006032866891473532 -0.04261092469096184
v 0.06892616301774979 0.006032866891473532 -0.04261092469096184
v 0.06883186101913452 0.007246164605021477 -0.04233899340033531
v 0.07094098627567291 0.004749796818941832 -0.040747515857219696
v 0.06892616301774979 0.006032866891473532 -0.04261092469096184
v 0.07094098627567291 0.004749796818941832 -0.040747515857219696
v 0.06897418946027756 0.0033533249516040087 -0.043090496212244034
v 0.06897418946027756 0.0033533249516040087 -0.043090496212244034
v 0.07094098627567291 0.004749796818941832 -0.040747515857219696
v 0.07094109803438187 0.003023784141987562 -0.04106529429554939
v 0.06897418946027756 0.0033533249516040087 -0.043090496212244034
v 0.07094109803438187 0.003023784141987562 -0.04106529429554939
v 0.07094115763902664 0.001495442702434957 -0.041263338178396225
v 0.07094118744134903 -0.0017201646696776152 -0.04143068566918373
v 0.06691701710224152 -0.0017202507006004453 -0.04542563483119011
v 0.07094115763902664 0.001495442702434957 -0.041263338178396225
v 0.07094115763902664 0.001495442702434957 -0.041263338178396225
v 0.06691701710224152 -0.0017202507006004453 -0.04542563483119011
v 0.0669170692563057 0.0035687002819031477 -0.045425690710544586
v 0.07094115763902664 0.001495442702434957 -0.041263338178396225
v 0.0669170692563057 0.0035687002819031477 -0.045425690710544586
v 0.06897418946027756 0.0033533249516040087 -0.043090496212244034
v 0.06897418946027756 0.0033533249516040087 -0.043090496212244034
v 0.0669170692563057 0.0035687002819031477 -0.045425690710544586
v 0.0669863298535347 0.003978072665631771 -0.04533809795975685
v 0.06897418946027756 0.0033533249516040087 -0.043090496212244034
v 0.0669863298535347 0.003978072665631771 -0.04533809795975685
v 0.0671151801943779 0.004239531699568033 -0.04516783729195595
v 0.04713141918182373 0.01007999386638403 0.018184158951044083
v 0.04713120684027672 0.007967226207256317 0.018965966999530792
v 0.04913074150681496 0.008592633530497551 0.020866170525550842
v 0.04914842173457146 0.010841703973710537 -0.040950752794742584
v 0.04914872348308563 0.008592515252530575 -0.041782982647418976
v 0.04714812710881233 0.007967106066644192 -0.03988390043377876
v 0.04714812710881233 0.007967106066644192 -0.03988390043377876
v 0.04714788869023323 0.010079874657094479 -0.03910209611058235
v 0.04914842173457146 0.010841703973710537 -0.040950752794742584
v 0.04914842173457146 0.010841703973710537 -0.040950752794742584
v 0.04714788869023323 0.010079874657094479 -0.03910209611058235
v 0.04714697226881981 0.01590762287378311 -0.03593308478593826
v 0.049147456884384155 0.017045697197318077 -0.037577152252197266
v 0.049147456884384155 0.017045697197318077 -0.037577152252197266
v 0.04714697226881981 0.01590762287378311 -0.03593308478593826
v 0.047145720571279526 0.020927056670188904 -0.031595971435308456
v 0.04914611205458641 0.022389188408851624 -0.03296002373099327
v 0.04914611205458641 0.022389188408851624 -0.03296002373099327
v 0.047145720571279526 0.020927056670188904 -0.031595971435308456
v 0.04714418947696686 0.02490800805389881 -0.026289628818631172
v 0.04914449527859688 0.026627155020833015 -0.027311105281114578
v 0.04914449527859688 0.026627155020833015 -0.027311105281114578
v 0.04714418947696686 0.02490800805389881 -0.026289628818631172
v 0.047142453491687775 0.0276679415255785 -0.020257379859685898
v 0.04914263263344765 0.029565270990133286 -0.02088940143585205
v 0.04914263263344765 0.029565270990133286 -0.02088940143585205
v 0.047142453491687775 0.0276679415255785 -0.020257379859685898
v 0.047140587121248245 0.02908029593527317 -0.013775828294456005
v 0.049140650779008865 0.03106880746781826 -0.013989396393299103
v 0.049140650779008865 0.03106880746781826 -0.013989396393299103
v 0.047140587121248245 0.02908029593527317 -0.013775828294456005
v 0.04713868349790573 0.029080310836434364 -0.007142184767872095
v 0.0491386242210865 0.0310688279569149 -0.00692747300490737
v 0.0491386242210865 0.0310688279569149 -0.00692747300490737
v 0.04713868349790573 0.029080310836434364 -0.007142184767872095
v 0.0471368171274662 0.027667980641126633 -0.0006606251699849963
v 0.04913663864135742 0.029565313830971718 -2.7463580408948474e-05
v 0.04913663864135742 0.029565313830971718 -2.7463580408948474e-05
v 0.0471368171274662 0.027667980641126633 -0.0006606251699849963
v 0.047135092318058014 0.024908073246479034 0.00537163345143199
v 0.04913480207324028 0.026627229526638985 0.0063942489214241505
v 0.04913480207324028 0.026627229526638985 0.0063942489214241505
v 0.047135092318058014 0.024908073246479034 0.00537163345143199
v 0.04713357239961624 0.02092714235186577 0.010677989572286606
v 0.04913318157196045 0.022389281541109085 0.01204319205135107
v 0.04913318157196045 0.022389281541109085 0.01204319205135107
v 0.04713357239961624 0.02092714235186577 0.010677989572286606
v 0.047132328152656555 0.015907729044556618 0.015015124343335629
v 0.049131859093904495 0.01704581081867218 0.016660336405038834
v 0.049131859093904495 0.01704581081867218 0.016660336405038834
v 0.047132328152656555 0.015907729044556618 0.015015124343335629
v 0.04713141918182373 0.01007999386638403 0.018184158951044083
v 0.0491308867931366 0.010841828770935535 0.020033972337841988
v 0.0491308867931366 0.010841828770935535 0.020033972337841988
v 0.04713141918182373 0.01007999386638403 0.018184158951044083
v 0.04913074150681496 0.008592633530497551 0.020866170525550842
v 0.04584337770938873 -0.016935527324676514 0.010048053227365017
v 0.04589145630598068 -0.016852885484695435 0.010110078379511833
v 0.03999999910593033 -0.01685238443315029 0.010110452771186829
v 0.04713374003767967 0.013112134300172329 0.010083829052746296
v 0.040000006556510925 0.013112136162817478 0.010083824396133423
v 0.03999999538064003 0.00753482710570097 0.013240114785730839
v 0.047132834792137146 0.007534828502684832 0.013240113854408264
v 0.047132834792137146 0.007534828502684832 0.013240113854408264
v 0.03999999538064003 0.00753482710570097 0.013240114785730839
v 0.04000000283122063 0.001338358735665679 0.014874809421598911
v 0.047132376581430435 0.0013383565237745643 0.014874809421598911
v 0.047132376581430435 0.0013383565237745643 0.014874809421598911
v 0.04000000283122063 0.001338358735665679 0.014874809421598911
v 0.040000006556510925 -0.005070109385997057 0.014880501665174961
v 0.04713238403201103 -0.005070111248642206 0.01488050352782011
v 0.04713238403201103 -0.005070111248642206 0.01488050352782011
v 0.040000006556510925 -0.005070109385997057 0.014880501665174961
v 0.03999999910593033 -0.01126947719603777 0.013256821781396866
v 0.04713285341858864 -0.011269479990005493 0.013256821781396866
v 0.046687956899404526 -0.01499299705028534 0.011373680084943771
v 0.04705347120761871 -0.013195686042308807 0.012380363419651985
v 0.03999999910593033 -0.01126947719603777 0.013256821781396866
v 0.03999999910593033 -0.01126947719603777 0.013256821781396866
v 0.04705347120761871 -0.013195686042308807 0.012380363419651985
v 0.047133009880781174 -0.011761046946048737 0.013051685877144337
v 0.03999999910593033 -0.01126947719603777 0.013256821781396866
v 0.047133009880781174 -0.011761046946048737 0.013051685877144337
v 0.04713285341858864 -0.011269479990005493 0.013256821781396866
v 0.03999999910593033 -0.01685238443315029 0.010110452771186829
v 0.04589145630598068 -0.016852885484695435 0.010110078379511833
v 0.03999999910593033 -0.01126947719603777 0.013256821781396866
v 0.03999999910593033 -0.01126947719603777 0.013256821781396866
v 0.04589145630598068 -0.016852885484695435 0.010110078379511833
v 0.046032607555389404 -0.016596972942352295 0.010298789478838444
v 0.03999999910593033 -0.01126947719603777 0.013256821781396866
v 0.046032607555389404 -0.016596972942352295 0.010298789478838444
v 0.046687956899404526 -0.01499299705028534 0.011373680084943771
v 0.03999999910593033 -0.01685238443315029 0.010110452771186829
v 0.04000000283122063 -0.021307991817593575 0.005827444139868021
v 0.04181184992194176 -0.020553190261125565 0.00671536847949028
v 0.04181184992194176 -0.020553190261125565 0.00671536847949028
v 0.04356271028518677 -0.019472410902380943 0.007854205556213856
v 0.03999999910593033 -0.01685238443315029 0.010110452771186829
v 0.03999999910593033 -0.01685238443315029 0.010110452771186829
v 0.04356271028518677 -0.019472410902380943 0.007854205556213856
v 0.04484117031097412 -0.01830158196389675 0.0089409863576293
v 0.03999999910593033 -0.01685238443315029 0.010110452771186829
v 0.04484117031097412 -0.01830158196389675 0.0089409863576293
v 0.04584337770938873 -0.016935527324676514 0.010048053227365017
v 0.04046501964330673 -0.020705316215753555 -0.026375334709882736
v 0.03999999910593033 -0.02087632194161415 -0.02617776021361351
v 0.03999999910593033 -0.016395753249526024 -0.030275963246822357
v 0.04714665561914444 -0.011759900487959385 -0.03288445994257927
v 0.03999999165534973 -0.010848796926438808 -0.03325499966740608
v 0.04714622348546982 -0.010848792269825935 -0.03325499966740608
v 0.04714622348546982 -0.010848792269825935 -0.03325499966740608
v 0.03999999165534973 -0.010848796926438808 -0.03325499966740608
v 0.03999999538064003 -0.004733450710773468 -0.034753669053316116
v 0.04714665561914444 -0.0047334530390799046 -0.034753672778606415
v 0.04714665561914444 -0.0047334530390799046 -0.034753672778606415
v 0.03999999538064003 -0.004733450710773468 -0.034753669053316116
v 0.03999999910593033 0.0015623867511749268 -0.03467690572142601
v 0.04714662954211235 0.0015623882645741105 -0.03467690572142601
v 0.04714662954211235 0.0015623882645741105 -0.03467690572142601
v 0.03999999910593033 0.0015623867511749268 -0.03467690572142601
v 0.040000006556510925 0.007639375515282154 -0.03302957862615585
v 0.04714614152908325 0.0076393731869757175 -0.033029574900865555
v 0.04714614152908325 0.0076393731869757175 -0.033029574900865555
v 0.040000006556510925 0.007639375515282154 -0.03302957862615585
v 0.04000000283122063 0.013112048618495464 -0.029916174709796906
v 0.04714524373412132 0.013112049549818039 -0.029916170984506607
v 0.04491182789206505 -0.017882350832223892 -0.02913014590740204
v 0.04357536882162094 -0.019059354439377785 -0.02808593027293682
v 0.03999999910593033 -0.016395753249526024 -0.030275963246822357
v 0.03999999910593033 -0.016395753249526024 -0.030275963246822357
v 0.04357536882162094 -0.019059354439377785 -0.02808593027293682
v 0.04236012324690819 -0.019831158220767975 -0.02732417732477188
v 0.03999999910593033 -0.016395753249526024 -0.030275963246822357
v 0.04236012324690819 -0.019831158220767975 -0.02732417732477188
v 0.04046501964330673 -0.020705316215753555 -0.026375334709882736
v 0.04714665561914444 -0.011759900487959385 -0.03288445994257927
v 0.047010961920022964 -0.01353269163519144 -0.032038506120443344
v 0.03999999165534973 -0.010848796926438808 -0.03325499966740608
v 0.03999999165534973 -0.010848796926438808 -0.03325499966740608
v 0.047010961920022964 -0.01353269163519144 -0.032038506120443344
v 0.04664074629545212 -0.01501452922821045 -0.03119269385933876
v 0.03999999165534973 -0.010848796926438808 -0.03325499966740608
v 0.04664074629545212 -0.01501452922821045 -0.03119269385933876
v 0.03999999910593033 -0.016395753249526024 -0.030275963246822357
v 0.03999999910593033 -0.016395753249526024 -0.030275963246822357
v 0.04664074629545212 -0.01501452922821045 -0.03119269385933876
v 0.045942384749650955 -0.01651713065803051 -0.030188925564289093
v 0.03999999910593033 -0.016395753249526024 -0.030275963246822357
v 0.045942384749650955 -0.01651713065803051 -0.030188925564289093
v 0.04491182789206505 -0.017882350832223892 -0.02913014590740204
v 0.040000006556510925 -0.005070109385997057 0.014880501665174961
v 0.04000000283122063 0.001338358735665679 0.014874809421598911
v 0.03999999538064003 0.00753482710570097 0.013240114785730839
v 0.04000000283122063 0.013112048618495464 -0.029916174709796906
v 0.04000000283122063 -0.020960215479135513 -0.014959204010665417
v 0.040000006556510925 0.013112136162817478 0.010083824396133423
v 0.03999999910593033 -0.02101934887468815 -0.009910875000059605
v 0.04000000283122063 -0.021169263869524002 -0.0006002382142469287
v 0.04000000283122063 -0.021307991817593575 0.005827444139868021
v 0.03999999910593033 -0.01685238443315029 0.010110452771186829
v 0.03999999910593033 -0.01126947719603777 0.013256821781396866
v 0.040000006556510925 0.007639375515282154 -0.03302957862615585
v 0.03999999910593033 0.0015623867511749268 -0.03467690572142601
v 0.03999999538064003 -0.004733450710773468 -0.034753669053316116
v 0.03999999165534973 -0.010848796926438808 -0.03325499966740608
v 0.03999999910593033 -0.016395753249526024 -0.030275963246822357
v 0.03999999910593033 -0.02087632194161415 -0.02617776021361351
v 0.04000000283122063 0.013112048618495464 -0.029916174709796906
v 0.040000006556510925 0.013112136162817478 0.010083824396133423
v 0.04714524373412132 0.013112049549818039 -0.029916170984506607
v 0.04713374003767967 0.013112134300172329 0.010083829052746296
v 0.09791682660579681 -0.00821266882121563 -0.03847481682896614
v 0.07094009220600128 -0.011485381983220577 -0.037547800689935684
v 0.07094049453735352 -0.0048544625751674175 -0.039015620946884155
v 0.09791682660579681 -0.00821266882121563 -0.03847481682896614
v 0.09791681170463562 -0.011485381051898003 -0.037547796964645386
v 0.07094009220600128 -0.011485381983220577 -0.037547800689935684
v 0.07094009220600128 -0.011485381983220577 -0.037547800689935684
v 0.09791681170463562 -0.011485381051898003 -0.037547796964645386
v 0.09791681915521622 -0.01462834794074297 -0.03624711185693741
v 0.07094009220600128 -0.011485381983220577 -0.037547800689935684
v 0.09791681915521622 -0.01462834794074297 -0.03624711185693741
v 0.07093924283981323 -0.017599057406187057 -0.03459034860134125
v 0.09791681915521622 -0.01462834794074297 -0.03624711185693741
v 0.09791682660579681 -0.017599057406187057 -0.03459034860134125
v 0.07093924283981323 -0.017599057406187057 -0.03459034860134125
v 0.07093924283981323 -0.017599057406187057 -0.03459034860134125
v 0.09791682660579681 -0.017599057406187057 -0.03459034860134125
v 0.09791681915521622 -0.020357351750135422 -0.032599903643131256
v 0.07093924283981323 -0.017599057406187057 -0.03459034860134125
v 0.09791681915521622 -0.020357351750135422 -0.032599903643131256
v 0.07093802094459534 -0.022865908220410347 -0.030302707105875015
v 0.09791681915521622 -0.020357351750135422 -0.032599903643131256
v 0.09791681915521622 -0.022865908220410347 -0.030302701517939568
v 0.07093802094459534 -0.022865908220410347 -0.030302707105875015
v 0.07093802094459534 -0.022865908220410347 -0.030302707105875015
v 0.09791681915521622 -0.022865908220410347 -0.030302701517939568
v 0.09791681915521622 -0.025090821087360382 -0.027729805558919907
v 0.07093802094459534 -0.022865908220410347 -0.030302707105875015
v 0.09791681915521622 -0.025090821087360382 -0.027729805558919907
v 0.07093647867441177 -0.027001991868019104 -0.024916019290685654
v 0.09791681915521622 -0.025090821087360382 -0.027729805558919907
v 0.09791683405637741 -0.027001990005373955 -0.024916019290685654
v 0.07093647867441177 -0.027001991868019104 -0.024916019290685654
v 0.07093647867441177 -0.027001991868019104 -0.024916019290685654
v 0.09791683405637741 -0.027001990005373955 -0.024916019290685654
v 0.09791682660579681 -0.028573578223586082 -0.021899372339248657
v 0.07093647867441177 -0.027001991868019104 -0.024916019290685654
v 0.09791682660579681 -0.028573578223586082 -0.021899372339248657
v 0.07093468308448792 -0.029784325510263443 -0.01872067339718342
v 0.09791682660579681 -0.028573578223586082 -0.021899372339248657
v 0.09791682660579681 -0.029784325510263443 -0.018720677122473717
v 0.07093468308448792 -0.029784325510263443 -0.01872067339718342
v 0.07093468308448792 -0.029784325510263443 -0.01872067339718342
v 0.09791682660579681 -0.029784325510263443 -0.018720677122473717
v 0.09791682660579681 -0.030617864802479744 -0.01542291697114706
v 0.07093468308448792 -0.029784325510263443 -0.01872067339718342
v 0.09791682660579681 -0.030617864802479744 -0.01542291697114706
v 0.0709327682852745 -0.03106292337179184 -0.012050683610141277
v 0.09791682660579681 -0.030617864802479744 -0.01542291697114706
v 0.09791682660579681 -0.03106292337179184 -0.012050686404109001
v 0.0709327682852745 -0.03106292337179184 -0.012050683610141277
v 0.0709327682852745 -0.03106292337179184 -0.012050683610141277
v 0.09791682660579681 -0.03106292337179184 -0.012050686404109001
v 0.09791682660579681 -0.03111347369849682 -0.008649589493870735
v 0.0709327682852745 -0.03106292337179184 -0.012050683610141277
v 0.09791682660579681 -0.03111347369849682 -0.008649589493870735
v 0.07093081623315811 -0.030768845230340958 -0.005265616346150637
v 0.09791682660579681 -0.03111347369849682 -0.008649589493870735
v 0.09791683405637741 -0.030768845230340958 -0.005265623796731234
v 0.07093081623315811 -0.030768845230340958 -0.005265616346150637
v 0.07093081623315811 -0.030768845230340958 -0.005265616346150637
v 0.09791683405637741 -0.030768845230340958 -0.005265623796731234
v 0.09791682660579681 -0.030033687129616737 -0.0019445415819063783
v 0.07093081623315811 -0.030768845230340958 -0.005265616346150637
v 0.09791682660579681 -0.030033687129616737 -0.0019445415819063783
v 0.07092893868684769 -0.028917953372001648 0.001268736901693046
v 0.09791682660579681 -0.030033687129616737 -0.0019445415819063783
v 0.09791682660579681 -0.028917953372001648 0.0012687355047091842
v 0.07092893868684769 -0.028917953372001648 0.001268736901693046
v 0.07092893868684769 -0.028917953372001648 0.001268736901693046
v 0.09791682660579681 -0.028917953372001648 0.0012687355047091842
v 0.09791681170463562 -0.027436723932623863 0.004330758936703205
v 0.07092893868684769 -0.028917953372001648 0.001268736901693046
v 0.09791681170463562 -0.027436723932623863 0.004330758936703205
v 0.07092723250389099 -0.025610027834773064 0.007200109772384167
v 0.09791681170463562 -0.027436723932623863 0.004330758936703205
v 0.09791681915521622 -0.025610025972127914 0.0072001139633357525
v 0.07092723250389099 -0.025610027834773064 0.007200109772384167
v 0.07092723250389099 -0.025610027834773064 0.007200109772384167
v 0.09791681915521622 -0.025610025972127914 0.0072001139633357525
v 0.09791681915521622 -0.02346256747841835 0.009837999008595943
v 0.07092723250389099 -0.025610027834773064 0.007200109772384167
v 0.09791681915521622 -0.02346256747841835 0.009837999008595943
v 0.07092578709125519 -0.021023394539952278 0.012208743020892143
v 0.09791681915521622 -0.02346256747841835 0.009837999008595943
v 0.09791681170463562 -0.021023394539952278 0.012208749540150166
v 0.07092578709125519 -0.021023394539952278 0.012208743020892143
v 0.07092578709125519 -0.021023394539952278 0.012208743020892143
v 0.09791681170463562 -0.021023394539952278 0.012208749540150166
v 0.09791682660579681 -0.018325485289096832 0.014280285686254501
v 0.07092578709125519 -0.021023394539952278 0.012208743020892143
v 0.09791682660579681 -0.018325485289096832 0.014280285686254501
v 0.07092469185590744 -0.015405328013002872 0.016024619340896606
v 0.09791682660579681 -0.018325485289096832 0.014280285686254501
v 0.09791682660579681 -0.015405327081680298 0.016024617478251457
v 0.07092469185590744 -0.015405328013002872 0.016024619340896606
v 0.07092469185590744 -0.015405328013002872 0.016024619340896606
v 0.09791682660579681 -0.015405327081680298 0.016024617478251457
v 0.09791683405637741 -0.012302405200898647 0.017418144270777702
v 0.07092469185590744 -0.015405328013002872 0.016024619340896606
v 0.09791683405637741 -0.012302405200898647 0.017418144270777702
v 0.07092399150133133 -0.009058690629899502 0.018442021682858467
v 0.09791683405637741 -0.012302405200898647 0.017418144270777702
v 0.09791682660579681 -0.009058689698576927 0.018442021682858467
v 0.07092399150133133 -0.009058690629899502 0.018442021682858467
v 0.07092399150133133 -0.009058690629899502 0.018442021682858467
v 0.09791682660579681 -0.009058689698576927 0.018442021682858467
v 0.09791682660579681 -0.005718043074011803 0.01908240094780922
v 0.07092399150133133 -0.009058690629899502 0.018442021682858467
v 0.09791682660579681 -0.005718043074011803 0.01908240094780922
v 0.07092371582984924 -0.0023256416898220778 0.01933063194155693
v 0.09791682660579681 -0.005718043074011803 0.01908240094780922
v 0.09791682660579681 -0.002325640991330147 0.019330628216266632
v 0.07092371582984924 -0.0023256416898220778 0.01933063194155693
v 0.07092371582984924 -0.0023256416898220778 0.01933063194155693
v 0.09791682660579681 -0.002325640991330147 0.019330628216266632
v 0.09791681170463562 0.0010726394830271602 0.01918334700167179
v 0.07092371582984924 -0.0023256416898220778 0.01933063194155693
v 0.09791681170463562 0.0010726394830271602 0.01918334700167179
v 0.07092390954494476 0.004430846311151981 0.01864253543317318
v 0.09791681170463562 0.0010726394830271602 0.01918334700167179
v 0.09791681170463562 0.004430846776813269 0.01864253729581833
v 0.07092390954494476 0.004430846311151981 0.01864253543317318
v 0.07092390954494476 0.004430846311151981 0.01864253543317318
v 0.09791681170463562 0.004430846776813269 0.01864253729581833
v 0.09791682660579681 0.007703562267124653 0.017715517431497574
v 0.07092390954494476 0.004430846311151981 0.01864253543317318
v 0.09791682660579681 0.007703562267124653 0.017715517431497574
v 0.0709245428442955 0.010846525430679321 0.016414834186434746
v 0.09791682660579681 0.007703562267124653 0.017715517431497574
v 0.09791682660579681 0.010846525430679321 0.016414832323789597
v 0.0709245428442955 0.010846525430679321 0.016414834186434746
v 0.0709245428442955 0.010846525430679321 0.016414834186434746
v 0.09791682660579681 0.010846525430679321 0.016414832323789597
v 0.09791681915521622 0.013817238621413708 0.01475806999951601
v 0.0709245428442955 0.010846525430679321 0.016414834186434746
v 0.09791681915521622 0.013817238621413708 0.01475806999951601
v 0.07092559337615967 0.0165755283087492 0.012767625041306019
v 0.09791681915521622 0.013817238621413708 0.01475806999951601
v 0.09791681915521622 0.0165755283087492 0.012767625041306019
v 0.07092559337615967 0.0165755283087492 0.012767625041306019
v 0.07092559337615967 0.0165755283087492 0.012767625041306019
v 0.09791681915521622 0.0165755283087492 0.012767625041306019
v 0.09791682660579681 0.019084090366959572 0.010470423847436905
v 0.07092559337615967 0.0165755283087492 0.012767625041306019
v 0.09791682660579681 0.019084090366959572 0.010470423847436905
v 0.07092698663473129 0.02130899764597416 0.007897527888417244
v 0.09791682660579681 0.019084090366959572 0.010470423847436905
v 0.09791681915521622 0.02130899950861931 0.00789752509444952
v 0.07092698663473129 0.02130899764597416 0.007897527888417244
v 0.07092698663473129 0.02130899764597416 0.007897527888417244
v 0.09791681915521622 0.02130899950861931 0.00789752509444952
v 0.09791683405637741 0.02322016842663288 0.005083728116005659
v 0.07092698663473129 0.02130899764597416 0.007897527888417244
v 0.09791683405637741 0.02322016842663288 0.005083728116005659
v 0.0709286704659462 0.024791758507490158 0.002067090244963765
v 0.09791683405637741 0.02322016842663288 0.005083728116005659
v 0.09791681170463562 0.02479175478219986 0.002067092340439558
v 0.0709286704659462 0.024791758507490158 0.002067090244963765
v 0.0709286704659462 0.024791758507490158 0.002067090244963765
v 0.09791681170463562 0.02479175478219986 0.002067092340439558
v 0.09791681915521622 0.02600250579416752 -0.0011116022942587733
v 0.0709286704659462 0.024791758507490158 0.002067090244963765
v 0.09791681915521622 0.02600250579416752 -0.0011116022942587733
v 0.07093053311109543 0.02683604508638382 -0.004409367218613625
v 0.09791681915521622 0.02600250579416752 -0.0011116022942587733
v 0.09791681170463562 0.02683604508638382 -0.00440936116501689
v 0.07093053311109543 0.02683604508638382 -0.004409367218613625
v 0.07093053311109543 0.02683604508638382 -0.004409367218613625
v 0.09791681170463562 0.02683604508638382 -0.00440936116501689
v 0.09791681170463562 0.027281099930405617 -0.007781593129038811
v 0.07093053311109543 0.02683604508638382 -0.004409367218613625
v 0.09791681170463562 0.027281099930405617 -0.007781593129038811
v 0.07093247771263123 0.027331653982400894 -0.01118269469588995
v 0.09791681170463562 0.027281099930405617 -0.007781593129038811
v 0.09791681170463562 0.027331653982400894 -0.011182688176631927
v 0.07093247771263123 0.027331653982400894 -0.01118269469588995
v 0.07093247771263123 0.027331653982400894 -0.01118269469588995
v 0.09791681170463562 0.027331653982400894 -0.011182688176631927
v 0.09791683405637741 0.026987027376890182 -0.014566666446626186
v 0.07093247771263123 0.027331653982400894 -0.01118269469588995
v 0.09791683405637741 0.026987027376890182 -0.014566666446626186
v 0.07093439996242523 0.02625187113881111 -0.017887739464640617
v 0.09791683405637741 0.026987027376890182 -0.014566666446626186
v 0.09791681915521622 0.02625187300145626 -0.017887737601995468
v 0.07093439996242523 0.02625187113881111 -0.017887739464640617
v 0.07093439996242523 0.02625187113881111 -0.017887739464640617
v 0.09791681915521622 0.02625187300145626 -0.017887737601995468
v 0.09791681915521622 0.025136131793260574 -0.02110101468861103
v 0.07093439996242523 0.02625187113881111 -0.017887739464640617
v 0.09791681915521622 0.025136131793260574 -0.02110101468861103
v 0.07093621790409088 0.02365490049123764 -0.02416303940117359
v 0.09791681915521622 0.025136131793260574 -0.02110101468861103
v 0.09791682660579681 0.02365490235388279 -0.02416303940117359
v 0.07093621790409088 0.02365490049123764 -0.02416303940117359
v 0.07093621790409088 0.02365490049123764 -0.02416303940117359
v 0.09791682660579681 0.02365490235388279 -0.02416303940117359
v 0.09791681915521622 0.02182820439338684 -0.027032392099499702
v 0.07093621790409088 0.02365490049123764 -0.02416303940117359
v 0.09791681915521622 0.02182820439338684 -0.027032392099499702
v 0.07093780487775803 0.019680751487612724 -0.02967028319835663
v 0.09791681915521622 0.02182820439338684 -0.027032392099499702
v 0.09791681915521622 0.019680747762322426 -0.02967027947306633
v 0.07093780487775803 0.019680751487612724 -0.02967028319835663
v 0.07093780487775803 0.019680751487612724 -0.02967028319835663
v 0.09791681915521622 0.019680747762322426 -0.02967027947306633
v 0.09791683405637741 0.017241576686501503 -0.0320410281419754
v 0.07093780487775803 0.019680751487612724 -0.02967028319835663
v 0.09791683405637741 0.017241576686501503 -0.0320410281419754
v 0.0709390714764595 0.014543666504323483 -0.03411256894469261
v 0.09791683405637741 0.017241576686501503 -0.0320410281419754
v 0.09791681170463562 0.014543663710355759 -0.03411256521940231
v 0.0709390714764595 0.014543666504323483 -0.03411256894469261
v 0.0709390714764595 0.014543666504323483 -0.03411256894469261
v 0.09791681170463562 0.014543663710355759 -0.03411256521940231
v 0.09791681170463562 0.01162350457161665 -0.03585689887404442
v 0.0709390714764595 0.014543666504323483 -0.03411256894469261
v 0.09791681170463562 0.01162350457161665 -0.03585689887404442
v 0.07093999534845352 0.008520590141415596 -0.03725042939186096
v 0.09791681170463562 0.01162350457161665 -0.03585689887404442
v 0.09791681170463562 0.008520586416125298 -0.037250421941280365
v 0.07093999534845352 0.008520590141415596 -0.03725042939186096
v 0.07093999534845352 0.008520590141415596 -0.03725042939186096
v 0.09791681170463562 0.008520586416125298 -0.037250421941280365
v 0.09791681170463562 0.005276871845126152 -0.03827429935336113
v 0.07093999534845352 0.008520590141415596 -0.03725042939186096
v 0.09791681170463562 0.005276871845126152 -0.03827429935336113
v 0.07094047963619232 0.0019362239399924874 -0.03891468793153763
v 0.07094047963619232 0.0019362239399924874 -0.03891468793153763
v 0.09791681170463562 0.005276871845126152 -0.03827429935336113
v 0.09791681170463562 0.0019362246384844184 -0.03891468048095703
v 0.07094047963619232 0.0019362239399924874 -0.03891468793153763
v 0.09791681170463562 0.0019362246384844184 -0.03891468048095703
v 0.07094055414199829 -0.001971385907381773 -0.039166033267974854
v 0.07094055414199829 -0.001971385907381773 -0.039166033267974854
v 0.09791681170463562 0.0019362246384844184 -0.03891468048095703
v 0.09791681170463562 -0.0014561775606125593 -0.039162907749414444
v 0.07094055414199829 -0.001971385907381773 -0.039166033267974854
v 0.09791681170463562 -0.0014561775606125593 -0.039162907749414444
v 0.07094049453735352 -0.0048544625751674175 -0.039015620946884155
v 0.07094049453735352 -0.0048544625751674175 -0.039015620946884155
v 0.09791681170463562 -0.0014561775606125593 -0.039162907749414444
v 0.09791682660579681 -0.004854461643844843 -0.039015624672174454
v 0.07094049453735352 -0.0048544625751674175 -0.039015620946884155
v 0.09791682660579681 -0.004854461643844843 -0.039015624672174454
v 0.09791682660579681 -0.00821266882121563 -0.03847481682896614
v 0.10000001639127731 -0.0021851605270057917 0.010081646963953972
v 0.10000000149011612 -0.007807149086147547 0.009187852963805199
v 0.09999999403953552 -0.0018879076233133674 -0.009916137903928757
v 0.10000000894069672 0.013030754402279854 0.003404271323233843
v 0.09999998658895493 0.008673649281263351 0.0070677828043699265
v 0.10000000894069672 0.003460907842963934 0.009355340152978897
v 0.09999999403953552 0.017948636785149574 -0.012467894703149796
v 0.09999999403953552 0.017864029854536057 -0.0067759291268885136
v 0.10000001639127731 0.016179241240024567 -0.001338373520411551
v 0.10000000149011612 0.009173777885735035 -0.026578646153211594
v 0.10000000149011612 0.01342007052153349 -0.02278725989162922
v 0.09999998658895493 0.01642620377242565 -0.01795312762260437
v 0.10000000149011612 -0.007236722856760025 -0.029187627136707306
v 0.10000000149011612 -0.001590654836036265 -0.02991393208503723
v 0.10000000894069672 0.004031330347061157 -0.029020138084888458
v 0.10000000149011612 -0.019955052062869072 -0.018493913114070892
v 0.10000000149011612 -0.016806572675704956 -0.023236557841300964
v 0.09999999403953552 -0.012449468486011028 -0.02690005861222744
v 0.10000000149011612 -0.020202022045850754 -0.001879147021099925
v 0.09999998658895493 -0.021724455058574677 -0.007364379707723856
v 0.09999999403953552 -0.021639849990606308 -0.013056347146630287
v 0.10000000894069672 -0.012949593365192413 0.006746362429112196
v 0.10000000894069672 -0.017195889726281166 0.002954974537715316
v 0.09891682118177414 -0.0015906570479273796 -0.029913930222392082
v 0.10000000149011612 -0.007236722856760025 -0.029187627136707306
v 0.09891682118177414 -0.00723672891035676 -0.029187625274062157
v 0.09891682118177414 -0.00723672891035676 -0.029187625274062157
v 0.10000000149011612 -0.007236722856760025 -0.029187627136707306
v 0.09999999403953552 -0.012449468486011028 -0.02690005861222744
v 0.09891681373119354 -0.012449466623365879 -0.02690005674958229
v 0.09891681373119354 -0.012449466623365879 -0.02690005674958229
v 0.09999999403953552 -0.012449468486011028 -0.02690005861222744
v 0.10000000149011612 -0.016806572675704956 -0.023236557841300964
v 0.09891682118177414 -0.016806572675704956 -0.023236555978655815
v 0.09891682118177414 -0.016806572675704956 -0.023236555978655815
v 0.10000000149011612 -0.016806572675704956 -0.023236557841300964
v 0.10000000149011612 -0.019955052062869072 -0.018493913114070892
v 0.09891681373119354 -0.01995505765080452 -0.018493911251425743
v 0.09891681373119354 -0.01995505765080452 -0.018493911251425743
v 0.10000000149011612 -0.019955052062869072 -0.018493913114070892
v 0.09999999403953552 -0.021639849990606308 -0.013056347146630287
v 0.09891680628061295 -0.02163984812796116 -0.013056344352662563
v 0.09891680628061295 -0.02163984812796116 -0.013056344352662563
v 0.09999999403953552 -0.021639849990606308 -0.013056347146630287
v 0.09999998658895493 -0.021724455058574677 -0.007364379707723856
v 0.09891683608293533 -0.021724453195929527 -0.007364389952272177
v 0.09891683608293533 -0.021724453195929527 -0.007364389952272177
v 0.09999998658895493 -0.021724455058574677 -0.007364379707723856
v 0.10000000149011612 -0.020202022045850754 -0.001879147021099925
v 0.09891681373119354 -0.020202022045850754 -0.0018791448092088103
v 0.09891681373119354 -0.020202022045850754 -0.0018791448092088103
v 0.10000000149011612 -0.020202022045850754 -0.001879147021099925
v 0.10000000894069672 -0.017195889726281166 0.002954974537715316
v 0.09891682863235474 -0.017195887863636017 0.0029549768660217524
v 0.09891682863235474 -0.017195887863636017 0.0029549768660217524
v 0.10000000894069672 -0.017195889726281166 0.002954974537715316
v 0.10000000894069672 -0.012949593365192413 0.006746362429112196
v 0.09891682863235474 -0.012949591502547264 0.006746361497789621
v 0.09891682863235474 -0.012949591502547264 0.006746361497789621
v 0.10000000894069672 -0.012949593365192413 0.006746362429112196
v 0.10000000149011612 -0.007807149086147547 0.009187852963805199
v 0.09891682118177414 -0.007807147689163685 0.009187855757772923
v 0.09891682118177414 -0.007807147689163685 0.009187855757772923
v 0.10000000149011612 -0.007807149086147547 0.009187852963805199
v 0.10000001639127731 -0.0021851605270057917 0.010081646963953972
v 0.09891682863235474 -0.0021851591300219297 0.010081646032631397
v 0.09891682863235474 -0.0021851591300219297 0.010081646032631397
v 0.10000001639127731 -0.0021851605270057917 0.010081646963953972
v 0.10000000894069672 0.003460907842963934 0.009355340152978897
v 0.09891682863235474 0.003460909239947796 0.009355342946946621
v 0.09891682863235474 0.003460909239947796 0.009355342946946621
v 0.10000000894069672 0.003460907842963934 0.009355340152978897
v 0.09999998658895493 0.008673649281263351 0.0070677828043699265
v 0.09891683608293533 0.0086736511439085 0.007067774422466755
v 0.09891683608293533 0.0086736511439085 0.007067774422466755
v 0.09999998658895493 0.008673649281263351 0.0070677828043699265
v 0.10000000894069672 0.013030754402279854 0.003404271323233843
v 0.09891682863235474 0.013030756264925003 0.0034042736515402794
v 0.09891682863235474 0.013030756264925003 0.0034042736515402794
v 0.10000000894069672 0.013030754402279854 0.003404271323233843
v 0.10000001639127731 0.016179241240024567 -0.001338373520411551
v 0.09891682863235474 0.016179237514734268 -0.0013383711921051145
v 0.09891682863235474 0.016179237514734268 -0.0013383711921051145
v 0.10000001639127731 0.016179241240024567 -0.001338373520411551
v 0.09999999403953552 0.017864029854536057 -0.0067759291268885136
v 0.09891681373119354 0.017864031717181206 -0.006775926798582077
v 0.09891681373119354 0.017864031717181206 -0.006775926798582077
v 0.09999999403953552 0.017864029854536057 -0.0067759291268885136
v 0.09999999403953552 0.017948636785149574 -0.012467894703149796
v 0.09891681373119354 0.017948636785149574 -0.012467891909182072
v 0.09891681373119354 0.017948636785149574 -0.012467891909182072
v 0.09999999403953552 0.017948636785149574 -0.012467894703149796
v 0.09999998658895493 0.01642620377242565 -0.01795312762260437
v 0.09891683608293533 0.0164262056350708 -0.017953136935830116
v 0.09891683608293533 0.0164262056350708 -0.017953136935830116
v 0.09999998658895493 0.01642620377242565 -0.01795312762260437
v 0.10000000149011612 0.01342007052153349 -0.02278725989162922
v 0.09891682118177414 0.013420072384178638 -0.02278725802898407
v 0.09891682118177414 0.013420072384178638 -0.02278725802898407
v 0.10000000149011612 0.01342007052153349 -0.02278725989162922
v 0.10000000149011612 0.009173777885735035 -0.026578646153211594
v 0.09891682118177414 0.009173779748380184 -0.026578644290566444
v 0.09891682118177414 0.009173779748380184 -0.026578644290566444
v 0.10000000149011612 0.009173777885735035 -0.026578646153211594
v 0.10000000894069672 0.004031330347061157 -0.029020138084888458
v 0.09891682863235474 0.004031331744045019 -0.02902013622224331
v 0.09891682863235474 0.004031331744045019 -0.02902013622224331
v 0.10000000894069672 0.004031330347061157 -0.029020138084888458
v 0.10000000149011612 -0.001590654836036265 -0.02991393208503723
v 0.09891682118177414 -0.0015906570479273796 -0.029913930222392082
v 0.10000000149011612 -0.001590654836036265 -0.02991393208503723
v 0.09891681373119354 0.0009713246836327016 0.018188493326306343
v 0.09891682863235474 -0.0021851591300219297 0.010081646032631397
v 0.09891682863235474 0.003460909239947796 0.009355342946946621
v 0.09891682118177414 -0.016806572675704956 -0.023236555978655815
v 0.09891682118177414 -0.019726019352674484 -0.03182439133524895
v 0.09891681373119354 -0.012449466623365879 -0.02690005674958229
v 0.09891680628061295 -0.01419287733733654 -0.03534690663218498
v 0.09891682118177414 -0.00723672891035676 -0.029187625274062157
v 0.09891682118177414 -0.00799653586000204 -0.03749845176935196
v 0.09891682118177414 -0.0015906570479273796 -0.029913930222392082
v 0.09891681373119354 -0.0014710422838106751 -0.03816301375627518
v 0.09891682863235474 0.004031331744045019 -0.02902013622224331
v 0.09891682118177414 0.005031821317970753 -0.03730479255318642
v 0.09891682118177414 0.009173779748380184 -0.026578644290566444
v 0.09891681373119354 -0.002310778945684433 0.01833074353635311
v 0.09891681373119354 -0.0055872052907943726 0.018091004341840744
v 0.09891682118177414 -0.007807147689163685 0.009187855757772923
v 0.09891682863235474 -0.01194645557552576 0.016483638435602188
v 0.09891682863235474 -0.012949591502547264 0.006746361497789621
v 0.09891681373119354 -0.017763616517186165 0.013453064486384392
v 0.09891682863235474 -0.017195887863636017 0.0029549768660217524
v 0.09891682118177414 -0.02272508107125759 0.009162642993032932
v 0.09891681373119354 -0.020202022045850754 -0.0018791448092088103
v 0.09891681373119354 0.017864031717181206 -0.006775926798582077
v 0.09891681373119354 0.025048885494470596 -0.0014126115711405873
v 0.09891682863235474 0.016179237514734268 -0.0013383711921051145
v 0.09891680628061295 0.022361669689416885 0.0045709204860031605
v 0.09891682863235474 0.013030756264925003 0.0034042736515402794
v 0.09891682118177414 0.018366996198892593 0.009773445315659046
v 0.09891683608293533 0.0086736511439085 0.007067774422466755
v 0.09891681373119354 0.013280211016535759 0.013914510607719421
v 0.09891682118177414 0.007375544868409634 0.016770847141742706
v 0.09891682118177414 0.011161474511027336 -0.03497003763914108
v 0.09891683608293533 0.016587473452091217 -0.031284622848033905
v 0.09891682118177414 0.013420072384178638 -0.02278725802898407
v 0.09891682863235474 0.021017296239733696 -0.026447225362062454
v 0.09891683608293533 0.0164262056350708 -0.017953136935830116
v 0.09891682118177414 0.024212131276726723 -0.02071862667798996
v 0.09891681373119354 0.017948636785149574 -0.012467891909182072
v 0.09891680628061295 0.02599974535405636 -0.014407665468752384
v 0.09891680628061295 0.02628376893699169 -0.007854567840695381
v 0.09891681373119354 -0.026563361287117004 0.003843685844913125
v 0.09891681373119354 -0.029071543365716934 -0.0022170688025653362
v 0.09891683608293533 -0.021724453195929527 -0.007364389952272177
v 0.09891682863235474 -0.030114412307739258 -0.008692889474332333
v 0.09891680628061295 -0.02163984812796116 -0.013056344352662563
v 0.09891683608293533 -0.02963574416935444 -0.01523465383797884
v 0.09891681373119354 -0.01995505765080452 -0.018493911251425743
v 0.09891681373119354 -0.02766135148704052 -0.021489685401320457
v 0.09891682118177414 -0.02429765649139881 -0.027120793238282204
v 0.09891681373119354 -0.0014710422838106751 -0.03816301375627518
v 0.09791681170463562 -0.0014561775606125593 -0.039162907749414444
v 0.09791681170463562 0.0019362246384844184 -0.03891468048095703
v 0.09891681373119354 -0.0014710422838106751 -0.03816301375627518
v 0.09791681170463562 0.0019362246384844184 -0.03891468048095703
v 0.09891682118177414 0.005031821317970753 -0.03730479255318642
v 0.09791681170463562 0.0019362246384844184 -0.03891468048095703
v 0.09791681170463562 0.005276871845126152 -0.03827429935336113
v 0.09891682118177414 0.005031821317970753 -0.03730479255318642
v 0.09891682118177414 0.005031821317970753 -0.03730479255318642
v 0.09791681170463562 0.005276871845126152 -0.03827429935336113
v 0.09791681170463562 0.008520586416125298 -0.037250421941280365
v 0.09891682118177414 0.005031821317970753 -0.03730479255318642
v 0.09791681170463562 0.008520586416125298 -0.037250421941280365
v 0.09891682118177414 0.011161474511027336 -0.03497003763914108
v 0.09791681170463562 0.008520586416125298 -0.037250421941280365
v 0.09791681170463562 0.01162350457161665 -0.03585689887404442
v 0.09891682118177414 0.011161474511027336 -0.03497003763914108
v 0.09891682118177414 0.011161474511027336 -0.03497003763914108
v 0.09791681170463562 0.01162350457161665 -0.03585689887404442
v 0.09791681170463562 0.014543663710355759 -0.03411256521940231
v 0.09891682118177414 0.011161474511027336 -0.03497003763914108
v 0.09791681170463562 0.014543663710355759 -0.03411256521940231
v 0.09891683608293533 0.016587473452091217 -0.031284622848033905
v 0.09791681170463562 0.014543663710355759 -0.03411256521940231
v 0.09791683405637741 0.017241576686501503 -0.0320410281419754
v 0.09891683608293533 0.016587473452091217 -0.031284622848033905
v 0.09891683608293533 0.016587473452091217 -0.031284622848033905
v 0.09791683405637741 0.017241576686501503 -0.0320410281419754
v 0.09791681915521622 0.019680747762322426 -0.02967027947306633
v 0.09891683608293533 0.016587473452091217 -0.031284622848033905
v 0.09791681915521622 0.019680747762322426 -0.02967027947306633
v 0.09891682863235474 0.021017296239733696 -0.026447225362062454
v 0.09891682863235474 0.021017296239733696 -0.026447225362062454
v 0.09791681915521622 0.019680747762322426 -0.02967027947306633
v 0.09791681915521622 0.02182820439338684 -0.027032392099499702
v 0.09891682863235474 0.021017296239733696 -0.026447225362062454
v 0.09791681915521622 0.02182820439338684 -0.027032392099499702
v 0.09891682118177414 0.024212131276726723 -0.02071862667798996
v 0.09891682118177414 0.024212131276726723 -0.02071862667798996
v 0.09791681915521622 0.02182820439338684 -0.027032392099499702
v 0.09791682660579681 0.02365490235388279 -0.02416303940117359
v 0.09791682660579681 0.02365490235388279 -0.02416303940117359
v 0.09791681915521622 0.025136131793260574 -0.02110101468861103
v 0.09891682118177414 0.024212131276726723 -0.02071862667798996
v 0.09891682118177414 0.024212131276726723 -0.02071862667798996
v 0.09791681915521622 0.025136131793260574 -0.02110101468861103
v 0.09791681915521622 0.02625187300145626 -0.017887737601995468
v 0.09891682118177414 0.024212131276726723 -0.02071862667798996
v 0.09791681915521622 0.02625187300145626 -0.017887737601995468
v 0.09891680628061295 0.02599974535405636 -0.014407665468752384
v 0.09891680628061295 0.02599974535405636 -0.014407665468752384
v 0.09791681915521622 0.02625187300145626 -0.017887737601995468
v 0.09791683405637741 0.026987027376890182 -0.014566666446626186
v 0.09891680628061295 0.02599974535405636 -0.014407665468752384
v 0.09791683405637741 0.026987027376890182 -0.014566666446626186
v 0.09891680628061295 0.02628376893699169 -0.007854567840695381
v 0.09891680628061295 0.02628376893699169 -0.007854567840695381
v 0.09791683405637741 0.026987027376890182 -0.014566666446626186
v 0.09791681170463562 0.027331653982400894 -0.011182688176631927
v 0.09791681170463562 0.027331653982400894 -0.011182688176631927
v 0.09791681170463562 0.027281099930405617 -0.007781593129038811
v 0.09891680628061295 0.02628376893699169 -0.007854567840695381
v 0.09891680628061295 0.02628376893699169 -0.007854567840695381
v 0.09791681170463562 0.027281099930405617 -0.007781593129038811
v 0.09791681170463562 0.02683604508638382 -0.00440936116501689
v 0.09891680628061295 0.02628376893699169 -0.007854567840695381
v 0.09791681170463562 0.02683604508638382 -0.00440936116501689
v 0.09891681373119354 0.025048885494470596 -0.0014126115711405873
v 0.09891681373119354 0.025048885494470596 -0.0014126115711405873
v 0.09791681170463562 0.02683604508638382 -0.00440936116501689
v 0.09791681915521622 0.02600250579416752 -0.0011116022942587733
v 0.09891681373119354 0.025048885494470596 -0.0014126115711405873
v 0.09791681915521622 0.02600250579416752 -0.0011116022942587733
v 0.09891680628061295 0.022361669689416885 0.0045709204860031605
v 0.09791681915521622 0.02600250579416752 -0.0011116022942587733
v 0.09791681170463562 0.02479175478219986 0.002067092340439558
v 0.09891680628061295 0.022361669689416885 0.0045709204860031605
v 0.09891680628061295 0.022361669689416885 0.0045709204860031605
v 0.09791681170463562 0.02479175478219986 0.002067092340439558
v 0.09791683405637741 0.02322016842663288 0.005083728116005659
v 0.09891680628061295 0.022361669689416885 0.0045709204860031605
v 0.09791683405637741 0.02322016842663288 0.005083728116005659
v 0.09891682118177414 0.018366996198892593 0.009773445315659046
v 0.09891682118177414 0.018366996198892593 0.009773445315659046
v 0.09791683405637741 0.02322016842663288 0.005083728116005659
v 0.09791681915521622 0.02130899950861931 0.00789752509444952
v 0.09791681915521622 0.02130899950861931 0.00789752509444952
v 0.09791682660579681 0.019084090366959572 0.010470423847436905
v 0.09891682118177414 0.018366996198892593 0.009773445315659046
v 0.09891682118177414 0.018366996198892593 0.009773445315659046
v 0.09791682660579681 0.019084090366959572 0.010470423847436905
v 0.09791681915521622 0.0165755283087492 0.012767625041306019
v 0.09891682118177414 0.018366996198892593 0.009773445315659046
v 0.09791681915521622 0.0165755283087492 0.012767625041306019
v 0.09891681373119354 0.013280211016535759 0.013914510607719421
v 0.09891681373119354 0.013280211016535759 0.013914510607719421
v 0.09791681915521622 0.0165755283087492 0.012767625041306019
v 0.09791681915521622 0.013817238621413708 0.01475806999951601
v 0.09891681373119354 0.013280211016535759 0.013914510607719421
v 0.09791681915521622 0.013817238621413708 0.01475806999951601
v 0.09891682118177414 0.007375544868409634 0.016770847141742706
v 0.09891682118177414 0.007375544868409634 0.016770847141742706
v 0.09791681915521622 0.013817238621413708 0.01475806999951601
v 0.09791682660579681 0.010846525430679321 0.016414832323789597
v 0.09791682660579681 0.010846525430679321 0.016414832323789597
v 0.09791682660579681 0.007703562267124653 0.017715517431497574
v 0.09891682118177414 0.007375544868409634 0.016770847141742706
v 0.09891682118177414 0.007375544868409634 0.016770847141742706
v 0.09791682660579681 0.007703562267124653 0.017715517431497574
v 0.09791681170463562 0.004430846776813269 0.01864253729581833
v 0.09891682118177414 0.007375544868409634 0.016770847141742706
v 0.09791681170463562 0.004430846776813269 0.01864253729581833
v 0.09891681373119354 0.0009713246836327016 0.018188493326306343
v 0.09891681373119354 0.0009713246836327016 0.018188493326306343
v 0.09791681170463562 0.004430846776813269 0.01864253729581833
v 0.09791681170463562 0.0010726394830271602 0.01918334700167179
v 0.09891681373119354 0.0009713246836327016 0.018188493326306343
v 0.09791681170463562 0.0010726394830271602 0.01918334700167179
v 0.09891681373119354 -0.002310778945684433 0.01833074353635311
v 0.09791682660579681 -0.002325640991330147 0.019330628216266632
v 0.09891681373119354 -0.002310778945684433 0.01833074353635311
v 0.09791682660579681 -0.002325640991330147 0.019330628216266632
v 0.09891681373119354 -0.0055872052907943726 0.018091004341840744
v 0.09791682660579681 -0.005718043074011803 0.01908240094780922
v 0.09891681373119354 -0.0055872052907943726 0.018091004341840744
v 0.09791682660579681 -0.005718043074011803 0.01908240094780922
v 0.09791682660579681 -0.009058689698576927 0.018442021682858467
v 0.09891681373119354 -0.0055872052907943726 0.018091004341840744
v 0.09791682660579681 -0.009058689698576927 0.018442021682858467
v 0.09891682863235474 -0.01194645557552576 0.016483638435602188
v 0.09891682863235474 -0.01194645557552576 0.016483638435602188
v 0.09791682660579681 -0.009058689698576927 0.018442021682858467
v 0.09791683405637741 -0.012302405200898647 0.017418144270777702
v 0.09891682863235474 -0.01194645557552576 0.016483638435602188
v 0.09791683405637741 -0.012302405200898647 0.017418144270777702
v 0.09891681373119354 -0.017763616517186165 0.013453064486384392
v 0.09891681373119354 -0.017763616517186165 0.013453064486384392
v 0.09791683405637741 -0.012302405200898647 0.017418144270777702
v 0.09791682660579681 -0.015405327081680298 0.016024617478251457
v 0.09791682660579681 -0.015405327081680298 0.016024617478251457
v 0.09791682660579681 -0.018325485289096832 0.014280285686254501
v 0.09891681373119354 -0.017763616517186165 0.013453064486384392
v 0.09891681373119354 -0.017763616517186165 0.013453064486384392
v 0.09791682660579681 -0.018325485289096832 0.014280285686254501
v 0.09791681170463562 -0.021023394539952278 0.012208749540150166
v 0.09891681373119354 -0.017763616517186165 0.013453064486384392
v 0.09791681170463562 -0.021023394539952278 0.012208749540150166
v 0.09891682118177414 -0.02272508107125759 0.009162642993032932
v 0.09791681170463562 -0.021023394539952278 0.012208749540150166
v 0.09791681915521622 -0.02346256747841835 0.009837999008595943
v 0.09891682118177414 -0.02272508107125759 0.009162642993032932
v 0.09891682118177414 -0.02272508107125759 0.009162642993032932
v 0.09791681915521622 -0.02346256747841835 0.009837999008595943
v 0.09791681915521622 -0.025610025972127914 0.0072001139633357525
v 0.09891682118177414 -0.02272508107125759 0.009162642993032932
v 0.09791681915521622 -0.025610025972127914 0.0072001139633357525
v 0.09891681373119354 -0.026563361287117004 0.003843685844913125
v 0.09791681915521622 -0.025610025972127914 0.0072001139633357525
v 0.09791681170463562 -0.027436723932623863 0.004330758936703205
v 0.09891681373119354 -0.026563361287117004 0.003843685844913125
v 0.09891681373119354 -0.026563361287117004 0.003843685844913125
v 0.09791681170463562 -0.027436723932623863 0.004330758936703205
v 0.09791682660579681 -0.028917953372001648 0.0012687355047091842
v 0.09891681373119354 -0.026563361287117004 0.003843685844913125
v 0.09791682660579681 -0.028917953372001648 0.0012687355047091842
v 0.09891681373119354 -0.029071543365716934 -0.0022170688025653362
v 0.09791682660579681 -0.028917953372001648 0.0012687355047091842
v 0.09791682660579681 -0.030033687129616737 -0.0019445415819063783
v 0.09891681373119354 -0.029071543365716934 -0.0022170688025653362
v 0.09891681373119354 -0.029071543365716934 -0.0022170688025653362
v 0.09791682660579681 -0.030033687129616737 -0.0019445415819063783
v 0.09791683405637741 -0.030768845230340958 -0.005265623796731234
v 0.09891681373119354 -0.029071543365716934 -0.0022170688025653362
v 0.09791683405637741 -0.030768845230340958 -0.005265623796731234
v 0.09891682863235474 -0.030114412307739258 -0.008692889474332333
v 0.09791683405637741 -0.030768845230340958 -0.005265623796731234
v 0.09791682660579681 -0.03111347369849682 -0.008649589493870735
v 0.09891682863235474 -0.030114412307739258 -0.008692889474332333
v 0.09891682863235474 -0.030114412307739258 -0.008692889474332333
v 0.09791682660579681 -0.03111347369849682 -0.008649589493870735
v 0.09791682660579681 -0.03106292337179184 -0.012050686404109001
v 0.09891682863235474 -0.030114412307739258 -0.008692889474332333
v 0.09791682660579681 -0.03106292337179184 -0.012050686404109001
v 0.09891683608293533 -0.02963574416935444 -0.01523465383797884
v 0.09891683608293533 -0.02963574416935444 -0.01523465383797884
v 0.09791682660579681 -0.03106292337179184 -0.012050686404109001
v 0.09791682660579681 -0.030617864802479744 -0.01542291697114706
v 0.09891683608293533 -0.02963574416935444 -0.01523465383797884
v 0.09791682660579681 -0.030617864802479744 -0.01542291697114706
v 0.09891681373119354 -0.02766135148704052 -0.021489685401320457
v 0.09891681373119354 -0.02766135148704052 -0.021489685401320457
v 0.09791682660579681 -0.030617864802479744 -0.01542291697114706
v 0.09791682660579681 -0.029784325510263443 -0.018720677122473717
v 0.09791682660579681 -0.029784325510263443 -0.018720677122473717
v 0.09791682660579681 -0.028573578223586082 -0.021899372339248657
v 0.09891681373119354 -0.02766135148704052 -0.021489685401320457
v 0.09891681373119354 -0.02766135148704052 -0.021489685401320457
v 0.09791682660579681 -0.028573578223586082 -0.021899372339248657
v 0.09791683405637741 -0.027001990005373955 -0.024916019290685654
v 0.09891681373119354 -0.02766135148704052 -0.021489685401320457
v 0.09791683405637741 -0.027001990005373955 -0.024916019290685654
v 0.09891682118177414 -0.02429765649139881 -0.027120793238282204
v 0.09891682118177414 -0.02429765649139881 -0.027120793238282204
v 0.09791683405637741 -0.027001990005373955 -0.024916019290685654
v 0.09791681915521622 -0.025090821087360382 -0.027729805558919907
v 0.09891682118177414 -0.02429765649139881 -0.027120793238282204
v 0.09791681915521622 -0.025090821087360382 -0.027729805558919907
v 0.09891682118177414 -0.019726019352674484 -0.03182439133524895
v 0.09891682118177414 -0.019726019352674484 -0.03182439133524895
v 0.09791681915521622 -0.025090821087360382 -0.027729805558919907
v 0.09791681915521622 -0.022865908220410347 -0.030302701517939568
v 0.09791681915521622 -0.022865908220410347 -0.030302701517939568
v 0.09791681915521622 -0.020357351750135422 -0.032599903643131256
v 0.09891682118177414 -0.019726019352674484 -0.03182439133524895
v 0.09891682118177414 -0.019726019352674484 -0.03182439133524895
v 0.09791681915521622 -0.020357351750135422 -0.032599903643131256
v 0.09791682660579681 -0.017599057406187057 -0.03459034860134125
v 0.09891682118177414 -0.019726019352674484 -0.03182439133524895
v 0.09791682660579681 -0.017599057406187057 -0.03459034860134125
v 0.09891680628061295 -0.01419287733733654 -0.03534690663218498
v 0.09791682660579681 -0.017599057406187057 -0.03459034860134125
v 0.09791681915521622 -0.01462834794074297 -0.03624711185693741
v 0.09891680628061295 -0.01419287733733654 -0.03534690663218498
v 0.09891680628061295 -0.01419287733733654 -0.03534690663218498
v 0.09791681915521622 -0.01462834794074297 -0.03624711185693741
v 0.09791681170463562 -0.011485381051898003 -0.037547796964645386
v 0.09891680628061295 -0.01419287733733654 -0.03534690663218498
v 0.09791681170463562 -0.011485381051898003 -0.037547796964645386
v 0.09891682118177414 -0.00799653586000204 -0.03749845176935196
v 0.09891682118177414 -0.00799653586000204 -0.03749845176935196
v 0.09791681170463562 -0.011485381051898003 -0.037547796964645386
v 0.09791682660579681 -0.00821266882121563 -0.03847481682896614
v 0.09891682118177414 -0.00799653586000204 -0.03749845176935196
v 0.09791682660579681 -0.00821266882121563 -0.03847481682896614
v 0.09891681373119354 -0.0014710422838106751 -0.03816301375627518
v 0.09891681373119354 -0.0014710422838106751 -0.03816301375627518
v 0.09791682660579681 -0.00821266882121563 -0.03847481682896614
v 0.09791682660579681 -0.004854461643844843 -0.039015624672174454
v 0.09891681373119354 -0.0014710422838106751 -0.03816301375627518
v 0.09791682660579681 -0.004854461643844843 -0.039015624672174454
v 0.09791681170463562 -0.0014561775606125593 -0.039162907749414444
usemtl material_DefaultMaterial
f 1 2 3
f 4 5 6
f 7 8 9
f 10 11 12
f 13 14 15
f 16 17 18
f 19 20 21
f 22 23 24
f 25 26 27
f 28 29 30
f 31 32 33
f 34 35 36
f 37 38 39
f 40 41 42
f 43 44 45
f 46 47 48
f 49 50 51
f 52 53 54
f 55 56 57
f 58 59 60
f 61 62 63
f 64 65 66
f 67 68 69
f 70 71 72
f 73 74 75
f 76 77 78
f 79 80 81
f 82 83 84
f 85 86 87
f 88 89 90
f 91 92 93
f 94 95 96
f 97 98 99
f 100 101 102
f 103 104 105
f 106 107 108
f 109 110 111
f 112 113 114
f 115 116 117
f 118 119 120
f 121 122 123
f 124 125 126
f 127 128 129
f 130 131 132
f 133 134 135
f 136 137 138
f 139 74 73
f 140 141 142
f 143 144 145
f 146 147 148
f 149 150 151
f 152 153 154
f 155 156 157
f 158 159 160
f 161 162 163
f 164 165 166
f 167 168 169
f 170 171 172
f 173 174 175
f 176 177 178
f 179 180 181
f 182 183 184
f 185 186 187
f 188 189 190
f 191 192 193
f 194 195 196
f 197 198 199
f 200 201 202
f 203 204 205
f 206 207 208
f 209 210 211
f 212 213 214
f 215 216 217
f 218 219 220
f 221 222 223
f 224 225 226
f 227 228 229
f 230 231 232
f 233 234 235
f 236 237 238
f 239 240 241
f 242 243 244
f 245 246 247
f 248 249 250
f 251 252 253
f 254 255 256
f 257 258 259
f 260 261 262
f 263 264 265
f 266 267 268
f 269 270 271
f 272 273 274
f 275 276 277
f 278 279 280
f 281 282 283
f 284 285 286
f 287 288 289
f 290 291 292
f 293 294 295
f 296 297 298
f 299 300 301
f 302 303 304
f 305 306 307
f 308 309 310
f 311 312 313
f 314 315 316
f 317 318 319
f 320 321 322
f 323 324 325
f 326 327 328
f 329 330 331
f 332 333 334
f 335 336 337
f 338 339 340
f 341 342 343
f 344 345 346
f 347 348 349
f 350 351 352
f 353 354 355
f 356 357 358
f 359 360 361
f 362 363 364
f 365 366 367
f 367 366 368
f 369 370 371
f 371 370 372
f 373 374 375
f 376 377 378
f 379 380 381
f 382 383 384
f 385 386 387
f 380 388 381
f 381 388 389
f 390 391 382
f 392 393 394
f 382 395 383
f 396 397 398
f 384 399 382
f 382 399 400
f 382 400 397
f 397 400 401
f 397 401 398
f 387 386 381
f 381 386 402
f 381 402 379
f 396 398 403
f 403 398 404
f 403 404 405
f 405 404 406
f 405 406 407
f 407 406 408
f 407 408 409
f 409 408 410
f 409 410 411
f 411 410 412
f 411 412 413
f 413 412 414
f 413 414 415
f 415 414 416
f 415 416 417
f 417 416 418
f 417 418 419
f 419 418 420
f 419 420 421
f 421 420 422
f 422 420 423
f 422 423 424
f 424 423 425
f 424 425 387
f 387 425 426
f 387 426 385
f 427 428 429
f 430 431 432
f 433 434 435
f 436 437 438
f 439 440 441
f 442 443 444
f 445 446 447
f 448 449 450
f 451 452 453
f 454 455 456
f 457 458 459
f 460 461 462
f 463 464 465
f 466 467 468
f 469 470 471
f 472 473 474
f 475 476 477
f 478 479 480
f 481 482 483
f 484 485 486
f 487 488 489
f 490 491 492
f 493 494 495
f 496 497 498
f 499 500 501
f 502 503 504
f 505 506 507
f 508 509 510
f 511 512 513
f 514 515 516
f 517 518 519
f 520 521 522
f 523 524 525
f 526 527 528
f 529 530 531
f 532 533 534
f 535 536 537
f 538 539 540
f 541 542 543
f 544 545 546
f 547 548 549
f 550 551 552
f 553 554 555
f 556 557 558
f 559 560 561
f 562 563 564
f 565 566 567
f 568 569 570
f 571 572 573
f 574 575 576
f 577 578 579
f 580 581 582
f 583 584 585
f 586 587 588
f 589 590 591
f 592 593 594
f 595 596 597
f 598 599 600
f 601 602 603
f 604 605 606
f 607 608 609
f 610 611 612
f 613 614 615
f 616 617 618
f 619 620 621
f 622 623 624
f 625 626 627
f 628 629 630
f 631 632 633
f 634 635 636
f 637 638 639
f 640 641 642
f 643 644 645
f 646 647 648
f 649 650 651
f 652 653 654
f 655 656 657
f 658 659 660
f 661 662 663
f 664 665 666
f 667 668 669
f 670 671 672
f 673 674 675
f 676 677 678
f 679 680 681
f 682 683 684
f 685 686 687
f 688 689 690
f 691 692 693
f 694 695 696
f 697 698 699
f 700 701 702
f 703 704 705
f 706 707 708
f 709 710 711
f 712 713 714
f 715 716 717
f 718 719 720
f 721 722 723
f 724 725 726
f 727 728 729
f 730 731 732
f 733 734 735
f 736 737 738
f 739 740 741
f 742 743 744
f 745 746 747
f 748 749 750
f 751 752 753
f 754 755 756
f 757 758 759
f 760 761 762
f 763 764 765
f 766 767 768
f 769 770 771
f 772 773 774
f 775 776 777
f 778 779 780
f 781 782 783
f 784 785 786
f 787 788 789
f 790 791 792
f 793 794 795
f 796 797 798
f 799 800 801
f 802 803 804
f 805 806 807
f 808 809 810
f 811 812 813
f 814 815 816
f 817 818 819
f 820 821 822
f 822 821 823
f 824 825 826
f 820 827 821
f 821 827 828
f 821 828 829
f 830 821 831
f 825 824 832
f 832 824 833
f 832 833 834
f 835 836 837
f 838 839 840
f 841 842 843
f 829 844 821
f 821 844 845
f 821 845 831
f 826 846 824
f 824 847 848
f 824 849 823
f 823 849 850
f 823 850 822
f 851 852 853
f 853 852 854
f 853 854 855
f 855 854 856
f 857 858 859
f 851 853 860
f 860 853 861
f 860 861 862
f 831 863 830
f 830 863 864
f 830 864 865
f 864 866 865
f 865 866 867
f 865 867 861
f 861 867 868
f 861 868 862
f 869 870 871
f 871 870 872
f 873 874 875
f 876 877 878
f 879 880 881
f 878 882 872
f 872 882 883
f 872 883 871
f 884 885 886
f 887 888 889
f 873 890 891
f 892 893 894
f 869 895 870
f 896 897 898
f 870 899 900
f 876 878 901
f 901 879 902
f 901 902 903
f 904 905 906
f 892 894 907
f 890 908 891
f 909 910 911
f 891 912 905
f 905 913 914
f 915 916 917
f 894 918 907
f 907 918 919
f 907 919 920
f 920 919 921
f 920 921 875
f 899 922 900
f 900 922 923
f 900 923 924
f 906 925 904
f 904 925 926
f 904 926 927
f 927 926 928
f 927 928 929
f 930 931 932
f 933 934 935
f 935 934 936
f 935 936 902
f 902 936 937
f 902 937 903
f 931 938 932
f 939 940 941
f 932 942 892
f 943 944 945
f 892 945 893
f 946 947 948
f 948 947 924
f 948 924 949
f 949 924 923
f 950 951 952
f 953 954 955
f 955 954 947
f 955 947 956
f 956 947 946
f 957 958 959
f 929 958 960
f 929 960 961
f 961 960 962
f 961 962 963
f 964 965 966
f 966 965 967
f 966 967 932
f 932 967 968
f 969 970 971
f 953 972 954
f 954 972 973
f 954 973 974
f 974 973 975
f 974 975 976
f 975 977 976
f 976 977 978
f 976 978 951
f 951 978 979
f 951 979 952
f 962 980 963
f 963 980 981
f 963 981 982
f 982 981 983
f 982 983 984
f 984 983 985
f 984 985 933
f 933 985 986
f 933 986 934
f 987 988 989
f 990 991 992
f 993 994 995
f 996 997 998
f 999 1000 1001
f 1002 1003 1004
f 1005 1006 1007
f 1008 1009 1010
f 1011 1012 1013
f 1014 1015 1016
f 1017 1018 1019
f 1020 1021 1022
f 1023 1024 1025
f 1026 1027 1028
f 1029 1030 1031
f 1032 1033 1034
f 1035 1036 1037
f 1038 1039 1040
f 1041 1042 1043
f 1044 1045 1046
f 1047 1048 1049
f 1050 1051 1052
f 1053 1054 1055
f 1056 1057 1058
f 1059 1060 1061
f 1062 1063 1064
f 1065 1066 1067
f 1068 1069 1070
f 1071 1072 1073
f 1074 1075 1076
f 1077 1078 1079
f 1080 1068 1070
f 1081 1082 1083
f 1084 1085 1086
f 1087 1088 1089
f 1090 1091 1092
f 1093 1094 1095
f 1096 1097 1098
f 1099 1100 1101
f 1102 1103 1104
f 1105 1106 1107
f 1108 1109 1110
f 1111 1081 1083
f 1112 1113 1114
f 1115 1116 1117
f 1118 1119 1120
f 1121 1122 1123
f 1124 1125 1126
f 1127 1128 1129
f 1130 1131 1132
f 1133 1134 1135
f 1136 1137 1138
f 1139 1140 1141
f 1142 1143 1144
f 1145 1146 1147
f 1148 1149 1150
f 1151 1152 1153
f 1154 1155 1156
f 1157 1158 1159
f 1160 1161 1162
f 1163 1164 1165
f 1166 1167 1168
f 1169 1170 1171
f 1172 1173 1174
f 1175 1176 1177
f 1178 1179 1180
f 1114 1181 1112
f 1182 1154 1156
f 1110 1183 1108
f 1184 1160 1162
f 1104 1185 1102
f 1186 1187 1188
f 1189 1190 1191
f 1192 1193 1194
f 1195 1196 1197
f 1198 1199 1200
f 1201 1202 1203
f 1204 1205 1206
f 1207 1208 1209
f 1210 1211 1212
f 1213 1214 1215
f 1216 1217 1218
f 1219 1220 1221
f 1222 1223 1224
f 1225 1226 1227
f 1228 1229 1230
f 1231 1232 1233
f 1234 1235 1236
f 1237 1238 1239
f 1240 1241 1242
f 1243 1244 1245
f 1246 1247 1248
f 1249 1250 1251
f 1252 1253 1254
f 1208 1255 1209
f 1256 1257 1258
f 1259 1260 1261
f 1262 1263 1264
f 1265 1266 1267
f 1268 1269 1270
f 1271 1272 1273
f 1274 1275 1276
f 1277 1278 1279
f 1280 1281 1282
f 1283 1284 1285
f 1286 1287 1288
f 1289 1290 1291
f 1292 1293 1294
f 1295 1296 1297
f 1298 1299 1300
f 1301 1302 1303
f 1304 1305 1306
f 1307 1308 1309
f 1310 1311 1312
f 1313 1314 1315
f 1229 1316 1230
f 1317 1318 1319
f 1320 1321 1322
f 1323 1324 1325
f 1326 1327 1328
f 1329 1330 1331
f 1332 1333 1334
f 1335 1336 1337
f 1338 1339 1340
f 1341 1342 1343
f 1158 1344 1159
f 1345 1204 1206
f 1164 1346 1165
f 1347 1210 1212
f 1170 1348 1171
f 1349 1216 1218
f 1350 1351 1352
f 1353 1354 1355
f 1356 1357 1358
f 1359 1360 1361
f 1362 1363 1364
f 1365 1366 1367
f 1368 1369 1370
f 1371 1372 1373
f 1374 1375 1376
f 1377 1378 1379
f 1380 1381 1382
f 1383 1384 1385
f 1386 1387 1388
f 1389 1390 1391
f 1392 1393 1394
f 1395 1396 1397
f 1398 1399 1400
f 1401 1402 1403
f 1404 1405 1406
f 1407 1408 1409
f 1410 1411 1412
f 1413 1414 1415
f 1416 1417 1418
f 1419 1420 1421
f 1422 1423 1424
f 1425 1426 1427
f 1428 1429 1430
f 1431 1432 1433
f 1434 1435 1436
f 1437 1438 1439
f 1440 1441 1442
f 1443 1444 1445
f 1446 1447 1448
f 1449 1450 1451
f 1452 1453 1454
f 1455 1456 1457
f 1458 1459 1460
f 1461 1462 1463
f 1464 1465 1466
f 1467 1468 1469
f 1470 1471 1472
f 1473 1474 1475
f 1476 1477 1478
f 1479 1480 1481
f 1482 1483 1484
f 1393 1485 1394
f 1486 1487 1488
f 1489 1490 1491
f 1492 1493 1494
f 1495 1496 1497
f 1498 1499 1500
f 1411 1501 1412
f 1502 1418 1417
f 1503 1504 1505
f 1506 1507 1508
f 1509 1510 1511
f 1512 1513 1514
f 1515 1516 1517
f 1518 1519 1520
f 1521 1522 1523
f 1524 1377 1379
f 1525 1526 1527
f 1528 1529 1530
f 1531 1532 1533
f 1534 1535 1536
f 1537 1538 1539
f 1540 1541 1542
f 1543 1544 1545
f 1546 1547 1548
f 1549 1550 1551
f 1552 1553 1554
f 1555 1556 1557
f 1558 1559 1560
f 1561 1562 1563
f 1564 1565 1566
f 1567 1568 1569
f 1570 1571 1572
f 1573 1574 1575
f 1576 1577 1578
f 1579 1580 1581
f 1582 1583 1584
f 1585 1586 1587
f 1587 1586 1588
f 1589 1590 1591
f 1591 1590 1592
f 1593 1594 1595
f 1595 1594 1596
f 1597 1598 1599
f 1599 1598 1600
f 1601 1602 1603
f 1603 1602 1604
f 1605 1606 1607
f 1608 1609 1610
f 1611 1612 1613
f 1614 1615 1616
f 1616 1615 1617
f 1618 1619 1620
f 1620 1619 1621
f 1622 1623 1624
f 1624 1623 1625
f 1626 1627 1628
f 1628 1627 1629
f 1630 1631 1632
f 1633 1634 1635
f 1636 1637 1638
f 1639 1640 1641
f 1641 1640 1642
f 1643 1644 1645
f 1645 1644 1646
f 1647 1648 1649
f 1649 1648 1650
f 1651 1652 1653
f 1654 1655 1656
f 1657 1658 1659
f 1660 1661 1662
f 1663 1664 1665
f 1666 1667 1668
f 1669 1632 1631
f 1670 1671 1672
f 1673 1653 1652
f 1674 1675 1676
f 1677 1678 1679
f 1680 1681 1682
f 1683 1684 1685
f 1686 1687 1688
f 1689 1690 1691
f 1692 1693 1694
f 1695 1696 1697
f 1698 1699 1700
f 1701 1702 1703
f 1704 1705 1706
f 1707 1708 1709
f 1710 1711 1712
f 1713 1714 1715
f 1716 1717 1718
f 1719 1670 1672
f 1720 1721 1722
f 1723 1724 1725
f 1726 1727 1728
f 1729 1730 1731
f 1732 1733 1734
f 1735 1736 1737
f 1738 1739 1740
f 1741 1742 1743
f 1744 1745 1746
f 1747 1748 1749
f 1750 1751 1752
f 1753 1754 1755
f 1756 1757 1758
f 1759 1760 1761
f 1762 1763 1764
f 1765 1766 1767
f 1768 1769 1770
f 1771 1772 1773
f 1774 1775 1776
f 1777 1778 1779
f 1780 1781 1782
f 1783 1784 1785
f 1786 1787 1788
f 1789 1790 1791
f 1792 1793 1794
f 1795 1796 1797
f 1798 1799 1800
f 1801 1802 1803
f 1804 1805 1806
f 1807 1808 1809
f 1810 1811 1812
f 1813 1814 1815
f 1816 1817 1818
f 1819 1820 1821
f 1822 1823 1824
f 1825 1826 1827
f 1828 1829 1830
f 1831 1832 1833
f 1834 1835 1836
f 1837 1838 1839
f 1840 1841 1842
f 1843 1844 1845
f 1846 1847 1848
f 1849 1850 1851
f 1852 1853 1854
f 1855 1856 1857
f 1858 1859 1860
f 1861 1862 1863
f 1864 1865 1866
f 1867 1868 1869
f 1870 1871 1872
f 1873 1874 1875
f 1876 1877 1878
f 1879 1880 1881
f 1882 1883 1884
f 1885 1886 1887
f 1888 1889 1890
f 1891 1892 1893
f 1894 1895 1896
f 1897 1898 1899
f 1900 1901 1902
f 1903 1904 1905
f 1906 1907 1908
f 1909 1910 1911
f 1912 1913 1914
f 1915 1916 1917
f 1918 1919 1920
f 1921 1922 1923
f 1924 1925 1926
f 1927 1928 1929
f 1930 1931 1932
f 1933 1934 1935
f 1936 1937 1938
f 1939 1940 1941
f 1942 1943 1944
f 1945 1946 1947
f 1948 1949 1950
f 1951 1952 1953
f 1954 1955 1956
f 1957 1958 1959
f 1960 1961 1962
f 1963 1964 1965
f 1966 1967 1968
f 1969 1970 1971
f 1972 1973 1974
f 1975 1976 1977
f 1978 1979 1980
f 1981 1982 1983
f 1984 1985 1986
f 1987 1988 1989
f 1990 1991 1992
f 1993 1994 1995
f 1996 1997 1998
f 1999 2000 2001
f 2002 2003 2004
f 2005 2006 2007
f 2008 2009 2010
f 2011 2012 2013
f 2014 2015 2016
f 2017 2018 2019
f 2020 2021 2022
f 2023 2024 2025
f 2026 2027 2028
f 2029 2030 2031
f 2032 2033 2034
f 2035 2036 2037
f 2038 2039 2040
f 2041 2042 2043
f 2044 2045 2046
f 2047 2048 2049
f 2050 2051 2052
f 2053 2054 2055
f 2056 2057 2058
f 2059 2060 2061
f 2062 2063 2064
f 2065 2066 2067
f 2068 2069 2070
f 2071 2072 2073
f 2074 2075 2076
f 2077 2078 2079
f 2080 2081 2082
f 2083 2084 2085
f 2086 2087 2088
f 2089 2090 2091
f 2092 2093 2094
f 2095 2096 2097
f 2098 2099 2100
f 2101 2102 2103
f 2104 2105 2106
f 2107 2108 2109
f 2110 2111 2112
f 2113 2114 2115
f 2116 2117 2118
f 2119 2120 2121
f 2122 2123 2124
f 2125 2126 2127
f 2128 2129 2130
f 2131 2132 2133
f 2134 2135 2136
f 2137 2138 2139
f 2140 2141 2142
f 2143 2144 2145
f 2146 2147 2148
f 2149 2150 2151
f 2152 2153 2154
f 2155 2156 2157
f 2158 2159 2160
f 2161 2162 2163
f 2164 2165 2166
f 2167 2168 2169
f 2170 2171 2172
f 2173 2174 2175
f 2176 2177 2178
f 2179 2180 2181
f 2182 2183 2184
f 2185 2186 2187
f 2188 2189 2190
f 2191 2192 2193
f 2194 2195 2196
f 2197 2198 2199
f 2200 2201 2202
f 2203 2204 2205
f 2206 2207 2208
f 2209 2210 2211
f 2212 2213 2214
f 2215 2216 2217
f 2218 2219 2220
f 2221 2222 2223
f 2224 2225 2226
f 2227 2228 2229
f 2230 2231 2232
f 2233 2234 2235
f 2236 2237 2238
f 2239 2240 2241
f 2242 2243 2244
f 2245 2246 2247
f 2248 2249 2250
f 2251 2252 2253
f 2254 2255 2256
f 2257 2258 2259
f 2260 2261 2262
f 2263 2264 2265
f 2266 2267 2268
f 2269 2270 2271
f 2272 2273 2274
f 2275 2276 2277
f 2278 2279 2280
f 2281 2282 2283
f 2284 2285 2286
f 2287 2288 2289
f 2290 2291 2292
f 2293 2294 2295
f 2296 2297 2298
f 2299 2300 2301
f 2302 2303 2304
f 2305 2306 2307
f 2308 2309 2310
f 2311 2312 2313
f 2314 2315 2316
f 2317 2318 2319
f 2320 2321 2322
f 2323 2324 2325
f 2326 2327 2328
f 2329 2330 2331
f 2332 2333 2334
f 2335 2336 2337
f 2338 2339 2340
f 2341 2342 2343
f 2344 2345 2346
f 2347 2348 2349
f 2350 2351 2352
f 2353 2354 2355
f 2356 2357 2358
f 2359 2360 2361
f 2362 2363 2364
f 2365 2366 2367
f 2368 2369 2370
f 2371 2372 2373
f 2374 2375 2376
f 2377 2378 2379
f 2380 2381 2382
f 2383 2384 2385
f 2386 2387 2388
f 2389 2390 2391
f 2392 2393 2394
f 2395 2396 2397
f 2398 2399 2400
f 2401 2402 2403
f 2404 2405 2406
f 2407 2408 2409
f 2410 2411 2412
f 2413 2414 2415
f 2416 2417 2418
f 2419 2420 2421
f 2422 2423 2424
f 2425 2426 2427
f 2428 2429 2430
f 2431 2432 2433
f 2434 2435 2436
f 2437 2438 2439
f 2440 2441 2442
f 2443 2444 2445
f 2446 2447 2448
f 2449 2450 2451
f 2452 2453 2454
f 2455 2456 2457
f 2458 2459 2460
f 2461 2462 2463
f 2464 2465 2466
f 2467 2468 2469
f 2470 2471 2472
f 2473 2474 2475
f 2476 2477 2478
f 2479 2480 2481
f 2482 2483 2484
f 2485 2486 2487
f 2488 2489 2490
f 2491 2492 2493
f 2494 2495 2496
f 2497 2498 2499
f 2500 2501 2502
f 2503 2504 2505
f 2506 2507 2508
f 2509 2510 2511
f 2512 2513 2514
f 2515 2516 2517
f 2518 2519 2520
f 2521 2522 2523
f 2524 2525 2526
f 2527 2528 2529
f 2530 2531 2532
f 2533 2534 2535
f 2536 2537 2538
f 2539 2540 2541
f 2542 2543 2544
f 2545 2546 2547
f 2548 2549 2550
f 2551 2552 2553
f 2554 2555 2556
f 2557 2558 2559
f 2560 2561 2562
f 2563 2564 2565
f 2566 2567 2568
f 2569 2570 2571
f 2572 2573 2574
f 2575 2576 2577
f 2578 2579 2580
f 2581 2582 2583
f 2584 2585 2586
f 2587 2588 2589
f 2590 2591 2592
f 2593 2594 2595
f 2596 2597 2598
f 2599 2600 2601
f 2602 2603 2604
f 2605 2606 2607
f 2608 2609 2610
f 2611 2612 2613
f 2614 2615 2616
f 2617 2618 2619
f 2620 2621 2622
f 2623 2624 2625
f 2626 2627 2628
f 2629 2630 2631
f 2632 2633 2634
f 2635 2636 2637
f 2638 2639 2640
f 2641 2642 2643
f 2644 2645 2646
f 2647 2648 2649
f 2650 2651 2652
f 2653 2654 2655
f 2656 2657 2658
f 2659 2660 2661
f 2662 2663 2664
f 2665 2666 2667
f 2668 2669 2670
f 2671 2672 2673
f 2674 2675 2676
f 2677 2678 2679
f 2680 2681 2682
f 2683 2684 2685
f 2686 2687 2688
f 2689 2690 2691
f 2692 2693 2694
f 2695 2696 2697
f 2698 2699 2700
f 2701 2702 2703
f 2704 2705 2706
f 2707 2708 2709
f 2710 2711 2712
f 2713 2714 2715
f 2716 2717 2718
f 2719 2720 2721
f 2722 2723 2724
f 2725 2726 2727
f 2728 2729 2730
f 2731 2732 2733
f 2734 2735 2736
f 2737 2738 2739
f 2740 2741 2742
f 2743 2744 2745
f 2746 2747 2748
f 2749 2750 2751
f 2752 2753 2754
f 2755 2756 2757
f 2758 2759 2760
f 2761 2762 2763
f 2764 2765 2766
f 2767 2768 2769
f 2770 2771 2772
f 2773 2774 2775
f 2776 2777 2778
f 2779 2780 2781
f 2782 2783 2784
f 2785 2786 2787
f 2788 2789 2790
f 2791 2792 2793
f 2794 2795 2796
f 2797 2798 2799
f 2800 2801 2802
f 2803 2804 2805
f 2806 2807 2808
f 2809 2810 2811
f 2812 2813 2814
f 2815 2816 2817
f 2818 2819 2820
f 2821 2822 2823
f 2824 2825 2826
f 2827 2828 2829
f 2830 2831 2832
f 2833 2834 2835
f 2836 2837 2838
f 2839 2840 2841
f 2842 2843 2844
f 2845 2846 2847
f 2848 2849 2850
f 2851 2852 2853
f 2854 2855 2856
f 2857 2858 2859
f 2860 2861 2862
f 2863 2864 2865
f 2866 2867 2868
f 2869 2870 2871
f 2872 2873 2874
f 2875 2876 2877
f 2878 2879 2880
f 2881 2882 2883
f 2884 2885 2886
f 2887 2888 2889
f 2889 2888 2890
f 2891 2892 2893
f 2893 2892 2894
f 2893 2894 2895
f 2896 2897 2898
f 2899 2900 2901
f 2902 2903 2904
f 2905 2906 2907
f 2908 2909 2910
f 2911 2912 2913
f 2914 2915 2916
f 2917 2918 2919
f 2920 2921 2922
f 2923 2924 2925
f 2926 2927 2928
f 2929 2930 2931
f 2932 2933 2934
f 2935 2936 2937
f 2938 2939 2940
f 2941 2942 2943
f 2944 2945 2946
f 2947 2948 2949
f 2950 2951 2952
f 2953 2954 2955
f 2956 2957 2958
f 2959 2960 2961
f 2962 2963 2964
f 2965 2966 2967
f 2966 2968 2967
f 2969 2970 2971
f 2969 2971 2972
f 2973 2974 2975
f 2973 2975 2976
f 2977 2978 2979
f 2977 2979 2980
f 2981 2982 2983
f 2981 2983 2984
f 2985 2986 2987
f 2985 2987 2988
f 2989 2990 2991
f 2989 2991 2992
f 2993 2994 2995
f 2993 2995 2996
f 2997 2998 2999
f 2997 2999 3000
f 3001 3002 3003
f 3001 3003 3004
f 3005 3006 3007
f 3005 3007 3008
f 3009 3010 3011
f 3009 3011 3012
f 3013 3014 3015
f 3013 3015 3016
f 3017 3018 3019
f 3017 3019 3020
f 3021 3022 3023
f 3021 3023 3024
f 3025 3026 3027
f 3025 3027 3028
f 3029 3030 3031
f 3029 3031 3032
f 3033 3034 3035
f 3033 3035 3036
f 3037 3038 3039
f 3037 3039 3040
f 3041 3042 3043
f 3041 3043 3044
f 3045 3046 3047
f 3045 3047 3048
f 3049 3050 3051
f 3049 3051 3052
f 3053 3054 3055
f 3053 3055 3056
f 3057 3058 3059
f 3057 3059 3060
f 3061 3062 3063
f 3061 3063 3064
f 3065 2962 2964
f 3066 3067 3068
f 3066 3068 3069
f 3070 3071 3068
f 3068 3071 3072
f 3068 3072 3069
f 3073 3074 3068
f 3068 3074 3075
f 3068 3075 3070
f 3076 3077 3068
f 3068 3077 3078
f 3068 3078 3073
f 3079 3080 3068
f 3068 3080 3081
f 3068 3081 3076
f 3082 3083 3068
f 3068 3083 3084
f 3068 3084 3079
f 3085 3086 3068
f 3068 3086 3087
f 3068 3087 3082
f 3088 3089 3068
f 3068 3089 3090
f 3068 3090 3085
f 3067 3091 3068
f 3068 3091 3092
f 3068 3092 3088
f 3093 3094 3095
f 3096 3097 3098
f 3099 3100 3101
f 3102 3103 3104
f 3105 3106 3107
f 3108 3109 3110
f 3111 3112 3113
f 3114 3115 3116
f 3117 3118 3119
f 3120 3121 3122
f 3123 3124 3125
f 3126 3127 3128
f 3129 3130 3131
f 3132 3133 3134
f 3135 3136 3137
f 3138 3139 3140
f 3141 3142 3143
f 3144 3145 3146
f 3147 3148 3149
f 3150 3151 3152
f 3153 3154 3155
f 3156 3157 3158
f 3159 3160 3161
f 3162 3163 3164
f 3165 3166 3167
f 3168 3169 3170
f 3171 3172 3173
f 3174 3175 3176
f 3177 3178 3179
f 3180 3181 3182
f 3183 3184 3185
f 3186 3187 3188
f 3189 3190 3191
f 3192 3193 3194
f 3195 3196 3197
f 3198 3199 3200
f 3201 3202 3203
f 3204 3205 3206
f 3207 3208 3209
f 3210 3211 3212
f 3213 3214 3215
f 3216 3217 3218
f 3219 3220 3221
f 3222 3223 3224
f 3225 3226 3227
f 3228 3229 3230
f 3231 3232 3233
f 3234 3235 3236
f 3237 3238 3239
f 3240 3241 3242
f 3243 3244 3245
f 3246 3247 3248
f 3249 3250 3251
f 3252 3253 3254
f 3255 3256 3257
f 3258 3259 3260
f 3261 3262 3263
f 3264 3265 3266
f 3267 3268 3269
f 3270 3271 3272
f 3273 3274 3275
f 3276 3277 3278
f 3279 3280 3281
f 3282 3283 3284
f 3285 3286 3287
f 3288 3289 3290
f 3291 3292 3293
f 3294 3295 3296
f 3297 3298 3299
f 3300 3301 3302
f 3303 3304 3305
f 3306 3307 3308
f 3309 3310 3311
f 3312 3313 3314
f 3315 3316 3317
f 3318 3319 3320
f 3321 3322 3323
f 3324 3325 3326
f 3327 3328 3329
f 3330 3331 3332
f 3333 3334 3335
f 3336 3337 3338
f 3339 3340 3341
f 3342 3343 3344
f 3345 3346 3347
f 3348 3349 3350
f 3351 3352 3353
f 3354 3355 3356
f 3357 3358 3359
f 3360 3361 3362
f 3363 3364 3365
f 3366 3367 3368
f 3369 3370 3371
f 3372 3373 3374
f 3375 3376 3377
f 3378 3379 3380
f 3381 3382 3383
f 3384 3385 3386
f 3387 3388 3389
f 3390 3391 3392
f 3393 3394 3395
f 3396 3397 3398
f 3399 3400 3401
f 3402 3403 3404
f 3405 3406 3407
f 3408 3409 3410
f 3411 3412 3413
f 3414 3415 3416
f 3417 3418 3419
f 3420 3421 3422
f 3423 3424 3425
f 3426 3427 3428
f 3429 3430 3431
f 3432 3433 3434
f 3435 3436 3437
f 3438 3439 3440
f 3441 3442 3443
f 3444 3445 3446
f 3447 3448 3449
f 3450 3451 3452
f 3453 3454 3455
f 3456 3457 3458
f 3459 3460 3461
f 3462 3463 3464
f 3465 3466 3467
f 3468 3469 3470
f 3471 3472 3473
f 3474 3475 3476
f 3477 3478 3479
f 3480 3481 3482
f 3483 3484 3485
f 3486 3487 3488
f 3489 3490 3491
f 3492 3493 3494
f 3495 3496 3497
f 3498 3499 3500
f 3501 3502 3503
f 3504 3505 3506
f 3507 3508 3509
f 3510 3511 3512
f 3513 3514 3515
f 3516 3517 3518
f 3519 3520 3521
f 3522 3523 3524
f 3525 3526 3527
f 795 3528 793
f 3529 3530 3531
f 3532 3533 3534
f 3535 3536 3537
f 3538 3539 3540
f 3541 3542 3543
f 3544 3545 3546
f 3547 3548 3549
f 3550 3551 3552
f 3553 3554 3555
f 3556 3557 3558
f 3559 3560 3561
f 3562 3563 3564
f 3565 3566 3567
f 3568 3569 3570
f 3571 3572 3573
f 3574 3575 3576
f 3577 3578 3579
f 3580 3581 3582
f 3583 3584 3585
f 3586 3587 3588
f 3589 3590 3591
f 3592 3593 3594
f 3595 3596 3597
f 3598 3599 3600
f 3601 3602 3603
f 3604 3605 3606
f 3607 3608 3609
f 3610 3611 3612
f 3613 3614 3615
f 3616 3617 3618
f 3619 3620 3621
f 3622 3623 3624
f 3625 3626 3627
f 3628 3629 3630
f 3631 3632 3633
f 3634 3635 3636
f 3637 3638 3639
f 3640 3641 3642
f 3643 3644 3645
f 3646 3647 3648
f 3649 3650 3651
f 3652 3653 3654
f 3655 3656 3657
f 3658 3659 3660
f 3661 3662 3663
f 3664 3665 3666
f 3667 3668 3669
f 3670 3671 3672
f 3673 3674 3675
f 3676 3677 3678
f 3679 3680 3681
f 3682 3683 3684
f 3685 3686 3687
f 3688 3689 3690
f 3691 3692 3693
f 3694 3695 3696
f 3697 3698 3699
f 3700 3701 3702
f 3703 3704 3705
f 3706 3707 3708
f 3709 3710 3711
f 3712 3713 3714
f 3715 3716 3717
f 3718 3719 3720
f 3721 3722 3723
f 3724 3725 3726
f 3727 3728 3729
f 3730 3731 3732
f 3733 3734 3735
f 3736 3737 3738
f 3739 3740 3741
f 3742 3743 3744
f 3745 3746 3747
f 3748 3749 3750
f 3751 3752 3753
f 3754 3755 3756
f 3757 3758 3759
f 3760 3761 3762
f 3763 3764 3765
f 3766 3767 3768
f 3769 3770 3771
f 3772 3773 3774
f 3775 3776 3777
f 3778 3779 3780
f 3781 3782 3783
f 3781 3783 3784
f 3785 3786 3787
f 3785 3787 3788
f 3789 3790 3791
f 3789 3791 3792
f 3793 3794 3795
f 3793 3795 3796
f 3797 3798 3799
f 3797 3799 3800
f 3801 3802 3803
f 3801 3803 3804
f 3805 3806 3807
f 3805 3807 3808
f 3809 3810 3811
f 3809 3811 3812
f 3813 3814 3815
f 3813 3815 3816
f 3817 3818 3819
f 3817 3819 3820
f 3821 3822 3823
f 3821 3823 3824
f 3825 3826 3827
f 3828 3829 3830
f 3831 3832 3833
f 3831 3833 3834
f 3835 3836 3837
f 3835 3837 3838
f 3839 3840 3841
f 3839 3841 3842
f 3843 3844 3845
f 3843 3845 3846
f 3847 3848 3849
f 3850 3851 3852
f 3853 3854 3855
f 3856 3857 3858
f 3859 3860 3861
f 3862 3863 3864
f 3865 3866 3867
f 3868 3869 3870
f 3871 3872 3873
f 3874 3875 3876
f 3877 3878 3879
f 3880 3881 3882
f 3883 3884 3885
f 3883 3885 3886
f 3887 3888 3889
f 3887 3889 3890
f 3891 3892 3893
f 3891 3893 3894
f 3895 3896 3897
f 3895 3897 3898
f 3899 3900 3901
f 3902 3903 3904
f 3905 3906 3907
f 3908 3909 3910
f 3911 3912 3913
f 3914 3915 3916
f 3917 3918 3919
f 3920 3921 3922
f 3923 3924 3925
f 3926 3927 3928
f 3928 3927 3929
f 3928 3929 3930
f 3930 3931 3928
f 3928 3931 3932
f 3928 3932 3925
f 3925 3932 3933
f 3925 3933 3923
f 3926 3934 3927
f 3927 3934 3935
f 3927 3935 3936
f 3936 3937 3927
f 3927 3937 3938
f 3927 3938 3939
f 3940 3941 3942
f 3942 3941 3943
f 3944 3945 3946
f 3947 3948 3949
f 3950 3951 3952
f 3953 3954 3955
f 3956 3957 3958
f 3959 3960 3961
f 3962 3963 3964
f 3965 3966 3967
f 3968 3969 3970
f 3971 3972 3973
f 3974 3975 3976
f 3977 3978 3979
f 3980 3981 3982
f 3983 3984 3985
f 3986 3987 3988
f 3989 3990 3991
f 3992 3993 3994
f 3995 3996 3997
f 3998 3999 4000
f 4001 4002 4003
f 4004 4005 4006
f 4007 4008 4009
f 4010 4011 4012
f 4013 4014 4015
f 4016 4017 4018
f 4019 4020 4021
f 4022 4023 4024
f 4025 4026 4027
f 4028 4029 4030
f 4031 4032 4033
f 4034 4035 4036
f 4037 4038 4039
f 4040 4041 4042
f 4043 4044 4045
f 4046 4047 4048
f 4049 4050 4051
f 4052 4053 4054
f 4055 4056 4057
f 4058 4059 4060
f 4061 4062 4063
f 4064 4065 4066
f 4067 4068 4069
f 4070 4071 4072
f 4073 4074 4075
f 4076 4077 4078
f 4079 4080 4081
f 4082 4083 4084
f 4085 4086 4087
f 4088 4089 4090
f 4091 4092 4093
f 4094 4095 4096
f 4097 4098 4099
f 4100 4101 4102
f 4103 4104 4105
f 4106 4107 4108
f 4109 4110 4111
f 4112 4113 4114
f 4115 4116 4117
f 4118 4119 4120
f 4121 4122 4123
f 4124 4125 4126
f 4127 4128 4129
f 4130 4131 4132
f 4133 4134 4135
f 4136 4137 4138
f 4139 4140 4141
f 4142 4143 4144
f 4145 4146 4147
f 4148 4149 4150
f 4151 4152 4153
f 4154 4155 4156
f 4157 4158 4159
f 4160 4161 4162
f 4163 4164 4165
f 4166 4167 4168
f 4169 4170 4171
f 4172 4173 4174
f 4175 4176 4177
f 4178 4179 4180
f 4181 4182 4183
f 4184 4185 4186
f 4187 4188 4189
f 4190 4191 4192
f 4193 4194 4192
f 4192 4194 4195
f 4192 4195 4190
f 4196 4197 4192
f 4192 4197 4198
f 4192 4198 4193
f 4199 4200 4192
f 4192 4200 4201
f 4192 4201 4196
f 4202 4203 4192
f 4192 4203 4204
f 4192 4204 4199
f 4205 4206 4192
f 4192 4206 4207
f 4192 4207 4202
f 4208 4209 4192
f 4192 4209 4210
f 4192 4210 4205
f 4191 4211 4192
f 4192 4211 4212
f 4192 4212 4208
f 4213 4214 4215
f 4216 4217 4218
f 4216 4218 4219
f 4220 4221 4222
f 4220 4222 4223
f 4224 4225 4226
f 4224 4226 4227
f 4228 4229 4230
f 4228 4230 4231
f 4232 4233 4234
f 4232 4234 4235
f 4236 4237 4238
f 4236 4238 4239
f 4240 4241 4242
f 4240 4242 4243
f 4244 4245 4246
f 4244 4246 4247
f 4248 4249 4250
f 4248 4250 4251
f 4252 4253 4254
f 4252 4254 4255
f 4256 4257 4258
f 4256 4258 4259
f 4260 4261 4262
f 4260 4262 4263
f 4264 4265 4266
f 4264 4266 4267
f 4268 4269 4270
f 4268 4270 4271
f 4272 4273 4274
f 4272 4274 4275
f 4276 4277 4278
f 4276 4278 4279
f 4280 4281 4282
f 4280 4282 4283
f 4284 4285 4286
f 4284 4286 4287
f 4288 4289 4290
f 4288 4290 4291
f 4292 4293 4294
f 4292 4294 4295
f 4296 4297 4298
f 4296 4298 4299
f 4213 4300 4214
f 4301 4302 4303
f 4304 4305 4306
f 4306 4305 4307
f 4306 4307 4308
f 4308 4307 4309
f 4308 4309 4310
f 4310 4309 4311
f 4310 4311 4312
f 4312 4311 4313
f 4312 4313 4314
f 4301 4315 4302
f 4302 4315 4316
f 4302 4316 4317
f 4317 4316 4318
f 4317 4318 4319
f 4319 4318 4320
f 4319 4320 4321
f 4321 4320 4322
f 4321 4322 4323
f 4324 4325 4326
f 4326 4325 4327
f 4326 4327 4328
f 4328 4327 4329
f 4328 4329 4330
f 4330 4329 4331
f 4330 4331 4303
f 4303 4331 4332
f 4303 4332 4301
f 4313 4333 4314
f 4314 4333 4334
f 4314 4334 4335
f 4335 4334 4336
f 4335 4336 4337
f 4337 4336 4338
f 4337 4338 4339
f 4339 4338 4340
f 4339 4340 4324
f 4324 4340 4341
f 4324 4341 4325
f 4322 4342 4323
f 4323 4342 4343
f 4323 4343 4344
f 4344 4343 4345
f 4344 4345 4346
f 4346 4345 4347
f 4346 4347 4348
f 4348 4347 4349
f 4348 4349 4304
f 4304 4349 4350
f 4304 4350 4305
f 4351 4352 4353
f 4354 4355 4356
f 4357 4358 4359
f 4360 4361 4362
f 4363 4364 4365
f 4366 4367 4368
f 4369 4370 4371
f 4372 4373 4374
f 4375 4376 4377
f 4378 4379 4380
f 4381 4382 4383
f 4384 4385 4386
f 4387 4388 4389
f 4390 4391 4392
f 4393 4394 4395
f 4396 4397 4398
f 4399 4400 4401
f 4402 4403 4404
f 4405 4406 4407
f 4408 4409 4410
f 4411 4412 4413
f 4414 4415 4416
f 4417 4418 4419
f 4420 4421 4422
f 4423 4424 4425
f 4426 4427 4428
f 4429 4430 4431
f 4432 4433 4434
f 4435 4436 4437
f 4438 4439 4440
f 4441 4442 4443
f 4444 4445 4446
f 4447 4448 4449
f 4450 4451 4452
f 4453 4454 4455
f 4456 4457 4458
f 4459 4460 4461
f 4462 4463 4464
f 4465 4466 4467
f 4468 4469 4470
f 4470 4469 4471
f 4472 4473 4474
f 4473 4475 4474
f 4476 4477 4478
f 4479 4480 4481
f 4482 4483 4484
f 4485 4486 4487
f 4488 4489 4490
f 4491 4492 4493
f 4494 4495 4496
f 4497 4498 4499
f 4500 4501 4502
f 4503 4504 4505
f 4506 4507 4508
f 4509 4510 4511
f 4512 4513 4514
f 4515 4516 4517
f 4518 4519 4520
f 4521 4522 4523
f 4524 4525 4526
f 4527 4528 4529
f 4530 4531 4532
f 4533 4534 4535
f 4536 4537 4538
f 4539 4540 4541
f 4542 4543 4544
f 4545 4546 4547
f 4548 4549 4550
f 4551 4552 4553
f 4554 4555 4556
f 4557 4558 4559
f 4560 4561 4562
f 4563 4564 4565
f 4566 4567 4568
f 4569 4570 4571
f 4572 4573 4574
f 4575 4576 4577
f 4578 4579 4580
f 4581 4582 4583
f 4584 4585 4586
f 4587 4588 4589
f 4590 4591 4592
