mtllib right_shoulder_yaw_link_visuals.mtl
v 7.621306576766074e-05 -0.02247830480337143 -0.053592510521411896
v 7.610987813677639e-05 0.02621239423751831 -0.053592756390571594
v 1.0328612006560434e-05 0.02621239423751831 -0.05258964002132416
v 7.621306576766074e-05 -0.02247830480337143 -0.053592510521411896
v 1.0328612006560434e-05 0.02621239423751831 -0.05258964002132416
v 1.0435985132062342e-05 -0.02247830480337143 -0.05258963257074356
v 1.0435985132062342e-05 -0.02247830480337143 -0.05258963257074356
v 1.0328612006560434e-05 0.02621239423751831 -0.05258964002132416
v -2.9697644094994757e-06 0.026212498545646667 -0.05125484988093376
v 1.0435985132062342e-05 -0.02247830480337143 -0.05258963257074356
v -2.9697644094994757e-06 0.026212498545646667 -0.05125484988093376
v -2.8414367534423945e-06 -0.022478297352790833 -0.051254890859127045
v -2.768136255326681e-06 -0.022490575909614563 -0.05026204138994217
v -2.8414367534423945e-06 -0.022478297352790833 -0.051254890859127045
v -2.9697644094994757e-06 0.026212498545646667 -0.05125484988093376
v 1.6907931694731815e-06 -0.03198625147342682 0.03157387301325798
v 3.495959617794142e-06 -0.03310637176036835 0.029283015057444572
v 3.276477855251869e-06 -0.023999996483325958 0.03157385438680649
v 3.276477855251869e-06 -0.023999996483325958 0.03157385438680649
v 3.495959617794142e-06 -0.03310637176036835 0.029283015057444572
v 2.690226892809733e-06 -0.03290649875998497 0.023364780470728874
v 3.276477855251869e-06 -0.023999996483325958 0.03157385438680649
v 2.690226892809733e-06 -0.03290649875998497 0.023364780470728874
v 9.457312444283161e-07 -0.024000003933906555 -5.894544408135971e-09
v 1.56307328325056e-06 -0.03249504044651985 0.008108941838145256
v 9.457312444283161e-07 -0.024000003933906555 -5.894544408135971e-09
v 1.56307328325056e-06 -0.03249504044651985 0.008108941838145256
v 3.3702160635584733e-06 -0.032344747334718704 0.003923011478036642
v 4.406650532473577e-06 -0.024280525743961334 -0.03615730255842209
v -2.050031753242365e-06 -0.023350829258561134 -0.0405641570687294
v -1.4450905609919573e-06 0.026916513219475746 -0.030867336317896843
v 1.3625350447910023e-07 0.03048444166779518 -0.009337753057479858
v 5.000274541089311e-06 0.0310098584741354 -0.004218637943267822
v 8.395970212404791e-07 0.023999996483325958 2.918916885974454e-09
v 8.395970212404791e-07 0.023999996483325958 2.918916885974454e-09
v 5.000274541089311e-06 0.0310098584741354 -0.004218637943267822
v 8.134480253829679e-07 0.03131652623414993 -0.0001398476742906496
v 8.395970212404791e-07 0.023999996483325958 2.918916885974454e-09
v 8.134480253829679e-07 0.03131652623414993 -0.0001398476742906496
v 3.927979378204327e-06 0.03157469257712364 0.00392393721267581
v -2.4001271867746254e-06 -0.022752609103918076 -0.045286960899829865
v 2.983544391099713e-06 0.03214985877275467 0.029282987117767334
v 2.1878815914533334e-06 0.03096010535955429 0.03157369792461395
v 2.827496928148321e-06 0.032137397676706314 0.02717006206512451
v 2.827496928148321e-06 0.032137397676706314 0.02717006206512451
v 2.1878815914533334e-06 0.03096010535955429 0.03157369792461395
v 3.1703407330496702e-06 0.023999996483325958 0.031573716551065445
v 2.827496928148321e-06 0.032137397676706314 0.02717006206512451
v 3.1703407330496702e-06 0.023999996483325958 0.031573716551065445
v 1.7211964404850733e-06 0.031899258494377136 0.012178554199635983
v 8.395970212404791e-07 0.023999996483325958 2.918916885974454e-09
v 1.3569847396865953e-06 0.03172885999083519 0.007238372694700956
v 1.3569847396865953e-06 0.03172885999083519 0.007238372694700956
v 8.395970212404791e-07 0.023999996483325958 2.918916885974454e-09
v 3.927979378204327e-06 0.03157469257712364 0.00392393721267581
v -2.3780055471434025e-06 0.02620391920208931 -0.04352661594748497
v -1.9977496776846237e-06 0.026284044608473778 -0.03837300464510918
v -2.050031753242365e-06 -0.023350829258561134 -0.0405641570687294
v -2.050031753242365e-06 -0.023350829258561134 -0.0405641570687294
v -1.9977496776846237e-06 0.026284044608473778 -0.03837300464510918
v 5.344359124137554e-06 0.026410840451717377 -0.03615720570087433
v -2.050031753242365e-06 -0.023350829258561134 -0.0405641570687294
v 5.344359124137554e-06 0.026410840451717377 -0.03615720570087433
v -1.4450905609919573e-06 0.026916513219475746 -0.030867336317896843
v -1.4450905609919573e-06 0.026916513219475746 -0.030867336317896843
v -1.350945694866823e-06 0.02708941139280796 -0.02958209626376629
v 4.406650532473577e-06 -0.024280525743961334 -0.03615730255842209
v -8.698063993506366e-07 0.028181521221995354 -0.023033006116747856
v 4.406650532473577e-06 -0.024280525743961334 -0.03615730255842209
v -8.698063993506366e-07 0.028181521221995354 -0.023033006116747856
v -1.4920776720828144e-06 -0.025108814239501953 -0.03305469825863838
v -1.4920776720828144e-06 -0.025108814239501953 -0.03305469825863838
v -8.698063993506366e-07 0.028181521221995354 -0.023033006116747856
v -3.9273339780265815e-07 0.029379963874816895 -0.016538351774215698
v -9.67543314800423e-07 -0.027211066335439682 -0.026016179472208023
v 1.3625350447910023e-07 0.03048444166779518 -0.009337753057479858
v -7.456142725459358e-07 -0.028107749298214912 -0.023036662489175797
v -6.333515898404585e-07 -0.028545038774609566 -0.021527443081140518
v 3.3702160635584733e-06 -0.032344747334718704 0.003923011478036642
v 7.823814485163894e-07 -0.03195463865995407 -0.0024475776590406895
v 9.457312444283161e-07 -0.024000003933906555 -5.894544408135971e-09
v 7.823814485163894e-07 -0.03195463865995407 -0.0024475776590406895
v 3.5646161222757655e-07 -0.031374458223581314 -0.008199247531592846
v 2.7207792641092965e-07 -0.03121774271130562 -0.0093384413048625
v -1.3289964329032955e-07 -0.03024083934724331 -0.014797124080359936
v -5.544617351915804e-07 -0.028842443600296974 -0.020466525107622147
v 0.03187590092420578 -0.022478235885500908 -0.10923951119184494
v 0.031875792890787125 0.02621247060596943 -0.10923951119184494
v 0.030826915055513382 -0.022478235885500908 -0.10742831975221634
v 0.030826762318611145 0.02621247060596943 -0.10742824524641037
v -0.022683998569846153 -0.0186131801456213 -0.07417222857475281
v -0.024569641798734665 -0.016463937237858772 -0.07433418184518814
v -0.023829083889722824 -0.016496960073709488 -0.0808180719614029
v -0.021725844591856003 -0.01966058649122715 -0.0361572727560997
v -0.02161465957760811 -0.018985096365213394 -0.041948895901441574
v -0.019096560776233673 -0.020362339913845062 -0.04186117649078369
v -0.023630712181329727 -0.01819480024278164 -0.03615570068359375
v -0.023831922560930252 -0.01801779679954052 -0.0361553393304348
v -0.023878896608948708 -0.01725723035633564 -0.04200692102313042
v -0.012430349364876747 -0.02247774973511696 -0.06252408027648926
v -0.010336709208786488 -0.02247811108827591 -0.05966229364275932
v -0.015584468841552734 -0.021617332473397255 -0.06087383255362511
v -0.005256968550384045 -0.02247784659266472 -0.054659001529216766
v -0.004387684632092714 -0.02247575856745243 -0.05392663925886154
v -0.01001228392124176 -0.02217637374997139 -0.05424010753631592
v -0.004387684632092714 -0.02247575856745243 -0.05392663925886154
v -0.005256968550384045 -0.02247784659266472 -0.054659001529216766
v -0.002307078568264842 -0.02247742936015129 -0.052574727684259415
v -0.012430349364876747 -0.02247774973511696 -0.06252408027648926
v -0.015584468841552734 -0.021617332473397255 -0.06087383255362511
v -0.01431531272828579 -0.02247813530266285 -0.06581486016511917
v -0.01431531272828579 -0.02247813530266285 -0.06581486016511917
v -0.015584468841552734 -0.021617332473397255 -0.06087383255362511
v -0.0157460980117321 -0.02247820608317852 -0.06911564618349075
v -0.0157460980117321 -0.02247820608317852 -0.06911564618349075
v -0.015584468841552734 -0.021617332473397255 -0.06087383255362511
v -0.018252762034535408 -0.020689263939857483 -0.06100589409470558
v -0.0157460980117321 -0.02247820608317852 -0.06911564618349075
v -0.018252762034535408 -0.020689263939857483 -0.06100589409470558
v -0.016791731119155884 -0.02247844822704792 -0.0724806860089302
v -0.017254149541258812 -0.022454002872109413 -0.08676151186227798
v -0.017285410314798355 -0.02247811295092106 -0.08643024414777756
v -0.01772366836667061 -0.022478945553302765 -0.08285745233297348
v -0.017285410314798355 -0.02247811295092106 -0.08643024414777756
v -0.017254149541258812 -0.022454002872109413 -0.08676151186227798
v -0.01647445745766163 -0.022478723898530006 -0.08988615870475769
v -0.017254149541258812 -0.022454002872109413 -0.08676151186227798
v -0.016557415947318077 -0.022393399849534035 -0.08992049843072891
v -0.01647445745766163 -0.022478723898530006 -0.08988615870475769
v -0.01647445745766163 -0.022478723898530006 -0.08988615870475769
v -0.016557415947318077 -0.022393399849534035 -0.08992049843072891
v -0.015628362074494362 -0.02223789133131504 -0.0929981991648674
v -0.01647445745766163 -0.022478723898530006 -0.08988615870475769
v -0.015628362074494362 -0.02223789133131504 -0.0929981991648674
v -0.015305916778743267 -0.022478915750980377 -0.09321513026952744
v -0.015305916778743267 -0.022478915750980377 -0.09321513026952744
v -0.015628362074494362 -0.02223789133131504 -0.0929981991648674
v -0.0144569743424654 -0.021979525685310364 -0.09595830738544464
v -0.015305916778743267 -0.022478915750980377 -0.09321513026952744
v -0.0144569743424654 -0.021979525685310364 -0.09595830738544464
v -0.013731618411839008 -0.022478654980659485 -0.09650582820177078
v -0.013731618411839008 -0.022478654980659485 -0.09650582820177078
v -0.0144569743424654 -0.021979525685310364 -0.09595830738544464
v -0.01303906086832285 -0.021613553166389465 -0.09876645356416702
v -0.013731618411839008 -0.022478654980659485 -0.09650582820177078
v -0.01303906086832285 -0.021613553166389465 -0.09876645356416702
v -0.011854703538119793 -0.022478504106402397 -0.09953092038631439
v -0.011854703538119793 -0.022478504106402397 -0.09953092038631439
v -0.01303906086832285 -0.021613553166389465 -0.09876645356416702
v -0.012777240015566349 -0.01881575584411621 -0.10142770409584045
v -0.011854703538119793 -0.022478504106402397 -0.09953092038631439
v -0.012777240015566349 -0.01881575584411621 -0.10142770409584045
v -0.009693880565464497 -0.02247864194214344 -0.10230248421430588
v -0.009693880565464497 -0.02247864194214344 -0.10230248421430588
v -0.012777240015566349 -0.01881575584411621 -0.10142770409584045
v -0.010780579410493374 -0.018150268122553825 -0.10380855947732925
v -0.008561519905924797 -0.017391609027981758 -0.10595248639583588
v -0.007073978893458843 -0.022478317841887474 -0.10499434173107147
v -0.010780579410493374 -0.018150268122553825 -0.10380855947732925
v -0.010780579410493374 -0.018150268122553825 -0.10380855947732925
v -0.007073978893458843 -0.022478317841887474 -0.10499434173107147
v -0.00825722236186266 -0.02247849851846695 -0.1038537323474884
v -0.010780579410493374 -0.018150268122553825 -0.10380855947732925
v -0.00825722236186266 -0.02247849851846695 -0.1038537323474884
v -0.009693880565464497 -0.02247864194214344 -0.10230248421430588
v 0.0041901590302586555 -0.01879988983273506 -0.1121106818318367
v 0.0017018594080582261 -0.022478893399238586 -0.11077769845724106
v 0.0013715873938053846 -0.019772255793213844 -0.11103245615959167
v 0.0013715873938053846 -0.019772255793213844 -0.11103245615959167
v 0.0017018594080582261 -0.022478893399238586 -0.11077769845724106
v -0.0014245770871639252 -0.022479338571429253 -0.10916456580162048
v 0.0013715873938053846 -0.019772255793213844 -0.11103245615959167
v -0.0014245770871639252 -0.022479338571429253 -0.10916456580162048
v -0.0012836633250117302 -0.020669160410761833 -0.10966096818447113
v -0.0012836633250117302 -0.020669160410761833 -0.10966096818447113
v -0.0014245770871639252 -0.022479338571429253 -0.10916456580162048
v -0.004269690252840519 -0.022478649392724037 -0.1072963997721672
v -0.0012836633250117302 -0.020669160410761833 -0.10966096818447113
v -0.004269690252840519 -0.022478649392724037 -0.1072963997721672
v -0.0037530111148953438 -0.02147640474140644 -0.10800041258335114
v -0.0037530111148953438 -0.02147640474140644 -0.10800041258335114
v -0.004269690252840519 -0.022478649392724037 -0.1072963997721672
v -0.006016627419739962 -0.022182388231158257 -0.10606157779693604
v 0.010297763161361217 -0.022478381171822548 -0.11331644654273987
v 0.0092195188626647 -0.022478368133306503 -0.11313378810882568
v 0.007147141266614199 -0.017768612131476402 -0.1128988191485405
v 0.007147141266614199 -0.017768612131476402 -0.1128988191485405
v 0.0092195188626647 -0.022478368133306503 -0.11313378810882568
v 0.008210192434489727 -0.022478435188531876 -0.11292928457260132
v 0.007147141266614199 -0.017768612131476402 -0.1128988191485405
v 0.008210192434489727 -0.022478435188531876 -0.11292928457260132
v 0.0041901590302586555 -0.01879988983273506 -0.1121106818318367
v 0.0041901590302586555 -0.01879988983273506 -0.1121106818318367
v 0.008210192434489727 -0.022478435188531876 -0.11292928457260132
v 0.004902038723230362 -0.02247837372124195 -0.11202316731214523
v 0.0041901590302586555 -0.01879988983273506 -0.1121106818318367
v 0.004902038723230362 -0.02247837372124195 -0.11202316731214523
v 0.0017018594080582261 -0.022478893399238586 -0.11077769845724106
v 0.01528711337596178 -0.015078023076057434 -0.11369603127241135
v 0.015287252143025398 -0.020024411380290985 -0.1136961281299591
v 0.013367610983550549 -0.015606353990733624 -0.11365833133459091
v 0.013367610983550549 -0.015606353990733624 -0.11365833133459091
v 0.015287252143025398 -0.020024411380290985 -0.1136961281299591
v 0.015288570895791054 -0.02086314558982849 -0.11369651556015015
v 0.013367610983550549 -0.015606353990733624 -0.11365833133459091
v 0.015288570895791054 -0.02086314558982849 -0.11369651556015015
v 0.012344345450401306 -0.02180231176316738 -0.11356974393129349
v 0.015290480107069016 -0.0006048824288882315 -0.11369692534208298
v 0.015289895236492157 -0.003004565369337797 -0.11369476467370987
v 0.011067028157413006 -0.0006052625249139965 -0.11357229948043823
v 0.011067028157413006 -0.0006052625249139965 -0.11357229948043823
v 0.015289895236492157 -0.003004565369337797 -0.11369476467370987
v 0.00993263442069292 -0.004791261628270149 -0.11348263919353485
v 0.011067028157413006 -0.0006052625249139965 -0.11357229948043823
v 0.00993263442069292 -0.004791261628270149 -0.11348263919353485
v 0.005999040324240923 -0.0006041835877113044 -0.11307164281606674
v 0.005999040324240923 -0.0006041835877113044 -0.11307164281606674
v 0.00993263442069292 -0.004791261628270149 -0.11348263919353485
v 0.0035761792678385973 -0.006999654229730368 -0.11255034059286118
v 0.0019216819200664759 -0.0006036168779246509 -0.11234727501869202
v 0.002171232830733061 -0.0013432505074888468 -0.11239849776029587
v -0.002457167487591505 -0.0006034305552020669 -0.11119339615106583
v -0.002457167487591505 -0.0006034305552020669 -0.11119339615106583
v 0.002171232830733061 -0.0013432505074888468 -0.11239849776029587
v -0.003976741340011358 -0.0034329623449593782 -0.11061528325080872
v -0.009734468534588814 -0.005412404425442219 -0.10787433385848999
v -0.009664643555879593 -0.0006015347898937762 -0.10820869356393814
v -0.006918009370565414 -0.00444095628336072 -0.10937076807022095
v -0.006918009370565414 -0.00444095628336072 -0.10937076807022095
v -0.009664643555879593 -0.0006015347898937762 -0.10820869356393814
v -0.006509166676551104 -0.0006027367780916393 -0.10970789939165115
v -0.006918009370565414 -0.00444095628336072 -0.10937076807022095
v -0.006509166676551104 -0.0006027367780916393 -0.10970789939165115
v -0.003976741340011358 -0.0034329623449593782 -0.11061528325080872
v -0.003976741340011358 -0.0034329623449593782 -0.11061528325080872
v -0.006509166676551104 -0.0006027367780916393 -0.10970789939165115
v -0.004575683735311031 -0.0006032253731973469 -0.11047244817018509
v -0.003976741340011358 -0.0034329623449593782 -0.11061528325080872
v -0.004575683735311031 -0.0006032253731973469 -0.11047244817018509
v -0.002457167487591505 -0.0006034305552020669 -0.11119339615106583
v -0.010381746105849743 -0.002509994665160775 -0.10776568949222565
v -0.01559309009462595 -0.004291361663490534 -0.10404538363218307
v -0.012909268029034138 -0.0006012939265929163 -0.10627543926239014
v -0.012909268029034138 -0.0006012939265929163 -0.10627543926239014
v -0.01559309009462595 -0.004291361663490534 -0.10404538363218307
v -0.016117693856358528 -0.0013635153882205486 -0.10385075956583023
v -0.012909268029034138 -0.0006012939265929163 -0.10627543926239014
v -0.016117693856358528 -0.0013635153882205486 -0.10385075956583023
v -0.01598752662539482 -0.000601067440584302 -0.1039719358086586
v -0.01598752662539482 -0.000601067440584302 -0.1039719358086586
v -0.016117693856358528 -0.0013635153882205486 -0.10385075956583023
v -0.016219504177570343 -0.0006010007346048951 -0.10377593338489532
v -0.0208541601896286 -0.0005992560763843358 -0.09897924214601517
v -0.01872263103723526 -0.0005998865817673504 -0.10141711682081223
v -0.018458375707268715 -0.002158130519092083 -0.10163579136133194
v -0.023389508947730064 -0.0005997060798108578 -0.0953565388917923
v -0.021112114191055298 -0.0005992712685838342 -0.09865108132362366
v -0.0205832589417696 -0.0028880368918180466 -0.09918233007192612
v -0.02816588617861271 -0.0006003729067742825 -0.08434312790632248
v -0.02720346301794052 -0.0005991580546833575 -0.08729858696460724
v -0.027122918516397476 -0.002085973508656025 -0.0873979926109314
v -0.027122918516397476 -0.002085973508656025 -0.0873979926109314
v -0.02720346301794052 -0.0005991580546833575 -0.08729858696460724
v -0.026782028377056122 -0.0005989714991301298 -0.08843258768320084
v -0.030915893614292145 -0.003065127180889249 -0.0681350976228714
v -0.031023509800434113 -0.000601458887103945 -0.06847608834505081
v -0.030296573415398598 -0.0006006034091114998 -0.07446139305830002
v -0.025930382311344147 -0.0159077737480402 -0.03615359961986542
v -0.026111511513590813 -0.015701578930020332 -0.03615371510386467
v -0.025896303355693817 -0.015281100757420063 -0.04205097258090973
v -0.025896303355693817 -0.015281100757420063 -0.04205097258090973
v -0.026111511513590813 -0.015701578930020332 -0.03615371510386467
v -0.028005650267004967 -0.01325839664787054 -0.03615613654255867
v -0.025896303355693817 -0.015281100757420063 -0.04205097258090973
v -0.028005650267004967 -0.01325839664787054 -0.03615613654255867
v -0.02921348810195923 -0.010796274989843369 -0.04211023077368736
v -0.02921348810195923 -0.010796274989843369 -0.04211023077368736
v -0.028005650267004967 -0.01325839664787054 -0.03615613654255867
v -0.029578397050499916 -0.010664770379662514 -0.036157120019197464
v -0.02921348810195923 -0.010796274989843369 -0.04211023077368736
v -0.029578397050499916 -0.010664770379662514 -0.036157120019197464
v -0.03032926842570305 -0.008212649263441563 -0.048597536981105804
v -0.03032926842570305 -0.008212649263441563 -0.048597536981105804
v -0.029578397050499916 -0.010664770379662514 -0.036157120019197464
v -0.030796244740486145 -0.007939327508211136 -0.036157067865133286
v -0.03032926842570305 -0.008212649263441563 -0.048597536981105804
v -0.030796244740486145 -0.007939327508211136 -0.036157067865133286
v -0.03126382827758789 -0.0056117200292646885 -0.04860052838921547
v -0.03126382827758789 -0.0056117200292646885 -0.04860052838921547
v -0.030796244740486145 -0.007939327508211136 -0.036157067865133286
v -0.03162606060504913 -0.0050612217746675014 -0.03615666553378105
v -0.03126382827758789 -0.0056117200292646885 -0.04860052838921547
v -0.03162606060504913 -0.0050612217746675014 -0.03615666553378105
v -0.03180243447422981 -0.0029019152279943228 -0.048581741750240326
v -0.03180243447422981 -0.0029019152279943228 -0.048581741750240326
v -0.03162606060504913 -0.0050612217746675014 -0.03615666553378105
v -0.032019466161727905 -0.002207679906859994 -0.03615662828087807
v -0.03180243447422981 -0.0029019152279943228 -0.048581741750240326
v -0.032019466161727905 -0.002207679906859994 -0.03615662828087807
v -0.031917184591293335 -0.0006034118705429137 -0.049881480634212494
v -0.031917184591293335 -0.0006034118705429137 -0.049881480634212494
v -0.032019466161727905 -0.002207679906859994 -0.03615662828087807
v -0.03207194060087204 -0.0006037414423190057 -0.036157432943582535
v -0.021725844591856003 -0.01966058649122715 -0.0361572727560997
v -0.019096560776233673 -0.020362339913845062 -0.04186117649078369
v -0.019766487181186676 -0.020804880186915398 -0.03615999594330788
v -0.019766487181186676 -0.020804880186915398 -0.03615999594330788
v -0.019096560776233673 -0.020362339913845062 -0.04186117649078369
v -0.01639220304787159 -0.02137383259832859 -0.041739486157894135
v -0.019766487181186676 -0.020804880186915398 -0.03615999594330788
v -0.01639220304787159 -0.02137383259832859 -0.041739486157894135
v -0.01697899028658867 -0.021967725828289986 -0.036161866039037704
v -0.01697899028658867 -0.021967725828289986 -0.036161866039037704
v -0.01639220304787159 -0.02137383259832859 -0.041739486157894135
v -0.013717175461351871 -0.022891264408826828 -0.03615880385041237
v -0.013717175461351871 -0.022891264408826828 -0.03615880385041237
v -0.01639220304787159 -0.02137383259832859 -0.041739486157894135
v -0.010736584663391113 -0.02260066568851471 -0.041432127356529236
v -0.013717175461351871 -0.022891264408826828 -0.03615880385041237
v -0.010736584663391113 -0.02260066568851471 -0.041432127356529236
v -0.011224228888750076 -0.023388488218188286 -0.0361575111746788
v -0.011224228888750076 -0.023388488218188286 -0.0361575111746788
v -0.010736584663391113 -0.02260066568851471 -0.041432127356529236
v -0.009757430292665958 -0.023615743964910507 -0.03615693002939224
v -0.009757430292665958 -0.023615743964910507 -0.03615693002939224
v -0.010736584663391113 -0.02260066568851471 -0.041432127356529236
v -0.005001401994377375 -0.023176196962594986 -0.041090186685323715
v -0.009757430292665958 -0.023615743964910507 -0.03615693002939224
v -0.005001401994377375 -0.023176196962594986 -0.041090186685323715
v -0.00531012425199151 -0.024090448394417763 -0.036156777292490005
v -2.8414367534423945e-06 -0.022478297352790833 -0.051254890859127045
v -2.768136255326681e-06 -0.022490575909614563 -0.05026204138994217
v -0.004536732099950314 -0.0225608479231596 -0.0475270077586174
v -0.004536732099950314 -0.0225608479231596 -0.0475270077586174
v -2.768136255326681e-06 -0.022490575909614563 -0.05026204138994217
v -2.4001271867746254e-06 -0.022752609103918076 -0.045286960899829865
v -0.004536732099950314 -0.0225608479231596 -0.0475270077586174
v -2.4001271867746254e-06 -0.022752609103918076 -0.045286960899829865
v -2.050031753242365e-06 -0.023350829258561134 -0.0405641570687294
v 0.01529052946716547 -0.009098634123802185 -0.11369572579860687
v 0.01528711337596178 -0.015078023076057434 -0.11369603127241135
v 0.0115436976775527 -0.010271585546433926 -0.11357594281435013
v 0.0115436976775527 -0.010271585546433926 -0.11357594281435013
v 0.01528711337596178 -0.015078023076057434 -0.11369603127241135
v 0.013367610983550549 -0.015606353990733624 -0.11365833133459091
v 0.0115436976775527 -0.010271585546433926 -0.11357594281435013
v 0.013367610983550549 -0.015606353990733624 -0.11365833133459091
v 0.005217331927269697 -0.012505601160228252 -0.11269906163215637
v -0.004269690252840519 -0.022478649392724037 -0.1072963997721672
v -0.007073978893458843 -0.022478317841887474 -0.10499434173107147
v -0.006016627419739962 -0.022182388231158257 -0.10606157779693604
v -0.006016627419739962 -0.022182388231158257 -0.10606157779693604
v -0.007073978893458843 -0.022478317841887474 -0.10499434173107147
v -0.008561519905924797 -0.017391609027981758 -0.10595248639583588
v -0.006016627419739962 -0.022182388231158257 -0.10606157779693604
v -0.008561519905924797 -0.017391609027981758 -0.10595248639583588
v -0.0037530111148953438 -0.02147640474140644 -0.10800041258335114
v -0.0037530111148953438 -0.02147640474140644 -0.10800041258335114
v -0.008561519905924797 -0.017391609027981758 -0.10595248639583588
v -0.006135863251984119 -0.016546709463000298 -0.10784193128347397
v -0.0037530111148953438 -0.02147640474140644 -0.10800041258335114
v -0.006135863251984119 -0.016546709463000298 -0.10784193128347397
v -0.0012836633250117302 -0.020669160410761833 -0.10966096818447113
v -0.0012836633250117302 -0.020669160410761833 -0.10966096818447113
v -0.006135863251984119 -0.016546709463000298 -0.10784193128347397
v -0.0035226051695644855 -0.015624361112713814 -0.10946466773748398
v -0.0012836633250117302 -0.020669160410761833 -0.10966096818447113
v -0.0035226051695644855 -0.015624361112713814 -0.10946466773748398
v 0.0013715873938053846 -0.019772255793213844 -0.11103245615959167
v 0.0013715873938053846 -0.019772255793213844 -0.11103245615959167
v -0.0035226051695644855 -0.015624361112713814 -0.10946466773748398
v -0.0007433413993567228 -0.014635090716183186 -0.11081420630216599
v 0.0013715873938053846 -0.019772255793213844 -0.11103245615959167
v -0.0007433413993567228 -0.014635090716183186 -0.11081420630216599
v 0.0041901590302586555 -0.01879988983273506 -0.1121106818318367
v 0.0041901590302586555 -0.01879988983273506 -0.1121106818318367
v -0.0007433413993567228 -0.014635090716183186 -0.11081420630216599
v 0.005217331927269697 -0.012505601160228252 -0.11269906163215637
v 0.0041901590302586555 -0.01879988983273506 -0.1121106818318367
v 0.005217331927269697 -0.012505601160228252 -0.11269906163215637
v 0.007147141266614199 -0.017768612131476402 -0.1128988191485405
v 0.007147141266614199 -0.017768612131476402 -0.1128988191485405
v 0.005217331927269697 -0.012505601160228252 -0.11269906163215637
v 0.013367610983550549 -0.015606353990733624 -0.11365833133459091
v 0.007147141266614199 -0.017768612131476402 -0.1128988191485405
v 0.013367610983550549 -0.015606353990733624 -0.11365833133459091
v 0.010297763161361217 -0.022478381171822548 -0.11331644654273987
v 0.010297763161361217 -0.022478381171822548 -0.11331644654273987
v 0.013367610983550549 -0.015606353990733624 -0.11365833133459091
v 0.012344345450401306 -0.02180231176316738 -0.11356974393129349
v 0.010297763161361217 -0.022478381171822548 -0.11331644654273987
v 0.012344345450401306 -0.02180231176316738 -0.11356974393129349
v 0.011976723559200764 -0.022478891536593437 -0.11352871358394623
v 0.011976723559200764 -0.022478891536593437 -0.11352871358394623
v 0.012344345450401306 -0.02180231176316738 -0.11356974393129349
v 0.015288570895791054 -0.02086314558982849 -0.11369651556015015
v 0.011976723559200764 -0.022478891536593437 -0.11352871358394623
v 0.015288570895791054 -0.02086314558982849 -0.11369651556015015
v 0.01529039815068245 -0.022478342056274414 -0.11369588226079941
v -0.017460733652114868 -0.0224786214530468 -0.07585425674915314
v -0.016791731119155884 -0.02247844822704792 -0.0724806860089302
v -0.018297281116247177 -0.021898096427321434 -0.07384894043207169
v -0.018297281116247177 -0.021898096427321434 -0.07384894043207169
v -0.016791731119155884 -0.02247844822704792 -0.0724806860089302
v -0.018252762034535408 -0.020689263939857483 -0.06100589409470558
v -0.018297281116247177 -0.021898096427321434 -0.07384894043207169
v -0.018252762034535408 -0.020689263939857483 -0.06100589409470558
v -0.020588593557476997 -0.02044684626162052 -0.0740085318684578
v -0.031550176441669464 -0.0006033342215232551 -0.06121319532394409
v -0.031023509800434113 -0.000601458887103945 -0.06847608834505081
v -0.03138336166739464 -0.0030202651396393776 -0.06160943582653999
v -0.03138336166739464 -0.0030202651396393776 -0.06160943582653999
v -0.031023509800434113 -0.000601458887103945 -0.06847608834505081
v -0.030915893614292145 -0.003065127180889249 -0.0681350976228714
v -0.03138336166739464 -0.0030202651396393776 -0.06160943582653999
v -0.030915893614292145 -0.003065127180889249 -0.0681350976228714
v -0.0308366809040308 -0.005790293216705322 -0.06162848696112633
v -0.025073278695344925 -0.010824003256857395 -0.08750737458467484
v -0.023880695924162865 -0.013572021387517452 -0.08739084750413895
v -0.025361835956573486 -0.014000787399709225 -0.08097348362207413
v -0.018252762034535408 -0.020689263939857483 -0.06100589409470558
v -0.02077544666826725 -0.019379686564207077 -0.06113218888640404
v -0.020588593557476997 -0.02044684626162052 -0.0740085318684578
v -0.020588593557476997 -0.02044684626162052 -0.0740085318684578
v -0.02077544666826725 -0.019379686564207077 -0.06113218888640404
v -0.022683998569846153 -0.0186131801456213 -0.07417222857475281
v -0.020588593557476997 -0.02044684626162052 -0.0740085318684578
v -0.022683998569846153 -0.0186131801456213 -0.07417222857475281
v -0.02209361083805561 -0.018755152821540833 -0.08064944297075272
v -0.02209361083805561 -0.018755152821540833 -0.08064944297075272
v -0.022683998569846153 -0.0186131801456213 -0.07417222857475281
v -0.023829083889722824 -0.016496960073709488 -0.0808180719614029
v -0.02209361083805561 -0.018755152821540833 -0.08064944297075272
v -0.023829083889722824 -0.016496960073709488 -0.0808180719614029
v -0.022489700466394424 -0.016156677156686783 -0.08723289519548416
v -0.031917184591293335 -0.0006034118705429137 -0.049881480634212494
v -0.031550176441669464 -0.0006033342215232551 -0.06121319532394409
v -0.03180243447422981 -0.0029019152279943228 -0.048581741750240326
v -0.03180243447422981 -0.0029019152279943228 -0.048581741750240326
v -0.031550176441669464 -0.0006033342215232551 -0.06121319532394409
v -0.03138336166739464 -0.0030202651396393776 -0.06160943582653999
v -0.03180243447422981 -0.0029019152279943228 -0.048581741750240326
v -0.03138336166739464 -0.0030202651396393776 -0.06160943582653999
v -0.03126382827758789 -0.0056117200292646885 -0.04860052838921547
v -0.03126382827758789 -0.0056117200292646885 -0.04860052838921547
v -0.03138336166739464 -0.0030202651396393776 -0.06160943582653999
v -0.0308366809040308 -0.005790293216705322 -0.06162848696112633
v -0.03126382827758789 -0.0056117200292646885 -0.04860052838921547
v -0.0308366809040308 -0.005790293216705322 -0.06162848696112633
v -0.03032926842570305 -0.008212649263441563 -0.048597536981105804
v -0.024480491876602173 -0.0011735584121197462 -0.09344975650310516
v -0.024130675941705704 -0.004125358536839485 -0.09364958107471466
v -0.02672863006591797 -0.005033601075410843 -0.08752472698688507
v -0.02672863006591797 -0.005033601075410843 -0.08752472698688507
v -0.024130675941705704 -0.004125358536839485 -0.09364958107471466
v -0.026035184040665627 -0.00796149205416441 -0.08755791187286377
v -0.02672863006591797 -0.005033601075410843 -0.08752472698688507
v -0.026035184040665627 -0.00796149205416441 -0.08755791187286377
v -0.027733275666832924 -0.008499707095324993 -0.08116009086370468
v -0.027733275666832924 -0.008499707095324993 -0.08116009086370468
v -0.026035184040665627 -0.00796149205416441 -0.08755791187286377
v -0.026674393564462662 -0.011317075230181217 -0.08109381794929504
v -0.027733275666832924 -0.008499707095324993 -0.08116009086370468
v -0.026674393564462662 -0.011317075230181217 -0.08109381794929504
v -0.02766607329249382 -0.011458463966846466 -0.07460054010152817
v -0.02766607329249382 -0.011458463966846466 -0.07460054010152817
v -0.026674393564462662 -0.011317075230181217 -0.08109381794929504
v -0.02623688615858555 -0.01406193245202303 -0.07448296993970871
v -0.02766607329249382 -0.011458463966846466 -0.07460054010152817
v -0.02623688615858555 -0.01406193245202303 -0.07448296993970871
v -0.026729384437203407 -0.013841296546161175 -0.0679716169834137
v -0.026729384437203407 -0.013841296546161175 -0.0679716169834137
v -0.02623688615858555 -0.01406193245202303 -0.07448296993970871
v -0.02495143748819828 -0.01614881306886673 -0.06784000247716904
v -0.026729384437203407 -0.013841296546161175 -0.0679716169834137
v -0.02495143748819828 -0.01614881306886673 -0.06784000247716904
v -0.02517027035355568 -0.015706460922956467 -0.06136538088321686
v -0.02517027035355568 -0.015706460922956467 -0.06136538088321686
v -0.02495143748819828 -0.01614881306886673 -0.06784000247716904
v -0.023086082190275192 -0.017693132162094116 -0.06125102564692497
v -0.02517027035355568 -0.015706460922956467 -0.06136538088321686
v -0.023086082190275192 -0.017693132162094116 -0.06125102564692497
v -0.023257512599229813 -0.017263537272810936 -0.054834626615047455
v -0.023257512599229813 -0.017263537272810936 -0.054834626615047455
v -0.023086082190275192 -0.017693132162094116 -0.06125102564692497
v -0.020915579050779343 -0.01893232949078083 -0.054745133966207504
v -0.023257512599229813 -0.017263537272810936 -0.054834626615047455
v -0.020915579050779343 -0.01893232949078083 -0.054745133966207504
v -0.021207613870501518 -0.018766969442367554 -0.04836161807179451
v -0.021207613870501518 -0.018766969442367554 -0.04836161807179451
v -0.020915579050779343 -0.01893232949078083 -0.054745133966207504
v -0.018349995836615562 -0.02023744210600853 -0.0546405166387558
v -0.021207613870501518 -0.018766969442367554 -0.04836161807179451
v -0.018349995836615562 -0.02023744210600853 -0.0546405166387558
v -0.01864636316895485 -0.02009628154337406 -0.04827102646231651
v -0.01864636316895485 -0.02009628154337406 -0.04827102646231651
v -0.018349995836615562 -0.02023744210600853 -0.0546405166387558
v -0.015629103407263756 -0.021169498562812805 -0.05451914295554161
v -0.01864636316895485 -0.02009628154337406 -0.04827102646231651
v -0.015629103407263756 -0.021169498562812805 -0.05451914295554161
v -0.015914516523480415 -0.02105698361992836 -0.04815332964062691
v -0.015914516523480415 -0.02105698361992836 -0.04815332964062691
v -0.015629103407263756 -0.021169498562812805 -0.05451914295554161
v -0.01001228392124176 -0.02217637374997139 -0.05424010753631592
v -0.015914516523480415 -0.02105698361992836 -0.04815332964062691
v -0.01001228392124176 -0.02217637374997139 -0.05424010753631592
v -0.010243200697004795 -0.022151300683617592 -0.047861676663160324
v -0.010243200697004795 -0.022151300683617592 -0.047861676663160324
v -0.01001228392124176 -0.02217637374997139 -0.05424010753631592
v -0.004387684632092714 -0.02247575856745243 -0.05392663925886154
v -0.010243200697004795 -0.022151300683617592 -0.047861676663160324
v -0.004387684632092714 -0.02247575856745243 -0.05392663925886154
v -0.004536732099950314 -0.0225608479231596 -0.0475270077586174
v -0.004536732099950314 -0.0225608479231596 -0.0475270077586174
v -0.004387684632092714 -0.02247575856745243 -0.05392663925886154
v -0.002307078568264842 -0.02247742936015129 -0.052574727684259415
v -0.004536732099950314 -0.0225608479231596 -0.0475270077586174
v -0.002307078568264842 -0.02247742936015129 -0.052574727684259415
v -2.8414367534423945e-06 -0.022478297352790833 -0.051254890859127045
v -0.02816588617861271 -0.0006003729067742825 -0.08434312790632248
v -0.027122918516397476 -0.002085973508656025 -0.0873979926109314
v -0.02894320711493492 -0.002675814088433981 -0.08108163625001907
v -0.02894320711493492 -0.002675814088433981 -0.08108163625001907
v -0.027122918516397476 -0.002085973508656025 -0.0873979926109314
v -0.028499785810709 -0.005602639634162188 -0.08115849643945694
v -0.02894320711493492 -0.002675814088433981 -0.08108163625001907
v -0.028499785810709 -0.005602639634162188 -0.08115849643945694
v -0.029658833518624306 -0.005864623934030533 -0.07468633353710175
v -0.029658833518624306 -0.005864623934030533 -0.07468633353710175
v -0.028499785810709 -0.005602639634162188 -0.08115849643945694
v -0.028820615261793137 -0.008707882836461067 -0.07467174530029297
v -0.029658833518624306 -0.005864623934030533 -0.07468633353710175
v -0.028820615261793137 -0.008707882836461067 -0.07467174530029297
v -0.029491882771253586 -0.008664220571517944 -0.06814322620630264
v -0.029491882771253586 -0.008664220571517944 -0.06814322620630264
v -0.028820615261793137 -0.008707882836461067 -0.07467174530029297
v -0.028256332501769066 -0.011329932138323784 -0.0680767148733139
v -0.029491882771253586 -0.008664220571517944 -0.06814322620630264
v -0.028256332501769066 -0.011329932138323784 -0.0680767148733139
v -0.02861027792096138 -0.011061292141675949 -0.061555128544569016
v -0.02861027792096138 -0.011061292141675949 -0.061555128544569016
v -0.028256332501769066 -0.011329932138323784 -0.0680767148733139
v -0.027019396424293518 -0.013482370413839817 -0.06147056445479393
v -0.02861027792096138 -0.011061292141675949 -0.061555128544569016
v -0.027019396424293518 -0.013482370413839817 -0.06147056445479393
v -0.025365928187966347 -0.015315497294068336 -0.05491733178496361
v -0.023831922560930252 -0.01801779679954052 -0.0361553393304348
v -0.025930382311344147 -0.0159077737480402 -0.03615359961986542
v -0.023878896608948708 -0.01725723035633564 -0.04200692102313042
v -0.023878896608948708 -0.01725723035633564 -0.04200692102313042
v -0.025930382311344147 -0.0159077737480402 -0.03615359961986542
v -0.025896303355693817 -0.015281100757420063 -0.04205097258090973
v -0.023878896608948708 -0.01725723035633564 -0.04200692102313042
v -0.025896303355693817 -0.015281100757420063 -0.04205097258090973
v -0.025610433891415596 -0.015138298273086548 -0.048486046493053436
v -0.025610433891415596 -0.015138298273086548 -0.048486046493053436
v -0.025896303355693817 -0.015281100757420063 -0.04205097258090973
v -0.02921348810195923 -0.010796274989843369 -0.04211023077368736
v -0.025610433891415596 -0.015138298273086548 -0.048486046493053436
v -0.02921348810195923 -0.010796274989843369 -0.04211023077368736
v -0.02904132753610611 -0.010681083425879478 -0.04857483506202698
v -0.02904132753610611 -0.010681083425879478 -0.04857483506202698
v -0.02921348810195923 -0.010796274989843369 -0.04211023077368736
v -0.03032926842570305 -0.008212649263441563 -0.048597536981105804
v -0.02904132753610611 -0.010681083425879478 -0.04857483506202698
v -0.03032926842570305 -0.008212649263441563 -0.048597536981105804
v -0.029899315908551216 -0.00848374329507351 -0.06160975992679596
v -0.029899315908551216 -0.00848374329507351 -0.06160975992679596
v -0.03032926842570305 -0.008212649263441563 -0.048597536981105804
v -0.0308366809040308 -0.005790293216705322 -0.06162848696112633
v -0.029899315908551216 -0.00848374329507351 -0.06160975992679596
v -0.0308366809040308 -0.005790293216705322 -0.06162848696112633
v -0.030390245839953423 -0.005893731489777565 -0.06816350668668747
v -0.030390245839953423 -0.005893731489777565 -0.06816350668668747
v -0.0308366809040308 -0.005790293216705322 -0.06162848696112633
v -0.030915893614292145 -0.003065127180889249 -0.0681350976228714
v -0.030390245839953423 -0.005893731489777565 -0.06816350668668747
v -0.030915893614292145 -0.003065127180889249 -0.0681350976228714
v -0.030148273333907127 -0.0029792606364935637 -0.07463992387056351
v -0.030148273333907127 -0.0029792606364935637 -0.07463992387056351
v -0.030915893614292145 -0.003065127180889249 -0.0681350976228714
v -0.030296573415398598 -0.0006006034091114998 -0.07446139305830002
v -0.030148273333907127 -0.0029792606364935637 -0.07463992387056351
v -0.030296573415398598 -0.0006006034091114998 -0.07446139305830002
v -0.029342113062739372 -0.0006008796626701951 -0.07971393316984177
v -0.021725844591856003 -0.01966058649122715 -0.0361572727560997
v -0.023630712181329727 -0.01819480024278164 -0.03615570068359375
v -0.02161465957760811 -0.018985096365213394 -0.041948895901441574
v -0.02161465957760811 -0.018985096365213394 -0.041948895901441574
v -0.023630712181329727 -0.01819480024278164 -0.03615570068359375
v -0.023878896608948708 -0.01725723035633564 -0.04200692102313042
v -0.02161465957760811 -0.018985096365213394 -0.041948895901441574
v -0.023878896608948708 -0.01725723035633564 -0.04200692102313042
v -0.023529620841145515 -0.017082903534173965 -0.04842895641922951
v -0.023529620841145515 -0.017082903534173965 -0.04842895641922951
v -0.023878896608948708 -0.01725723035633564 -0.04200692102313042
v -0.025610433891415596 -0.015138298273086548 -0.048486046493053436
v -0.023529620841145515 -0.017082903534173965 -0.04842895641922951
v -0.025610433891415596 -0.015138298273086548 -0.048486046493053436
v -0.025365928187966347 -0.015315497294068336 -0.05491733178496361
v -0.025365928187966347 -0.015315497294068336 -0.05491733178496361
v -0.025610433891415596 -0.015138298273086548 -0.048486046493053436
v -0.02904132753610611 -0.010681083425879478 -0.04857483506202698
v -0.025365928187966347 -0.015315497294068336 -0.05491733178496361
v -0.02904132753610611 -0.010681083425879478 -0.04857483506202698
v -0.02861027792096138 -0.011061292141675949 -0.061555128544569016
v -0.02861027792096138 -0.011061292141675949 -0.061555128544569016
v -0.02904132753610611 -0.010681083425879478 -0.04857483506202698
v -0.029899315908551216 -0.00848374329507351 -0.06160975992679596
v -0.02861027792096138 -0.011061292141675949 -0.061555128544569016
v -0.029899315908551216 -0.00848374329507351 -0.06160975992679596
v -0.029491882771253586 -0.008664220571517944 -0.06814322620630264
v -0.029491882771253586 -0.008664220571517944 -0.06814322620630264
v -0.029899315908551216 -0.00848374329507351 -0.06160975992679596
v -0.030390245839953423 -0.005893731489777565 -0.06816350668668747
v -0.029491882771253586 -0.008664220571517944 -0.06814322620630264
v -0.030390245839953423 -0.005893731489777565 -0.06816350668668747
v -0.029658833518624306 -0.005864623934030533 -0.07468633353710175
v -0.029658833518624306 -0.005864623934030533 -0.07468633353710175
v -0.030390245839953423 -0.005893731489777565 -0.06816350668668747
v -0.030148273333907127 -0.0029792606364935637 -0.07463992387056351
v -0.029658833518624306 -0.005864623934030533 -0.07468633353710175
v -0.030148273333907127 -0.0029792606364935637 -0.07463992387056351
v -0.02894320711493492 -0.002675814088433981 -0.08108163625001907
v -0.02894320711493492 -0.002675814088433981 -0.08108163625001907
v -0.030148273333907127 -0.0029792606364935637 -0.07463992387056351
v -0.029342113062739372 -0.0006008796626701951 -0.07971393316984177
v -0.02894320711493492 -0.002675814088433981 -0.08108163625001907
v -0.029342113062739372 -0.0006008796626701951 -0.07971393316984177
v -0.02816588617861271 -0.0006003729067742825 -0.08434312790632248
v -0.014883769676089287 -0.007207651622593403 -0.10410656780004501
v -0.01716664433479309 -0.008012854494154453 -0.10184113681316376
v -0.01559309009462595 -0.004291361663490534 -0.10404538363218307
v -0.01559309009462595 -0.004291361663490534 -0.10404538363218307
v -0.01716664433479309 -0.008012854494154453 -0.10184113681316376
v -0.018458375707268715 -0.002158130519092083 -0.10163579136133194
v -0.01559309009462595 -0.004291361663490534 -0.10404538363218307
v -0.018458375707268715 -0.002158130519092083 -0.10163579136133194
v -0.016117693856358528 -0.0013635153882205486 -0.10385075956583023
v -0.016117693856358528 -0.0013635153882205486 -0.10385075956583023
v -0.018458375707268715 -0.002158130519092083 -0.10163579136133194
v -0.01872263103723526 -0.0005998865817673504 -0.10141711682081223
v -0.016117693856358528 -0.0013635153882205486 -0.10385075956583023
v -0.01872263103723526 -0.0005998865817673504 -0.10141711682081223
v -0.016219504177570343 -0.0006010007346048951 -0.10377593338489532
v -0.012909268029034138 -0.0006012939265929163 -0.10627543926239014
v -0.009664643555879593 -0.0006015347898937762 -0.10820869356393814
v -0.010381746105849743 -0.002509994665160775 -0.10776568949222565
v -0.010381746105849743 -0.002509994665160775 -0.10776568949222565
v -0.009664643555879593 -0.0006015347898937762 -0.10820869356393814
v -0.009734468534588814 -0.005412404425442219 -0.10787433385848999
v -0.010381746105849743 -0.002509994665160775 -0.10776568949222565
v -0.009734468534588814 -0.005412404425442219 -0.10787433385848999
v -0.01559309009462595 -0.004291361663490534 -0.10404538363218307
v -0.01559309009462595 -0.004291361663490534 -0.10404538363218307
v -0.009734468534588814 -0.005412404425442219 -0.10787433385848999
v -0.012398495338857174 -0.006337800528854132 -0.10611972957849503
v -0.01559309009462595 -0.004291361663490534 -0.10404538363218307
v -0.012398495338857174 -0.006337800528854132 -0.10611972957849503
v -0.014883769676089287 -0.007207651622593403 -0.10410656780004501
v -0.021112114191055298 -0.0005992712685838342 -0.09865108132362366
v -0.0208541601896286 -0.0005992560763843358 -0.09897924214601517
v -0.0205832589417696 -0.0028880368918180466 -0.09918233007192612
v -0.0205832589417696 -0.0028880368918180466 -0.09918233007192612
v -0.0208541601896286 -0.0005992560763843358 -0.09897924214601517
v -0.018458375707268715 -0.002158130519092083 -0.10163579136133194
v -0.0205832589417696 -0.0028880368918180466 -0.09918233007192612
v -0.018458375707268715 -0.002158130519092083 -0.10163579136133194
v -0.020013950765132904 -0.005831790156662464 -0.09932244569063187
v -0.020013950765132904 -0.005831790156662464 -0.09932244569063187
v -0.018458375707268715 -0.002158130519092083 -0.10163579136133194
v -0.01716664433479309 -0.008012854494154453 -0.10184113681316376
v -0.020013950765132904 -0.005831790156662464 -0.09932244569063187
v -0.01716664433479309 -0.008012854494154453 -0.10184113681316376
v -0.019227471202611923 -0.008745062164962292 -0.09933705627918243
v -0.019227471202611923 -0.008745062164962292 -0.09933705627918243
v -0.01716664433479309 -0.008012854494154453 -0.10184113681316376
v -0.018263068050146103 -0.011591077782213688 -0.09925226867198944
v -0.026782028377056122 -0.0005989714991301298 -0.08843258768320084
v -0.024480491876602173 -0.0011735584121197462 -0.09344975650310516
v -0.027122918516397476 -0.002085973508656025 -0.0873979926109314
v -0.027122918516397476 -0.002085973508656025 -0.0873979926109314
v -0.024480491876602173 -0.0011735584121197462 -0.09344975650310516
v -0.02672863006591797 -0.005033601075410843 -0.08752472698688507
v -0.027122918516397476 -0.002085973508656025 -0.0873979926109314
v -0.02672863006591797 -0.005033601075410843 -0.08752472698688507
v -0.028499785810709 -0.005602639634162188 -0.08115849643945694
v -0.028499785810709 -0.005602639634162188 -0.08115849643945694
v -0.02672863006591797 -0.005033601075410843 -0.08752472698688507
v -0.027733275666832924 -0.008499707095324993 -0.08116009086370468
v -0.028499785810709 -0.005602639634162188 -0.08115849643945694
v -0.027733275666832924 -0.008499707095324993 -0.08116009086370468
v -0.028820615261793137 -0.008707882836461067 -0.07467174530029297
v -0.028820615261793137 -0.008707882836461067 -0.07467174530029297
v -0.027733275666832924 -0.008499707095324993 -0.08116009086370468
v -0.02766607329249382 -0.011458463966846466 -0.07460054010152817
v -0.028820615261793137 -0.008707882836461067 -0.07467174530029297
v -0.02766607329249382 -0.011458463966846466 -0.07460054010152817
v -0.028256332501769066 -0.011329932138323784 -0.0680767148733139
v -0.028256332501769066 -0.011329932138323784 -0.0680767148733139
v -0.02766607329249382 -0.011458463966846466 -0.07460054010152817
v -0.026729384437203407 -0.013841296546161175 -0.0679716169834137
v -0.028256332501769066 -0.011329932138323784 -0.0680767148733139
v -0.026729384437203407 -0.013841296546161175 -0.0679716169834137
v -0.027019396424293518 -0.013482370413839817 -0.06147056445479393
v -0.027019396424293518 -0.013482370413839817 -0.06147056445479393
v -0.026729384437203407 -0.013841296546161175 -0.0679716169834137
v -0.02517027035355568 -0.015706460922956467 -0.06136538088321686
v -0.027019396424293518 -0.013482370413839817 -0.06147056445479393
v -0.02517027035355568 -0.015706460922956467 -0.06136538088321686
v -0.025365928187966347 -0.015315497294068336 -0.05491733178496361
v -0.025365928187966347 -0.015315497294068336 -0.05491733178496361
v -0.02517027035355568 -0.015706460922956467 -0.06136538088321686
v -0.023257512599229813 -0.017263537272810936 -0.054834626615047455
v -0.025365928187966347 -0.015315497294068336 -0.05491733178496361
v -0.023257512599229813 -0.017263537272810936 -0.054834626615047455
v -0.023529620841145515 -0.017082903534173965 -0.04842895641922951
v -0.023529620841145515 -0.017082903534173965 -0.04842895641922951
v -0.023257512599229813 -0.017263537272810936 -0.054834626615047455
v -0.021207613870501518 -0.018766969442367554 -0.04836161807179451
v -0.023529620841145515 -0.017082903534173965 -0.04842895641922951
v -0.021207613870501518 -0.018766969442367554 -0.04836161807179451
v -0.02161465957760811 -0.018985096365213394 -0.041948895901441574
v -0.02161465957760811 -0.018985096365213394 -0.041948895901441574
v -0.021207613870501518 -0.018766969442367554 -0.04836161807179451
v -0.01864636316895485 -0.02009628154337406 -0.04827102646231651
v -0.02161465957760811 -0.018985096365213394 -0.041948895901441574
v -0.01864636316895485 -0.02009628154337406 -0.04827102646231651
v -0.019096560776233673 -0.020362339913845062 -0.04186117649078369
v -0.019096560776233673 -0.020362339913845062 -0.04186117649078369
v -0.01864636316895485 -0.02009628154337406 -0.04827102646231651
v -0.015914516523480415 -0.02105698361992836 -0.04815332964062691
v -0.019096560776233673 -0.020362339913845062 -0.04186117649078369
v -0.015914516523480415 -0.02105698361992836 -0.04815332964062691
v -0.01639220304787159 -0.02137383259832859 -0.041739486157894135
v -0.01639220304787159 -0.02137383259832859 -0.041739486157894135
v -0.015914516523480415 -0.02105698361992836 -0.04815332964062691
v -0.010243200697004795 -0.022151300683617592 -0.047861676663160324
v -0.01639220304787159 -0.02137383259832859 -0.041739486157894135
v -0.010243200697004795 -0.022151300683617592 -0.047861676663160324
v -0.010736584663391113 -0.02260066568851471 -0.041432127356529236
v -0.010736584663391113 -0.02260066568851471 -0.041432127356529236
v -0.010243200697004795 -0.022151300683617592 -0.047861676663160324
v -0.004536732099950314 -0.0225608479231596 -0.0475270077586174
v -0.010736584663391113 -0.02260066568851471 -0.041432127356529236
v -0.004536732099950314 -0.0225608479231596 -0.0475270077586174
v -0.005001401994377375 -0.023176196962594986 -0.041090186685323715
v -0.005001401994377375 -0.023176196962594986 -0.041090186685323715
v -0.004536732099950314 -0.0225608479231596 -0.0475270077586174
v -2.050031753242365e-06 -0.023350829258561134 -0.0405641570687294
v -0.005001401994377375 -0.023176196962594986 -0.041090186685323715
v -2.050031753242365e-06 -0.023350829258561134 -0.0405641570687294
v -0.00531012425199151 -0.024090448394417763 -0.036156777292490005
v -0.00531012425199151 -0.024090448394417763 -0.036156777292490005
v -2.050031753242365e-06 -0.023350829258561134 -0.0405641570687294
v 4.406650532473577e-06 -0.024280525743961334 -0.03615730255842209
v -0.02155475504696369 -0.012765695340931416 -0.0935998409986496
v -0.023880695924162865 -0.013572021387517452 -0.08739084750413895
v -0.022632548585534096 -0.009963094256818295 -0.09370893239974976
v -0.022632548585534096 -0.009963094256818295 -0.09370893239974976
v -0.023880695924162865 -0.013572021387517452 -0.08739084750413895
v -0.025073278695344925 -0.010824003256857395 -0.08750737458467484
v -0.022632548585534096 -0.009963094256818295 -0.09370893239974976
v -0.025073278695344925 -0.010824003256857395 -0.08750737458467484
v -0.023504123091697693 -0.007068664766848087 -0.09373266249895096
v -0.015910658985376358 -0.01694294437766075 -0.09895496815443039
v -0.01885022036731243 -0.014930696226656437 -0.09635951370000839
v -0.01715286448597908 -0.014334208332002163 -0.09910812973976135
v -0.01715286448597908 -0.014334208332002163 -0.09910812973976135
v -0.01885022036731243 -0.014930696226656437 -0.09635951370000839
v -0.02155475504696369 -0.012765695340931416 -0.0935998409986496
v 0.0019216819200664759 -0.0006036168779246509 -0.11234727501869202
v 0.005999040324240923 -0.0006041835877113044 -0.11307164281606674
v 0.002171232830733061 -0.0013432505074888468 -0.11239849776029587
v 0.002171232830733061 -0.0013432505074888468 -0.11239849776029587
v 0.005999040324240923 -0.0006041835877113044 -0.11307164281606674
v 0.0035761792678385973 -0.006999654229730368 -0.11255034059286118
v 0.002171232830733061 -0.0013432505074888468 -0.11239849776029587
v 0.0035761792678385973 -0.006999654229730368 -0.11255034059286118
v -0.003976741340011358 -0.0034329623449593782 -0.11061528325080872
v -0.003976741340011358 -0.0034329623449593782 -0.11061528325080872
v 0.0035761792678385973 -0.006999654229730368 -0.11255034059286118
v -0.002505905693396926 -0.009138613939285278 -0.11071180552244186
v -0.003976741340011358 -0.0034329623449593782 -0.11061528325080872
v -0.002505905693396926 -0.009138613939285278 -0.11071180552244186
v -0.006918009370565414 -0.00444095628336072 -0.10937076807022095
v -0.006918009370565414 -0.00444095628336072 -0.10937076807022095
v -0.002505905693396926 -0.009138613939285278 -0.11071180552244186
v -0.0053825825452804565 -0.010156315751373768 -0.10941624641418457
v -0.006918009370565414 -0.00444095628336072 -0.10937076807022095
v -0.0053825825452804565 -0.010156315751373768 -0.10941624641418457
v -0.009734468534588814 -0.005412404425442219 -0.10787433385848999
v -0.009734468534588814 -0.005412404425442219 -0.10787433385848999
v -0.0053825825452804565 -0.010156315751373768 -0.10941624641418457
v -0.008115638978779316 -0.011125752702355385 -0.107860267162323
v -0.009734468534588814 -0.005412404425442219 -0.10787433385848999
v -0.008115638978779316 -0.011125752702355385 -0.107860267162323
v -0.012398495338857174 -0.006337800528854132 -0.10611972957849503
v -0.012398495338857174 -0.006337800528854132 -0.10611972957849503
v -0.008115638978779316 -0.011125752702355385 -0.107860267162323
v -0.010680440813302994 -0.012037022039294243 -0.10604332387447357
v -0.012398495338857174 -0.006337800528854132 -0.10611972957849503
v -0.010680440813302994 -0.012037022039294243 -0.10604332387447357
v -0.014883769676089287 -0.007207651622593403 -0.10410656780004501
v -0.014883769676089287 -0.007207651622593403 -0.10410656780004501
v -0.010680440813302994 -0.012037022039294243 -0.10604332387447357
v -0.013054230250418186 -0.012880893424153328 -0.10397057235240936
v -0.014883769676089287 -0.007207651622593403 -0.10410656780004501
v -0.013054230250418186 -0.012880893424153328 -0.10397057235240936
v -0.01716664433479309 -0.008012854494154453 -0.10184113681316376
v -0.01716664433479309 -0.008012854494154453 -0.10184113681316376
v -0.013054230250418186 -0.012880893424153328 -0.10397057235240936
v -0.015217078849673271 -0.013649013824760914 -0.1016530767083168
v -0.01716664433479309 -0.008012854494154453 -0.10184113681316376
v -0.015217078849673271 -0.013649013824760914 -0.1016530767083168
v -0.018263068050146103 -0.011591077782213688 -0.09925226867198944
v -0.01752481982111931 -0.01748536340892315 -0.09619145840406418
v -0.018894923850893974 -0.017931126058101654 -0.09326355159282684
v -0.02030351012945175 -0.015434364788234234 -0.0934378057718277
v -0.02030351012945175 -0.015434364788234234 -0.0934378057718277
v -0.018894923850893974 -0.017931126058101654 -0.09326355159282684
v -0.020022733137011528 -0.018279679119586945 -0.09020692110061646
v -0.02030351012945175 -0.015434364788234234 -0.0934378057718277
v -0.020022733137011528 -0.018279679119586945 -0.09020692110061646
v -0.022489700466394424 -0.016156677156686783 -0.08723289519548416
v -0.022489700466394424 -0.016156677156686783 -0.08723289519548416
v -0.020022733137011528 -0.018279679119586945 -0.09020692110061646
v -0.02091679535806179 -0.01853271573781967 -0.08706238865852356
v -0.022489700466394424 -0.016156677156686783 -0.08723289519548416
v -0.02091679535806179 -0.01853271573781967 -0.08706238865852356
v -0.02209361083805561 -0.018755152821540833 -0.08064944297075272
v -0.02209361083805561 -0.018755152821540833 -0.08064944297075272
v -0.02091679535806179 -0.01853271573781967 -0.08706238865852356
v -0.020162813365459442 -0.020716797560453415 -0.08048217743635178
v -0.02209361083805561 -0.018755152821540833 -0.08064944297075272
v -0.020162813365459442 -0.020716797560453415 -0.08048217743635178
v -0.020588593557476997 -0.02044684626162052 -0.0740085318684578
v -0.020588593557476997 -0.02044684626162052 -0.0740085318684578
v -0.020162813365459442 -0.020716797560453415 -0.08048217743635178
v -0.018047932535409927 -0.022321276366710663 -0.08032577484846115
v -0.020588593557476997 -0.02044684626162052 -0.0740085318684578
v -0.018047932535409927 -0.022321276366710663 -0.08032577484846115
v -0.018297281116247177 -0.021898096427321434 -0.07384894043207169
v -0.018297281116247177 -0.021898096427321434 -0.07384894043207169
v -0.018047932535409927 -0.022321276366710663 -0.08032577484846115
v -0.017780518159270287 -0.02247881144285202 -0.07942403852939606
v -0.018297281116247177 -0.021898096427321434 -0.07384894043207169
v -0.017780518159270287 -0.02247881144285202 -0.07942403852939606
v -0.017460733652114868 -0.0224786214530468 -0.07585425674915314
v -0.024569641798734665 -0.016463937237858772 -0.07433418184518814
v -0.025361835956573486 -0.014000787399709225 -0.08097348362207413
v -0.023829083889722824 -0.016496960073709488 -0.0808180719614029
v -0.023829083889722824 -0.016496960073709488 -0.0808180719614029
v -0.025361835956573486 -0.014000787399709225 -0.08097348362207413
v -0.023880695924162865 -0.013572021387517452 -0.08739084750413895
v -0.023829083889722824 -0.016496960073709488 -0.0808180719614029
v -0.023880695924162865 -0.013572021387517452 -0.08739084750413895
v -0.022489700466394424 -0.016156677156686783 -0.08723289519548416
v -0.022489700466394424 -0.016156677156686783 -0.08723289519548416
v -0.023880695924162865 -0.013572021387517452 -0.08739084750413895
v -0.02155475504696369 -0.012765695340931416 -0.0935998409986496
v -0.022489700466394424 -0.016156677156686783 -0.08723289519548416
v -0.02155475504696369 -0.012765695340931416 -0.0935998409986496
v -0.02030351012945175 -0.015434364788234234 -0.0934378057718277
v -0.02030351012945175 -0.015434364788234234 -0.0934378057718277
v -0.02155475504696369 -0.012765695340931416 -0.0935998409986496
v -0.01885022036731243 -0.014930696226656437 -0.09635951370000839
v -0.02030351012945175 -0.015434364788234234 -0.0934378057718277
v -0.01885022036731243 -0.014930696226656437 -0.09635951370000839
v -0.01752481982111931 -0.01748536340892315 -0.09619145840406418
v -0.01752481982111931 -0.01748536340892315 -0.09619145840406418
v -0.01885022036731243 -0.014930696226656437 -0.09635951370000839
v -0.015910658985376358 -0.01694294437766075 -0.09895496815443039
v 0.015289895236492157 -0.003004565369337797 -0.11369476467370987
v 0.01529052946716547 -0.009098634123802185 -0.11369572579860687
v 0.00993263442069292 -0.004791261628270149 -0.11348263919353485
v 0.00993263442069292 -0.004791261628270149 -0.11348263919353485
v 0.01529052946716547 -0.009098634123802185 -0.11369572579860687
v 0.0115436976775527 -0.010271585546433926 -0.11357594281435013
v 0.00993263442069292 -0.004791261628270149 -0.11348263919353485
v 0.0115436976775527 -0.010271585546433926 -0.11357594281435013
v 0.0035761792678385973 -0.006999654229730368 -0.11255034059286118
v 0.0035761792678385973 -0.006999654229730368 -0.11255034059286118
v 0.0115436976775527 -0.010271585546433926 -0.11357594281435013
v 0.005217331927269697 -0.012505601160228252 -0.11269906163215637
v 0.0035761792678385973 -0.006999654229730368 -0.11255034059286118
v 0.005217331927269697 -0.012505601160228252 -0.11269906163215637
v -0.002505905693396926 -0.009138613939285278 -0.11071180552244186
v -0.002505905693396926 -0.009138613939285278 -0.11071180552244186
v 0.005217331927269697 -0.012505601160228252 -0.11269906163215637
v -0.0007433413993567228 -0.014635090716183186 -0.11081420630216599
v -0.002505905693396926 -0.009138613939285278 -0.11071180552244186
v -0.0007433413993567228 -0.014635090716183186 -0.11081420630216599
v -0.0053825825452804565 -0.010156315751373768 -0.10941624641418457
v -0.0053825825452804565 -0.010156315751373768 -0.10941624641418457
v -0.0007433413993567228 -0.014635090716183186 -0.11081420630216599
v -0.0035226051695644855 -0.015624361112713814 -0.10946466773748398
v -0.0053825825452804565 -0.010156315751373768 -0.10941624641418457
v -0.0035226051695644855 -0.015624361112713814 -0.10946466773748398
v -0.008115638978779316 -0.011125752702355385 -0.107860267162323
v -0.008115638978779316 -0.011125752702355385 -0.107860267162323
v -0.0035226051695644855 -0.015624361112713814 -0.10946466773748398
v -0.006135863251984119 -0.016546709463000298 -0.10784193128347397
v -0.008115638978779316 -0.011125752702355385 -0.107860267162323
v -0.006135863251984119 -0.016546709463000298 -0.10784193128347397
v -0.010680440813302994 -0.012037022039294243 -0.10604332387447357
v -0.010680440813302994 -0.012037022039294243 -0.10604332387447357
v -0.006135863251984119 -0.016546709463000298 -0.10784193128347397
v -0.008561519905924797 -0.017391609027981758 -0.10595248639583588
v -0.010680440813302994 -0.012037022039294243 -0.10604332387447357
v -0.008561519905924797 -0.017391609027981758 -0.10595248639583588
v -0.013054230250418186 -0.012880893424153328 -0.10397057235240936
v -0.013054230250418186 -0.012880893424153328 -0.10397057235240936
v -0.008561519905924797 -0.017391609027981758 -0.10595248639583588
v -0.010780579410493374 -0.018150268122553825 -0.10380855947732925
v -0.013054230250418186 -0.012880893424153328 -0.10397057235240936
v -0.010780579410493374 -0.018150268122553825 -0.10380855947732925
v -0.015217078849673271 -0.013649013824760914 -0.1016530767083168
v -0.015217078849673271 -0.013649013824760914 -0.1016530767083168
v -0.010780579410493374 -0.018150268122553825 -0.10380855947732925
v -0.012777240015566349 -0.01881575584411621 -0.10142770409584045
v -0.015217078849673271 -0.013649013824760914 -0.1016530767083168
v -0.012777240015566349 -0.01881575584411621 -0.10142770409584045
v -0.01453947089612484 -0.01938311941921711 -0.09883231669664383
v -0.01453947089612484 -0.01938311941921711 -0.09883231669664383
v -0.012777240015566349 -0.01881575584411621 -0.10142770409584045
v -0.01303906086832285 -0.021613553166389465 -0.09876645356416702
v -0.01453947089612484 -0.01938311941921711 -0.09883231669664383
v -0.01303906086832285 -0.021613553166389465 -0.09876645356416702
v -0.016059618443250656 -0.01984952762722969 -0.09604927897453308
v -0.016059618443250656 -0.01984952762722969 -0.09604927897453308
v -0.01303906086832285 -0.021613553166389465 -0.09876645356416702
v -0.0144569743424654 -0.021979525685310364 -0.09595830738544464
v -0.016059618443250656 -0.01984952762722969 -0.09604927897453308
v -0.0144569743424654 -0.021979525685310364 -0.09595830738544464
v -0.01733497716486454 -0.020214412361383438 -0.09310944378376007
v -0.01733497716486454 -0.020214412361383438 -0.09310944378376007
v -0.0144569743424654 -0.021979525685310364 -0.09595830738544464
v -0.015628362074494362 -0.02223789133131504 -0.0929981991648674
v -0.01733497716486454 -0.020214412361383438 -0.09310944378376007
v -0.015628362074494362 -0.02223789133131504 -0.0929981991648674
v -0.018368389457464218 -0.02047961764037609 -0.09004725515842438
v -0.018368389457464218 -0.02047961764037609 -0.09004725515842438
v -0.015628362074494362 -0.02223789133131504 -0.0929981991648674
v -0.016557415947318077 -0.022393399849534035 -0.08992049843072891
v -0.018368389457464218 -0.02047961764037609 -0.09004725515842438
v -0.016557415947318077 -0.022393399849534035 -0.08992049843072891
v -0.019168827682733536 -0.02064947597682476 -0.08690030872821808
v -0.019168827682733536 -0.02064947597682476 -0.08690030872821808
v -0.016557415947318077 -0.022393399849534035 -0.08992049843072891
v -0.017254149541258812 -0.022454002872109413 -0.08676151186227798
v -0.024130675941705704 -0.004125358536839485 -0.09364958107471466
v -0.023504123091697693 -0.007068664766848087 -0.09373266249895096
v -0.026035184040665627 -0.00796149205416441 -0.08755791187286377
v -0.026035184040665627 -0.00796149205416441 -0.08755791187286377
v -0.023504123091697693 -0.007068664766848087 -0.09373266249895096
v -0.025073278695344925 -0.010824003256857395 -0.08750737458467484
v -0.026035184040665627 -0.00796149205416441 -0.08755791187286377
v -0.025073278695344925 -0.010824003256857395 -0.08750737458467484
v -0.026674393564462662 -0.011317075230181217 -0.08109381794929504
v -0.026674393564462662 -0.011317075230181217 -0.08109381794929504
v -0.025073278695344925 -0.010824003256857395 -0.08750737458467484
v -0.025361835956573486 -0.014000787399709225 -0.08097348362207413
v -0.026674393564462662 -0.011317075230181217 -0.08109381794929504
v -0.025361835956573486 -0.014000787399709225 -0.08097348362207413
v -0.02623688615858555 -0.01406193245202303 -0.07448296993970871
v -0.02623688615858555 -0.01406193245202303 -0.07448296993970871
v -0.025361835956573486 -0.014000787399709225 -0.08097348362207413
v -0.024569641798734665 -0.016463937237858772 -0.07433418184518814
v -0.02623688615858555 -0.01406193245202303 -0.07448296993970871
v -0.024569641798734665 -0.016463937237858772 -0.07433418184518814
v -0.02495143748819828 -0.01614881306886673 -0.06784000247716904
v -0.02495143748819828 -0.01614881306886673 -0.06784000247716904
v -0.024569641798734665 -0.016463937237858772 -0.07433418184518814
v -0.022683998569846153 -0.0186131801456213 -0.07417222857475281
v -0.02495143748819828 -0.01614881306886673 -0.06784000247716904
v -0.022683998569846153 -0.0186131801456213 -0.07417222857475281
v -0.023086082190275192 -0.017693132162094116 -0.06125102564692497
v -0.023086082190275192 -0.017693132162094116 -0.06125102564692497
v -0.022683998569846153 -0.0186131801456213 -0.07417222857475281
v -0.02077544666826725 -0.019379686564207077 -0.06113218888640404
v -0.023086082190275192 -0.017693132162094116 -0.06125102564692497
v -0.02077544666826725 -0.019379686564207077 -0.06113218888640404
v -0.020915579050779343 -0.01893232949078083 -0.054745133966207504
v -0.020915579050779343 -0.01893232949078083 -0.054745133966207504
v -0.02077544666826725 -0.019379686564207077 -0.06113218888640404
v -0.018252762034535408 -0.020689263939857483 -0.06100589409470558
v -0.020915579050779343 -0.01893232949078083 -0.054745133966207504
v -0.018252762034535408 -0.020689263939857483 -0.06100589409470558
v -0.018349995836615562 -0.02023744210600853 -0.0546405166387558
v -0.018349995836615562 -0.02023744210600853 -0.0546405166387558
v -0.018252762034535408 -0.020689263939857483 -0.06100589409470558
v -0.015584468841552734 -0.021617332473397255 -0.06087383255362511
v -0.018349995836615562 -0.02023744210600853 -0.0546405166387558
v -0.015584468841552734 -0.021617332473397255 -0.06087383255362511
v -0.015629103407263756 -0.021169498562812805 -0.05451914295554161
v -0.015629103407263756 -0.021169498562812805 -0.05451914295554161
v -0.015584468841552734 -0.021617332473397255 -0.06087383255362511
v -0.010336709208786488 -0.02247811108827591 -0.05966229364275932
v -0.015629103407263756 -0.021169498562812805 -0.05451914295554161
v -0.010336709208786488 -0.02247811108827591 -0.05966229364275932
v -0.01001228392124176 -0.02217637374997139 -0.05424010753631592
v -0.01001228392124176 -0.02217637374997139 -0.05424010753631592
v -0.010336709208786488 -0.02247811108827591 -0.05966229364275932
v -0.00793201383203268 -0.022478992119431496 -0.057025011628866196
v -0.01001228392124176 -0.02217637374997139 -0.05424010753631592
v -0.00793201383203268 -0.022478992119431496 -0.057025011628866196
v -0.005256968550384045 -0.02247784659266472 -0.054659001529216766
v -0.026782028377056122 -0.0005989714991301298 -0.08843258768320084
v -0.025195613503456116 -0.000599521619733423 -0.09207166731357574
v -0.024480491876602173 -0.0011735584121197462 -0.09344975650310516
v -0.024480491876602173 -0.0011735584121197462 -0.09344975650310516
v -0.025195613503456116 -0.000599521619733423 -0.09207166731357574
v -0.023389508947730064 -0.0005997060798108578 -0.0953565388917923
v -0.024480491876602173 -0.0011735584121197462 -0.09344975650310516
v -0.023389508947730064 -0.0005997060798108578 -0.0953565388917923
v -0.024130675941705704 -0.004125358536839485 -0.09364958107471466
v -0.024130675941705704 -0.004125358536839485 -0.09364958107471466
v -0.023389508947730064 -0.0005997060798108578 -0.0953565388917923
v -0.0205832589417696 -0.0028880368918180466 -0.09918233007192612
v -0.024130675941705704 -0.004125358536839485 -0.09364958107471466
v -0.0205832589417696 -0.0028880368918180466 -0.09918233007192612
v -0.023504123091697693 -0.007068664766848087 -0.09373266249895096
v -0.023504123091697693 -0.007068664766848087 -0.09373266249895096
v -0.0205832589417696 -0.0028880368918180466 -0.09918233007192612
v -0.020013950765132904 -0.005831790156662464 -0.09932244569063187
v -0.023504123091697693 -0.007068664766848087 -0.09373266249895096
v -0.020013950765132904 -0.005831790156662464 -0.09932244569063187
v -0.022632548585534096 -0.009963094256818295 -0.09370893239974976
v -0.022632548585534096 -0.009963094256818295 -0.09370893239974976
v -0.020013950765132904 -0.005831790156662464 -0.09932244569063187
v -0.019227471202611923 -0.008745062164962292 -0.09933705627918243
v -0.022632548585534096 -0.009963094256818295 -0.09370893239974976
v -0.019227471202611923 -0.008745062164962292 -0.09933705627918243
v -0.02155475504696369 -0.012765695340931416 -0.0935998409986496
v -0.02155475504696369 -0.012765695340931416 -0.0935998409986496
v -0.019227471202611923 -0.008745062164962292 -0.09933705627918243
v -0.018263068050146103 -0.011591077782213688 -0.09925226867198944
v -0.02155475504696369 -0.012765695340931416 -0.0935998409986496
v -0.018263068050146103 -0.011591077782213688 -0.09925226867198944
v -0.01715286448597908 -0.014334208332002163 -0.09910812973976135
v -0.01715286448597908 -0.014334208332002163 -0.09910812973976135
v -0.018263068050146103 -0.011591077782213688 -0.09925226867198944
v -0.015217078849673271 -0.013649013824760914 -0.1016530767083168
v -0.01715286448597908 -0.014334208332002163 -0.09910812973976135
v -0.015217078849673271 -0.013649013824760914 -0.1016530767083168
v -0.015910658985376358 -0.01694294437766075 -0.09895496815443039
v -0.015910658985376358 -0.01694294437766075 -0.09895496815443039
v -0.015217078849673271 -0.013649013824760914 -0.1016530767083168
v -0.01453947089612484 -0.01938311941921711 -0.09883231669664383
v -0.015910658985376358 -0.01694294437766075 -0.09895496815443039
v -0.01453947089612484 -0.01938311941921711 -0.09883231669664383
v -0.01752481982111931 -0.01748536340892315 -0.09619145840406418
v -0.01752481982111931 -0.01748536340892315 -0.09619145840406418
v -0.01453947089612484 -0.01938311941921711 -0.09883231669664383
v -0.016059618443250656 -0.01984952762722969 -0.09604927897453308
v -0.01752481982111931 -0.01748536340892315 -0.09619145840406418
v -0.016059618443250656 -0.01984952762722969 -0.09604927897453308
v -0.018894923850893974 -0.017931126058101654 -0.09326355159282684
v -0.018894923850893974 -0.017931126058101654 -0.09326355159282684
v -0.016059618443250656 -0.01984952762722969 -0.09604927897453308
v -0.01733497716486454 -0.020214412361383438 -0.09310944378376007
v -0.018894923850893974 -0.017931126058101654 -0.09326355159282684
v -0.01733497716486454 -0.020214412361383438 -0.09310944378376007
v -0.020022733137011528 -0.018279679119586945 -0.09020692110061646
v -0.020022733137011528 -0.018279679119586945 -0.09020692110061646
v -0.01733497716486454 -0.020214412361383438 -0.09310944378376007
v -0.018368389457464218 -0.02047961764037609 -0.09004725515842438
v -0.020022733137011528 -0.018279679119586945 -0.09020692110061646
v -0.018368389457464218 -0.02047961764037609 -0.09004725515842438
v -0.02091679535806179 -0.01853271573781967 -0.08706238865852356
v -0.02091679535806179 -0.01853271573781967 -0.08706238865852356
v -0.018368389457464218 -0.02047961764037609 -0.09004725515842438
v -0.019168827682733536 -0.02064947597682476 -0.08690030872821808
v -0.02091679535806179 -0.01853271573781967 -0.08706238865852356
v -0.019168827682733536 -0.02064947597682476 -0.08690030872821808
v -0.020162813365459442 -0.020716797560453415 -0.08048217743635178
v -0.020162813365459442 -0.020716797560453415 -0.08048217743635178
v -0.019168827682733536 -0.02064947597682476 -0.08690030872821808
v -0.017254149541258812 -0.022454002872109413 -0.08676151186227798
v -0.020162813365459442 -0.020716797560453415 -0.08048217743635178
v -0.017254149541258812 -0.022454002872109413 -0.08676151186227798
v -0.018047932535409927 -0.022321276366710663 -0.08032577484846115
v -0.018047932535409927 -0.022321276366710663 -0.08032577484846115
v -0.017254149541258812 -0.022454002872109413 -0.08676151186227798
v -0.01772366836667061 -0.022478945553302765 -0.08285745233297348
v -0.018047932535409927 -0.022321276366710663 -0.08032577484846115
v -0.01772366836667061 -0.022478945553302765 -0.08285745233297348
v -0.017780518159270287 -0.02247881144285202 -0.07942403852939606
v 0.031875792890787125 0.02621247060596943 -0.10923951119184494
v 0.03187590092420578 -0.022478235885500908 -0.10923951119184494
v 0.026877734810113907 -0.022478245198726654 -0.11160077154636383
v 0.02687762677669525 0.026212461292743683 -0.11160076409578323
v 0.02687762677669525 0.026212461292743683 -0.11160076409578323
v 0.026877734810113907 -0.022478245198726654 -0.11160077154636383
v 0.020696135237812996 -0.022478263825178146 -0.1132512241601944
v 0.02069602720439434 0.026212450116872787 -0.1132512241601944
v 0.020696135237812996 -0.022478263825178146 -0.1132512241601944
v 0.01529039815068245 -0.022478342056274414 -0.11369588226079941
v 0.015288570895791054 -0.02086314558982849 -0.11369651556015015
v 0.015288570895791054 -0.02086314558982849 -0.11369651556015015
v 0.015287252143025398 -0.020024411380290985 -0.1136961281299591
v 0.020696135237812996 -0.022478263825178146 -0.1132512241601944
v 0.020696135237812996 -0.022478263825178146 -0.1132512241601944
v 0.015287252143025398 -0.020024411380290985 -0.1136961281299591
v 0.01528711337596178 -0.015078023076057434 -0.11369603127241135
v 0.020696135237812996 -0.022478263825178146 -0.1132512241601944
v 0.01528711337596178 -0.015078023076057434 -0.11369603127241135
v 0.01529052946716547 -0.009098634123802185 -0.11369572579860687
v 0.015290413983166218 0.018012911081314087 -0.11369574069976807
v 0.015290394425392151 0.023346230387687683 -0.11369574069976807
v 0.02069602720439434 0.026212450116872787 -0.1132512241601944
v 0.015290392562747002 0.024078384041786194 -0.11369574069976807
v 0.02069602720439434 0.026212450116872787 -0.1132512241601944
v 0.015290392562747002 0.024078384041786194 -0.11369574069976807
v 0.015290385112166405 0.02621251344680786 -0.11369597911834717
v 0.01529052946716547 -0.009098634123802185 -0.11369572579860687
v 0.015289895236492157 -0.003004565369337797 -0.11369476467370987
v 0.020696135237812996 -0.022478263825178146 -0.1132512241601944
v 0.020696135237812996 -0.022478263825178146 -0.1132512241601944
v 0.015289895236492157 -0.003004565369337797 -0.11369476467370987
v 0.015290480107069016 -0.0006048824288882315 -0.11369692534208298
v 0.020696135237812996 -0.022478263825178146 -0.1132512241601944
v 0.015290480107069016 -0.0006048824288882315 -0.11369692534208298
v 0.02069602720439434 0.026212450116872787 -0.1132512241601944
v 0.02069602720439434 0.026212450116872787 -0.1132512241601944
v 0.015290480107069016 -0.0006048824288882315 -0.11369692534208298
v 0.015290435403585434 0.011783972382545471 -0.11369574069976807
v 0.015290435403585434 0.011783972382545471 -0.11369574069976807
v -0.00793201383203268 -0.022478992119431496 -0.057025011628866196
v -0.010336709208786488 -0.02247811108827591 -0.05966229364275932
v 0.00042090279748663306 -0.022478170692920685 -0.05489148199558258
v -0.00793201383203268 -0.022478992119431496 -0.057025011628866196
v 0.00042090279748663306 -0.022478170692920685 -0.05489148199558258
v -0.005256968550384045 -0.02247784659266472 -0.054659001529216766
v -0.005256968550384045 -0.02247784659266472 -0.054659001529216766
v 0.00042090279748663306 -0.022478170692920685 -0.05489148199558258
v 7.621306576766074e-05 -0.02247830480337143 -0.053592510521411896
v -0.005256968550384045 -0.02247784659266472 -0.054659001529216766
v 7.621306576766074e-05 -0.02247830480337143 -0.053592510521411896
v -0.002307078568264842 -0.02247742936015129 -0.052574727684259415
v -0.002307078568264842 -0.02247742936015129 -0.052574727684259415
v 7.621306576766074e-05 -0.02247830480337143 -0.053592510521411896
v 1.0435985132062342e-05 -0.02247830480337143 -0.05258963257074356
v -0.002307078568264842 -0.02247742936015129 -0.052574727684259415
v 1.0435985132062342e-05 -0.02247830480337143 -0.05258963257074356
v -2.8414367534423945e-06 -0.022478297352790833 -0.051254890859127045
v -0.0073471819050610065 -0.022478174418210983 -0.09920186549425125
v -0.00825722236186266 -0.02247849851846695 -0.1038537323474884
v -0.004903164226561785 -0.022478170692920685 -0.1018298864364624
v -0.004903164226561785 -0.022478170692920685 -0.1018298864364624
v -0.00825722236186266 -0.02247849851846695 -0.1038537323474884
v -0.007073978893458843 -0.022478317841887474 -0.10499434173107147
v -0.004903164226561785 -0.022478170692920685 -0.1018298864364624
v -0.007073978893458843 -0.022478317841887474 -0.10499434173107147
v -0.002243840368464589 -0.022478174418210983 -0.10407354682683945
v -0.002243840368464589 -0.022478174418210983 -0.10407354682683945
v -0.007073978893458843 -0.022478317841887474 -0.10499434173107147
v -0.004269690252840519 -0.022478649392724037 -0.1072963997721672
v -0.002243840368464589 -0.022478174418210983 -0.10407354682683945
v -0.004269690252840519 -0.022478649392724037 -0.1072963997721672
v 0.0006950273527763784 -0.022478170692920685 -0.10600505769252777
v 0.0006950273527763784 -0.022478170692920685 -0.10600505769252777
v -0.004269690252840519 -0.022478649392724037 -0.1072963997721672
v -0.0014245770871639252 -0.022479338571429253 -0.10916456580162048
v 0.0006950273527763784 -0.022478170692920685 -0.10600505769252777
v -0.0014245770871639252 -0.022479338571429253 -0.10916456580162048
v 0.003788113361224532 -0.022478172555565834 -0.10754679888486862
v 0.003788113361224532 -0.022478172555565834 -0.10754679888486862
v -0.0014245770871639252 -0.022479338571429253 -0.10916456580162048
v 0.0017018594080582261 -0.022478893399238586 -0.11077769845724106
v 0.003788113361224532 -0.022478172555565834 -0.10754679888486862
v 0.0017018594080582261 -0.022478893399238586 -0.11077769845724106
v 0.007028165739029646 -0.022478168830275536 -0.10870936512947083
v 0.0006073152180761099 -0.022478237748146057 -0.05525096133351326
v 0.00042090279748663306 -0.022478170692920685 -0.05489148199558258
v -0.002237857086583972 -0.022478168830275536 -0.057127051055431366
v -0.002237857086583972 -0.022478168830275536 -0.057127051055431366
v 0.00042090279748663306 -0.022478170692920685 -0.05489148199558258
v -0.010336709208786488 -0.02247811108827591 -0.05966229364275932
v -0.004856599494814873 -0.022478174418210983 -0.059331342577934265
v -0.007202827371656895 -0.022478172555565834 -0.06182899698615074
v 0.0017018594080582261 -0.022478893399238586 -0.11077769845724106
v 0.004902038723230362 -0.02247837372124195 -0.11202316731214523
v 0.007028165739029646 -0.022478168830275536 -0.10870936512947083
v 0.007028165739029646 -0.022478168830275536 -0.10870936512947083
v 0.004902038723230362 -0.02247837372124195 -0.11202316731214523
v 0.008210192434489727 -0.022478435188531876 -0.11292928457260132
v 0.007028165739029646 -0.022478168830275536 -0.10870936512947083
v 0.008210192434489727 -0.022478435188531876 -0.11292928457260132
v 0.010355431586503983 -0.022478170692920685 -0.10948006808757782
v 0.030826915055513382 -0.022478235885500908 -0.10742831975221634
v 0.02997317537665367 -0.02247820794582367 -0.10595425218343735
v 0.029551725834608078 -0.022478170692920685 -0.1061936691403389
v 0.008210192434489727 -0.022478435188531876 -0.11292928457260132
v 0.0092195188626647 -0.022478368133306503 -0.11313378810882568
v 0.010355431586503983 -0.022478170692920685 -0.10948006808757782
v 0.010355431586503983 -0.022478170692920685 -0.10948006808757782
v 0.0092195188626647 -0.022478368133306503 -0.11313378810882568
v 0.010297763161361217 -0.022478381171822548 -0.11331644654273987
v 0.01360701210796833 -0.022478172555565834 -0.10984975844621658
v 0.01360701210796833 -0.022478172555565834 -0.10984975844621658
v 0.010297763161361217 -0.022478381171822548 -0.11331644654273987
v 0.011976723559200764 -0.022478891536593437 -0.11352871358394623
v 0.01360701210796833 -0.022478172555565834 -0.10984975844621658
v 0.011976723559200764 -0.022478891536593437 -0.11352871358394623
v 0.01695060543715954 -0.022478172555565834 -0.10985144227743149
v 0.01695060543715954 -0.022478172555565834 -0.10985144227743149
v 0.011976723559200764 -0.022478891536593437 -0.11352871358394623
v 0.01529039815068245 -0.022478342056274414 -0.11369588226079941
v 0.01695060543715954 -0.022478172555565834 -0.10985144227743149
v 0.01529039815068245 -0.022478342056274414 -0.11369588226079941
v 0.02030865289270878 -0.022478174418210983 -0.1094653382897377
v 0.02030865289270878 -0.022478174418210983 -0.1094653382897377
v 0.01529039815068245 -0.022478342056274414 -0.11369588226079941
v 0.020696135237812996 -0.022478263825178146 -0.1132512241601944
v 0.02030865289270878 -0.022478174418210983 -0.1094653382897377
v 0.020696135237812996 -0.022478263825178146 -0.1132512241601944
v 0.02352933958172798 -0.022478168830275536 -0.10871627926826477
v 0.026877734810113907 -0.022478245198726654 -0.11160077154636383
v 0.026650065556168556 -0.022478168830275536 -0.10760696977376938
v 0.029551725834608078 -0.022478170692920685 -0.1061936691403389
v 0.03187590092420578 -0.022478235885500908 -0.10923951119184494
v 0.029551725834608078 -0.022478170692920685 -0.1061936691403389
v 0.03187590092420578 -0.022478235885500908 -0.10923951119184494
v 0.030826915055513382 -0.022478235885500908 -0.10742831975221634
v -0.009292926639318466 -0.022478170692920685 -0.06466203927993774
v -0.009292926639318466 -0.022478170692920685 -0.06466203927993774
v -0.010336709208786488 -0.02247811108827591 -0.05966229364275932
v -0.012430349364876747 -0.02247774973511696 -0.06252408027648926
v -0.009292926639318466 -0.022478170692920685 -0.06466203927993774
v -0.012430349364876747 -0.02247774973511696 -0.06252408027648926
v -0.010887897573411465 -0.022478174418210983 -0.06744426488876343
v -0.010887897573411465 -0.022478174418210983 -0.06744426488876343
v -0.012430349364876747 -0.02247774973511696 -0.06252408027648926
v -0.01431531272828579 -0.02247813530266285 -0.06581486016511917
v -0.010887897573411465 -0.022478174418210983 -0.06744426488876343
v -0.01431531272828579 -0.02247813530266285 -0.06581486016511917
v -0.012267434038221836 -0.022478170692920685 -0.07064992189407349
v -0.012267434038221836 -0.022478170692920685 -0.07064992189407349
v -0.01431531272828579 -0.02247813530266285 -0.06581486016511917
v -0.0157460980117321 -0.02247820608317852 -0.06911564618349075
v -0.012267434038221836 -0.022478170692920685 -0.07064992189407349
v -0.0157460980117321 -0.02247820608317852 -0.06911564618349075
v -0.013238177634775639 -0.022478174418210983 -0.07392330467700958
v -0.013238177634775639 -0.022478174418210983 -0.07392330467700958
v -0.0157460980117321 -0.02247820608317852 -0.06911564618349075
v -0.016791731119155884 -0.02247844822704792 -0.0724806860089302
v -0.013238177634775639 -0.022478174418210983 -0.07392330467700958
v -0.016791731119155884 -0.02247844822704792 -0.0724806860089302
v -0.013821815140545368 -0.022478168830275536 -0.07728766649961472
v -0.013821815140545368 -0.022478168830275536 -0.07728766649961472
v -0.016791731119155884 -0.02247844822704792 -0.0724806860089302
v -0.017460733652114868 -0.0224786214530468 -0.07585425674915314
v -0.013821815140545368 -0.022478168830275536 -0.07728766649961472
v -0.017460733652114868 -0.0224786214530468 -0.07585425674915314
v -0.014009968377649784 -0.022478170692920685 -0.08066270500421524
v -0.014009968377649784 -0.022478170692920685 -0.08066270500421524
v -0.017460733652114868 -0.0224786214530468 -0.07585425674915314
v -0.017780518159270287 -0.02247881144285202 -0.07942403852939606
v -0.014009968377649784 -0.022478170692920685 -0.08066270500421524
v -0.017780518159270287 -0.02247881144285202 -0.07942403852939606
v -0.013808059506118298 -0.022478172555565834 -0.08403466641902924
v -0.013808059506118298 -0.022478172555565834 -0.08403466641902924
v -0.017780518159270287 -0.02247881144285202 -0.07942403852939606
v -0.01772366836667061 -0.022478945553302765 -0.08285745233297348
v -0.013234427198767662 -0.022478172555565834 -0.08729875832796097
v -0.01772366836667061 -0.022478945553302765 -0.08285745233297348
v -0.017285410314798355 -0.02247811295092106 -0.08643024414777756
v -0.013234427198767662 -0.022478172555565834 -0.08729875832796097
v -0.013234427198767662 -0.022478172555565834 -0.08729875832796097
v -0.017285410314798355 -0.02247811295092106 -0.08643024414777756
v -0.01647445745766163 -0.022478723898530006 -0.08988615870475769
v -0.013234427198767662 -0.022478172555565834 -0.08729875832796097
v -0.01647445745766163 -0.022478723898530006 -0.08988615870475769
v -0.012276607565581799 -0.022478172555565834 -0.09052879363298416
v -0.012276607565581799 -0.022478172555565834 -0.09052879363298416
v -0.01647445745766163 -0.022478723898530006 -0.08988615870475769
v -0.015305916778743267 -0.022478915750980377 -0.09321513026952744
v -0.012276607565581799 -0.022478172555565834 -0.09052879363298416
v -0.015305916778743267 -0.022478915750980377 -0.09321513026952744
v -0.011014147661626339 -0.022478170692920685 -0.09350728988647461
v -0.011014147661626339 -0.022478170692920685 -0.09350728988647461
v -0.015305916778743267 -0.022478915750980377 -0.09321513026952744
v -0.013731618411839008 -0.022478654980659485 -0.09650582820177078
v -0.011014147661626339 -0.022478170692920685 -0.09350728988647461
v -0.013731618411839008 -0.022478654980659485 -0.09650582820177078
v -0.009343885816633701 -0.022478168830275536 -0.09646397829055786
v -0.009343885816633701 -0.022478168830275536 -0.09646397829055786
v -0.013731618411839008 -0.022478654980659485 -0.09650582820177078
v -0.011854703538119793 -0.022478504106402397 -0.09953092038631439
v -0.009343885816633701 -0.022478168830275536 -0.09646397829055786
v -0.011854703538119793 -0.022478504106402397 -0.09953092038631439
v -0.0073471819050610065 -0.022478174418210983 -0.09920186549425125
v -0.011854703538119793 -0.022478504106402397 -0.09953092038631439
v -0.009693880565464497 -0.02247864194214344 -0.10230248421430588
v -0.0073471819050610065 -0.022478174418210983 -0.09920186549425125
v -0.009693880565464497 -0.02247864194214344 -0.10230248421430588
v -0.00825722236186266 -0.02247849851846695 -0.1038537323474884
v 7.610987813677639e-05 0.02621239423751831 -0.053592756390571594
v -0.003994778264313936 0.026212386786937714 -0.05370550602674484
v 1.0328612006560434e-05 0.02621239423751831 -0.05258964002132416
v -0.0009452427038922906 0.02621239237487316 -0.05176510661840439
v 1.0328612006560434e-05 0.02621239423751831 -0.05258964002132416
v -0.0009452427038922906 0.02621239237487316 -0.05176510661840439
v -2.9697644094994757e-06 0.026212498545646667 -0.05125484988093376
v -0.01745365373790264 0.026212362572550774 -0.08540967851877213
v -0.009355307556688786 0.02621237374842167 -0.05851636081933975
v -0.006806437391787767 0.026212379336357117 -0.055964644998311996
v 0.030826762318611145 0.02621247060596943 -0.10742824524641037
v 0.007170206867158413 0.026212411001324654 -0.11268532276153564
v 0.004588990937918425 0.026212405413389206 -0.11191785335540771
v 0.04584025591611862 0.026212496683001518 -0.0753401443362236
v -0.016724076122045517 0.026212362572550774 -0.08898323029279709
v 0.015290385112166405 0.02621251344680786 -0.11369597911834717
v 0.011646809987723827 0.026212433353066444 -0.11349591612815857
v 0.030826762318611145 0.02621247060596943 -0.10742824524641037
v 0.030826762318611145 0.02621247060596943 -0.10742824524641037
v 0.011646809987723827 0.026212433353066444 -0.11349591612815857
v 0.008077071979641914 0.026212411001324654 -0.11290182173252106
v 0.008077071979641914 0.026212411001324654 -0.11290182173252106
v -0.01356406882405281 0.026212364435195923 -0.06439277529716492
v -0.01771572045981884 0.026212366297841072 -0.0781925842165947
v -0.015178795903921127 0.026212360709905624 -0.06768517941236496
v -0.015178795903921127 0.026212360709905624 -0.06768517941236496
v -0.01771572045981884 0.026212366297841072 -0.0781925842165947
v -0.017255930230021477 0.02621236816048622 -0.07459867745637894
v -0.015178795903921127 0.026212360709905624 -0.06768517941236496
v -0.017255930230021477 0.02621236816048622 -0.07459867745637894
v -0.01640823297202587 0.02621237188577652 -0.07108481228351593
v -0.01414993591606617 0.026212364435195923 -0.09572356194257736
v 0.03228112310171127 0.026212472468614578 -0.10653151571750641
v -0.015621758997440338 0.026212362572550774 -0.09242761880159378
v 0.0015873253578320146 0.02621239610016346 -0.05279557406902313
v 0.00835578702390194 0.026212424039840698 -0.050388142466545105
v -0.017784181982278824 0.026212364435195923 -0.08180585503578186
v -0.011619260534644127 0.02621237002313137 -0.06133418530225754
v 0.044960640370845795 0.026212502270936966 -0.08958394825458527
v 0.042096663266420364 0.02621249482035637 -0.09617222845554352
v 0.0377931222319603 0.026212485507130623 -0.10192438960075378
v 0.015496640466153622 0.026212437078356743 -0.04960329085588455
v 0.02262640744447708 0.026212450116872787 -0.050483182072639465
v 0.029362203553318977 0.026212461292743683 -0.05298054218292236
v -0.004936599172651768 0.026212390512228012 -0.10679452121257782
v -0.007697503548115492 0.026212386786937714 -0.1044105663895607
v 0.031875792890787125 0.02621247060596943 -0.10923951119184494
v 0.02687762677669525 0.026212461292743683 -0.11160076409578323
v 0.02069602720439434 0.026212450116872787 -0.1132512241601944
v 0.030826762318611145 0.02621247060596943 -0.10742824524641037
v 0.02069602720439434 0.026212450116872787 -0.1132512241601944
v 0.015290385112166405 0.02621251344680786 -0.11369597911834717
v 0.0012205196544528008 0.026212399825453758 -0.11055923253297806
v -0.0019583292305469513 0.02621239610016346 -0.10884886234998703
v -0.010159480385482311 0.026212383061647415 -0.10175954550504684
v -0.012317423708736897 0.026212366297841072 -0.09885098785161972
v 0.04623124748468399 0.026212507858872414 -0.08251335471868515
v 0.03534230217337608 0.026212485507130623 -0.056961268186569214
v 0.04024555906653404 0.02621249109506607 -0.06221158057451248
v 0.04380865767598152 0.02621249482035637 -0.06844954937696457
v -0.03206023946404457 0.0002934873045887798 -0.03615729883313179
v -0.03207194060087204 -0.0006037414423190057 -0.036157432943582535
v -0.03216443955898285 -0.0006041849264875054 -0.027678895741701126
v -0.032420072704553604 -0.0006023277528584003 -0.005101380404084921
v -0.03243067488074303 -0.0006022081943228841 -0.004218501504510641
v -0.03225432336330414 0.004691585898399353 -0.004218879621475935
v 5.000274541089311e-06 0.0310098584741354 -0.004218637943267822
v 1.3625350447910023e-07 0.03048444166779518 -0.009337753057479858
v -0.0009766430594027042 0.031008008867502213 -0.004218887072056532
v -0.0009766430594027042 0.031008008867502213 -0.004218887072056532
v 1.3625350447910023e-07 0.03048444166779518 -0.009337753057479858
v -0.005989328492432833 0.029711147770285606 -0.012471616268157959
v -0.012459969148039818 0.028608301654458046 -0.012283404357731342
v -0.009210352785885334 0.030269581824541092 -0.004218112211674452
v -0.005989328492432833 0.029711147770285606 -0.012471616268157959
v -0.005989328492432833 0.029711147770285606 -0.012471616268157959
v -0.009210352785885334 0.030269581824541092 -0.004218112211674452
v -0.005316612776368856 0.030775588005781174 -0.004218100104480982
v -0.005989328492432833 0.029711147770285606 -0.012471616268157959
v -0.005316612776368856 0.030775588005781174 -0.004218100104480982
v -0.0009766430594027042 0.031008008867502213 -0.004218887072056532
v -0.015571903437376022 0.027655381709337234 -0.012157799676060677
v -0.013126090168952942 0.029398081824183464 -0.004218734335154295
v -0.012459969148039818 0.028608301654458046 -0.012283404357731342
v -0.012459969148039818 0.028608301654458046 -0.012283404357731342
v -0.013126090168952942 0.029398081824183464 -0.004218734335154295
v -0.012410474941134453 0.029591066762804985 -0.004218629095703363
v -0.012459969148039818 0.028608301654458046 -0.012283404357731342
v -0.012410474941134453 0.029591066762804985 -0.004218629095703363
v -0.009210352785885334 0.030269581824541092 -0.004218112211674452
v -0.02376192808151245 0.022594204172492027 -0.011664913035929203
v -0.02104008197784424 0.02571016363799572 -0.004222271032631397
v -0.02128160186111927 0.024664098396897316 -0.011844969354569912
v -0.02128160186111927 0.024664098396897316 -0.011844969354569912
v -0.02104008197784424 0.02571016363799572 -0.004222271032631397
v -0.01871628873050213 0.027161048725247383 -0.00422371830791235
v -0.02128160186111927 0.024664098396897316 -0.011844969354569912
v -0.01871628873050213 0.027161048725247383 -0.00422371830791235
v -0.01853214204311371 0.026353314518928528 -0.012010994367301464
v -0.01853214204311371 0.026353314518928528 -0.012010994367301464
v -0.01871628873050213 0.027161048725247383 -0.00422371830791235
v -0.016685163602232933 0.02814713679254055 -0.004222522489726543
v -0.01853214204311371 0.026353314518928528 -0.012010994367301464
v -0.016685163602232933 0.02814713679254055 -0.004222522489726543
v -0.015571903437376022 0.027655381709337234 -0.012157799676060677
v -0.015571903437376022 0.027655381709337234 -0.012157799676060677
v -0.016685163602232933 0.02814713679254055 -0.004222522489726543
v -0.016258135437965393 0.028326474130153656 -0.004222054034471512
v -0.015571903437376022 0.027655381709337234 -0.012157799676060677
v -0.016258135437965393 0.028326474130153656 -0.004222054034471512
v -0.013126090168952942 0.029398081824183464 -0.004218734335154295
v -0.03145762160420418 0.00982067920267582 -0.004217407666146755
v -0.03097517415881157 0.011590625159442425 -0.004216330125927925
v -0.030674006789922714 0.011792860925197601 -0.01094187144190073
v -0.030674006789922714 0.011792860925197601 -0.01094187144190073
v -0.03097517415881157 0.011590625159442425 -0.004216330125927925
v -0.029882604256272316 0.014541459269821644 -0.004214386455714703
v -0.030674006789922714 0.011792860925197601 -0.01094187144190073
v -0.029882604256272316 0.014541459269821644 -0.004214386455714703
v -0.029436029493808746 0.014784300699830055 -0.01111788023263216
v -0.029436029493808746 0.014784300699830055 -0.01111788023263216
v -0.029882604256272316 0.014541459269821644 -0.004214386455714703
v -0.02852536551654339 0.01723763346672058 -0.004213460721075535
v -0.029436029493808746 0.014784300699830055 -0.01111788023263216
v -0.02852536551654339 0.01723763346672058 -0.004213460721075535
v -0.027848156169056892 0.017600668594241142 -0.011296965181827545
v -0.027848156169056892 0.017600668594241142 -0.011296965181827545
v -0.02852536551654339 0.01723763346672058 -0.004213460721075535
v -0.02691490948200226 0.019736962392926216 -0.004214566666632891
v -0.027848156169056892 0.017600668594241142 -0.011296965181827545
v -0.02691490948200226 0.019736962392926216 -0.004214566666632891
v -0.025946468114852905 0.020214423537254333 -0.011479871347546577
v -0.025946468114852905 0.020214423537254333 -0.011479871347546577
v -0.02691490948200226 0.019736962392926216 -0.004214566666632891
v -0.025078697130084038 0.022041043266654015 -0.004217465408146381
v -0.025946468114852905 0.020214423537254333 -0.011479871347546577
v -0.025078697130084038 0.022041043266654015 -0.004217465408146381
v -0.02376192808151245 0.022594204172492027 -0.011664913035929203
v -0.02376192808151245 0.022594204172492027 -0.011664913035929203
v -0.025078697130084038 0.022041043266654015 -0.004217465408146381
v -0.02330227568745613 0.023868704214692116 -0.00421911058947444
v -0.02376192808151245 0.022594204172492027 -0.011664913035929203
v -0.02330227568745613 0.023868704214692116 -0.00421911058947444
v -0.02104008197784424 0.02571016363799572 -0.004222271032631397
v -0.03042757883667946 0.01116198766976595 -0.01960909180343151
v -0.03136289864778519 0.008109274320304394 -0.019435517489910126
v -0.03179561346769333 0.008216478861868382 -0.0042181601747870445
v -0.03179561346769333 0.008216478861868382 -0.0042181601747870445
v -0.03136289864778519 0.008109274320304394 -0.019435517489910126
v -0.03194618225097656 0.004943849518895149 -0.019265810027718544
v -0.03179561346769333 0.008216478861868382 -0.0042181601747870445
v -0.03194618225097656 0.004943849518895149 -0.019265810027718544
v -0.03225432336330414 0.004691585898399353 -0.004218879621475935
v -0.03225432336330414 0.004691585898399353 -0.004218879621475935
v -0.03194618225097656 0.004943849518895149 -0.019265810027718544
v -0.032300155609846115 -0.0006029356154613197 -0.015576064586639404
v -0.03225432336330414 0.004691585898399353 -0.004218879621475935
v -0.032300155609846115 -0.0006029356154613197 -0.015576064586639404
v -0.032420072704553604 -0.0006023277528584003 -0.005101380404084921
v -0.03206023946404457 0.0002934873045887798 -0.03615729883313179
v -0.03216443955898285 -0.0006041849264875054 -0.027678895741701126
v -0.03182141110301018 0.003465617075562477 -0.03615647181868553
v -8.698063993506366e-07 0.028181521221995354 -0.023033006116747856
v -1.350945694866823e-06 0.02708941139280796 -0.02958209626376629
v -0.005909120664000511 0.026834696531295776 -0.02957552671432495
v -0.005909120664000511 0.026834696531295776 -0.02957552671432495
v -1.350945694866823e-06 0.02708941139280796 -0.02958209626376629
v -1.4450905609919573e-06 0.026916513219475746 -0.030867336317896843
v -0.03216443955898285 -0.0006041849264875054 -0.027678895741701126
v -0.03211548924446106 0.0013656741939485073 -0.02776426635682583
v -0.03182141110301018 0.003465617075562477 -0.03615647181868553
v -0.03182141110301018 0.003465617075562477 -0.03615647181868553
v -0.03211548924446106 0.0013656741939485073 -0.02776426635682583
v -0.03179758042097092 0.004582485184073448 -0.027909575030207634
v -0.03182141110301018 0.003465617075562477 -0.03615647181868553
v -0.03179758042097092 0.004582485184073448 -0.027909575030207634
v -0.03125236555933952 0.006515811197459698 -0.03615642338991165
v -0.03125236555933952 0.006515811197459698 -0.03615642338991165
v -0.03179758042097092 0.004582485184073448 -0.027909575030207634
v -0.03113594651222229 0.007706507109105587 -0.028066780418157578
v -0.03125236555933952 0.006515811197459698 -0.03615642338991165
v -0.03113594651222229 0.007706507109105587 -0.028066780418157578
v -0.0303494855761528 0.009421047754585743 -0.03615714609622955
v -0.0303494855761528 0.009421047754585743 -0.03615714609622955
v -0.03113594651222229 0.007706507109105587 -0.028066780418157578
v -0.030107906088232994 0.0107060382142663 -0.02823353186249733
v -0.0303494855761528 0.009421047754585743 -0.03615714609622955
v -0.030107906088232994 0.0107060382142663 -0.02823353186249733
v -0.029069939628243446 0.012280969880521297 -0.03615730628371239
v -0.029069939628243446 0.012280969880521297 -0.03615730628371239
v -0.030107906088232994 0.0107060382142663 -0.02823353186249733
v -0.028722405433654785 0.013545069843530655 -0.028406742960214615
v -0.029069939628243446 0.012280969880521297 -0.03615730628371239
v -0.028722405433654785 0.013545069843530655 -0.028406742960214615
v -0.02740173414349556 0.015061977319419384 -0.036157429218292236
v -0.02740173414349556 0.015061977319419384 -0.036157429218292236
v -0.028722405433654785 0.013545069843530655 -0.028406742960214615
v -0.02701452374458313 0.016189908608794212 -0.028582729399204254
v -0.02740173414349556 0.015061977319419384 -0.036157429218292236
v -0.02701452374458313 0.016189908608794212 -0.028582729399204254
v -0.025356214493513107 0.017709052190184593 -0.03615821525454521
v -0.025356214493513107 0.017709052190184593 -0.03615821525454521
v -0.02701452374458313 0.016189908608794212 -0.028582729399204254
v -0.02503647841513157 0.01860807277262211 -0.02875768020749092
v -0.025356214493513107 0.017709052190184593 -0.03615821525454521
v -0.02503647841513157 0.01860807277262211 -0.02875768020749092
v -0.023102784529328346 0.020023370161652565 -0.03615809977054596
v -0.023102784529328346 0.020023370161652565 -0.03615809977054596
v -0.02503647841513157 0.01860807277262211 -0.02875768020749092
v -0.02283809520304203 0.020766986533999443 -0.02892497554421425
v -0.023102784529328346 0.020023370161652565 -0.03615809977054596
v -0.02283809520304203 0.020766986533999443 -0.02892497554421425
v -0.020939627662301064 0.02177494764328003 -0.03615730628371239
v -0.020939627662301064 0.02177494764328003 -0.03615730628371239
v -0.02283809520304203 0.020766986533999443 -0.02892497554421425
v -0.020422421395778656 0.022601131349802017 -0.029079027473926544
v -0.020939627662301064 0.02177494764328003 -0.03615730628371239
v -0.020422421395778656 0.022601131349802017 -0.029079027473926544
v -0.018655376508831978 0.023174617439508438 -0.03615720570087433
v -0.018655376508831978 0.023174617439508438 -0.03615720570087433
v -0.020422421395778656 0.022601131349802017 -0.029079027473926544
v -0.017794817686080933 0.024065591394901276 -0.02921745367348194
v -0.018655376508831978 0.023174617439508438 -0.03615720570087433
v -0.017794817686080933 0.024065591394901276 -0.02921745367348194
v -0.016152571886777878 0.024287767708301544 -0.03615753725171089
v -0.016152571886777878 0.024287767708301544 -0.03615753725171089
v -0.017794817686080933 0.024065591394901276 -0.02921745367348194
v -0.014987306669354439 0.025171024724841118 -0.029338089749217033
v -0.016152571886777878 0.024287767708301544 -0.03615753725171089
v -0.014987306669354439 0.025171024724841118 -0.029338089749217033
v -0.013312692753970623 0.02515457384288311 -0.03615778684616089
v -0.013312692753970623 0.02515457384288311 -0.03615778684616089
v -0.014987306669354439 0.025171024724841118 -0.029338089749217033
v -0.01204154547303915 0.025960806757211685 -0.029438909143209457
v -0.013312692753970623 0.02515457384288311 -0.03615778684616089
v -0.01204154547303915 0.025960806757211685 -0.029438909143209457
v -0.009924715384840965 0.02580319717526436 -0.03615807741880417
v -0.009924715384840965 0.02580319717526436 -0.03615807741880417
v -0.01204154547303915 0.025960806757211685 -0.029438909143209457
v -0.005909120664000511 0.026834696531295776 -0.02957552671432495
v -0.009924715384840965 0.02580319717526436 -0.03615807741880417
v -0.005909120664000511 0.026834696531295776 -0.02957552671432495
v -0.005644853226840496 0.026237916201353073 -0.03615923598408699
v -0.005644853226840496 0.026237916201353073 -0.03615923598408699
v -0.005909120664000511 0.026834696531295776 -0.02957552671432495
v -1.4450905609919573e-06 0.026916513219475746 -0.030867336317896843
v -0.005644853226840496 0.026237916201353073 -0.03615923598408699
v -1.4450905609919573e-06 0.026916513219475746 -0.030867336317896843
v 5.344359124137554e-06 0.026410840451717377 -0.03615720570087433
v -3.9273339780265815e-07 0.029379963874816895 -0.016538351774215698
v -8.698063993506366e-07 0.028181521221995354 -0.023033006116747856
v -0.006023054476827383 0.028224246576428413 -0.021002648398280144
v -0.006023054476827383 0.028224246576428413 -0.021002648398280144
v -8.698063993506366e-07 0.028181521221995354 -0.023033006116747856
v -0.005909120664000511 0.026834696531295776 -0.02957552671432495
v -0.006023054476827383 0.028224246576428413 -0.021002648398280144
v -0.005909120664000511 0.026834696531295776 -0.02957552671432495
v -0.012337355874478817 0.02720259688794613 -0.020855329930782318
v -0.012337355874478817 0.02720259688794613 -0.020855329930782318
v -0.005909120664000511 0.026834696531295776 -0.02957552671432495
v -0.01204154547303915 0.025960806757211685 -0.029438909143209457
v -0.012337355874478817 0.02720259688794613 -0.020855329930782318
v -0.01204154547303915 0.025960806757211685 -0.029438909143209457
v -0.015370587818324566 0.026317477226257324 -0.020749395713210106
v -0.015370587818324566 0.026317477226257324 -0.020749395713210106
v -0.01204154547303915 0.025960806757211685 -0.029438909143209457
v -0.014987306669354439 0.025171024724841118 -0.029338089749217033
v -0.015370587818324566 0.026317477226257324 -0.020749395713210106
v -0.014987306669354439 0.025171024724841118 -0.029338089749217033
v -0.018256900832057 0.025102775543928146 -0.02062230557203293
v -0.018256900832057 0.025102775543928146 -0.02062230557203293
v -0.014987306669354439 0.025171024724841118 -0.029338089749217033
v -0.017794817686080933 0.024065591394901276 -0.02921745367348194
v -0.018256900832057 0.025102775543928146 -0.02062230557203293
v -0.017794817686080933 0.024065591394901276 -0.02921745367348194
v -0.020945310592651367 0.023518642410635948 -0.02047574333846569
v -0.020945310592651367 0.023518642410635948 -0.02047574333846569
v -0.017794817686080933 0.024065591394901276 -0.02921745367348194
v -0.020422421395778656 0.022601131349802017 -0.029079027473926544
v -0.020945310592651367 0.023518642410635948 -0.02047574333846569
v -0.020422421395778656 0.022601131349802017 -0.029079027473926544
v -0.023389864712953568 0.021563740447163582 -0.02031315118074417
v -0.023389864712953568 0.021563740447163582 -0.02031315118074417
v -0.020422421395778656 0.022601131349802017 -0.029079027473926544
v -0.02283809520304203 0.020766986533999443 -0.02892497554421425
v -0.023389864712953568 0.021563740447163582 -0.02031315118074417
v -0.02283809520304203 0.020766986533999443 -0.02892497554421425
v -0.025573577731847763 0.01929621212184429 -0.020140090957283974
v -0.025573577731847763 0.01929621212184429 -0.020140090957283974
v -0.02283809520304203 0.020766986533999443 -0.02892497554421425
v -0.02503647841513157 0.01860807277262211 -0.02875768020749092
v -0.025573577731847763 0.01929621212184429 -0.020140090957283974
v -0.02503647841513157 0.01860807277262211 -0.02875768020749092
v -0.027501067146658897 0.016786227002739906 -0.019962800666689873
v -0.027501067146658897 0.016786227002739906 -0.019962800666689873
v -0.02503647841513157 0.01860807277262211 -0.02875768020749092
v -0.02701452374458313 0.016189908608794212 -0.028582729399204254
v -0.027501067146658897 0.016786227002739906 -0.019962800666689873
v -0.02701452374458313 0.016189908608794212 -0.028582729399204254
v -0.029133126139640808 0.014065123163163662 -0.01978529430925846
v -0.029133126139640808 0.014065123163163662 -0.01978529430925846
v -0.02701452374458313 0.016189908608794212 -0.028582729399204254
v -0.028722405433654785 0.013545069843530655 -0.028406742960214615
v -0.029133126139640808 0.014065123163163662 -0.01978529430925846
v -0.028722405433654785 0.013545069843530655 -0.028406742960214615
v -0.03042757883667946 0.01116198766976595 -0.01960909180343151
v -0.03042757883667946 0.01116198766976595 -0.01960909180343151
v -0.028722405433654785 0.013545069843530655 -0.028406742960214615
v -0.030107906088232994 0.0107060382142663 -0.02823353186249733
v -0.03042757883667946 0.01116198766976595 -0.01960909180343151
v -0.030107906088232994 0.0107060382142663 -0.02823353186249733
v -0.03136289864778519 0.008109274320304394 -0.019435517489910126
v -0.03136289864778519 0.008109274320304394 -0.019435517489910126
v -0.030107906088232994 0.0107060382142663 -0.02823353186249733
v -0.03113594651222229 0.007706507109105587 -0.028066780418157578
v -0.03136289864778519 0.008109274320304394 -0.019435517489910126
v -0.03113594651222229 0.007706507109105587 -0.028066780418157578
v -0.03194618225097656 0.004943849518895149 -0.019265810027718544
v -0.03194618225097656 0.004943849518895149 -0.019265810027718544
v -0.03113594651222229 0.007706507109105587 -0.028066780418157578
v -0.03179758042097092 0.004582485184073448 -0.027909575030207634
v -0.03194618225097656 0.004943849518895149 -0.019265810027718544
v -0.03179758042097092 0.004582485184073448 -0.027909575030207634
v -0.032300155609846115 -0.0006029356154613197 -0.015576064586639404
v -0.032300155609846115 -0.0006029356154613197 -0.015576064586639404
v -0.03179758042097092 0.004582485184073448 -0.027909575030207634
v -0.03211548924446106 0.0013656741939485073 -0.02776426635682583
v -0.032300155609846115 -0.0006029356154613197 -0.015576064586639404
v -0.03211548924446106 0.0013656741939485073 -0.02776426635682583
v -0.0321832038462162 -0.0006040426669642329 -0.026022525504231453
v -0.0321832038462162 -0.0006040426669642329 -0.026022525504231453
v -0.03211548924446106 0.0013656741939485073 -0.02776426635682583
v -0.03216443955898285 -0.0006041849264875054 -0.027678895741701126
v 1.3625350447910023e-07 0.03048444166779518 -0.009337753057479858
v -3.9273339780265815e-07 0.029379963874816895 -0.016538351774215698
v -0.005989328492432833 0.029711147770285606 -0.012471616268157959
v -0.005989328492432833 0.029711147770285606 -0.012471616268157959
v -3.9273339780265815e-07 0.029379963874816895 -0.016538351774215698
v -0.006023054476827383 0.028224246576428413 -0.021002648398280144
v -0.005989328492432833 0.029711147770285606 -0.012471616268157959
v -0.006023054476827383 0.028224246576428413 -0.021002648398280144
v -0.012459969148039818 0.028608301654458046 -0.012283404357731342
v -0.012459969148039818 0.028608301654458046 -0.012283404357731342
v -0.006023054476827383 0.028224246576428413 -0.021002648398280144
v -0.012337355874478817 0.02720259688794613 -0.020855329930782318
v -0.012459969148039818 0.028608301654458046 -0.012283404357731342
v -0.012337355874478817 0.02720259688794613 -0.020855329930782318
v -0.015571903437376022 0.027655381709337234 -0.012157799676060677
v -0.015571903437376022 0.027655381709337234 -0.012157799676060677
v -0.012337355874478817 0.02720259688794613 -0.020855329930782318
v -0.015370587818324566 0.026317477226257324 -0.020749395713210106
v -0.015571903437376022 0.027655381709337234 -0.012157799676060677
v -0.015370587818324566 0.026317477226257324 -0.020749395713210106
v -0.01853214204311371 0.026353314518928528 -0.012010994367301464
v -0.01853214204311371 0.026353314518928528 -0.012010994367301464
v -0.015370587818324566 0.026317477226257324 -0.020749395713210106
v -0.018256900832057 0.025102775543928146 -0.02062230557203293
v -0.01853214204311371 0.026353314518928528 -0.012010994367301464
v -0.018256900832057 0.025102775543928146 -0.02062230557203293
v -0.02128160186111927 0.024664098396897316 -0.011844969354569912
v -0.02128160186111927 0.024664098396897316 -0.011844969354569912
v -0.018256900832057 0.025102775543928146 -0.02062230557203293
v -0.020945310592651367 0.023518642410635948 -0.02047574333846569
v -0.02128160186111927 0.024664098396897316 -0.011844969354569912
v -0.020945310592651367 0.023518642410635948 -0.02047574333846569
v -0.02376192808151245 0.022594204172492027 -0.011664913035929203
v -0.02376192808151245 0.022594204172492027 -0.011664913035929203
v -0.020945310592651367 0.023518642410635948 -0.02047574333846569
v -0.023389864712953568 0.021563740447163582 -0.02031315118074417
v -0.02376192808151245 0.022594204172492027 -0.011664913035929203
v -0.023389864712953568 0.021563740447163582 -0.02031315118074417
v -0.025946468114852905 0.020214423537254333 -0.011479871347546577
v -0.025946468114852905 0.020214423537254333 -0.011479871347546577
v -0.023389864712953568 0.021563740447163582 -0.02031315118074417
v -0.025573577731847763 0.01929621212184429 -0.020140090957283974
v -0.025946468114852905 0.020214423537254333 -0.011479871347546577
v -0.025573577731847763 0.01929621212184429 -0.020140090957283974
v -0.027848156169056892 0.017600668594241142 -0.011296965181827545
v -0.027848156169056892 0.017600668594241142 -0.011296965181827545
v -0.025573577731847763 0.01929621212184429 -0.020140090957283974
v -0.027501067146658897 0.016786227002739906 -0.019962800666689873
v -0.027848156169056892 0.017600668594241142 -0.011296965181827545
v -0.027501067146658897 0.016786227002739906 -0.019962800666689873
v -0.029436029493808746 0.014784300699830055 -0.01111788023263216
v -0.029436029493808746 0.014784300699830055 -0.01111788023263216
v -0.027501067146658897 0.016786227002739906 -0.019962800666689873
v -0.029133126139640808 0.014065123163163662 -0.01978529430925846
v -0.029436029493808746 0.014784300699830055 -0.01111788023263216
v -0.029133126139640808 0.014065123163163662 -0.01978529430925846
v -0.030674006789922714 0.011792860925197601 -0.01094187144190073
v -0.030674006789922714 0.011792860925197601 -0.01094187144190073
v -0.029133126139640808 0.014065123163163662 -0.01978529430925846
v -0.03042757883667946 0.01116198766976595 -0.01960909180343151
v -0.030674006789922714 0.011792860925197601 -0.01094187144190073
v -0.03042757883667946 0.01116198766976595 -0.01960909180343151
v -0.03145762160420418 0.00982067920267582 -0.004217407666146755
v -0.03145762160420418 0.00982067920267582 -0.004217407666146755
v -0.03042757883667946 0.01116198766976595 -0.01960909180343151
v -0.03179561346769333 0.008216478861868382 -0.0042181601747870445
v -0.02363286167383194 -0.023573385551571846 -0.011568097397685051
v -0.02395675890147686 -0.024083010852336884 -0.006291947327554226
v -0.026125244796276093 -0.021630767732858658 -0.006193453446030617
v -0.026125244796276093 -0.021630767732858658 -0.006193453446030617
v -0.02797144651412964 -0.01892630010843277 -0.006070870906114578
v -0.027326220646500587 -0.017951589077711105 -0.016599299386143684
v -0.005797011777758598 -0.03073975443840027 -0.011385343037545681
v -0.006043069064617157 -0.031430684030056 -0.006192447617650032
v -0.012530487962067127 -0.030274169519543648 -0.006386421620845795
v -0.02395675890147686 -0.024083010852336884 -0.006291947327554226
v -0.02363286167383194 -0.023573385551571846 -0.011568097397685051
v -0.021439068019390106 -0.026164177805185318 -0.006363432854413986
v -5.544617351915804e-07 -0.028842443600296974 -0.020466525107622147
v -1.3289964329032955e-07 -0.03024083934724331 -0.014797124080359936
v -0.005475285463035107 -0.029673995450139046 -0.016503406688570976
v -0.0127117233350873 -0.030578114092350006 -0.0010826922953128815
v -0.012846631929278374 -0.030706455931067467 0.003921031020581722
v -0.01620602048933506 -0.02955755405128002 0.003922676667571068
v -0.03243067488074303 -0.0006022081943228841 -0.004218501504510641
v -0.032420072704553604 -0.0006023277528584003 -0.005101380404084921
v -0.032136622816324234 -0.006548836827278137 -0.005422309972345829
v -0.03213750943541527 -0.0022454725112766027 -0.02612069435417652
v -0.0321832038462162 -0.0006040426669642329 -0.026022525504231453
v -0.03216443955898285 -0.0006041849264875054 -0.027678895741701126
v -0.03252600133419037 -0.0006016534753143787 0.0039234948344528675
v -0.03247739374637604 -0.0006110801477916539 -0.00014714560529682785
v -0.03249180316925049 -0.0031333607621490955 0.003922884352505207
v -0.03249180316925049 -0.0031333607621490955 0.003922884352505207
v -0.03247739374637604 -0.0006110801477916539 -0.00014714560529682785
v -0.0321943499147892 -0.007057588547468185 0.003921181429177523
v -0.03243067488074303 -0.0006022081943228841 -0.004218501504510641
v -0.032136622816324234 -0.006548836827278137 -0.005422309972345829
v -0.03247739374637604 -0.0006110801477916539 -0.00014714560529682785
v -0.03247739374637604 -0.0006110801477916539 -0.00014714560529682785
v -0.032136622816324234 -0.006548836827278137 -0.005422309972345829
v -0.0321943499147892 -0.007057588547468185 0.003921181429177523
v -0.0321943499147892 -0.007057588547468185 0.003921181429177523
v -0.032136622816324234 -0.006548836827278137 -0.005422309972345829
v -0.03159510716795921 -0.009804672561585903 -0.005598778836429119
v -0.0321943499147892 -0.007057588547468185 0.003921181429177523
v -0.03159510716795921 -0.009804672561585903 -0.005598778836429119
v -0.031519778072834015 -0.010801549069583416 0.003919530659914017
v -0.031519778072834015 -0.010801549069583416 0.003919530659914017
v -0.03159510716795921 -0.009804672561585903 -0.005598778836429119
v -0.030720440670847893 -0.012974431738257408 -0.005768563598394394
v -0.031519778072834015 -0.010801549069583416 0.003919530659914017
v -0.030720440670847893 -0.012974431738257408 -0.005768563598394394
v -0.030486591160297394 -0.014283792115747929 0.003918945323675871
v -0.030486591160297394 -0.014283792115747929 0.003918945323675871
v -0.030720440670847893 -0.012974431738257408 -0.005768563598394394
v -0.029508063569664955 -0.0160294808447361 -0.005927656311541796
v -0.030486591160297394 -0.014283792115747929 0.003918945323675871
v -0.029508063569664955 -0.0160294808447361 -0.005927656311541796
v -0.029071511700749397 -0.017589634284377098 0.003919127397239208
v -0.029071511700749397 -0.017589634284377098 0.003919127397239208
v -0.029508063569664955 -0.0160294808447361 -0.005927656311541796
v -0.02797144651412964 -0.01892630010843277 -0.006070870906114578
v -0.029071511700749397 -0.017589634284377098 0.003919127397239208
v -0.02797144651412964 -0.01892630010843277 -0.006070870906114578
v -0.027352023869752884 -0.020557904615998268 0.003920658957213163
v -0.027352023869752884 -0.020557904615998268 0.003920658957213163
v -0.02797144651412964 -0.01892630010843277 -0.006070870906114578
v -0.026125244796276093 -0.021630767732858658 -0.006193453446030617
v -0.027352023869752884 -0.020557904615998268 0.003920658957213163
v -0.026125244796276093 -0.021630767732858658 -0.006193453446030617
v -0.025572629645466805 -0.02295515686273575 0.003922144882380962
v -0.025572629645466805 -0.02295515686273575 0.003922144882380962
v -0.026125244796276093 -0.021630767732858658 -0.006193453446030617
v -0.02395675890147686 -0.024083010852336884 -0.006291947327554226
v -0.025572629645466805 -0.02295515686273575 0.003922144882380962
v -0.02395675890147686 -0.024083010852336884 -0.006291947327554226
v -0.023852117359638214 -0.02479608729481697 0.003923959098756313
v -0.023852117359638214 -0.02479608729481697 0.003923959098756313
v -0.02395675890147686 -0.024083010852336884 -0.006291947327554226
v -0.021439068019390106 -0.026164177805185318 -0.006363432854413986
v -0.023852117359638214 -0.02479608729481697 0.003923959098756313
v -0.021439068019390106 -0.026164177805185318 -0.006363432854413986
v -0.02176067978143692 -0.02652379870414734 0.003925095312297344
v -0.012846631929278374 -0.030706455931067467 0.003921031020581722
v -0.0127117233350873 -0.030578114092350006 -0.0010826922953128815
v -0.009256807155907154 -0.031538210809230804 0.00392055744305253
v -0.009256807155907154 -0.031538210809230804 0.00392055744305253
v -0.0127117233350873 -0.030578114092350006 -0.0010826922953128815
v -0.006218286231160164 -0.03178100660443306 -0.000931737944483757
v -0.009256807155907154 -0.031538210809230804 0.00392055744305253
v -0.006218286231160164 -0.03178100660443306 -0.000931737944483757
v -0.00632175337523222 -0.03197445720434189 0.00392133416607976
v 7.823814485163894e-07 -0.03195463865995407 -0.0024475776590406895
v 3.3702160635584733e-06 -0.032344747334718704 0.003923011478036642
v -0.006043069064617157 -0.031430684030056 -0.006192447617650032
v -0.006043069064617157 -0.031430684030056 -0.006192447617650032
v 3.3702160635584733e-06 -0.032344747334718704 0.003923011478036642
v -0.005261193960905075 -0.03208623826503754 0.00392180448397994
v 7.823814485163894e-07 -0.03195463865995407 -0.0024475776590406895
v -0.006043069064617157 -0.031430684030056 -0.006192447617650032
v 3.5646161222757655e-07 -0.031374458223581314 -0.008199247531592846
v 3.5646161222757655e-07 -0.031374458223581314 -0.008199247531592846
v -0.006043069064617157 -0.031430684030056 -0.006192447617650032
v -0.005797011777758598 -0.03073975443840027 -0.011385343037545681
v 3.5646161222757655e-07 -0.031374458223581314 -0.008199247531592846
v -0.005797011777758598 -0.03073975443840027 -0.011385343037545681
v 2.7207792641092965e-07 -0.03121774271130562 -0.0093384413048625
v -1.4920776720828144e-06 -0.025108814239501953 -0.03305469825863838
v -9.67543314800423e-07 -0.027211066335439682 -0.026016179472208023
v -0.004624788649380207 -0.026824330911040306 -0.02660173363983631
v -0.004624788649380207 -0.026824330911040306 -0.02660173363983631
v -9.67543314800423e-07 -0.027211066335439682 -0.026016179472208023
v -7.456142725459358e-07 -0.028107749298214912 -0.023036662489175797
v -0.004624788649380207 -0.026824330911040306 -0.02660173363983631
v -7.456142725459358e-07 -0.028107749298214912 -0.023036662489175797
v -0.005475285463035107 -0.029673995450139046 -0.016503406688570976
v -0.005475285463035107 -0.029673995450139046 -0.016503406688570976
v -7.456142725459358e-07 -0.028107749298214912 -0.023036662489175797
v -6.333515898404585e-07 -0.028545038774609566 -0.021527443081140518
v -0.005475285463035107 -0.029673995450139046 -0.016503406688570976
v -6.333515898404585e-07 -0.028545038774609566 -0.021527443081140518
v -5.544617351915804e-07 -0.028842443600296974 -0.020466525107622147
v -0.010889330878853798 -0.025842072442173958 -0.02693423442542553
v -0.009757430292665958 -0.023615743964910507 -0.03615693002939224
v -0.00531012425199151 -0.024090448394417763 -0.036156777292490005
v -0.009757430292665958 -0.023615743964910507 -0.03615693002939224
v -0.010889330878853798 -0.025842072442173958 -0.02693423442542553
v -0.011224228888750076 -0.023388488218188286 -0.0361575111746788
v -0.011224228888750076 -0.023388488218188286 -0.0361575111746788
v -0.010889330878853798 -0.025842072442173958 -0.02693423442542553
v -0.013935059309005737 -0.02505888044834137 -0.027035173028707504
v -0.011224228888750076 -0.023388488218188286 -0.0361575111746788
v -0.013935059309005737 -0.02505888044834137 -0.027035173028707504
v -0.013717175461351871 -0.022891264408826828 -0.03615880385041237
v -0.013935059309005737 -0.02505888044834137 -0.027035173028707504
v -0.016874071210622787 -0.024035941809415817 -0.027096418663859367
v -0.013717175461351871 -0.022891264408826828 -0.03615880385041237
v -0.013717175461351871 -0.022891264408826828 -0.03615880385041237
v -0.016874071210622787 -0.024035941809415817 -0.027096418663859367
v -0.019653065130114555 -0.02272784896194935 -0.027122844010591507
v -0.013717175461351871 -0.022891264408826828 -0.03615880385041237
v -0.019653065130114555 -0.02272784896194935 -0.027122844010591507
v -0.01697899028658867 -0.021967725828289986 -0.036161866039037704
v -0.01697899028658867 -0.021967725828289986 -0.036161866039037704
v -0.019653065130114555 -0.02272784896194935 -0.027122844010591507
v -0.022205235436558723 -0.02107827365398407 -0.027118666097521782
v -0.01697899028658867 -0.021967725828289986 -0.036161866039037704
v -0.022205235436558723 -0.02107827365398407 -0.027118666097521782
v -0.019766487181186676 -0.020804880186915398 -0.03615999594330788
v -0.024479463696479797 -0.019054297357797623 -0.027081457898020744
v -0.023630712181329727 -0.01819480024278164 -0.03615570068359375
v -0.022205235436558723 -0.02107827365398407 -0.027118666097521782
v -0.022205235436558723 -0.02107827365398407 -0.027118666097521782
v -0.023630712181329727 -0.01819480024278164 -0.03615570068359375
v -0.021725844591856003 -0.01966058649122715 -0.0361572727560997
v -0.022205235436558723 -0.02107827365398407 -0.027118666097521782
v -0.021725844591856003 -0.01966058649122715 -0.0361572727560997
v -0.019766487181186676 -0.020804880186915398 -0.03615999594330788
v -0.028005650267004967 -0.01325839664787054 -0.03615613654255867
v -0.026111511513590813 -0.015701578930020332 -0.03615371510386467
v -0.026510078459978104 -0.016727469861507416 -0.02699722722172737
v -0.026510078459978104 -0.016727469861507416 -0.02699722722172737
v -0.026111511513590813 -0.015701578930020332 -0.03615371510386467
v -0.025930382311344147 -0.0159077737480402 -0.03615359961986542
v -0.026510078459978104 -0.016727469861507416 -0.02699722722172737
v -0.025930382311344147 -0.0159077737480402 -0.03615359961986542
v -0.024479463696479797 -0.019054297357797623 -0.027081457898020744
v -0.024479463696479797 -0.019054297357797623 -0.027081457898020744
v -0.025930382311344147 -0.0159077737480402 -0.03615359961986542
v -0.023831922560930252 -0.01801779679954052 -0.0361553393304348
v -0.024479463696479797 -0.019054297357797623 -0.027081457898020744
v -0.023831922560930252 -0.01801779679954052 -0.0361553393304348
v -0.023630712181329727 -0.01819480024278164 -0.03615570068359375
v -0.032300155609846115 -0.0006029356154613197 -0.015576064586639404
v -0.0321832038462162 -0.0006040426669642329 -0.026022525504231453
v -0.032249342650175095 -0.0027118746656924486 -0.015700489282608032
v -0.032249342650175095 -0.0027118746656924486 -0.015700489282608032
v -0.0321832038462162 -0.0006040426669642329 -0.026022525504231453
v -0.03213750943541527 -0.0022454725112766027 -0.02612069435417652
v -0.032249342650175095 -0.0027118746656924486 -0.015700489282608032
v -0.03213750943541527 -0.0022454725112766027 -0.02612069435417652
v -0.031940530985593796 -0.005937662441283464 -0.01589173637330532
v -0.031940530985593796 -0.005937662441283464 -0.01589173637330532
v -0.03213750943541527 -0.0022454725112766027 -0.02612069435417652
v -0.03176239877939224 -0.005374693311750889 -0.026308709755539894
v -0.031940530985593796 -0.005937662441283464 -0.01589173637330532
v -0.03176239877939224 -0.005374693311750889 -0.026308709755539894
v -0.03129584714770317 -0.009113381616771221 -0.01608668453991413
v -0.03129584714770317 -0.009113381616771221 -0.01608668453991413
v -0.03176239877939224 -0.005374693311750889 -0.026308709755539894
v -0.030982881784439087 -0.008428581058979034 -0.02650449424982071
v -0.03129584714770317 -0.009113381616771221 -0.01608668453991413
v -0.030982881784439087 -0.008428581058979034 -0.02650449424982071
v -0.03029899299144745 -0.012199269607663155 -0.016276156529784203
v -0.03029899299144745 -0.012199269607663155 -0.016276156529784203
v -0.030982881784439087 -0.008428581058979034 -0.02650449424982071
v -0.029814591631293297 -0.011366469785571098 -0.02669467031955719
v -0.03029899299144745 -0.012199269607663155 -0.016276156529784203
v -0.029814591631293297 -0.011366469785571098 -0.02669467031955719
v -0.028964420780539513 -0.015161371789872646 -0.016450628638267517
v -0.028964420780539513 -0.015161371789872646 -0.016450628638267517
v -0.029814591631293297 -0.011366469785571098 -0.02669467031955719
v -0.02830289490520954 -0.01415001880377531 -0.02686437964439392
v -0.028964420780539513 -0.015161371789872646 -0.016450628638267517
v -0.02830289490520954 -0.01415001880377531 -0.02686437964439392
v -0.027326220646500587 -0.017951589077711105 -0.016599299386143684
v -0.010889330878853798 -0.025842072442173958 -0.02693423442542553
v -0.01186850294470787 -0.028570203110575676 -0.01677744649350643
v -0.013935059309005737 -0.02505888044834137 -0.027035173028707504
v -0.013935059309005737 -0.02505888044834137 -0.027035173028707504
v -0.01186850294470787 -0.028570203110575676 -0.01677744649350643
v -0.01495316345244646 -0.02761368826031685 -0.016840850934386253
v -0.013935059309005737 -0.02505888044834137 -0.027035173028707504
v -0.01495316345244646 -0.02761368826031685 -0.016840850934386253
v -0.016874071210622787 -0.024035941809415817 -0.027096418663859367
v -0.016874071210622787 -0.024035941809415817 -0.027096418663859367
v -0.01495316345244646 -0.02761368826031685 -0.016840850934386253
v -0.01791195385158062 -0.026356132701039314 -0.016860060393810272
v -0.016874071210622787 -0.024035941809415817 -0.027096418663859367
v -0.01791195385158062 -0.026356132701039314 -0.016860060393810272
v -0.019653065130114555 -0.02272784896194935 -0.027122844010591507
v -0.019653065130114555 -0.02272784896194935 -0.027122844010591507
v -0.01791195385158062 -0.026356132701039314 -0.016860060393810272
v -0.020688049495220184 -0.02477365732192993 -0.01684209331870079
v -0.019653065130114555 -0.02272784896194935 -0.027122844010591507
v -0.020688049495220184 -0.02477365732192993 -0.01684209331870079
v -0.022205235436558723 -0.02107827365398407 -0.027118666097521782
v -0.022205235436558723 -0.02107827365398407 -0.027118666097521782
v -0.020688049495220184 -0.02477365732192993 -0.01684209331870079
v -0.023207928985357285 -0.022833917289972305 -0.01679304987192154
v -0.022205235436558723 -0.02107827365398407 -0.027118666097521782
v -0.023207928985357285 -0.022833917289972305 -0.01679304987192154
v -0.024479463696479797 -0.019054297357797623 -0.027081457898020744
v -0.024479463696479797 -0.019054297357797623 -0.027081457898020744
v -0.023207928985357285 -0.022833917289972305 -0.01679304987192154
v -0.025410780683159828 -0.020528309047222137 -0.016713822260499
v -0.024479463696479797 -0.019054297357797623 -0.027081457898020744
v -0.025410780683159828 -0.020528309047222137 -0.016713822260499
v -0.026510078459978104 -0.016727469861507416 -0.02699722722172737
v -0.019069982692599297 -0.02821110375225544 0.003924342337995768
v -0.01864418014883995 -0.027873767539858818 -0.00640643248334527
v -0.018261805176734924 -0.028631463646888733 0.003923909272998571
v -0.018261805176734924 -0.028631463646888733 0.003923909272998571
v -0.01864418014883995 -0.027873767539858818 -0.00640643248334527
v -0.01565423421561718 -0.02923841029405594 -0.0064162518829107285
v -0.018261805176734924 -0.028631463646888733 0.003923909272998571
v -0.01565423421561718 -0.02923841029405594 -0.0064162518829107285
v -0.01620602048933506 -0.02955755405128002 0.003922676667571068
v -0.01620602048933506 -0.02955755405128002 0.003922676667571068
v -0.01565423421561718 -0.02923841029405594 -0.0064162518829107285
v -0.012530487962067127 -0.030274169519543648 -0.006386421620845795
v -0.01620602048933506 -0.02955755405128002 0.003922676667571068
v -0.012530487962067127 -0.030274169519543648 -0.006386421620845795
v -0.0127117233350873 -0.030578114092350006 -0.0010826922953128815
v -0.0127117233350873 -0.030578114092350006 -0.0010826922953128815
v -0.012530487962067127 -0.030274169519543648 -0.006386421620845795
v -0.006043069064617157 -0.031430684030056 -0.006192447617650032
v -0.0127117233350873 -0.030578114092350006 -0.0010826922953128815
v -0.006043069064617157 -0.031430684030056 -0.006192447617650032
v -0.006218286231160164 -0.03178100660443306 -0.000931737944483757
v -0.006218286231160164 -0.03178100660443306 -0.000931737944483757
v -0.006043069064617157 -0.031430684030056 -0.006192447617650032
v -0.005261193960905075 -0.03208623826503754 0.00392180448397994
v -0.006218286231160164 -0.03178100660443306 -0.000931737944483757
v -0.005261193960905075 -0.03208623826503754 0.00392180448397994
v -0.00632175337523222 -0.03197445720434189 0.00392133416607976
v -1.3289964329032955e-07 -0.03024083934724331 -0.014797124080359936
v 2.7207792641092965e-07 -0.03121774271130562 -0.0093384413048625
v -0.005475285463035107 -0.029673995450139046 -0.016503406688570976
v -0.005475285463035107 -0.029673995450139046 -0.016503406688570976
v 2.7207792641092965e-07 -0.03121774271130562 -0.0093384413048625
v -0.005797011777758598 -0.03073975443840027 -0.011385343037545681
v -0.005475285463035107 -0.029673995450139046 -0.016503406688570976
v -0.005797011777758598 -0.03073975443840027 -0.011385343037545681
v -0.012247273698449135 -0.02961224690079689 -0.011621801182627678
v -0.012247273698449135 -0.02961224690079689 -0.011621801182627678
v -0.005797011777758598 -0.03073975443840027 -0.011385343037545681
v -0.012530487962067127 -0.030274169519543648 -0.006386421620845795
v -0.012247273698449135 -0.02961224690079689 -0.011621801182627678
v -0.012530487962067127 -0.030274169519543648 -0.006386421620845795
v -0.015354455448687077 -0.028603801503777504 -0.011666473932564259
v -0.015354455448687077 -0.028603801503777504 -0.011666473932564259
v -0.012530487962067127 -0.030274169519543648 -0.006386421620845795
v -0.01565423421561718 -0.02923841029405594 -0.0064162518829107285
v -0.015354455448687077 -0.028603801503777504 -0.011666473932564259
v -0.01565423421561718 -0.02923841029405594 -0.0064162518829107285
v -0.01833033747971058 -0.027274131774902344 -0.011667681857943535
v -0.01833033747971058 -0.027274131774902344 -0.011667681857943535
v -0.01565423421561718 -0.02923841029405594 -0.0064162518829107285
v -0.01864418014883995 -0.027873767539858818 -0.00640643248334527
v -0.01833033747971058 -0.027274131774902344 -0.011667681857943535
v -0.01864418014883995 -0.027873767539858818 -0.00640643248334527
v -0.02111579291522503 -0.025606265291571617 -0.011632892303168774
v 4.406650532473577e-06 -0.024280525743961334 -0.03615730255842209
v -1.4920776720828144e-06 -0.025108814239501953 -0.03305469825863838
v -0.00531012425199151 -0.024090448394417763 -0.036156777292490005
v -0.00531012425199151 -0.024090448394417763 -0.036156777292490005
v -1.4920776720828144e-06 -0.025108814239501953 -0.03305469825863838
v -0.004624788649380207 -0.026824330911040306 -0.02660173363983631
v -0.00531012425199151 -0.024090448394417763 -0.036156777292490005
v -0.004624788649380207 -0.026824330911040306 -0.02660173363983631
v -0.010889330878853798 -0.025842072442173958 -0.02693423442542553
v -0.010889330878853798 -0.025842072442173958 -0.02693423442542553
v -0.004624788649380207 -0.026824330911040306 -0.02660173363983631
v -0.005475285463035107 -0.029673995450139046 -0.016503406688570976
v -0.010889330878853798 -0.025842072442173958 -0.02693423442542553
v -0.005475285463035107 -0.029673995450139046 -0.016503406688570976
v -0.01186850294470787 -0.028570203110575676 -0.01677744649350643
v -0.01186850294470787 -0.028570203110575676 -0.01677744649350643
v -0.005475285463035107 -0.029673995450139046 -0.016503406688570976
v -0.012247273698449135 -0.02961224690079689 -0.011621801182627678
v -0.01186850294470787 -0.028570203110575676 -0.01677744649350643
v -0.012247273698449135 -0.02961224690079689 -0.011621801182627678
v -0.01495316345244646 -0.02761368826031685 -0.016840850934386253
v -0.01495316345244646 -0.02761368826031685 -0.016840850934386253
v -0.012247273698449135 -0.02961224690079689 -0.011621801182627678
v -0.015354455448687077 -0.028603801503777504 -0.011666473932564259
v -0.01495316345244646 -0.02761368826031685 -0.016840850934386253
v -0.015354455448687077 -0.028603801503777504 -0.011666473932564259
v -0.01791195385158062 -0.026356132701039314 -0.016860060393810272
v -0.01791195385158062 -0.026356132701039314 -0.016860060393810272
v -0.015354455448687077 -0.028603801503777504 -0.011666473932564259
v -0.01833033747971058 -0.027274131774902344 -0.011667681857943535
v -0.01791195385158062 -0.026356132701039314 -0.016860060393810272
v -0.01833033747971058 -0.027274131774902344 -0.011667681857943535
v -0.020688049495220184 -0.02477365732192993 -0.01684209331870079
v -0.020688049495220184 -0.02477365732192993 -0.01684209331870079
v -0.01833033747971058 -0.027274131774902344 -0.011667681857943535
v -0.02111579291522503 -0.025606265291571617 -0.011632892303168774
v -0.020688049495220184 -0.02477365732192993 -0.01684209331870079
v -0.02111579291522503 -0.025606265291571617 -0.011632892303168774
v -0.023207928985357285 -0.022833917289972305 -0.01679304987192154
v -0.027326220646500587 -0.017951589077711105 -0.016599299386143684
v -0.02797144651412964 -0.01892630010843277 -0.006070870906114578
v -0.028964420780539513 -0.015161371789872646 -0.016450628638267517
v -0.028964420780539513 -0.015161371789872646 -0.016450628638267517
v -0.02797144651412964 -0.01892630010843277 -0.006070870906114578
v -0.029508063569664955 -0.0160294808447361 -0.005927656311541796
v -0.028964420780539513 -0.015161371789872646 -0.016450628638267517
v -0.029508063569664955 -0.0160294808447361 -0.005927656311541796
v -0.03029899299144745 -0.012199269607663155 -0.016276156529784203
v -0.03029899299144745 -0.012199269607663155 -0.016276156529784203
v -0.029508063569664955 -0.0160294808447361 -0.005927656311541796
v -0.030720440670847893 -0.012974431738257408 -0.005768563598394394
v -0.03029899299144745 -0.012199269607663155 -0.016276156529784203
v -0.030720440670847893 -0.012974431738257408 -0.005768563598394394
v -0.03129584714770317 -0.009113381616771221 -0.01608668453991413
v -0.03129584714770317 -0.009113381616771221 -0.01608668453991413
v -0.030720440670847893 -0.012974431738257408 -0.005768563598394394
v -0.03159510716795921 -0.009804672561585903 -0.005598778836429119
v -0.03129584714770317 -0.009113381616771221 -0.01608668453991413
v -0.03159510716795921 -0.009804672561585903 -0.005598778836429119
v -0.031940530985593796 -0.005937662441283464 -0.01589173637330532
v -0.031940530985593796 -0.005937662441283464 -0.01589173637330532
v -0.03159510716795921 -0.009804672561585903 -0.005598778836429119
v -0.032136622816324234 -0.006548836827278137 -0.005422309972345829
v -0.031940530985593796 -0.005937662441283464 -0.01589173637330532
v -0.032136622816324234 -0.006548836827278137 -0.005422309972345829
v -0.032249342650175095 -0.0027118746656924486 -0.015700489282608032
v -0.032249342650175095 -0.0027118746656924486 -0.015700489282608032
v -0.032136622816324234 -0.006548836827278137 -0.005422309972345829
v -0.032420072704553604 -0.0006023277528584003 -0.005101380404084921
v -0.032249342650175095 -0.0027118746656924486 -0.015700489282608032
v -0.032420072704553604 -0.0006023277528584003 -0.005101380404084921
v -0.032300155609846115 -0.0006029356154613197 -0.015576064586639404
v -0.019069982692599297 -0.02821110375225544 0.003924342337995768
v -0.02176067978143692 -0.02652379870414734 0.003925095312297344
v -0.01864418014883995 -0.027873767539858818 -0.00640643248334527
v -0.01864418014883995 -0.027873767539858818 -0.00640643248334527
v -0.02176067978143692 -0.02652379870414734 0.003925095312297344
v -0.021439068019390106 -0.026164177805185318 -0.006363432854413986
v -0.01864418014883995 -0.027873767539858818 -0.00640643248334527
v -0.021439068019390106 -0.026164177805185318 -0.006363432854413986
v -0.02111579291522503 -0.025606265291571617 -0.011632892303168774
v -0.02111579291522503 -0.025606265291571617 -0.011632892303168774
v -0.021439068019390106 -0.026164177805185318 -0.006363432854413986
v -0.02363286167383194 -0.023573385551571846 -0.011568097397685051
v -0.02111579291522503 -0.025606265291571617 -0.011632892303168774
v -0.02363286167383194 -0.023573385551571846 -0.011568097397685051
v -0.023207928985357285 -0.022833917289972305 -0.01679304987192154
v -0.023207928985357285 -0.022833917289972305 -0.01679304987192154
v -0.02363286167383194 -0.023573385551571846 -0.011568097397685051
v -0.026125244796276093 -0.021630767732858658 -0.006193453446030617
v -0.023207928985357285 -0.022833917289972305 -0.01679304987192154
v -0.026125244796276093 -0.021630767732858658 -0.006193453446030617
v -0.025410780683159828 -0.020528309047222137 -0.016713822260499
v -0.025410780683159828 -0.020528309047222137 -0.016713822260499
v -0.026125244796276093 -0.021630767732858658 -0.006193453446030617
v -0.027326220646500587 -0.017951589077711105 -0.016599299386143684
v -0.025410780683159828 -0.020528309047222137 -0.016713822260499
v -0.027326220646500587 -0.017951589077711105 -0.016599299386143684
v -0.026510078459978104 -0.016727469861507416 -0.02699722722172737
v -0.026510078459978104 -0.016727469861507416 -0.02699722722172737
v -0.027326220646500587 -0.017951589077711105 -0.016599299386143684
v -0.02830289490520954 -0.01415001880377531 -0.02686437964439392
v -0.026510078459978104 -0.016727469861507416 -0.02699722722172737
v -0.02830289490520954 -0.01415001880377531 -0.02686437964439392
v -0.028005650267004967 -0.01325839664787054 -0.03615613654255867
v -0.028005650267004967 -0.01325839664787054 -0.03615613654255867
v -0.02830289490520954 -0.01415001880377531 -0.02686437964439392
v -0.029814591631293297 -0.011366469785571098 -0.02669467031955719
v -0.028005650267004967 -0.01325839664787054 -0.03615613654255867
v -0.029814591631293297 -0.011366469785571098 -0.02669467031955719
v -0.029578397050499916 -0.010664770379662514 -0.036157120019197464
v -0.029578397050499916 -0.010664770379662514 -0.036157120019197464
v -0.029814591631293297 -0.011366469785571098 -0.02669467031955719
v -0.030982881784439087 -0.008428581058979034 -0.02650449424982071
v -0.029578397050499916 -0.010664770379662514 -0.036157120019197464
v -0.030982881784439087 -0.008428581058979034 -0.02650449424982071
v -0.030796244740486145 -0.007939327508211136 -0.036157067865133286
v -0.030796244740486145 -0.007939327508211136 -0.036157067865133286
v -0.030982881784439087 -0.008428581058979034 -0.02650449424982071
v -0.03176239877939224 -0.005374693311750889 -0.026308709755539894
v -0.030796244740486145 -0.007939327508211136 -0.036157067865133286
v -0.03176239877939224 -0.005374693311750889 -0.026308709755539894
v -0.03162606060504913 -0.0050612217746675014 -0.03615666553378105
v -0.03162606060504913 -0.0050612217746675014 -0.03615666553378105
v -0.03176239877939224 -0.005374693311750889 -0.026308709755539894
v -0.03213750943541527 -0.0022454725112766027 -0.02612069435417652
v -0.03162606060504913 -0.0050612217746675014 -0.03615666553378105
v -0.03213750943541527 -0.0022454725112766027 -0.02612069435417652
v -0.032019466161727905 -0.002207679906859994 -0.03615662828087807
v -0.032019466161727905 -0.002207679906859994 -0.03615662828087807
v -0.03213750943541527 -0.0022454725112766027 -0.02612069435417652
v -0.03216443955898285 -0.0006041849264875054 -0.027678895741701126
v -0.032019466161727905 -0.002207679906859994 -0.03615662828087807
v -0.03216443955898285 -0.0006041849264875054 -0.027678895741701126
v -0.03207194060087204 -0.0006037414423190057 -0.036157432943582535
v -0.0017471213359385729 -0.03310219570994377 0.029283035546541214
v 3.495959617794142e-06 -0.03310637176036835 0.029283015057444572
v 1.6907931694731815e-06 -0.03198625147342682 0.03157387301325798
v -0.0017471213359385729 -0.03310219570994377 0.029283035546541214
v 1.6907931694731815e-06 -0.03198625147342682 0.03157387301325798
v -0.0061265286058187485 -0.03289089724421501 0.029283851385116577
v -0.0061265286058187485 -0.03289089724421501 0.029283851385116577
v 1.6907931694731815e-06 -0.03198625147342682 0.03157387301325798
v -0.0064569017849862576 -0.03172798827290535 0.03157394379377365
v -0.0061265286058187485 -0.03289089724421501 0.029283851385116577
v -0.0064569017849862576 -0.03172798827290535 0.03157394379377365
v -0.00981794111430645 -0.03236795589327812 0.02928224205970764
v -0.00981794111430645 -0.03236795589327812 0.02928224205970764
v -0.0064569017849862576 -0.03172798827290535 0.03157394379377365
v -0.011125028133392334 -0.03091556392610073 0.03157399222254753
v -0.00981794111430645 -0.03236795589327812 0.02928224205970764
v -0.011125028133392334 -0.03091556392610073 0.03157399222254753
v -0.011536150239408016 -0.031978681683540344 0.02928340807557106
v -0.015338755212724209 -0.02944413386285305 0.03157404437661171
v -0.015509206801652908 -0.030633024871349335 0.029282309114933014
v -0.011125028133392334 -0.03091556392610073 0.03157399222254753
v -0.011125028133392334 -0.03091556392610073 0.03157399222254753
v -0.015509206801652908 -0.030633024871349335 0.029282309114933014
v -0.0131864994764328 -0.03150111064314842 0.029284348711371422
v -0.011125028133392334 -0.03091556392610073 0.03157399222254753
v -0.0131864994764328 -0.03150111064314842 0.029284348711371422
v -0.011536150239408016 -0.031978681683540344 0.02928340807557106
v -0.028139030560851097 -0.019042447209358215 0.029283836483955383
v -0.02645450457930565 -0.021710898727178574 0.02928203158080578
v -0.02612178400158882 -0.0199112705886364 0.03157413378357887
v -0.02612178400158882 -0.0199112705886364 0.03157413378357887
v -0.02645450457930565 -0.021710898727178574 0.02928203158080578
v -0.02432912401854992 -0.024361900985240936 0.029281288385391235
v -0.02612178400158882 -0.0199112705886364 0.03157413378357887
v -0.02432912401854992 -0.024361900985240936 0.029281288385391235
v -0.023308536037802696 -0.023616215214133263 0.03157411143183708
v -0.023308536037802696 -0.023616215214133263 0.03157411143183708
v -0.02432912401854992 -0.024361900985240936 0.029281288385391235
v -0.022179460152983665 -0.026462849229574203 0.029282499104738235
v -0.023308536037802696 -0.023616215214133263 0.03157411143183708
v -0.022179460152983665 -0.026462849229574203 0.029282499104738235
v -0.022890465334057808 -0.02406660094857216 0.031574103981256485
v -0.022890465334057808 -0.02406660094857216 0.031574103981256485
v -0.022179460152983665 -0.026462849229574203 0.029282499104738235
v -0.02074996568262577 -0.027615586295723915 0.02928205393254757
v -0.022890465334057808 -0.02406660094857216 0.031574103981256485
v -0.02074996568262577 -0.027615586295723915 0.02928205393254757
v -0.019432418048381805 -0.027082210406661034 0.031574077904224396
v -0.019432418048381805 -0.027082210406661034 0.031574077904224396
v -0.02074996568262577 -0.027615586295723915 0.02928205393254757
v -0.018219605088233948 -0.02928091399371624 0.029282763600349426
v -0.019432418048381805 -0.027082210406661034 0.031574077904224396
v -0.018219605088233948 -0.02928091399371624 0.029282763600349426
v -0.015338755212724209 -0.02944413386285305 0.03157404437661171
v -0.015338755212724209 -0.02944413386285305 0.03157404437661171
v -0.018219605088233948 -0.02928091399371624 0.029282763600349426
v -0.01591045968234539 -0.030457429587841034 0.02928212285041809
v -0.015338755212724209 -0.02944413386285305 0.03157404437661171
v -0.01591045968234539 -0.030457429587841034 0.02928212285041809
v -0.015509206801652908 -0.030633024871349335 0.029282309114933014
v -0.028139030560851097 -0.019042447209358215 0.029283836483955383
v -0.02612178400158882 -0.0199112705886364 0.03157413378357887
v -0.029583949595689774 -0.016153858974575996 0.029283074662089348
v -0.029583949595689774 -0.016153858974575996 0.029283074662089348
v -0.02612178400158882 -0.0199112705886364 0.03157413378357887
v -0.02839747816324234 -0.015639394521713257 0.031574148684740067
v -0.029583949595689774 -0.016153858974575996 0.029283074662089348
v -0.02839747816324234 -0.015639394521713257 0.031574148684740067
v -0.030793672427535057 -0.013032746501266956 0.029283618554472923
v -0.030793672427535057 -0.013032746501266956 0.029283618554472923
v -0.02839747816324234 -0.015639394521713257 0.031574148684740067
v -0.03016507625579834 -0.010741564445197582 0.031574152410030365
v -0.030793672427535057 -0.013032746501266956 0.029283618554472923
v -0.03016507625579834 -0.010741564445197582 0.031574152410030365
v -0.031382568180561066 -0.011143399402499199 0.029283033683896065
v -0.03133660927414894 -0.005211067385971546 0.03157414123415947
v -0.03248821571469307 -0.005886808503419161 0.029282858595252037
v -0.03231348097324371 -0.007042638957500458 0.029283035546541214
v -0.03133660927414894 -0.005211067385971546 0.03157414123415947
v -0.03231348097324371 -0.007042638957500458 0.029283035546541214
v -0.03016507625579834 -0.010741564445197582 0.031574152410030365
v -0.03016507625579834 -0.010741564445197582 0.031574152410030365
v -0.03231348097324371 -0.007042638957500458 0.029283035546541214
v -0.03181309625506401 -0.009499765001237392 0.029283011332154274
v -0.03016507625579834 -0.010741564445197582 0.031574152410030365
v -0.03181309625506401 -0.009499765001237392 0.029283011332154274
v -0.031382568180561066 -0.011143399402499199 0.029283033683896065
v -0.03248821571469307 -0.005886808503419161 0.029282858595252037
v -0.03133660927414894 -0.005211067385971546 0.03157414123415947
v -0.03267550840973854 -0.004170329309999943 0.029282817617058754
v -0.03267550840973854 -0.004170329309999943 0.029282817617058754
v -0.03133660927414894 -0.005211067385971546 0.03157414123415947
v -0.03165067732334137 -0.0005958953988738358 0.031574130058288574
v -0.03267550840973854 -0.004170329309999943 0.029282817617058754
v -0.03165067732334137 -0.0005958953988738358 0.031574130058288574
v -0.03280375152826309 -0.0006025965558364987 0.02928292192518711
v -0.011773684062063694 0.030245408415794373 0.029283534735441208
v -0.013881399296224117 0.029421385377645493 0.029282905161380768
v -0.013357356190681458 0.028285516425967216 0.031573861837387085
v -0.03192421793937683 0.006927259732037783 0.029281411319971085
v -0.032385531812906265 0.004626549314707518 0.029281511902809143
v -0.031234314665198326 0.00443758349865675 0.03157412260770798
v -0.031234314665198326 0.00443758349865675 0.03157412260770798
v -0.032385531812906265 0.004626549314707518 0.029281511902809143
v -0.032543789595365524 0.0035558114759624004 0.029281962662935257
v -0.03280375152826309 -0.0006025965558364987 0.02928292192518711
v -0.03165067732334137 -0.0005958953988738358 0.031574130058288574
v -0.032810695469379425 -0.00020857258641626686 0.02928338386118412
v -0.032810695469379425 -0.00020857258641626686 0.02928338386118412
v -0.03165067732334137 -0.0005958953988738358 0.031574130058288574
v -0.031234314665198326 0.00443758349865675 0.03157412260770798
v -0.032810695469379425 -0.00020857258641626686 0.02928338386118412
v -0.031234314665198326 0.00443758349865675 0.03157412260770798
v -0.03259827196598053 0.0031163685489445925 0.02928224578499794
v -0.03259827196598053 0.0031163685489445925 0.02928224578499794
v -0.031234314665198326 0.00443758349865675 0.03157412260770798
v -0.032543789595365524 0.0035558114759624004 0.029281962662935257
v -0.03192421793937683 0.006927259732037783 0.029281411319971085
v -0.031234314665198326 0.00443758349865675 0.03157412260770798
v -0.030964350327849388 0.010262081399559975 0.029280511662364006
v -0.030964350327849388 0.010262081399559975 0.029280511662364006
v -0.031234314665198326 0.00443758349865675 0.03157412260770798
v -0.030014093965291977 0.009381932206451893 0.03157409653067589
v -0.030964350327849388 0.010262081399559975 0.029280511662364006
v -0.030014093965291977 0.009381932206451893 0.03157409653067589
v -0.02967197448015213 0.013546285219490528 0.029282422736287117
v -0.02967197448015213 0.013546285219490528 0.029282422736287117
v -0.030014093965291977 0.009381932206451893 0.03157409653067589
v -0.027957579120993614 0.014361799694597721 0.031574051827192307
v -0.02967197448015213 0.013546285219490528 0.029282422736287117
v -0.027957579120993614 0.014361799694597721 0.031574051827192307
v -0.029007162898778915 0.014942480251193047 0.029282839968800545
v -0.02255568653345108 0.023684466257691383 0.02928316965699196
v -0.023429006338119507 0.022822804749011993 0.029284678399562836
v -0.021707981824874878 0.022751135751605034 0.031573954969644547
v -0.021707981824874878 0.022751135751605034 0.031573954969644547
v -0.023429006338119507 0.022822804749011993 0.029284678399562836
v -0.024210495874285698 0.021989934146404266 0.029284752905368805
v -0.021707981824874878 0.022751135751605034 0.031573954969644547
v -0.024210495874285698 0.021989934146404266 0.029284752905368805
v -0.025049706920981407 0.01902463100850582 0.031574007123708725
v -0.025049706920981407 0.01902463100850582 0.031574007123708725
v -0.024210495874285698 0.021989934146404266 0.029284752905368805
v -0.02632301300764084 0.01936829462647438 0.02928345464169979
v -0.025049706920981407 0.01902463100850582 0.031574007123708725
v -0.02632301300764084 0.01936829462647438 0.02928345464169979
v -0.027957579120993614 0.014361799694597721 0.031574051827192307
v -0.027957579120993614 0.014361799694597721 0.031574051827192307
v -0.02632301300764084 0.01936829462647438 0.02928345464169979
v -0.028177155181765556 0.016488179564476013 0.029283598065376282
v -0.027957579120993614 0.014361799694597721 0.031574051827192307
v -0.028177155181765556 0.016488179564476013 0.029283598065376282
v -0.029007162898778915 0.014942480251193047 0.029282839968800545
v -0.013881399296224117 0.029421385377645493 0.029282905161380768
v -0.014815347269177437 0.028996968641877174 0.02928277477622032
v -0.013357356190681458 0.028285516425967216 0.031573861837387085
v -0.013357356190681458 0.028285516425967216 0.031573861837387085
v -0.014815347269177437 0.028996968641877174 0.02928277477622032
v -0.015555223450064659 0.02863314002752304 0.02928284928202629
v -0.013357356190681458 0.028285516425967216 0.031573861837387085
v -0.015555223450064659 0.02863314002752304 0.02928284928202629
v -0.01773911714553833 0.025897938758134842 0.03157390281558037
v -0.01773911714553833 0.025897938758134842 0.03157390281558037
v -0.015555223450064659 0.02863314002752304 0.02928284928202629
v -0.01839851401746273 0.0269871074706316 0.029282161965966225
v -0.01773911714553833 0.025897938758134842 0.03157390281558037
v -0.01839851401746273 0.0269871074706316 0.029282161965966225
v -0.021707981824874878 0.022751135751605034 0.031573954969644547
v -0.021707981824874878 0.022751135751605034 0.031573954969644547
v -0.01839851401746273 0.0269871074706316 0.029282161965966225
v -0.021006790921092033 0.0250586848706007 0.02928309328854084
v -0.021707981824874878 0.022751135751605034 0.031573954969644547
v -0.021006790921092033 0.0250586848706007 0.02928309328854084
v -0.02255568653345108 0.023684466257691383 0.02928316965699196
v -0.011773684062063694 0.030245408415794373 0.029283534735441208
v -0.013357356190681458 0.028285516425967216 0.031573861837387085
v -0.008599710650742054 0.031172296032309532 0.02928236871957779
v -0.008599710650742054 0.031172296032309532 0.02928236871957779
v -0.013357356190681458 0.028285516425967216 0.031573861837387085
v -0.008568634279072285 0.029929226264357567 0.03157379478216171
v -0.008599710650742054 0.031172296032309532 0.02928236871957779
v -0.008568634279072285 0.029929226264357567 0.03157379478216171
v -0.005294794216752052 0.031789880245923996 0.02928231656551361
v -0.005294794216752052 0.031789880245923996 0.02928231656551361
v -0.008568634279072285 0.029929226264357567 0.03157379478216171
v -0.003528401255607605 0.030794799327850342 0.031573738902807236
v -0.005294794216752052 0.031789880245923996 0.02928231656551361
v -0.003528401255607605 0.030794799327850342 0.031573738902807236
v -0.0036799407098442316 0.03197738528251648 0.0292822252959013
v -0.0036799407098442316 0.03197738528251648 0.0292822252959013
v -0.003528401255607605 0.030794799327850342 0.031573738902807236
v 2.1878815914533334e-06 0.03096010535955429 0.03157369792461395
v -0.0036799407098442316 0.03197738528251648 0.0292822252959013
v 2.1878815914533334e-06 0.03096010535955429 0.03157369792461395
v 2.983544391099713e-06 0.03214985877275467 0.029282987117767334
v -0.020708225667476654 -0.012131341733038425 0.031574051827192307
v -0.023162435740232468 -0.006285031791776419 0.031574055552482605
v -0.03016507625579834 -0.010741564445197582 0.031574152410030365
v -0.03133660927414894 -0.005211067385971546 0.03157414123415947
v -0.024000000208616257 -5.1283940649682336e-08 0.031574055552482605
v -0.03165067732334137 -0.0005958953988738358 0.031574130058288574
v -0.023308536037802696 -0.023616215214133263 0.03157411143183708
v -0.016808664426207542 -0.017130928114056587 0.03157402202486992
v -0.02612178400158882 -0.0199112705886364 0.03157413378357887
v -0.02839747816324234 -0.015639394521713257 0.031574148684740067
v -0.031234314665198326 0.00443758349865675 0.03157412260770798
v -0.023162461817264557 0.006284932140260935 0.03157401829957962
v -0.030014093965291977 0.009381932206451893 0.03157409653067589
v -0.022890465334057808 -0.02406660094857216 0.031574103981256485
v -0.019432418048381805 -0.027082210406661034 0.031574077904224396
v -0.011735928244888783 -0.020934849977493286 0.03157396987080574
v -0.027957579120993614 0.014361799694597721 0.031574051827192307
v -0.020708279684185982 0.012131243012845516 0.031573984771966934
v -0.025049706920981407 0.01902463100850582 0.031574007123708725
v -0.01680874079465866 0.017130857333540916 0.03157391771674156
v -0.021707981824874878 0.022751135751605034 0.031573954969644547
v 1.6907931694731815e-06 -0.03198625147342682 0.03157387301325798
v 3.276477855251869e-06 -0.023999996483325958 0.03157385438680649
v -0.0064569017849862576 -0.03172798827290535 0.03157394379377365
v -0.005844072438776493 -0.023277606815099716 0.03157391399145126
v -0.011125028133392334 -0.03091556392610073 0.03157399222254753
v -0.015338755212724209 -0.02944413386285305 0.03157404437661171
v -0.01773911714553833 0.025897938758134842 0.03157390281558037
v -0.011736022308468819 0.020934805274009705 0.031573861837387085
v -0.013357356190681458 0.028285516425967216 0.031573861837387085
v -0.008568634279072285 0.029929226264357567 0.03157379478216171
v -0.005844175349920988 0.02327757701277733 0.031573787331581116
v -0.003528401255607605 0.030794799327850342 0.031573738902807236
v 3.1703407330496702e-06 0.023999996483325958 0.031573716551065445
v 2.1878815914533334e-06 0.03096010535955429 0.03157369792461395
v 2.827496928148321e-06 0.032137397676706314 0.02717006206512451
v 1.7211964404850733e-06 0.031899258494377136 0.012178554199635983
v -0.0061028022319078445 0.03163110092282295 0.01651148684322834
v 1.3569847396865953e-06 0.03172885999083519 0.007238372694700956
v 3.927979378204327e-06 0.03157469257712364 0.00392393721267581
v -0.0046045612543821335 0.031374529004096985 0.003921361640095711
v -0.032450657337903976 0.0024408563040196896 0.016249464824795723
v -0.03258473798632622 -0.0005951363709755242 0.016176631674170494
v -0.03259827196598053 0.0031163685489445925 0.02928224578499794
v -0.03259827196598053 0.0031163685489445925 0.02928224578499794
v -0.03258473798632622 -0.0005951363709755242 0.016176631674170494
v -0.03277193754911423 -0.0006022545858286321 0.027308503165841103
v -0.03259827196598053 0.0031163685489445925 0.02928224578499794
v -0.03277193754911423 -0.0006022545858286321 0.027308503165841103
v -0.032810695469379425 -0.00020857258641626686 0.02928338386118412
v -0.032810695469379425 -0.00020857258641626686 0.02928338386118412
v -0.03277193754911423 -0.0006022545858286321 0.027308503165841103
v -0.03280375152826309 -0.0006025965558364987 0.02928292192518711
v -0.03252600133419037 -0.0006016534753143787 0.0039234948344528675
v -0.03258473798632622 -0.0005951363709755242 0.016176631674170494
v -0.03245622664690018 0.002774927532300353 0.00392870744690299
v -0.03245622664690018 0.002774927532300353 0.00392870744690299
v -0.03258473798632622 -0.0005951363709755242 0.016176631674170494
v -0.032450657337903976 0.0024408563040196896 0.016249464824795723
v -0.03245622664690018 0.002774927532300353 0.00392870744690299
v -0.032450657337903976 0.0024408563040196896 0.016249464824795723
v -0.032218530774116516 0.005652237683534622 0.003931294195353985
v -0.032218530774116516 0.005652237683534622 0.003931294195353985
v -0.032450657337903976 0.0024408563040196896 0.016249464824795723
v -0.03201384097337723 0.005782152060419321 0.016207655891776085
v -0.032218530774116516 0.005652237683534622 0.003931294195353985
v -0.03201384097337723 0.005782152060419321 0.016207655891776085
v -0.03210294619202614 0.006547239143401384 0.003931381274014711
v -0.03210294619202614 0.006547239143401384 0.003931381274014711
v -0.03201384097337723 0.005782152060419321 0.016207655891776085
v -0.03142189979553223 0.010057387873530388 0.0039285942912101746
v -0.03201384097337723 0.005782152060419321 0.016207655891776085
v -0.03129643574357033 0.009057316929101944 0.01617363654077053
v -0.03142189979553223 0.010057387873530388 0.0039285942912101746
v -0.03142189979553223 0.010057387873530388 0.0039285942912101746
v -0.03129643574357033 0.009057316929101944 0.01617363654077053
v -0.030303651466965675 0.012245601043105125 0.016146108508110046
v -0.03142189979553223 0.010057387873530388 0.0039285942912101746
v -0.030303651466965675 0.012245601043105125 0.016146108508110046
v -0.030490033328533173 0.013104661367833614 0.003924879245460033
v -0.030490033328533173 0.013104661367833614 0.003924879245460033
v -0.030303651466965675 0.012245601043105125 0.016146108508110046
v -0.02902650088071823 0.01532004028558731 0.016127334907650948
v -0.030490033328533173 0.013104661367833614 0.003924879245460033
v -0.02902650088071823 0.01532004028558731 0.016127334907650948
v -0.029885664582252502 0.014631391502916813 0.003924225457012653
v -0.029885664582252502 0.014631391502916813 0.003924225457012653
v -0.02902650088071823 0.01532004028558731 0.016127334907650948
v -0.029132036492228508 0.016250895336270332 0.003923137206584215
v -0.029132036492228508 0.016250895336270332 0.003923137206584215
v -0.02902650088071823 0.01532004028558731 0.016127334907650948
v -0.027446841821074486 0.018244963139295578 0.016122162342071533
v -0.029132036492228508 0.016250895336270332 0.003923137206584215
v -0.027446841821074486 0.018244963139295578 0.016122162342071533
v -0.02735164389014244 0.019309287890791893 0.003922012634575367
v -0.02735164389014244 0.019309287890791893 0.003922012634575367
v -0.02557070180773735 0.020982129499316216 0.016136622056365013
v -0.02544417418539524 0.02186025120317936 0.003923746757209301
v -0.02544417418539524 0.02186025120317936 0.003923746757209301
v -0.02557070180773735 0.020982129499316216 0.016136622056365013
v -0.02340872213244438 0.0234787929803133 0.016169866546988487
v -0.02544417418539524 0.02186025120317936 0.003923746757209301
v -0.02340872213244438 0.0234787929803133 0.016169866546988487
v -0.02313254028558731 0.024296266958117485 0.003923356998711824
v -0.02313254028558731 0.024296266958117485 0.003923356998711824
v -0.02340872213244438 0.0234787929803133 0.016169866546988487
v -0.020992161706089973 0.025690190494060516 0.01622285135090351
v -0.02313254028558731 0.024296266958117485 0.003923356998711824
v -0.020992161706089973 0.025690190494060516 0.01622285135090351
v -0.020702354609966278 0.026293830946087837 0.003924127668142319
v -0.020702354609966278 0.026293830946087837 0.003924127668142319
v -0.020992161706089973 0.025690190494060516 0.01622285135090351
v -0.020473599433898926 0.026454808190464973 0.003924212418496609
v -0.020473599433898926 0.026454808190464973 0.003924212418496609
v -0.020992161706089973 0.025690190494060516 0.01622285135090351
v -0.018334003165364265 0.027557160705327988 0.01627398282289505
v -0.020473599433898926 0.026454808190464973 0.003924212418496609
v -0.018334003165364265 0.027557160705327988 0.01627398282289505
v -0.01842297799885273 0.02771024964749813 0.003924096468836069
v -0.01842297799885273 0.02771024964749813 0.003924096468836069
v -0.018334003165364265 0.027557160705327988 0.01627398282289505
v -0.015465539880096912 0.029054434970021248 0.016313055530190468
v -0.01842297799885273 0.02771024964749813 0.003924096468836069
v -0.015465539880096912 0.029054434970021248 0.016313055530190468
v -0.015669047832489014 0.028970535844564438 0.003920926712453365
v -0.015669047832489014 0.028970535844564438 0.003920926712453365
v -0.015465539880096912 0.029054434970021248 0.016313055530190468
v -0.012446733191609383 0.030218206346035004 0.016360798850655556
v -0.015669047832489014 0.028970535844564438 0.003920926712453365
v -0.012446733191609383 0.030218206346035004 0.016360798850655556
v -0.01212240569293499 0.030118437483906746 0.003921511583030224
v -0.01212240569293499 0.030118437483906746 0.003921511583030224
v -0.012446733191609383 0.030218206346035004 0.016360798850655556
v -0.00931603368371725 0.031068963930010796 0.016426434740424156
v -0.01212240569293499 0.030118437483906746 0.003921511583030224
v -0.00931603368371725 0.031068963930010796 0.016426434740424156
v -0.00855210330337286 0.030881235376000404 0.003921306226402521
v -0.00855210330337286 0.030881235376000404 0.003921306226402521
v -0.00931603368371725 0.031068963930010796 0.016426434740424156
v -0.00703054154291749 0.031110446900129318 0.003920873627066612
v -0.00703054154291749 0.031110446900129318 0.003920873627066612
v -0.00931603368371725 0.031068963930010796 0.016426434740424156
v -0.0061028022319078445 0.03163110092282295 0.01651148684322834
v -0.00703054154291749 0.031110446900129318 0.003920873627066612
v -0.0061028022319078445 0.03163110092282295 0.01651148684322834
v -0.0046045612543821335 0.031374529004096985 0.003921361640095711
v -0.0046045612543821335 0.031374529004096985 0.003921361640095711
v -0.0061028022319078445 0.03163110092282295 0.01651148684322834
v 1.7211964404850733e-06 0.031899258494377136 0.012178554199635983
v -0.0046045612543821335 0.031374529004096985 0.003921361640095711
v 1.7211964404850733e-06 0.031899258494377136 0.012178554199635983
v 1.3569847396865953e-06 0.03172885999083519 0.007238372694700956
v 2.983544391099713e-06 0.03214985877275467 0.029282987117767334
v 2.827496928148321e-06 0.032137397676706314 0.02717006206512451
v -0.0036799407098442316 0.03197738528251648 0.0292822252959013
v -0.0036799407098442316 0.03197738528251648 0.0292822252959013
v 2.827496928148321e-06 0.032137397676706314 0.02717006206512451
v -0.0061028022319078445 0.03163110092282295 0.01651148684322834
v -0.0036799407098442316 0.03197738528251648 0.0292822252959013
v -0.0061028022319078445 0.03163110092282295 0.01651148684322834
v -0.005294794216752052 0.031789880245923996 0.02928231656551361
v -0.005294794216752052 0.031789880245923996 0.02928231656551361
v -0.0061028022319078445 0.03163110092282295 0.01651148684322834
v -0.00931603368371725 0.031068963930010796 0.016426434740424156
v -0.005294794216752052 0.031789880245923996 0.02928231656551361
v -0.00931603368371725 0.031068963930010796 0.016426434740424156
v -0.008599710650742054 0.031172296032309532 0.02928236871957779
v -0.008599710650742054 0.031172296032309532 0.02928236871957779
v -0.00931603368371725 0.031068963930010796 0.016426434740424156
v -0.012446733191609383 0.030218206346035004 0.016360798850655556
v -0.008599710650742054 0.031172296032309532 0.02928236871957779
v -0.012446733191609383 0.030218206346035004 0.016360798850655556
v -0.011773684062063694 0.030245408415794373 0.029283534735441208
v -0.011773684062063694 0.030245408415794373 0.029283534735441208
v -0.012446733191609383 0.030218206346035004 0.016360798850655556
v -0.013881399296224117 0.029421385377645493 0.029282905161380768
v -0.013881399296224117 0.029421385377645493 0.029282905161380768
v -0.012446733191609383 0.030218206346035004 0.016360798850655556
v -0.015465539880096912 0.029054434970021248 0.016313055530190468
v -0.013881399296224117 0.029421385377645493 0.029282905161380768
v -0.015465539880096912 0.029054434970021248 0.016313055530190468
v -0.014815347269177437 0.028996968641877174 0.02928277477622032
v -0.014815347269177437 0.028996968641877174 0.02928277477622032
v -0.015465539880096912 0.029054434970021248 0.016313055530190468
v -0.015555223450064659 0.02863314002752304 0.02928284928202629
v -0.015555223450064659 0.02863314002752304 0.02928284928202629
v -0.015465539880096912 0.029054434970021248 0.016313055530190468
v -0.018334003165364265 0.027557160705327988 0.01627398282289505
v -0.015555223450064659 0.02863314002752304 0.02928284928202629
v -0.018334003165364265 0.027557160705327988 0.01627398282289505
v -0.01839851401746273 0.0269871074706316 0.029282161965966225
v -0.01839851401746273 0.0269871074706316 0.029282161965966225
v -0.018334003165364265 0.027557160705327988 0.01627398282289505
v -0.020992161706089973 0.025690190494060516 0.01622285135090351
v -0.01839851401746273 0.0269871074706316 0.029282161965966225
v -0.020992161706089973 0.025690190494060516 0.01622285135090351
v -0.021006790921092033 0.0250586848706007 0.02928309328854084
v -0.021006790921092033 0.0250586848706007 0.02928309328854084
v -0.020992161706089973 0.025690190494060516 0.01622285135090351
v -0.02255568653345108 0.023684466257691383 0.02928316965699196
v -0.02255568653345108 0.023684466257691383 0.02928316965699196
v -0.020992161706089973 0.025690190494060516 0.01622285135090351
v -0.02340872213244438 0.0234787929803133 0.016169866546988487
v -0.02255568653345108 0.023684466257691383 0.02928316965699196
v -0.02340872213244438 0.0234787929803133 0.016169866546988487
v -0.023429006338119507 0.022822804749011993 0.029284678399562836
v -0.02735164389014244 0.019309287890791893 0.003922012634575367
v -0.027446841821074486 0.018244963139295578 0.016122162342071533
v -0.02557070180773735 0.020982129499316216 0.016136622056365013
v -0.02557070180773735 0.020982129499316216 0.016136622056365013
v -0.027446841821074486 0.018244963139295578 0.016122162342071533
v -0.02632301300764084 0.01936829462647438 0.02928345464169979
v -0.02557070180773735 0.020982129499316216 0.016136622056365013
v -0.02632301300764084 0.01936829462647438 0.02928345464169979
v -0.02340872213244438 0.0234787929803133 0.016169866546988487
v -0.02340872213244438 0.0234787929803133 0.016169866546988487
v -0.02632301300764084 0.01936829462647438 0.02928345464169979
v -0.024210495874285698 0.021989934146404266 0.029284752905368805
v -0.02340872213244438 0.0234787929803133 0.016169866546988487
v -0.024210495874285698 0.021989934146404266 0.029284752905368805
v -0.023429006338119507 0.022822804749011993 0.029284678399562836
v -0.03259827196598053 0.0031163685489445925 0.02928224578499794
v -0.032543789595365524 0.0035558114759624004 0.029281962662935257
v -0.032450657337903976 0.0024408563040196896 0.016249464824795723
v -0.032450657337903976 0.0024408563040196896 0.016249464824795723
v -0.032543789595365524 0.0035558114759624004 0.029281962662935257
v -0.032385531812906265 0.004626549314707518 0.029281511902809143
v -0.032450657337903976 0.0024408563040196896 0.016249464824795723
v -0.032385531812906265 0.004626549314707518 0.029281511902809143
v -0.03201384097337723 0.005782152060419321 0.016207655891776085
v -0.03201384097337723 0.005782152060419321 0.016207655891776085
v -0.032385531812906265 0.004626549314707518 0.029281511902809143
v -0.03192421793937683 0.006927259732037783 0.029281411319971085
v -0.03201384097337723 0.005782152060419321 0.016207655891776085
v -0.03192421793937683 0.006927259732037783 0.029281411319971085
v -0.03129643574357033 0.009057316929101944 0.01617363654077053
v -0.03129643574357033 0.009057316929101944 0.01617363654077053
v -0.03192421793937683 0.006927259732037783 0.029281411319971085
v -0.030964350327849388 0.010262081399559975 0.029280511662364006
v -0.03129643574357033 0.009057316929101944 0.01617363654077053
v -0.030964350327849388 0.010262081399559975 0.029280511662364006
v -0.030303651466965675 0.012245601043105125 0.016146108508110046
v -0.030303651466965675 0.012245601043105125 0.016146108508110046
v -0.030964350327849388 0.010262081399559975 0.029280511662364006
v -0.02967197448015213 0.013546285219490528 0.029282422736287117
v -0.030303651466965675 0.012245601043105125 0.016146108508110046
v -0.02967197448015213 0.013546285219490528 0.029282422736287117
v -0.02902650088071823 0.01532004028558731 0.016127334907650948
v -0.02902650088071823 0.01532004028558731 0.016127334907650948
v -0.02967197448015213 0.013546285219490528 0.029282422736287117
v -0.029007162898778915 0.014942480251193047 0.029282839968800545
v -0.02902650088071823 0.01532004028558731 0.016127334907650948
v -0.029007162898778915 0.014942480251193047 0.029282839968800545
v -0.027446841821074486 0.018244963139295578 0.016122162342071533
v -0.027446841821074486 0.018244963139295578 0.016122162342071533
v -0.029007162898778915 0.014942480251193047 0.029282839968800545
v -0.028177155181765556 0.016488179564476013 0.029283598065376282
v -0.027446841821074486 0.018244963139295578 0.016122162342071533
v -0.028177155181765556 0.016488179564476013 0.029283598065376282
v -0.02632301300764084 0.01936829462647438 0.02928345464169979
v -0.019069982692599297 -0.02821110375225544 0.003924342337995768
v -0.018261805176734924 -0.028631463646888733 0.003923909272998571
v -0.01858273521065712 -0.028718996793031693 0.015903539955615997
v 1.56307328325056e-06 -0.03249504044651985 0.008108941838145256
v 2.690226892809733e-06 -0.03290649875998497 0.023364780470728874
v -0.005941266659647226 -0.03243992105126381 0.016552980989217758
v -0.0061265286058187485 -0.03289089724421501 0.029283851385116577
v -0.005941266659647226 -0.03243992105126381 0.016552980989217758
v -0.0017471213359385729 -0.03310219570994377 0.029283035546541214
v -0.0017471213359385729 -0.03310219570994377 0.029283035546541214
v -0.005941266659647226 -0.03243992105126381 0.016552980989217758
v 2.690226892809733e-06 -0.03290649875998497 0.023364780470728874
v -0.0017471213359385729 -0.03310219570994377 0.029283035546541214
v 2.690226892809733e-06 -0.03290649875998497 0.023364780470728874
v 3.495959617794142e-06 -0.03310637176036835 0.029283015057444572
v 3.3702160635584733e-06 -0.032344747334718704 0.003923011478036642
v 1.56307328325056e-06 -0.03249504044651985 0.008108941838145256
v -0.005261193960905075 -0.03208623826503754 0.00392180448397994
v -0.005261193960905075 -0.03208623826503754 0.00392180448397994
v 1.56307328325056e-06 -0.03249504044651985 0.008108941838145256
v -0.005941266659647226 -0.03243992105126381 0.016552980989217758
v -0.005261193960905075 -0.03208623826503754 0.00392180448397994
v -0.005941266659647226 -0.03243992105126381 0.016552980989217758
v -0.00632175337523222 -0.03197445720434189 0.00392133416607976
v -0.00632175337523222 -0.03197445720434189 0.00392133416607976
v -0.005941266659647226 -0.03243992105126381 0.016552980989217758
v -0.009256807155907154 -0.031538210809230804 0.00392055744305253
v -0.018261805176734924 -0.028631463646888733 0.003923909272998571
v -0.01620602048933506 -0.02955755405128002 0.003922676667571068
v -0.015624835155904293 -0.030128514394164085 0.016029546037316322
v -0.015624835155904293 -0.030128514394164085 0.016029546037316322
v -0.01620602048933506 -0.02955755405128002 0.003922676667571068
v -0.012846631929278374 -0.030706455931067467 0.003921031020581722
v -0.015624835155904293 -0.030128514394164085 0.016029546037316322
v -0.012846631929278374 -0.030706455931067467 0.003921031020581722
v -0.009256807155907154 -0.031538210809230804 0.00392055744305253
v -0.019069982692599297 -0.02821110375225544 0.003924342337995768
v -0.01858273521065712 -0.028718996793031693 0.015903539955615997
v -0.02176067978143692 -0.02652379870414734 0.003925095312297344
v -0.03252600133419037 -0.0006016534753143787 0.0039234948344528675
v -0.03249180316925049 -0.0031333607621490955 0.003922884352505207
v -0.03258473798632622 -0.0005951363709755242 0.016176631674170494
v -0.03258473798632622 -0.0005951363709755242 0.016176631674170494
v -0.03249180316925049 -0.0031333607621490955 0.003922884352505207
v -0.032111313194036484 -0.006962573155760765 0.015943048521876335
v -0.03258473798632622 -0.0005951363709755242 0.016176631674170494
v -0.032111313194036484 -0.006962573155760765 0.015943048521876335
v -0.03277193754911423 -0.0006022545858286321 0.027308503165841103
v -0.03267550840973854 -0.004170329309999943 0.029282817617058754
v -0.03280375152826309 -0.0006025965558364987 0.02928292192518711
v -0.03277193754911423 -0.0006022545858286321 0.027308503165841103
v -0.030793672427535057 -0.013032746501266956 0.029283618554472923
v -0.031382568180561066 -0.011143399402499199 0.029283033683896065
v -0.03147650510072708 -0.010286648757755756 0.015835272148251534
v -0.03147650510072708 -0.010286648757755756 0.015835272148251534
v -0.031382568180561066 -0.011143399402499199 0.029283033683896065
v -0.03181309625506401 -0.009499765001237392 0.029283011332154274
v -0.03147650510072708 -0.010286648757755756 0.015835272148251534
v -0.03181309625506401 -0.009499765001237392 0.029283011332154274
v -0.032111313194036484 -0.006962573155760765 0.015943048521876335
v -0.032111313194036484 -0.006962573155760765 0.015943048521876335
v -0.03181309625506401 -0.009499765001237392 0.029283011332154274
v -0.03231348097324371 -0.007042638957500458 0.029283035546541214
v -0.032111313194036484 -0.006962573155760765 0.015943048521876335
v -0.03231348097324371 -0.007042638957500458 0.029283035546541214
v -0.03277193754911423 -0.0006022545858286321 0.027308503165841103
v -0.03277193754911423 -0.0006022545858286321 0.027308503165841103
v -0.03231348097324371 -0.007042638957500458 0.029283035546541214
v -0.03248821571469307 -0.005886808503419161 0.029282858595252037
v -0.03277193754911423 -0.0006022545858286321 0.027308503165841103
v -0.03248821571469307 -0.005886808503419161 0.029282858595252037
v -0.03267550840973854 -0.004170329309999943 0.029282817617058754
v -0.03147650510072708 -0.010286648757755756 0.015835272148251534
v -0.03056245855987072 -0.013519334606826305 0.01574377715587616
v -0.030793672427535057 -0.013032746501266956 0.029283618554472923
v -0.030793672427535057 -0.013032746501266956 0.029283618554472923
v -0.03056245855987072 -0.013519334606826305 0.01574377715587616
v -0.02935236692428589 -0.016636446118354797 0.01567772775888443
v -0.030793672427535057 -0.013032746501266956 0.029283618554472923
v -0.02935236692428589 -0.016636446118354797 0.01567772775888443
v -0.029583949595689774 -0.016153858974575996 0.029283074662089348
v -0.029583949595689774 -0.016153858974575996 0.029283074662089348
v -0.02935236692428589 -0.016636446118354797 0.01567772775888443
v -0.02782336249947548 -0.019599465653300285 0.01564892567694187
v -0.029583949595689774 -0.016153858974575996 0.029283074662089348
v -0.02782336249947548 -0.019599465653300285 0.01564892567694187
v -0.028139030560851097 -0.019042447209358215 0.029283836483955383
v -0.028139030560851097 -0.019042447209358215 0.029283836483955383
v -0.02782336249947548 -0.019599465653300285 0.01564892567694187
v -0.02597931958734989 -0.022351989522576332 0.01566443219780922
v -0.028139030560851097 -0.019042447209358215 0.029283836483955383
v -0.02597931958734989 -0.022351989522576332 0.01566443219780922
v -0.02645450457930565 -0.021710898727178574 0.02928203158080578
v -0.02645450457930565 -0.021710898727178574 0.02928203158080578
v -0.02597931958734989 -0.022351989522576332 0.01566443219780922
v -0.02381749264895916 -0.024831091985106468 0.015726527199149132
v -0.02645450457930565 -0.021710898727178574 0.02928203158080578
v -0.02381749264895916 -0.024831091985106468 0.015726527199149132
v -0.02432912401854992 -0.024361900985240936 0.029281288385391235
v -0.02432912401854992 -0.024361900985240936 0.029281288385391235
v -0.02381749264895916 -0.024831091985106468 0.015726527199149132
v -0.022179460152983665 -0.026462849229574203 0.029282499104738235
v -0.022179460152983665 -0.026462849229574203 0.029282499104738235
v -0.02381749264895916 -0.024831091985106468 0.015726527199149132
v -0.02133360132575035 -0.02695750631392002 0.015805156901478767
v -0.022179460152983665 -0.026462849229574203 0.029282499104738235
v -0.02133360132575035 -0.02695750631392002 0.015805156901478767
v -0.02074996568262577 -0.027615586295723915 0.02928205393254757
v -0.03249180316925049 -0.0031333607621490955 0.003922884352505207
v -0.0321943499147892 -0.007057588547468185 0.003921181429177523
v -0.032111313194036484 -0.006962573155760765 0.015943048521876335
v -0.032111313194036484 -0.006962573155760765 0.015943048521876335
v -0.0321943499147892 -0.007057588547468185 0.003921181429177523
v -0.031519778072834015 -0.010801549069583416 0.003919530659914017
v -0.032111313194036484 -0.006962573155760765 0.015943048521876335
v -0.031519778072834015 -0.010801549069583416 0.003919530659914017
v -0.03147650510072708 -0.010286648757755756 0.015835272148251534
v -0.03147650510072708 -0.010286648757755756 0.015835272148251534
v -0.031519778072834015 -0.010801549069583416 0.003919530659914017
v -0.030486591160297394 -0.014283792115747929 0.003918945323675871
v -0.03147650510072708 -0.010286648757755756 0.015835272148251534
v -0.030486591160297394 -0.014283792115747929 0.003918945323675871
v -0.03056245855987072 -0.013519334606826305 0.01574377715587616
v -0.03056245855987072 -0.013519334606826305 0.01574377715587616
v -0.030486591160297394 -0.014283792115747929 0.003918945323675871
v -0.029071511700749397 -0.017589634284377098 0.003919127397239208
v -0.03056245855987072 -0.013519334606826305 0.01574377715587616
v -0.029071511700749397 -0.017589634284377098 0.003919127397239208
v -0.02935236692428589 -0.016636446118354797 0.01567772775888443
v -0.02935236692428589 -0.016636446118354797 0.01567772775888443
v -0.029071511700749397 -0.017589634284377098 0.003919127397239208
v -0.027352023869752884 -0.020557904615998268 0.003920658957213163
v -0.02935236692428589 -0.016636446118354797 0.01567772775888443
v -0.027352023869752884 -0.020557904615998268 0.003920658957213163
v -0.02782336249947548 -0.019599465653300285 0.01564892567694187
v -0.02782336249947548 -0.019599465653300285 0.01564892567694187
v -0.027352023869752884 -0.020557904615998268 0.003920658957213163
v -0.025572629645466805 -0.02295515686273575 0.003922144882380962
v -0.02782336249947548 -0.019599465653300285 0.01564892567694187
v -0.025572629645466805 -0.02295515686273575 0.003922144882380962
v -0.02597931958734989 -0.022351989522576332 0.01566443219780922
v -0.02597931958734989 -0.022351989522576332 0.01566443219780922
v -0.025572629645466805 -0.02295515686273575 0.003922144882380962
v -0.023852117359638214 -0.02479608729481697 0.003923959098756313
v -0.02597931958734989 -0.022351989522576332 0.01566443219780922
v -0.023852117359638214 -0.02479608729481697 0.003923959098756313
v -0.02381749264895916 -0.024831091985106468 0.015726527199149132
v -0.02381749264895916 -0.024831091985106468 0.015726527199149132
v -0.023852117359638214 -0.02479608729481697 0.003923959098756313
v -0.02176067978143692 -0.02652379870414734 0.003925095312297344
v -0.02381749264895916 -0.024831091985106468 0.015726527199149132
v -0.02176067978143692 -0.02652379870414734 0.003925095312297344
v -0.02133360132575035 -0.02695750631392002 0.015805156901478767
v -0.02133360132575035 -0.02695750631392002 0.015805156901478767
v -0.02176067978143692 -0.02652379870414734 0.003925095312297344
v -0.01858273521065712 -0.028718996793031693 0.015903539955615997
v -0.02133360132575035 -0.02695750631392002 0.015805156901478767
v -0.01858273521065712 -0.028718996793031693 0.015903539955615997
v -0.02074996568262577 -0.027615586295723915 0.02928205393254757
v -0.02074996568262577 -0.027615586295723915 0.02928205393254757
v -0.01858273521065712 -0.028718996793031693 0.015903539955615997
v -0.018219605088233948 -0.02928091399371624 0.029282763600349426
v -0.018261805176734924 -0.028631463646888733 0.003923909272998571
v -0.015624835155904293 -0.030128514394164085 0.016029546037316322
v -0.01858273521065712 -0.028718996793031693 0.015903539955615997
v -0.01858273521065712 -0.028718996793031693 0.015903539955615997
v -0.015624835155904293 -0.030128514394164085 0.016029546037316322
v -0.01591045968234539 -0.030457429587841034 0.02928212285041809
v -0.01858273521065712 -0.028718996793031693 0.015903539955615997
v -0.01591045968234539 -0.030457429587841034 0.02928212285041809
v -0.018219605088233948 -0.02928091399371624 0.029282763600349426
v -0.012507427483797073 -0.031202830374240875 0.016182325780391693
v -0.0131864994764328 -0.03150111064314842 0.029284348711371422
v -0.015509206801652908 -0.030633024871349335 0.029282309114933014
v -0.0131864994764328 -0.03150111064314842 0.029284348711371422
v -0.012507427483797073 -0.031202830374240875 0.016182325780391693
v -0.011536150239408016 -0.031978681683540344 0.02928340807557106
v -0.011536150239408016 -0.031978681683540344 0.02928340807557106
v -0.012507427483797073 -0.031202830374240875 0.016182325780391693
v -0.0092686228454113 -0.03196338564157486 0.016357574611902237
v -0.011536150239408016 -0.031978681683540344 0.02928340807557106
v -0.0092686228454113 -0.03196338564157486 0.016357574611902237
v -0.00981794111430645 -0.03236795589327812 0.02928224205970764
v -0.0061265286058187485 -0.03289089724421501 0.029283851385116577
v -0.00981794111430645 -0.03236795589327812 0.02928224205970764
v -0.005941266659647226 -0.03243992105126381 0.016552980989217758
v -0.005941266659647226 -0.03243992105126381 0.016552980989217758
v -0.00981794111430645 -0.03236795589327812 0.02928224205970764
v -0.0092686228454113 -0.03196338564157486 0.016357574611902237
v -0.005941266659647226 -0.03243992105126381 0.016552980989217758
v -0.0092686228454113 -0.03196338564157486 0.016357574611902237
v -0.009256807155907154 -0.031538210809230804 0.00392055744305253
v -0.009256807155907154 -0.031538210809230804 0.00392055744305253
v -0.0092686228454113 -0.03196338564157486 0.016357574611902237
v -0.012507427483797073 -0.031202830374240875 0.016182325780391693
v -0.009256807155907154 -0.031538210809230804 0.00392055744305253
v -0.012507427483797073 -0.031202830374240875 0.016182325780391693
v -0.015624835155904293 -0.030128514394164085 0.016029546037316322
v -0.015624835155904293 -0.030128514394164085 0.016029546037316322
v -0.012507427483797073 -0.031202830374240875 0.016182325780391693
v -0.015509206801652908 -0.030633024871349335 0.029282309114933014
v -0.015624835155904293 -0.030128514394164085 0.016029546037316322
v -0.015509206801652908 -0.030633024871349335 0.029282309114933014
v -0.01591045968234539 -0.030457429587841034 0.02928212285041809
v -0.03247739374637604 -0.0006110801477916539 -0.00014714560529682785
v -0.03252600133419037 -0.0006016534753143787 0.0039234948344528675
v -0.0322798453271389 0.004882948473095894 -0.00014885066775605083
v -0.0322798453271389 0.004882948473095894 -0.00014885066775605083
v -0.03252600133419037 -0.0006016534753143787 0.0039234948344528675
v -0.03245622664690018 0.002774927532300353 0.00392870744690299
v -0.0322798453271389 0.004882948473095894 -0.00014885066775605083
v -0.03245622664690018 0.002774927532300353 0.00392870744690299
v -0.032218530774116516 0.005652237683534622 0.003931294195353985
v -0.03243067488074303 -0.0006022081943228841 -0.004218501504510641
v -0.03247739374637604 -0.0006110801477916539 -0.00014714560529682785
v -0.03225432336330414 0.004691585898399353 -0.004218879621475935
v -0.03225432336330414 0.004691585898399353 -0.004218879621475935
v -0.03247739374637604 -0.0006110801477916539 -0.00014714560529682785
v -0.0322798453271389 0.004882948473095894 -0.00014885066775605083
v -0.03225432336330414 0.004691585898399353 -0.004218879621475935
v -0.0322798453271389 0.004882948473095894 -0.00014885066775605083
v -0.03179561346769333 0.008216478861868382 -0.0042181601747870445
v -0.03179561346769333 0.008216478861868382 -0.0042181601747870445
v -0.0322798453271389 0.004882948473095894 -0.00014885066775605083
v -0.03148702159523964 0.009884398430585861 -0.00014846627891529351
v -0.029882604256272316 0.014541459269821644 -0.004214386455714703
v -0.03097517415881157 0.011590625159442425 -0.004216330125927925
v -0.03148702159523964 0.009884398430585861 -0.00014846627891529351
v -0.03148702159523964 0.009884398430585861 -0.00014846627891529351
v -0.03097517415881157 0.011590625159442425 -0.004216330125927925
v -0.03145762160420418 0.00982067920267582 -0.004217407666146755
v -0.03148702159523964 0.009884398430585861 -0.00014846627891529351
v -0.03145762160420418 0.00982067920267582 -0.004217407666146755
v -0.03179561346769333 0.008216478861868382 -0.0042181601747870445
v -0.02046123333275318 0.02636687457561493 -0.00014823062520008534
v -0.02330227568745613 0.023868704214692116 -0.00421911058947444
v -0.023905986919999123 0.023512864485383034 -0.00014792251749895513
v -0.023905986919999123 0.023512864485383034 -0.00014792251749895513
v -0.02330227568745613 0.023868704214692116 -0.00421911058947444
v -0.025078697130084038 0.022041043266654015 -0.004217465408146381
v -0.023905986919999123 0.023512864485383034 -0.00014792251749895513
v -0.025078697130084038 0.022041043266654015 -0.004217465408146381
v -0.024578211829066277 0.022816069424152374 -0.00014783434744458646
v -0.024578211829066277 0.022816069424152374 -0.00014783434744458646
v -0.025078697130084038 0.022041043266654015 -0.004217465408146381
v -0.02691490948200226 0.019736962392926216 -0.004214566666632891
v -0.024578211829066277 0.022816069424152374 -0.00014783434744458646
v -0.02691490948200226 0.019736962392926216 -0.004214566666632891
v -0.027541857212781906 0.01902996376156807 -0.0001477291079936549
v -0.027541857212781906 0.01902996376156807 -0.0001477291079936549
v -0.02691490948200226 0.019736962392926216 -0.004214566666632891
v -0.02852536551654339 0.01723763346672058 -0.004213460721075535
v -0.027541857212781906 0.01902996376156807 -0.0001477291079936549
v -0.02852536551654339 0.01723763346672058 -0.004213460721075535
v -0.0299209076911211 0.014629199169576168 -0.00014784382074140012
v -0.016685163602232933 0.02814713679254055 -0.004222522489726543
v -0.01871628873050213 0.027161048725247383 -0.00422371830791235
v -0.02046123333275318 0.02636687457561493 -0.00014823062520008534
v -0.02046123333275318 0.02636687457561493 -0.00014823062520008534
v -0.01871628873050213 0.027161048725247383 -0.00422371830791235
v -0.02104008197784424 0.02571016363799572 -0.004222271032631397
v -0.02046123333275318 0.02636687457561493 -0.00014823062520008534
v -0.02104008197784424 0.02571016363799572 -0.004222271032631397
v -0.02330227568745613 0.023868704214692116 -0.00421911058947444
v -0.012400027364492416 0.029869720339775085 -0.00015202820941340178
v -0.013126090168952942 0.029398081824183464 -0.004218734335154295
v -0.016749681904911995 0.028392665088176727 -0.0001492291339673102
v -0.016749681904911995 0.028392665088176727 -0.0001492291339673102
v -0.013126090168952942 0.029398081824183464 -0.004218734335154295
v -0.016258135437965393 0.028326474130153656 -0.004222054034471512
v -0.016749681904911995 0.028392665088176727 -0.0001492291339673102
v -0.016258135437965393 0.028326474130153656 -0.004222054034471512
v -0.016685163602232933 0.02814713679254055 -0.004222522489726543
v -0.0009766430594027042 0.031008008867502213 -0.004218887072056532
v -0.005316612776368856 0.030775588005781174 -0.004218100104480982
v -0.007013862021267414 0.03088969923555851 -0.00015115219866856933
v -0.007013862021267414 0.03088969923555851 -0.00015115219866856933
v -0.005316612776368856 0.030775588005781174 -0.004218100104480982
v -0.009210352785885334 0.030269581824541092 -0.004218112211674452
v -0.007013862021267414 0.03088969923555851 -0.00015115219866856933
v -0.009210352785885334 0.030269581824541092 -0.004218112211674452
v -0.012400027364492416 0.029869720339775085 -0.00015202820941340178
v -0.012400027364492416 0.029869720339775085 -0.00015202820941340178
v -0.009210352785885334 0.030269581824541092 -0.004218112211674452
v -0.012410474941134453 0.029591066762804985 -0.004218629095703363
v -0.012400027364492416 0.029869720339775085 -0.00015202820941340178
v -0.012410474941134453 0.029591066762804985 -0.004218629095703363
v -0.013126090168952942 0.029398081824183464 -0.004218734335154295
v 8.134480253829679e-07 0.03131652623414993 -0.0001398476742906496
v 5.000274541089311e-06 0.0310098584741354 -0.004218637943267822
v -0.0009766430594027042 0.031008008867502213 -0.004218887072056532
v -0.007013862021267414 0.03088969923555851 -0.00015115219866856933
v -0.00703054154291749 0.031110446900129318 0.003920873627066612
v -0.0046045612543821335 0.031374529004096985 0.003921361640095711
v -0.0009766430594027042 0.031008008867502213 -0.004218887072056532
v -0.007013862021267414 0.03088969923555851 -0.00015115219866856933
v 8.134480253829679e-07 0.03131652623414993 -0.0001398476742906496
v 8.134480253829679e-07 0.03131652623414993 -0.0001398476742906496
v -0.007013862021267414 0.03088969923555851 -0.00015115219866856933
v -0.0046045612543821335 0.031374529004096985 0.003921361640095711
v 8.134480253829679e-07 0.03131652623414993 -0.0001398476742906496
v -0.0046045612543821335 0.031374529004096985 0.003921361640095711
v 3.927979378204327e-06 0.03157469257712364 0.00392393721267581
v -0.00703054154291749 0.031110446900129318 0.003920873627066612
v -0.007013862021267414 0.03088969923555851 -0.00015115219866856933
v -0.00855210330337286 0.030881235376000404 0.003921306226402521
v -0.00855210330337286 0.030881235376000404 0.003921306226402521
v -0.007013862021267414 0.03088969923555851 -0.00015115219866856933
v -0.012400027364492416 0.029869720339775085 -0.00015202820941340178
v -0.00855210330337286 0.030881235376000404 0.003921306226402521
v -0.012400027364492416 0.029869720339775085 -0.00015202820941340178
v -0.01212240569293499 0.030118437483906746 0.003921511583030224
v -0.01212240569293499 0.030118437483906746 0.003921511583030224
v -0.012400027364492416 0.029869720339775085 -0.00015202820941340178
v -0.016749681904911995 0.028392665088176727 -0.0001492291339673102
v -0.01212240569293499 0.030118437483906746 0.003921511583030224
v -0.016749681904911995 0.028392665088176727 -0.0001492291339673102
v -0.015669047832489014 0.028970535844564438 0.003920926712453365
v -0.016685163602232933 0.02814713679254055 -0.004222522489726543
v -0.02046123333275318 0.02636687457561493 -0.00014823062520008534
v -0.016749681904911995 0.028392665088176727 -0.0001492291339673102
v -0.016749681904911995 0.028392665088176727 -0.0001492291339673102
v -0.02046123333275318 0.02636687457561493 -0.00014823062520008534
v -0.01842297799885273 0.02771024964749813 0.003924096468836069
v -0.016749681904911995 0.028392665088176727 -0.0001492291339673102
v -0.01842297799885273 0.02771024964749813 0.003924096468836069
v -0.015669047832489014 0.028970535844564438 0.003920926712453365
v -0.027541857212781906 0.01902996376156807 -0.0001477291079936549
v -0.02544417418539524 0.02186025120317936 0.003923746757209301
v -0.024578211829066277 0.022816069424152374 -0.00014783434744458646
v -0.024578211829066277 0.022816069424152374 -0.00014783434744458646
v -0.02544417418539524 0.02186025120317936 0.003923746757209301
v -0.02313254028558731 0.024296266958117485 0.003923356998711824
v -0.024578211829066277 0.022816069424152374 -0.00014783434744458646
v -0.02313254028558731 0.024296266958117485 0.003923356998711824
v -0.023905986919999123 0.023512864485383034 -0.00014792251749895513
v -0.023905986919999123 0.023512864485383034 -0.00014792251749895513
v -0.02313254028558731 0.024296266958117485 0.003923356998711824
v -0.020702354609966278 0.026293830946087837 0.003924127668142319
v -0.023905986919999123 0.023512864485383034 -0.00014792251749895513
v -0.020702354609966278 0.026293830946087837 0.003924127668142319
v -0.02046123333275318 0.02636687457561493 -0.00014823062520008534
v -0.02046123333275318 0.02636687457561493 -0.00014823062520008534
v -0.020702354609966278 0.026293830946087837 0.003924127668142319
v -0.020473599433898926 0.026454808190464973 0.003924212418496609
v -0.02046123333275318 0.02636687457561493 -0.00014823062520008534
v -0.020473599433898926 0.026454808190464973 0.003924212418496609
v -0.01842297799885273 0.02771024964749813 0.003924096468836069
v -0.0299209076911211 0.014629199169576168 -0.00014784382074140012
v -0.029132036492228508 0.016250895336270332 0.003923137206584215
v -0.027541857212781906 0.01902996376156807 -0.0001477291079936549
v -0.027541857212781906 0.01902996376156807 -0.0001477291079936549
v -0.029132036492228508 0.016250895336270332 0.003923137206584215
v -0.02735164389014244 0.019309287890791893 0.003922012634575367
v -0.027541857212781906 0.01902996376156807 -0.0001477291079936549
v -0.02735164389014244 0.019309287890791893 0.003922012634575367
v -0.02544417418539524 0.02186025120317936 0.003923746757209301
v -0.03142189979553223 0.010057387873530388 0.0039285942912101746
v -0.030490033328533173 0.013104661367833614 0.003924879245460033
v -0.0299209076911211 0.014629199169576168 -0.00014784382074140012
v -0.0299209076911211 0.014629199169576168 -0.00014784382074140012
v -0.030490033328533173 0.013104661367833614 0.003924879245460033
v -0.029885664582252502 0.014631391502916813 0.003924225457012653
v -0.0299209076911211 0.014629199169576168 -0.00014784382074140012
v -0.029885664582252502 0.014631391502916813 0.003924225457012653
v -0.029132036492228508 0.016250895336270332 0.003923137206584215
v -0.032218530774116516 0.005652237683534622 0.003931294195353985
v -0.03210294619202614 0.006547239143401384 0.003931381274014711
v -0.0322798453271389 0.004882948473095894 -0.00014885066775605083
v -0.0322798453271389 0.004882948473095894 -0.00014885066775605083
v -0.03210294619202614 0.006547239143401384 0.003931381274014711
v -0.03142189979553223 0.010057387873530388 0.0039285942912101746
v -0.0322798453271389 0.004882948473095894 -0.00014885066775605083
v -0.03142189979553223 0.010057387873530388 0.0039285942912101746
v -0.03148702159523964 0.009884398430585861 -0.00014846627891529351
v -0.03148702159523964 0.009884398430585861 -0.00014846627891529351
v -0.03142189979553223 0.010057387873530388 0.0039285942912101746
v -0.0299209076911211 0.014629199169576168 -0.00014784382074140012
v -0.03148702159523964 0.009884398430585861 -0.00014846627891529351
v -0.0299209076911211 0.014629199169576168 -0.00014784382074140012
v -0.029882604256272316 0.014541459269821644 -0.004214386455714703
v -0.029882604256272316 0.014541459269821644 -0.004214386455714703
v -0.0299209076911211 0.014629199169576168 -0.00014784382074140012
v -0.02852536551654339 0.01723763346672058 -0.004213460721075535
v -0.0007671401835978031 0.01644991524517536 -0.11087840050458908
v 0.005421882029622793 0.014561040326952934 -0.11274652183055878
v 0.0039696646854281425 0.0086486442014575 -0.11261715739965439
v 0.0039696646854281425 0.0086486442014575 -0.11261715739965439
v 0.005421882029622793 0.014561040326952934 -0.11274652183055878
v 0.011940776370465755 0.012633288279175758 -0.11359885334968567
v -0.019688237458467484 0.022164292633533478 -0.09033796936273575
v -0.018514949828386307 0.021839715540409088 -0.09336292743682861
v -0.019834449514746666 0.019240697845816612 -0.09351204335689545
v -0.019834449514746666 0.019240697845816612 -0.09351204335689545
v -0.018514949828386307 0.021839715540409088 -0.09336292743682861
v -0.017094114795327187 0.02143103815615177 -0.09626611322164536
v -0.003994778264313936 0.026212386786937714 -0.05370550602674484
v -0.005786948837339878 0.026209626346826553 -0.05493970587849617
v -0.005479155573993921 0.026131607592105865 -0.048456840217113495
v -0.01745365373790264 0.026212362572550774 -0.08540967851877213
v -0.017641017213463783 0.02620912902057171 -0.08390894532203674
v -0.017784181982278824 0.026212364435195923 -0.08180585503578186
v 0.015290413983166218 0.018012911081314087 -0.11369574069976807
v 0.01354502234607935 0.01840202324092388 -0.11366471648216248
v 0.015290394425392151 0.023346230387687683 -0.11369574069976807
v -0.02816588617861271 -0.0006003729067742825 -0.08434312790632248
v -0.029342113062739372 -0.0006008796626701951 -0.07971393316984177
v -0.028875745832920074 0.0017804899252951145 -0.08145562559366226
v -0.03206023946404457 0.0002934873045887798 -0.03615729883313179
v -0.03182141110301018 0.003465617075562477 -0.03615647181868553
v -0.03181447833776474 0.002203341806307435 -0.04873354360461235
v -0.005644853226840496 0.026237916201353073 -0.03615923598408699
v 5.344359124137554e-06 0.026410840451717377 -0.03615720570087433
v -1.9977496776846237e-06 0.026284044608473778 -0.03837300464510918
v -0.005644853226840496 0.026237916201353073 -0.03615923598408699
v -1.9977496776846237e-06 0.026284044608473778 -0.03837300464510918
v -0.005539046600461006 0.026102149859070778 -0.04191853851079941
v -0.013312692753970623 0.02515457384288311 -0.03615778684616089
v -0.009924715384840965 0.02580319717526436 -0.03615807741880417
v -0.011570136994123459 0.025446785613894463 -0.041963569819927216
v -0.019870763644576073 0.022592540830373764 -0.048492852598428726
v -0.016152571886777878 0.024287767708301544 -0.03615753725171089
v -0.017201270908117294 0.02397097647190094 -0.048482950776815414
v -0.017201270908117294 0.02397097647190094 -0.048482950776815414
v -0.016152571886777878 0.024287767708301544 -0.03615753725171089
v -0.013312692753970623 0.02515457384288311 -0.03615778684616089
v -0.017201270908117294 0.02397097647190094 -0.048482950776815414
v -0.013312692753970623 0.02515457384288311 -0.03615778684616089
v -0.014358703047037125 0.024944370612502098 -0.04847932979464531
v -0.014358703047037125 0.024944370612502098 -0.04847932979464531
v -0.013312692753970623 0.02515457384288311 -0.03615778684616089
v -0.011570136994123459 0.025446785613894463 -0.041963569819927216
v -0.014358703047037125 0.024944370612502098 -0.04847932979464531
v -0.011570136994123459 0.025446785613894463 -0.041963569819927216
v -0.01142414752393961 0.025574367493391037 -0.04847557097673416
v -0.022299649193882942 0.020819028839468956 -0.048512935638427734
v -0.020939627662301064 0.02177494764328003 -0.03615730628371239
v -0.018655376508831978 0.023174617439508438 -0.03615720570087433
v -0.023102784529328346 0.020023370161652565 -0.03615809977054596
v -0.020939627662301064 0.02177494764328003 -0.03615730628371239
v -0.024474726989865303 0.01872912235558033 -0.0485440194606781
v -0.024474726989865303 0.01872912235558033 -0.0485440194606781
v -0.020939627662301064 0.02177494764328003 -0.03615730628371239
v -0.022299649193882942 0.020819028839468956 -0.048512935638427734
v -0.024474726989865303 0.01872912235558033 -0.0485440194606781
v -0.022299649193882942 0.020819028839468956 -0.048512935638427734
v -0.022373201325535774 0.021765142679214478 -0.061429813504219055
v -0.03139866143465042 0.002272053388878703 -0.061867062002420425
v -0.031550176441669464 -0.0006033342215232551 -0.06121319532394409
v -0.031917184591293335 -0.0006034118705429137 -0.049881480634212494
v -0.029780102893710136 0.005358170717954636 -0.07500047236680984
v -0.030296573415398598 -0.0006006034091114998 -0.07446139305830002
v -0.031023509800434113 -0.000601458887103945 -0.06847608834505081
v -0.02720346301794052 -0.0005991580546833575 -0.08729858696460724
v -0.02698618732392788 0.0012488915817812085 -0.08778536319732666
v -0.026782028377056122 -0.0005989714991301298 -0.08843258768320084
v -0.026782028377056122 -0.0005989714991301298 -0.08843258768320084
v -0.02698618732392788 0.0012488915817812085 -0.08778536319732666
v -0.025195613503456116 -0.000599521619733423 -0.09207166731357574
v -0.02698618732392788 0.0012488915817812085 -0.08778536319732666
v -0.025459004566073418 0.004148047883063555 -0.09096170961856842
v -0.025195613503456116 -0.000599521619733423 -0.09207166731357574
v -0.025195613503456116 -0.000599521619733423 -0.09207166731357574
v -0.025459004566073418 0.004148047883063555 -0.09096170961856842
v -0.023990802466869354 0.003701580688357353 -0.0939611867070198
v -0.025195613503456116 -0.000599521619733423 -0.09207166731357574
v -0.023990802466869354 0.003701580688357353 -0.0939611867070198
v -0.023389508947730064 -0.0005997060798108578 -0.0953565388917923
v -0.023389508947730064 -0.0005997060798108578 -0.0953565388917923
v -0.023990802466869354 0.003701580688357353 -0.0939611867070198
v -0.022283300757408142 0.0031873509287834167 -0.09680744260549545
v -0.023389508947730064 -0.0005997060798108578 -0.0953565388917923
v -0.022283300757408142 0.0031873509287834167 -0.09680744260549545
v -0.021112114191055298 -0.0005992712685838342 -0.09865108132362366
v -0.021112114191055298 -0.0005992712685838342 -0.09865108132362366
v -0.022283300757408142 0.0031873509287834167 -0.09680744260549545
v -0.020337872207164764 0.002610104624181986 -0.09946376830339432
v -0.021112114191055298 -0.0005992712685838342 -0.09865108132362366
v -0.020337872207164764 0.002610104624181986 -0.09946376830339432
v -0.0208541601896286 -0.0005992560763843358 -0.09897924214601517
v -0.0208541601896286 -0.0005992560763843358 -0.09897924214601517
v -0.020337872207164764 0.002610104624181986 -0.09946376830339432
v -0.018163906410336494 0.001975660677999258 -0.10190318524837494
v -0.006509166676551104 -0.0006027367780916393 -0.10970789939165115
v -0.009664643555879593 -0.0006015347898937762 -0.10820869356393814
v -0.010454139672219753 -0.00020217002020217478 -0.10777678340673447
v -0.010454139672219753 -0.00020217002020217478 -0.10777678340673447
v -0.009664643555879593 -0.0006015347898937762 -0.10820869356393814
v -0.012909268029034138 -0.0006012939265929163 -0.10627543926239014
v -0.010454139672219753 -0.00020217002020217478 -0.10777678340673447
v -0.012909268029034138 -0.0006012939265929163 -0.10627543926239014
v -0.01319920364767313 0.0005622777389362454 -0.10606648772954941
v -0.01319920364767313 0.0005622777389362454 -0.10606648772954941
v -0.012909268029034138 -0.0006012939265929163 -0.10627543926239014
v -0.01598752662539482 -0.000601067440584302 -0.1039719358086586
v -0.01319920364767313 0.0005622777389362454 -0.10606648772954941
v -0.01598752662539482 -0.000601067440584302 -0.1039719358086586
v -0.015777340158820152 0.0012906725751236081 -0.10410751402378082
v -0.015777340158820152 0.0012906725751236081 -0.10410751402378082
v -0.01598752662539482 -0.000601067440584302 -0.1039719358086586
v -0.016219504177570343 -0.0006010007346048951 -0.10377593338489532
v -0.015777340158820152 0.0012906725751236081 -0.10410751402378082
v -0.016219504177570343 -0.0006010007346048951 -0.10377593338489532
v -0.018163906410336494 0.001975660677999258 -0.10190318524837494
v -0.018163906410336494 0.001975660677999258 -0.10190318524837494
v -0.016219504177570343 -0.0006010007346048951 -0.10377593338489532
v -0.01872263103723526 -0.0005998865817673504 -0.10141711682081223
v -0.018163906410336494 0.001975660677999258 -0.10190318524837494
v -0.01872263103723526 -0.0005998865817673504 -0.10141711682081223
v -0.0208541601896286 -0.0005992560763843358 -0.09897924214601517
v 0.011067028157413006 -0.0006052625249139965 -0.11357229948043823
v 0.005999040324240923 -0.0006041835877113044 -0.11307164281606674
v 0.009196200408041477 0.0007881641504354775 -0.11343377828598022
v 0.009196200408041477 0.0007881641504354775 -0.11343377828598022
v 0.005999040324240923 -0.0006041835877113044 -0.11307164281606674
v 0.0019216819200664759 -0.0006036168779246509 -0.11234727501869202
v 0.009196200408041477 0.0007881641504354775 -0.11343377828598022
v 0.0019216819200664759 -0.0006036168779246509 -0.11234727501869202
v 0.002713933354243636 0.0025888613890856504 -0.11248824000358582
v 0.011940776370465755 0.012633288279175758 -0.11359885334968567
v 0.015290435403585434 0.011783972382545471 -0.11369574069976807
v 0.015290480107069016 -0.0006048824288882315 -0.11369692534208298
v 0.011646809987723827 0.026212433353066444 -0.11349591612815857
v 0.015290385112166405 0.02621251344680786 -0.11369597911834717
v 0.015290392562747002 0.024078384041786194 -0.11369574069976807
v 0.015290392562747002 0.024078384041786194 -0.11369574069976807
v 0.012146410532295704 0.024891415610909462 -0.1135551705956459
v 0.011646809987723827 0.026212433353066444 -0.11349591612815857
v 0.011646809987723827 0.026212433353066444 -0.11349591612815857
v 0.012146410532295704 0.024891415610909462 -0.1135551705956459
v 0.009049525484442711 0.02572299912571907 -0.1131151095032692
v 0.011646809987723827 0.026212433353066444 -0.11349591612815857
v 0.009049525484442711 0.02572299912571907 -0.1131151095032692
v 0.008077071979641914 0.026212411001324654 -0.11290182173252106
v 0.008077071979641914 0.026212411001324654 -0.11290182173252106
v 0.009049525484442711 0.02572299912571907 -0.1131151095032692
v 0.007170206867158413 0.026212411001324654 -0.11268532276153564
v 0.015290392562747002 0.024078384041786194 -0.11369574069976807
v 0.015290394425392151 0.023346230387687683 -0.11369574069976807
v 0.012146410532295704 0.024891415610909462 -0.1135551705956459
v 0.012146410532295704 0.024891415610909462 -0.1135551705956459
v 0.015290394425392151 0.023346230387687683 -0.11369574069976807
v 0.01354502234607935 0.01840202324092388 -0.11366471648216248
v 0.012146410532295704 0.024891415610909462 -0.1135551705956459
v 0.01354502234607935 0.01840202324092388 -0.11366471648216248
v 0.009049525484442711 0.02572299912571907 -0.1131151095032692
v 0.009049525484442711 0.02572299912571907 -0.1131151095032692
v 0.01354502234607935 0.01840202324092388 -0.11366471648216248
v 0.007109047845005989 0.0202664602547884 -0.11290794610977173
v 0.009049525484442711 0.02572299912571907 -0.1131151095032692
v 0.007109047845005989 0.0202664602547884 -0.11290794610977173
v 0.007170206867158413 0.026212411001324654 -0.11268532276153564
v 0.007170206867158413 0.026212411001324654 -0.11268532276153564
v 0.007109047845005989 0.0202664602547884 -0.11290794610977173
v 0.0040295906364917755 0.02117244526743889 -0.1121167466044426
v 0.007170206867158413 0.026212411001324654 -0.11268532276153564
v 0.0040295906364917755 0.02117244526743889 -0.1121167466044426
v 0.004588990937918425 0.026212405413389206 -0.11191785335540771
v 0.004588990937918425 0.026212405413389206 -0.11191785335540771
v 0.0040295906364917755 0.02117244526743889 -0.1121167466044426
v 0.001077911234460771 0.02203579805791378 -0.11103753745555878
v 0.004588990937918425 0.026212405413389206 -0.11191785335540771
v 0.001077911234460771 0.02203579805791378 -0.11103753745555878
v 0.0012205196544528008 0.026212399825453758 -0.11055923253297806
v -0.017955033108592033 0.026122525334358215 -0.08070535212755203
v -0.01811438426375389 0.0258037019520998 -0.07425171136856079
v -0.01771572045981884 0.026212366297841072 -0.0781925842165947
v -0.01771572045981884 0.026212366297841072 -0.0781925842165947
v -0.01811438426375389 0.0258037019520998 -0.07425171136856079
v -0.017255930230021477 0.02621236816048622 -0.07459867745637894
v -0.017255930230021477 0.02621236816048622 -0.07459867745637894
v -0.01811438426375389 0.0258037019520998 -0.07425171136856079
v -0.01640823297202587 0.02621237188577652 -0.07108481228351593
v -0.01640823297202587 0.02621237188577652 -0.07108481228351593
v -0.01811438426375389 0.0258037019520998 -0.07425171136856079
v -0.01787898875772953 0.025347506627440453 -0.06779038906097412
v -0.01640823297202587 0.02621237188577652 -0.07108481228351593
v -0.01787898875772953 0.025347506627440453 -0.06779038906097412
v -0.015178795903921127 0.026212360709905624 -0.06768517941236496
v -0.01787898875772953 0.025347506627440453 -0.06779038906097412
v -0.01751633919775486 0.024835193529725075 -0.061348624527454376
v -0.015178795903921127 0.026212360709905624 -0.06768517941236496
v -0.015178795903921127 0.026212360709905624 -0.06768517941236496
v -0.01751633919775486 0.024835193529725075 -0.061348624527454376
v -0.014819089323282242 0.02569579891860485 -0.061346665024757385
v -0.015178795903921127 0.026212360709905624 -0.06768517941236496
v -0.014819089323282242 0.02569579891860485 -0.061346665024757385
v -0.01356406882405281 0.026212364435195923 -0.06439277529716492
v -0.01356406882405281 0.026212364435195923 -0.06439277529716492
v -0.014819089323282242 0.02569579891860485 -0.061346665024757385
v -0.012044194154441357 0.02616972103714943 -0.06135925278067589
v -0.01356406882405281 0.026212364435195923 -0.06439277529716492
v -0.012044194154441357 0.02616972103714943 -0.06135925278067589
v -0.011619260534644127 0.02621237002313137 -0.06133418530225754
v -0.011619260534644127 0.02621237002313137 -0.06133418530225754
v -0.012044194154441357 0.02616972103714943 -0.06135925278067589
v -0.009355307556688786 0.02621237374842167 -0.05851636081933975
v -1.9977496776846237e-06 0.026284044608473778 -0.03837300464510918
v -2.3780055471434025e-06 0.02620391920208931 -0.04352661594748497
v -0.005539046600461006 0.026102149859070778 -0.04191853851079941
v -0.005539046600461006 0.026102149859070778 -0.04191853851079941
v -2.3780055471434025e-06 0.02620391920208931 -0.04352661594748497
v -2.9697644094994757e-06 0.026212498545646667 -0.05125484988093376
v -0.005539046600461006 0.026102149859070778 -0.04191853851079941
v -2.9697644094994757e-06 0.026212498545646667 -0.05125484988093376
v -0.005479155573993921 0.026131607592105865 -0.048456840217113495
v -0.005479155573993921 0.026131607592105865 -0.048456840217113495
v -2.9697644094994757e-06 0.026212498545646667 -0.05125484988093376
v -0.0009452427038922906 0.02621239237487316 -0.05176510661840439
v -0.005479155573993921 0.026131607592105865 -0.048456840217113495
v -0.0009452427038922906 0.02621239237487316 -0.05176510661840439
v -0.003994778264313936 0.026212386786937714 -0.05370550602674484
v -0.01142414752393961 0.025574367493391037 -0.04847557097673416
v -0.011583945713937283 0.025821812450885773 -0.0549299493432045
v -0.014358703047037125 0.024944370612502098 -0.04847932979464531
v -0.014358703047037125 0.024944370612502098 -0.04847932979464531
v -0.011583945713937283 0.025821812450885773 -0.0549299493432045
v -0.014455942437052727 0.025266902521252632 -0.05492270737886429
v -0.014358703047037125 0.024944370612502098 -0.04847932979464531
v -0.014455942437052727 0.025266902521252632 -0.05492270737886429
v -0.017201270908117294 0.02397097647190094 -0.048482950776815414
v -0.017201270908117294 0.02397097647190094 -0.048482950776815414
v -0.014455942437052727 0.025266902521252632 -0.05492270737886429
v -0.017246628180146217 0.024351371452212334 -0.05492128059267998
v -0.017201270908117294 0.02397097647190094 -0.048482950776815414
v -0.017246628180146217 0.024351371452212334 -0.05492128059267998
v -0.019870763644576073 0.022592540830373764 -0.048492852598428726
v -0.019870763644576073 0.022592540830373764 -0.048492852598428726
v -0.017246628180146217 0.024351371452212334 -0.05492128059267998
v -0.02005588263273239 0.023523379117250443 -0.06137566268444061
v -0.009924715384840965 0.02580319717526436 -0.03615807741880417
v -0.005644853226840496 0.026237916201353073 -0.03615923598408699
v -0.011570136994123459 0.025446785613894463 -0.041963569819927216
v -0.011570136994123459 0.025446785613894463 -0.041963569819927216
v -0.005644853226840496 0.026237916201353073 -0.03615923598408699
v -0.005539046600461006 0.026102149859070778 -0.04191853851079941
v -0.011570136994123459 0.025446785613894463 -0.041963569819927216
v -0.005539046600461006 0.026102149859070778 -0.04191853851079941
v -0.01142414752393961 0.025574367493391037 -0.04847557097673416
v -0.01142414752393961 0.025574367493391037 -0.04847557097673416
v -0.005539046600461006 0.026102149859070778 -0.04191853851079941
v -0.005479155573993921 0.026131607592105865 -0.048456840217113495
v -0.01142414752393961 0.025574367493391037 -0.04847557097673416
v -0.005479155573993921 0.026131607592105865 -0.048456840217113495
v -0.011583945713937283 0.025821812450885773 -0.0549299493432045
v -0.011583945713937283 0.025821812450885773 -0.0549299493432045
v -0.005479155573993921 0.026131607592105865 -0.048456840217113495
v -0.005786948837339878 0.026209626346826553 -0.05493970587849617
v -0.011583945713937283 0.025821812450885773 -0.0549299493432045
v -0.005786948837339878 0.026209626346826553 -0.05493970587849617
v -0.006806437391787767 0.026212379336357117 -0.055964644998311996
v -0.006806437391787767 0.026212379336357117 -0.055964644998311996
v -0.005786948837339878 0.026209626346826553 -0.05493970587849617
v -0.003994778264313936 0.026212386786937714 -0.05370550602674484
v -0.02133205533027649 0.022567875683307648 -0.08406146615743637
v -0.021842606365680695 0.02264750748872757 -0.08086089044809341
v -0.019994745030999184 0.02461172267794609 -0.08076100051403046
v -0.019994745030999184 0.02461172267794609 -0.08076100051403046
v -0.021842606365680695 0.02264750748872757 -0.08086089044809341
v -0.022379519417881966 0.022573405876755714 -0.0743989646434784
v -0.019994745030999184 0.02461172267794609 -0.08076100051403046
v -0.022379519417881966 0.022573405876755714 -0.0743989646434784
v -0.02035020850598812 0.02442559413611889 -0.07430614531040192
v -0.02035020850598812 0.02442559413611889 -0.07430614531040192
v -0.022379519417881966 0.022573405876755714 -0.0743989646434784
v -0.022476082667708397 0.02224510721862316 -0.06790979206562042
v -0.02035020850598812 0.02442559413611889 -0.07430614531040192
v -0.022476082667708397 0.02224510721862316 -0.06790979206562042
v -0.020285343751311302 0.024030776694417 -0.06783342361450195
v -0.020285343751311302 0.024030776694417 -0.06783342361450195
v -0.022476082667708397 0.02224510721862316 -0.06790979206562042
v -0.022373201325535774 0.021765142679214478 -0.061429813504219055
v -0.020285343751311302 0.024030776694417 -0.06783342361450195
v -0.022373201325535774 0.021765142679214478 -0.061429813504219055
v -0.02005588263273239 0.023523379117250443 -0.06137566268444061
v -0.02005588263273239 0.023523379117250443 -0.06137566268444061
v -0.022373201325535774 0.021765142679214478 -0.061429813504219055
v -0.022299649193882942 0.020819028839468956 -0.048512935638427734
v -0.02005588263273239 0.023523379117250443 -0.06137566268444061
v -0.022299649193882942 0.020819028839468956 -0.048512935638427734
v -0.019870763644576073 0.022592540830373764 -0.048492852598428726
v -0.019870763644576073 0.022592540830373764 -0.048492852598428726
v -0.022299649193882942 0.020819028839468956 -0.048512935638427734
v -0.018655376508831978 0.023174617439508438 -0.03615720570087433
v -0.019870763644576073 0.022592540830373764 -0.048492852598428726
v -0.018655376508831978 0.023174617439508438 -0.03615720570087433
v -0.016152571886777878 0.024287767708301544 -0.03615753725171089
v -0.01745365373790264 0.026212362572550774 -0.08540967851877213
v -0.019577756524086 0.024605032056570053 -0.08396096527576447
v -0.017641017213463783 0.02620912902057171 -0.08390894532203674
v -0.017641017213463783 0.02620912902057171 -0.08390894532203674
v -0.019577756524086 0.024605032056570053 -0.08396096527576447
v -0.017955033108592033 0.026122525334358215 -0.08070535212755203
v -0.017641017213463783 0.02620912902057171 -0.08390894532203674
v -0.017955033108592033 0.026122525334358215 -0.08070535212755203
v -0.017784181982278824 0.026212364435195923 -0.08180585503578186
v -0.017784181982278824 0.026212364435195923 -0.08180585503578186
v -0.017955033108592033 0.026122525334358215 -0.08070535212755203
v -0.01771572045981884 0.026212366297841072 -0.0781925842165947
v -0.006806437391787767 0.026212379336357117 -0.055964644998311996
v -0.009355307556688786 0.02621237374842167 -0.05851636081933975
v -0.011583945713937283 0.025821812450885773 -0.0549299493432045
v -0.011583945713937283 0.025821812450885773 -0.0549299493432045
v -0.009355307556688786 0.02621237374842167 -0.05851636081933975
v -0.012044194154441357 0.02616972103714943 -0.06135925278067589
v -0.011583945713937283 0.025821812450885773 -0.0549299493432045
v -0.012044194154441357 0.02616972103714943 -0.06135925278067589
v -0.014455942437052727 0.025266902521252632 -0.05492270737886429
v -0.014455942437052727 0.025266902521252632 -0.05492270737886429
v -0.012044194154441357 0.02616972103714943 -0.06135925278067589
v -0.014819089323282242 0.02569579891860485 -0.061346665024757385
v -0.014455942437052727 0.025266902521252632 -0.05492270737886429
v -0.014819089323282242 0.02569579891860485 -0.061346665024757385
v -0.017246628180146217 0.024351371452212334 -0.05492128059267998
v -0.017246628180146217 0.024351371452212334 -0.05492128059267998
v -0.014819089323282242 0.02569579891860485 -0.061346665024757385
v -0.01751633919775486 0.024835193529725075 -0.061348624527454376
v -0.017246628180146217 0.024351371452212334 -0.05492128059267998
v -0.01751633919775486 0.024835193529725075 -0.061348624527454376
v -0.02005588263273239 0.023523379117250443 -0.06137566268444061
v -0.02005588263273239 0.023523379117250443 -0.06137566268444061
v -0.01751633919775486 0.024835193529725075 -0.061348624527454376
v -0.01787898875772953 0.025347506627440453 -0.06779038906097412
v -0.02005588263273239 0.023523379117250443 -0.06137566268444061
v -0.01787898875772953 0.025347506627440453 -0.06779038906097412
v -0.020285343751311302 0.024030776694417 -0.06783342361450195
v -0.020285343751311302 0.024030776694417 -0.06783342361450195
v -0.01787898875772953 0.025347506627440453 -0.06779038906097412
v -0.01811438426375389 0.0258037019520998 -0.07425171136856079
v -0.020285343751311302 0.024030776694417 -0.06783342361450195
v -0.01811438426375389 0.0258037019520998 -0.07425171136856079
v -0.02035020850598812 0.02442559413611889 -0.07430614531040192
v -0.02035020850598812 0.02442559413611889 -0.07430614531040192
v -0.01811438426375389 0.0258037019520998 -0.07425171136856079
v -0.017955033108592033 0.026122525334358215 -0.08070535212755203
v -0.02035020850598812 0.02442559413611889 -0.07430614531040192
v -0.017955033108592033 0.026122525334358215 -0.08070535212755203
v -0.019994745030999184 0.02461172267794609 -0.08076100051403046
v -0.019994745030999184 0.02461172267794609 -0.08076100051403046
v -0.017955033108592033 0.026122525334358215 -0.08070535212755203
v -0.019577756524086 0.024605032056570053 -0.08396096527576447
v -0.019994745030999184 0.02461172267794609 -0.08076100051403046
v -0.019577756524086 0.024605032056570053 -0.08396096527576447
v -0.02133205533027649 0.022567875683307648 -0.08406146615743637
v -0.01811949536204338 0.02437477931380272 -0.09023700654506683
v -0.016388047486543655 0.02620677463710308 -0.09019787609577179
v -0.017037419602274895 0.02414431795477867 -0.09326425194740295
v -0.017037419602274895 0.02414431795477867 -0.09326425194740295
v -0.016388047486543655 0.02620677463710308 -0.09019787609577179
v -0.01540637668222189 0.026101408526301384 -0.0932343453168869
v -0.017037419602274895 0.02414431795477867 -0.09326425194740295
v -0.01540637668222189 0.026101408526301384 -0.0932343453168869
v -0.01570664346218109 0.023829486221075058 -0.09617502987384796
v -0.01570664346218109 0.023829486221075058 -0.09617502987384796
v -0.01540637668222189 0.026101408526301384 -0.0932343453168869
v -0.014174428768455982 0.02591267228126526 -0.09615708887577057
v -0.01570664346218109 0.023829486221075058 -0.09617502987384796
v -0.014174428768455982 0.02591267228126526 -0.09615708887577057
v -0.014125200919806957 0.023427186533808708 -0.0989377498626709
v -0.014125200919806957 0.023427186533808708 -0.0989377498626709
v -0.014174428768455982 0.02591267228126526 -0.09615708887577057
v -0.012689678929746151 0.025633441284298897 -0.09893463551998138
v -0.014125200919806957 0.023427186533808708 -0.0989377498626709
v -0.012689678929746151 0.025633441284298897 -0.09893463551998138
v -0.010954787954688072 0.02525966241955757 -0.10153668373823166
v -0.004343274515122175 0.023574722930788994 -0.10802154242992401
v -0.006425335071980953 0.01819481886923313 -0.10792920738458633
v -0.006768182385712862 0.024227017536759377 -0.10610389709472656
v -0.006768182385712862 0.024227017536759377 -0.10610389709472656
v -0.006425335071980953 0.01819481886923313 -0.10792920738458633
v -0.008994917385280132 0.018986081704497337 -0.10605674237012863
v -0.006768182385712862 0.024227017536759377 -0.10610389709472656
v -0.008994917385280132 0.018986081704497337 -0.10605674237012863
v -0.008977104909718037 0.024790233001112938 -0.10393495112657547
v -0.008977104909718037 0.024790233001112938 -0.10393495112657547
v -0.008994917385280132 0.018986081704497337 -0.10605674237012863
v -0.011362728662788868 0.019711466506123543 -0.10393432527780533
v -0.008977104909718037 0.024790233001112938 -0.10393495112657547
v -0.011362728662788868 0.019711466506123543 -0.10393432527780533
v -0.010954787954688072 0.02525966241955757 -0.10153668373823166
v -0.010954787954688072 0.02525966241955757 -0.10153668373823166
v -0.011362728662788868 0.019711466506123543 -0.10393432527780533
v -0.013510702177882195 0.02036404423415661 -0.10157965868711472
v -0.010954787954688072 0.02525966241955757 -0.10153668373823166
v -0.013510702177882195 0.02036404423415661 -0.10157965868711472
v -0.014125200919806957 0.023427186533808708 -0.0989377498626709
v -0.014125200919806957 0.023427186533808708 -0.0989377498626709
v -0.013510702177882195 0.02036404423415661 -0.10157965868711472
v -0.015424467623233795 0.020938482135534286 -0.09901488572359085
v -0.014125200919806957 0.023427186533808708 -0.0989377498626709
v -0.015424467623233795 0.020938482135534286 -0.09901488572359085
v -0.01570664346218109 0.023829486221075058 -0.09617502987384796
v -0.01570664346218109 0.023829486221075058 -0.09617502987384796
v -0.015424467623233795 0.020938482135534286 -0.09901488572359085
v -0.017094114795327187 0.02143103815615177 -0.09626611322164536
v -0.01570664346218109 0.023829486221075058 -0.09617502987384796
v -0.017094114795327187 0.02143103815615177 -0.09626611322164536
v -0.017037419602274895 0.02414431795477867 -0.09326425194740295
v -0.017037419602274895 0.02414431795477867 -0.09326425194740295
v -0.017094114795327187 0.02143103815615177 -0.09626611322164536
v -0.018514949828386307 0.021839715540409088 -0.09336292743682861
v -0.017037419602274895 0.02414431795477867 -0.09326425194740295
v -0.018514949828386307 0.021839715540409088 -0.09336292743682861
v -0.01811949536204338 0.02437477931380272 -0.09023700654506683
v -0.01811949536204338 0.02437477931380272 -0.09023700654506683
v -0.018514949828386307 0.021839715540409088 -0.09336292743682861
v -0.019688237458467484 0.022164292633533478 -0.09033796936273575
v -0.0007671401835978031 0.01644991524517536 -0.11087840050458908
v -0.003675005165860057 0.01734614185988903 -0.10953890532255173
v -0.001720847561955452 0.022840889170765877 -0.10967026650905609
v -0.028875745832920074 0.0017804899252951145 -0.08145562559366226
v -0.028559964150190353 0.0050631193444132805 -0.08149105310440063
v -0.02669602818787098 0.00452343700453639 -0.08785635977983475
v -0.02669602818787098 0.00452343700453639 -0.08785635977983475
v -0.028559964150190353 0.0050631193444132805 -0.08149105310440063
v -0.02618509531021118 0.007814568467438221 -0.08785335719585419
v -0.02669602818787098 0.00452343700453639 -0.08785635977983475
v -0.02618509531021118 0.007814568467438221 -0.08785335719585419
v -0.024273458868265152 0.010682462714612484 -0.09092006087303162
v -0.003571184119209647 0.004373346921056509 -0.11071544885635376
v -0.009471367113292217 0.006091955583542585 -0.10799558460712433
v -0.005279836244881153 0.01142543088644743 -0.10951883345842361
v 0.0019216819200664759 -0.0006036168779246509 -0.11234727501869202
v -0.002457167487591505 -0.0006034305552020669 -0.11119339615106583
v 0.002713933354243636 0.0025888613890856504 -0.11248824000358582
v 0.002713933354243636 0.0025888613890856504 -0.11248824000358582
v -0.002457167487591505 -0.0006034305552020669 -0.11119339615106583
v -0.003571184119209647 0.004373346921056509 -0.11071544885635376
v 0.002713933354243636 0.0025888613890856504 -0.11248824000358582
v -0.003571184119209647 0.004373346921056509 -0.11071544885635376
v -0.0023007849231362343 0.010519623756408691 -0.11080144345760345
v -0.0023007849231362343 0.010519623756408691 -0.11080144345760345
v -0.003571184119209647 0.004373346921056509 -0.11071544885635376
v -0.005279836244881153 0.01142543088644743 -0.10951883345842361
v -0.0023007849231362343 0.010519623756408691 -0.11080144345760345
v -0.005279836244881153 0.01142543088644743 -0.10951883345842361
v -0.003675005165860057 0.01734614185988903 -0.10953890532255173
v -0.003675005165860057 0.01734614185988903 -0.10953890532255173
v -0.0007671401835978031 0.01644991524517536 -0.11087840050458908
v -0.0023007849231362343 0.010519623756408691 -0.11080144345760345
v -0.0023007849231362343 0.010519623756408691 -0.11080144345760345
v -0.0007671401835978031 0.01644991524517536 -0.11087840050458908
v 0.0039696646854281425 0.0086486442014575 -0.11261715739965439
v -0.0023007849231362343 0.010519623756408691 -0.11080144345760345
v 0.0039696646854281425 0.0086486442014575 -0.11261715739965439
v 0.002713933354243636 0.0025888613890856504 -0.11248824000358582
v 0.002713933354243636 0.0025888613890856504 -0.11248824000358582
v 0.0039696646854281425 0.0086486442014575 -0.11261715739965439
v 0.011940776370465755 0.012633288279175758 -0.11359885334968567
v 0.002713933354243636 0.0025888613890856504 -0.11248824000358582
v 0.011940776370465755 0.012633288279175758 -0.11359885334968567
v 0.009196200408041477 0.0007881641504354775 -0.11343377828598022
v 0.009196200408041477 0.0007881641504354775 -0.11343377828598022
v 0.011940776370465755 0.012633288279175758 -0.11359885334968567
v 0.015290480107069016 -0.0006048824288882315 -0.11369692534208298
v 0.009196200408041477 0.0007881641504354775 -0.11343377828598022
v 0.015290480107069016 -0.0006048824288882315 -0.11369692534208298
v 0.011067028157413006 -0.0006052625249139965 -0.11357229948043823
v -0.006425335071980953 0.01819481886923313 -0.10792920738458633
v -0.008120303973555565 0.012299289926886559 -0.10797781497240067
v -0.008994917385280132 0.018986081704497337 -0.10605674237012863
v -0.008994917385280132 0.018986081704497337 -0.10605674237012863
v -0.008120303973555565 0.012299289926886559 -0.10797781497240067
v -0.010796766728162766 0.013132261112332344 -0.1061781495809555
v -0.008994917385280132 0.018986081704497337 -0.10605674237012863
v -0.010796766728162766 0.013132261112332344 -0.1061781495809555
v -0.011362728662788868 0.019711466506123543 -0.10393432527780533
v -0.011362728662788868 0.019711466506123543 -0.10393432527780533
v -0.010796766728162766 0.013132261112332344 -0.1061781495809555
v -0.013285409659147263 0.013915760442614555 -0.10412494838237762
v -0.011362728662788868 0.019711466506123543 -0.10393432527780533
v -0.013285409659147263 0.013915760442614555 -0.10412494838237762
v -0.013510702177882195 0.02036404423415661 -0.10157965868711472
v -0.013510702177882195 0.02036404423415661 -0.10157965868711472
v -0.013285409659147263 0.013915760442614555 -0.10412494838237762
v -0.015565071254968643 0.014641727320849895 -0.10182897746562958
v -0.013510702177882195 0.02036404423415661 -0.10157965868711472
v -0.015565071254968643 0.014641727320849895 -0.10182897746562958
v -0.015424467623233795 0.020938482135534286 -0.09901488572359085
v -0.015424467623233795 0.020938482135534286 -0.09901488572359085
v -0.015565071254968643 0.014641727320849895 -0.10182897746562958
v -0.017618300393223763 0.015302769839763641 -0.09930701553821564
v -0.015424467623233795 0.020938482135534286 -0.09901488572359085
v -0.017618300393223763 0.015302769839763641 -0.09930701553821564
v -0.017094114795327187 0.02143103815615177 -0.09626611322164536
v -0.017094114795327187 0.02143103815615177 -0.09626611322164536
v -0.017618300393223763 0.015302769839763641 -0.09930701553821564
v -0.019432393833994865 0.015892451629042625 -0.09658215194940567
v -0.017094114795327187 0.02143103815615177 -0.09626611322164536
v -0.019432393833994865 0.015892451629042625 -0.09658215194940567
v -0.019834449514746666 0.019240697845816612 -0.09351204335689545
v -0.019834449514746666 0.019240697845816612 -0.09351204335689545
v -0.019432393833994865 0.015892451629042625 -0.09658215194940567
v -0.021000465378165245 0.016405347734689713 -0.093684121966362
v -0.019834449514746666 0.019240697845816612 -0.09351204335689545
v -0.021000465378165245 0.016405347734689713 -0.093684121966362
v -0.022322475910186768 0.01683730073273182 -0.09064964205026627
v -0.03182141110301018 0.003465617075562477 -0.03615647181868553
v -0.03125236555933952 0.006515811197459698 -0.03615642338991165
v -0.03181447833776474 0.002203341806307435 -0.04873354360461235
v -0.03181447833776474 0.002203341806307435 -0.04873354360461235
v -0.03125236555933952 0.006515811197459698 -0.03615642338991165
v -0.03137253597378731 0.005277206189930439 -0.048724763095378876
v -0.03181447833776474 0.002203341806307435 -0.04873354360461235
v -0.03137253597378731 0.005277206189930439 -0.048724763095378876
v -0.030979877337813377 0.0054486836306750774 -0.061861827969551086
v -0.030979877337813377 0.0054486836306750774 -0.061861827969551086
v -0.03137253597378731 0.005277206189930439 -0.048724763095378876
v -0.030247462913393974 0.00858080480247736 -0.06182684004306793
v -0.030979877337813377 0.0054486836306750774 -0.061861827969551086
v -0.030247462913393974 0.00858080480247736 -0.06182684004306793
v -0.029858145862817764 0.008671297691762447 -0.06840696185827255
v -0.029858145862817764 0.008671297691762447 -0.06840696185827255
v -0.030247462913393974 0.00858080480247736 -0.06182684004306793
v -0.02889253944158554 0.011796162463724613 -0.0683363527059555
v -0.029858145862817764 0.008671297691762447 -0.06840696185827255
v -0.02889253944158554 0.011796162463724613 -0.0683363527059555
v -0.028282158076763153 0.01181360986083746 -0.07489070296287537
v -0.031550176441669464 -0.0006033342215232551 -0.06121319532394409
v -0.03139866143465042 0.002272053388878703 -0.061867062002420425
v -0.031023509800434113 -0.000601458887103945 -0.06847608834505081
v -0.031023509800434113 -0.000601458887103945 -0.06847608834505081
v -0.03139866143465042 0.002272053388878703 -0.061867062002420425
v -0.030536791309714317 0.005465780850499868 -0.06844303756952286
v -0.031023509800434113 -0.000601458887103945 -0.06847608834505081
v -0.030536791309714317 0.005465780850499868 -0.06844303756952286
v -0.029780102893710136 0.005358170717954636 -0.07500047236680984
v -0.029780102893710136 0.005358170717954636 -0.07500047236680984
v -0.030536791309714317 0.005465780850499868 -0.06844303756952286
v -0.029163040220737457 0.008619380183517933 -0.0749669298529625
v -0.029780102893710136 0.005358170717954636 -0.07500047236680984
v -0.029163040220737457 0.008619380183517933 -0.0749669298529625
v -0.02800111286342144 0.008353035897016525 -0.08146626502275467
v -0.02800111286342144 0.008353035897016525 -0.08146626502275467
v -0.029163040220737457 0.008619380183517933 -0.0749669298529625
v -0.027202872559428215 0.011589078232645988 -0.08139035850763321
v -0.02800111286342144 0.008353035897016525 -0.08146626502275467
v -0.027202872559428215 0.011589078232645988 -0.08139035850763321
v -0.0254586860537529 0.011064795777201653 -0.08778665214776993
v -0.0254586860537529 0.011064795777201653 -0.08778665214776993
v -0.027202872559428215 0.011589078232645988 -0.08139035850763321
v -0.02452823892235756 0.014209598302841187 -0.08767044544219971
v -0.0254586860537529 0.011064795777201653 -0.08778665214776993
v -0.02452823892235756 0.014209598302841187 -0.08767044544219971
v -0.022322475910186768 0.01683730073273182 -0.09064964205026627
v -0.002457167487591505 -0.0006034305552020669 -0.11119339615106583
v -0.004575683735311031 -0.0006032253731973469 -0.11047244817018509
v -0.003571184119209647 0.004373346921056509 -0.11071544885635376
v -0.003571184119209647 0.004373346921056509 -0.11071544885635376
v -0.004575683735311031 -0.0006032253731973469 -0.11047244817018509
v -0.006509166676551104 -0.0006027367780916393 -0.10970789939165115
v -0.003571184119209647 0.004373346921056509 -0.11071544885635376
v -0.006509166676551104 -0.0006027367780916393 -0.10970789939165115
v -0.009471367113292217 0.006091955583542585 -0.10799558460712433
v -0.009471367113292217 0.006091955583542585 -0.10799558460712433
v -0.006509166676551104 -0.0006027367780916393 -0.10970789939165115
v -0.010454139672219753 -0.00020217002020217478 -0.10777678340673447
v -0.009471367113292217 0.006091955583542585 -0.10799558460712433
v -0.010454139672219753 -0.00020217002020217478 -0.10777678340673447
v -0.012210166081786156 0.0069073280319571495 -0.10625726729631424
v -0.012210166081786156 0.0069073280319571495 -0.10625726729631424
v -0.010454139672219753 -0.00020217002020217478 -0.10777678340673447
v -0.01319920364767313 0.0005622777389362454 -0.10606648772954941
v -0.012210166081786156 0.0069073280319571495 -0.10625726729631424
v -0.01319920364767313 0.0005622777389362454 -0.10606648772954941
v -0.01477290689945221 0.007682378403842449 -0.10426372289657593
v -0.01477290689945221 0.007682378403842449 -0.10426372289657593
v -0.01319920364767313 0.0005622777389362454 -0.10606648772954941
v -0.015777340158820152 0.0012906725751236081 -0.10410751402378082
v -0.01477290689945221 0.007682378403842449 -0.10426372289657593
v -0.015777340158820152 0.0012906725751236081 -0.10410751402378082
v -0.017135847359895706 0.008408865891397 -0.10202021896839142
v -0.017135847359895706 0.008408865891397 -0.10202021896839142
v -0.015777340158820152 0.0012906725751236081 -0.10410751402378082
v -0.018163906410336494 0.001975660677999258 -0.10190318524837494
v -0.017135847359895706 0.008408865891397 -0.10202021896839142
v -0.018163906410336494 0.001975660677999258 -0.10190318524837494
v -0.01927897520363331 0.009078864008188248 -0.0995391383767128
v -0.01927897520363331 0.009078864008188248 -0.0995391383767128
v -0.018163906410336494 0.001975660677999258 -0.10190318524837494
v -0.020337872207164764 0.002610104624181986 -0.09946376830339432
v -0.01927897520363331 0.009078864008188248 -0.0995391383767128
v -0.020337872207164764 0.002610104624181986 -0.09946376830339432
v -0.021187353879213333 0.009685145691037178 -0.09684088826179504
v -0.021187353879213333 0.009685145691037178 -0.09684088826179504
v -0.020337872207164764 0.002610104624181986 -0.09946376830339432
v -0.022283300757408142 0.0031873509287834167 -0.09680744260549545
v -0.021187353879213333 0.009685145691037178 -0.09684088826179504
v -0.022283300757408142 0.0031873509287834167 -0.09680744260549545
v -0.022852446883916855 0.01022137701511383 -0.09395479410886765
v -0.022852446883916855 0.01022137701511383 -0.09395479410886765
v -0.022283300757408142 0.0031873509287834167 -0.09680744260549545
v -0.023990802466869354 0.003701580688357353 -0.0939611867070198
v -0.022852446883916855 0.01022137701511383 -0.09395479410886765
v -0.023990802466869354 0.003701580688357353 -0.0939611867070198
v -0.024273458868265152 0.010682462714612484 -0.09092006087303162
v -0.024273458868265152 0.010682462714612484 -0.09092006087303162
v -0.023990802466869354 0.003701580688357353 -0.0939611867070198
v -0.025459004566073418 0.004148047883063555 -0.09096170961856842
v -0.024273458868265152 0.010682462714612484 -0.09092006087303162
v -0.025459004566073418 0.004148047883063555 -0.09096170961856842
v -0.02669602818787098 0.00452343700453639 -0.08785635977983475
v -0.02669602818787098 0.00452343700453639 -0.08785635977983475
v -0.025459004566073418 0.004148047883063555 -0.09096170961856842
v -0.02698618732392788 0.0012488915817812085 -0.08778536319732666
v -0.02669602818787098 0.00452343700453639 -0.08785635977983475
v -0.02698618732392788 0.0012488915817812085 -0.08778536319732666
v -0.028875745832920074 0.0017804899252951145 -0.08145562559366226
v -0.028875745832920074 0.0017804899252951145 -0.08145562559366226
v -0.02698618732392788 0.0012488915817812085 -0.08778536319732666
v -0.02720346301794052 -0.0005991580546833575 -0.08729858696460724
v -0.028875745832920074 0.0017804899252951145 -0.08145562559366226
v -0.02720346301794052 -0.0005991580546833575 -0.08729858696460724
v -0.02816588617861271 -0.0006003729067742825 -0.08434312790632248
v -0.03125236555933952 0.006515811197459698 -0.03615642338991165
v -0.0303494855761528 0.009421047754585743 -0.03615714609622955
v -0.03137253597378731 0.005277206189930439 -0.048724763095378876
v -0.03137253597378731 0.005277206189930439 -0.048724763095378876
v -0.0303494855761528 0.009421047754585743 -0.03615714609622955
v -0.030595483258366585 0.00826720055192709 -0.048701293766498566
v -0.03137253597378731 0.005277206189930439 -0.048724763095378876
v -0.030595483258366585 0.00826720055192709 -0.048701293766498566
v -0.030247462913393974 0.00858080480247736 -0.06182684004306793
v -0.030247462913393974 0.00858080480247736 -0.06182684004306793
v -0.030595483258366585 0.00826720055192709 -0.048701293766498566
v -0.02920885756611824 0.011618572287261486 -0.061766065657138824
v -0.030247462913393974 0.00858080480247736 -0.06182684004306793
v -0.02920885756611824 0.011618572287261486 -0.061766065657138824
v -0.02889253944158554 0.011796162463724613 -0.0683363527059555
v -0.024188537150621414 0.020314013585448265 -0.07451910525560379
v -0.025781139731407166 0.017725501209497452 -0.07465280592441559
v -0.024434514343738556 0.02005852200090885 -0.06801122426986694
v -0.024434514343738556 0.02005852200090885 -0.06801122426986694
v -0.025781139731407166 0.017725501209497452 -0.07465280592441559
v -0.02616400085389614 0.017548998817801476 -0.06812632828950882
v -0.024434514343738556 0.02005852200090885 -0.06801122426986694
v -0.02616400085389614 0.017548998817801476 -0.06812632828950882
v -0.024449989199638367 0.019629579037427902 -0.06150607764720917
v -0.024449989199638367 0.019629579037427902 -0.06150607764720917
v -0.02616400085389614 0.017548998817801476 -0.06812632828950882
v -0.026290131732821465 0.017192713916301727 -0.061595819890499115
v -0.024449989199638367 0.019629579037427902 -0.06150607764720917
v -0.026290131732821465 0.017192713916301727 -0.061595819890499115
v -0.026407957077026367 0.016397682949900627 -0.04858376458287239
v -0.026407957077026367 0.016397682949900627 -0.04858376458287239
v -0.026290131732821465 0.017192713916301727 -0.061595819890499115
v -0.02808823436498642 0.013860057108104229 -0.04862630367279053
v -0.026407957077026367 0.016397682949900627 -0.04858376458287239
v -0.02808823436498642 0.013860057108104229 -0.04862630367279053
v -0.025356214493513107 0.017709052190184593 -0.03615821525454521
v -0.025356214493513107 0.017709052190184593 -0.03615821525454521
v -0.02808823436498642 0.013860057108104229 -0.04862630367279053
v -0.02740173414349556 0.015061977319419384 -0.036157429218292236
v -0.029069939628243446 0.012280969880521297 -0.03615730628371239
v -0.02740173414349556 0.015061977319419384 -0.036157429218292236
v -0.029493018984794617 0.011139639653265476 -0.048666998744010925
v -0.029493018984794617 0.011139639653265476 -0.048666998744010925
v -0.02740173414349556 0.015061977319419384 -0.036157429218292236
v -0.02808823436498642 0.013860057108104229 -0.04862630367279053
v -0.029493018984794617 0.011139639653265476 -0.048666998744010925
v -0.02808823436498642 0.013860057108104229 -0.04862630367279053
v -0.027882535010576248 0.014507031068205833 -0.06168611720204353
v -0.027882535010576248 0.014507031068205833 -0.06168611720204353
v -0.02808823436498642 0.013860057108104229 -0.04862630367279053
v -0.026290131732821465 0.017192713916301727 -0.061595819890499115
v -0.027882535010576248 0.014507031068205833 -0.06168611720204353
v -0.026290131732821465 0.017192713916301727 -0.061595819890499115
v -0.027655120939016342 0.014776411466300488 -0.06823918968439102
v -0.027655120939016342 0.014776411466300488 -0.06823918968439102
v -0.026290131732821465 0.017192713916301727 -0.061595819890499115
v -0.02616400085389614 0.017548998817801476 -0.06812632828950882
v -0.027655120939016342 0.014776411466300488 -0.06823918968439102
v -0.02616400085389614 0.017548998817801476 -0.06812632828950882
v -0.02714986726641655 0.014871806837618351 -0.07478176802396774
v -0.02714986726641655 0.014871806837618351 -0.07478176802396774
v -0.02616400085389614 0.017548998817801476 -0.06812632828950882
v -0.025781139731407166 0.017725501209497452 -0.07465280592441559
v -0.02714986726641655 0.014871806837618351 -0.07478176802396774
v -0.025781139731407166 0.017725501209497452 -0.07465280592441559
v -0.02493438310921192 0.017623918130993843 -0.08113700151443481
v -0.02493438310921192 0.017623918130993843 -0.08113700151443481
v -0.025781139731407166 0.017725501209497452 -0.07465280592441559
v -0.024188537150621414 0.020314013585448265 -0.07451910525560379
v -0.02493438310921192 0.017623918130993843 -0.08113700151443481
v -0.024188537150621414 0.020314013585448265 -0.07451910525560379
v -0.023487787693738937 0.02029343508183956 -0.08099168539047241
v -0.0303494855761528 0.009421047754585743 -0.03615714609622955
v -0.029069939628243446 0.012280969880521297 -0.03615730628371239
v -0.030595483258366585 0.00826720055192709 -0.048701293766498566
v -0.030595483258366585 0.00826720055192709 -0.048701293766498566
v -0.029069939628243446 0.012280969880521297 -0.03615730628371239
v -0.029493018984794617 0.011139639653265476 -0.048666998744010925
v -0.030595483258366585 0.00826720055192709 -0.048701293766498566
v -0.029493018984794617 0.011139639653265476 -0.048666998744010925
v -0.02920885756611824 0.011618572287261486 -0.061766065657138824
v -0.02920885756611824 0.011618572287261486 -0.061766065657138824
v -0.029493018984794617 0.011139639653265476 -0.048666998744010925
v -0.027882535010576248 0.014507031068205833 -0.06168611720204353
v -0.02920885756611824 0.011618572287261486 -0.061766065657138824
v -0.027882535010576248 0.014507031068205833 -0.06168611720204353
v -0.02889253944158554 0.011796162463724613 -0.0683363527059555
v -0.02889253944158554 0.011796162463724613 -0.0683363527059555
v -0.027882535010576248 0.014507031068205833 -0.06168611720204353
v -0.027655120939016342 0.014776411466300488 -0.06823918968439102
v -0.02889253944158554 0.011796162463724613 -0.0683363527059555
v -0.027655120939016342 0.014776411466300488 -0.06823918968439102
v -0.028282158076763153 0.01181360986083746 -0.07489070296287537
v -0.028282158076763153 0.01181360986083746 -0.07489070296287537
v -0.027655120939016342 0.014776411466300488 -0.06823918968439102
v -0.02714986726641655 0.014871806837618351 -0.07478176802396774
v -0.028282158076763153 0.01181360986083746 -0.07489070296287537
v -0.02714986726641655 0.014871806837618351 -0.07478176802396774
v -0.026176296174526215 0.014702215790748596 -0.08127567172050476
v -0.026176296174526215 0.014702215790748596 -0.08127567172050476
v -0.02714986726641655 0.014871806837618351 -0.07478176802396774
v -0.02493438310921192 0.017623918130993843 -0.08113700151443481
v -0.026176296174526215 0.014702215790748596 -0.08127567172050476
v -0.02493438310921192 0.017623918130993843 -0.08113700151443481
v -0.023406298831105232 0.01718558557331562 -0.08752269297838211
v -0.023406298831105232 0.01718558557331562 -0.08752269297838211
v -0.02493438310921192 0.017623918130993843 -0.08113700151443481
v -0.023487787693738937 0.02029343508183956 -0.08099168539047241
v -0.023406298831105232 0.01718558557331562 -0.08752269297838211
v -0.023487787693738937 0.02029343508183956 -0.08099168539047241
v -0.022102443501353264 0.01993713155388832 -0.08736566454172134
v -0.03207194060087204 -0.0006037414423190057 -0.036157432943582535
v -0.03206023946404457 0.0002934873045887798 -0.03615729883313179
v -0.031917184591293335 -0.0006034118705429137 -0.049881480634212494
v -0.031917184591293335 -0.0006034118705429137 -0.049881480634212494
v -0.03206023946404457 0.0002934873045887798 -0.03615729883313179
v -0.03181447833776474 0.002203341806307435 -0.04873354360461235
v -0.031917184591293335 -0.0006034118705429137 -0.049881480634212494
v -0.03181447833776474 0.002203341806307435 -0.04873354360461235
v -0.03139866143465042 0.002272053388878703 -0.061867062002420425
v -0.03139866143465042 0.002272053388878703 -0.061867062002420425
v -0.03181447833776474 0.002203341806307435 -0.04873354360461235
v -0.030979877337813377 0.0054486836306750774 -0.061861827969551086
v -0.03139866143465042 0.002272053388878703 -0.061867062002420425
v -0.030979877337813377 0.0054486836306750774 -0.061861827969551086
v -0.030536791309714317 0.005465780850499868 -0.06844303756952286
v -0.030536791309714317 0.005465780850499868 -0.06844303756952286
v -0.030979877337813377 0.0054486836306750774 -0.061861827969551086
v -0.029858145862817764 0.008671297691762447 -0.06840696185827255
v -0.030536791309714317 0.005465780850499868 -0.06844303756952286
v -0.029858145862817764 0.008671297691762447 -0.06840696185827255
v -0.029163040220737457 0.008619380183517933 -0.0749669298529625
v -0.029163040220737457 0.008619380183517933 -0.0749669298529625
v -0.029858145862817764 0.008671297691762447 -0.06840696185827255
v -0.028282158076763153 0.01181360986083746 -0.07489070296287537
v -0.029163040220737457 0.008619380183517933 -0.0749669298529625
v -0.028282158076763153 0.01181360986083746 -0.07489070296287537
v -0.027202872559428215 0.011589078232645988 -0.08139035850763321
v -0.027202872559428215 0.011589078232645988 -0.08139035850763321
v -0.028282158076763153 0.01181360986083746 -0.07489070296287537
v -0.026176296174526215 0.014702215790748596 -0.08127567172050476
v -0.027202872559428215 0.011589078232645988 -0.08139035850763321
v -0.026176296174526215 0.014702215790748596 -0.08127567172050476
v -0.02452823892235756 0.014209598302841187 -0.08767044544219971
v -0.02452823892235756 0.014209598302841187 -0.08767044544219971
v -0.026176296174526215 0.014702215790748596 -0.08127567172050476
v -0.023406298831105232 0.01718558557331562 -0.08752269297838211
v -0.02452823892235756 0.014209598302841187 -0.08767044544219971
v -0.023406298831105232 0.01718558557331562 -0.08752269297838211
v -0.022322475910186768 0.01683730073273182 -0.09064964205026627
v -0.022322475910186768 0.01683730073273182 -0.09064964205026627
v -0.023406298831105232 0.01718558557331562 -0.08752269297838211
v -0.022102443501353264 0.01993713155388832 -0.08736566454172134
v -0.022322475910186768 0.01683730073273182 -0.09064964205026627
v -0.022102443501353264 0.01993713155388832 -0.08736566454172134
v -0.019834449514746666 0.019240697845816612 -0.09351204335689545
v -0.019834449514746666 0.019240697845816612 -0.09351204335689545
v -0.022102443501353264 0.01993713155388832 -0.08736566454172134
v -0.020621968433260918 0.02240639179944992 -0.08722645044326782
v -0.019834449514746666 0.019240697845816612 -0.09351204335689545
v -0.020621968433260918 0.02240639179944992 -0.08722645044326782
v -0.019688237458467484 0.022164292633533478 -0.09033796936273575
v -0.019688237458467484 0.022164292633533478 -0.09033796936273575
v -0.020621968433260918 0.02240639179944992 -0.08722645044326782
v -0.018961012363433838 0.024526411667466164 -0.08712586760520935
v -0.019688237458467484 0.022164292633533478 -0.09033796936273575
v -0.018961012363433838 0.024526411667466164 -0.08712586760520935
v -0.01811949536204338 0.02437477931380272 -0.09023700654506683
v -0.029342113062739372 -0.0006008796626701951 -0.07971393316984177
v -0.030296573415398598 -0.0006006034091114998 -0.07446139305830002
v -0.028875745832920074 0.0017804899252951145 -0.08145562559366226
v -0.028875745832920074 0.0017804899252951145 -0.08145562559366226
v -0.030296573415398598 -0.0006006034091114998 -0.07446139305830002
v -0.029780102893710136 0.005358170717954636 -0.07500047236680984
v -0.028875745832920074 0.0017804899252951145 -0.08145562559366226
v -0.029780102893710136 0.005358170717954636 -0.07500047236680984
v -0.028559964150190353 0.0050631193444132805 -0.08149105310440063
v -0.028559964150190353 0.0050631193444132805 -0.08149105310440063
v -0.029780102893710136 0.005358170717954636 -0.07500047236680984
v -0.02800111286342144 0.008353035897016525 -0.08146626502275467
v -0.028559964150190353 0.0050631193444132805 -0.08149105310440063
v -0.02800111286342144 0.008353035897016525 -0.08146626502275467
v -0.02618509531021118 0.007814568467438221 -0.08785335719585419
v -0.02618509531021118 0.007814568467438221 -0.08785335719585419
v -0.02800111286342144 0.008353035897016525 -0.08146626502275467
v -0.0254586860537529 0.011064795777201653 -0.08778665214776993
v -0.02618509531021118 0.007814568467438221 -0.08785335719585419
v -0.0254586860537529 0.011064795777201653 -0.08778665214776993
v -0.024273458868265152 0.010682462714612484 -0.09092006087303162
v -0.024273458868265152 0.010682462714612484 -0.09092006087303162
v -0.0254586860537529 0.011064795777201653 -0.08778665214776993
v -0.022322475910186768 0.01683730073273182 -0.09064964205026627
v -0.024273458868265152 0.010682462714612484 -0.09092006087303162
v -0.022322475910186768 0.01683730073273182 -0.09064964205026627
v -0.022852446883916855 0.01022137701511383 -0.09395479410886765
v -0.022852446883916855 0.01022137701511383 -0.09395479410886765
v -0.022322475910186768 0.01683730073273182 -0.09064964205026627
v -0.021000465378165245 0.016405347734689713 -0.093684121966362
v -0.022852446883916855 0.01022137701511383 -0.09395479410886765
v -0.021000465378165245 0.016405347734689713 -0.093684121966362
v -0.021187353879213333 0.009685145691037178 -0.09684088826179504
v -0.021187353879213333 0.009685145691037178 -0.09684088826179504
v -0.021000465378165245 0.016405347734689713 -0.093684121966362
v -0.019432393833994865 0.015892451629042625 -0.09658215194940567
v -0.021187353879213333 0.009685145691037178 -0.09684088826179504
v -0.019432393833994865 0.015892451629042625 -0.09658215194940567
v -0.01927897520363331 0.009078864008188248 -0.0995391383767128
v -0.01927897520363331 0.009078864008188248 -0.0995391383767128
v -0.019432393833994865 0.015892451629042625 -0.09658215194940567
v -0.017618300393223763 0.015302769839763641 -0.09930701553821564
v -0.01927897520363331 0.009078864008188248 -0.0995391383767128
v -0.017618300393223763 0.015302769839763641 -0.09930701553821564
v -0.017135847359895706 0.008408865891397 -0.10202021896839142
v -0.017135847359895706 0.008408865891397 -0.10202021896839142
v -0.017618300393223763 0.015302769839763641 -0.09930701553821564
v -0.015565071254968643 0.014641727320849895 -0.10182897746562958
v -0.017135847359895706 0.008408865891397 -0.10202021896839142
v -0.015565071254968643 0.014641727320849895 -0.10182897746562958
v -0.01477290689945221 0.007682378403842449 -0.10426372289657593
v -0.01477290689945221 0.007682378403842449 -0.10426372289657593
v -0.015565071254968643 0.014641727320849895 -0.10182897746562958
v -0.013285409659147263 0.013915760442614555 -0.10412494838237762
v -0.01477290689945221 0.007682378403842449 -0.10426372289657593
v -0.013285409659147263 0.013915760442614555 -0.10412494838237762
v -0.012210166081786156 0.0069073280319571495 -0.10625726729631424
v -0.012210166081786156 0.0069073280319571495 -0.10625726729631424
v -0.013285409659147263 0.013915760442614555 -0.10412494838237762
v -0.010796766728162766 0.013132261112332344 -0.1061781495809555
v -0.012210166081786156 0.0069073280319571495 -0.10625726729631424
v -0.010796766728162766 0.013132261112332344 -0.1061781495809555
v -0.009471367113292217 0.006091955583542585 -0.10799558460712433
v -0.009471367113292217 0.006091955583542585 -0.10799558460712433
v -0.010796766728162766 0.013132261112332344 -0.1061781495809555
v -0.008120303973555565 0.012299289926886559 -0.10797781497240067
v -0.009471367113292217 0.006091955583542585 -0.10799558460712433
v -0.008120303973555565 0.012299289926886559 -0.10797781497240067
v -0.005279836244881153 0.01142543088644743 -0.10951883345842361
v -0.005279836244881153 0.01142543088644743 -0.10951883345842361
v -0.008120303973555565 0.012299289926886559 -0.10797781497240067
v -0.006425335071980953 0.01819481886923313 -0.10792920738458633
v -0.005279836244881153 0.01142543088644743 -0.10951883345842361
v -0.006425335071980953 0.01819481886923313 -0.10792920738458633
v -0.003675005165860057 0.01734614185988903 -0.10953890532255173
v -0.003675005165860057 0.01734614185988903 -0.10953890532255173
v -0.006425335071980953 0.01819481886923313 -0.10792920738458633
v -0.004343274515122175 0.023574722930788994 -0.10802154242992401
v -0.003675005165860057 0.01734614185988903 -0.10953890532255173
v -0.004343274515122175 0.023574722930788994 -0.10802154242992401
v -0.001720847561955452 0.022840889170765877 -0.10967026650905609
v -0.025356214493513107 0.017709052190184593 -0.03615821525454521
v -0.023102784529328346 0.020023370161652565 -0.03615809977054596
v -0.026407957077026367 0.016397682949900627 -0.04858376458287239
v -0.026407957077026367 0.016397682949900627 -0.04858376458287239
v -0.023102784529328346 0.020023370161652565 -0.03615809977054596
v -0.024474726989865303 0.01872912235558033 -0.0485440194606781
v -0.026407957077026367 0.016397682949900627 -0.04858376458287239
v -0.024474726989865303 0.01872912235558033 -0.0485440194606781
v -0.024449989199638367 0.019629579037427902 -0.06150607764720917
v -0.024449989199638367 0.019629579037427902 -0.06150607764720917
v -0.024474726989865303 0.01872912235558033 -0.0485440194606781
v -0.022373201325535774 0.021765142679214478 -0.061429813504219055
v -0.024449989199638367 0.019629579037427902 -0.06150607764720917
v -0.022373201325535774 0.021765142679214478 -0.061429813504219055
v -0.024434514343738556 0.02005852200090885 -0.06801122426986694
v -0.024434514343738556 0.02005852200090885 -0.06801122426986694
v -0.022373201325535774 0.021765142679214478 -0.061429813504219055
v -0.022476082667708397 0.02224510721862316 -0.06790979206562042
v -0.024434514343738556 0.02005852200090885 -0.06801122426986694
v -0.022476082667708397 0.02224510721862316 -0.06790979206562042
v -0.024188537150621414 0.020314013585448265 -0.07451910525560379
v -0.024188537150621414 0.020314013585448265 -0.07451910525560379
v -0.022476082667708397 0.02224510721862316 -0.06790979206562042
v -0.022379519417881966 0.022573405876755714 -0.0743989646434784
v -0.024188537150621414 0.020314013585448265 -0.07451910525560379
v -0.022379519417881966 0.022573405876755714 -0.0743989646434784
v -0.023487787693738937 0.02029343508183956 -0.08099168539047241
v -0.023487787693738937 0.02029343508183956 -0.08099168539047241
v -0.022379519417881966 0.022573405876755714 -0.0743989646434784
v -0.021842606365680695 0.02264750748872757 -0.08086089044809341
v -0.023487787693738937 0.02029343508183956 -0.08099168539047241
v -0.021842606365680695 0.02264750748872757 -0.08086089044809341
v -0.022102443501353264 0.01993713155388832 -0.08736566454172134
v -0.022102443501353264 0.01993713155388832 -0.08736566454172134
v -0.021842606365680695 0.02264750748872757 -0.08086089044809341
v -0.02133205533027649 0.022567875683307648 -0.08406146615743637
v -0.022102443501353264 0.01993713155388832 -0.08736566454172134
v -0.02133205533027649 0.022567875683307648 -0.08406146615743637
v -0.020621968433260918 0.02240639179944992 -0.08722645044326782
v -0.020621968433260918 0.02240639179944992 -0.08722645044326782
v -0.02133205533027649 0.022567875683307648 -0.08406146615743637
v -0.019577756524086 0.024605032056570053 -0.08396096527576447
v -0.020621968433260918 0.02240639179944992 -0.08722645044326782
v -0.019577756524086 0.024605032056570053 -0.08396096527576447
v -0.018961012363433838 0.024526411667466164 -0.08712586760520935
v -0.018961012363433838 0.024526411667466164 -0.08712586760520935
v -0.019577756524086 0.024605032056570053 -0.08396096527576447
v -0.01745365373790264 0.026212362572550774 -0.08540967851877213
v -0.018961012363433838 0.024526411667466164 -0.08712586760520935
v -0.01745365373790264 0.026212362572550774 -0.08540967851877213
v -0.01811949536204338 0.02437477931380272 -0.09023700654506683
v -0.01811949536204338 0.02437477931380272 -0.09023700654506683
v -0.01745365373790264 0.026212362572550774 -0.08540967851877213
v -0.016724076122045517 0.026212362572550774 -0.08898323029279709
v -0.01811949536204338 0.02437477931380272 -0.09023700654506683
v -0.016724076122045517 0.026212362572550774 -0.08898323029279709
v -0.016388047486543655 0.02620677463710308 -0.09019787609577179
v -0.016388047486543655 0.02620677463710308 -0.09019787609577179
v -0.016724076122045517 0.026212362572550774 -0.08898323029279709
v -0.015621758997440338 0.026212362572550774 -0.09242761880159378
v -0.016388047486543655 0.02620677463710308 -0.09019787609577179
v -0.015621758997440338 0.026212362572550774 -0.09242761880159378
v -0.01540637668222189 0.026101408526301384 -0.0932343453168869
v -0.01540637668222189 0.026101408526301384 -0.0932343453168869
v -0.015621758997440338 0.026212362572550774 -0.09242761880159378
v -0.01414993591606617 0.026212364435195923 -0.09572356194257736
v -0.01540637668222189 0.026101408526301384 -0.0932343453168869
v -0.01414993591606617 0.026212364435195923 -0.09572356194257736
v -0.014174428768455982 0.02591267228126526 -0.09615708887577057
v -0.014174428768455982 0.02591267228126526 -0.09615708887577057
v -0.01414993591606617 0.026212364435195923 -0.09572356194257736
v -0.012317423708736897 0.026212366297841072 -0.09885098785161972
v -0.014174428768455982 0.02591267228126526 -0.09615708887577057
v -0.012317423708736897 0.026212366297841072 -0.09885098785161972
v -0.012689678929746151 0.025633441284298897 -0.09893463551998138
v -0.012689678929746151 0.025633441284298897 -0.09893463551998138
v -0.012317423708736897 0.026212366297841072 -0.09885098785161972
v -0.010159480385482311 0.026212383061647415 -0.10175954550504684
v -0.012689678929746151 0.025633441284298897 -0.09893463551998138
v -0.010159480385482311 0.026212383061647415 -0.10175954550504684
v -0.010954787954688072 0.02525966241955757 -0.10153668373823166
v -0.010954787954688072 0.02525966241955757 -0.10153668373823166
v -0.010159480385482311 0.026212383061647415 -0.10175954550504684
v -0.007697503548115492 0.026212386786937714 -0.1044105663895607
v -0.010954787954688072 0.02525966241955757 -0.10153668373823166
v -0.007697503548115492 0.026212386786937714 -0.1044105663895607
v -0.008977104909718037 0.024790233001112938 -0.10393495112657547
v -0.008977104909718037 0.024790233001112938 -0.10393495112657547
v -0.007697503548115492 0.026212386786937714 -0.1044105663895607
v -0.004936599172651768 0.026212390512228012 -0.10679452121257782
v -0.008977104909718037 0.024790233001112938 -0.10393495112657547
v -0.004936599172651768 0.026212390512228012 -0.10679452121257782
v -0.006768182385712862 0.024227017536759377 -0.10610389709472656
v -0.006768182385712862 0.024227017536759377 -0.10610389709472656
v -0.004936599172651768 0.026212390512228012 -0.10679452121257782
v -0.0019583292305469513 0.02621239610016346 -0.10884886234998703
v -0.006768182385712862 0.024227017536759377 -0.10610389709472656
v -0.0019583292305469513 0.02621239610016346 -0.10884886234998703
v -0.004343274515122175 0.023574722930788994 -0.10802154242992401
v -0.004343274515122175 0.023574722930788994 -0.10802154242992401
v -0.0019583292305469513 0.02621239610016346 -0.10884886234998703
v 0.0012205196544528008 0.026212399825453758 -0.11055923253297806
v -0.004343274515122175 0.023574722930788994 -0.10802154242992401
v 0.0012205196544528008 0.026212399825453758 -0.11055923253297806
v -0.001720847561955452 0.022840889170765877 -0.10967026650905609
v -0.001720847561955452 0.022840889170765877 -0.10967026650905609
v 0.0012205196544528008 0.026212399825453758 -0.11055923253297806
v 0.001077911234460771 0.02203579805791378 -0.11103753745555878
v -0.001720847561955452 0.022840889170765877 -0.10967026650905609
v 0.001077911234460771 0.02203579805791378 -0.11103753745555878
v -0.0007671401835978031 0.01644991524517536 -0.11087840050458908
v -0.0007671401835978031 0.01644991524517536 -0.11087840050458908
v 0.001077911234460771 0.02203579805791378 -0.11103753745555878
v 0.0040295906364917755 0.02117244526743889 -0.1121167466044426
v -0.0007671401835978031 0.01644991524517536 -0.11087840050458908
v 0.0040295906364917755 0.02117244526743889 -0.1121167466044426
v 0.005421882029622793 0.014561040326952934 -0.11274652183055878
v 0.005421882029622793 0.014561040326952934 -0.11274652183055878
v 0.0040295906364917755 0.02117244526743889 -0.1121167466044426
v 0.007109047845005989 0.0202664602547884 -0.11290794610977173
v 0.007109047845005989 0.0202664602547884 -0.11290794610977173
v 0.011940776370465755 0.012633288279175758 -0.11359885334968567
v 0.007109047845005989 0.0202664602547884 -0.11290794610977173
v 0.01354502234607935 0.01840202324092388 -0.11366471648216248
v 0.011940776370465755 0.012633288279175758 -0.11359885334968567
v 0.01354502234607935 0.01840202324092388 -0.11366471648216248
v 0.015290435403585434 0.011783972382545471 -0.11369574069976807
v 0.015290435403585434 0.011783972382545471 -0.11369574069976807
v -0.005844072438776493 -0.023277606815099716 0.03157391399145126
v 3.276477855251869e-06 -0.023999996483325958 0.03157385438680649
v 9.457312444283161e-07 -0.024000003933906555 -5.894544408135971e-09
v 9.457312444283161e-07 -0.024000003933906555 -5.894544408135971e-09
v -0.005844071973115206 -0.023277604952454567 5.619123832900641e-09
v -0.005844072438776493 -0.023277606815099716 0.03157391399145126
v -0.005844072438776493 -0.023277606815099716 0.03157391399145126
v -0.005844071973115206 -0.023277604952454567 5.619123832900641e-09
v -0.011735930107533932 -0.020934848114848137 2.4537269993629707e-09
v -0.011735928244888783 -0.020934849977493286 0.03157396987080574
v -0.011735928244888783 -0.020934849977493286 0.03157396987080574
v -0.011735930107533932 -0.020934848114848137 2.4537269993629707e-09
v -0.01680866628885269 -0.017130926251411438 -2.7250495193698043e-09
v -0.016808664426207542 -0.017130928114056587 0.03157402202486992
v -0.016808664426207542 -0.017130928114056587 0.03157402202486992
v -0.01680866628885269 -0.017130926251411438 -2.7250495193698043e-09
v -0.020708225667476654 -0.01213134080171585 -1.934857607466256e-09
v -0.020708225667476654 -0.012131341733038425 0.031574051827192307
v -0.020708225667476654 -0.012131341733038425 0.031574051827192307
v -0.020708225667476654 -0.01213134080171585 -1.934857607466256e-09
v -0.023162435740232468 -0.006285030860453844 -4.310331813695001e-10
v -0.023162435740232468 -0.006285031791776419 0.031574055552482605
v -0.023162435740232468 -0.006285031791776419 0.031574055552482605
v -0.023162435740232468 -0.006285030860453844 -4.310331813695001e-10
v -0.024000000208616257 -5.0189363776098617e-08 -1.4386828395274165e-09
v -0.024000000208616257 -5.1283940649682336e-08 0.031574055552482605
v -0.024000000208616257 -5.1283940649682336e-08 0.031574055552482605
v -0.024000000208616257 -5.0189363776098617e-08 -1.4386828395274165e-09
v -0.023162463679909706 0.0062849330715835094 -5.927468738065045e-09
v -0.023162461817264557 0.006284932140260935 0.03157401829957962
v -0.023162461817264557 0.006284932140260935 0.03157401829957962
v -0.023162463679909706 0.0062849330715835094 -5.927468738065045e-09
v -0.020708277821540833 0.01213124394416809 2.357037010014551e-09
v -0.020708279684185982 0.012131243012845516 0.031573984771966934
v -0.020708279684185982 0.012131243012845516 0.031573984771966934
v -0.020708277821540833 0.01213124394416809 2.357037010014551e-09
v -0.01680874079465866 0.017130859196186066 -2.805493615198884e-09
v -0.01680874079465866 0.017130857333540916 0.03157391771674156
v -0.01680874079465866 0.017130857333540916 0.03157391771674156
v -0.01680874079465866 0.017130859196186066 -2.805493615198884e-09
v -0.011736022308468819 0.02093479223549366 -9.533770439773548e-10
v -0.011736022308468819 0.020934805274009705 0.031573861837387085
v -0.011736022308468819 0.020934805274009705 0.031573861837387085
v -0.011736022308468819 0.02093479223549366 -9.533770439773548e-10
v -0.005844174884259701 0.023277578875422478 1.6319859352798005e-10
v -0.005844175349920988 0.02327757701277733 0.031573787331581116
v -0.005844175349920988 0.02327757701277733 0.031573787331581116
v -0.005844174884259701 0.023277578875422478 1.6319859352798005e-10
v 8.395970212404791e-07 0.023999996483325958 2.918916885974454e-09
v -0.005844175349920988 0.02327757701277733 0.031573787331581116
v 8.395970212404791e-07 0.023999996483325958 2.918916885974454e-09
v 3.1703407330496702e-06 0.023999996483325958 0.031573716551065445
v 9.457312444283161e-07 -0.024000003933906555 -5.894544408135971e-09
v 8.395970212404791e-07 0.023999996483325958 2.918916885974454e-09
v -0.005844071973115206 -0.023277604952454567 5.619123832900641e-09
v -0.005844174884259701 0.023277578875422478 1.6319859352798005e-10
v -0.011736022308468819 0.02093479223549366 -9.533770439773548e-10
v -0.01680874079465866 0.017130859196186066 -2.805493615198884e-09
v -0.020708277821540833 0.01213124394416809 2.357037010014551e-09
v -0.011735930107533932 -0.020934848114848137 2.4537269993629707e-09
v -0.024000000208616257 -5.0189363776098617e-08 -1.4386828395274165e-09
v -0.023162435740232468 -0.006285030860453844 -4.310331813695001e-10
v -0.023162463679909706 0.0062849330715835094 -5.927468738065045e-09
v -0.020708225667476654 -0.01213134080171585 -1.934857607466256e-09
v -0.01680866628885269 -0.017130926251411438 -2.7250495193698043e-09
v 0.01695060543715954 -0.022478172555565834 -0.10985144227743149
v 0.02030865289270878 -0.022478174418210983 -0.1094653382897377
v 0.015783024951815605 -0.022478172555565834 -0.10551801323890686
v 0.022253502160310745 -0.022478168830275536 -0.10466615855693817
v -0.013821815140545368 -0.022478168830275536 -0.07728766649961472
v -0.00836512167006731 -0.022478172555565834 -0.07404754310846329
v -0.009216975420713425 -0.022478170692920685 -0.08051801472902298
v 0.00931254867464304 -0.022478168830275536 -0.10466616600751877
v 0.0032830245327204466 -0.022478172555565834 -0.10216865688562393
v 0.003788113361224532 -0.022478172555565834 -0.10754679888486862
v -0.009343885816633701 -0.022478168830275536 -0.09646397829055786
v -0.0073471819050610065 -0.022478174418210983 -0.09920186549425125
v -0.005867610219866037 -0.022478168830275536 -0.09301801770925522
v -0.0018946449272334576 -0.022478172555565834 -0.09819568693637848
v -0.011014147661626339 -0.022478170692920685 -0.09350728988647461
v -0.00836512167006731 -0.022478170692920685 -0.08698849380016327
v -0.012276607565581799 -0.022478172555565834 -0.09052879363298416
v -0.014009968377649784 -0.022478170692920685 -0.08066270500421524
v -0.013808059506118298 -0.022478172555565834 -0.08403466641902924
v -0.013234427198767662 -0.022478172555565834 -0.08729875832796097
v 0.015783024951815605 -0.022478174418210983 -0.0555180087685585
v 0.00835578702390194 -0.022478170692920685 -0.05038813501596451
v 0.009312547743320465 -0.022478170692920685 -0.05636986717581749
v 0.0015873253578320146 -0.022478168830275536 -0.052795566618442535
v 0.009312547743320465 -0.022478170692920685 -0.05636986717581749
v 0.0015873253578320146 -0.022478168830275536 -0.052795566618442535
v 7.621306576766074e-05 -0.02247830480337143 -0.053592510521411896
v -0.005867610685527325 -0.022478172555565834 -0.06801801174879074
v -0.010887897573411465 -0.022478174418210983 -0.06744426488876343
v 0.007028165739029646 -0.022478168830275536 -0.10870936512947083
v 0.010355431586503983 -0.022478170692920685 -0.10948006808757782
v 0.01360701210796833 -0.022478172555565834 -0.10984975844621658
v -0.004903164226561785 -0.022478170692920685 -0.1018298864364624
v -0.002243840368464589 -0.022478174418210983 -0.10407354682683945
v 0.0006950273527763784 -0.022478170692920685 -0.10600505769252777
v 7.621306576766074e-05 -0.02247830480337143 -0.053592510521411896
v 0.00042090279748663306 -0.022478170692920685 -0.05489148199558258
v 0.009312547743320465 -0.022478170692920685 -0.05636986717581749
v 0.009312547743320465 -0.022478170692920685 -0.05636986717581749
v 0.00042090279748663306 -0.022478170692920685 -0.05489148199558258
v 0.0006073152180761099 -0.022478237748146057 -0.05525096133351326
v 0.009312547743320465 -0.022478170692920685 -0.05636986717581749
v 0.0006073152180761099 -0.022478237748146057 -0.05525096133351326
v 0.003283024299889803 -0.022478174418210983 -0.058867376297712326
v 0.003283024299889803 -0.022478174418210983 -0.058867376297712326
v 0.0006073152180761099 -0.022478237748146057 -0.05525096133351326
v -0.002237857086583972 -0.022478168830275536 -0.057127051055431366
v 0.003283024299889803 -0.022478174418210983 -0.058867376297712326
v -0.002237857086583972 -0.022478168830275536 -0.057127051055431366
v -0.0018946450436487794 -0.022478170692920685 -0.06284034252166748
v 0.03743365779519081 -0.022478170692920685 -0.06801801174879074
v 0.04024555906653404 -0.022478170692920685 -0.06221158802509308
v 0.033460695296525955 -0.022478174418210983 -0.06284034252166748
v 0.03534230217337608 -0.022478168830275536 -0.05696127563714981
v 0.028283024206757545 -0.022478174418210983 -0.05886738374829292
v 0.029362203553318977 -0.022478170692920685 -0.052980534732341766
v 0.022253500297665596 -0.022478170692920685 -0.05636987090110779
v 0.02262640744447708 -0.022478174418210983 -0.05048317462205887
v 0.015496640466153622 -0.022478172555565834 -0.04960329830646515
v -0.004856599494814873 -0.022478174418210983 -0.059331342577934265
v -0.007202827371656895 -0.022478172555565834 -0.06182899698615074
v -0.009292926639318466 -0.022478170692920685 -0.06466203927993774
v 0.02352933958172798 -0.022478168830275536 -0.10871627926826477
v 0.026650065556168556 -0.022478168830275536 -0.10760696977376938
v 0.028283024206757545 -0.022478172555565834 -0.10216864943504333
v 0.029551725834608078 -0.022478170692920685 -0.1061936691403389
v 0.028283024206757545 -0.022478172555565834 -0.10216864943504333
v 0.02997317537665367 -0.02247820794582367 -0.10595425218343735
v 0.030826915055513382 -0.022478235885500908 -0.10742831975221634
v 0.03228112310171127 -0.022478174418210983 -0.10653151571750641
v 0.03228112310171127 -0.022478174418210983 -0.10653151571750641
v 0.03743366152048111 -0.022478174418210983 -0.09301801770925522
v 0.02997317537665367 -0.02247820794582367 -0.10595425218343735
v 0.02997317537665367 -0.02247820794582367 -0.10595425218343735
v 0.03743366152048111 -0.022478174418210983 -0.09301801770925522
v 0.033460695296525955 -0.022478168830275536 -0.09819568693637848
v 0.02997317537665367 -0.02247820794582367 -0.10595425218343735
v 0.033460695296525955 -0.022478168830275536 -0.09819568693637848
v 0.03228112310171127 -0.022478174418210983 -0.10653151571750641
v 0.03779311850667 -0.022478168830275536 -0.10192438215017319
v 0.03743366152048111 -0.022478174418210983 -0.09301801770925522
v 0.042096663266420364 -0.022478174418210983 -0.09617222845554352
v 0.039931170642375946 -0.022478174418210983 -0.08698848634958267
v 0.044960640370845795 -0.022478174418210983 -0.08958394825458527
v 0.040783025324344635 -0.022478168830275536 -0.08051801472902298
v 0.04623124748468399 -0.022478168830275536 -0.08251335471868515
v 0.039931170642375946 -0.022478168830275536 -0.07404753565788269
v 0.04584025591611862 -0.022478172555565834 -0.0753401443362236
v 0.04380866140127182 -0.022478174418210983 -0.06844954192638397
v 0.0015873253578320146 0.02621239610016346 -0.05279557406902313
v 7.610987813677639e-05 0.02621239423751831 -0.053592756390571594
v 7.621306576766074e-05 -0.02247830480337143 -0.053592510521411896
v 7.621306576766074e-05 -0.02247830480337143 -0.053592510521411896
v 0.0015873253578320146 -0.022478168830275536 -0.052795566618442535
v 0.0015873253578320146 0.02621239610016346 -0.05279557406902313
v 0.0015873253578320146 0.02621239610016346 -0.05279557406902313
v 0.0015873253578320146 -0.022478168830275536 -0.052795566618442535
v 0.00835578702390194 -0.022478170692920685 -0.05038813501596451
v 0.00835578702390194 0.026212424039840698 -0.050388142466545105
v 0.00835578702390194 0.026212424039840698 -0.050388142466545105
v 0.00835578702390194 -0.022478170692920685 -0.05038813501596451
v 0.015496640466153622 -0.022478172555565834 -0.04960329830646515
v 0.015496640466153622 0.026212437078356743 -0.04960329085588455
v 0.015496640466153622 0.026212437078356743 -0.04960329085588455
v 0.015496640466153622 -0.022478172555565834 -0.04960329830646515
v 0.02262640744447708 -0.022478174418210983 -0.05048317462205887
v 0.02262640744447708 0.026212450116872787 -0.050483182072639465
v 0.02262640744447708 0.026212450116872787 -0.050483182072639465
v 0.02262640744447708 -0.022478174418210983 -0.05048317462205887
v 0.029362203553318977 -0.022478170692920685 -0.052980534732341766
v 0.029362203553318977 0.026212461292743683 -0.05298054218292236
v 0.029362203553318977 0.026212461292743683 -0.05298054218292236
v 0.029362203553318977 -0.022478170692920685 -0.052980534732341766
v 0.03534230217337608 -0.022478168830275536 -0.05696127563714981
v 0.03534230217337608 0.026212485507130623 -0.056961268186569214
v 0.03534230217337608 0.026212485507130623 -0.056961268186569214
v 0.03534230217337608 -0.022478168830275536 -0.05696127563714981
v 0.04024555906653404 -0.022478170692920685 -0.06221158802509308
v 0.04024555906653404 0.02621249109506607 -0.06221158057451248
v 0.04024555906653404 0.02621249109506607 -0.06221158057451248
v 0.04024555906653404 -0.022478170692920685 -0.06221158802509308
v 0.04380866140127182 -0.022478174418210983 -0.06844954192638397
v 0.04380865767598152 0.02621249482035637 -0.06844954937696457
v 0.04380865767598152 0.02621249482035637 -0.06844954937696457
v 0.04380866140127182 -0.022478174418210983 -0.06844954192638397
v 0.04584025591611862 -0.022478172555565834 -0.0753401443362236
v 0.04584025591611862 0.026212496683001518 -0.0753401443362236
v 0.04584025591611862 0.026212496683001518 -0.0753401443362236
v 0.04584025591611862 -0.022478172555565834 -0.0753401443362236
v 0.04623124748468399 -0.022478168830275536 -0.08251335471868515
v 0.04623124748468399 0.026212507858872414 -0.08251335471868515
v 0.04623124748468399 0.026212507858872414 -0.08251335471868515
v 0.04623124748468399 -0.022478168830275536 -0.08251335471868515
v 0.044960640370845795 -0.022478174418210983 -0.08958394825458527
v 0.044960640370845795 0.026212502270936966 -0.08958394825458527
v 0.044960640370845795 0.026212502270936966 -0.08958394825458527
v 0.044960640370845795 -0.022478174418210983 -0.08958394825458527
v 0.042096663266420364 -0.022478174418210983 -0.09617222845554352
v 0.042096663266420364 0.02621249482035637 -0.09617222845554352
v 0.042096663266420364 0.02621249482035637 -0.09617222845554352
v 0.042096663266420364 -0.022478174418210983 -0.09617222845554352
v 0.03779311850667 -0.022478168830275536 -0.10192438215017319
v 0.0377931222319603 0.026212485507130623 -0.10192438960075378
v 0.0377931222319603 0.026212485507130623 -0.10192438960075378
v 0.03779311850667 -0.022478168830275536 -0.10192438215017319
v 0.03228112310171127 -0.022478174418210983 -0.10653151571750641
v 0.03228112310171127 0.026212472468614578 -0.10653151571750641
v 0.03228112310171127 0.026212472468614578 -0.10653151571750641
v 0.03228112310171127 -0.022478174418210983 -0.10653151571750641
v 0.030826915055513382 -0.022478235885500908 -0.10742831975221634
v 0.03228112310171127 0.026212472468614578 -0.10653151571750641
v 0.030826915055513382 -0.022478235885500908 -0.10742831975221634
v 0.030826762318611145 0.02621247060596943 -0.10742824524641037
v 0.015783023089170456 -0.02047598548233509 -0.10551801323890686
v 0.015783024951815605 -0.022478172555565834 -0.10551801323890686
v 0.022253502160310745 -0.02047598920762539 -0.10466615855693817
v 0.022253502160310745 -0.022478168830275536 -0.10466615855693817
v 0.022253502160310745 -0.02047598920762539 -0.10466615855693817
v 0.022253502160310745 -0.022478168830275536 -0.10466615855693817
v 0.028283024206757545 -0.02047598548233509 -0.10216864943504333
v 0.028283024206757545 -0.022478172555565834 -0.10216864943504333
v 0.028283024206757545 -0.02047598548233509 -0.10216864943504333
v 0.028283024206757545 -0.022478172555565834 -0.10216864943504333
v 0.033460695296525955 -0.02047598920762539 -0.09819568693637848
v 0.033460695296525955 -0.022478168830275536 -0.09819568693637848
v 0.033460695296525955 -0.02047598920762539 -0.09819568693637848
v 0.033460695296525955 -0.022478168830275536 -0.09819568693637848
v 0.03743366152048111 -0.02047598734498024 -0.09301801770925522
v 0.03743366152048111 -0.022478174418210983 -0.09301801770925522
v 0.03743366152048111 -0.02047598734498024 -0.09301801770925522
v 0.03743366152048111 -0.022478174418210983 -0.09301801770925522
v 0.039931170642375946 -0.02047598734498024 -0.08698848634958267
v 0.039931170642375946 -0.022478174418210983 -0.08698848634958267
v 0.039931170642375946 -0.02047598734498024 -0.08698848634958267
v 0.039931170642375946 -0.022478174418210983 -0.08698848634958267
v 0.040783025324344635 -0.020475981757044792 -0.08051801472902298
v 0.040783025324344635 -0.022478168830275536 -0.08051801472902298
v 0.040783025324344635 -0.020475981757044792 -0.08051801472902298
v 0.040783025324344635 -0.022478168830275536 -0.08051801472902298
v 0.039931170642375946 -0.02047598920762539 -0.07404753565788269
v 0.039931170642375946 -0.022478168830275536 -0.07404753565788269
v 0.039931170642375946 -0.02047598920762539 -0.07404753565788269
v 0.039931170642375946 -0.022478168830275536 -0.07404753565788269
v 0.03743365779519081 -0.02047598361968994 -0.06801801174879074
v 0.03743365779519081 -0.022478170692920685 -0.06801801174879074
v 0.03743365779519081 -0.02047598361968994 -0.06801801174879074
v 0.03743365779519081 -0.022478170692920685 -0.06801801174879074
v 0.033460695296525955 -0.02047598734498024 -0.06284034252166748
v 0.033460695296525955 -0.022478174418210983 -0.06284034252166748
v 0.033460695296525955 -0.02047598734498024 -0.06284034252166748
v 0.033460695296525955 -0.022478174418210983 -0.06284034252166748
v 0.028283024206757545 -0.02047598734498024 -0.05886738374829292
v 0.028283024206757545 -0.022478174418210983 -0.05886738374829292
v 0.028283024206757545 -0.02047598734498024 -0.05886738374829292
v 0.028283024206757545 -0.022478174418210983 -0.05886738374829292
v 0.022253500297665596 -0.02047598361968994 -0.05636987462639809
v 0.022253500297665596 -0.022478170692920685 -0.05636987090110779
v 0.022253500297665596 -0.02047598361968994 -0.05636987462639809
v 0.022253500297665596 -0.022478170692920685 -0.05636987090110779
v 0.015783024951815605 -0.02047598734498024 -0.0555180087685585
v 0.015783024951815605 -0.022478174418210983 -0.0555180087685585
v 0.015783024951815605 -0.02047598734498024 -0.0555180087685585
v 0.015783024951815605 -0.022478174418210983 -0.0555180087685585
v 0.00931254867464304 -0.02047598361968994 -0.05636987090110779
v 0.009312547743320465 -0.022478170692920685 -0.05636986717581749
v 0.00931254867464304 -0.02047598361968994 -0.05636987090110779
v 0.009312547743320465 -0.022478170692920685 -0.05636986717581749
v 0.0032830245327204466 -0.02047598734498024 -0.058867380023002625
v 0.003283024299889803 -0.022478174418210983 -0.058867376297712326
v 0.0032830245327204466 -0.02047598734498024 -0.058867380023002625
v 0.003283024299889803 -0.022478174418210983 -0.058867376297712326
v -0.0018946449272334576 -0.02047598361968994 -0.06284034252166748
v -0.0018946450436487794 -0.022478170692920685 -0.06284034252166748
v -0.0018946449272334576 -0.02047598361968994 -0.06284034252166748
v -0.0018946450436487794 -0.022478170692920685 -0.06284034252166748
v -0.005867610685527325 -0.02047598548233509 -0.06801801174879074
v -0.005867610685527325 -0.022478172555565834 -0.06801801174879074
v -0.005867610685527325 -0.02047598548233509 -0.06801801174879074
v -0.005867610685527325 -0.022478172555565834 -0.06801801174879074
v -0.00836512167006731 -0.02047598548233509 -0.07404754310846329
v -0.00836512167006731 -0.022478172555565834 -0.07404754310846329
v -0.00836512167006731 -0.02047598548233509 -0.07404754310846329
v -0.00836512167006731 -0.022478172555565834 -0.07404754310846329
v -0.009216975420713425 -0.02047598361968994 -0.08051801472902298
v -0.009216975420713425 -0.022478170692920685 -0.08051801472902298
v -0.009216975420713425 -0.02047598361968994 -0.08051801472902298
v -0.009216975420713425 -0.022478170692920685 -0.08051801472902298
v -0.00836512167006731 -0.02047598361968994 -0.08698849380016327
v -0.00836512167006731 -0.022478170692920685 -0.08698849380016327
v -0.00836512167006731 -0.02047598361968994 -0.08698849380016327
v -0.00836512167006731 -0.022478170692920685 -0.08698849380016327
v -0.005867611151188612 -0.020475981757044792 -0.09301801025867462
v -0.005867610219866037 -0.022478168830275536 -0.09301801770925522
v -0.005867611151188612 -0.020475981757044792 -0.09301801025867462
v -0.005867610219866037 -0.022478168830275536 -0.09301801770925522
v -0.0018946451600641012 -0.02047598548233509 -0.09819568693637848
v -0.0018946449272334576 -0.022478172555565834 -0.09819568693637848
v -0.0018946451600641012 -0.02047598548233509 -0.09819568693637848
v -0.0018946449272334576 -0.022478172555565834 -0.09819568693637848
v 0.0032830245327204466 -0.02047598548233509 -0.10216864943504333
v 0.0032830245327204466 -0.022478172555565834 -0.10216865688562393
v 0.0032830245327204466 -0.02047598548233509 -0.10216864943504333
v 0.0032830245327204466 -0.022478172555565834 -0.10216865688562393
v 0.00931254867464304 -0.020475981757044792 -0.10466616600751877
v 0.00931254867464304 -0.022478168830275536 -0.10466616600751877
v 0.00931254867464304 -0.020475981757044792 -0.10466616600751877
v 0.00931254867464304 -0.022478168830275536 -0.10466616600751877
v 0.015783023089170456 -0.02047598548233509 -0.10551801323890686
v 0.015783024951815605 -0.022478172555565834 -0.10551801323890686
v -0.005867610685527325 -0.02047598548233509 -0.06801801174879074
v -0.00836512167006731 -0.02047598548233509 -0.07404754310846329
v 0.015783024951815605 -0.02047598361968994 -0.08051801472902298
v -0.009216975420713425 -0.02047598361968994 -0.08051801472902298
v -0.00836512167006731 -0.02047598361968994 -0.08698849380016327
v 0.00931254867464304 -0.02047598361968994 -0.05636987090110779
v 0.0032830245327204466 -0.02047598734498024 -0.058867380023002625
v -0.0018946449272334576 -0.02047598361968994 -0.06284034252166748
v 0.028283024206757545 -0.02047598734498024 -0.05886738374829292
v 0.022253500297665596 -0.02047598361968994 -0.05636987462639809
v 0.015783024951815605 -0.02047598734498024 -0.0555180087685585
v 0.039931170642375946 -0.02047598920762539 -0.07404753565788269
v 0.03743365779519081 -0.02047598361968994 -0.06801801174879074
v 0.033460695296525955 -0.02047598734498024 -0.06284034252166748
v 0.03743366152048111 -0.02047598734498024 -0.09301801770925522
v 0.039931170642375946 -0.02047598734498024 -0.08698848634958267
v 0.040783025324344635 -0.020475981757044792 -0.08051801472902298
v 0.022253502160310745 -0.02047598920762539 -0.10466615855693817
v 0.028283024206757545 -0.02047598548233509 -0.10216864943504333
v 0.033460695296525955 -0.02047598920762539 -0.09819568693637848
v 0.0032830245327204466 -0.02047598548233509 -0.10216864943504333
v 0.00931254867464304 -0.020475981757044792 -0.10466616600751877
v 0.015783023089170456 -0.02047598548233509 -0.10551801323890686
v -0.005867611151188612 -0.020475981757044792 -0.09301801025867462
v -0.0018946451600641012 -0.02047598548233509 -0.09819568693637848
v 0.0006072078831493855 0.026212409138679504 -0.05525096878409386
v 0.0006073152180761099 -0.022478170692920685 -0.05525096133351326
v 8.778525079833344e-05 -0.022478170692920685 -0.0536845400929451
v 8.767648250795901e-05 0.02621239423751831 -0.0536845326423645
v 8.767648250795901e-05 0.02621239423751831 -0.0536845326423645
v 8.778525079833344e-05 -0.022478170692920685 -0.0536845400929451
v -2.84143698081607e-06 -0.022478170692920685 -0.051254890859127045
v -2.9697644094994757e-06 0.026212498545646667 -0.05125484988093376
v 1.4986890164436772e-06 -0.032466720789670944 0.007238177116960287
v 1.9296921891509555e-06 -0.03263036161661148 0.013072369620203972
v 9.457312444283161e-07 -0.024000003933906555 -5.894544408135971e-09
v -8.379028031413327e-07 0.030482802540063858 -0.009337544441223145
v 8.395970212404791e-07 0.023999996483325958 2.918916885974454e-09
v 6.786258381907828e-07 0.031184442341327667 -0.001968726748600602
v 6.786258381907828e-07 0.031184442341327667 -0.001968726748600602
v 8.395970212404791e-07 0.023999996483325958 2.918916885974454e-09
v 1.0176777323067654e-06 0.031499363481998444 0.0026322598569095135
v 3.2764712614152813e-06 -0.023999996483325958 0.03157352656126022
v 3.2764712614152813e-06 -0.023999996483325958 0.03157352656126022
v 1.9296921891509555e-06 -0.03263036161661148 0.013072369620203972
v 3.495959617794142e-06 -0.03310637176036835 0.029283015057444572
v 3.2764712614152813e-06 -0.023999996483325958 0.03157352656126022
v 3.495959617794142e-06 -0.03310637176036835 0.029283015057444572
v 3.2940581604634644e-06 -0.03198641538619995 0.03157351538538933
v 3.1550562198390253e-06 0.030960209667682648 0.031573519110679626
v 3.1441973078472074e-06 0.032149963080883026 0.029282987117767334
v 3.1703368676971877e-06 0.023999996483325958 0.031573522835969925
v 3.1703368676971877e-06 0.023999996483325958 0.031573522835969925
v 3.1441973078472074e-06 0.032149963080883026 0.029282987117767334
v 2.130033635694417e-06 0.03202524781227112 0.017720147967338562
v 3.1703368676971877e-06 0.023999996483325958 0.031573522835969925
v 2.130033635694417e-06 0.03202524781227112 0.017720147967338562
v 8.395970212404791e-07 0.023999996483325958 2.918916885974454e-09
v 2.130033635694417e-06 0.03202524781227112 0.017720147967338562
v 1.3993608263263013e-06 0.03172856196761131 0.00723838759586215
v 1.3993608263263013e-06 0.03172856196761131 0.00723838759586215
v 6.201078122103354e-07 -0.03176988661289215 -0.004645126406103373
v 9.367102506985248e-07 -0.03209887444972992 -0.0003649913996923715
v 1.2537838074422325e-06 -0.03234263136982918 0.003923115786164999
v -2.9697644094994757e-06 0.026212498545646667 -0.05125484988093376
v -2.84143698081607e-06 -0.022478170692920685 -0.051254890859127045
v -2.4053001652646344e-06 0.02620399370789528 -0.04389255866408348
v -2.5270599053328624e-06 -0.02262241207063198 -0.04699975997209549
v -2.197646608692594e-06 0.026217317208647728 -0.041080620139837265
v -2.2213610009202966e-06 -0.023011956363916397 -0.04287544637918472
v -1.9265389710199088e-06 -0.023655185475945473 -0.03889959305524826
v -1.7170820001410902e-06 0.026525475084781647 -0.03456093370914459
v -2.2213610009202966e-06 -0.023011956363916397 -0.04287544637918472
v -1.7170820001410902e-06 0.026525475084781647 -0.03456093370914459
v 5.344359124137554e-06 0.026410840451717377 -0.03615720570087433
v -2.2213610009202966e-06 -0.023011956363916397 -0.04287544637918472
v 5.344359124137554e-06 0.026410840451717377 -0.03615720570087433
v -2.197646608692594e-06 0.026217317208647728 -0.041080620139837265
v -4.614981889972114e-07 -0.029180288314819336 -0.019216541200876236
v 8.395970212404791e-07 0.023999996483325958 2.918916885974454e-09
v -1.3314109992279555e-06 -0.028106490150094032 -0.02303628996014595
v -1.3314109992279555e-06 -0.028106490150094032 -0.02303628996014595
v 8.395970212404791e-07 0.023999996483325958 2.918916885974454e-09
v -8.379028031413327e-07 0.030482802540063858 -0.009337544441223145
v -1.3314109992279555e-06 -0.028106490150094032 -0.02303628996014595
v -8.379028031413327e-07 0.030482802540063858 -0.009337544441223145
v -1.2330768868196174e-06 -0.026124460622668266 -0.02957945130765438
v -1.2330768868196174e-06 -0.026124460622668266 -0.02957945130765438
v -8.379028031413327e-07 0.030482802540063858 -0.009337544441223145
v -4.3891574819099333e-07 0.029268786311149597 -0.017161846160888672
v -1.2330768868196174e-06 -0.026124460622668266 -0.02957945130765438
v -4.3891574819099333e-07 0.029268786311149597 -0.017161846160888672
v 4.406650532473577e-06 -0.024280525743961334 -0.03615730255842209
v 4.406650532473577e-06 -0.024280525743961334 -0.03615730255842209
v -4.3891574819099333e-07 0.029268786311149597 -0.017161846160888672
v -2.8209453830640996e-06 0.02818484418094158 -0.023033617064356804
v 4.406650532473577e-06 -0.024280525743961334 -0.03615730255842209
v -2.8209453830640996e-06 0.02818484418094158 -0.023033617064356804
v -1.9265389710199088e-06 -0.023655185475945473 -0.03889959305524826
v -1.9265389710199088e-06 -0.023655185475945473 -0.03889959305524826
v -2.8209453830640996e-06 0.02818484418094158 -0.023033617064356804
v -1.3490591754816705e-06 0.027093270793557167 -0.029557107016444206
v -1.3490591754816705e-06 0.027093270793557167 -0.029557107016444206
v -4.614981889972114e-07 -0.029180288314819336 -0.019216541200876236
v -1.74593154156355e-07 -0.030118299648165703 -0.015361088328063488
v 1.4094052858126815e-07 -0.03094266727566719 -0.01110916119068861
v 9.457312444283161e-07 -0.024000003933906555 -5.894544408135971e-09
v 1.4094052858126815e-07 -0.03094266727566719 -0.01110916119068861
v -1.260569320038485e-07 -0.031212743371725082 -0.009337711147964
v 9.457312444283161e-07 -0.024000003933906555 -5.894544408135971e-09
v -1.260569320038485e-07 -0.031212743371725082 -0.009337711147964
v 6.201078122103354e-07 -0.03176988661289215 -0.004645126406103373
v 0.02997317537665367 -0.022478170692920685 -0.10595425218343735
v 0.029973067343235016 0.02621246874332428 -0.10595425218343735
v 0.03187590092420578 -0.022478168830275536 -0.10923951119184494
v 0.031875792890787125 0.02621247060596943 -0.10923951119184494
v -2.5270599053328624e-06 -0.02262241207063198 -0.04699975997209549
v -2.84143698081607e-06 -0.022478170692920685 -0.051254890859127045
v 0.00651969388127327 -0.022478239610791206 -0.04869267717003822
v 0.002204258693382144 -0.022808797657489777 -0.044123996049165726
v -2.2213610009202966e-06 -0.023011956363916397 -0.04287544637918472
v 0.003463231958448887 -0.022614313289523125 -0.045921966433525085
v 0.003463231958448887 -0.022614313289523125 -0.045921966433525085
v -2.2213610009202966e-06 -0.023011956363916397 -0.04287544637918472
v -2.5270599053328624e-06 -0.02262241207063198 -0.04699975997209549
v 0.003463231958448887 -0.022614313289523125 -0.045921966433525085
v -2.5270599053328624e-06 -0.02262241207063198 -0.04699975997209549
v 0.004891693592071533 -0.022504311054944992 -0.04742836952209473
v 0.004891693592071533 -0.022504311054944992 -0.04742836952209473
v -2.5270599053328624e-06 -0.02262241207063198 -0.04699975997209549
v 0.00651969388127327 -0.022478239610791206 -0.04869267717003822
v 0.002204258693382144 -0.022808797657489777 -0.044123996049165726
v 0.0011900628451257944 -0.023086832836270332 -0.04210062325000763
v -2.2213610009202966e-06 -0.023011956363916397 -0.04287544637918472
v -2.2213610009202966e-06 -0.023011956363916397 -0.04287544637918472
v 0.0011900628451257944 -0.023086832836270332 -0.04210062325000763
v 0.0004692241200245917 -0.023452015593647957 -0.03992752730846405
v -2.2213610009202966e-06 -0.023011956363916397 -0.04287544637918472
v 0.0004692241200245917 -0.023452015593647957 -0.03992752730846405
v -1.9265389710199088e-06 -0.023655185475945473 -0.03889959305524826
v -1.9265389710199088e-06 -0.023655185475945473 -0.03889959305524826
v 0.0004692241200245917 -0.023452015593647957 -0.03992752730846405
v 0.00011521700071170926 -0.023839646950364113 -0.038006238639354706
v -1.9265389710199088e-06 -0.023655185475945473 -0.03889959305524826
v 0.00011521700071170926 -0.023839646950364113 -0.038006238639354706
v 4.406650532473577e-06 -0.024280525743961334 -0.03615730255842209
v 0.03316584974527359 -0.02221115678548813 -0.05275258049368858
v 0.03316587582230568 -0.022478200495243073 -0.052752535790205
v 0.03845145180821419 -0.022478170692920685 -0.05696534737944603
v 0.03316584974527359 -0.02221115678548813 -0.05275258049368858
v 0.03845145180821419 -0.022478170692920685 -0.05696534737944603
v 0.03316584229469299 -0.018249668180942535 -0.05275258049368858
v 0.03316579386591911 0.006771161686629057 -0.052752576768398285
v 0.03316579759120941 -0.0006047119968570769 -0.052752602845430374
v 0.03845145180821419 -0.022478170692920685 -0.05696534737944603
v 0.033165764063596725 0.026212498545646667 -0.0527525395154953
v 0.033165741711854935 0.025605052709579468 -0.05275256931781769
v 0.035613175481557846 0.026212472468614578 -0.05448487773537636
v 0.035613175481557846 0.026212472468614578 -0.05448487773537636
v 0.033165741711854935 0.025605052709579468 -0.05275256931781769
v 0.033165767788887024 0.01614721119403839 -0.05275258049368858
v 0.03316579386591911 0.006771161686629057 -0.052752576768398285
v 0.03316579759120941 -0.0006047119968570769 -0.052752602845430374
v 0.0331658236682415 -0.006092802155762911 -0.052752573043107986
v 0.03845145180821419 -0.022478170692920685 -0.05696534737944603
v 0.0331658236682415 -0.006092802155762911 -0.052752573043107986
v 0.033165838569402695 -0.0141477445140481 -0.05275258421897888
v 0.03316579386591911 0.006771161686629057 -0.052752576768398285
v 0.03845145180821419 -0.022478170692920685 -0.05696534737944603
v 0.035613175481557846 0.026212472468614578 -0.05448487773537636
v 0.035613175481557846 0.026212472468614578 -0.05448487773537636
v 0.03845145180821419 -0.022478170692920685 -0.05696534737944603
v 0.04052217677235603 -0.022478168830275536 -0.05918974429368973
v 0.035613175481557846 0.026212472468614578 -0.05448487773537636
v 0.04052217677235603 -0.022478168830275536 -0.05918974429368973
v 0.040522072464227676 0.02621249295771122 -0.059189751744270325
v 0.040522072464227676 0.02621249295771122 -0.059189751744270325
v 0.04052217677235603 -0.022478168830275536 -0.05918974429368973
v 0.0427708700299263 -0.022478172555565834 -0.06216416507959366
v 0.040522072464227676 0.02621249295771122 -0.059189751744270325
v 0.0427708700299263 -0.022478172555565834 -0.06216416507959366
v 0.0443657822906971 0.026212498545646667 -0.06479856371879578
v 0.0427708700299263 -0.022478172555565834 -0.06216416507959366
v 0.044365886598825455 -0.022478170692920685 -0.06479857116937637
v 0.0443657822906971 0.026212498545646667 -0.06479856371879578
v 0.0443657822906971 0.026212498545646667 -0.06479856371879578
v 0.044365886598825455 -0.022478170692920685 -0.06479857116937637
v 0.04594392701983452 -0.022478170692920685 -0.06813215464353561
v 0.0443657822906971 0.026212498545646667 -0.06479856371879578
v 0.04594392701983452 -0.022478170692920685 -0.06813215464353561
v 0.046982038766145706 0.026212500408291817 -0.07107456773519516
v 0.04594392701983452 -0.022478170692920685 -0.06813215464353561
v 0.04698214679956436 -0.022478168830275536 -0.07107457518577576
v 0.046982038766145706 0.026212500408291817 -0.07107456773519516
v 0.046982038766145706 0.026212500408291817 -0.07107456773519516
v 0.04698214679956436 -0.022478168830275536 -0.07107457518577576
v 0.047838244587183 -0.022478168830275536 -0.0746203362941742
v 0.046982038766145706 0.026212500408291817 -0.07107456773519516
v 0.047838244587183 -0.022478168830275536 -0.0746203362941742
v 0.048260398209095 0.026212498545646667 -0.07775280624628067
v 0.047838244587183 -0.022478168830275536 -0.0746203362941742
v 0.04826050624251366 -0.022478170692920685 -0.07775280624628067
v 0.048260398209095 0.026212498545646667 -0.07775280624628067
v 0.048260398209095 0.026212498545646667 -0.07775280624628067
v 0.04826050624251366 -0.022478170692920685 -0.07775280624628067
v 0.048374809324741364 -0.022478170692920685 -0.08135809004306793
v 0.048260398209095 0.026212498545646667 -0.07775280624628067
v 0.048374809324741364 -0.022478170692920685 -0.08135809004306793
v 0.048146892338991165 0.026212511584162712 -0.08455134183168411
v 0.048374809324741364 -0.022478170692920685 -0.08135809004306793
v 0.04814700037240982 -0.022478172555565834 -0.08455134183168411
v 0.048146892338991165 0.026212511584162712 -0.08455134183168411
v 0.048146892338991165 0.026212511584162712 -0.08455134183168411
v 0.04814700037240982 -0.022478172555565834 -0.08455134183168411
v 0.047531235963106155 -0.022478168830275536 -0.08806431293487549
v 0.048146892338991165 0.026212511584162712 -0.08455134183168411
v 0.047531235963106155 -0.022478168830275536 -0.08806431293487549
v 0.04664631187915802 0.026212505996227264 -0.09118317812681198
v 0.047531235963106155 -0.022478168830275536 -0.08806431293487549
v 0.046646419912576675 -0.022478170692920685 -0.09118317812681198
v 0.04664631187915802 0.026212505996227264 -0.09118317812681198
v 0.04664631187915802 0.026212505996227264 -0.09118317812681198
v 0.046646419912576675 -0.022478170692920685 -0.09118317812681198
v 0.045342713594436646 -0.022478174418210983 -0.09445926547050476
v 0.04664631187915802 0.026212505996227264 -0.09118317812681198
v 0.045342713594436646 -0.022478174418210983 -0.09445926547050476
v 0.04382200166583061 0.026212498545646667 -0.09736835211515427
v 0.045342713594436646 -0.022478174418210983 -0.09445926547050476
v 0.043822113424539566 -0.022478170692920685 -0.09736835211515427
v 0.04382200166583061 0.026212498545646667 -0.09736835211515427
v 0.04382200166583061 0.026212498545646667 -0.09736835211515427
v 0.043822113424539566 -0.022478170692920685 -0.09736835211515427
v 0.04190053790807724 -0.022478168830275536 -0.10027618706226349
v 0.04382200166583061 0.026212498545646667 -0.09736835211515427
v 0.04190053790807724 -0.022478168830275536 -0.10027618706226349
v 0.03979320079088211 0.026212487369775772 -0.10284573584794998
v 0.04190053790807724 -0.022478168830275536 -0.10027618706226349
v 0.039793308824300766 -0.022478174418210983 -0.10284573584794998
v 0.03979320079088211 0.026212487369775772 -0.10284573584794998
v 0.03979320079088211 0.026212487369775772 -0.10284573584794998
v 0.039793308824300766 -0.022478174418210983 -0.10284573584794998
v 0.03734830394387245 -0.022478172555565834 -0.10527239739894867
v 0.03979320079088211 0.026212487369775772 -0.10284573584794998
v 0.03734830394387245 -0.022478172555565834 -0.10527239739894867
v 0.034729983657598495 0.026212476193904877 -0.1073841080069542
v 0.034729983657598495 0.026212476193904877 -0.1073841080069542
v 0.03734830394387245 -0.022478172555565834 -0.10527239739894867
v 0.03187590092420578 -0.022478168830275536 -0.10923951119184494
v 0.034729983657598495 0.026212476193904877 -0.1073841080069542
v 0.03187590092420578 -0.022478168830275536 -0.10923951119184494
v 0.031875792890787125 0.02621247060596943 -0.10923951119184494
v 8.778525079833344e-05 -0.022478170692920685 -0.0536845400929451
v 0.0006073152180761099 -0.022478170692920685 -0.05525096133351326
v 0.005608824547380209 -0.022478168830275536 -0.05295252799987793
v 0.02997317537665367 -0.022478170692920685 -0.10595425218343735
v 0.03187590092420578 -0.022478168830275536 -0.10923951119184494
v 0.03318781033158302 -0.022478170692920685 -0.10379750281572342
v 0.03734830394387245 -0.022478172555565834 -0.10527239739894867
v 0.00651969388127327 -0.022478239610791206 -0.04869267717003822
v -2.84143698081607e-06 -0.022478170692920685 -0.051254890859127045
v 8.778525079833344e-05 -0.022478170692920685 -0.0536845400929451
v 0.0237483661621809 -0.022478170692920685 -0.04860794544219971
v 0.02332005649805069 -0.022478174418210983 -0.05242867022752762
v 0.02703952230513096 -0.022478172555565834 -0.04966524988412857
v 0.028003593906760216 -0.022478174418210983 -0.05420851334929466
v 0.030177246779203415 -0.022478168830275536 -0.05104682967066765
v 0.02848915383219719 -0.022478172555565834 -0.05444786697626114
v 0.030177246779203415 -0.022478168830275536 -0.05104682967066765
v 0.02848915383219719 -0.022478172555565834 -0.05444786697626114
v 0.03316587582230568 -0.022478200495243073 -0.052752535790205
v 0.046646419912576675 -0.022478170692920685 -0.09118317812681198
v 0.04270308464765549 -0.022478170692920685 -0.09094638377428055
v 0.045342713594436646 -0.022478174418210983 -0.09445926547050476
v 0.04127827286720276 -0.022478174418210983 -0.0941324532032013
v 0.043822113424539566 -0.022478170692920685 -0.09736835211515427
v 0.04028292000293732 -0.022478170692920685 -0.09589263796806335
v 0.04190053790807724 -0.022478168830275536 -0.10027618706226349
v 0.03813372179865837 -0.022478174418210983 -0.09894826263189316
v 0.039793308824300766 -0.022478174418210983 -0.10284573584794998
v 0.03705864027142525 -0.022478170692920685 -0.10021153092384338
v 0.03452496603131294 -0.022478168830275536 -0.10270162671804428
v 8.778525079833344e-05 -0.022478170692920685 -0.0536845400929451
v 0.005608824547380209 -0.022478168830275536 -0.05295252799987793
v 0.00651969388127327 -0.022478239610791206 -0.04869267717003822
v 0.0056876265443861485 -0.022478168830275536 -0.05292506515979767
v 0.00651969388127327 -0.022478239610791206 -0.04869267717003822
v 0.0056876265443861485 -0.022478168830275536 -0.05292506515979767
v 0.006921213120222092 -0.022478172555565834 -0.04858499392867088
v 0.006921213120222092 -0.022478172555565834 -0.04858499392867088
v 0.0056876265443861485 -0.022478168830275536 -0.05292506515979767
v 0.010748088359832764 -0.022478174418210983 -0.05166121944785118
v 0.01009720005095005 -0.022478172555565834 -0.04791858792304993
v 0.010800521820783615 -0.022478174418210983 -0.05165303871035576
v 0.013573132455348969 -0.022478174418210983 -0.04755394905805588
v 0.01626005582511425 -0.022478170692920685 -0.051323115825653076
v 0.017001548781991005 -0.022478168830275536 -0.04755333065986633
v 0.016470475122332573 -0.022478170692920685 -0.051330842077732086
v 0.020395247265696526 -0.022478168830275536 -0.047905441373586655
v 0.021772505715489388 -0.022478168830275536 -0.052033014595508575
v 0.02207322232425213 -0.022478168830275536 -0.052102889865636826
v 0.03290511295199394 -0.022478174418210983 -0.0571923591196537
v 0.03316587582230568 -0.022478200495243073 -0.052752535790205
v 0.03310716524720192 -0.022478172555565834 -0.05734572559595108
v 0.03845145180821419 -0.022478170692920685 -0.05696534737944603
v 0.03677547350525856 -0.022478168830275536 -0.060683928430080414
v 0.04052217677235603 -0.022478168830275536 -0.05918974429368973
v 0.04052217677235603 -0.022478168830275536 -0.05918974429368973
v 0.03677547350525856 -0.022478168830275536 -0.060683928430080414
v 0.03702986240386963 -0.022478174418210983 -0.06096179410815239
v 0.03702986240386963 -0.022478174418210983 -0.06096179410815239
v 0.0427708700299263 -0.022478172555565834 -0.06216416507959366
v 0.04016660153865814 -0.022478170692920685 -0.06512410938739777
v 0.044365886598825455 -0.022478170692920685 -0.06479857116937637
v 0.041993897408246994 -0.022478168830275536 -0.06854604929685593
v 0.04594392701983452 -0.022478170692920685 -0.06813215464353561
v 0.042653024196624756 -0.022478168830275536 -0.07012716680765152
v 0.04698214679956436 -0.022478168830275536 -0.07107457518577576
v 0.04372851550579071 -0.022478168830275536 -0.07354996353387833
v 0.047838244587183 -0.022478168830275536 -0.0746203362941742
v 0.044076547026634216 -0.022478168830275536 -0.07514096051454544
v 0.04826050624251366 -0.022478170692920685 -0.07775280624628067
v 0.044540658593177795 -0.022478168830275536 -0.07889897376298904
v 0.048374809324741364 -0.022478170692920685 -0.08135809004306793
v 0.04458915442228317 -0.022478170692920685 -0.08085550367832184
v 0.04814700037240982 -0.022478172555565834 -0.08455134183168411
v 0.044340260326862335 -0.022478172555565834 -0.08442125469446182
v 0.047531235963106155 -0.022478168830275536 -0.08806431293487549
v 0.043993473052978516 -0.022478174418210983 -0.08648514747619629
v 0.04339952394366264 -0.022478168830275536 -0.08886925876140594
v 0.005608716979622841 0.02621241845190525 -0.052952516824007034
v 0.0006072078831493855 0.026212409138679504 -0.05525096878409386
v 8.767648250795901e-05 0.02621239423751831 -0.0536845326423645
v 0.032658640295267105 0.02621246688067913 -0.052433423697948456
v 0.032905008643865585 0.02621246501803398 -0.0571923665702343
v 0.029817543923854828 0.026212463155388832 -0.05086791142821312
v 0.02800348587334156 0.026212457567453384 -0.054208505898714066
v 0.02668721415102482 0.026212457567453384 -0.049533672630786896
v 0.02268851548433304 0.026212450116872787 -0.05225636065006256
v 0.023413782939314842 0.026212451979517937 -0.0485212504863739
v 0.021772397682070732 0.026212448254227638 -0.05203302204608917
v 0.02004045993089676 0.02621244639158249 -0.0478518083691597
v 0.016259947791695595 0.026212438941001892 -0.05132312327623367
v 0.016633644700050354 0.02621244080364704 -0.047535836696624756
v 0.013270965777337551 0.026212435215711594 -0.0475706085562706
v 0.01080041378736496 0.026212427765130997 -0.051653046160936356
v 0.009867314249277115 0.026212427765130997 -0.04795566201210022
v 0.009867314249277115 0.026212427765130997 -0.04795566201210022
v 0.01080041378736496 0.026212427765130997 -0.051653046160936356
v 0.006519529037177563 0.026213569566607475 -0.04869217425584793
v 0.006519529037177563 0.026213569566607475 -0.04869217425584793
v 0.01080041378736496 0.026212427765130997 -0.051653046160936356
v 0.005608716979622841 0.02621241845190525 -0.052952516824007034
v 0.006519529037177563 0.026213569566607475 -0.04869217425584793
v 0.005608716979622841 0.02621241845190525 -0.052952516824007034
v 0.0031043803319334984 0.026212399825453758 -0.04983504116535187
v 0.0031043803319334984 0.026212399825453758 -0.04983504116535187
v 0.0031043803319334984 0.026212399825453758 -0.04983504116535187
v 8.767648250795901e-05 0.02621239423751831 -0.0536845326423645
v -2.9697644094994757e-06 0.026212498545646667 -0.05125484988093376
v 0.032658640295267105 0.02621246688067913 -0.052433423697948456
v 0.033165764063596725 0.026212498545646667 -0.0527525395154953
v 0.032905008643865585 0.02621246501803398 -0.0571923665702343
v 0.032905008643865585 0.02621246501803398 -0.0571923665702343
v 0.033165764063596725 0.026212498545646667 -0.0527525395154953
v 0.035613175481557846 0.026212472468614578 -0.05448487773537636
v 0.035613175481557846 0.026212472468614578 -0.05448487773537636
v 0.036775365471839905 0.026212485507130623 -0.06068392097949982
v 0.040522072464227676 0.02621249295771122 -0.059189751744270325
v 0.04016649350523949 0.02621249109506607 -0.06512410193681717
v 0.0443657822906971 0.026212498545646667 -0.06479856371879578
v 0.029973067343235016 0.02621246874332428 -0.10595425218343735
v 0.034729983657598495 0.026212476193904877 -0.1073841080069542
v 0.03452485799789429 0.026212478056550026 -0.10270162671804428
v 0.03979320079088211 0.026212487369775772 -0.10284573584794998
v 0.038133617490530014 0.026212487369775772 -0.09894825518131256
v 0.04382200166583061 0.026212498545646667 -0.09736835211515427
v 0.0412781648337841 0.02621249482035637 -0.0941324532032013
v 0.04664631187915802 0.026212505996227264 -0.09118317812681198
v 0.043399419635534286 0.026212500408291817 -0.08886925131082535
v 0.048146892338991165 0.026212511584162712 -0.08455134183168411
v 0.04434015229344368 0.026212504133582115 -0.08442126214504242
v 0.048260398209095 0.026212498545646667 -0.07775280624628067
v 0.04454055428504944 0.02621249295771122 -0.07889897376298904
v 0.046982038766145706 0.026212500408291817 -0.07107456773519516
v 0.04372840374708176 0.02621249295771122 -0.07354996353387833
v 0.04199379310011864 0.02621249295771122 -0.06854605674743652
v -2.9697644094994757e-06 0.026212498545646667 -0.05125484988093376
v 0.0036778845824301243 0.026184165850281715 -0.046411287039518356
v 0.0031043803319334984 0.026212399825453758 -0.04983504116535187
v 0.0031043803319334984 0.026212399825453758 -0.04983504116535187
v 0.0036778845824301243 0.026184165850281715 -0.046411287039518356
v 0.005429595708847046 0.0261981301009655 -0.04792517423629761
v 0.0031043803319334984 0.026212399825453758 -0.04983504116535187
v 0.005429595708847046 0.0261981301009655 -0.04792517423629761
v 0.006519529037177563 0.026213569566607475 -0.04869217425584793
v 5.344359124137554e-06 0.026410840451717377 -0.03615720570087433
v 0.00017698640294838697 0.026261931285262108 -0.038924530148506165
v -2.197646608692594e-06 0.026217317208647728 -0.041080620139837265
v -2.197646608692594e-06 0.026217317208647728 -0.041080620139837265
v 0.00017698640294838697 0.026261931285262108 -0.038924530148506165
v 0.0006530191749334335 0.026206424459815025 -0.04132964834570885
v -2.197646608692594e-06 0.026217317208647728 -0.041080620139837265
v 0.0006530191749334335 0.026206424459815025 -0.04132964834570885
v -2.4053001652646344e-06 0.02620399370789528 -0.04389255866408348
v -2.4053001652646344e-06 0.02620399370789528 -0.04389255866408348
v 0.0006530191749334335 0.026206424459815025 -0.04132964834570885
v 0.0013170685851946473 0.026189452037215233 -0.04312778264284134
v -2.4053001652646344e-06 0.02620399370789528 -0.04389255866408348
v 0.0013170685851946473 0.026189452037215233 -0.04312778264284134
v -2.9697644094994757e-06 0.026212498545646667 -0.05125484988093376
v -2.9697644094994757e-06 0.026212498545646667 -0.05125484988093376
v 0.0013170685851946473 0.026189452037215233 -0.04312778264284134
v 0.002322475193068385 0.026183120906352997 -0.04482564330101013
v -2.9697644094994757e-06 0.026212498545646667 -0.05125484988093376
v 0.002322475193068385 0.026183120906352997 -0.04482564330101013
v 0.0036778845824301243 0.026184165850281715 -0.046411287039518356
v 0.04016649350523949 0.02621249109506607 -0.06512410193681717
v 0.04199379310011864 0.02621249295771122 -0.06854605674743652
v 0.04016660153865814 -0.022478170692920685 -0.06512410938739777
v 0.041993897408246994 -0.022478168830275536 -0.06854604929685593
v 0.041993897408246994 -0.022478168830275536 -0.06854604929685593
v 0.04199379310011864 0.02621249295771122 -0.06854605674743652
v 0.042653024196624756 -0.022478168830275536 -0.07012716680765152
v 0.042653024196624756 -0.022478168830275536 -0.07012716680765152
v 0.04199379310011864 0.02621249295771122 -0.06854605674743652
v 0.04372840374708176 0.02621249295771122 -0.07354996353387833
v 0.042653024196624756 -0.022478168830275536 -0.07012716680765152
v 0.04372840374708176 0.02621249295771122 -0.07354996353387833
v 0.04372851550579071 -0.022478168830275536 -0.07354996353387833
v 0.04372851550579071 -0.022478168830275536 -0.07354996353387833
v 0.04372840374708176 0.02621249295771122 -0.07354996353387833
v 0.044076547026634216 -0.022478168830275536 -0.07514096051454544
v 0.044076547026634216 -0.022478168830275536 -0.07514096051454544
v 0.04372840374708176 0.02621249295771122 -0.07354996353387833
v 0.04454055428504944 0.02621249295771122 -0.07889897376298904
v 0.044076547026634216 -0.022478168830275536 -0.07514096051454544
v 0.04454055428504944 0.02621249295771122 -0.07889897376298904
v 0.044540658593177795 -0.022478168830275536 -0.07889897376298904
v 0.044540658593177795 -0.022478168830275536 -0.07889897376298904
v 0.04454055428504944 0.02621249295771122 -0.07889897376298904
v 0.04458915442228317 -0.022478170692920685 -0.08085550367832184
v 0.04458915442228317 -0.022478170692920685 -0.08085550367832184
v 0.04454055428504944 0.02621249295771122 -0.07889897376298904
v 0.04434015229344368 0.026212504133582115 -0.08442126214504242
v 0.04458915442228317 -0.022478170692920685 -0.08085550367832184
v 0.04434015229344368 0.026212504133582115 -0.08442126214504242
v 0.044340260326862335 -0.022478172555565834 -0.08442125469446182
v 0.044340260326862335 -0.022478172555565834 -0.08442125469446182
v 0.04434015229344368 0.026212504133582115 -0.08442126214504242
v 0.043993473052978516 -0.022478174418210983 -0.08648514747619629
v 0.043993473052978516 -0.022478174418210983 -0.08648514747619629
v 0.04434015229344368 0.026212504133582115 -0.08442126214504242
v 0.043399419635534286 0.026212500408291817 -0.08886925131082535
v 0.043993473052978516 -0.022478174418210983 -0.08648514747619629
v 0.043399419635534286 0.026212500408291817 -0.08886925131082535
v 0.04339952394366264 -0.022478168830275536 -0.08886925876140594
v 0.04339952394366264 -0.022478168830275536 -0.08886925876140594
v 0.043399419635534286 0.026212500408291817 -0.08886925131082535
v 0.04270308464765549 -0.022478170692920685 -0.09094638377428055
v 0.04270308464765549 -0.022478170692920685 -0.09094638377428055
v 0.043399419635534286 0.026212500408291817 -0.08886925131082535
v 0.0412781648337841 0.02621249482035637 -0.0941324532032013
v 0.04270308464765549 -0.022478170692920685 -0.09094638377428055
v 0.0412781648337841 0.02621249482035637 -0.0941324532032013
v 0.04127827286720276 -0.022478174418210983 -0.0941324532032013
v 0.04127827286720276 -0.022478174418210983 -0.0941324532032013
v 0.0412781648337841 0.02621249482035637 -0.0941324532032013
v 0.04028292000293732 -0.022478170692920685 -0.09589263796806335
v 0.04028292000293732 -0.022478170692920685 -0.09589263796806335
v 0.0412781648337841 0.02621249482035637 -0.0941324532032013
v 0.038133617490530014 0.026212487369775772 -0.09894825518131256
v 0.04028292000293732 -0.022478170692920685 -0.09589263796806335
v 0.038133617490530014 0.026212487369775772 -0.09894825518131256
v 0.03813372179865837 -0.022478174418210983 -0.09894826263189316
v 0.03813372179865837 -0.022478174418210983 -0.09894826263189316
v 0.038133617490530014 0.026212487369775772 -0.09894825518131256
v 0.03705864027142525 -0.022478170692920685 -0.10021153092384338
v 0.03705864027142525 -0.022478170692920685 -0.10021153092384338
v 0.038133617490530014 0.026212487369775772 -0.09894825518131256
v 0.03452485799789429 0.026212478056550026 -0.10270162671804428
v 0.03705864027142525 -0.022478170692920685 -0.10021153092384338
v 0.03452485799789429 0.026212478056550026 -0.10270162671804428
v 0.03452496603131294 -0.022478168830275536 -0.10270162671804428
v 0.03452496603131294 -0.022478168830275536 -0.10270162671804428
v 0.03452485799789429 0.026212478056550026 -0.10270162671804428
v 0.03318781033158302 -0.022478170692920685 -0.10379750281572342
v 0.03318781033158302 -0.022478170692920685 -0.10379750281572342
v 0.03452485799789429 0.026212478056550026 -0.10270162671804428
v 0.029973067343235016 0.02621246874332428 -0.10595425218343735
v 0.03318781033158302 -0.022478170692920685 -0.10379750281572342
v 0.029973067343235016 0.02621246874332428 -0.10595425218343735
v 0.02997317537665367 -0.022478170692920685 -0.10595425218343735
v 0.019350294023752213 -0.0006067436770536005 -0.024876130744814873
v 0.018904438242316246 -0.000607676396612078 -0.02617429569363594
v 0.018879489973187447 0.004392981994897127 -0.026130517944693565
v 0.018608015030622482 -0.0006081467727199197 -0.027275575324892998
v 0.0180509015917778 -0.0006083949701860547 -0.030360834673047066
v 0.01813192293047905 0.004302395042032003 -0.029420873150229454
v 0.017683079466223717 -0.0006072053802199662 -0.03458208963274956
v 0.017613990232348442 -0.0006065356428734958 -0.036157168447971344
v 0.01745305210351944 0.005223908461630344 -0.03615611046552658
v 0.019975809380412102 0.007582608610391617 -0.023036450147628784
v 0.020213434472680092 0.0037551638670265675 -0.023036526516079903
v 0.019350294023752213 -0.0006067436770536005 -0.024876130744814873
v 0.019350294023752213 -0.0006067436770536005 -0.024876130744814873
v 0.020213434472680092 0.0037551638670265675 -0.023036526516079903
v 0.020235616713762283 0.0022066128440201283 -0.023036258295178413
v 0.019350294023752213 -0.0006067436770536005 -0.024876130744814873
v 0.020235616713762283 0.0022066128440201283 -0.023036258295178413
v 0.020235449075698853 -0.0006031203083693981 -0.023035692051053047
v 0.019350294023752213 -0.0006067436770536005 -0.024876130744814873
v 0.018879489973187447 0.004392981994897127 -0.026130517944693565
v 0.019975809380412102 0.007582608610391617 -0.023036450147628784
v 0.019975809380412102 0.007582608610391617 -0.023036450147628784
v 0.018879489973187447 0.004392981994897127 -0.026130517944693565
v 0.018498241901397705 0.009359598159790039 -0.02614782750606537
v 0.019975809380412102 0.007582608610391617 -0.023036450147628784
v 0.018498241901397705 0.009359598159790039 -0.02614782750606537
v 0.019487721845507622 0.010977047495543957 -0.023036515340209007
v 0.019487721845507622 0.010977047495543957 -0.023036515340209007
v 0.018498241901397705 0.009359598159790039 -0.02614782750606537
v 0.0187802966684103 0.013993220403790474 -0.023036353290081024
v 0.0187802966684103 0.013993220403790474 -0.023036353290081024
v 0.018498241901397705 0.009359598159790039 -0.02614782750606537
v 0.01756017655134201 0.014209402725100517 -0.026212168857455254
v 0.0187802966684103 0.013993220403790474 -0.023036353290081024
v 0.01756017655134201 0.014209402725100517 -0.026212168857455254
v 0.018643109127879143 0.014457584358751774 -0.023036351427435875
v 0.016750482842326164 0.019039569422602654 -0.023036330938339233
v 0.01786513812839985 0.01666933298110962 -0.023036381229758263
v 0.01756017655134201 0.014209402725100517 -0.026212168857455254
v 0.01756017655134201 0.014209402725100517 -0.026212168857455254
v 0.01786513812839985 0.01666933298110962 -0.023036381229758263
v 0.01808222383260727 0.016111791133880615 -0.023036370053887367
v 0.01756017655134201 0.014209402725100517 -0.026212168857455254
v 0.01808222383260727 0.016111791133880615 -0.023036370053887367
v 0.018643109127879143 0.014457584358751774 -0.023036351427435875
v 0.01756017655134201 0.014209402725100517 -0.026212168857455254
v 0.015829069539904594 0.018787914887070656 -0.02629413828253746
v 0.016750482842326164 0.019039569422602654 -0.023036330938339233
v 0.016750482842326164 0.019039569422602654 -0.023036330938339233
v 0.015829069539904594 0.018787914887070656 -0.02629413828253746
v 0.014584413729608059 0.020874671638011932 -0.02633179910480976
v 0.016750482842326164 0.019039569422602654 -0.023036330938339233
v 0.014584413729608059 0.020874671638011932 -0.02633179910480976
v 0.015432736836373806 0.021132688969373703 -0.023036185652017593
v 0.015432736836373806 0.021132688969373703 -0.023036185652017593
v 0.014584413729608059 0.020874671638011932 -0.02633179910480976
v 0.013057836331427097 0.022751009091734886 -0.02636292763054371
v 0.015432736836373806 0.021132688969373703 -0.023036185652017593
v 0.013057836331427097 0.022751009091734886 -0.02636292763054371
v 0.01390607375651598 0.022962339222431183 -0.023036038503050804
v 0.01390607375651598 0.022962339222431183 -0.023036038503050804
v 0.013057836331427097 0.022751009091734886 -0.02636292763054371
v 0.011251036077737808 0.024352150037884712 -0.02638491801917553
v 0.01390607375651598 0.022962339222431183 -0.023036038503050804
v 0.011251036077737808 0.024352150037884712 -0.02638491801917553
v 0.012141966260969639 0.024547044187784195 -0.023035928606987
v 0.012141966260969639 0.024547044187784195 -0.023035928606987
v 0.011251036077737808 0.024352150037884712 -0.02638491801917553
v 0.009196658618748188 0.025630293413996696 -0.026396365836262703
v 0.012141966260969639 0.024547044187784195 -0.023035928606987
v 0.009196658618748188 0.025630293413996696 -0.026396365836262703
v 0.010096317157149315 0.025885984301567078 -0.02303575538098812
v 0.004478566814213991 0.026657404378056526 -0.02976190857589245
v 0.005673502571880817 0.027573905885219574 -0.023035190999507904
v 0.007997142150998116 0.026856910437345505 -0.023035459220409393
v 0.0031153764575719833 0.02802227810025215 -0.023034991696476936
v 0.005673502571880817 0.027573905885219574 -0.023035190999507904
v 0.0021350043825805187 0.026987655088305473 -0.029722612351179123
v 0.0021350043825805187 0.026987655088305473 -0.029722612351179123
v 0.005673502571880817 0.027573905885219574 -0.023035190999507904
v 0.004478566814213991 0.026657404378056526 -0.02976190857589245
v 0.0021350043825805187 0.026987655088305473 -0.029722612351179123
v 0.004478566814213991 0.026657404378056526 -0.02976190857589245
v 0.0020656948909163475 0.02631637081503868 -0.0361582450568676
v -2.8209453830640996e-06 0.02818484418094158 -0.023033617064356804
v 0.0031153764575719833 0.02802227810025215 -0.023034991696476936
v -1.3490591754816705e-06 0.027093270793557167 -0.029557107016444206
v -1.3490591754816705e-06 0.027093270793557167 -0.029557107016444206
v 0.0031153764575719833 0.02802227810025215 -0.023034991696476936
v 0.0021350043825805187 0.026987655088305473 -0.029722612351179123
v -1.3490591754816705e-06 0.027093270793557167 -0.029557107016444206
v 0.0021350043825805187 0.026987655088305473 -0.029722612351179123
v -1.7170820001410902e-06 0.026525475084781647 -0.03456093370914459
v -1.7170820001410902e-06 0.026525475084781647 -0.03456093370914459
v 0.0021350043825805187 0.026987655088305473 -0.029722612351179123
v 0.0020656948909163475 0.02631637081503868 -0.0361582450568676
v -1.7170820001410902e-06 0.026525475084781647 -0.03456093370914459
v 0.0020656948909163475 0.02631637081503868 -0.0361582450568676
v 5.344359124137554e-06 0.026410840451717377 -0.03615720570087433
v 0.010096317157149315 0.025885984301567078 -0.02303575538098812
v 0.009196658618748188 0.025630293413996696 -0.026396365836262703
v 0.007997142150998116 0.026856910437345505 -0.023035459220409393
v 0.007997142150998116 0.026856910437345505 -0.023035459220409393
v 0.009196658618748188 0.025630293413996696 -0.026396365836262703
v 0.006761007942259312 0.02603980153799057 -0.02978670410811901
v 0.007997142150998116 0.026856910437345505 -0.023035459220409393
v 0.006761007942259312 0.02603980153799057 -0.02978670410811901
v 0.004478566814213991 0.026657404378056526 -0.02976190857589245
v 0.004478566814213991 0.026657404378056526 -0.02976190857589245
v 0.006761007942259312 0.02603980153799057 -0.02978670410811901
v 0.004601889289915562 0.025912031531333923 -0.03615976870059967
v 0.004478566814213991 0.026657404378056526 -0.02976190857589245
v 0.004601889289915562 0.025912031531333923 -0.03615976870059967
v 0.0020656948909163475 0.02631637081503868 -0.0361582450568676
v 0.015254462137818336 0.01840483397245407 -0.029659345746040344
v 0.013505878858268261 0.019862981513142586 -0.036158543080091476
v 0.014081292785704136 0.020447274670004845 -0.029713429510593414
v 0.014081292785704136 0.020447274670004845 -0.029713429510593414
v 0.013505878858268261 0.019862981513142586 -0.036158543080091476
v 0.01210474967956543 0.021680710837244987 -0.0361594557762146
v 0.014081292785704136 0.020447274670004845 -0.029713429510593414
v 0.01210474967956543 0.021680710837244987 -0.0361594557762146
v 0.012633544392883778 0.02228442020714283 -0.029756585136055946
v 0.012633544392883778 0.02228442020714283 -0.029756585136055946
v 0.01210474967956543 0.021680710837244987 -0.0361594557762146
v 0.010582990013062954 0.023106049746274948 -0.03615830838680267
v 0.012633544392883778 0.02228442020714283 -0.029756585136055946
v 0.010582990013062954 0.023106049746274948 -0.03615830838680267
v 0.01090602669864893 0.02385309338569641 -0.02978447638452053
v 0.01090602669864893 0.02385309338569641 -0.02978447638452053
v 0.010582990013062954 0.023106049746274948 -0.03615830838680267
v 0.008967848494648933 0.02420557290315628 -0.03615696355700493
v 0.01090602669864893 0.02385309338569641 -0.02978447638452053
v 0.008967848494648933 0.02420557290315628 -0.03615696355700493
v 0.008927143178880215 0.02510805055499077 -0.029794584959745407
v 0.008927143178880215 0.02510805055499077 -0.029794584959745407
v 0.008967848494648933 0.02420557290315628 -0.03615696355700493
v 0.006958533078432083 0.02517836168408394 -0.03615844249725342
v 0.016876231878995895 0.013924057595431805 -0.02953954041004181
v 0.015606535598635674 0.015476708300411701 -0.03615644946694374
v 0.015254462137818336 0.01840483397245407 -0.029659345746040344
v 0.015254462137818336 0.01840483397245407 -0.029659345746040344
v 0.015606535598635674 0.015476708300411701 -0.03615644946694374
v 0.014660428278148174 0.017802495509386063 -0.0361572690308094
v 0.015254462137818336 0.01840483397245407 -0.029659345746040344
v 0.014660428278148174 0.017802495509386063 -0.0361572690308094
v 0.013505878858268261 0.019862981513142586 -0.036158543080091476
v 0.01704564318060875 0.009207062423229218 -0.03615759313106537
v 0.01641579531133175 0.012631929479539394 -0.0361577607691288
v 0.016876231878995895 0.013924057595431805 -0.02953954041004181
v 0.016876231878995895 0.013924057595431805 -0.02953954041004181
v 0.01641579531133175 0.012631929479539394 -0.0361577607691288
v 0.016222573816776276 0.01341975387185812 -0.036156684160232544
v 0.016876231878995895 0.013924057595431805 -0.02953954041004181
v 0.016222573816776276 0.01341975387185812 -0.036156684160232544
v 0.015606535598635674 0.015476708300411701 -0.03615644946694374
v 0.016876231878995895 0.013924057595431805 -0.02953954041004181
v 0.01775694079697132 0.009172585792839527 -0.02944539487361908
v 0.01704564318060875 0.009207062423229218 -0.03615759313106537
v 0.01704564318060875 0.009207062423229218 -0.03615759313106537
v 0.01775694079697132 0.009172585792839527 -0.02944539487361908
v 0.01813192293047905 0.004302395042032003 -0.029420873150229454
v 0.01704564318060875 0.009207062423229218 -0.03615759313106537
v 0.01813192293047905 0.004302395042032003 -0.029420873150229454
v 0.01745305210351944 0.005223908461630344 -0.03615611046552658
v 0.01745305210351944 0.005223908461630344 -0.03615611046552658
v 0.01813192293047905 0.004302395042032003 -0.029420873150229454
v 0.0180509015917778 -0.0006083949701860547 -0.030360834673047066
v 0.01745305210351944 0.005223908461630344 -0.03615611046552658
v 0.0180509015917778 -0.0006083949701860547 -0.030360834673047066
v 0.017683079466223717 -0.0006072053802199662 -0.03458208963274956
v 0.018904438242316246 -0.000607676396612078 -0.02617429569363594
v 0.018608015030622482 -0.0006081467727199197 -0.027275575324892998
v 0.018879489973187447 0.004392981994897127 -0.026130517944693565
v 0.018879489973187447 0.004392981994897127 -0.026130517944693565
v 0.018608015030622482 -0.0006081467727199197 -0.027275575324892998
v 0.01813192293047905 0.004302395042032003 -0.029420873150229454
v 0.018879489973187447 0.004392981994897127 -0.026130517944693565
v 0.01813192293047905 0.004302395042032003 -0.029420873150229454
v 0.018498241901397705 0.009359598159790039 -0.02614782750606537
v 0.018498241901397705 0.009359598159790039 -0.02614782750606537
v 0.01813192293047905 0.004302395042032003 -0.029420873150229454
v 0.01775694079697132 0.009172585792839527 -0.02944539487361908
v 0.018498241901397705 0.009359598159790039 -0.02614782750606537
v 0.01775694079697132 0.009172585792839527 -0.02944539487361908
v 0.01756017655134201 0.014209402725100517 -0.026212168857455254
v 0.01756017655134201 0.014209402725100517 -0.026212168857455254
v 0.01775694079697132 0.009172585792839527 -0.02944539487361908
v 0.016876231878995895 0.013924057595431805 -0.02953954041004181
v 0.01756017655134201 0.014209402725100517 -0.026212168857455254
v 0.016876231878995895 0.013924057595431805 -0.02953954041004181
v 0.015829069539904594 0.018787914887070656 -0.02629413828253746
v 0.015829069539904594 0.018787914887070656 -0.02629413828253746
v 0.016876231878995895 0.013924057595431805 -0.02953954041004181
v 0.015254462137818336 0.01840483397245407 -0.029659345746040344
v 0.015829069539904594 0.018787914887070656 -0.02629413828253746
v 0.015254462137818336 0.01840483397245407 -0.029659345746040344
v 0.014584413729608059 0.020874671638011932 -0.02633179910480976
v 0.014584413729608059 0.020874671638011932 -0.02633179910480976
v 0.015254462137818336 0.01840483397245407 -0.029659345746040344
v 0.014081292785704136 0.020447274670004845 -0.029713429510593414
v 0.014584413729608059 0.020874671638011932 -0.02633179910480976
v 0.014081292785704136 0.020447274670004845 -0.029713429510593414
v 0.013057836331427097 0.022751009091734886 -0.02636292763054371
v 0.013057836331427097 0.022751009091734886 -0.02636292763054371
v 0.014081292785704136 0.020447274670004845 -0.029713429510593414
v 0.012633544392883778 0.02228442020714283 -0.029756585136055946
v 0.013057836331427097 0.022751009091734886 -0.02636292763054371
v 0.012633544392883778 0.02228442020714283 -0.029756585136055946
v 0.011251036077737808 0.024352150037884712 -0.02638491801917553
v 0.011251036077737808 0.024352150037884712 -0.02638491801917553
v 0.012633544392883778 0.02228442020714283 -0.029756585136055946
v 0.01090602669864893 0.02385309338569641 -0.02978447638452053
v 0.011251036077737808 0.024352150037884712 -0.02638491801917553
v 0.01090602669864893 0.02385309338569641 -0.02978447638452053
v 0.009196658618748188 0.025630293413996696 -0.026396365836262703
v 0.009196658618748188 0.025630293413996696 -0.026396365836262703
v 0.01090602669864893 0.02385309338569641 -0.02978447638452053
v 0.008927143178880215 0.02510805055499077 -0.029794584959745407
v 0.009196658618748188 0.025630293413996696 -0.026396365836262703
v 0.008927143178880215 0.02510805055499077 -0.029794584959745407
v 0.006761007942259312 0.02603980153799057 -0.02978670410811901
v 0.006761007942259312 0.02603980153799057 -0.02978670410811901
v 0.008927143178880215 0.02510805055499077 -0.029794584959745407
v 0.006958533078432083 0.02517836168408394 -0.03615844249725342
v 0.006761007942259312 0.02603980153799057 -0.02978670410811901
v 0.006958533078432083 0.02517836168408394 -0.03615844249725342
v 0.004601889289915562 0.025912031531333923 -0.03615976870059967
v 0.0019742094445973635 -0.026010962203145027 -0.02970212697982788
v -1.2330768868196174e-06 -0.026124460622668266 -0.02957945130765438
v 4.406650532473577e-06 -0.024280525743961334 -0.03615730255842209
v -1.3314109992279555e-06 -0.028106490150094032 -0.02303628996014595
v 0.002070860704407096 -0.027028560638427734 -0.02636389620602131
v 0.003194655291736126 -0.027921486645936966 -0.023036710917949677
v 0.003194655291736126 -0.027921486645936966 -0.023036710917949677
v 0.002070860704407096 -0.027028560638427734 -0.02636389620602131
v 0.004362783394753933 -0.026730459183454514 -0.026322724297642708
v 0.003194655291736126 -0.027921486645936966 -0.023036710917949677
v 0.004362783394753933 -0.026730459183454514 -0.026322724297642708
v 0.005772807169705629 -0.02746935933828354 -0.023036882281303406
v 0.005772807169705629 -0.02746935933828354 -0.023036882281303406
v 0.004362783394753933 -0.026730459183454514 -0.026322724297642708
v 0.006618211977183819 -0.02618218958377838 -0.026288406923413277
v 0.005772807169705629 -0.02746935933828354 -0.023036882281303406
v 0.006618211977183819 -0.02618218958377838 -0.026288406923413277
v 0.008141900412738323 -0.026747340336441994 -0.023037107661366463
v 0.008141900412738323 -0.026747340336441994 -0.023037107661366463
v 0.006618211977183819 -0.02618218958377838 -0.026288406923413277
v 0.008788240142166615 -0.025354165583848953 -0.02625972218811512
v 0.008141900412738323 -0.026747340336441994 -0.023037107661366463
v 0.008788240142166615 -0.025354165583848953 -0.02625972218811512
v 0.010313174687325954 -0.025754069909453392 -0.0230372566729784
v 0.010313174687325954 -0.025754069909453392 -0.0230372566729784
v 0.008788240142166615 -0.025354165583848953 -0.02625972218811512
v 0.010812527500092983 -0.02422100305557251 -0.026232939213514328
v 0.010313174687325954 -0.025754069909453392 -0.0230372566729784
v 0.010812527500092983 -0.02422100305557251 -0.026232939213514328
v 0.012313459068536758 -0.024464281275868416 -0.02303723618388176
v 0.012313459068536758 -0.024464281275868416 -0.02303723618388176
v 0.010812527500092983 -0.02422100305557251 -0.026232939213514328
v 0.012634013779461384 -0.02278229221701622 -0.026207122951745987
v 0.012313459068536758 -0.024464281275868416 -0.02303723618388176
v 0.012634013779461384 -0.02278229221701622 -0.026207122951745987
v 0.01414746418595314 -0.022840365767478943 -0.023037154227495193
v 0.01414746418595314 -0.022840365767478943 -0.023037154227495193
v 0.012634013779461384 -0.02278229221701622 -0.026207122951745987
v 0.01421037595719099 -0.021071426570415497 -0.026183104142546654
v 0.01414746418595314 -0.022840365767478943 -0.023037154227495193
v 0.01421037595719099 -0.021071426570415497 -0.026183104142546654
v 0.015639565885066986 -0.021070171147584915 -0.023037126287817955
v 0.015639565885066986 -0.021070171147584915 -0.023037126287817955
v 0.01421037595719099 -0.021071426570415497 -0.026183104142546654
v 0.015523875132203102 -0.019138028845191002 -0.02616124227643013
v 0.015639565885066986 -0.021070171147584915 -0.023037126287817955
v 0.015523875132203102 -0.019138028845191002 -0.02616124227643013
v 0.016941843554377556 -0.019021349027752876 -0.02303706295788288
v 0.016941843554377556 -0.019021349027752876 -0.02303706295788288
v 0.015523875132203102 -0.019138028845191002 -0.02616124227643013
v 0.01805087924003601 -0.016667447984218597 -0.023036876693367958
v 0.01805087924003601 -0.016667447984218597 -0.023036876693367958
v 0.015523875132203102 -0.019138028845191002 -0.02616124227643013
v 0.017398353666067123 -0.014818230643868446 -0.026130003854632378
v 0.01805087924003601 -0.016667447984218597 -0.023036876693367958
v 0.017398353666067123 -0.014818230643868446 -0.026130003854632378
v 0.018579022958874702 -0.015219285152852535 -0.023036738857626915
v 0.018579022958874702 -0.015219285152852535 -0.023036738857626915
v 0.017398353666067123 -0.014818230643868446 -0.026130003854632378
v 0.01895466446876526 -0.013981765136122704 -0.023036673665046692
v 0.01895466446876526 -0.013981765136122704 -0.023036673665046692
v 0.017398353666067123 -0.014818230643868446 -0.026130003854632378
v 0.01843850314617157 -0.01018628478050232 -0.026128103956580162
v 0.01895466446876526 -0.013981765136122704 -0.023036673665046692
v 0.01843850314617157 -0.01018628478050232 -0.026128103956580162
v 0.01963943801820278 -0.010911700315773487 -0.023036763072013855
v 0.01963943801820278 -0.010911700315773487 -0.023036763072013855
v 0.01843850314617157 -0.01018628478050232 -0.026128103956580162
v 0.01886197365820408 -0.00541602773591876 -0.02616468258202076
v 0.01963943801820278 -0.010911700315773487 -0.023036763072013855
v 0.01886197365820408 -0.00541602773591876 -0.02616468258202076
v 0.020075151696801186 -0.007469009608030319 -0.02303641475737095
v 0.019350294023752213 -0.0006067436770536005 -0.024876130744814873
v 0.020235449075698853 -0.0006031203083693981 -0.023035692051053047
v 0.01886197365820408 -0.00541602773591876 -0.02616468258202076
v 0.01886197365820408 -0.00541602773591876 -0.02616468258202076
v 0.020235449075698853 -0.0006031203083693981 -0.023035692051053047
v 0.020235618576407433 -0.003412294667214155 -0.023036256432533264
v 0.01886197365820408 -0.00541602773591876 -0.02616468258202076
v 0.020235618576407433 -0.003412294667214155 -0.023036256432533264
v 0.020075151696801186 -0.007469009608030319 -0.02303641475737095
v 0.0180509015917778 -0.0006083949701860547 -0.030360834673047066
v 0.018608015030622482 -0.0006081467727199197 -0.027275575324892998
v 0.01886197365820408 -0.00541602773591876 -0.02616468258202076
v 0.01886197365820408 -0.00541602773591876 -0.02616468258202076
v 0.018608015030622482 -0.0006081467727199197 -0.027275575324892998
v 0.018904438242316246 -0.000607676396612078 -0.02617429569363594
v 0.01886197365820408 -0.00541602773591876 -0.02616468258202076
v 0.018904438242316246 -0.000607676396612078 -0.02617429569363594
v 0.019350294023752213 -0.0006067436770536005 -0.024876130744814873
v 0.017613990232348442 -0.0006065356428734958 -0.036157168447971344
v 0.017683079466223717 -0.0006072053802199662 -0.03458208963274956
v 0.01757962256669998 -0.003118931083008647 -0.03615637868642807
v 0.01757962256669998 -0.003118931083008647 -0.03615637868642807
v 0.017683079466223717 -0.0006072053802199662 -0.03458208963274956
v 0.01810692623257637 -0.005276473704725504 -0.029474707320332527
v 0.01757962256669998 -0.003118931083008647 -0.03615637868642807
v 0.01810692623257637 -0.005276473704725504 -0.029474707320332527
v 0.017317093908786774 -0.006865642499178648 -0.036156877875328064
v 0.017317093908786774 -0.006865642499178648 -0.036156877875328064
v 0.01810692623257637 -0.005276473704725504 -0.029474707320332527
v 0.01766575314104557 -0.009893964044749737 -0.029402917250990868
v 0.016642551869153976 -0.014364969916641712 -0.02939005009829998
v 0.016063358634710312 -0.012881526723504066 -0.036156658083200455
v 0.01766575314104557 -0.009893964044749737 -0.029402917250990868
v 0.01766575314104557 -0.009893964044749737 -0.029402917250990868
v 0.016063358634710312 -0.012881526723504066 -0.036156658083200455
v 0.016841549426317215 -0.00988786667585373 -0.036157358437776566
v 0.01766575314104557 -0.009893964044749737 -0.029402917250990868
v 0.016841549426317215 -0.00988786667585373 -0.036157358437776566
v 0.017317093908786774 -0.006865642499178648 -0.036156877875328064
v 0.014000432565808296 -0.017372047528624535 -0.03615722432732582
v 0.01518052164465189 -0.015178094618022442 -0.036156922578811646
v 0.016642551869153976 -0.014364969916641712 -0.02939005009829998
v 0.016642551869153976 -0.014364969916641712 -0.02939005009829998
v 0.01518052164465189 -0.015178094618022442 -0.036156922578811646
v 0.015877576544880867 -0.013433629646897316 -0.03615666925907135
v 0.016642551869153976 -0.014364969916641712 -0.02939005009829998
v 0.015877576544880867 -0.013433629646897316 -0.03615666925907135
v 0.016063358634710312 -0.012881526723504066 -0.036156658083200455
v 0.016642551869153976 -0.014364969916641712 -0.02939005009829998
v 0.014830891974270344 -0.018512867391109467 -0.02942236326634884
v 0.014000432565808296 -0.017372047528624535 -0.03615722432732582
v 0.014000432565808296 -0.017372047528624535 -0.03615722432732582
v 0.014830891974270344 -0.018512867391109467 -0.02942236326634884
v 0.013569439761340618 -0.02036071941256523 -0.02944905497133732
v 0.014000432565808296 -0.017372047528624535 -0.03615722432732582
v 0.013569439761340618 -0.02036071941256523 -0.02944905497133732
v 0.012712251394987106 -0.01911819726228714 -0.03615783900022507
v 0.012712251394987106 -0.01911819726228714 -0.03615783900022507
v 0.013569439761340618 -0.02036071941256523 -0.02944905497133732
v 0.0120598329231143 -0.021990125998854637 -0.02947992831468582
v 0.012712251394987106 -0.01911819726228714 -0.03615783900022507
v 0.0120598329231143 -0.021990125998854637 -0.02947992831468582
v 0.011207166127860546 -0.020624276250600815 -0.03615816682577133
v 0.011207166127860546 -0.020624276250600815 -0.03615816682577133
v 0.0120598329231143 -0.021990125998854637 -0.02947992831468582
v 0.010317797772586346 -0.023354755714535713 -0.029513956978917122
v 0.011207166127860546 -0.020624276250600815 -0.03615816682577133
v 0.010317797772586346 -0.023354755714535713 -0.029513956978917122
v 0.009428040124475956 -0.021905651316046715 -0.03615744411945343
v 0.009428040124475956 -0.021905651316046715 -0.03615744411945343
v 0.010317797772586346 -0.023354755714535713 -0.029513956978917122
v 0.00838303193449974 -0.02442765049636364 -0.02955102175474167
v 0.009428040124475956 -0.021905651316046715 -0.03615744411945343
v 0.00838303193449974 -0.02442765049636364 -0.02955102175474167
v 0.0075010196305811405 -0.022876771166920662 -0.036156974732875824
v 0.0075010196305811405 -0.022876771166920662 -0.036156974732875824
v 0.00838303193449974 -0.02442765049636364 -0.02955102175474167
v 0.006310927215963602 -0.02521287091076374 -0.029592987149953842
v 0.0075010196305811405 -0.022876771166920662 -0.036156974732875824
v 0.006310927215963602 -0.02521287091076374 -0.029592987149953842
v 0.005333591718226671 -0.02360745333135128 -0.03615657240152359
v 4.406650532473577e-06 -0.024280525743961334 -0.03615730255842209
v 0.002921090694144368 -0.024083759635686874 -0.036157045513391495
v 0.0019742094445973635 -0.026010962203145027 -0.02970212697982788
v 0.0019742094445973635 -0.026010962203145027 -0.02970212697982788
v 0.002921090694144368 -0.024083759635686874 -0.036157045513391495
v 0.005333591718226671 -0.02360745333135128 -0.03615657240152359
v 0.0019742094445973635 -0.026010962203145027 -0.02970212697982788
v 0.005333591718226671 -0.02360745333135128 -0.03615657240152359
v 0.004159136675298214 -0.02573210559785366 -0.029642952606081963
v 0.004159136675298214 -0.02573210559785366 -0.029642952606081963
v 0.005333591718226671 -0.02360745333135128 -0.03615657240152359
v 0.006310927215963602 -0.02521287091076374 -0.029592987149953842
v -1.3314109992279555e-06 -0.028106490150094032 -0.02303628996014595
v -1.2330768868196174e-06 -0.026124460622668266 -0.02957945130765438
v 0.002070860704407096 -0.027028560638427734 -0.02636389620602131
v 0.002070860704407096 -0.027028560638427734 -0.02636389620602131
v -1.2330768868196174e-06 -0.026124460622668266 -0.02957945130765438
v 0.0019742094445973635 -0.026010962203145027 -0.02970212697982788
v 0.002070860704407096 -0.027028560638427734 -0.02636389620602131
v 0.0019742094445973635 -0.026010962203145027 -0.02970212697982788
v 0.004362783394753933 -0.026730459183454514 -0.026322724297642708
v 0.004362783394753933 -0.026730459183454514 -0.026322724297642708
v 0.0019742094445973635 -0.026010962203145027 -0.02970212697982788
v 0.004159136675298214 -0.02573210559785366 -0.029642952606081963
v 0.004362783394753933 -0.026730459183454514 -0.026322724297642708
v 0.004159136675298214 -0.02573210559785366 -0.029642952606081963
v 0.006618211977183819 -0.02618218958377838 -0.026288406923413277
v 0.006618211977183819 -0.02618218958377838 -0.026288406923413277
v 0.004159136675298214 -0.02573210559785366 -0.029642952606081963
v 0.006310927215963602 -0.02521287091076374 -0.029592987149953842
v 0.006618211977183819 -0.02618218958377838 -0.026288406923413277
v 0.006310927215963602 -0.02521287091076374 -0.029592987149953842
v 0.008788240142166615 -0.025354165583848953 -0.02625972218811512
v 0.008788240142166615 -0.025354165583848953 -0.02625972218811512
v 0.006310927215963602 -0.02521287091076374 -0.029592987149953842
v 0.00838303193449974 -0.02442765049636364 -0.02955102175474167
v 0.008788240142166615 -0.025354165583848953 -0.02625972218811512
v 0.00838303193449974 -0.02442765049636364 -0.02955102175474167
v 0.010812527500092983 -0.02422100305557251 -0.026232939213514328
v 0.010812527500092983 -0.02422100305557251 -0.026232939213514328
v 0.00838303193449974 -0.02442765049636364 -0.02955102175474167
v 0.010317797772586346 -0.023354755714535713 -0.029513956978917122
v 0.010812527500092983 -0.02422100305557251 -0.026232939213514328
v 0.010317797772586346 -0.023354755714535713 -0.029513956978917122
v 0.012634013779461384 -0.02278229221701622 -0.026207122951745987
v 0.012634013779461384 -0.02278229221701622 -0.026207122951745987
v 0.010317797772586346 -0.023354755714535713 -0.029513956978917122
v 0.0120598329231143 -0.021990125998854637 -0.02947992831468582
v 0.012634013779461384 -0.02278229221701622 -0.026207122951745987
v 0.0120598329231143 -0.021990125998854637 -0.02947992831468582
v 0.01421037595719099 -0.021071426570415497 -0.026183104142546654
v 0.01421037595719099 -0.021071426570415497 -0.026183104142546654
v 0.0120598329231143 -0.021990125998854637 -0.02947992831468582
v 0.013569439761340618 -0.02036071941256523 -0.02944905497133732
v 0.01421037595719099 -0.021071426570415497 -0.026183104142546654
v 0.013569439761340618 -0.02036071941256523 -0.02944905497133732
v 0.015523875132203102 -0.019138028845191002 -0.02616124227643013
v 0.015523875132203102 -0.019138028845191002 -0.02616124227643013
v 0.013569439761340618 -0.02036071941256523 -0.02944905497133732
v 0.014830891974270344 -0.018512867391109467 -0.02942236326634884
v 0.015523875132203102 -0.019138028845191002 -0.02616124227643013
v 0.014830891974270344 -0.018512867391109467 -0.02942236326634884
v 0.017398353666067123 -0.014818230643868446 -0.026130003854632378
v 0.017398353666067123 -0.014818230643868446 -0.026130003854632378
v 0.014830891974270344 -0.018512867391109467 -0.02942236326634884
v 0.016642551869153976 -0.014364969916641712 -0.02939005009829998
v 0.017398353666067123 -0.014818230643868446 -0.026130003854632378
v 0.016642551869153976 -0.014364969916641712 -0.02939005009829998
v 0.01843850314617157 -0.01018628478050232 -0.026128103956580162
v 0.01843850314617157 -0.01018628478050232 -0.026128103956580162
v 0.016642551869153976 -0.014364969916641712 -0.02939005009829998
v 0.01766575314104557 -0.009893964044749737 -0.029402917250990868
v 0.01843850314617157 -0.01018628478050232 -0.026128103956580162
v 0.01766575314104557 -0.009893964044749737 -0.029402917250990868
v 0.01886197365820408 -0.00541602773591876 -0.02616468258202076
v 0.01886197365820408 -0.00541602773591876 -0.02616468258202076
v 0.01766575314104557 -0.009893964044749737 -0.029402917250990868
v 0.01810692623257637 -0.005276473704725504 -0.029474707320332527
v 0.01886197365820408 -0.00541602773591876 -0.02616468258202076
v 0.01810692623257637 -0.005276473704725504 -0.029474707320332527
v 0.0180509015917778 -0.0006083949701860547 -0.030360834673047066
v 0.0180509015917778 -0.0006083949701860547 -0.030360834673047066
v 0.01810692623257637 -0.005276473704725504 -0.029474707320332527
v 0.017683079466223717 -0.0006072053802199662 -0.03458208963274956
v 0.014539524912834167 0.027595046907663345 0.03157351538538933
v 0.011214765720069408 0.021218594163656235 0.031573522835969925
v 0.01804453320801258 0.025583365932106972 0.031573519110679626
v 0.01599274016916752 0.017895033583045006 0.031573519110679626
v 0.018655885010957718 0.02516576275229454 0.031573522835969925
v 0.022628039121627808 0.021824168041348457 0.031573519110679626
v 0.012815821915864944 0.028378590941429138 0.031573519110679626
v 0.010005481541156769 0.02940870262682438 0.03157353028655052
v 0.005777238868176937 0.02329428680241108 0.03157352656126022
v 0.02541377954185009 0.018580548465251923 0.03157352656126022
v 0.019830167293548584 0.013519045896828175 0.031573519110679626
v 0.026362061500549316 0.017220178619027138 0.031573522835969925
v 0.027994941920042038 0.014404636807739735 0.031573522835969925
v 0.02250136062502861 0.00834797602146864 0.03157353028655052
v 0.029226800426840782 0.011658071540296078 0.03157352656126022
v 0.006840580143034458 0.030239898711442947 0.031573519110679626
v 0.005117290187627077 0.030556755140423775 0.031573522835969925
v 3.1703368676971877e-06 0.023999996483325958 0.031573522835969925
v 0.00146879767999053 0.030925670638680458 0.031573519110679626
v 3.1550562198390253e-06 0.030960209667682648 0.031573519110679626
v 0.029904840514063835 0.009740994311869144 0.03157351538538933
v 0.023849226534366608 0.002685968764126301 0.031573519110679626
v 0.030859364196658134 0.005957859102636576 0.03157352656126022
v 0.014568486250936985 -0.02968377247452736 0.031573522835969925
v 0.018692927435040474 -0.027506407350301743 0.03157351538538933
v 0.010813737288117409 -0.021425757557153702 0.031573519110679626
v 0.015653371810913086 -0.018192635849118233 0.03157352656126022
v 0.02626490779221058 -0.019669679924845695 0.03157352656126022
v 0.019572414457798004 -0.013889583759009838 0.031573522835969925
v 0.02299053966999054 -0.023900244385004044 0.031573519110679626
v 0.021937299519777298 -0.024946732446551323 0.03157352656126022
v 3.2940581604634644e-06 -0.03198641538619995 0.03157351538538933
v 0.00593079486861825 -0.031715597957372665 0.031573519110679626
v 3.2764712614152813e-06 -0.023999996483325958 0.03157352656126022
v 0.0053381361067295074 -0.023398807272315025 0.03157352656126022
v 0.031214632093906403 -0.005039532203227282 0.03157352656126022
v 0.03144608810544014 -0.0017169902566820383 0.031573519110679626
v 0.023794494569301605 -0.003134007565677166 0.031573522835969925
v 0.03146200254559517 -0.0006024802569299936 0.031573519110679626
v 0.031079385429620743 0.004657167010009289 0.031573522835969925
v 0.03087170049548149 -0.007427272852510214 0.031573519110679626
v 0.022340385243296623 -0.008769674226641655 0.031573522835969925
v 0.03019949607551098 -0.010492748580873013 0.031573519110679626
v 0.008243462070822716 -0.031418852508068085 0.03157351538538933
v 0.01040775515139103 -0.03099880740046501 0.031573519110679626
v 0.01368216797709465 -0.03002932481467724 0.03157352656126022
v 0.02626490779221058 -0.019669679924845695 0.03157352656126022
v 0.02657731994986534 -0.0191634651273489 0.031573519110679626
v 0.019572414457798004 -0.013889583759009838 0.031573522835969925
v 0.02657731994986534 -0.0191634651273489 0.031573519110679626
v 0.028423907235264778 -0.01559540070593357 0.03157352656126022
v 0.029374903067946434 -0.013182580471038818 0.031573519110679626
v 0.005293962080031633 -0.032876625657081604 0.029282938688993454
v 0.006140712182968855 -0.03279447555541992 0.02928292192518711
v 0.00593079486861825 -0.031715597957372665 0.031573519110679626
v 0.02492084726691246 -0.023429015651345253 0.029282724484801292
v 0.02299053966999054 -0.023900244385004044 0.031573519110679626
v 0.021937299519777298 -0.024946732446551323 0.03157352656126022
v 0.031214632093906403 -0.005039532203227282 0.03157352656126022
v 0.0325058214366436 -0.004136088769882917 0.029283100739121437
v 0.03144608810544014 -0.0017169902566820383 0.031573519110679626
v 0.03144608810544014 -0.0017169902566820383 0.031573519110679626
v 0.0325058214366436 -0.004136088769882917 0.029283100739121437
v 0.03265942633152008 -0.0006022555753588676 0.02928299270570278
v 0.03144608810544014 -0.0017169902566820383 0.031573519110679626
v 0.03265942633152008 -0.0006022555753588676 0.02928299270570278
v 0.03146200254559517 -0.0006024802569299936 0.031573519110679626
v 0.03019949607551098 -0.010492748580873013 0.031573519110679626
v 0.031710535287857056 -0.009269488044083118 0.02928297035396099
v 0.03087170049548149 -0.007427272852510214 0.031573519110679626
v 0.03087170049548149 -0.007427272852510214 0.031573519110679626
v 0.031710535287857056 -0.009269488044083118 0.02928297035396099
v 0.03203575313091278 -0.007659990340471268 0.029282664880156517
v 0.03087170049548149 -0.007427272852510214 0.031573519110679626
v 0.03203575313091278 -0.007659990340471268 0.029282664880156517
v 0.031214632093906403 -0.005039532203227282 0.03157352656126022
v 0.031214632093906403 -0.005039532203227282 0.03157352656126022
v 0.03203575313091278 -0.007659990340471268 0.029282664880156517
v 0.03239869698882103 -0.005194235127419233 0.02928277663886547
v 0.031214632093906403 -0.005039532203227282 0.03157352656126022
v 0.03239869698882103 -0.005194235127419233 0.02928277663886547
v 0.0325058214366436 -0.004136088769882917 0.029283100739121437
v 0.02299053966999054 -0.023900244385004044 0.031573519110679626
v 0.02492084726691246 -0.023429015651345253 0.029282724484801292
v 0.02626490779221058 -0.019669679924845695 0.03157352656126022
v 0.02492084726691246 -0.023429015651345253 0.029282724484801292
v 0.026753494516015053 -0.021006209775805473 0.02928289584815502
v 0.02626490779221058 -0.019669679924845695 0.03157352656126022
v 0.02626490779221058 -0.019669679924845695 0.03157352656126022
v 0.026753494516015053 -0.021006209775805473 0.02928289584815502
v 0.027209216728806496 -0.020313335582613945 0.02928243950009346
v 0.02626490779221058 -0.019669679924845695 0.03157352656126022
v 0.027209216728806496 -0.020313335582613945 0.02928243950009346
v 0.02657731994986534 -0.0191634651273489 0.031573519110679626
v 0.02657731994986534 -0.0191634651273489 0.031573519110679626
v 0.027209216728806496 -0.020313335582613945 0.02928243950009346
v 0.028132665902376175 -0.018768224865198135 0.02928200364112854
v 0.02657731994986534 -0.0191634651273489 0.031573519110679626
v 0.028132665902376175 -0.018768224865198135 0.02928200364112854
v 0.028423907235264778 -0.01559540070593357 0.03157352656126022
v 0.028423907235264778 -0.01559540070593357 0.03157352656126022
v 0.028132665902376175 -0.018768224865198135 0.02928200364112854
v 0.02960740216076374 -0.015776626765727997 0.029284922406077385
v 0.028423907235264778 -0.01559540070593357 0.03157352656126022
v 0.02960740216076374 -0.015776626765727997 0.029284922406077385
v 0.029374903067946434 -0.013182580471038818 0.031573519110679626
v 0.029374903067946434 -0.013182580471038818 0.031573519110679626
v 0.02960740216076374 -0.015776626765727997 0.029284922406077385
v 0.03080177679657936 -0.012600383721292019 0.029284168034791946
v 0.029374903067946434 -0.013182580471038818 0.031573519110679626
v 0.03080177679657936 -0.012600383721292019 0.029284168034791946
v 0.03019949607551098 -0.010492748580873013 0.031573519110679626
v 0.03019949607551098 -0.010492748580873013 0.031573519110679626
v 0.03080177679657936 -0.012600383721292019 0.029284168034791946
v 0.031324565410614014 -0.01083400659263134 0.02928338199853897
v 0.03019949607551098 -0.010492748580873013 0.031573519110679626
v 0.031324565410614014 -0.01083400659263134 0.02928338199853897
v 0.031710535287857056 -0.009269488044083118 0.02928297035396099
v 0.018692927435040474 -0.027506407350301743 0.03157351538538933
v 0.020614562556147575 -0.02749990113079548 0.029282916337251663
v 0.021937299519777298 -0.024946732446551323 0.03157352656126022
v 0.021937299519777298 -0.024946732446551323 0.03157352656126022
v 0.020614562556147575 -0.02749990113079548 0.029282916337251663
v 0.02287910506129265 -0.02559254877269268 0.02928313799202442
v 0.021937299519777298 -0.024946732446551323 0.03157352656126022
v 0.02287910506129265 -0.02559254877269268 0.02928313799202442
v 0.02492084726691246 -0.023429015651345253 0.029282724484801292
v 0.014568486250936985 -0.02968377247452736 0.031573522835969925
v 0.0182504840195179 -0.029068997129797935 0.029284020885825157
v 0.018692927435040474 -0.027506407350301743 0.03157351538538933
v 0.018692927435040474 -0.027506407350301743 0.03157351538538933
v 0.0182504840195179 -0.029068997129797935 0.029284020885825157
v 0.019085532054305077 -0.02855793945491314 0.029283899813890457
v 0.018692927435040474 -0.027506407350301743 0.03157351538538933
v 0.019085532054305077 -0.02855793945491314 0.029283899813890457
v 0.020614562556147575 -0.02749990113079548 0.029282916337251663
v 0.00593079486861825 -0.031715597957372665 0.031573519110679626
v 0.006140712182968855 -0.03279447555541992 0.02928292192518711
v 0.008243462070822716 -0.031418852508068085 0.03157351538538933
v 0.008243462070822716 -0.031418852508068085 0.03157351538538933
v 0.006140712182968855 -0.03279447555541992 0.02928292192518711
v 0.008356978185474873 -0.03250139206647873 0.02928316220641136
v 0.008243462070822716 -0.031418852508068085 0.03157351538538933
v 0.008356978185474873 -0.03250139206647873 0.02928316220641136
v 0.01040775515139103 -0.03099880740046501 0.031573519110679626
v 0.01040775515139103 -0.03099880740046501 0.031573519110679626
v 0.008356978185474873 -0.03250139206647873 0.02928316220641136
v 0.01128580141812563 -0.031897518783807755 0.029283326119184494
v 0.01040775515139103 -0.03099880740046501 0.031573519110679626
v 0.01128580141812563 -0.031897518783807755 0.029283326119184494
v 0.01368216797709465 -0.03002932481467724 0.03157352656126022
v 0.01368216797709465 -0.03002932481467724 0.03157352656126022
v 0.01128580141812563 -0.031897518783807755 0.029283326119184494
v 0.014085532166063786 -0.031030764803290367 0.029283776879310608
v 0.01368216797709465 -0.03002932481467724 0.03157352656126022
v 0.014085532166063786 -0.031030764803290367 0.029283776879310608
v 0.014568486250936985 -0.02968377247452736 0.031573522835969925
v 0.014568486250936985 -0.02968377247452736 0.031573522835969925
v 0.014085532166063786 -0.031030764803290367 0.029283776879310608
v 0.0156969353556633 -0.030377689749002457 0.02928258292376995
v 0.014568486250936985 -0.02968377247452736 0.031573522835969925
v 0.0156969353556633 -0.030377689749002457 0.02928258292376995
v 0.0182504840195179 -0.029068997129797935 0.029284020885825157
v 3.2940581604634644e-06 -0.03198641538619995 0.03157351538538933
v 3.495959617794142e-06 -0.03310637176036835 0.029283015057444572
v 0.00593079486861825 -0.031715597957372665 0.031573519110679626
v 0.00593079486861825 -0.031715597957372665 0.031573519110679626
v 3.495959617794142e-06 -0.03310637176036835 0.029283015057444572
v 0.004323826637119055 -0.03295356035232544 0.02928309328854084
v 0.00593079486861825 -0.031715597957372665 0.031573519110679626
v 0.004323826637119055 -0.03295356035232544 0.02928309328854084
v 0.005293962080031633 -0.032876625657081604 0.029282938688993454
v 3.1441973078472074e-06 0.032149963080883026 0.029282987117767334
v 3.1550562198390253e-06 0.030960209667682648 0.031573519110679626
v 0.003377859480679035 0.03197815641760826 0.029282547533512115
v 0.003377859480679035 0.03197815641760826 0.029282547533512115
v 3.1550562198390253e-06 0.030960209667682648 0.031573519110679626
v 0.00146879767999053 0.030925670638680458 0.031573519110679626
v 0.003377859480679035 0.03197815641760826 0.029282547533512115
v 0.00146879767999053 0.030925670638680458 0.031573519110679626
v 0.004014076665043831 0.031908076256513596 0.029282400384545326
v 0.004014076665043831 0.031908076256513596 0.029282400384545326
v 0.00146879767999053 0.030925670638680458 0.031573519110679626
v 0.005117290187627077 0.030556755140423775 0.031573522835969925
v 0.006840580143034458 0.030239898711442947 0.031573519110679626
v 0.006212064530700445 0.031573835760354996 0.02928191050887108
v 0.005117290187627077 0.030556755140423775 0.031573522835969925
v 0.005117290187627077 0.030556755140423775 0.031573522835969925
v 0.006212064530700445 0.031573835760354996 0.02928191050887108
v 0.00530976802110672 0.03172840178012848 0.029282046481966972
v 0.005117290187627077 0.030556755140423775 0.031573522835969925
v 0.00530976802110672 0.03172840178012848 0.029282046481966972
v 0.004014076665043831 0.031908076256513596 0.029282400384545326
v 0.014539524912834167 0.027595046907663345 0.03157351538538933
v 0.014350080862641335 0.029001208022236824 0.029283029958605766
v 0.012815821915864944 0.028378590941429138 0.031573519110679626
v 0.012815821915864944 0.028378590941429138 0.031573519110679626
v 0.014350080862641335 0.029001208022236824 0.029283029958605766
v 0.01361667551100254 0.029328688979148865 0.02928304485976696
v 0.012815821915864944 0.028378590941429138 0.031573519110679626
v 0.01361667551100254 0.029328688979148865 0.02928304485976696
v 0.010005481541156769 0.02940870262682438 0.03157353028655052
v 0.010005481541156769 0.02940870262682438 0.03157353028655052
v 0.01361667551100254 0.029328688979148865 0.02928304485976696
v 0.010503941215574741 0.030495474115014076 0.02928273379802704
v 0.010005481541156769 0.02940870262682438 0.03157353028655052
v 0.010503941215574741 0.030495474115014076 0.02928273379802704
v 0.006840580143034458 0.030239898711442947 0.031573519110679626
v 0.006840580143034458 0.030239898711442947 0.031573519110679626
v 0.010503941215574741 0.030495474115014076 0.02928273379802704
v 0.00729227252304554 0.03135654702782631 0.02928205206990242
v 0.006840580143034458 0.030239898711442947 0.031573519110679626
v 0.00729227252304554 0.03135654702782631 0.02928205206990242
v 0.006212064530700445 0.031573835760354996 0.02928191050887108
v 0.022628039121627808 0.021824168041348457 0.031573519110679626
v 0.02229863591492176 0.02377675659954548 0.029283009469509125
v 0.018655885010957718 0.02516576275229454 0.031573522835969925
v 0.018655885010957718 0.02516576275229454 0.031573522835969925
v 0.02229863591492176 0.02377675659954548 0.029283009469509125
v 0.019844528287649155 0.0257757268846035 0.029283205047249794
v 0.018655885010957718 0.02516576275229454 0.031573522835969925
v 0.019844528287649155 0.0257757268846035 0.029283205047249794
v 0.01804453320801258 0.025583365932106972 0.031573519110679626
v 0.01804453320801258 0.025583365932106972 0.031573519110679626
v 0.019844528287649155 0.0257757268846035 0.029283205047249794
v 0.017193542793393135 0.027516715228557587 0.029283227398991585
v 0.01804453320801258 0.025583365932106972 0.031573519110679626
v 0.017193542793393135 0.027516715228557587 0.029283227398991585
v 0.014539524912834167 0.027595046907663345 0.03157351538538933
v 0.014539524912834167 0.027595046907663345 0.03157351538538933
v 0.017193542793393135 0.027516715228557587 0.029283227398991585
v 0.015083164907991886 0.028652165085077286 0.02928301692008972
v 0.014539524912834167 0.027595046907663345 0.03157351538538933
v 0.015083164907991886 0.028652165085077286 0.02928301692008972
v 0.014350080862641335 0.029001208022236824 0.029283029958605766
v 0.02541377954185009 0.018580548465251923 0.03157352656126022
v 0.025708824396133423 0.020135514438152313 0.029283002018928528
v 0.022628039121627808 0.021824168041348457 0.031573519110679626
v 0.022628039121627808 0.021824168041348457 0.031573519110679626
v 0.025708824396133423 0.020135514438152313 0.029283002018928528
v 0.023664308711886406 0.022459853440523148 0.02928219363093376
v 0.022628039121627808 0.021824168041348457 0.031573519110679626
v 0.023664308711886406 0.022459853440523148 0.02928219363093376
v 0.02229863591492176 0.02377675659954548 0.029283009469509125
v 0.029226800426840782 0.011658071540296078 0.03157352656126022
v 0.029552629217505455 0.013893826864659786 0.029282959178090096
v 0.027994941920042038 0.014404636807739735 0.031573522835969925
v 0.027994941920042038 0.014404636807739735 0.031573522835969925
v 0.029552629217505455 0.013893826864659786 0.029282959178090096
v 0.029076924547553062 0.014874963089823723 0.02928299829363823
v 0.027994941920042038 0.014404636807739735 0.031573522835969925
v 0.029076924547553062 0.014874963089823723 0.02928299829363823
v 0.026362061500549316 0.017220178619027138 0.031573522835969925
v 0.026362061500549316 0.017220178619027138 0.031573522835969925
v 0.029076924547553062 0.014874963089823723 0.02928299829363823
v 0.027517760172486305 0.017605435103178024 0.02928265556693077
v 0.026362061500549316 0.017220178619027138 0.031573522835969925
v 0.027517760172486305 0.017605435103178024 0.02928265556693077
v 0.02541377954185009 0.018580548465251923 0.03157352656126022
v 0.02541377954185009 0.018580548465251923 0.03157352656126022
v 0.027517760172486305 0.017605435103178024 0.02928265556693077
v 0.02635616809129715 0.019291169941425323 0.029282812029123306
v 0.02541377954185009 0.018580548465251923 0.03157352656126022
v 0.02635616809129715 0.019291169941425323 0.029282812029123306
v 0.025708824396133423 0.020135514438152313 0.029283002018928528
v 0.031079385429620743 0.004657167010009289 0.031573522835969925
v 0.03146200254559517 -0.0006024802569299936 0.031573519110679626
v 0.03265942633152008 -0.0006022555753588676 0.02928299270570278
v 0.03265942633152008 -0.0006022555753588676 0.02928299270570278
v 0.032506514340639114 0.0027754351031035185 0.029282964766025543
v 0.031079385429620743 0.004657167010009289 0.031573522835969925
v 0.031079385429620743 0.004657167010009289 0.031573522835969925
v 0.032506514340639114 0.0027754351031035185 0.029282964766025543
v 0.032280463725328445 0.004675765056163073 0.029283206909894943
v 0.031079385429620743 0.004657167010009289 0.031573522835969925
v 0.032280463725328445 0.004675765056163073 0.029283206909894943
v 0.030859364196658134 0.005957859102636576 0.03157352656126022
v 0.030859364196658134 0.005957859102636576 0.03157352656126022
v 0.032280463725328445 0.004675765056163073 0.029283206909894943
v 0.03165989741683006 0.007862108759582043 0.02928311377763748
v 0.030859364196658134 0.005957859102636576 0.03157352656126022
v 0.03165989741683006 0.007862108759582043 0.02928311377763748
v 0.029904840514063835 0.009740994311869144 0.03157351538538933
v 0.029904840514063835 0.009740994311869144 0.03157351538538933
v 0.03165989741683006 0.007862108759582043 0.02928311377763748
v 0.031022384762763977 0.010124118998646736 0.029283050447702408
v 0.029904840514063835 0.009740994311869144 0.03157351538538933
v 0.031022384762763977 0.010124118998646736 0.029283050447702408
v 0.029226800426840782 0.011658071540296078 0.03157352656126022
v 0.029226800426840782 0.011658071540296078 0.03157352656126022
v 0.031022384762763977 0.010124118998646736 0.029283050447702408
v 0.030750354751944542 0.010937110520899296 0.029283100739121437
v 0.029226800426840782 0.011658071540296078 0.03157352656126022
v 0.030750354751944542 0.010937110520899296 0.029283100739121437
v 0.029552629217505455 0.013893826864659786 0.029282959178090096
v 0.03064381703734398 -0.006711436901241541 -0.0035934860352426767
v 0.031166531145572662 -0.006756667513400316 -0.001528016640804708
v 0.030574792996048927 -0.00980704091489315 -0.001588204177096486
v 0.031166531145572662 -0.006756667513400316 -0.001528016640804708
v 0.03064381703734398 -0.006711436901241541 -0.0035934860352426767
v 0.03145948797464371 -0.0036803444381803274 -0.0014569899067282677
v 0.026220116764307022 -0.020683156326413155 0.007239051628857851
v 0.027285687625408173 -0.018731700256466866 0.002657727338373661
v 0.028042064979672432 -0.017817383632063866 0.007239282596856356
v 0.028042064979672432 -0.017817383632063866 0.007239282596856356
v 0.027285687625408173 -0.018731700256466866 0.002657727338373661
v 0.02882714569568634 -0.0159286018460989 0.0026694675907492638
v 0.028042064979672432 -0.017817383632063866 0.007239282596856356
v 0.02882714569568634 -0.0159286018460989 0.0026694675907492638
v 0.029555030167102814 -0.014747577719390392 0.007239161990582943
v 0.029555030167102814 -0.014747577719390392 0.007239161990582943
v 0.02882714569568634 -0.0159286018460989 0.0026694675907492638
v 0.030077647417783737 -0.012990083545446396 0.002694668946787715
v 0.029555030167102814 -0.014747577719390392 0.007239161990582943
v 0.030077647417783737 -0.012990083545446396 0.002694668946787715
v 0.031029200181365013 -0.009955967776477337 0.0027331681922078133
v 0.03168333321809769 -0.006861986126750708 0.002783758332952857
v 0.031650036573410034 -0.00793518777936697 0.0072383275255560875
v 0.031029200181365013 -0.009955967776477337 0.0027331681922078133
v 0.031029200181365013 -0.009955967776477337 0.0027331681922078133
v 0.031650036573410034 -0.00793518777936697 0.0072383275255560875
v 0.030766502022743225 -0.011448890902101994 0.0072385999374091625
v 0.031029200181365013 -0.009955967776477337 0.0027331681922078133
v 0.030766502022743225 -0.011448890902101994 0.0072385999374091625
v 0.029555030167102814 -0.014747577719390392 0.007239161990582943
v 0.03204652667045593 -0.0037370403297245502 0.0028449338860809803
v 0.03217963129281998 -0.004291384015232325 0.007238434627652168
v 0.03168333321809769 -0.006861986126750708 0.002783758332952857
v 0.03168333321809769 -0.006861986126750708 0.002783758332952857
v 0.03217963129281998 -0.004291384015232325 0.007238434627652168
v 0.03203105553984642 -0.0056067840196192265 0.007238378282636404
v 0.03168333321809769 -0.006861986126750708 0.002783758332952857
v 0.03203105553984642 -0.0056067840196192265 0.007238378282636404
v 0.031650036573410034 -0.00793518777936697 0.0072383275255560875
v 0.032352231442928314 -0.0006016697152517736 0.0072382059879601
v 0.032322827726602554 -0.0021510329097509384 0.007238401100039482
v 0.03233148530125618 -0.0006028173957020044 0.006625724025070667
v 0.03233148530125618 -0.0006028173957020044 0.006625724025070667
v 0.032322827726602554 -0.0021510329097509384 0.007238401100039482
v 0.03217963129281998 -0.004291384015232325 0.007238434627652168
v 0.03233148530125618 -0.0006028173957020044 0.006625724025070667
v 0.03217963129281998 -0.004291384015232325 0.007238434627652168
v 0.032122597098350525 -0.0006028790376149118 0.0029159649275243282
v 0.032122597098350525 -0.0006028790376149118 0.0029159649275243282
v 0.03217963129281998 -0.004291384015232325 0.007238434627652168
v 0.03204652667045593 -0.0037370403297245502 0.0028449338860809803
v 0.032122597098350525 -0.0006028790376149118 0.0029159649275243282
v 0.03204652667045593 -0.0037370403297245502 0.0028449338860809803
v 0.03204656392335892 -0.0006025516777299345 0.0021098433062434196
v 0.029921600595116615 -0.006663837004452944 -0.005579051561653614
v 0.02982006035745144 -0.0006013746606186032 -0.006170166190713644
v 0.030853327363729477 -0.0006024818285368383 -0.0036088707856833935
v 0.028143934905529022 -0.0006039122235961258 -0.009336600080132484
v 0.02982006035745144 -0.0006013746606186032 -0.006170166190713644
v 0.028146980330348015 -0.0034131312277168036 -0.009335957467556
v 0.028146980330348015 -0.0034131312277168036 -0.009335957467556
v 0.02982006035745144 -0.0006013746606186032 -0.006170166190713644
v 0.029921600595116615 -0.006663837004452944 -0.005579051561653614
v 0.028146980330348015 -0.0034131312277168036 -0.009335957467556
v 0.029921600595116615 -0.006663837004452944 -0.005579051561653614
v 0.028011083602905273 -0.006549930199980736 -0.009335923939943314
v 0.02770770527422428 -0.008969536982476711 -0.009335932321846485
v 0.029429558664560318 -0.009668523445725441 -0.0056206295266747475
v 0.0276169590651989 -0.00949574913829565 -0.009335929527878761
v 0.0276169590651989 -0.00949574913829565 -0.009335929527878761
v 0.029429558664560318 -0.009668523445725441 -0.0056206295266747475
v 0.028634244576096535 -0.012622433714568615 -0.005654035601764917
v 0.0276169590651989 -0.00949574913829565 -0.009335929527878761
v 0.028634244576096535 -0.012622433714568615 -0.005654035601764917
v 0.02641640417277813 -0.01403950247913599 -0.009335949085652828
v 0.02641640417277813 -0.01403950247913599 -0.009335949085652828
v 0.028634244576096535 -0.012622433714568615 -0.005654035601764917
v 0.02753407135605812 -0.015492689795792103 -0.005674963351339102
v 0.02641640417277813 -0.01403950247913599 -0.009335949085652828
v 0.02753407135605812 -0.015492689795792103 -0.005674963351339102
v 0.025969984009861946 -0.015212023630738258 -0.009335954673588276
v 0.025969984009861946 -0.015212023630738258 -0.009335954673588276
v 0.02753407135605812 -0.015492689795792103 -0.005674963351339102
v 0.026126479730010033 -0.01823132485151291 -0.005681848619133234
v 0.025969984009861946 -0.015212023630738258 -0.009335954673588276
v 0.026126479730010033 -0.01823132485151291 -0.005681848619133234
v 0.024271933361887932 -0.01863798312842846 -0.00933599378913641
v 0.024271933361887932 -0.01863798312842846 -0.00933599378913641
v 0.026126479730010033 -0.01823132485151291 -0.005681848619133234
v 0.023795755580067635 -0.019408969208598137 -0.009336013346910477
v 0.023795755580067635 -0.019408969208598137 -0.009336013346910477
v 0.026126479730010033 -0.01823132485151291 -0.005681848619133234
v 0.024406835436820984 -0.020794842392206192 -0.005673960316926241
v 0.023795755580067635 -0.019408969208598137 -0.009336013346910477
v 0.024406835436820984 -0.020794842392206192 -0.005673960316926241
v 0.02310878597199917 -0.020420335233211517 -0.009336029179394245
v 0.02310878597199917 -0.020420335233211517 -0.009336029179394245
v 0.024406835436820984 -0.020794842392206192 -0.005673960316926241
v 0.022385919466614723 -0.02314314991235733 -0.005652223248034716
v 0.02310878597199917 -0.020420335233211517 -0.009336029179394245
v 0.022385919466614723 -0.02314314991235733 -0.005652223248034716
v 0.021258169785141945 -0.022697221487760544 -0.009336080402135849
v 0.021258169785141945 -0.022697221487760544 -0.009336080402135849
v 0.022385919466614723 -0.02314314991235733 -0.005652223248034716
v 0.02003694511950016 -0.023933498188853264 -0.009336115792393684
v 0.02003694511950016 -0.023933498188853264 -0.009336115792393684
v 0.022385919466614723 -0.02314314991235733 -0.005652223248034716
v 0.020089471712708473 -0.025235343724489212 -0.005619483534246683
v 0.02003694511950016 -0.023933498188853264 -0.009336115792393684
v 0.020089471712708473 -0.025235343724489212 -0.005619483534246683
v 0.019077572971582413 -0.024790465831756592 -0.009336140938103199
v 0.019077572971582413 -0.024790465831756592 -0.009336140938103199
v 0.020089471712708473 -0.025235343724489212 -0.005619483534246683
v 0.01755448803305626 -0.027039311826229095 -0.005578647833317518
v 0.019077572971582413 -0.024790465831756592 -0.009336140938103199
v 0.01755448803305626 -0.027039311826229095 -0.005578647833317518
v 0.015818124637007713 -0.02712189219892025 -0.009336298331618309
v 0.01755448803305626 -0.027039311826229095 -0.005578647833317518
v 0.014825466088950634 -0.028541414067149162 -0.005530909169465303
v 0.015818124637007713 -0.02712189219892025 -0.009336298331618309
v 0.015818124637007713 -0.02712189219892025 -0.009336298331618309
v 0.014825466088950634 -0.028541414067149162 -0.005530909169465303
v 0.011947422288358212 -0.029742930084466934 -0.005476551596075296
v 0.015818124637007713 -0.02712189219892025 -0.009336298331618309
v 0.011947422288358212 -0.029742930084466934 -0.005476551596075296
v 0.011312104761600494 -0.029272375628352165 -0.009336461313068867
v 0.008962479420006275 -0.030645571649074554 -0.005416216794401407
v 0.006223783828318119 -0.030650563538074493 -0.009336806833744049
v 0.011947422288358212 -0.029742930084466934 -0.005476551596075296
v 0.011947422288358212 -0.029742930084466934 -0.005476551596075296
v 0.006223783828318119 -0.030650563538074493 -0.009336806833744049
v 0.010732369497418404 -0.02947937697172165 -0.009336509741842747
v 0.011947422288358212 -0.029742930084466934 -0.005476551596075296
v 0.010732369497418404 -0.02947937697172165 -0.009336509741842747
v 0.011312104761600494 -0.029272375628352165 -0.009336461313068867
v 6.201078122103354e-07 -0.03176988661289215 -0.004645126406103373
v -1.260569320038485e-07 -0.031212743371725082 -0.009337711147964
v 0.002814892213791609 -0.03160306438803673 -0.005278347991406918
v 0.002814892213791609 -0.03160306438803673 -0.005278347991406918
v -1.260569320038485e-07 -0.031212743371725082 -0.009337711147964
v 0.006223783828318119 -0.030650563538074493 -0.009336806833744049
v 0.002814892213791609 -0.03160306438803673 -0.005278347991406918
v 0.006223783828318119 -0.030650563538074493 -0.009336806833744049
v 0.005909048020839691 -0.031258441507816315 -0.005349830724298954
v 0.005909048020839691 -0.031258441507816315 -0.005349830724298954
v 0.006223783828318119 -0.030650563538074493 -0.009336806833744049
v 0.008962479420006275 -0.030645571649074554 -0.005416216794401407
v 1.4986890164436772e-06 -0.032466720789670944 0.007238177116960287
v 1.2537838074422325e-06 -0.03234263136982918 0.003923115786164999
v 0.0004874264996033162 -0.03246751055121422 0.007238331716507673
v 0.0004874264996033162 -0.03246751055121422 0.007238331716507673
v 1.2537838074422325e-06 -0.03234263136982918 0.003923115786164999
v 0.0029074526391923428 -0.0322236493229866 0.0030183340422809124
v 0.031614575535058975 -0.0006024345057085156 -0.0007623916608281434
v 0.03145948797464371 -0.0036803444381803274 -0.0014569899067282677
v 0.030853327363729477 -0.0006024818285368383 -0.0036088707856833935
v 0.030853327363729477 -0.0006024818285368383 -0.0036088707856833935
v 0.03145948797464371 -0.0036803444381803274 -0.0014569899067282677
v 0.03064381703734398 -0.006711436901241541 -0.0035934860352426767
v 0.030853327363729477 -0.0006024818285368383 -0.0036088707856833935
v 0.03064381703734398 -0.006711436901241541 -0.0035934860352426767
v 0.029921600595116615 -0.006663837004452944 -0.005579051561653614
v 0.029921600595116615 -0.006663837004452944 -0.005579051561653614
v 0.03064381703734398 -0.006711436901241541 -0.0035934860352426767
v 0.030574792996048927 -0.00980704091489315 -0.001588204177096486
v 0.031614575535058975 -0.0006024345057085156 -0.0007623916608281434
v 0.03204656392335892 -0.0006025516777299345 0.0021098433062434196
v 0.03145948797464371 -0.0036803444381803274 -0.0014569899067282677
v 0.03145948797464371 -0.0036803444381803274 -0.0014569899067282677
v 0.03204656392335892 -0.0006025516777299345 0.0021098433062434196
v 0.03204652667045593 -0.0037370403297245502 0.0028449338860809803
v 0.03145948797464371 -0.0036803444381803274 -0.0014569899067282677
v 0.03204652667045593 -0.0037370403297245502 0.0028449338860809803
v 0.031166531145572662 -0.006756667513400316 -0.001528016640804708
v 0.031166531145572662 -0.006756667513400316 -0.001528016640804708
v 0.03204652667045593 -0.0037370403297245502 0.0028449338860809803
v 0.03168333321809769 -0.006861986126750708 0.002783758332952857
v 0.031166531145572662 -0.006756667513400316 -0.001528016640804708
v 0.03168333321809769 -0.006861986126750708 0.002783758332952857
v 0.030574792996048927 -0.00980704091489315 -0.001588204177096486
v 0.030574792996048927 -0.00980704091489315 -0.001588204177096486
v 0.03168333321809769 -0.006861986126750708 0.002783758332952857
v 0.031029200181365013 -0.009955967776477337 0.0027331681922078133
v 0.030574792996048927 -0.00980704091489315 -0.001588204177096486
v 0.031029200181365013 -0.009955967776477337 0.0027331681922078133
v 0.029676904901862144 -0.012804104946553707 -0.0016342743765562773
v 0.029676904901862144 -0.012804104946553707 -0.0016342743765562773
v 0.031029200181365013 -0.009955967776477337 0.0027331681922078133
v 0.030077647417783737 -0.012990083545446396 0.002694668946787715
v 0.029676904901862144 -0.012804104946553707 -0.0016342743765562773
v 0.030077647417783737 -0.012990083545446396 0.002694668946787715
v 0.028476065024733543 -0.015712911263108253 -0.0016633959021419287
v 0.028476065024733543 -0.015712911263108253 -0.0016633959021419287
v 0.030077647417783737 -0.012990083545446396 0.002694668946787715
v 0.02882714569568634 -0.0159286018460989 0.0026694675907492638
v 0.028476065024733543 -0.015712911263108253 -0.0016633959021419287
v 0.02882714569568634 -0.0159286018460989 0.0026694675907492638
v 0.02697543427348137 -0.018489066511392593 -0.0016742426669225097
v 0.02697543427348137 -0.018489066511392593 -0.0016742426669225097
v 0.02882714569568634 -0.0159286018460989 0.0026694675907492638
v 0.027285687625408173 -0.018731700256466866 0.002657727338373661
v 0.02697543427348137 -0.018489066511392593 -0.0016742426669225097
v 0.027285687625408173 -0.018731700256466866 0.002657727338373661
v 0.02517019398510456 -0.021089814603328705 -0.0016660100081935525
v 0.01690245047211647 -0.02873869612812996 0.007238093297928572
v 0.01538192667067051 -0.029205255210399628 0.0027799494564533234
v 0.018238715827465057 -0.027705494314432144 0.0027373938355594873
v 0.01690245047211647 -0.02873869612812996 0.007238093297928572
v 0.01583196222782135 -0.02926662378013134 0.007237742189317942
v 0.01538192667067051 -0.029205255210399628 0.0027799494564533234
v 0.01538192667067051 -0.029205255210399628 0.0027799494564533234
v 0.01583196222782135 -0.02926662378013134 0.007237742189317942
v 0.01406951155513525 -0.030025044456124306 0.0072375391609966755
v 0.01538192667067051 -0.029205255210399628 0.0027799494564533234
v 0.01406951155513525 -0.030025044456124306 0.0072375391609966755
v 0.012380369938910007 -0.030396854504942894 0.0028300625272095203
v 0.012380369938910007 -0.030396854504942894 0.0028300625272095203
v 0.01406951155513525 -0.030025044456124306 0.0072375391609966755
v 0.010971428826451302 -0.031063027679920197 0.00723776500672102
v 0.012380369938910007 -0.030396854504942894 0.0028300625272095203
v 0.010971428826451302 -0.031063027679920197 0.00723776500672102
v 0.009276550263166428 -0.03128713741898537 0.002886764006689191
v 0.009276550263166428 -0.03128713741898537 0.002886764006689191
v 0.010971428826451302 -0.031063027679920197 0.00723776500672102
v 0.007680261507630348 -0.03181742504239082 0.00723821809515357
v 0.009276550263166428 -0.03128713741898537 0.002886764006689191
v 0.007680261507630348 -0.03181742504239082 0.00723821809515357
v 0.0061095040291547775 -0.031890545040369034 0.0029496951028704643
v 0.0061095040291547775 -0.031890545040369034 0.0029496951028704643
v 0.007680261507630348 -0.03181742504239082 0.00723821809515357
v 0.006359570659697056 -0.03203324228525162 0.007238408550620079
v 0.0061095040291547775 -0.031890545040369034 0.0029496951028704643
v 0.006359570659697056 -0.03203324228525162 0.007238408550620079
v 0.0029074526391923428 -0.0322236493229866 0.0030183340422809124
v 0.0029074526391923428 -0.0322236493229866 0.0030183340422809124
v 0.006359570659697056 -0.03203324228525162 0.007238408550620079
v 0.004147027153521776 -0.03229447826743126 0.007238616235554218
v 0.0029074526391923428 -0.0322236493229866 0.0030183340422809124
v 0.004147027153521776 -0.03229447826743126 0.007238616235554218
v 0.0004874264996033162 -0.03246751055121422 0.007238331716507673
v 0.02517019398510456 -0.021089814603328705 -0.0016660100081935525
v 0.02544880472123623 -0.021358555182814598 0.002660089638084173
v 0.023065274581313133 -0.02347046509385109 -0.001639964641071856
v 0.023065274581313133 -0.02347046509385109 -0.001639964641071856
v 0.02544880472123623 -0.021358555182814598 0.002660089638084173
v 0.023314379155635834 -0.023760447278618813 0.002675824100151658
v 0.023065274581313133 -0.02347046509385109 -0.001639964641071856
v 0.023314379155635834 -0.023760447278618813 0.002675824100151658
v 0.02068222314119339 -0.025586023926734924 -0.001599385286681354
v 0.02068222314119339 -0.025586023926734924 -0.001599385286681354
v 0.023314379155635834 -0.023760447278618813 0.002675824100151658
v 0.020899485796689987 -0.02588796429336071 0.002702426863834262
v 0.02068222314119339 -0.025586023926734924 -0.001599385286681354
v 0.020899485796689987 -0.02588796429336071 0.002702426863834262
v 0.018056804314255714 -0.027402928099036217 -0.0015476252883672714
v 0.018056804314255714 -0.027402928099036217 -0.0015476252883672714
v 0.020899485796689987 -0.02588796429336071 0.002702426863834262
v 0.018238715827465057 -0.027705494314432144 0.0027373938355594873
v 0.018056804314255714 -0.027402928099036217 -0.0015476252883672714
v 0.018238715827465057 -0.027705494314432144 0.0027373938355594873
v 0.015236366540193558 -0.02891046181321144 -0.0014861907111480832
v 0.015236366540193558 -0.02891046181321144 -0.0014861907111480832
v 0.018238715827465057 -0.027705494314432144 0.0027373938355594873
v 0.01538192667067051 -0.029205255210399628 0.0027799494564533234
v 0.015236366540193558 -0.02891046181321144 -0.0014861907111480832
v 0.01538192667067051 -0.029205255210399628 0.0027799494564533234
v 0.012269463390111923 -0.030113734304904938 -0.0014155146200209856
v 0.012269463390111923 -0.030113734304904938 -0.0014155146200209856
v 0.01538192667067051 -0.029205255210399628 0.0027799494564533234
v 0.012380369938910007 -0.030396854504942894 0.0028300625272095203
v 0.012269463390111923 -0.030113734304904938 -0.0014155146200209856
v 0.012380369938910007 -0.030396854504942894 0.0028300625272095203
v 0.009198392741382122 -0.031015826389193535 -0.001336417393758893
v 0.009198392741382122 -0.031015826389193535 -0.001336417393758893
v 0.012380369938910007 -0.030396854504942894 0.0028300625272095203
v 0.009276550263166428 -0.03128713741898537 0.002886764006689191
v 0.009198392741382122 -0.031015826389193535 -0.001336417393758893
v 0.009276550263166428 -0.03128713741898537 0.002886764006689191
v 0.006061443127691746 -0.031626518815755844 -0.001249108463525772
v 0.006061443127691746 -0.031626518815755844 -0.001249108463525772
v 0.009276550263166428 -0.03128713741898537 0.002886764006689191
v 0.0061095040291547775 -0.031890545040369034 0.0029496951028704643
v 0.006061443127691746 -0.031626518815755844 -0.001249108463525772
v 0.0061095040291547775 -0.031890545040369034 0.0029496951028704643
v 0.0028861775062978268 -0.03196335956454277 -0.0011544228764250875
v 0.0028861775062978268 -0.03196335956454277 -0.0011544228764250875
v 0.0061095040291547775 -0.031890545040369034 0.0029496951028704643
v 0.0029074526391923428 -0.0322236493229866 0.0030183340422809124
v 0.0028861775062978268 -0.03196335956454277 -0.0011544228764250875
v 0.0029074526391923428 -0.0322236493229866 0.0030183340422809124
v 9.367102506985248e-07 -0.03209887444972992 -0.0003649913996923715
v 9.367102506985248e-07 -0.03209887444972992 -0.0003649913996923715
v 0.0029074526391923428 -0.0322236493229866 0.0030183340422809124
v 1.2537838074422325e-06 -0.03234263136982918 0.003923115786164999
v 0.02517019398510456 -0.021089814603328705 -0.0016660100081935525
v 0.027285687625408173 -0.018731700256466866 0.002657727338373661
v 0.02544880472123623 -0.021358555182814598 0.002660089638084173
v 0.02544880472123623 -0.021358555182814598 0.002660089638084173
v 0.027285687625408173 -0.018731700256466866 0.002657727338373661
v 0.026220116764307022 -0.020683156326413155 0.007239051628857851
v 0.02544880472123623 -0.021358555182814598 0.002660089638084173
v 0.026220116764307022 -0.020683156326413155 0.007239051628857851
v 0.023314379155635834 -0.023760447278618813 0.002675824100151658
v 0.023314379155635834 -0.023760447278618813 0.002675824100151658
v 0.026220116764307022 -0.020683156326413155 0.007239051628857851
v 0.02416188083589077 -0.023212535306811333 0.007239451631903648
v 0.023314379155635834 -0.023760447278618813 0.002675824100151658
v 0.02416188083589077 -0.023212535306811333 0.007239451631903648
v 0.020899485796689987 -0.02588796429336071 0.002702426863834262
v 0.020899485796689987 -0.02588796429336071 0.002702426863834262
v 0.02416188083589077 -0.023212535306811333 0.007239451631903648
v 0.021919554099440575 -0.02537643350660801 0.007239824626594782
v 0.020899485796689987 -0.02588796429336071 0.002702426863834262
v 0.021919554099440575 -0.02537643350660801 0.007239824626594782
v 0.018238715827465057 -0.027705494314432144 0.0027373938355594873
v 0.018238715827465057 -0.027705494314432144 0.0027373938355594873
v 0.021919554099440575 -0.02537643350660801 0.007239824626594782
v 0.019502362236380577 -0.027205994352698326 0.007239337079226971
v 0.018238715827465057 -0.027705494314432144 0.0027373938355594873
v 0.019502362236380577 -0.027205994352698326 0.007239337079226971
v 0.01690245047211647 -0.02873869612812996 0.007238093297928572
v 9.367102506985248e-07 -0.03209887444972992 -0.0003649913996923715
v 6.201078122103354e-07 -0.03176988661289215 -0.004645126406103373
v 0.0028861775062978268 -0.03196335956454277 -0.0011544228764250875
v 0.0028861775062978268 -0.03196335956454277 -0.0011544228764250875
v 6.201078122103354e-07 -0.03176988661289215 -0.004645126406103373
v 0.002814892213791609 -0.03160306438803673 -0.005278347991406918
v 0.0028861775062978268 -0.03196335956454277 -0.0011544228764250875
v 0.002814892213791609 -0.03160306438803673 -0.005278347991406918
v 0.006061443127691746 -0.031626518815755844 -0.001249108463525772
v 0.006061443127691746 -0.031626518815755844 -0.001249108463525772
v 0.002814892213791609 -0.03160306438803673 -0.005278347991406918
v 0.005909048020839691 -0.031258441507816315 -0.005349830724298954
v 0.006061443127691746 -0.031626518815755844 -0.001249108463525772
v 0.005909048020839691 -0.031258441507816315 -0.005349830724298954
v 0.009198392741382122 -0.031015826389193535 -0.001336417393758893
v 0.009198392741382122 -0.031015826389193535 -0.001336417393758893
v 0.005909048020839691 -0.031258441507816315 -0.005349830724298954
v 0.008962479420006275 -0.030645571649074554 -0.005416216794401407
v 0.009198392741382122 -0.031015826389193535 -0.001336417393758893
v 0.008962479420006275 -0.030645571649074554 -0.005416216794401407
v 0.012269463390111923 -0.030113734304904938 -0.0014155146200209856
v 0.012269463390111923 -0.030113734304904938 -0.0014155146200209856
v 0.008962479420006275 -0.030645571649074554 -0.005416216794401407
v 0.011947422288358212 -0.029742930084466934 -0.005476551596075296
v 0.012269463390111923 -0.030113734304904938 -0.0014155146200209856
v 0.011947422288358212 -0.029742930084466934 -0.005476551596075296
v 0.015236366540193558 -0.02891046181321144 -0.0014861907111480832
v 0.015236366540193558 -0.02891046181321144 -0.0014861907111480832
v 0.011947422288358212 -0.029742930084466934 -0.005476551596075296
v 0.014825466088950634 -0.028541414067149162 -0.005530909169465303
v 0.015236366540193558 -0.02891046181321144 -0.0014861907111480832
v 0.014825466088950634 -0.028541414067149162 -0.005530909169465303
v 0.018056804314255714 -0.027402928099036217 -0.0015476252883672714
v 0.018056804314255714 -0.027402928099036217 -0.0015476252883672714
v 0.014825466088950634 -0.028541414067149162 -0.005530909169465303
v 0.01755448803305626 -0.027039311826229095 -0.005578647833317518
v 0.018056804314255714 -0.027402928099036217 -0.0015476252883672714
v 0.01755448803305626 -0.027039311826229095 -0.005578647833317518
v 0.02068222314119339 -0.025586023926734924 -0.001599385286681354
v 0.02068222314119339 -0.025586023926734924 -0.001599385286681354
v 0.01755448803305626 -0.027039311826229095 -0.005578647833317518
v 0.020089471712708473 -0.025235343724489212 -0.005619483534246683
v 0.02068222314119339 -0.025586023926734924 -0.001599385286681354
v 0.020089471712708473 -0.025235343724489212 -0.005619483534246683
v 0.023065274581313133 -0.02347046509385109 -0.001639964641071856
v 0.023065274581313133 -0.02347046509385109 -0.001639964641071856
v 0.020089471712708473 -0.025235343724489212 -0.005619483534246683
v 0.022385919466614723 -0.02314314991235733 -0.005652223248034716
v 0.023065274581313133 -0.02347046509385109 -0.001639964641071856
v 0.022385919466614723 -0.02314314991235733 -0.005652223248034716
v 0.02517019398510456 -0.021089814603328705 -0.0016660100081935525
v 0.02517019398510456 -0.021089814603328705 -0.0016660100081935525
v 0.022385919466614723 -0.02314314991235733 -0.005652223248034716
v 0.024406835436820984 -0.020794842392206192 -0.005673960316926241
v 0.02517019398510456 -0.021089814603328705 -0.0016660100081935525
v 0.024406835436820984 -0.020794842392206192 -0.005673960316926241
v 0.02697543427348137 -0.018489066511392593 -0.0016742426669225097
v 0.02697543427348137 -0.018489066511392593 -0.0016742426669225097
v 0.024406835436820984 -0.020794842392206192 -0.005673960316926241
v 0.026126479730010033 -0.01823132485151291 -0.005681848619133234
v 0.02697543427348137 -0.018489066511392593 -0.0016742426669225097
v 0.026126479730010033 -0.01823132485151291 -0.005681848619133234
v 0.028476065024733543 -0.015712911263108253 -0.0016633959021419287
v 0.028476065024733543 -0.015712911263108253 -0.0016633959021419287
v 0.026126479730010033 -0.01823132485151291 -0.005681848619133234
v 0.02753407135605812 -0.015492689795792103 -0.005674963351339102
v 0.028476065024733543 -0.015712911263108253 -0.0016633959021419287
v 0.02753407135605812 -0.015492689795792103 -0.005674963351339102
v 0.029676904901862144 -0.012804104946553707 -0.0016342743765562773
v 0.029676904901862144 -0.012804104946553707 -0.0016342743765562773
v 0.02753407135605812 -0.015492689795792103 -0.005674963351339102
v 0.028634244576096535 -0.012622433714568615 -0.005654035601764917
v 0.029676904901862144 -0.012804104946553707 -0.0016342743765562773
v 0.028634244576096535 -0.012622433714568615 -0.005654035601764917
v 0.030574792996048927 -0.00980704091489315 -0.001588204177096486
v 0.030574792996048927 -0.00980704091489315 -0.001588204177096486
v 0.028634244576096535 -0.012622433714568615 -0.005654035601764917
v 0.029429558664560318 -0.009668523445725441 -0.0056206295266747475
v 0.030574792996048927 -0.00980704091489315 -0.001588204177096486
v 0.029429558664560318 -0.009668523445725441 -0.0056206295266747475
v 0.029921600595116615 -0.006663837004452944 -0.005579051561653614
v 0.029921600595116615 -0.006663837004452944 -0.005579051561653614
v 0.029429558664560318 -0.009668523445725441 -0.0056206295266747475
v 0.02770770527422428 -0.008969536982476711 -0.009335932321846485
v 0.029921600595116615 -0.006663837004452944 -0.005579051561653614
v 0.02770770527422428 -0.008969536982476711 -0.009335932321846485
v 0.028011083602905273 -0.006549930199980736 -0.009335923939943314
v 0.00275898608379066 0.030323157086968422 -0.009337331168353558
v -8.379028031413327e-07 0.030482802540063858 -0.009337544441223145
v 0.00272372760809958 0.030766110867261887 -0.005257168784737587
v 0.00272372760809958 0.030766110867261887 -0.005257168784737587
v -8.379028031413327e-07 0.030482802540063858 -0.009337544441223145
v 6.786258381907828e-07 0.031184442341327667 -0.001968726748600602
v 0.00272372760809958 0.030766110867261887 -0.005257168784737587
v 6.786258381907828e-07 0.031184442341327667 -0.001968726748600602
v 0.0028043948113918304 0.031101567670702934 -0.0011273734271526337
v 0.005807070527225733 0.02981075644493103 -0.009337375871837139
v 0.00869749579578638 0.029467737302184105 -0.00535107497125864
v 0.008836738765239716 0.02893059328198433 -0.00933743640780449
v 0.008836738765239716 0.02893059328198433 -0.00933743640780449
v 0.00869749579578638 0.029467737302184105 -0.00535107497125864
v 0.011581245809793472 0.02836945280432701 -0.0053933169692754745
v 0.008836738765239716 0.02893059328198433 -0.00933743640780449
v 0.011581245809793472 0.02836945280432701 -0.0053933169692754745
v 0.011798806488513947 0.02768608368933201 -0.009337374940514565
v 0.011798806488513947 0.02768608368933201 -0.009337374940514565
v 0.011581245809793472 0.02836945280432701 -0.0053933169692754745
v 0.0143501665443182 0.026990892365574837 -0.0054353331215679646
v 0.011798806488513947 0.02768608368933201 -0.009337374940514565
v 0.0143501665443182 0.026990892365574837 -0.0054353331215679646
v 0.014622059650719166 0.026104331016540527 -0.00933731161057949
v 0.014622059650719166 0.026104331016540527 -0.00933731161057949
v 0.0143501665443182 0.026990892365574837 -0.0054353331215679646
v 0.01697455905377865 0.025354837998747826 -0.00547803146764636
v 0.014622059650719166 0.026104331016540527 -0.00933731161057949
v 0.01697455905377865 0.025354837998747826 -0.00547803146764636
v 0.017261316999793053 0.02421516738831997 -0.009337303228676319
v 0.017261316999793053 0.02421516738831997 -0.009337303228676319
v 0.01697455905377865 0.025354837998747826 -0.00547803146764636
v 0.019427908584475517 0.023476000875234604 -0.005521084181964397
v 0.017261316999793053 0.02421516738831997 -0.009337303228676319
v 0.019427908584475517 0.023476000875234604 -0.005521084181964397
v 0.019695624709129333 0.022029677405953407 -0.009337171912193298
v 0.019427908584475517 0.023476000875234604 -0.005521084181964397
v 0.02168295718729496 0.021368607878684998 -0.0055624935775995255
v 0.019695624709129333 0.022029677405953407 -0.009337171912193298
v 0.019695624709129333 0.022029677405953407 -0.009337171912193298
v 0.02168295718729496 0.021368607878684998 -0.0055624935775995255
v 0.023714929819107056 0.019058454781770706 -0.005599011201411486
v 0.019695624709129333 0.022029677405953407 -0.009337171912193298
v 0.023714929819107056 0.019058454781770706 -0.005599011201411486
v 0.021865496411919594 0.019607244059443474 -0.00933703500777483
v 0.021865496411919594 0.019607244059443474 -0.00933703500777483
v 0.023714929819107056 0.019058454781770706 -0.005599011201411486
v 0.02549983561038971 0.016572466120123863 -0.005626359488815069
v 0.021865496411919594 0.019607244059443474 -0.00933703500777483
v 0.02549983561038971 0.016572466120123863 -0.005626359488815069
v 0.023711152374744415 0.01704268343746662 -0.009337040595710278
v 0.023711152374744415 0.01704268343746662 -0.009337040595710278
v 0.02549983561038971 0.016572466120123863 -0.005626359488815069
v 0.02701287716627121 0.01392793096601963 -0.005639784503728151
v 0.023711152374744415 0.01704268343746662 -0.009337040595710278
v 0.02701287716627121 0.01392793096601963 -0.005639784503728151
v 0.025292983278632164 0.014239628799259663 -0.009336967021226883
v 0.025292983278632164 0.014239628799259663 -0.009336967021226883
v 0.02701287716627121 0.01392793096601963 -0.005639784503728151
v 0.028241129592061043 0.011148970574140549 -0.005636946763843298
v 0.025292983278632164 0.014239628799259663 -0.009336967021226883
v 0.028241129592061043 0.011148970574140549 -0.005636946763843298
v 0.026517881080508232 0.011360920034348965 -0.009336722083389759
v 0.026517881080508232 0.011360920034348965 -0.009336722083389759
v 0.028241129592061043 0.011148970574140549 -0.005636946763843298
v 0.029166357591748238 0.008278636261820793 -0.00561635522171855
v 0.026517881080508232 0.011360920034348965 -0.009336722083389759
v 0.029166357591748238 0.008278636261820793 -0.00561635522171855
v 0.02739522233605385 0.008481227792799473 -0.009336931630969048
v 0.02975691854953766 0.005344687961041927 -0.0055761029943823814
v 0.027963314205408096 0.005288051441311836 -0.00933698657900095
v 0.027916189283132553 0.00567852845415473 -0.009337015450000763
v 0.02982006035745144 -0.0006013746606186032 -0.006170166190713644
v 0.028143934905529022 -0.0006039122235961258 -0.009336600080132484
v 0.02975691854953766 0.005344687961041927 -0.0055761029943823814
v 0.02975691854953766 0.005344687961041927 -0.0055761029943823814
v 0.028143934905529022 -0.0006039122235961258 -0.009336600080132484
v 0.028147030621767044 0.0022047555539757013 -0.009335960261523724
v 0.02975691854953766 0.005344687961041927 -0.0055761029943823814
v 0.028147030621767044 0.0022047555539757013 -0.009335960261523724
v 0.027963314205408096 0.005288051441311836 -0.00933698657900095
v 0.030853327363729477 -0.0006024818285368383 -0.0036088707856833935
v 0.02982006035745144 -0.0006013746606186032 -0.006170166190713644
v 0.03043857403099537 0.005399481859058142 -0.0035690045915544033
v 0.03043857403099537 0.005399481859058142 -0.0035690045915544033
v 0.02982006035745144 -0.0006013746606186032 -0.006170166190713644
v 0.02975691854953766 0.005344687961041927 -0.0055761029943823814
v 0.03043857403099537 0.005399481859058142 -0.0035690045915544033
v 0.02975691854953766 0.005344687961041927 -0.0055761029943823814
v 0.029166357591748238 0.008278636261820793 -0.00561635522171855
v 0.029166357591748238 0.008278636261820793 -0.00561635522171855
v 0.02975691854953766 0.005344687961041927 -0.0055761029943823814
v 0.027916189283132553 0.00567852845415473 -0.009337015450000763
v 0.029166357591748238 0.008278636261820793 -0.00561635522171855
v 0.027916189283132553 0.00567852845415473 -0.009337015450000763
v 0.02739522233605385 0.008481227792799473 -0.009336931630969048
v 0.031614575535058975 -0.0006024345057085156 -0.0007623916608281434
v 0.030954647809267044 0.0054686847142875195 -0.0014866222627460957
v 0.03195584937930107 0.002521797316148877 0.0028772386722266674
v 0.03233148530125618 -0.0006028173957020044 0.006625724025070667
v 0.032122597098350525 -0.0006028790376149118 0.0029159649275243282
v 0.03195584937930107 0.002521797316148877 0.0028772386722266674
v 0.03195584937930107 0.002521797316148877 0.0028772386722266674
v 0.032122597098350525 -0.0006028790376149118 0.0029159649275243282
v 0.03204656392335892 -0.0006025516777299345 0.0021098433062434196
v 0.03195584937930107 0.002521797316148877 0.0028772386722266674
v 0.03204656392335892 -0.0006025516777299345 0.0021098433062434196
v 0.031614575535058975 -0.0006024345057085156 -0.0007623916608281434
v 0.0321667417883873 0.0030358002986758947 0.007238550577312708
v 0.0315433144569397 0.005629128310829401 0.0028291295748203993
v 0.03164499253034592 0.00642808573320508 0.007238649297505617
v 0.03164499253034592 0.00642808573320508 0.007238649297505617
v 0.0315433144569397 0.005629128310829401 0.0028291295748203993
v 0.030832678079605103 0.00869451928883791 0.0027860035188496113
v 0.03164499253034592 0.00642808573320508 0.007238649297505617
v 0.030832678079605103 0.00869451928883791 0.0027860035188496113
v 0.030786871910095215 0.009728184901177883 0.007238411344587803
v 0.030786871910095215 0.009728184901177883 0.007238411344587803
v 0.030832678079605103 0.00869451928883791 0.0027860035188496113
v 0.029814928770065308 0.011692124418914318 0.002755817724391818
v 0.030786871910095215 0.009728184901177883 0.007238411344587803
v 0.029814928770065308 0.011692124418914318 0.002755817724391818
v 0.029595283791422844 0.012918000109493732 0.007238374091684818
v 0.029595283791422844 0.012918000109493732 0.007238374091684818
v 0.029814928770065308 0.011692124418914318 0.002755817724391818
v 0.02850249595940113 0.014588982798159122 0.0027414183132350445
v 0.029595283791422844 0.012918000109493732 0.007238374091684818
v 0.02850249595940113 0.014588982798159122 0.0027414183132350445
v 0.02892962656915188 0.014356064610183239 0.007238446269184351
v 0.02892962656915188 0.014356064610183239 0.007238446269184351
v 0.02850249595940113 0.014588982798159122 0.0027414183132350445
v 0.028086842969059944 0.015953706577420235 0.00723838759586215
v 0.028086842969059944 0.015953706577420235 0.00723838759586215
v 0.02850249595940113 0.014588982798159122 0.0027414183132350445
v 0.026908112689852715 0.017344964668154716 0.0027417021337896585
v 0.028086842969059944 0.015953706577420235 0.00723838759586215
v 0.026908112689852715 0.017344964668154716 0.0027417021337896585
v 0.026307739317417145 0.018762631341814995 0.0072377813048660755
v 0.026307739317417145 0.018762631341814995 0.0072377813048660755
v 0.026908112689852715 0.017344964668154716 0.0027417021337896585
v 0.025040749460458755 0.019935214892029762 0.0027547318022698164
v 0.026307739317417145 0.018762631341814995 0.0072377813048660755
v 0.025040749460458755 0.019935214892029762 0.0027547318022698164
v 0.024295538663864136 0.021312901750206947 0.00723784975707531
v 0.024295538663864136 0.021312901750206947 0.00723784975707531
v 0.025040749460458755 0.019935214892029762 0.0027547318022698164
v 0.02291221171617508 0.02233000658452511 0.0027778251096606255
v 0.024295538663864136 0.021312901750206947 0.00723784975707531
v 0.02291221171617508 0.02233000658452511 0.0027778251096606255
v 0.022065294906497 0.023597007617354393 0.007238459307700396
v 0.022065294906497 0.023597007617354393 0.007238459307700396
v 0.02291221171617508 0.02233000658452511 0.0027778251096606255
v 0.020538216456770897 0.024487795308232307 0.002807465149089694
v 0.022065294906497 0.023597007617354393 0.007238459307700396
v 0.020538216456770897 0.024487795308232307 0.002807465149089694
v 0.0195807833224535 0.02563697285950184 0.007238761056214571
v 0.0195807833224535 0.02563697285950184 0.007238761056214571
v 0.020538216456770897 0.024487795308232307 0.002807465149089694
v 0.017941230908036232 0.026372145861387253 0.0028405964840203524
v 0.0195807833224535 0.02563697285950184 0.007238761056214571
v 0.017941230908036232 0.026372145861387253 0.0028405964840203524
v 0.016792738810181618 0.0274377278983593 0.0072385030798614025
v 0.016792738810181618 0.0274377278983593 0.0072385030798614025
v 0.017941230908036232 0.026372145861387253 0.0028405964840203524
v 0.015153252519667149 0.027968084439635277 0.0028758328408002853
v 0.016792738810181618 0.0274377278983593 0.0072385030798614025
v 0.015153252519667149 0.027968084439635277 0.0028758328408002853
v 0.013753443025052547 0.02895147167146206 0.007238517981022596
v 0.013753443025052547 0.02895147167146206 0.007238517981022596
v 0.015153252519667149 0.027968084439635277 0.0028758328408002853
v 0.012212577275931835 0.029272543266415596 0.002912428230047226
v 0.013753443025052547 0.02895147167146206 0.007238517981022596
v 0.012212577275931835 0.029272543266415596 0.002912428230047226
v 0.010466928593814373 0.030164018273353577 0.0072374651208519936
v 0.0028043948113918304 0.031101567670702934 -0.0011273734271526337
v 0.0035140784457325935 0.031557563692331314 0.007236797828227282
v 0.007006388623267412 0.03103981353342533 0.0072361477650702
v 0.0028043948113918304 0.031101567670702934 -0.0011273734271526337
v 6.786258381907828e-07 0.031184442341327667 -0.001968726748600602
v 0.0035140784457325935 0.031557563692331314 0.007236797828227282
v 0.0035140784457325935 0.031557563692331314 0.007236797828227282
v 6.786258381907828e-07 0.031184442341327667 -0.001968726748600602
v 1.0176777323067654e-06 0.031499363481998444 0.0026322598569095135
v 0.0035140784457325935 0.031557563692331314 0.007236797828227282
v 1.0176777323067654e-06 0.031499363481998444 0.0026322598569095135
v 1.3993608263263013e-06 0.03172856196761131 0.00723838759586215
v 0.00275898608379066 0.030323157086968422 -0.009337331168353558
v 0.00272372760809958 0.030766110867261887 -0.005257168784737587
v 0.005734603852033615 0.030271470546722412 -0.005306670442223549
v 0.005734603852033615 0.030271470546722412 -0.005306670442223549
v 0.00272372760809958 0.030766110867261887 -0.005257168784737587
v 0.0028043948113918304 0.031101567670702934 -0.0011273734271526337
v 0.005734603852033615 0.030271470546722412 -0.005306670442223549
v 0.0028043948113918304 0.031101567670702934 -0.0011273734271526337
v 0.0059113469906151295 0.03064054623246193 -0.0011923444690182805
v 0.0059113469906151295 0.03064054623246193 -0.0011923444690182805
v 0.0028043948113918304 0.031101567670702934 -0.0011273734271526337
v 0.007006388623267412 0.03103981353342533 0.0072361477650702
v 0.0059113469906151295 0.03064054623246193 -0.0011923444690182805
v 0.007006388623267412 0.03103981353342533 0.0072361477650702
v 0.010466928593814373 0.030164018273353577 0.0072374651208519936
v 0.031614575535058975 -0.0006024345057085156 -0.0007623916608281434
v 0.030853327363729477 -0.0006024818285368383 -0.0036088707856833935
v 0.030954647809267044 0.0054686847142875195 -0.0014866222627460957
v 0.030954647809267044 0.0054686847142875195 -0.0014866222627460957
v 0.030853327363729477 -0.0006024818285368383 -0.0036088707856833935
v 0.03043857403099537 0.005399481859058142 -0.0035690045915544033
v 0.030954647809267044 0.0054686847142875195 -0.0014866222627460957
v 0.03043857403099537 0.005399481859058142 -0.0035690045915544033
v 0.030286438763141632 0.008462773635983467 -0.0015408804174512625
v 0.030286438763141632 0.008462773635983467 -0.0015408804174512625
v 0.03043857403099537 0.005399481859058142 -0.0035690045915544033
v 0.029166357591748238 0.008278636261820793 -0.00561635522171855
v 0.030286438763141632 0.008462773635983467 -0.0015408804174512625
v 0.029166357591748238 0.008278636261820793 -0.00561635522171855
v 0.029297757893800735 0.011394068598747253 -0.0015747025609016418
v 0.029297757893800735 0.011394068598747253 -0.0015747025609016418
v 0.029166357591748238 0.008278636261820793 -0.00561635522171855
v 0.028241129592061043 0.011148970574140549 -0.005636946763843298
v 0.029297757893800735 0.011394068598747253 -0.0015747025609016418
v 0.028241129592061043 0.011148970574140549 -0.005636946763843298
v 0.02800741232931614 0.014232037588953972 -0.0015856751706451178
v 0.02800741232931614 0.014232037588953972 -0.0015856751706451178
v 0.028241129592061043 0.011148970574140549 -0.005636946763843298
v 0.02701287716627121 0.01392793096601963 -0.005639784503728151
v 0.02800741232931614 0.014232037588953972 -0.0015856751706451178
v 0.02701287716627121 0.01392793096601963 -0.005639784503728151
v 0.02643117494881153 0.01693461276590824 -0.0015757655492052436
v 0.02643117494881153 0.01693461276590824 -0.0015757655492052436
v 0.02701287716627121 0.01392793096601963 -0.005639784503728151
v 0.02549983561038971 0.016572466120123863 -0.005626359488815069
v 0.02643117494881153 0.01693461276590824 -0.0015757655492052436
v 0.02549983561038971 0.016572466120123863 -0.005626359488815069
v 0.02458089403808117 0.01947627030313015 -0.0015484608011320233
v 0.02458089403808117 0.01947627030313015 -0.0015484608011320233
v 0.02549983561038971 0.016572466120123863 -0.005626359488815069
v 0.023714929819107056 0.019058454781770706 -0.005599011201411486
v 0.02458089403808117 0.01947627030313015 -0.0015484608011320233
v 0.023714929819107056 0.019058454781770706 -0.005599011201411486
v 0.022474905475974083 0.021832706406712532 -0.0015084551414474845
v 0.022474905475974083 0.021832706406712532 -0.0015084551414474845
v 0.023714929819107056 0.019058454781770706 -0.005599011201411486
v 0.02168295718729496 0.021368607878684998 -0.0055624935775995255
v 0.022474905475974083 0.021832706406712532 -0.0015084551414474845
v 0.02168295718729496 0.021368607878684998 -0.0055624935775995255
v 0.020133523270487785 0.023969514295458794 -0.0014607704943045974
v 0.020133523270487785 0.023969514295458794 -0.0014607704943045974
v 0.02168295718729496 0.021368607878684998 -0.0055624935775995255
v 0.019427908584475517 0.023476000875234604 -0.005521084181964397
v 0.020133523270487785 0.023969514295458794 -0.0014607704943045974
v 0.019427908584475517 0.023476000875234604 -0.005521084181964397
v 0.017581138759851456 0.025855490937829018 -0.0014095648657530546
v 0.017581138759851456 0.025855490937829018 -0.0014095648657530546
v 0.019427908584475517 0.023476000875234604 -0.005521084181964397
v 0.01697455905377865 0.025354837998747826 -0.00547803146764636
v 0.017581138759851456 0.025855490937829018 -0.0014095648657530546
v 0.01697455905377865 0.025354837998747826 -0.00547803146764636
v 0.01484830491244793 0.027475658804178238 -0.0013571188319474459
v 0.01484830491244793 0.027475658804178238 -0.0013571188319474459
v 0.01697455905377865 0.025354837998747826 -0.00547803146764636
v 0.0143501665443182 0.026990892365574837 -0.0054353331215679646
v 0.01484830491244793 0.027475658804178238 -0.0013571188319474459
v 0.0143501665443182 0.026990892365574837 -0.0054353331215679646
v 0.011968362145125866 0.02882164530456066 -0.0013041929341852665
v 0.011968362145125866 0.02882164530456066 -0.0013041929341852665
v 0.0143501665443182 0.026990892365574837 -0.0054353331215679646
v 0.011581245809793472 0.02836945280432701 -0.0053933169692754745
v 0.011968362145125866 0.02882164530456066 -0.0013041929341852665
v 0.011581245809793472 0.02836945280432701 -0.0053933169692754745
v 0.00897667184472084 0.029878908768296242 -0.001250161905772984
v 0.00897667184472084 0.029878908768296242 -0.001250161905772984
v 0.011581245809793472 0.02836945280432701 -0.0053933169692754745
v 0.00869749579578638 0.029467737302184105 -0.00535107497125864
v 0.032352231442928314 -0.0006016697152517736 0.0072382059879601
v 0.03233148530125618 -0.0006028173957020044 0.006625724025070667
v 0.0321667417883873 0.0030358002986758947 0.007238550577312708
v 0.0321667417883873 0.0030358002986758947 0.007238550577312708
v 0.03233148530125618 -0.0006028173957020044 0.006625724025070667
v 0.03195584937930107 0.002521797316148877 0.0028772386722266674
v 0.0321667417883873 0.0030358002986758947 0.007238550577312708
v 0.03195584937930107 0.002521797316148877 0.0028772386722266674
v 0.0315433144569397 0.005629128310829401 0.0028291295748203993
v 0.0315433144569397 0.005629128310829401 0.0028291295748203993
v 0.03195584937930107 0.002521797316148877 0.0028772386722266674
v 0.030954647809267044 0.0054686847142875195 -0.0014866222627460957
v 0.0315433144569397 0.005629128310829401 0.0028291295748203993
v 0.030954647809267044 0.0054686847142875195 -0.0014866222627460957
v 0.030832678079605103 0.00869451928883791 0.0027860035188496113
v 0.030832678079605103 0.00869451928883791 0.0027860035188496113
v 0.030954647809267044 0.0054686847142875195 -0.0014866222627460957
v 0.030286438763141632 0.008462773635983467 -0.0015408804174512625
v 0.030832678079605103 0.00869451928883791 0.0027860035188496113
v 0.030286438763141632 0.008462773635983467 -0.0015408804174512625
v 0.029814928770065308 0.011692124418914318 0.002755817724391818
v 0.029814928770065308 0.011692124418914318 0.002755817724391818
v 0.030286438763141632 0.008462773635983467 -0.0015408804174512625
v 0.029297757893800735 0.011394068598747253 -0.0015747025609016418
v 0.029814928770065308 0.011692124418914318 0.002755817724391818
v 0.029297757893800735 0.011394068598747253 -0.0015747025609016418
v 0.02850249595940113 0.014588982798159122 0.0027414183132350445
v 0.02850249595940113 0.014588982798159122 0.0027414183132350445
v 0.029297757893800735 0.011394068598747253 -0.0015747025609016418
v 0.02800741232931614 0.014232037588953972 -0.0015856751706451178
v 0.02850249595940113 0.014588982798159122 0.0027414183132350445
v 0.02800741232931614 0.014232037588953972 -0.0015856751706451178
v 0.026908112689852715 0.017344964668154716 0.0027417021337896585
v 0.026908112689852715 0.017344964668154716 0.0027417021337896585
v 0.02800741232931614 0.014232037588953972 -0.0015856751706451178
v 0.02643117494881153 0.01693461276590824 -0.0015757655492052436
v 0.026908112689852715 0.017344964668154716 0.0027417021337896585
v 0.02643117494881153 0.01693461276590824 -0.0015757655492052436
v 0.025040749460458755 0.019935214892029762 0.0027547318022698164
v 0.025040749460458755 0.019935214892029762 0.0027547318022698164
v 0.02643117494881153 0.01693461276590824 -0.0015757655492052436
v 0.02458089403808117 0.01947627030313015 -0.0015484608011320233
v 0.025040749460458755 0.019935214892029762 0.0027547318022698164
v 0.02458089403808117 0.01947627030313015 -0.0015484608011320233
v 0.02291221171617508 0.02233000658452511 0.0027778251096606255
v 0.02291221171617508 0.02233000658452511 0.0027778251096606255
v 0.02458089403808117 0.01947627030313015 -0.0015484608011320233
v 0.022474905475974083 0.021832706406712532 -0.0015084551414474845
v 0.02291221171617508 0.02233000658452511 0.0027778251096606255
v 0.022474905475974083 0.021832706406712532 -0.0015084551414474845
v 0.020538216456770897 0.024487795308232307 0.002807465149089694
v 0.020538216456770897 0.024487795308232307 0.002807465149089694
v 0.022474905475974083 0.021832706406712532 -0.0015084551414474845
v 0.020133523270487785 0.023969514295458794 -0.0014607704943045974
v 0.020538216456770897 0.024487795308232307 0.002807465149089694
v 0.020133523270487785 0.023969514295458794 -0.0014607704943045974
v 0.017941230908036232 0.026372145861387253 0.0028405964840203524
v 0.017941230908036232 0.026372145861387253 0.0028405964840203524
v 0.020133523270487785 0.023969514295458794 -0.0014607704943045974
v 0.017581138759851456 0.025855490937829018 -0.0014095648657530546
v 0.017941230908036232 0.026372145861387253 0.0028405964840203524
v 0.017581138759851456 0.025855490937829018 -0.0014095648657530546
v 0.015153252519667149 0.027968084439635277 0.0028758328408002853
v 0.015153252519667149 0.027968084439635277 0.0028758328408002853
v 0.017581138759851456 0.025855490937829018 -0.0014095648657530546
v 0.01484830491244793 0.027475658804178238 -0.0013571188319474459
v 0.015153252519667149 0.027968084439635277 0.0028758328408002853
v 0.01484830491244793 0.027475658804178238 -0.0013571188319474459
v 0.012212577275931835 0.029272543266415596 0.002912428230047226
v 0.012212577275931835 0.029272543266415596 0.002912428230047226
v 0.01484830491244793 0.027475658804178238 -0.0013571188319474459
v 0.011968362145125866 0.02882164530456066 -0.0013041929341852665
v 0.012212577275931835 0.029272543266415596 0.002912428230047226
v 0.011968362145125866 0.02882164530456066 -0.0013041929341852665
v 0.010466928593814373 0.030164018273353577 0.0072374651208519936
v 0.010466928593814373 0.030164018273353577 0.0072374651208519936
v 0.011968362145125866 0.02882164530456066 -0.0013041929341852665
v 0.00897667184472084 0.029878908768296242 -0.001250161905772984
v 0.010466928593814373 0.030164018273353577 0.0072374651208519936
v 0.00897667184472084 0.029878908768296242 -0.001250161905772984
v 0.0059113469906151295 0.03064054623246193 -0.0011923444690182805
v 0.0059113469906151295 0.03064054623246193 -0.0011923444690182805
v 0.00897667184472084 0.029878908768296242 -0.001250161905772984
v 0.00869749579578638 0.029467737302184105 -0.00535107497125864
v 0.0059113469906151295 0.03064054623246193 -0.0011923444690182805
v 0.00869749579578638 0.029467737302184105 -0.00535107497125864
v 0.005734603852033615 0.030271470546722412 -0.005306670442223549
v 0.005734603852033615 0.030271470546722412 -0.005306670442223549
v 0.00869749579578638 0.029467737302184105 -0.00535107497125864
v 0.005807070527225733 0.02981075644493103 -0.009337375871837139
v 0.005734603852033615 0.030271470546722412 -0.005306670442223549
v 0.005807070527225733 0.02981075644493103 -0.009337375871837139
v 0.00275898608379066 0.030323157086968422 -0.009337331168353558
v 0.027963314205408096 0.005288051441311836 -0.00933698657900095
v 0.028147030621767044 0.0022047555539757013 -0.009335960261523724
v 0.021079961210489273 0.002207114128395915 -0.02157590165734291
v -2.8209453830640996e-06 0.02818484418094158 -0.023033617064356804
v -4.3891574819099333e-07 0.029268786311149597 -0.017161846160888672
v 0.002309507690370083 0.02935784123837948 -0.016161426901817322
v -2.8209453830640996e-06 0.02818484418094158 -0.023033617064356804
v 0.002309507690370083 0.02935784123837948 -0.016161426901817322
v 0.0031153764575719833 0.02802227810025215 -0.023034991696476936
v 0.0031153764575719833 0.02802227810025215 -0.023034991696476936
v 0.002309507690370083 0.02935784123837948 -0.016161426901817322
v 0.004849255550652742 0.02901403047144413 -0.01615980826318264
v 0.0031153764575719833 0.02802227810025215 -0.023034991696476936
v 0.004849255550652742 0.02901403047144413 -0.01615980826318264
v 0.005673502571880817 0.027573905885219574 -0.023035190999507904
v 0.004849255550652742 0.02901403047144413 -0.01615980826318264
v 0.007336553186178207 0.02839951030910015 -0.016158457845449448
v 0.005673502571880817 0.027573905885219574 -0.023035190999507904
v 0.005673502571880817 0.027573905885219574 -0.023035190999507904
v 0.007336553186178207 0.02839951030910015 -0.016158457845449448
v 0.009741759859025478 0.027504969388246536 -0.016157222911715508
v 0.005673502571880817 0.027573905885219574 -0.023035190999507904
v 0.009741759859025478 0.027504969388246536 -0.016157222911715508
v 0.007997142150998116 0.026856910437345505 -0.023035459220409393
v 0.019337281584739685 0.019271036610007286 -0.016150958836078644
v 0.015432736836373806 0.021132688969373703 -0.023036185652017593
v 0.017815938219428062 0.021330539137125015 -0.016152210533618927
v 0.017815938219428062 0.021330539137125015 -0.016152210533618927
v 0.015432736836373806 0.021132688969373703 -0.023036185652017593
v 0.01390607375651598 0.022962339222431183 -0.023036038503050804
v 0.017815938219428062 0.021330539137125015 -0.016152210533618927
v 0.01390607375651598 0.022962339222431183 -0.023036038503050804
v 0.016083260998129845 0.023217186331748962 -0.016153473407030106
v 0.016083260998129845 0.023217186331748962 -0.016153473407030106
v 0.01390607375651598 0.022962339222431183 -0.023036038503050804
v 0.012141966260969639 0.024547044187784195 -0.023035928606987
v 0.016083260998129845 0.023217186331748962 -0.016153473407030106
v 0.012141966260969639 0.024547044187784195 -0.023035928606987
v 0.014148770831525326 0.024893905967473984 -0.016154732555150986
v 0.014148770831525326 0.024893905967473984 -0.016154732555150986
v 0.012141966260969639 0.024547044187784195 -0.023035928606987
v 0.010096317157149315 0.025885984301567078 -0.02303575538098812
v 0.014148770831525326 0.024893905967473984 -0.016154732555150986
v 0.010096317157149315 0.025885984301567078 -0.02303575538098812
v 0.012026170268654823 0.02633100003004074 -0.016155986115336418
v 0.018643109127879143 0.014457584358751774 -0.023036351427435875
v 0.01808222383260727 0.016111791133880615 -0.023036370053887367
v 0.019361145794391632 0.01660889759659767 -0.019593020901083946
v 0.019361145794391632 0.01660889759659767 -0.019593020901083946
v 0.01808222383260727 0.016111791133880615 -0.023036370053887367
v 0.01786513812839985 0.01666933298110962 -0.023036381229758263
v 0.02333127334713936 0.00987948291003704 -0.01614675670862198
v 0.019975809380412102 0.007582608610391617 -0.023036450147628784
v 0.021002989262342453 0.011979244649410248 -0.019591785967350006
v 0.021002989262342453 0.011979244649410248 -0.019591785967350006
v 0.019975809380412102 0.007582608610391617 -0.023036450147628784
v 0.019487721845507622 0.010977047495543957 -0.023036515340209007
v 0.021002989262342453 0.011979244649410248 -0.019591785967350006
v 0.019487721845507622 0.010977047495543957 -0.023036515340209007
v 0.019361145794391632 0.01660889759659767 -0.019593020901083946
v 0.019361145794391632 0.01660889759659767 -0.019593020901083946
v 0.019487721845507622 0.010977047495543957 -0.023036515340209007
v 0.0187802966684103 0.013993220403790474 -0.023036353290081024
v 0.019361145794391632 0.01660889759659767 -0.019593020901083946
v 0.0187802966684103 0.013993220403790474 -0.023036353290081024
v 0.018643109127879143 0.014457584358751774 -0.023036351427435875
v 0.020235616713762283 0.0022066128440201283 -0.023036258295178413
v 0.020213434472680092 0.0037551638670265675 -0.023036526516079903
v 0.023823091760277748 0.007353468332439661 -0.016146035864949226
v 0.020235616713762283 0.0022066128440201283 -0.023036258295178413
v 0.023823091760277748 0.007353468332439661 -0.016146035864949226
v 0.021079961210489273 0.002207114128395915 -0.02157590165734291
v 0.021079961210489273 0.002207114128395915 -0.02157590165734291
v 0.023823091760277748 0.007353468332439661 -0.016146035864949226
v 0.027916189283132553 0.00567852845415473 -0.009337015450000763
v 0.021079961210489273 0.002207114128395915 -0.02157590165734291
v 0.027916189283132553 0.00567852845415473 -0.009337015450000763
v 0.027963314205408096 0.005288051441311836 -0.00933698657900095
v 0.020213434472680092 0.0037551638670265675 -0.023036526516079903
v 0.019975809380412102 0.007582608610391617 -0.023036450147628784
v 0.023823091760277748 0.007353468332439661 -0.016146035864949226
v 0.023823091760277748 0.007353468332439661 -0.016146035864949226
v 0.019975809380412102 0.007582608610391617 -0.023036450147628784
v 0.02333127334713936 0.00987948291003704 -0.01614675670862198
v 0.023823091760277748 0.007353468332439661 -0.016146035864949226
v 0.02333127334713936 0.00987948291003704 -0.01614675670862198
v 0.027916189283132553 0.00567852845415473 -0.009337015450000763
v 0.027916189283132553 0.00567852845415473 -0.009337015450000763
v 0.02333127334713936 0.00987948291003704 -0.01614675670862198
v 0.02739522233605385 0.008481227792799473 -0.009336931630969048
v 0.02739522233605385 0.008481227792799473 -0.009336931630969048
v 0.022638222202658653 0.012355875223875046 -0.016147637739777565
v 0.026517881080508232 0.011360920034348965 -0.009336722083389759
v 0.026517881080508232 0.011360920034348965 -0.009336722083389759
v 0.022638222202658653 0.012355875223875046 -0.016147637739777565
v 0.021742185577750206 0.01476269494742155 -0.016148649156093597
v 0.026517881080508232 0.011360920034348965 -0.009336722083389759
v 0.021742185577750206 0.01476269494742155 -0.016148649156093597
v 0.025292983278632164 0.014239628799259663 -0.009336967021226883
v 0.025292983278632164 0.014239628799259663 -0.009336967021226883
v 0.021742185577750206 0.01476269494742155 -0.016148649156093597
v 0.020644158124923706 0.017073802649974823 -0.01614976115524769
v 0.025292983278632164 0.014239628799259663 -0.009336967021226883
v 0.020644158124923706 0.017073802649974823 -0.01614976115524769
v 0.023711152374744415 0.01704268343746662 -0.009337040595710278
v 0.023711152374744415 0.01704268343746662 -0.009337040595710278
v 0.020644158124923706 0.017073802649974823 -0.01614976115524769
v 0.019337281584739685 0.019271036610007286 -0.016150958836078644
v 0.023711152374744415 0.01704268343746662 -0.009337040595710278
v 0.019337281584739685 0.019271036610007286 -0.016150958836078644
v 0.021865496411919594 0.019607244059443474 -0.00933703500777483
v 0.021865496411919594 0.019607244059443474 -0.00933703500777483
v 0.019337281584739685 0.019271036610007286 -0.016150958836078644
v 0.017815938219428062 0.021330539137125015 -0.016152210533618927
v 0.021865496411919594 0.019607244059443474 -0.00933703500777483
v 0.017815938219428062 0.021330539137125015 -0.016152210533618927
v 0.019695624709129333 0.022029677405953407 -0.009337171912193298
v 0.019695624709129333 0.022029677405953407 -0.009337171912193298
v 0.017815938219428062 0.021330539137125015 -0.016152210533618927
v 0.016083260998129845 0.023217186331748962 -0.016153473407030106
v 0.019695624709129333 0.022029677405953407 -0.009337171912193298
v 0.016083260998129845 0.023217186331748962 -0.016153473407030106
v 0.017261316999793053 0.02421516738831997 -0.009337303228676319
v 0.017261316999793053 0.02421516738831997 -0.009337303228676319
v 0.016083260998129845 0.023217186331748962 -0.016153473407030106
v 0.014148770831525326 0.024893905967473984 -0.016154732555150986
v 0.017261316999793053 0.02421516738831997 -0.009337303228676319
v 0.014148770831525326 0.024893905967473984 -0.016154732555150986
v 0.014622059650719166 0.026104331016540527 -0.00933731161057949
v 0.014622059650719166 0.026104331016540527 -0.00933731161057949
v 0.014148770831525326 0.024893905967473984 -0.016154732555150986
v 0.012026170268654823 0.02633100003004074 -0.016155986115336418
v 0.014622059650719166 0.026104331016540527 -0.00933731161057949
v 0.012026170268654823 0.02633100003004074 -0.016155986115336418
v 0.011798806488513947 0.02768608368933201 -0.009337374940514565
v 0.010096317157149315 0.025885984301567078 -0.02303575538098812
v 0.007997142150998116 0.026856910437345505 -0.023035459220409393
v 0.012026170268654823 0.02633100003004074 -0.016155986115336418
v 0.012026170268654823 0.02633100003004074 -0.016155986115336418
v 0.007997142150998116 0.026856910437345505 -0.023035459220409393
v 0.009741759859025478 0.027504969388246536 -0.016157222911715508
v 0.012026170268654823 0.02633100003004074 -0.016155986115336418
v 0.009741759859025478 0.027504969388246536 -0.016157222911715508
v 0.011798806488513947 0.02768608368933201 -0.009337374940514565
v 0.011798806488513947 0.02768608368933201 -0.009337374940514565
v 0.009741759859025478 0.027504969388246536 -0.016157222911715508
v 0.007336553186178207 0.02839951030910015 -0.016158457845449448
v 0.011798806488513947 0.02768608368933201 -0.009337374940514565
v 0.007336553186178207 0.02839951030910015 -0.016158457845449448
v 0.008836738765239716 0.02893059328198433 -0.00933743640780449
v 0.008836738765239716 0.02893059328198433 -0.00933743640780449
v 0.007336553186178207 0.02839951030910015 -0.016158457845449448
v 0.004849255550652742 0.02901403047144413 -0.01615980826318264
v 0.008836738765239716 0.02893059328198433 -0.00933743640780449
v 0.004849255550652742 0.02901403047144413 -0.01615980826318264
v 0.005807070527225733 0.02981075644493103 -0.009337375871837139
v 0.005807070527225733 0.02981075644493103 -0.009337375871837139
v 0.004849255550652742 0.02901403047144413 -0.01615980826318264
v 0.002309507690370083 0.02935784123837948 -0.016161426901817322
v 0.005807070527225733 0.02981075644493103 -0.009337375871837139
v 0.002309507690370083 0.02935784123837948 -0.016161426901817322
v 0.00275898608379066 0.030323157086968422 -0.009337331168353558
v 0.00275898608379066 0.030323157086968422 -0.009337331168353558
v 0.002309507690370083 0.02935784123837948 -0.016161426901817322
v -4.3891574819099333e-07 0.029268786311149597 -0.017161846160888672
v 0.00275898608379066 0.030323157086968422 -0.009337331168353558
v -4.3891574819099333e-07 0.029268786311149597 -0.017161846160888672
v -8.379028031413327e-07 0.030482802540063858 -0.009337544441223145
v 0.02739522233605385 0.008481227792799473 -0.009336931630969048
v 0.02333127334713936 0.00987948291003704 -0.01614675670862198
v 0.022638222202658653 0.012355875223875046 -0.016147637739777565
v 0.022638222202658653 0.012355875223875046 -0.016147637739777565
v 0.02333127334713936 0.00987948291003704 -0.01614675670862198
v 0.021002989262342453 0.011979244649410248 -0.019591785967350006
v 0.022638222202658653 0.012355875223875046 -0.016147637739777565
v 0.021002989262342453 0.011979244649410248 -0.019591785967350006
v 0.021742185577750206 0.01476269494742155 -0.016148649156093597
v 0.021742185577750206 0.01476269494742155 -0.016148649156093597
v 0.021002989262342453 0.011979244649410248 -0.019591785967350006
v 0.019361145794391632 0.01660889759659767 -0.019593020901083946
v 0.021742185577750206 0.01476269494742155 -0.016148649156093597
v 0.019361145794391632 0.01660889759659767 -0.019593020901083946
v 0.020644158124923706 0.017073802649974823 -0.01614976115524769
v 0.020644158124923706 0.017073802649974823 -0.01614976115524769
v 0.019361145794391632 0.01660889759659767 -0.019593020901083946
v 0.01786513812839985 0.01666933298110962 -0.023036381229758263
v 0.020644158124923706 0.017073802649974823 -0.01614976115524769
v 0.01786513812839985 0.01666933298110962 -0.023036381229758263
v 0.019337281584739685 0.019271036610007286 -0.016150958836078644
v 0.019337281584739685 0.019271036610007286 -0.016150958836078644
v 0.01786513812839985 0.01666933298110962 -0.023036381229758263
v 0.016750482842326164 0.019039569422602654 -0.023036330938339233
v 0.019337281584739685 0.019271036610007286 -0.016150958836078644
v 0.016750482842326164 0.019039569422602654 -0.023036330938339233
v 0.015432736836373806 0.021132688969373703 -0.023036185652017593
v 0.03245197981595993 -0.000601503939833492 0.011095503345131874
v 0.032352231442928314 -0.0006016697152517736 0.0072382059879601
v 0.0321667417883873 0.0030358002986758947 0.007238550577312708
v 3.1441973078472074e-06 0.032149963080883026 0.029282987117767334
v 0.003377859480679035 0.03197815641760826 0.029282547533512115
v 2.130033635694417e-06 0.03202524781227112 0.017720147967338562
v 2.130033635694417e-06 0.03202524781227112 0.017720147967338562
v 0.003377859480679035 0.03197815641760826 0.029282547533512115
v 0.0035140784457325935 0.031557563692331314 0.007236797828227282
v 2.130033635694417e-06 0.03202524781227112 0.017720147967338562
v 0.0035140784457325935 0.031557563692331314 0.007236797828227282
v 1.3993608263263013e-06 0.03172856196761131 0.00723838759586215
v 0.003377859480679035 0.03197815641760826 0.029282547533512115
v 0.004014076665043831 0.031908076256513596 0.029282400384545326
v 0.0035140784457325935 0.031557563692331314 0.007236797828227282
v 0.0035140784457325935 0.031557563692331314 0.007236797828227282
v 0.004014076665043831 0.031908076256513596 0.029282400384545326
v 0.00530976802110672 0.03172840178012848 0.029282046481966972
v 0.0035140784457325935 0.031557563692331314 0.007236797828227282
v 0.00530976802110672 0.03172840178012848 0.029282046481966972
v 0.007006388623267412 0.03103981353342533 0.0072361477650702
v 0.00530976802110672 0.03172840178012848 0.029282046481966972
v 0.006212064530700445 0.031573835760354996 0.02928191050887108
v 0.007006388623267412 0.03103981353342533 0.0072361477650702
v 0.007006388623267412 0.03103981353342533 0.0072361477650702
v 0.006212064530700445 0.031573835760354996 0.02928191050887108
v 0.00729227252304554 0.03135654702782631 0.02928205206990242
v 0.007006388623267412 0.03103981353342533 0.0072361477650702
v 0.00729227252304554 0.03135654702782631 0.02928205206990242
v 0.010466928593814373 0.030164018273353577 0.0072374651208519936
v 0.00729227252304554 0.03135654702782631 0.02928205206990242
v 0.010503941215574741 0.030495474115014076 0.02928273379802704
v 0.010466928593814373 0.030164018273353577 0.0072374651208519936
v 0.010466928593814373 0.030164018273353577 0.0072374651208519936
v 0.010503941215574741 0.030495474115014076 0.02928273379802704
v 0.01361667551100254 0.029328688979148865 0.02928304485976696
v 0.010466928593814373 0.030164018273353577 0.0072374651208519936
v 0.01361667551100254 0.029328688979148865 0.02928304485976696
v 0.013753443025052547 0.02895147167146206 0.007238517981022596
v 0.013753443025052547 0.02895147167146206 0.007238517981022596
v 0.01361667551100254 0.029328688979148865 0.02928304485976696
v 0.014350080862641335 0.029001208022236824 0.029283029958605766
v 0.014350080862641335 0.029001208022236824 0.029283029958605766
v 0.015083164907991886 0.028652165085077286 0.02928301692008972
v 0.013753443025052547 0.02895147167146206 0.007238517981022596
v 0.013753443025052547 0.02895147167146206 0.007238517981022596
v 0.015083164907991886 0.028652165085077286 0.02928301692008972
v 0.017193542793393135 0.027516715228557587 0.029283227398991585
v 0.013753443025052547 0.02895147167146206 0.007238517981022596
v 0.017193542793393135 0.027516715228557587 0.029283227398991585
v 0.016792738810181618 0.0274377278983593 0.0072385030798614025
v 0.016792738810181618 0.0274377278983593 0.0072385030798614025
v 0.017193542793393135 0.027516715228557587 0.029283227398991585
v 0.019844528287649155 0.0257757268846035 0.029283205047249794
v 0.016792738810181618 0.0274377278983593 0.0072385030798614025
v 0.019844528287649155 0.0257757268846035 0.029283205047249794
v 0.0195807833224535 0.02563697285950184 0.007238761056214571
v 0.0195807833224535 0.02563697285950184 0.007238761056214571
v 0.019844528287649155 0.0257757268846035 0.029283205047249794
v 0.02229863591492176 0.02377675659954548 0.029283009469509125
v 0.0195807833224535 0.02563697285950184 0.007238761056214571
v 0.02229863591492176 0.02377675659954548 0.029283009469509125
v 0.022065294906497 0.023597007617354393 0.007238459307700396
v 0.02229863591492176 0.02377675659954548 0.029283009469509125
v 0.023664308711886406 0.022459853440523148 0.02928219363093376
v 0.022065294906497 0.023597007617354393 0.007238459307700396
v 0.022065294906497 0.023597007617354393 0.007238459307700396
v 0.023664308711886406 0.022459853440523148 0.02928219363093376
v 0.025708824396133423 0.020135514438152313 0.029283002018928528
v 0.022065294906497 0.023597007617354393 0.007238459307700396
v 0.025708824396133423 0.020135514438152313 0.029283002018928528
v 0.024295538663864136 0.021312901750206947 0.00723784975707531
v 0.024295538663864136 0.021312901750206947 0.00723784975707531
v 0.025708824396133423 0.020135514438152313 0.029283002018928528
v 0.02635616809129715 0.019291169941425323 0.029282812029123306
v 0.024295538663864136 0.021312901750206947 0.00723784975707531
v 0.02635616809129715 0.019291169941425323 0.029282812029123306
v 0.026307739317417145 0.018762631341814995 0.0072377813048660755
v 0.026307739317417145 0.018762631341814995 0.0072377813048660755
v 0.02635616809129715 0.019291169941425323 0.029282812029123306
v 0.027517760172486305 0.017605435103178024 0.02928265556693077
v 0.026307739317417145 0.018762631341814995 0.0072377813048660755
v 0.027517760172486305 0.017605435103178024 0.02928265556693077
v 0.028086842969059944 0.015953706577420235 0.00723838759586215
v 0.028086842969059944 0.015953706577420235 0.00723838759586215
v 0.027517760172486305 0.017605435103178024 0.02928265556693077
v 0.029076924547553062 0.014874963089823723 0.02928299829363823
v 0.028086842969059944 0.015953706577420235 0.00723838759586215
v 0.029076924547553062 0.014874963089823723 0.02928299829363823
v 0.02892962656915188 0.014356064610183239 0.007238446269184351
v 0.02892962656915188 0.014356064610183239 0.007238446269184351
v 0.029076924547553062 0.014874963089823723 0.02928299829363823
v 0.029595283791422844 0.012918000109493732 0.007238374091684818
v 0.029595283791422844 0.012918000109493732 0.007238374091684818
v 0.029076924547553062 0.014874963089823723 0.02928299829363823
v 0.029552629217505455 0.013893826864659786 0.029282959178090096
v 0.029595283791422844 0.012918000109493732 0.007238374091684818
v 0.029552629217505455 0.013893826864659786 0.029282959178090096
v 0.030786871910095215 0.009728184901177883 0.007238411344587803
v 0.03165989741683006 0.007862108759582043 0.02928311377763748
v 0.03164499253034592 0.00642808573320508 0.007238649297505617
v 0.031022384762763977 0.010124118998646736 0.029283050447702408
v 0.031022384762763977 0.010124118998646736 0.029283050447702408
v 0.03164499253034592 0.00642808573320508 0.007238649297505617
v 0.030786871910095215 0.009728184901177883 0.007238411344587803
v 0.031022384762763977 0.010124118998646736 0.029283050447702408
v 0.030786871910095215 0.009728184901177883 0.007238411344587803
v 0.030750354751944542 0.010937110520899296 0.029283100739121437
v 0.030750354751944542 0.010937110520899296 0.029283100739121437
v 0.030786871910095215 0.009728184901177883 0.007238411344587803
v 0.029552629217505455 0.013893826864659786 0.029282959178090096
v 0.03165989741683006 0.007862108759582043 0.02928311377763748
v 0.032280463725328445 0.004675765056163073 0.029283206909894943
v 0.03164499253034592 0.00642808573320508 0.007238649297505617
v 0.03164499253034592 0.00642808573320508 0.007238649297505617
v 0.032280463725328445 0.004675765056163073 0.029283206909894943
v 0.032506514340639114 0.0027754351031035185 0.029282964766025543
v 0.03164499253034592 0.00642808573320508 0.007238649297505617
v 0.032506514340639114 0.0027754351031035185 0.029282964766025543
v 0.0321667417883873 0.0030358002986758947 0.007238550577312708
v 0.0321667417883873 0.0030358002986758947 0.007238550577312708
v 0.032506514340639114 0.0027754351031035185 0.029282964766025543
v 0.03265942633152008 -0.0006022555753588676 0.02928299270570278
v 0.0321667417883873 0.0030358002986758947 0.007238550577312708
v 0.03265942633152008 -0.0006022555753588676 0.02928299270570278
v 0.03245197981595993 -0.000601503939833492 0.011095503345131874
v 0.03245197981595993 -0.000601503939833492 0.011095503345131874
v 0.03265942633152008 -0.0006022555753588676 0.02928299270570278
v 0.0325058214366436 -0.004136088769882917 0.029283100739121437
v 0.032352231442928314 -0.0006016697152517736 0.0072382059879601
v 0.03245197981595993 -0.000601503939833492 0.011095503345131874
v 0.032322827726602554 -0.0021510329097509384 0.007238401100039482
v 0.032322827726602554 -0.0021510329097509384 0.007238401100039482
v 0.03245197981595993 -0.000601503939833492 0.011095503345131874
v 0.0325058214366436 -0.004136088769882917 0.029283100739121437
v 0.032322827726602554 -0.0021510329097509384 0.007238401100039482
v 0.0325058214366436 -0.004136088769882917 0.029283100739121437
v 0.03217963129281998 -0.004291384015232325 0.007238434627652168
v 0.03217963129281998 -0.004291384015232325 0.007238434627652168
v 0.0325058214366436 -0.004136088769882917 0.029283100739121437
v 0.03239869698882103 -0.005194235127419233 0.02928277663886547
v 0.03217963129281998 -0.004291384015232325 0.007238434627652168
v 0.03239869698882103 -0.005194235127419233 0.02928277663886547
v 0.03203105553984642 -0.0056067840196192265 0.007238378282636404
v 0.03239869698882103 -0.005194235127419233 0.02928277663886547
v 0.03203575313091278 -0.007659990340471268 0.029282664880156517
v 0.03203105553984642 -0.0056067840196192265 0.007238378282636404
v 0.03203105553984642 -0.0056067840196192265 0.007238378282636404
v 0.03203575313091278 -0.007659990340471268 0.029282664880156517
v 0.031710535287857056 -0.009269488044083118 0.02928297035396099
v 0.03203105553984642 -0.0056067840196192265 0.007238378282636404
v 0.031710535287857056 -0.009269488044083118 0.02928297035396099
v 0.031650036573410034 -0.00793518777936697 0.0072383275255560875
v 0.031710535287857056 -0.009269488044083118 0.02928297035396099
v 0.031324565410614014 -0.01083400659263134 0.02928338199853897
v 0.031650036573410034 -0.00793518777936697 0.0072383275255560875
v 0.031650036573410034 -0.00793518777936697 0.0072383275255560875
v 0.031324565410614014 -0.01083400659263134 0.02928338199853897
v 0.03080177679657936 -0.012600383721292019 0.029284168034791946
v 0.031650036573410034 -0.00793518777936697 0.0072383275255560875
v 0.03080177679657936 -0.012600383721292019 0.029284168034791946
v 0.030766502022743225 -0.011448890902101994 0.0072385999374091625
v 0.030766502022743225 -0.011448890902101994 0.0072385999374091625
v 0.03080177679657936 -0.012600383721292019 0.029284168034791946
v 0.02960740216076374 -0.015776626765727997 0.029284922406077385
v 0.030766502022743225 -0.011448890902101994 0.0072385999374091625
v 0.02960740216076374 -0.015776626765727997 0.029284922406077385
v 0.029555030167102814 -0.014747577719390392 0.007239161990582943
v 0.029555030167102814 -0.014747577719390392 0.007239161990582943
v 0.02960740216076374 -0.015776626765727997 0.029284922406077385
v 0.028132665902376175 -0.018768224865198135 0.02928200364112854
v 0.029555030167102814 -0.014747577719390392 0.007239161990582943
v 0.028132665902376175 -0.018768224865198135 0.02928200364112854
v 0.028042064979672432 -0.017817383632063866 0.007239282596856356
v 0.028042064979672432 -0.017817383632063866 0.007239282596856356
v 0.028132665902376175 -0.018768224865198135 0.02928200364112854
v 0.026220116764307022 -0.020683156326413155 0.007239051628857851
v 0.026220116764307022 -0.020683156326413155 0.007239051628857851
v 0.028132665902376175 -0.018768224865198135 0.02928200364112854
v 0.027209216728806496 -0.020313335582613945 0.02928243950009346
v 0.026220116764307022 -0.020683156326413155 0.007239051628857851
v 0.027209216728806496 -0.020313335582613945 0.02928243950009346
v 0.026753494516015053 -0.021006209775805473 0.02928289584815502
v 0.026753494516015053 -0.021006209775805473 0.02928289584815502
v 0.02492084726691246 -0.023429015651345253 0.029282724484801292
v 0.026220116764307022 -0.020683156326413155 0.007239051628857851
v 0.026220116764307022 -0.020683156326413155 0.007239051628857851
v 0.02492084726691246 -0.023429015651345253 0.029282724484801292
v 0.02287910506129265 -0.02559254877269268 0.02928313799202442
v 0.026220116764307022 -0.020683156326413155 0.007239051628857851
v 0.02287910506129265 -0.02559254877269268 0.02928313799202442
v 0.02416188083589077 -0.023212535306811333 0.007239451631903648
v 0.02416188083589077 -0.023212535306811333 0.007239451631903648
v 0.02287910506129265 -0.02559254877269268 0.02928313799202442
v 0.020614562556147575 -0.02749990113079548 0.029282916337251663
v 0.02416188083589077 -0.023212535306811333 0.007239451631903648
v 0.020614562556147575 -0.02749990113079548 0.029282916337251663
v 0.021919554099440575 -0.02537643350660801 0.007239824626594782
v 0.021919554099440575 -0.02537643350660801 0.007239824626594782
v 0.020614562556147575 -0.02749990113079548 0.029282916337251663
v 0.019085532054305077 -0.02855793945491314 0.029283899813890457
v 0.021919554099440575 -0.02537643350660801 0.007239824626594782
v 0.019085532054305077 -0.02855793945491314 0.029283899813890457
v 0.019502362236380577 -0.027205994352698326 0.007239337079226971
v 0.019502362236380577 -0.027205994352698326 0.007239337079226971
v 0.019085532054305077 -0.02855793945491314 0.029283899813890457
v 0.01690245047211647 -0.02873869612812996 0.007238093297928572
v 0.01690245047211647 -0.02873869612812996 0.007238093297928572
v 0.019085532054305077 -0.02855793945491314 0.029283899813890457
v 0.0182504840195179 -0.029068997129797935 0.029284020885825157
v 0.01690245047211647 -0.02873869612812996 0.007238093297928572
v 0.0182504840195179 -0.029068997129797935 0.029284020885825157
v 0.01583196222782135 -0.02926662378013134 0.007237742189317942
v 0.01583196222782135 -0.02926662378013134 0.007237742189317942
v 0.0182504840195179 -0.029068997129797935 0.029284020885825157
v 0.0156969353556633 -0.030377689749002457 0.02928258292376995
v 0.01583196222782135 -0.02926662378013134 0.007237742189317942
v 0.0156969353556633 -0.030377689749002457 0.02928258292376995
v 0.01406951155513525 -0.030025044456124306 0.0072375391609966755
v 0.01406951155513525 -0.030025044456124306 0.0072375391609966755
v 0.0156969353556633 -0.030377689749002457 0.02928258292376995
v 0.014085532166063786 -0.031030764803290367 0.029283776879310608
v 0.01406951155513525 -0.030025044456124306 0.0072375391609966755
v 0.014085532166063786 -0.031030764803290367 0.029283776879310608
v 0.010971428826451302 -0.031063027679920197 0.00723776500672102
v 0.014085532166063786 -0.031030764803290367 0.029283776879310608
v 0.01128580141812563 -0.031897518783807755 0.029283326119184494
v 0.010971428826451302 -0.031063027679920197 0.00723776500672102
v 0.010971428826451302 -0.031063027679920197 0.00723776500672102
v 0.01128580141812563 -0.031897518783807755 0.029283326119184494
v 0.008356978185474873 -0.03250139206647873 0.02928316220641136
v 0.010971428826451302 -0.031063027679920197 0.00723776500672102
v 0.008356978185474873 -0.03250139206647873 0.02928316220641136
v 0.007680261507630348 -0.03181742504239082 0.00723821809515357
v 0.007680261507630348 -0.03181742504239082 0.00723821809515357
v 0.008356978185474873 -0.03250139206647873 0.02928316220641136
v 0.006359570659697056 -0.03203324228525162 0.007238408550620079
v 1.9296921891509555e-06 -0.03263036161661148 0.013072369620203972
v 1.4986890164436772e-06 -0.032466720789670944 0.007238177116960287
v 0.0004874264996033162 -0.03246751055121422 0.007238331716507673
v 0.008356978185474873 -0.03250139206647873 0.02928316220641136
v 0.006140712182968855 -0.03279447555541992 0.02928292192518711
v 0.006359570659697056 -0.03203324228525162 0.007238408550620079
v 0.006359570659697056 -0.03203324228525162 0.007238408550620079
v 0.006140712182968855 -0.03279447555541992 0.02928292192518711
v 0.005293962080031633 -0.032876625657081604 0.029282938688993454
v 0.006359570659697056 -0.03203324228525162 0.007238408550620079
v 0.005293962080031633 -0.032876625657081604 0.029282938688993454
v 0.004147027153521776 -0.03229447826743126 0.007238616235554218
v 0.004147027153521776 -0.03229447826743126 0.007238616235554218
v 0.005293962080031633 -0.032876625657081604 0.029282938688993454
v 0.004323826637119055 -0.03295356035232544 0.02928309328854084
v 0.004147027153521776 -0.03229447826743126 0.007238616235554218
v 0.004323826637119055 -0.03295356035232544 0.02928309328854084
v 0.0004874264996033162 -0.03246751055121422 0.007238331716507673
v 0.0004874264996033162 -0.03246751055121422 0.007238331716507673
v 0.004323826637119055 -0.03295356035232544 0.02928309328854084
v 3.495959617794142e-06 -0.03310637176036835 0.029283015057444572
v 0.0004874264996033162 -0.03246751055121422 0.007238331716507673
v 3.495959617794142e-06 -0.03310637176036835 0.029283015057444572
v 1.9296921891509555e-06 -0.03263036161661148 0.013072369620203972
v 0.0073004006408154964 -0.02900349535048008 -0.016239434480667114
v 0.004815336316823959 -0.029534069821238518 -0.016232231631875038
v 0.003194655291736126 -0.027921486645936966 -0.023036710917949677
v -4.614981889972114e-07 -0.029180288314819336 -0.019216541200876236
v -1.3314109992279555e-06 -0.028106490150094032 -0.02303628996014595
v 0.003194655291736126 -0.027921486645936966 -0.023036710917949677
v 0.01913047768175602 -0.023127369582653046 -0.012753470800817013
v 0.01799945905804634 -0.02246052399277687 -0.016225241124629974
v 0.019555164501070976 -0.020443076267838478 -0.016216376796364784
v 0.006223783828318119 -0.030650563538074493 -0.009336806833744049
v 0.005060079973191023 -0.03022654727101326 -0.012756033800542355
v 0.010229887440800667 -0.028892898932099342 -0.012763334438204765
v 0.006223783828318119 -0.030650563538074493 -0.009336806833744049
v 0.010229887440800667 -0.028892898932099342 -0.012763334438204765
v 0.010732369497418404 -0.02947937697172165 -0.009336509741842747
v 0.010732369497418404 -0.02947937697172165 -0.009336509741842747
v 0.010229887440800667 -0.028892898932099342 -0.012763334438204765
v 0.012691131792962551 -0.027841566130518913 -0.01276350300759077
v 0.010732369497418404 -0.02947937697172165 -0.009336509741842747
v 0.012691131792962551 -0.027841566130518913 -0.01276350300759077
v 0.011312104761600494 -0.029272375628352165 -0.009336461313068867
v 0.011312104761600494 -0.029272375628352165 -0.009336461313068867
v 0.012691131792962551 -0.027841566130518913 -0.01276350300759077
v 0.015017770230770111 -0.026526153087615967 -0.012761702761054039
v 0.011312104761600494 -0.029272375628352165 -0.009336461313068867
v 0.015017770230770111 -0.026526153087615967 -0.012761702761054039
v 0.015818124637007713 -0.02712189219892025 -0.009336298331618309
v 0.015818124637007713 -0.02712189219892025 -0.009336298331618309
v 0.015017770230770111 -0.026526153087615967 -0.012761702761054039
v 0.01717403531074524 -0.02494995668530464 -0.012758243829011917
v 0.015818124637007713 -0.02712189219892025 -0.009336298331618309
v 0.01717403531074524 -0.02494995668530464 -0.012758243829011917
v 0.019077572971582413 -0.024790465831756592 -0.009336140938103199
v 0.019077572971582413 -0.024790465831756592 -0.009336140938103199
v 0.01717403531074524 -0.02494995668530464 -0.012758243829011917
v 0.01913047768175602 -0.023127369582653046 -0.012753470800817013
v 0.019077572971582413 -0.024790465831756592 -0.009336140938103199
v 0.01913047768175602 -0.023127369582653046 -0.012753470800817013
v 0.02003694511950016 -0.023933498188853264 -0.009336115792393684
v 0.02003694511950016 -0.023933498188853264 -0.009336115792393684
v 0.01913047768175602 -0.023127369582653046 -0.012753470800817013
v 0.019555164501070976 -0.020443076267838478 -0.016216376796364784
v 0.02003694511950016 -0.023933498188853264 -0.009336115792393684
v 0.019555164501070976 -0.020443076267838478 -0.016216376796364784
v 0.021258169785141945 -0.022697221487760544 -0.009336080402135849
v 0.021258169785141945 -0.022697221487760544 -0.009336080402135849
v 0.019555164501070976 -0.020443076267838478 -0.016216376796364784
v 0.02310878597199917 -0.020420335233211517 -0.009336029179394245
v 0.02310878597199917 -0.020420335233211517 -0.009336029179394245
v 0.019555164501070976 -0.020443076267838478 -0.016216376796364784
v 0.02087090164422989 -0.018261484801769257 -0.016206568107008934
v 0.02310878597199917 -0.020420335233211517 -0.009336029179394245
v 0.02087090164422989 -0.018261484801769257 -0.016206568107008934
v 0.023795755580067635 -0.019408969208598137 -0.009336013346910477
v 0.024271933361887932 -0.01863798312842846 -0.00933599378913641
v 0.021949807181954384 -0.01594923809170723 -0.01619618944823742
v 0.025969984009861946 -0.015212023630738258 -0.009335954673588276
v 0.025969984009861946 -0.015212023630738258 -0.009335954673588276
v 0.021949807181954384 -0.01594923809170723 -0.01619618944823742
v 0.02280278690159321 -0.013536560349166393 -0.01618555374443531
v 0.028011083602905273 -0.006549930199980736 -0.009335923939943314
v 0.02770770527422428 -0.008969536982476711 -0.009335932321846485
v 0.023876186460256577 -0.008532137610018253 -0.016164550557732582
v 0.023876186460256577 -0.008532137610018253 -0.016164550557732582
v 0.02770770527422428 -0.008969536982476711 -0.009335932321846485
v 0.0276169590651989 -0.00949574913829565 -0.009335929527878761
v 0.023876186460256577 -0.008532137610018253 -0.016164550557732582
v 0.0276169590651989 -0.00949574913829565 -0.009335929527878761
v 0.02280278690159321 -0.013536560349166393 -0.01618555374443531
v 0.02280278690159321 -0.013536560349166393 -0.01618555374443531
v 0.0276169590651989 -0.00949574913829565 -0.009335929527878761
v 0.02641640417277813 -0.01403950247913599 -0.009335949085652828
v 0.02280278690159321 -0.013536560349166393 -0.01618555374443531
v 0.02641640417277813 -0.01403950247913599 -0.009335949085652828
v 0.025969984009861946 -0.015212023630738258 -0.009335954673588276
v 0.020075151696801186 -0.007469009608030319 -0.02303641475737095
v 0.020235618576407433 -0.003412294667214155 -0.023036256432533264
v 0.025395972654223442 -0.0034126017708331347 -0.01409970037639141
v 0.021949807181954384 -0.01594923809170723 -0.01619618944823742
v 0.01963943801820278 -0.010911700315773487 -0.023036763072013855
v 0.02280278690159321 -0.013536560349166393 -0.01618555374443531
v 0.02280278690159321 -0.013536560349166393 -0.01618555374443531
v 0.01963943801820278 -0.010911700315773487 -0.023036763072013855
v 0.020075151696801186 -0.007469009608030319 -0.02303641475737095
v 0.02280278690159321 -0.013536560349166393 -0.01618555374443531
v 0.020075151696801186 -0.007469009608030319 -0.02303641475737095
v 0.023876186460256577 -0.008532137610018253 -0.016164550557732582
v 0.023876186460256577 -0.008532137610018253 -0.016164550557732582
v 0.020075151696801186 -0.007469009608030319 -0.02303641475737095
v 0.025395972654223442 -0.0034126017708331347 -0.01409970037639141
v 0.023876186460256577 -0.008532137610018253 -0.016164550557732582
v 0.025395972654223442 -0.0034126017708331347 -0.01409970037639141
v 0.028011083602905273 -0.006549930199980736 -0.009335923939943314
v 0.028011083602905273 -0.006549930199980736 -0.009335923939943314
v 0.025395972654223442 -0.0034126017708331347 -0.01409970037639141
v 0.028146980330348015 -0.0034131312277168036 -0.009335957467556
v 0.01805087924003601 -0.016667447984218597 -0.023036876693367958
v 0.018579022958874702 -0.015219285152852535 -0.023036738857626915
v 0.021949807181954384 -0.01594923809170723 -0.01619618944823742
v 0.021949807181954384 -0.01594923809170723 -0.01619618944823742
v 0.018579022958874702 -0.015219285152852535 -0.023036738857626915
v 0.01895466446876526 -0.013981765136122704 -0.023036673665046692
v 0.021949807181954384 -0.01594923809170723 -0.01619618944823742
v 0.01895466446876526 -0.013981765136122704 -0.023036673665046692
v 0.01963943801820278 -0.010911700315773487 -0.023036763072013855
v -1.260569320038485e-07 -0.031212743371725082 -0.009337711147964
v 1.4094052858126815e-07 -0.03094266727566719 -0.01110916119068861
v 0.0024081673473119736 -0.030544014647603035 -0.01274836715310812
v 0.0024081673473119736 -0.030544014647603035 -0.01274836715310812
v 1.4094052858126815e-07 -0.03094266727566719 -0.01110916119068861
v -1.74593154156355e-07 -0.030118299648165703 -0.015361088328063488
v -1.74593154156355e-07 -0.030118299648165703 -0.015361088328063488
v 0.002292727353051305 -0.02983449585735798 -0.01622037962079048
v 0.0024081673473119736 -0.030544014647603035 -0.01274836715310812
v 0.0024081673473119736 -0.030544014647603035 -0.01274836715310812
v 0.002292727353051305 -0.02983449585735798 -0.01622037962079048
v 0.005060079973191023 -0.03022654727101326 -0.012756033800542355
v 0.0024081673473119736 -0.030544014647603035 -0.01274836715310812
v 0.005060079973191023 -0.03022654727101326 -0.012756033800542355
v -1.260569320038485e-07 -0.031212743371725082 -0.009337711147964
v -1.260569320038485e-07 -0.031212743371725082 -0.009337711147964
v 0.005060079973191023 -0.03022654727101326 -0.012756033800542355
v 0.006223783828318119 -0.030650563538074493 -0.009336806833744049
v 0.01799945905804634 -0.02246052399277687 -0.016225241124629974
v 0.01913047768175602 -0.023127369582653046 -0.012753470800817013
v 0.016213925555348396 -0.024275384843349457 -0.016232773661613464
v 0.016213925555348396 -0.024275384843349457 -0.016232773661613464
v 0.01913047768175602 -0.023127369582653046 -0.012753470800817013
v 0.01717403531074524 -0.02494995668530464 -0.012758243829011917
v 0.016213925555348396 -0.024275384843349457 -0.016232773661613464
v 0.01717403531074524 -0.02494995668530464 -0.012758243829011917
v 0.01421895157545805 -0.025852974504232407 -0.016238529235124588
v 0.01421895157545805 -0.025852974504232407 -0.016238529235124588
v 0.01717403531074524 -0.02494995668530464 -0.012758243829011917
v 0.015017770230770111 -0.026526153087615967 -0.012761702761054039
v 0.01421895157545805 -0.025852974504232407 -0.016238529235124588
v 0.015017770230770111 -0.026526153087615967 -0.012761702761054039
v 0.012042224407196045 -0.027171090245246887 -0.016241928562521935
v 0.012042224407196045 -0.027171090245246887 -0.016241928562521935
v 0.015017770230770111 -0.026526153087615967 -0.012761702761054039
v 0.012691131792962551 -0.027841566130518913 -0.01276350300759077
v 0.012042224407196045 -0.027171090245246887 -0.016241928562521935
v 0.012691131792962551 -0.027841566130518913 -0.01276350300759077
v 0.009721542708575726 -0.02822071686387062 -0.016242433339357376
v 0.009721542708575726 -0.02822071686387062 -0.016242433339357376
v 0.012691131792962551 -0.027841566130518913 -0.01276350300759077
v 0.010229887440800667 -0.028892898932099342 -0.012763334438204765
v 0.009721542708575726 -0.02822071686387062 -0.016242433339357376
v 0.010229887440800667 -0.028892898932099342 -0.012763334438204765
v 0.0073004006408154964 -0.02900349535048008 -0.016239434480667114
v 0.0073004006408154964 -0.02900349535048008 -0.016239434480667114
v 0.010229887440800667 -0.028892898932099342 -0.012763334438204765
v 0.005060079973191023 -0.03022654727101326 -0.012756033800542355
v 0.0073004006408154964 -0.02900349535048008 -0.016239434480667114
v 0.005060079973191023 -0.03022654727101326 -0.012756033800542355
v 0.004815336316823959 -0.029534069821238518 -0.016232231631875038
v 0.004815336316823959 -0.029534069821238518 -0.016232231631875038
v 0.005060079973191023 -0.03022654727101326 -0.012756033800542355
v 0.002292727353051305 -0.02983449585735798 -0.01622037962079048
v 0.004815336316823959 -0.029534069821238518 -0.016232231631875038
v 0.002292727353051305 -0.02983449585735798 -0.01622037962079048
v 0.003194655291736126 -0.027921486645936966 -0.023036710917949677
v 0.003194655291736126 -0.027921486645936966 -0.023036710917949677
v 0.002292727353051305 -0.02983449585735798 -0.01622037962079048
v -1.74593154156355e-07 -0.030118299648165703 -0.015361088328063488
v 0.003194655291736126 -0.027921486645936966 -0.023036710917949677
v -1.74593154156355e-07 -0.030118299648165703 -0.015361088328063488
v -4.614981889972114e-07 -0.029180288314819336 -0.019216541200876236
v 0.024271933361887932 -0.01863798312842846 -0.00933599378913641
v 0.023795755580067635 -0.019408969208598137 -0.009336013346910477
v 0.021949807181954384 -0.01594923809170723 -0.01619618944823742
v 0.021949807181954384 -0.01594923809170723 -0.01619618944823742
v 0.023795755580067635 -0.019408969208598137 -0.009336013346910477
v 0.02087090164422989 -0.018261484801769257 -0.016206568107008934
v 0.021949807181954384 -0.01594923809170723 -0.01619618944823742
v 0.02087090164422989 -0.018261484801769257 -0.016206568107008934
v 0.01805087924003601 -0.016667447984218597 -0.023036876693367958
v 0.01805087924003601 -0.016667447984218597 -0.023036876693367958
v 0.02087090164422989 -0.018261484801769257 -0.016206568107008934
v 0.019555164501070976 -0.020443076267838478 -0.016216376796364784
v 0.01805087924003601 -0.016667447984218597 -0.023036876693367958
v 0.019555164501070976 -0.020443076267838478 -0.016216376796364784
v 0.016941843554377556 -0.019021349027752876 -0.02303706295788288
v 0.016941843554377556 -0.019021349027752876 -0.02303706295788288
v 0.019555164501070976 -0.020443076267838478 -0.016216376796364784
v 0.01799945905804634 -0.02246052399277687 -0.016225241124629974
v 0.016941843554377556 -0.019021349027752876 -0.02303706295788288
v 0.01799945905804634 -0.02246052399277687 -0.016225241124629974
v 0.015639565885066986 -0.021070171147584915 -0.023037126287817955
v 0.015639565885066986 -0.021070171147584915 -0.023037126287817955
v 0.01799945905804634 -0.02246052399277687 -0.016225241124629974
v 0.016213925555348396 -0.024275384843349457 -0.016232773661613464
v 0.015639565885066986 -0.021070171147584915 -0.023037126287817955
v 0.016213925555348396 -0.024275384843349457 -0.016232773661613464
v 0.01414746418595314 -0.022840365767478943 -0.023037154227495193
v 0.01414746418595314 -0.022840365767478943 -0.023037154227495193
v 0.016213925555348396 -0.024275384843349457 -0.016232773661613464
v 0.01421895157545805 -0.025852974504232407 -0.016238529235124588
v 0.01414746418595314 -0.022840365767478943 -0.023037154227495193
v 0.01421895157545805 -0.025852974504232407 -0.016238529235124588
v 0.012313459068536758 -0.024464281275868416 -0.02303723618388176
v 0.012313459068536758 -0.024464281275868416 -0.02303723618388176
v 0.01421895157545805 -0.025852974504232407 -0.016238529235124588
v 0.012042224407196045 -0.027171090245246887 -0.016241928562521935
v 0.012313459068536758 -0.024464281275868416 -0.02303723618388176
v 0.012042224407196045 -0.027171090245246887 -0.016241928562521935
v 0.010313174687325954 -0.025754069909453392 -0.0230372566729784
v 0.010313174687325954 -0.025754069909453392 -0.0230372566729784
v 0.012042224407196045 -0.027171090245246887 -0.016241928562521935
v 0.009721542708575726 -0.02822071686387062 -0.016242433339357376
v 0.010313174687325954 -0.025754069909453392 -0.0230372566729784
v 0.009721542708575726 -0.02822071686387062 -0.016242433339357376
v 0.008141900412738323 -0.026747340336441994 -0.023037107661366463
v 0.008141900412738323 -0.026747340336441994 -0.023037107661366463
v 0.009721542708575726 -0.02822071686387062 -0.016242433339357376
v 0.0073004006408154964 -0.02900349535048008 -0.016239434480667114
v 0.008141900412738323 -0.026747340336441994 -0.023037107661366463
v 0.0073004006408154964 -0.02900349535048008 -0.016239434480667114
v 0.005772807169705629 -0.02746935933828354 -0.023036882281303406
v 0.005772807169705629 -0.02746935933828354 -0.023036882281303406
v 0.0073004006408154964 -0.02900349535048008 -0.016239434480667114
v 0.003194655291736126 -0.027921486645936966 -0.023036710917949677
v 0.020235449075698853 -0.0006031203083693981 -0.023035692051053047
v 0.020235616713762283 0.0022066128440201283 -0.023036258295178413
v 0.021079961210489273 0.002207114128395915 -0.02157590165734291
v 0.025395972654223442 -0.0034126017708331347 -0.01409970037639141
v 0.020235618576407433 -0.003412294667214155 -0.023036256432533264
v 0.020235449075698853 -0.0006031203083693981 -0.023035692051053047
v 0.021079961210489273 0.002207114128395915 -0.02157590165734291
v 0.028147030621767044 0.0022047555539757013 -0.009335960261523724
v 0.028143934905529022 -0.0006039122235961258 -0.009336600080132484
v 0.020235449075698853 -0.0006031203083693981 -0.023035692051053047
v 0.021079961210489273 0.002207114128395915 -0.02157590165734291
v 0.025395972654223442 -0.0034126017708331347 -0.01409970037639141
v 0.025395972654223442 -0.0034126017708331347 -0.01409970037639141
v 0.021079961210489273 0.002207114128395915 -0.02157590165734291
v 0.028143934905529022 -0.0006039122235961258 -0.009336600080132484
v 0.025395972654223442 -0.0034126017708331347 -0.01409970037639141
v 0.028143934905529022 -0.0006039122235961258 -0.009336600080132484
v 0.028146980330348015 -0.0034131312277168036 -0.009335957467556
v 0.022366901859641075 -0.020475851371884346 -0.0474601574242115
v 0.020078692585229874 -0.02045511268079281 -0.04667011275887489
v 0.019549766555428505 -0.02181229740381241 -0.04730021208524704
v 0.014630303718149662 -0.01621372066438198 -0.03882825747132301
v 0.014197408221662045 -0.016856206580996513 -0.03714337199926376
v 0.011872893199324608 -0.019667964428663254 -0.03903846815228462
v 0.01709204912185669 -0.011664221063256264 -0.040733061730861664
v 0.018171435222029686 -0.0113759720697999 -0.042304232716560364
v 0.018473977223038673 -0.007301590871065855 -0.04174589365720749
v 0.018473977223038673 -0.007301590871065855 -0.04174589365720749
v 0.018171435222029686 -0.0113759720697999 -0.042304232716560364
v 0.01987018622457981 -0.007020702585577965 -0.043406255543231964
v 0.014197408221662045 -0.016856206580996513 -0.03714337199926376
v 0.014630303718149662 -0.01621372066438198 -0.03882825747132301
v 0.01518052164465189 -0.015178094618022442 -0.036156922578811646
v 0.017154458910226822 -0.008205510675907135 -0.0380106084048748
v 0.01775789074599743 -0.00369909405708313 -0.03926318511366844
v 0.01751607656478882 -0.004287965130060911 -0.037137050181627274
v 0.01751607656478882 -0.004287965130060911 -0.037137050181627274
v 0.01775789074599743 -0.00369909405708313 -0.03926318511366844
v 0.0176759772002697 -0.0006059479201212525 -0.03838507458567619
v 0.018586302176117897 -0.0006049418007023633 -0.041393499821424484
v 0.017986999824643135 -0.000605098670348525 -0.03995497524738312
v 0.01775789074599743 -0.00369909405708313 -0.03926318511366844
v 0.01775789074599743 -0.00369909405708313 -0.03926318511366844
v 0.017986999824643135 -0.000605098670348525 -0.03995497524738312
v 0.01773075759410858 -0.0006057245191186666 -0.038802098482847214
v 0.01775789074599743 -0.00369909405708313 -0.03926318511366844
v 0.01773075759410858 -0.0006057245191186666 -0.038802098482847214
v 0.0176759772002697 -0.0006059479201212525 -0.03838507458567619
v 0.0331658236682415 -0.006092802155762911 -0.052752573043107986
v 0.03316579759120941 -0.0006047119968570769 -0.052752602845430374
v 0.02543209306895733 -0.0065172286704182625 -0.04769064113497734
v 0.02543209306895733 -0.0065172286704182625 -0.04769064113497734
v 0.03316579759120941 -0.0006047119968570769 -0.052752602845430374
v 0.028244227170944214 -0.000604607630521059 -0.04957308992743492
v 0.028244227170944214 -0.000604607630521059 -0.04957308992743492
v 0.02713101916015148 -0.0006045348127372563 -0.04883881285786629
v 0.02543209306895733 -0.0065172286704182625 -0.04769064113497734
v 0.02543209306895733 -0.0065172286704182625 -0.04769064113497734
v 0.02713101916015148 -0.0006045348127372563 -0.04883881285786629
v 0.02536194585263729 -0.0006045970949344337 -0.04764486849308014
v 0.02543209306895733 -0.0065172286704182625 -0.04769064113497734
v 0.02536194585263729 -0.0006045970949344337 -0.04764486849308014
v 0.02158850058913231 -0.006810414604842663 -0.044909995049238205
v 0.02158850058913231 -0.006810414604842663 -0.044909995049238205
v 0.02536194585263729 -0.0006045970949344337 -0.04764486849308014
v 0.023201704025268555 -0.0006045779446139932 -0.04610086977481842
v 0.02158850058913231 -0.006810414604842663 -0.044909995049238205
v 0.023201704025268555 -0.0006045779446139932 -0.04610086977481842
v 0.020893020555377007 -0.0006035903352312744 -0.04420773684978485
v 0.029250262305140495 -0.018462417647242546 -0.05038432031869888
v 0.029150813817977905 -0.02038118988275528 -0.05041484907269478
v 0.03316584974527359 -0.02221115678548813 -0.05275258049368858
v 0.026728330180048943 -0.022137414664030075 -0.04948705434799194
v 0.02703952230513096 -0.022478172555565834 -0.04966524988412857
v 0.029020601883530617 -0.02218569815158844 -0.05046767368912697
v 0.029020601883530617 -0.02218569815158844 -0.05046767368912697
v 0.02703952230513096 -0.022478172555565834 -0.04966524988412857
v 0.030177246779203415 -0.022478168830275536 -0.05104682967066765
v 0.004891693592071533 -0.022504311054944992 -0.04742836952209473
v 0.00651969388127327 -0.022478239610791206 -0.04869267717003822
v 0.006921213120222092 -0.022478172555565834 -0.04858499392867088
v 0.003463231958448887 -0.022614313289523125 -0.045921966433525085
v 0.004891693592071533 -0.022504311054944992 -0.04742836952209473
v 0.007273153401911259 -0.022320164367556572 -0.04523682966828346
v 0.007273153401911259 -0.022320164367556572 -0.04523682966828346
v 0.004891693592071533 -0.022504311054944992 -0.04742836952209473
v 0.006921213120222092 -0.022478172555565834 -0.04858499392867088
v 0.007273153401911259 -0.022320164367556572 -0.04523682966828346
v 0.006921213120222092 -0.022478172555565834 -0.04858499392867088
v 0.008839051239192486 -0.022302914410829544 -0.04673180356621742
v 0.008839051239192486 -0.022302914410829544 -0.04673180356621742
v 0.006921213120222092 -0.022478172555565834 -0.04858499392867088
v 0.01009720005095005 -0.022478172555565834 -0.04791858792304993
v 0.008839051239192486 -0.022302914410829544 -0.04673180356621742
v 0.01009720005095005 -0.022478172555565834 -0.04791858792304993
v 0.010765246115624905 -0.022468330338597298 -0.047780897468328476
v 0.010765246115624905 -0.022468330338597298 -0.047780897468328476
v 0.01009720005095005 -0.022478172555565834 -0.04791858792304993
v 0.013573132455348969 -0.022478174418210983 -0.04755394905805588
v 0.003892773063853383 -0.023278655484318733 -0.03922645002603531
v 0.002921090694144368 -0.024083759635686874 -0.036157045513391495
v 4.406650532473577e-06 -0.024280525743961334 -0.03615730255842209
v 4.406650532473577e-06 -0.024280525743961334 -0.03615730255842209
v 0.00011521700071170926 -0.023839646950364113 -0.038006238639354706
v 0.003892773063853383 -0.023278655484318733 -0.03922645002603531
v 0.003892773063853383 -0.023278655484318733 -0.03922645002603531
v 0.00011521700071170926 -0.023839646950364113 -0.038006238639354706
v 0.0004692241200245917 -0.023452015593647957 -0.03992752730846405
v 0.003892773063853383 -0.023278655484318733 -0.03922645002603531
v 0.0004692241200245917 -0.023452015593647957 -0.03992752730846405
v 0.0011900628451257944 -0.023086832836270332 -0.04210062325000763
v 0.005333591718226671 -0.02360745333135128 -0.03615657240152359
v 0.00739467516541481 -0.022664757445454597 -0.037279728800058365
v 0.0075010196305811405 -0.022876771166920662 -0.036156974732875824
v 0.0075010196305811405 -0.022876771166920662 -0.036156974732875824
v 0.00739467516541481 -0.022664757445454597 -0.037279728800058365
v 0.009116885252296925 -0.022050045430660248 -0.036307238042354584
v 0.0075010196305811405 -0.022876771166920662 -0.036156974732875824
v 0.009116885252296925 -0.022050045430660248 -0.036307238042354584
v 0.009428040124475956 -0.021905651316046715 -0.03615744411945343
v 0.0176759772002697 -0.0006059479201212525 -0.03838507458567619
v 0.017613990232348442 -0.0006065356428734958 -0.036157168447971344
v 0.01751607656478882 -0.004287965130060911 -0.037137050181627274
v 0.01751607656478882 -0.004287965130060911 -0.037137050181627274
v 0.017613990232348442 -0.0006065356428734958 -0.036157168447971344
v 0.01757962256669998 -0.003118931083008647 -0.03615637868642807
v 0.01751607656478882 -0.004287965130060911 -0.037137050181627274
v 0.01757962256669998 -0.003118931083008647 -0.03615637868642807
v 0.017154458910226822 -0.008205510675907135 -0.0380106084048748
v 0.017154458910226822 -0.008205510675907135 -0.0380106084048748
v 0.01757962256669998 -0.003118931083008647 -0.03615637868642807
v 0.017317093908786774 -0.006865642499178648 -0.036156877875328064
v 0.017154458910226822 -0.008205510675907135 -0.0380106084048748
v 0.017317093908786774 -0.006865642499178648 -0.036156877875328064
v 0.016841549426317215 -0.00988786667585373 -0.036157358437776566
v 0.020893020555377007 -0.0006035903352312744 -0.04420773684978485
v 0.019889792427420616 -0.000603926950134337 -0.043198831379413605
v 0.02158850058913231 -0.006810414604842663 -0.044909995049238205
v 0.02158850058913231 -0.006810414604842663 -0.044909995049238205
v 0.019889792427420616 -0.000603926950134337 -0.043198831379413605
v 0.01987018622457981 -0.007020702585577965 -0.043406255543231964
v 0.02158850058913231 -0.006810414604842663 -0.044909995049238205
v 0.01987018622457981 -0.007020702585577965 -0.043406255543231964
v 0.019681155681610107 -0.011156110092997551 -0.04374510049819946
v 0.019681155681610107 -0.011156110092997551 -0.04374510049819946
v 0.01987018622457981 -0.007020702585577965 -0.043406255543231964
v 0.018171435222029686 -0.0113759720697999 -0.042304232716560364
v 0.019681155681610107 -0.011156110092997551 -0.04374510049819946
v 0.018171435222029686 -0.0113759720697999 -0.042304232716560364
v 0.017549771815538406 -0.015345441177487373 -0.0431348979473114
v 0.016432786360383034 -0.012079799547791481 -0.039064761251211166
v 0.01607273519039154 -0.012672172859311104 -0.037328798323869705
v 0.014630303718149662 -0.01621372066438198 -0.03882825747132301
v 0.014630303718149662 -0.01621372066438198 -0.03882825747132301
v 0.01607273519039154 -0.012672172859311104 -0.037328798323869705
v 0.015877576544880867 -0.013433629646897316 -0.03615666925907135
v 0.014630303718149662 -0.01621372066438198 -0.03882825747132301
v 0.015877576544880867 -0.013433629646897316 -0.03615666925907135
v 0.01518052164465189 -0.015178094618022442 -0.036156922578811646
v 0.017549771815538406 -0.015345441177487373 -0.0431348979473114
v 0.018171435222029686 -0.0113759720697999 -0.042304232716560364
v 0.016228733584284782 -0.01551232859492302 -0.041837263852357864
v 0.016228733584284782 -0.01551232859492302 -0.041837263852357864
v 0.018171435222029686 -0.0113759720697999 -0.042304232716560364
v 0.01709204912185669 -0.011664221063256264 -0.040733061730861664
v 0.016228733584284782 -0.01551232859492302 -0.041837263852357864
v 0.01709204912185669 -0.011664221063256264 -0.040733061730861664
v 0.015283890999853611 -0.015782153233885765 -0.04040135443210602
v 0.01949087344110012 -0.0006043298053555191 -0.042731791734695435
v 0.018586302176117897 -0.0006049418007023633 -0.041393499821424484
v 0.018509764224290848 -0.003254301380366087 -0.04132324084639549
v 0.018509764224290848 -0.003254301380366087 -0.04132324084639549
v 0.018586302176117897 -0.0006049418007023633 -0.041393499821424484
v 0.01775789074599743 -0.00369909405708313 -0.03926318511366844
v 0.018509764224290848 -0.003254301380366087 -0.04132324084639549
v 0.01775789074599743 -0.00369909405708313 -0.03926318511366844
v 0.017580823972821236 -0.00768250273540616 -0.03991631045937538
v 0.017580823972821236 -0.00768250273540616 -0.03991631045937538
v 0.01775789074599743 -0.00369909405708313 -0.03926318511366844
v 0.017154458910226822 -0.008205510675907135 -0.0380106084048748
v 0.017580823972821236 -0.00768250273540616 -0.03991631045937538
v 0.017154458910226822 -0.008205510675907135 -0.0380106084048748
v 0.016432786360383034 -0.012079799547791481 -0.039064761251211166
v 0.016432786360383034 -0.012079799547791481 -0.039064761251211166
v 0.017154458910226822 -0.008205510675907135 -0.0380106084048748
v 0.016841549426317215 -0.00988786667585373 -0.036157358437776566
v 0.016432786360383034 -0.012079799547791481 -0.039064761251211166
v 0.016841549426317215 -0.00988786667585373 -0.036157358437776566
v 0.01607273519039154 -0.012672172859311104 -0.037328798323869705
v 0.01607273519039154 -0.012672172859311104 -0.037328798323869705
v 0.016841549426317215 -0.00988786667585373 -0.036157358437776566
v 0.016063358634710312 -0.012881526723504066 -0.036156658083200455
v 0.01607273519039154 -0.012672172859311104 -0.037328798323869705
v 0.016063358634710312 -0.012881526723504066 -0.036156658083200455
v 0.015877576544880867 -0.013433629646897316 -0.03615666925907135
v 0.01649761199951172 -0.018884170800447464 -0.044378601014614105
v 0.014879042282700539 -0.01889932155609131 -0.04335752874612808
v 0.015794411301612854 -0.02033633552491665 -0.045186810195446014
v 0.015794411301612854 -0.02033633552491665 -0.045186810195446014
v 0.014879042282700539 -0.01889932155609131 -0.04335752874612808
v 0.014011811465024948 -0.02026483602821827 -0.04429704323410988
v 0.015794411301612854 -0.02033633552491665 -0.045186810195446014
v 0.014011811465024948 -0.02026483602821827 -0.04429704323410988
v 0.014976674690842628 -0.021488144993782043 -0.04612996429204941
v 0.014976674690842628 -0.021488144993782043 -0.04612996429204941
v 0.014011811465024948 -0.02026483602821827 -0.04429704323410988
v 0.01302559208124876 -0.02132672443985939 -0.04535789415240288
v 0.014976674690842628 -0.021488144993782043 -0.04612996429204941
v 0.01302559208124876 -0.02132672443985939 -0.04535789415240288
v 0.014054822735488415 -0.022302212193608284 -0.047205690294504166
v 0.014054822735488415 -0.022302212193608284 -0.047205690294504166
v 0.01302559208124876 -0.02132672443985939 -0.04535789415240288
v 0.011936218477785587 -0.022054409608244896 -0.046529997140169144
v 0.010158764198422432 -0.021925659850239754 -0.045482322573661804
v 0.011936218477785587 -0.022054409608244896 -0.046529997140169144
v 0.011408904567360878 -0.02125965617597103 -0.04427897557616234
v 0.011408904567360878 -0.02125965617597103 -0.04427897557616234
v 0.011936218477785587 -0.022054409608244896 -0.046529997140169144
v 0.01302559208124876 -0.02132672443985939 -0.04535789415240288
v 0.011408904567360878 -0.02125965617597103 -0.04427897557616234
v 0.01302559208124876 -0.02132672443985939 -0.04535789415240288
v 0.01256470289081335 -0.020276781171560287 -0.043156299740076065
v 0.01256470289081335 -0.020276781171560287 -0.043156299740076065
v 0.01302559208124876 -0.02132672443985939 -0.04535789415240288
v 0.014011811465024948 -0.02026483602821827 -0.04429704323410988
v 0.01256470289081335 -0.020276781171560287 -0.043156299740076065
v 0.014011811465024948 -0.02026483602821827 -0.04429704323410988
v 0.013604266569018364 -0.018998341634869576 -0.042131271213293076
v 0.013604266569018364 -0.018998341634869576 -0.042131271213293076
v 0.014011811465024948 -0.02026483602821827 -0.04429704323410988
v 0.014879042282700539 -0.01889932155609131 -0.04335752874612808
v 0.013604266569018364 -0.018998341634869576 -0.042131271213293076
v 0.014879042282700539 -0.01889932155609131 -0.04335752874612808
v 0.015618585981428623 -0.01729322038590908 -0.042538441717624664
v 0.015618585981428623 -0.01729322038590908 -0.042538441717624664
v 0.014879042282700539 -0.01889932155609131 -0.04335752874612808
v 0.01649761199951172 -0.018884170800447464 -0.044378601014614105
v 0.015618585981428623 -0.01729322038590908 -0.042538441717624664
v 0.01649761199951172 -0.018884170800447464 -0.044378601014614105
v 0.017082249745726585 -0.017198283225297928 -0.043697092682123184
v 0.008719914592802525 -0.02195979282259941 -0.044042155146598816
v 0.010158764198422432 -0.021925659850239754 -0.045482322573661804
v 0.010111624374985695 -0.021340057253837585 -0.04286499321460724
v 0.010111624374985695 -0.021340057253837585 -0.04286499321460724
v 0.010158764198422432 -0.021925659850239754 -0.045482322573661804
v 0.011408904567360878 -0.02125965617597103 -0.04427897557616234
v 0.010111624374985695 -0.021340057253837585 -0.04286499321460724
v 0.011408904567360878 -0.02125965617597103 -0.04427897557616234
v 0.011422701179981232 -0.02043057046830654 -0.041737254709005356
v 0.011422701179981232 -0.02043057046830654 -0.041737254709005356
v 0.011408904567360878 -0.02125965617597103 -0.04427897557616234
v 0.01256470289081335 -0.020276781171560287 -0.043156299740076065
v 0.011422701179981232 -0.02043057046830654 -0.041737254709005356
v 0.01256470289081335 -0.020276781171560287 -0.043156299740076065
v 0.012625622563064098 -0.019242191687226295 -0.04067929461598396
v 0.012625622563064098 -0.019242191687226295 -0.04067929461598396
v 0.01256470289081335 -0.020276781171560287 -0.043156299740076065
v 0.013604266569018364 -0.018998341634869576 -0.042131271213293076
v 0.012625622563064098 -0.019242191687226295 -0.04067929461598396
v 0.013604266569018364 -0.018998341634869576 -0.042131271213293076
v 0.015283890999853611 -0.015782153233885765 -0.04040135443210602
v 0.015283890999853611 -0.015782153233885765 -0.04040135443210602
v 0.013604266569018364 -0.018998341634869576 -0.042131271213293076
v 0.015618585981428623 -0.01729322038590908 -0.042538441717624664
v 0.015283890999853611 -0.015782153233885765 -0.04040135443210602
v 0.015618585981428623 -0.01729322038590908 -0.042538441717624664
v 0.016228733584284782 -0.01551232859492302 -0.041837263852357864
v 0.016228733584284782 -0.01551232859492302 -0.041837263852357864
v 0.015618585981428623 -0.01729322038590908 -0.042538441717624664
v 0.017082249745726585 -0.017198283225297928 -0.043697092682123184
v 0.016228733584284782 -0.01551232859492302 -0.041837263852357864
v 0.017082249745726585 -0.017198283225297928 -0.043697092682123184
v 0.017549771815538406 -0.015345441177487373 -0.0431348979473114
v 0.017549771815538406 -0.015345441177487373 -0.0431348979473114
v 0.017082249745726585 -0.017198283225297928 -0.043697092682123184
v 0.019231900572776794 -0.01520977821201086 -0.04432195797562599
v 0.017549771815538406 -0.015345441177487373 -0.0431348979473114
v 0.019231900572776794 -0.01520977821201086 -0.04432195797562599
v 0.019681155681610107 -0.011156110092997551 -0.04374510049819946
v 0.019681155681610107 -0.011156110092997551 -0.04374510049819946
v 0.019231900572776794 -0.01520977821201086 -0.04432195797562599
v 0.021465113386511803 -0.010972815565764904 -0.04509291797876358
v 0.019681155681610107 -0.011156110092997551 -0.04374510049819946
v 0.021465113386511803 -0.010972815565764904 -0.04509291797876358
v 0.02158850058913231 -0.006810414604842663 -0.044909995049238205
v 0.02158850058913231 -0.006810414604842663 -0.044909995049238205
v 0.021465113386511803 -0.010972815565764904 -0.04509291797876358
v 0.025380408391356468 -0.010656100697815418 -0.04771920666098595
v 0.02158850058913231 -0.006810414604842663 -0.044909995049238205
v 0.025380408391356468 -0.010656100697815418 -0.04771920666098595
v 0.02543209306895733 -0.0065172286704182625 -0.04769064113497734
v 0.02543209306895733 -0.0065172286704182625 -0.04769064113497734
v 0.025380408391356468 -0.010656100697815418 -0.04771920666098595
v 0.033165838569402695 -0.0141477445140481 -0.05275258421897888
v 0.033165838569402695 -0.0141477445140481 -0.05275258421897888
v 0.0011900628451257944 -0.023086832836270332 -0.04210062325000763
v 0.002204258693382144 -0.022808797657489777 -0.044123996049165726
v 0.003892773063853383 -0.023278655484318733 -0.03922645002603531
v 0.003892773063853383 -0.023278655484318733 -0.03922645002603531
v 0.002204258693382144 -0.022808797657489777 -0.044123996049165726
v 0.005981849040836096 -0.022477634251117706 -0.04341619461774826
v 0.003892773063853383 -0.023278655484318733 -0.03922645002603531
v 0.005981849040836096 -0.022477634251117706 -0.04341619461774826
v 0.009058522060513496 -0.021579565480351448 -0.04118088632822037
v 0.00739467516541481 -0.022664757445454597 -0.037279728800058365
v 0.00817375909537077 -0.022027211263775826 -0.0392882414162159
v 0.009116885252296925 -0.022050045430660248 -0.036307238042354584
v 0.009116885252296925 -0.022050045430660248 -0.036307238042354584
v 0.00817375909537077 -0.022027211263775826 -0.0392882414162159
v 0.009765516966581345 -0.021299010142683983 -0.03825189918279648
v 0.009116885252296925 -0.022050045430660248 -0.036307238042354584
v 0.009765516966581345 -0.021299010142683983 -0.03825189918279648
v 0.009428040124475956 -0.021905651316046715 -0.03615744411945343
v 0.009428040124475956 -0.021905651316046715 -0.03615744411945343
v 0.009765516966581345 -0.021299010142683983 -0.03825189918279648
v 0.011275977827608585 -0.02033079043030739 -0.0372413769364357
v 0.009428040124475956 -0.021905651316046715 -0.03615744411945343
v 0.011275977827608585 -0.02033079043030739 -0.0372413769364357
v 0.011207166127860546 -0.020624276250600815 -0.03615816682577133
v 0.011207166127860546 -0.020624276250600815 -0.03615816682577133
v 0.011275977827608585 -0.02033079043030739 -0.0372413769364357
v 0.01266761589795351 -0.01913938671350479 -0.03627442568540573
v 0.011207166127860546 -0.020624276250600815 -0.03615816682577133
v 0.01266761589795351 -0.01913938671350479 -0.03627442568540573
v 0.012712251394987106 -0.01911819726228714 -0.03615783900022507
v 0.012712251394987106 -0.01911819726228714 -0.03615783900022507
v 0.01266761589795351 -0.01913938671350479 -0.03627442568540573
v 0.014000432565808296 -0.017372047528624535 -0.03615722432732582
v 0.01518052164465189 -0.015178094618022442 -0.036156922578811646
v 0.014000432565808296 -0.017372047528624535 -0.03615722432732582
v 0.014197408221662045 -0.016856206580996513 -0.03714337199926376
v 0.014197408221662045 -0.016856206580996513 -0.03714337199926376
v 0.014000432565808296 -0.017372047528624535 -0.03615722432732582
v 0.01266761589795351 -0.01913938671350479 -0.03627442568540573
v 0.014197408221662045 -0.016856206580996513 -0.03714337199926376
v 0.01266761589795351 -0.01913938671350479 -0.03627442568540573
v 0.011872893199324608 -0.019667964428663254 -0.03903846815228462
v 0.011872893199324608 -0.019667964428663254 -0.03903846815228462
v 0.01266761589795351 -0.01913938671350479 -0.03627442568540573
v 0.011275977827608585 -0.02033079043030739 -0.0372413769364357
v 0.011872893199324608 -0.019667964428663254 -0.03903846815228462
v 0.011275977827608585 -0.02033079043030739 -0.0372413769364357
v 0.010513796471059322 -0.020753277465701103 -0.04008748382329941
v 0.010513796471059322 -0.020753277465701103 -0.04008748382329941
v 0.011275977827608585 -0.02033079043030739 -0.0372413769364357
v 0.009765516966581345 -0.021299010142683983 -0.03825189918279648
v 0.010513796471059322 -0.020753277465701103 -0.04008748382329941
v 0.009765516966581345 -0.021299010142683983 -0.03825189918279648
v 0.009058522060513496 -0.021579565480351448 -0.04118088632822037
v 0.009058522060513496 -0.021579565480351448 -0.04118088632822037
v 0.009765516966581345 -0.021299010142683983 -0.03825189918279648
v 0.00817375909537077 -0.022027211263775826 -0.0392882414162159
v 0.009058522060513496 -0.021579565480351448 -0.04118088632822037
v 0.00817375909537077 -0.022027211263775826 -0.0392882414162159
v 0.003892773063853383 -0.023278655484318733 -0.03922645002603531
v 0.003892773063853383 -0.023278655484318733 -0.03922645002603531
v 0.00817375909537077 -0.022027211263775826 -0.0392882414162159
v 0.00739467516541481 -0.022664757445454597 -0.037279728800058365
v 0.003892773063853383 -0.023278655484318733 -0.03922645002603531
v 0.00739467516541481 -0.022664757445454597 -0.037279728800058365
v 0.002921090694144368 -0.024083759635686874 -0.036157045513391495
v 0.002921090694144368 -0.024083759635686874 -0.036157045513391495
v 0.00739467516541481 -0.022664757445454597 -0.037279728800058365
v 0.005333591718226671 -0.02360745333135128 -0.03615657240152359
v 0.019889792427420616 -0.000603926950134337 -0.043198831379413605
v 0.01949087344110012 -0.0006043298053555191 -0.042731791734695435
v 0.01987018622457981 -0.007020702585577965 -0.043406255543231964
v 0.01987018622457981 -0.007020702585577965 -0.043406255543231964
v 0.01949087344110012 -0.0006043298053555191 -0.042731791734695435
v 0.018509764224290848 -0.003254301380366087 -0.04132324084639549
v 0.01987018622457981 -0.007020702585577965 -0.043406255543231964
v 0.018509764224290848 -0.003254301380366087 -0.04132324084639549
v 0.018473977223038673 -0.007301590871065855 -0.04174589365720749
v 0.018473977223038673 -0.007301590871065855 -0.04174589365720749
v 0.018509764224290848 -0.003254301380366087 -0.04132324084639549
v 0.017580823972821236 -0.00768250273540616 -0.03991631045937538
v 0.018473977223038673 -0.007301590871065855 -0.04174589365720749
v 0.017580823972821236 -0.00768250273540616 -0.03991631045937538
v 0.01709204912185669 -0.011664221063256264 -0.040733061730861664
v 0.01709204912185669 -0.011664221063256264 -0.040733061730861664
v 0.017580823972821236 -0.00768250273540616 -0.03991631045937538
v 0.016432786360383034 -0.012079799547791481 -0.039064761251211166
v 0.01709204912185669 -0.011664221063256264 -0.040733061730861664
v 0.016432786360383034 -0.012079799547791481 -0.039064761251211166
v 0.015283890999853611 -0.015782153233885765 -0.04040135443210602
v 0.015283890999853611 -0.015782153233885765 -0.04040135443210602
v 0.016432786360383034 -0.012079799547791481 -0.039064761251211166
v 0.014630303718149662 -0.01621372066438198 -0.03882825747132301
v 0.015283890999853611 -0.015782153233885765 -0.04040135443210602
v 0.014630303718149662 -0.01621372066438198 -0.03882825747132301
v 0.012625622563064098 -0.019242191687226295 -0.04067929461598396
v 0.012625622563064098 -0.019242191687226295 -0.04067929461598396
v 0.014630303718149662 -0.01621372066438198 -0.03882825747132301
v 0.011872893199324608 -0.019667964428663254 -0.03903846815228462
v 0.012625622563064098 -0.019242191687226295 -0.04067929461598396
v 0.011872893199324608 -0.019667964428663254 -0.03903846815228462
v 0.011422701179981232 -0.02043057046830654 -0.041737254709005356
v 0.011422701179981232 -0.02043057046830654 -0.041737254709005356
v 0.011872893199324608 -0.019667964428663254 -0.03903846815228462
v 0.010513796471059322 -0.020753277465701103 -0.04008748382329941
v 0.011422701179981232 -0.02043057046830654 -0.041737254709005356
v 0.010513796471059322 -0.020753277465701103 -0.04008748382329941
v 0.010111624374985695 -0.021340057253837585 -0.04286499321460724
v 0.010111624374985695 -0.021340057253837585 -0.04286499321460724
v 0.010513796471059322 -0.020753277465701103 -0.04008748382329941
v 0.009058522060513496 -0.021579565480351448 -0.04118088632822037
v 0.010111624374985695 -0.021340057253837585 -0.04286499321460724
v 0.009058522060513496 -0.021579565480351448 -0.04118088632822037
v 0.008719914592802525 -0.02195979282259941 -0.044042155146598816
v 0.008719914592802525 -0.02195979282259941 -0.044042155146598816
v 0.009058522060513496 -0.021579565480351448 -0.04118088632822037
v 0.005981849040836096 -0.022477634251117706 -0.04341619461774826
v 0.0237483661621809 -0.022478170692920685 -0.04860794544219971
v 0.02703952230513096 -0.022478172555565834 -0.04966524988412857
v 0.024366989731788635 -0.02205730229616165 -0.04864440858364105
v 0.024366989731788635 -0.02205730229616165 -0.04864440858364105
v 0.02703952230513096 -0.022478172555565834 -0.04966524988412857
v 0.026728330180048943 -0.022137414664030075 -0.04948705434799194
v 0.024366989731788635 -0.02205730229616165 -0.04864440858364105
v 0.026728330180048943 -0.022137414664030075 -0.04948705434799194
v 0.029150813817977905 -0.02038118988275528 -0.05041484907269478
v 0.029150813817977905 -0.02038118988275528 -0.05041484907269478
v 0.026728330180048943 -0.022137414664030075 -0.04948705434799194
v 0.029020601883530617 -0.02218569815158844 -0.05046767368912697
v 0.029150813817977905 -0.02038118988275528 -0.05041484907269478
v 0.029020601883530617 -0.02218569815158844 -0.05046767368912697
v 0.03316584974527359 -0.02221115678548813 -0.05275258049368858
v 0.03316584974527359 -0.02221115678548813 -0.05275258049368858
v 0.029020601883530617 -0.02218569815158844 -0.05046767368912697
v 0.030177246779203415 -0.022478168830275536 -0.05104682967066765
v 0.03316584974527359 -0.02221115678548813 -0.05275258049368858
v 0.030177246779203415 -0.022478168830275536 -0.05104682967066765
v 0.03316587582230568 -0.022478200495243073 -0.052752535790205
v 0.017001548781991005 -0.022478168830275536 -0.04755333065986633
v 0.020395247265696526 -0.022478168830275536 -0.047905441373586655
v 0.019549766555428505 -0.02181229740381241 -0.04730021208524704
v 0.019549766555428505 -0.02181229740381241 -0.04730021208524704
v 0.020395247265696526 -0.022478168830275536 -0.047905441373586655
v 0.021961770951747894 -0.02194688841700554 -0.04792371019721031
v 0.019549766555428505 -0.02181229740381241 -0.04730021208524704
v 0.021961770951747894 -0.02194688841700554 -0.04792371019721031
v 0.022366901859641075 -0.020475851371884346 -0.0474601574242115
v 0.022366901859641075 -0.020475851371884346 -0.0474601574242115
v 0.021961770951747894 -0.02194688841700554 -0.04792371019721031
v 0.024662677198648453 -0.020469477400183678 -0.048340313136577606
v 0.022366901859641075 -0.020475851371884346 -0.0474601574242115
v 0.024662677198648453 -0.020469477400183678 -0.048340313136577606
v 0.02490045316517353 -0.01869135908782482 -0.04811328276991844
v 0.020078692585229874 -0.02045511268079281 -0.04667011275887489
v 0.022366901859641075 -0.020475851371884346 -0.0474601574242115
v 0.020518334582448006 -0.018837599083781242 -0.046164125204086304
v 0.020518334582448006 -0.018837599083781242 -0.046164125204086304
v 0.022366901859641075 -0.020475851371884346 -0.0474601574242115
v 0.02490045316517353 -0.01869135908782482 -0.04811328276991844
v 0.020518334582448006 -0.018837599083781242 -0.046164125204086304
v 0.02490045316517353 -0.01869135908782482 -0.04811328276991844
v 0.020870225504040718 -0.017024096101522446 -0.045766688883304596
v 0.020870225504040718 -0.017024096101522446 -0.045766688883304596
v 0.02490045316517353 -0.01869135908782482 -0.04811328276991844
v 0.02508530765771866 -0.01677846722304821 -0.04794697463512421
v 0.020870225504040718 -0.017024096101522446 -0.045766688883304596
v 0.02508530765771866 -0.01677846722304821 -0.04794697463512421
v 0.021139096468687057 -0.01507456973195076 -0.04546631500124931
v 0.029250262305140495 -0.018462417647242546 -0.05038432031869888
v 0.02937765046954155 -0.014443679712712765 -0.05035249516367912
v 0.02522256225347519 -0.014776958152651787 -0.047832537442445755
v 0.020395247265696526 -0.022478168830275536 -0.047905441373586655
v 0.0237483661621809 -0.022478170692920685 -0.04860794544219971
v 0.021961770951747894 -0.02194688841700554 -0.04792371019721031
v 0.021961770951747894 -0.02194688841700554 -0.04792371019721031
v 0.0237483661621809 -0.022478170692920685 -0.04860794544219971
v 0.024366989731788635 -0.02205730229616165 -0.04864440858364105
v 0.021961770951747894 -0.02194688841700554 -0.04792371019721031
v 0.024366989731788635 -0.02205730229616165 -0.04864440858364105
v 0.024662677198648453 -0.020469477400183678 -0.048340313136577606
v 0.024662677198648453 -0.020469477400183678 -0.048340313136577606
v 0.024366989731788635 -0.02205730229616165 -0.04864440858364105
v 0.029150813817977905 -0.02038118988275528 -0.05041484907269478
v 0.024662677198648453 -0.020469477400183678 -0.048340313136577606
v 0.029150813817977905 -0.02038118988275528 -0.05041484907269478
v 0.02490045316517353 -0.01869135908782482 -0.04811328276991844
v 0.02490045316517353 -0.01869135908782482 -0.04811328276991844
v 0.029150813817977905 -0.02038118988275528 -0.05041484907269478
v 0.029250262305140495 -0.018462417647242546 -0.05038432031869888
v 0.02490045316517353 -0.01869135908782482 -0.04811328276991844
v 0.029250262305140495 -0.018462417647242546 -0.05038432031869888
v 0.02508530765771866 -0.01677846722304821 -0.04794697463512421
v 0.02508530765771866 -0.01677846722304821 -0.04794697463512421
v 0.029250262305140495 -0.018462417647242546 -0.05038432031869888
v 0.02522256225347519 -0.014776958152651787 -0.047832537442445755
v 0.02508530765771866 -0.01677846722304821 -0.04794697463512421
v 0.02522256225347519 -0.014776958152651787 -0.047832537442445755
v 0.021139096468687057 -0.01507456973195076 -0.04546631500124931
v 0.03316584974527359 -0.02221115678548813 -0.05275258049368858
v 0.03316584229469299 -0.018249668180942535 -0.05275258049368858
v 0.029250262305140495 -0.018462417647242546 -0.05038432031869888
v 0.033165838569402695 -0.0141477445140481 -0.05275258421897888
v 0.029250262305140495 -0.018462417647242546 -0.05038432031869888
v 0.033165838569402695 -0.0141477445140481 -0.05275258421897888
v 0.02937765046954155 -0.014443679712712765 -0.05035249516367912
v 0.02937765046954155 -0.014443679712712765 -0.05035249516367912
v 0.033165838569402695 -0.0141477445140481 -0.05275258421897888
v 0.025380408391356468 -0.010656100697815418 -0.04771920666098595
v 0.02937765046954155 -0.014443679712712765 -0.05035249516367912
v 0.025380408391356468 -0.010656100697815418 -0.04771920666098595
v 0.02522256225347519 -0.014776958152651787 -0.047832537442445755
v 0.02522256225347519 -0.014776958152651787 -0.047832537442445755
v 0.025380408391356468 -0.010656100697815418 -0.04771920666098595
v 0.021465113386511803 -0.010972815565764904 -0.04509291797876358
v 0.02522256225347519 -0.014776958152651787 -0.047832537442445755
v 0.021465113386511803 -0.010972815565764904 -0.04509291797876358
v 0.021139096468687057 -0.01507456973195076 -0.04546631500124931
v 0.021139096468687057 -0.01507456973195076 -0.04546631500124931
v 0.021465113386511803 -0.010972815565764904 -0.04509291797876358
v 0.019231900572776794 -0.01520977821201086 -0.04432195797562599
v 0.021139096468687057 -0.01507456973195076 -0.04546631500124931
v 0.019231900572776794 -0.01520977821201086 -0.04432195797562599
v 0.020870225504040718 -0.017024096101522446 -0.045766688883304596
v 0.020870225504040718 -0.017024096101522446 -0.045766688883304596
v 0.019231900572776794 -0.01520977821201086 -0.04432195797562599
v 0.017082249745726585 -0.017198283225297928 -0.043697092682123184
v 0.020870225504040718 -0.017024096101522446 -0.045766688883304596
v 0.017082249745726585 -0.017198283225297928 -0.043697092682123184
v 0.020518334582448006 -0.018837599083781242 -0.046164125204086304
v 0.020518334582448006 -0.018837599083781242 -0.046164125204086304
v 0.017082249745726585 -0.017198283225297928 -0.043697092682123184
v 0.01649761199951172 -0.018884170800447464 -0.044378601014614105
v 0.020518334582448006 -0.018837599083781242 -0.046164125204086304
v 0.01649761199951172 -0.018884170800447464 -0.044378601014614105
v 0.020078692585229874 -0.02045511268079281 -0.04667011275887489
v 0.020078692585229874 -0.02045511268079281 -0.04667011275887489
v 0.01649761199951172 -0.018884170800447464 -0.044378601014614105
v 0.015794411301612854 -0.02033633552491665 -0.045186810195446014
v 0.020078692585229874 -0.02045511268079281 -0.04667011275887489
v 0.015794411301612854 -0.02033633552491665 -0.045186810195446014
v 0.019549766555428505 -0.02181229740381241 -0.04730021208524704
v 0.019549766555428505 -0.02181229740381241 -0.04730021208524704
v 0.015794411301612854 -0.02033633552491665 -0.045186810195446014
v 0.014976674690842628 -0.021488144993782043 -0.04612996429204941
v 0.019549766555428505 -0.02181229740381241 -0.04730021208524704
v 0.014976674690842628 -0.021488144993782043 -0.04612996429204941
v 0.017001548781991005 -0.022478168830275536 -0.04755333065986633
v 0.017001548781991005 -0.022478168830275536 -0.04755333065986633
v 0.014976674690842628 -0.021488144993782043 -0.04612996429204941
v 0.014054822735488415 -0.022302212193608284 -0.047205690294504166
v 0.017001548781991005 -0.022478168830275536 -0.04755333065986633
v 0.014054822735488415 -0.022302212193608284 -0.047205690294504166
v 0.013573132455348969 -0.022478174418210983 -0.04755394905805588
v 0.013573132455348969 -0.022478174418210983 -0.04755394905805588
v 0.014054822735488415 -0.022302212193608284 -0.047205690294504166
v 0.011936218477785587 -0.022054409608244896 -0.046529997140169144
v 0.013573132455348969 -0.022478174418210983 -0.04755394905805588
v 0.011936218477785587 -0.022054409608244896 -0.046529997140169144
v 0.010765246115624905 -0.022468330338597298 -0.047780897468328476
v 0.010765246115624905 -0.022468330338597298 -0.047780897468328476
v 0.011936218477785587 -0.022054409608244896 -0.046529997140169144
v 0.010158764198422432 -0.021925659850239754 -0.045482322573661804
v 0.010765246115624905 -0.022468330338597298 -0.047780897468328476
v 0.010158764198422432 -0.021925659850239754 -0.045482322573661804
v 0.008839051239192486 -0.022302914410829544 -0.04673180356621742
v 0.008839051239192486 -0.022302914410829544 -0.04673180356621742
v 0.010158764198422432 -0.021925659850239754 -0.045482322573661804
v 0.008719914592802525 -0.02195979282259941 -0.044042155146598816
v 0.008839051239192486 -0.022302914410829544 -0.04673180356621742
v 0.008719914592802525 -0.02195979282259941 -0.044042155146598816
v 0.007273153401911259 -0.022320164367556572 -0.04523682966828346
v 0.007273153401911259 -0.022320164367556572 -0.04523682966828346
v 0.008719914592802525 -0.02195979282259941 -0.044042155146598816
v 0.005981849040836096 -0.022477634251117706 -0.04341619461774826
v 0.007273153401911259 -0.022320164367556572 -0.04523682966828346
v 0.005981849040836096 -0.022477634251117706 -0.04341619461774826
v 0.003463231958448887 -0.022614313289523125 -0.045921966433525085
v 0.003463231958448887 -0.022614313289523125 -0.045921966433525085
v 0.005981849040836096 -0.022477634251117706 -0.04341619461774826
v 0.002204258693382144 -0.022808797657489777 -0.044123996049165726
v 0.017791273072361946 0.0031992867588996887 -0.039407193660736084
v 0.01859285868704319 0.0029086105059832335 -0.04147730767726898
v 0.018529381603002548 0.0073945303447544575 -0.041824012994766235
v 0.007587818894535303 0.025788264349102974 -0.04492664337158203
v 0.009283296763896942 0.025900620967149734 -0.04645535722374916
v 0.007810547482222319 0.02617385983467102 -0.04785131290555
v 0.013270965777337551 0.026212435215711594 -0.0475706085562706
v 0.014687188901007175 0.025868697091937065 -0.04705207794904709
v 0.016633644700050354 0.02621244080364704 -0.047535836696624756
v 0.007810547482222319 0.02617385983467102 -0.04785131290555
v 0.009283296763896942 0.025900620967149734 -0.04645535722374916
v 0.009867314249277115 0.026212427765130997 -0.04795566201210022
v 0.009867314249277115 0.026212427765130997 -0.04795566201210022
v 0.009283296763896942 0.025900620967149734 -0.04645535722374916
v 0.011317700147628784 0.026163704693317413 -0.047600433230400085
v 0.009867314249277115 0.026212427765130997 -0.04795566201210022
v 0.011317700147628784 0.026163704693317413 -0.047600433230400085
v 0.013270965777337551 0.026212435215711594 -0.0475706085562706
v 0.029128452762961388 0.02554628998041153 -0.05049775168299675
v 0.029817543923854828 0.026212463155388832 -0.05086791142821312
v 0.02668721415102482 0.026212457567453384 -0.049533672630786896
v 0.033165741711854935 0.025605052709579468 -0.05275256931781769
v 0.033165764063596725 0.026212498545646667 -0.0527525395154953
v 0.032658640295267105 0.02621246688067913 -0.052433423697948456
v 0.025493917986750603 0.006930160336196423 -0.04775993898510933
v 0.03316579386591911 0.006771161686629057 -0.052752576768398285
v 0.033165767788887024 0.01614721119403839 -0.05275258049368858
v 0.03316579759120941 -0.0006047119968570769 -0.052752602845430374
v 0.03316579386591911 0.006771161686629057 -0.052752576768398285
v 0.028244227170944214 -0.000604607630521059 -0.04957308992743492
v 0.028244227170944214 -0.000604607630521059 -0.04957308992743492
v 0.03316579386591911 0.006771161686629057 -0.052752576768398285
v 0.025493917986750603 0.006930160336196423 -0.04775993898510933
v 0.028244227170944214 -0.000604607630521059 -0.04957308992743492
v 0.025493917986750603 0.006930160336196423 -0.04775993898510933
v 0.02713101916015148 -0.0006045348127372563 -0.04883881285786629
v 0.021651193499565125 0.007090059109032154 -0.045005086809396744
v 0.023201704025268555 -0.0006045779446139932 -0.04610086977481842
v 0.025493917986750603 0.006930160336196423 -0.04775993898510933
v 0.025493917986750603 0.006930160336196423 -0.04775993898510933
v 0.023201704025268555 -0.0006045779446139932 -0.04610086977481842
v 0.02536194585263729 -0.0006045970949344337 -0.04764486849308014
v 0.025493917986750603 0.006930160336196423 -0.04775993898510933
v 0.02536194585263729 -0.0006045970949344337 -0.04764486849308014
v 0.02713101916015148 -0.0006045348127372563 -0.04883881285786629
v 0.018529381603002548 0.0073945303447544575 -0.041824012994766235
v 0.01859285868704319 0.0029086105059832335 -0.04147730767726898
v 0.019934644922614098 0.007215628866106272 -0.04350496828556061
v 0.017791273072361946 0.0031992867588996887 -0.039407193660736084
v 0.018586302176117897 -0.0006049418007023633 -0.041393499821424484
v 0.01859285868704319 0.0029086105059832335 -0.04147730767726898
v 0.01859285868704319 0.0029086105059832335 -0.04147730767726898
v 0.018586302176117897 -0.0006049418007023633 -0.041393499821424484
v 0.01949087344110012 -0.0006043298053555191 -0.042731791734695435
v 0.01859285868704319 0.0029086105059832335 -0.04147730767726898
v 0.01949087344110012 -0.0006043298053555191 -0.042731791734695435
v 0.019934644922614098 0.007215628866106272 -0.04350496828556061
v 0.019934644922614098 0.007215628866106272 -0.04350496828556061
v 0.01949087344110012 -0.0006043298053555191 -0.042731791734695435
v 0.019889792427420616 -0.000603926950134337 -0.043198831379413605
v 0.019934644922614098 0.007215628866106272 -0.04350496828556061
v 0.019889792427420616 -0.000603926950134337 -0.043198831379413605
v 0.021651193499565125 0.007090059109032154 -0.045005086809396744
v 0.021651193499565125 0.007090059109032154 -0.045005086809396744
v 0.019889792427420616 -0.000603926950134337 -0.043198831379413605
v 0.020893020555377007 -0.0006035903352312744 -0.04420773684978485
v 0.021651193499565125 0.007090059109032154 -0.045005086809396744
v 0.020893020555377007 -0.0006035903352312744 -0.04420773684978485
v 0.023201704025268555 -0.0006045779446139932 -0.04610086977481842
v 0.0176759772002697 -0.0006059479201212525 -0.03838507458567619
v 0.01773075759410858 -0.0006057245191186666 -0.038802098482847214
v 0.017791273072361946 0.0031992867588996887 -0.039407193660736084
v 0.017791273072361946 0.0031992867588996887 -0.039407193660736084
v 0.01773075759410858 -0.0006057245191186666 -0.038802098482847214
v 0.017986999824643135 -0.000605098670348525 -0.03995497524738312
v 0.017791273072361946 0.0031992867588996887 -0.039407193660736084
v 0.017986999824643135 -0.000605098670348525 -0.03995497524738312
v 0.018586302176117897 -0.0006049418007023633 -0.041393499821424484
v 0.01704564318060875 0.009207062423229218 -0.03615759313106537
v 0.01629752106964588 0.013011744245886803 -0.03676493838429451
v 0.01641579531133175 0.012631929479539394 -0.0361577607691288
v 0.01641579531133175 0.012631929479539394 -0.0361577607691288
v 0.01629752106964588 0.013011744245886803 -0.03676493838429451
v 0.016222573816776276 0.01341975387185812 -0.036156684160232544
v 0.013018405996263027 0.02105182223021984 -0.03993538022041321
v 0.012313169427216053 0.02141617052257061 -0.03808111324906349
v 0.014948722906410694 0.01720893755555153 -0.03813254088163376
v 0.014948722906410694 0.01720893755555153 -0.03813254088163376
v 0.012313169427216053 0.02141617052257061 -0.03808111324906349
v 0.013558447360992432 0.01970471628010273 -0.03704613074660301
v 0.016222573816776276 0.01341975387185812 -0.036156684160232544
v 0.01629752106964588 0.013011744245886803 -0.03676493838429451
v 0.015606535598635674 0.015476708300411701 -0.03615644946694374
v 0.015606535598635674 0.015476708300411701 -0.03615644946694374
v 0.01629752106964588 0.013011744245886803 -0.03676493838429451
v 0.014948722906410694 0.01720893755555153 -0.03813254088163376
v 0.015606535598635674 0.015476708300411701 -0.03615644946694374
v 0.014948722906410694 0.01720893755555153 -0.03813254088163376
v 0.014660428278148174 0.017802495509386063 -0.0361572690308094
v 0.014660428278148174 0.017802495509386063 -0.0361572690308094
v 0.014948722906410694 0.01720893755555153 -0.03813254088163376
v 0.013558447360992432 0.01970471628010273 -0.03704613074660301
v 0.014660428278148174 0.017802495509386063 -0.0361572690308094
v 0.013558447360992432 0.01970471628010273 -0.03704613074660301
v 0.013505878858268261 0.019862981513142586 -0.036158543080091476
v 0.013505878858268261 0.019862981513142586 -0.036158543080091476
v 0.013558447360992432 0.01970471628010273 -0.03704613074660301
v 0.012313169427216053 0.02141617052257061 -0.03808111324906349
v 0.013505878858268261 0.019862981513142586 -0.036158543080091476
v 0.012313169427216053 0.02141617052257061 -0.03808111324906349
v 0.01210474967956543 0.021680710837244987 -0.0361594557762146
v 0.004601889289915562 0.025912031531333923 -0.03615976870059967
v 0.0037377180997282267 0.025975732132792473 -0.03911098465323448
v 0.0020656948909163475 0.02631637081503868 -0.0361582450568676
v 0.0020656948909163475 0.02631637081503868 -0.0361582450568676
v 0.0037377180997282267 0.025975732132792473 -0.03911098465323448
v 0.00017698640294838697 0.026261931285262108 -0.038924530148506165
v 0.0020656948909163475 0.02631637081503868 -0.0361582450568676
v 0.00017698640294838697 0.026261931285262108 -0.038924530148506165
v 5.344359124137554e-06 0.026410840451717377 -0.03615720570087433
v 0.006519529037177563 0.026213569566607475 -0.04869217425584793
v 0.005429595708847046 0.0261981301009655 -0.04792517423629761
v 0.005994953215122223 0.02610519342124462 -0.04628482088446617
v 0.005994953215122223 0.02610519342124462 -0.04628482088446617
v 0.005429595708847046 0.0261981301009655 -0.04792517423629761
v 0.004456075374037027 0.02606133744120598 -0.04445786401629448
v 0.005994953215122223 0.02610519342124462 -0.04628482088446617
v 0.004456075374037027 0.02606133744120598 -0.04445786401629448
v 0.006156053394079208 0.02574165165424347 -0.043139562010765076
v 0.005429595708847046 0.0261981301009655 -0.04792517423629761
v 0.0036778845824301243 0.026184165850281715 -0.046411287039518356
v 0.004456075374037027 0.02606133744120598 -0.04445786401629448
v 0.004456075374037027 0.02606133744120598 -0.04445786401629448
v 0.0036778845824301243 0.026184165850281715 -0.046411287039518356
v 0.002322475193068385 0.026183120906352997 -0.04482564330101013
v 0.004456075374037027 0.02606133744120598 -0.04445786401629448
v 0.002322475193068385 0.026183120906352997 -0.04482564330101013
v 0.006156053394079208 0.02574165165424347 -0.043139562010765076
v 0.006156053394079208 0.02574165165424347 -0.043139562010765076
v 0.002322475193068385 0.026183120906352997 -0.04482564330101013
v 0.0013170685851946473 0.026189452037215233 -0.04312778264284134
v 0.006156053394079208 0.02574165165424347 -0.043139562010765076
v 0.0013170685851946473 0.026189452037215233 -0.04312778264284134
v 0.0037377180997282267 0.025975732132792473 -0.03911098465323448
v 0.0037377180997282267 0.025975732132792473 -0.03911098465323448
v 0.0013170685851946473 0.026189452037215233 -0.04312778264284134
v 0.0006530191749334335 0.026206424459815025 -0.04132964834570885
v 0.0037377180997282267 0.025975732132792473 -0.03911098465323448
v 0.0006530191749334335 0.026206424459815025 -0.04132964834570885
v 0.00017698640294838697 0.026261931285262108 -0.038924530148506165
v 0.027257181704044342 0.021110689267516136 -0.049288392066955566
v 0.029128452762961388 0.02554628998041153 -0.05049775168299675
v 0.026912664994597435 0.025497857481241226 -0.04951610788702965
v 0.026912664994597435 0.025497857481241226 -0.04951610788702965
v 0.029128452762961388 0.02554628998041153 -0.05049775168299675
v 0.02668721415102482 0.026212457567453384 -0.049533672630786896
v 0.026912664994597435 0.025497857481241226 -0.04951610788702965
v 0.02668721415102482 0.026212457567453384 -0.049533672630786896
v 0.023413782939314842 0.026212451979517937 -0.0485212504863739
v 0.032658640295267105 0.02621246688067913 -0.052433423697948456
v 0.029817543923854828 0.026212463155388832 -0.05086791142821312
v 0.03128010407090187 0.025578226894140244 -0.05161760002374649
v 0.03128010407090187 0.025578226894140244 -0.05161760002374649
v 0.029817543923854828 0.026212463155388832 -0.05086791142821312
v 0.029128452762961388 0.02554628998041153 -0.05049775168299675
v 0.03128010407090187 0.025578226894140244 -0.05161760002374649
v 0.029128452762961388 0.02554628998041153 -0.05049775168299675
v 0.02937740832567215 0.021039554849267006 -0.050455719232559204
v 0.02937740832567215 0.021039554849267006 -0.050455719232559204
v 0.029128452762961388 0.02554628998041153 -0.05049775168299675
v 0.027257181704044342 0.021110689267516136 -0.049288392066955566
v 0.02937740832567215 0.021039554849267006 -0.050455719232559204
v 0.027257181704044342 0.021110689267516136 -0.049288392066955566
v 0.029497018083930016 0.016258100047707558 -0.05044330656528473
v 0.029497018083930016 0.016258100047707558 -0.05044330656528473
v 0.027257181704044342 0.021110689267516136 -0.049288392066955566
v 0.025366006419062614 0.016418861225247383 -0.04796148091554642
v 0.029497018083930016 0.016258100047707558 -0.05044330656528473
v 0.025366006419062614 0.016418861225247383 -0.04796148091554642
v 0.025466015562415123 0.011618646793067455 -0.04783163219690323
v 0.02085183374583721 0.021183157339692116 -0.04621659964323044
v 0.02511667273938656 0.021169768646359444 -0.0481950081884861
v 0.020493527874350548 0.02329244650900364 -0.04667849838733673
v 0.020493527874350548 0.02329244650900364 -0.04667849838733673
v 0.02511667273938656 0.021169768646359444 -0.0481950081884861
v 0.024915236979722977 0.023395629599690437 -0.04839025437831879
v 0.018273532390594482 0.011955775320529938 -0.04236439988017082
v 0.019444357603788376 0.01655549556016922 -0.04442215710878372
v 0.01777341216802597 0.016569217666983604 -0.043144796043634415
v 0.01777341216802597 0.016569217666983604 -0.043144796043634415
v 0.019444357603788376 0.01655549556016922 -0.04442215710878372
v 0.02085183374583721 0.021183157339692116 -0.04621659964323044
v 0.024915236979722977 0.023395629599690437 -0.04839025437831879
v 0.024645594879984856 0.0254201740026474 -0.04866538569331169
v 0.020493527874350548 0.02329244650900364 -0.04667849838733673
v 0.020493527874350548 0.02329244650900364 -0.04667849838733673
v 0.024645594879984856 0.0254201740026474 -0.04866538569331169
v 0.022344162687659264 0.025301869958639145 -0.04792855307459831
v 0.020493527874350548 0.02329244650900364 -0.04667849838733673
v 0.022344162687659264 0.025301869958639145 -0.04792855307459831
v 0.020032135769724846 0.025133349001407623 -0.047276176512241364
v 0.020032135769724846 0.025133349001407623 -0.047276176512241364
v 0.015565957874059677 0.02461649477481842 -0.04595961421728134
v 0.020493527874350548 0.02329244650900364 -0.04667849838733673
v 0.020493527874350548 0.02329244650900364 -0.04667849838733673
v 0.015565957874059677 0.02461649477481842 -0.04595961421728134
v 0.016298970207571983 0.02295595593750477 -0.04503532499074936
v 0.020493527874350548 0.02329244650900364 -0.04667849838733673
v 0.016298970207571983 0.02295595593750477 -0.04503532499074936
v 0.02085183374583721 0.021183157339692116 -0.04621659964323044
v 0.02085183374583721 0.021183157339692116 -0.04621659964323044
v 0.016298970207571983 0.02295595593750477 -0.04503532499074936
v 0.016900094226002693 0.020997080951929092 -0.04426984861493111
v 0.02085183374583721 0.021183157339692116 -0.04621659964323044
v 0.016900094226002693 0.020997080951929092 -0.04426984861493111
v 0.01777341216802597 0.016569217666983604 -0.043144796043634415
v 0.008967848494648933 0.02420557290315628 -0.03615696355700493
v 0.010582990013062954 0.023106049746274948 -0.03615830838680267
v 0.010165680199861526 0.02335611917078495 -0.03728388622403145
v 0.010165680199861526 0.02335611917078495 -0.03728388622403145
v 0.010582990013062954 0.023106049746274948 -0.03615830838680267
v 0.01210474967956543 0.021680710837244987 -0.0361594557762146
v 0.010165680199861526 0.02335611917078495 -0.03728388622403145
v 0.01210474967956543 0.021680710837244987 -0.0361594557762146
v 0.01092364639043808 0.022916371002793312 -0.03923572972416878
v 0.01092364639043808 0.022916371002793312 -0.03923572972416878
v 0.01210474967956543 0.021680710837244987 -0.0361594557762146
v 0.012313169427216053 0.02141617052257061 -0.03808111324906349
v 0.01092364639043808 0.022916371002793312 -0.03923572972416878
v 0.012313169427216053 0.02141617052257061 -0.03808111324906349
v 0.011843773536384106 0.022699024528265 -0.04103659838438034
v 0.011843773536384106 0.022699024528265 -0.04103659838438034
v 0.012313169427216053 0.02141617052257061 -0.03808111324906349
v 0.013018405996263027 0.02105182223021984 -0.03993538022041321
v 0.007591922767460346 0.024883678182959557 -0.036508604884147644
v 0.008967848494648933 0.02420557290315628 -0.03615696355700493
v 0.008453319780528545 0.024437209591269493 -0.038546815514564514
v 0.008453319780528545 0.024437209591269493 -0.038546815514564514
v 0.008967848494648933 0.02420557290315628 -0.03615696355700493
v 0.010165680199861526 0.02335611917078495 -0.03728388622403145
v 0.008453319780528545 0.024437209591269493 -0.038546815514564514
v 0.010165680199861526 0.02335611917078495 -0.03728388622403145
v 0.009412853978574276 0.02416195720434189 -0.04048580303788185
v 0.009412853978574276 0.02416195720434189 -0.04048580303788185
v 0.010165680199861526 0.02335611917078495 -0.03728388622403145
v 0.01092364639043808 0.022916371002793312 -0.03923572972416878
v 0.009412853978574276 0.02416195720434189 -0.04048580303788185
v 0.01092364639043808 0.022916371002793312 -0.03923572972416878
v 0.010534468106925488 0.024076901376247406 -0.04225505515933037
v 0.010534468106925488 0.024076901376247406 -0.04225505515933037
v 0.01092364639043808 0.022916371002793312 -0.03923572972416878
v 0.011843773536384106 0.022699024528265 -0.04103659838438034
v 0.014687188901007175 0.025868697091937065 -0.04705207794904709
v 0.013270965777337551 0.026212435215711594 -0.0475706085562706
v 0.01252852100878954 0.02548905648291111 -0.04625583440065384
v 0.01252852100878954 0.02548905648291111 -0.04625583440065384
v 0.013270965777337551 0.026212435215711594 -0.0475706085562706
v 0.011317700147628784 0.026163704693317413 -0.047600433230400085
v 0.01252852100878954 0.02548905648291111 -0.04625583440065384
v 0.011317700147628784 0.026163704693317413 -0.047600433230400085
v 0.010658321902155876 0.025236718356609344 -0.04508185386657715
v 0.010658321902155876 0.025236718356609344 -0.04508185386657715
v 0.011317700147628784 0.026163704693317413 -0.047600433230400085
v 0.009283296763896942 0.025900620967149734 -0.04645535722374916
v 0.010658321902155876 0.025236718356609344 -0.04508185386657715
v 0.009283296763896942 0.025900620967149734 -0.04645535722374916
v 0.009111052379012108 0.025129830464720726 -0.043562471866607666
v 0.009111052379012108 0.025129830464720726 -0.043562471866607666
v 0.009283296763896942 0.025900620967149734 -0.04645535722374916
v 0.007587818894535303 0.025788264349102974 -0.04492664337158203
v 0.009111052379012108 0.025129830464720726 -0.043562471866607666
v 0.007587818894535303 0.025788264349102974 -0.04492664337158203
v 0.007816438563168049 0.025121618062257767 -0.04179786518216133
v 0.009867314249277115 0.026212427765130997 -0.04795566201210022
v 0.006519529037177563 0.026213569566607475 -0.04869217425584793
v 0.007810547482222319 0.02617385983467102 -0.04785131290555
v 0.007810547482222319 0.02617385983467102 -0.04785131290555
v 0.006519529037177563 0.026213569566607475 -0.04869217425584793
v 0.005994953215122223 0.02610519342124462 -0.04628482088446617
v 0.007810547482222319 0.02617385983467102 -0.04785131290555
v 0.005994953215122223 0.02610519342124462 -0.04628482088446617
v 0.007587818894535303 0.025788264349102974 -0.04492664337158203
v 0.007587818894535303 0.025788264349102974 -0.04492664337158203
v 0.005994953215122223 0.02610519342124462 -0.04628482088446617
v 0.006156053394079208 0.02574165165424347 -0.043139562010765076
v 0.007587818894535303 0.025788264349102974 -0.04492664337158203
v 0.006156053394079208 0.02574165165424347 -0.043139562010765076
v 0.007816438563168049 0.025121618062257767 -0.04179786518216133
v 0.007816438563168049 0.025121618062257767 -0.04179786518216133
v 0.006156053394079208 0.02574165165424347 -0.043139562010765076
v 0.0037377180997282267 0.025975732132792473 -0.03911098465323448
v 0.007816438563168049 0.025121618062257767 -0.04179786518216133
v 0.0037377180997282267 0.025975732132792473 -0.03911098465323448
v 0.005660185590386391 0.025553347542881966 -0.03780797868967056
v 0.005660185590386391 0.025553347542881966 -0.03780797868967056
v 0.0037377180997282267 0.025975732132792473 -0.03911098465323448
v 0.004601889289915562 0.025912031531333923 -0.03615976870059967
v 0.005660185590386391 0.025553347542881966 -0.03780797868967056
v 0.004601889289915562 0.025912031531333923 -0.03615976870059967
v 0.006958533078432083 0.02517836168408394 -0.03615844249725342
v 0.01761809177696705 0.007658324670046568 -0.03991895541548729
v 0.018273532390594482 0.011955775320529938 -0.04236439988017082
v 0.017191730439662933 0.01213880442082882 -0.0406617745757103
v 0.017191730439662933 0.01213880442082882 -0.0406617745757103
v 0.018273532390594482 0.011955775320529938 -0.04236439988017082
v 0.01777341216802597 0.016569217666983604 -0.043144796043634415
v 0.017191730439662933 0.01213880442082882 -0.0406617745757103
v 0.01777341216802597 0.016569217666983604 -0.043144796043634415
v 0.016451243311166763 0.016621146351099014 -0.04167788475751877
v 0.016451243311166763 0.016621146351099014 -0.04167788475751877
v 0.01777341216802597 0.016569217666983604 -0.043144796043634415
v 0.016900094226002693 0.020997080951929092 -0.04426984861493111
v 0.016451243311166763 0.016621146351099014 -0.04167788475751877
v 0.016900094226002693 0.020997080951929092 -0.04426984861493111
v 0.015269751660525799 0.020878301933407784 -0.04307316243648529
v 0.015269751660525799 0.020878301933407784 -0.04307316243648529
v 0.016900094226002693 0.020997080951929092 -0.04426984861493111
v 0.016298970207571983 0.02295595593750477 -0.04503532499074936
v 0.015269751660525799 0.020878301933407784 -0.04307316243648529
v 0.016298970207571983 0.02295595593750477 -0.04503532499074936
v 0.014497220516204834 0.022743627429008484 -0.04398201406002045
v 0.014497220516204834 0.022743627429008484 -0.04398201406002045
v 0.016298970207571983 0.02295595593750477 -0.04503532499074936
v 0.015565957874059677 0.02461649477481842 -0.04595961421728134
v 0.014497220516204834 0.022743627429008484 -0.04398201406002045
v 0.015565957874059677 0.02461649477481842 -0.04595961421728134
v 0.013585701584815979 0.024312851950526237 -0.04504436254501343
v 0.017613990232348442 -0.0006065356428734958 -0.036157168447971344
v 0.01752813160419464 0.0036079741548746824 -0.037205420434474945
v 0.01745305210351944 0.005223908461630344 -0.03615611046552658
v 0.01745305210351944 0.005223908461630344 -0.03615611046552658
v 0.01752813160419464 0.0036079741548746824 -0.037205420434474945
v 0.01720789261162281 0.008063174784183502 -0.0378648079931736
v 0.01745305210351944 0.005223908461630344 -0.03615611046552658
v 0.01720789261162281 0.008063174784183502 -0.0378648079931736
v 0.01704564318060875 0.009207062423229218 -0.03615759313106537
v 0.01704564318060875 0.009207062423229218 -0.03615759313106537
v 0.01720789261162281 0.008063174784183502 -0.0378648079931736
v 0.016566332429647446 0.012474706396460533 -0.03878023475408554
v 0.01704564318060875 0.009207062423229218 -0.03615759313106537
v 0.016566332429647446 0.012474706396460533 -0.03878023475408554
v 0.01629752106964588 0.013011744245886803 -0.03676493838429451
v 0.01629752106964588 0.013011744245886803 -0.03676493838429451
v 0.016566332429647446 0.012474706396460533 -0.03878023475408554
v 0.015528484247624874 0.016815785318613052 -0.03999653831124306
v 0.01629752106964588 0.013011744245886803 -0.03676493838429451
v 0.015528484247624874 0.016815785318613052 -0.03999653831124306
v 0.014948722906410694 0.01720893755555153 -0.03813254088163376
v 0.014948722906410694 0.01720893755555153 -0.03813254088163376
v 0.015528484247624874 0.016815785318613052 -0.03999653831124306
v 0.013980802148580551 0.020878508687019348 -0.04162003472447395
v 0.014948722906410694 0.01720893755555153 -0.03813254088163376
v 0.013980802148580551 0.020878508687019348 -0.04162003472447395
v 0.013018405996263027 0.02105182223021984 -0.03993538022041321
v 0.013018405996263027 0.02105182223021984 -0.03993538022041321
v 0.013980802148580551 0.020878508687019348 -0.04162003472447395
v 0.013011465780436993 0.022642074152827263 -0.04264156520366669
v 0.013018405996263027 0.02105182223021984 -0.03993538022041321
v 0.013011465780436993 0.022642074152827263 -0.04264156520366669
v 0.011843773536384106 0.022699024528265 -0.04103659838438034
v 0.011843773536384106 0.022699024528265 -0.04103659838438034
v 0.013011465780436993 0.022642074152827263 -0.04264156520366669
v 0.011902324855327606 0.024121010676026344 -0.04380151256918907
v 0.011843773536384106 0.022699024528265 -0.04103659838438034
v 0.011902324855327606 0.024121010676026344 -0.04380151256918907
v 0.010534468106925488 0.024076901376247406 -0.04225505515933037
v 0.01752813160419464 0.0036079741548746824 -0.037205420434474945
v 0.01761809177696705 0.007658324670046568 -0.03991895541548729
v 0.01720789261162281 0.008063174784183502 -0.0378648079931736
v 0.01720789261162281 0.008063174784183502 -0.0378648079931736
v 0.01761809177696705 0.007658324670046568 -0.03991895541548729
v 0.017191730439662933 0.01213880442082882 -0.0406617745757103
v 0.01720789261162281 0.008063174784183502 -0.0378648079931736
v 0.017191730439662933 0.01213880442082882 -0.0406617745757103
v 0.016566332429647446 0.012474706396460533 -0.03878023475408554
v 0.016566332429647446 0.012474706396460533 -0.03878023475408554
v 0.017191730439662933 0.01213880442082882 -0.0406617745757103
v 0.016451243311166763 0.016621146351099014 -0.04167788475751877
v 0.016566332429647446 0.012474706396460533 -0.03878023475408554
v 0.016451243311166763 0.016621146351099014 -0.04167788475751877
v 0.015528484247624874 0.016815785318613052 -0.03999653831124306
v 0.015528484247624874 0.016815785318613052 -0.03999653831124306
v 0.016451243311166763 0.016621146351099014 -0.04167788475751877
v 0.015269751660525799 0.020878301933407784 -0.04307316243648529
v 0.015528484247624874 0.016815785318613052 -0.03999653831124306
v 0.015269751660525799 0.020878301933407784 -0.04307316243648529
v 0.013980802148580551 0.020878508687019348 -0.04162003472447395
v 0.013980802148580551 0.020878508687019348 -0.04162003472447395
v 0.015269751660525799 0.020878301933407784 -0.04307316243648529
v 0.014497220516204834 0.022743627429008484 -0.04398201406002045
v 0.013980802148580551 0.020878508687019348 -0.04162003472447395
v 0.014497220516204834 0.022743627429008484 -0.04398201406002045
v 0.013011465780436993 0.022642074152827263 -0.04264156520366669
v 0.013011465780436993 0.022642074152827263 -0.04264156520366669
v 0.014497220516204834 0.022743627429008484 -0.04398201406002045
v 0.013585701584815979 0.024312851950526237 -0.04504436254501343
v 0.013011465780436993 0.022642074152827263 -0.04264156520366669
v 0.013585701584815979 0.024312851950526237 -0.04504436254501343
v 0.011902324855327606 0.024121010676026344 -0.04380151256918907
v 0.025466015562415123 0.011618646793067455 -0.04783163219690323
v 0.025366006419062614 0.016418861225247383 -0.04796148091554642
v 0.02155712991952896 0.011759099550545216 -0.045228708535432816
v 0.02155712991952896 0.011759099550545216 -0.045228708535432816
v 0.025366006419062614 0.016418861225247383 -0.04796148091554642
v 0.021327681839466095 0.016531195491552353 -0.04560302197933197
v 0.02155712991952896 0.011759099550545216 -0.045228708535432816
v 0.021327681839466095 0.016531195491552353 -0.04560302197933197
v 0.019781580194830894 0.011843318119645119 -0.043864455074071884
v 0.032658640295267105 0.02621246688067913 -0.052433423697948456
v 0.03128010407090187 0.025578226894140244 -0.05161760002374649
v 0.033165741711854935 0.025605052709579468 -0.05275256931781769
v 0.033165741711854935 0.025605052709579468 -0.05275256931781769
v 0.03128010407090187 0.025578226894140244 -0.05161760002374649
v 0.02937740832567215 0.021039554849267006 -0.050455719232559204
v 0.033165741711854935 0.025605052709579468 -0.05275256931781769
v 0.02937740832567215 0.021039554849267006 -0.050455719232559204
v 0.033165767788887024 0.01614721119403839 -0.05275258049368858
v 0.033165767788887024 0.01614721119403839 -0.05275258049368858
v 0.02937740832567215 0.021039554849267006 -0.050455719232559204
v 0.029497018083930016 0.016258100047707558 -0.05044330656528473
v 0.033165767788887024 0.01614721119403839 -0.05275258049368858
v 0.029497018083930016 0.016258100047707558 -0.05044330656528473
v 0.025493917986750603 0.006930160336196423 -0.04775993898510933
v 0.025493917986750603 0.006930160336196423 -0.04775993898510933
v 0.029497018083930016 0.016258100047707558 -0.05044330656528473
v 0.025466015562415123 0.011618646793067455 -0.04783163219690323
v 0.025493917986750603 0.006930160336196423 -0.04775993898510933
v 0.025466015562415123 0.011618646793067455 -0.04783163219690323
v 0.021651193499565125 0.007090059109032154 -0.045005086809396744
v 0.021651193499565125 0.007090059109032154 -0.045005086809396744
v 0.025466015562415123 0.011618646793067455 -0.04783163219690323
v 0.02155712991952896 0.011759099550545216 -0.045228708535432816
v 0.021651193499565125 0.007090059109032154 -0.045005086809396744
v 0.02155712991952896 0.011759099550545216 -0.045228708535432816
v 0.019934644922614098 0.007215628866106272 -0.04350496828556061
v 0.019934644922614098 0.007215628866106272 -0.04350496828556061
v 0.02155712991952896 0.011759099550545216 -0.045228708535432816
v 0.019781580194830894 0.011843318119645119 -0.043864455074071884
v 0.019934644922614098 0.007215628866106272 -0.04350496828556061
v 0.019781580194830894 0.011843318119645119 -0.043864455074071884
v 0.018529381603002548 0.0073945303447544575 -0.041824012994766235
v 0.017613990232348442 -0.0006065356428734958 -0.036157168447971344
v 0.0176759772002697 -0.0006059479201212525 -0.03838507458567619
v 0.01752813160419464 0.0036079741548746824 -0.037205420434474945
v 0.01752813160419464 0.0036079741548746824 -0.037205420434474945
v 0.0176759772002697 -0.0006059479201212525 -0.03838507458567619
v 0.017791273072361946 0.0031992867588996887 -0.039407193660736084
v 0.01752813160419464 0.0036079741548746824 -0.037205420434474945
v 0.017791273072361946 0.0031992867588996887 -0.039407193660736084
v 0.01761809177696705 0.007658324670046568 -0.03991895541548729
v 0.01761809177696705 0.007658324670046568 -0.03991895541548729
v 0.017791273072361946 0.0031992867588996887 -0.039407193660736084
v 0.018529381603002548 0.0073945303447544575 -0.041824012994766235
v 0.01761809177696705 0.007658324670046568 -0.03991895541548729
v 0.018529381603002548 0.0073945303447544575 -0.041824012994766235
v 0.018273532390594482 0.011955775320529938 -0.04236439988017082
v 0.018273532390594482 0.011955775320529938 -0.04236439988017082
v 0.018529381603002548 0.0073945303447544575 -0.041824012994766235
v 0.019781580194830894 0.011843318119645119 -0.043864455074071884
v 0.018273532390594482 0.011955775320529938 -0.04236439988017082
v 0.019781580194830894 0.011843318119645119 -0.043864455074071884
v 0.019444357603788376 0.01655549556016922 -0.04442215710878372
v 0.019444357603788376 0.01655549556016922 -0.04442215710878372
v 0.019781580194830894 0.011843318119645119 -0.043864455074071884
v 0.021327681839466095 0.016531195491552353 -0.04560302197933197
v 0.019444357603788376 0.01655549556016922 -0.04442215710878372
v 0.021327681839466095 0.016531195491552353 -0.04560302197933197
v 0.02085183374583721 0.021183157339692116 -0.04621659964323044
v 0.02085183374583721 0.021183157339692116 -0.04621659964323044
v 0.021327681839466095 0.016531195491552353 -0.04560302197933197
v 0.025366006419062614 0.016418861225247383 -0.04796148091554642
v 0.02085183374583721 0.021183157339692116 -0.04621659964323044
v 0.025366006419062614 0.016418861225247383 -0.04796148091554642
v 0.02511667273938656 0.021169768646359444 -0.0481950081884861
v 0.02511667273938656 0.021169768646359444 -0.0481950081884861
v 0.025366006419062614 0.016418861225247383 -0.04796148091554642
v 0.027257181704044342 0.021110689267516136 -0.049288392066955566
v 0.02511667273938656 0.021169768646359444 -0.0481950081884861
v 0.027257181704044342 0.021110689267516136 -0.049288392066955566
v 0.024915236979722977 0.023395629599690437 -0.04839025437831879
v 0.024915236979722977 0.023395629599690437 -0.04839025437831879
v 0.027257181704044342 0.021110689267516136 -0.049288392066955566
v 0.026912664994597435 0.025497857481241226 -0.04951610788702965
v 0.024915236979722977 0.023395629599690437 -0.04839025437831879
v 0.026912664994597435 0.025497857481241226 -0.04951610788702965
v 0.024645594879984856 0.0254201740026474 -0.04866538569331169
v 0.024645594879984856 0.0254201740026474 -0.04866538569331169
v 0.026912664994597435 0.025497857481241226 -0.04951610788702965
v 0.023413782939314842 0.026212451979517937 -0.0485212504863739
v 0.024645594879984856 0.0254201740026474 -0.04866538569331169
v 0.023413782939314842 0.026212451979517937 -0.0485212504863739
v 0.022344162687659264 0.025301869958639145 -0.04792855307459831
v 0.022344162687659264 0.025301869958639145 -0.04792855307459831
v 0.023413782939314842 0.026212451979517937 -0.0485212504863739
v 0.02004045993089676 0.02621244639158249 -0.0478518083691597
v 0.022344162687659264 0.025301869958639145 -0.04792855307459831
v 0.02004045993089676 0.02621244639158249 -0.0478518083691597
v 0.020032135769724846 0.025133349001407623 -0.047276176512241364
v 0.020032135769724846 0.025133349001407623 -0.047276176512241364
v 0.02004045993089676 0.02621244639158249 -0.0478518083691597
v 0.016633644700050354 0.02621244080364704 -0.047535836696624756
v 0.020032135769724846 0.025133349001407623 -0.047276176512241364
v 0.016633644700050354 0.02621244080364704 -0.047535836696624756
v 0.015565957874059677 0.02461649477481842 -0.04595961421728134
v 0.015565957874059677 0.02461649477481842 -0.04595961421728134
v 0.016633644700050354 0.02621244080364704 -0.047535836696624756
v 0.014687188901007175 0.025868697091937065 -0.04705207794904709
v 0.015565957874059677 0.02461649477481842 -0.04595961421728134
v 0.014687188901007175 0.025868697091937065 -0.04705207794904709
v 0.013585701584815979 0.024312851950526237 -0.04504436254501343
v 0.013585701584815979 0.024312851950526237 -0.04504436254501343
v 0.014687188901007175 0.025868697091937065 -0.04705207794904709
v 0.01252852100878954 0.02548905648291111 -0.04625583440065384
v 0.013585701584815979 0.024312851950526237 -0.04504436254501343
v 0.01252852100878954 0.02548905648291111 -0.04625583440065384
v 0.011902324855327606 0.024121010676026344 -0.04380151256918907
v 0.011902324855327606 0.024121010676026344 -0.04380151256918907
v 0.01252852100878954 0.02548905648291111 -0.04625583440065384
v 0.010658321902155876 0.025236718356609344 -0.04508185386657715
v 0.011902324855327606 0.024121010676026344 -0.04380151256918907
v 0.010658321902155876 0.025236718356609344 -0.04508185386657715
v 0.010534468106925488 0.024076901376247406 -0.04225505515933037
v 0.010534468106925488 0.024076901376247406 -0.04225505515933037
v 0.010658321902155876 0.025236718356609344 -0.04508185386657715
v 0.009111052379012108 0.025129830464720726 -0.043562471866607666
v 0.010534468106925488 0.024076901376247406 -0.04225505515933037
v 0.009111052379012108 0.025129830464720726 -0.043562471866607666
v 0.009412853978574276 0.02416195720434189 -0.04048580303788185
v 0.009412853978574276 0.02416195720434189 -0.04048580303788185
v 0.009111052379012108 0.025129830464720726 -0.043562471866607666
v 0.007816438563168049 0.025121618062257767 -0.04179786518216133
v 0.009412853978574276 0.02416195720434189 -0.04048580303788185
v 0.007816438563168049 0.025121618062257767 -0.04179786518216133
v 0.008453319780528545 0.024437209591269493 -0.038546815514564514
v 0.008453319780528545 0.024437209591269493 -0.038546815514564514
v 0.007816438563168049 0.025121618062257767 -0.04179786518216133
v 0.005660185590386391 0.025553347542881966 -0.03780797868967056
v 0.008453319780528545 0.024437209591269493 -0.038546815514564514
v 0.005660185590386391 0.025553347542881966 -0.03780797868967056
v 0.007591922767460346 0.024883678182959557 -0.036508604884147644
v 0.007591922767460346 0.024883678182959557 -0.036508604884147644
v 0.005660185590386391 0.025553347542881966 -0.03780797868967056
v 0.006958533078432083 0.02517836168408394 -0.03615844249725342
v 0.007591922767460346 0.024883678182959557 -0.036508604884147644
v 0.006958533078432083 0.02517836168408394 -0.03615844249725342
v 0.008967848494648933 0.02420557290315628 -0.03615696355700493
v 0.0006072078831493855 0.026212409138679504 -0.05525096878409386
v 0.005608716979622841 0.02621241845190525 -0.052952516824007034
v 0.0006073152180761099 -0.022478170692920685 -0.05525096133351326
v 0.005608824547380209 -0.022478168830275536 -0.05295252799987793
v 0.010800521820783615 -0.022478174418210983 -0.05165303871035576
v 0.010748088359832764 -0.022478174418210983 -0.05166121944785118
v 0.005608716979622841 0.02621241845190525 -0.052952516824007034
v 0.005608716979622841 0.02621241845190525 -0.052952516824007034
v 0.010748088359832764 -0.022478174418210983 -0.05166121944785118
v 0.0056876265443861485 -0.022478168830275536 -0.05292506515979767
v 0.005608716979622841 0.02621241845190525 -0.052952516824007034
v 0.0056876265443861485 -0.022478168830275536 -0.05292506515979767
v 0.005608824547380209 -0.022478168830275536 -0.05295252799987793
v 0.005608716979622841 0.02621241845190525 -0.052952516824007034
v 0.01080041378736496 0.026212427765130997 -0.051653046160936356
v 0.010800521820783615 -0.022478174418210983 -0.05165303871035576
v 0.010800521820783615 -0.022478174418210983 -0.05165303871035576
v 0.01080041378736496 0.026212427765130997 -0.051653046160936356
v 0.016259947791695595 0.026212438941001892 -0.05132312327623367
v 0.01626005582511425 -0.022478170692920685 -0.051323115825653076
v 0.01626005582511425 -0.022478170692920685 -0.051323115825653076
v 0.016259947791695595 0.026212438941001892 -0.05132312327623367
v 0.016470475122332573 -0.022478170692920685 -0.051330842077732086
v 0.016470475122332573 -0.022478170692920685 -0.051330842077732086
v 0.016259947791695595 0.026212438941001892 -0.05132312327623367
v 0.021772397682070732 0.026212448254227638 -0.05203302204608917
v 0.016470475122332573 -0.022478170692920685 -0.051330842077732086
v 0.021772397682070732 0.026212448254227638 -0.05203302204608917
v 0.021772505715489388 -0.022478168830275536 -0.052033014595508575
v 0.021772505715489388 -0.022478168830275536 -0.052033014595508575
v 0.021772397682070732 0.026212448254227638 -0.05203302204608917
v 0.02207322232425213 -0.022478168830275536 -0.052102889865636826
v 0.02207322232425213 -0.022478168830275536 -0.052102889865636826
v 0.021772397682070732 0.026212448254227638 -0.05203302204608917
v 0.02268851548433304 0.026212450116872787 -0.05225636065006256
v 0.02207322232425213 -0.022478168830275536 -0.052102889865636826
v 0.02268851548433304 0.026212450116872787 -0.05225636065006256
v 0.02332005649805069 -0.022478174418210983 -0.05242867022752762
v 0.02332005649805069 -0.022478174418210983 -0.05242867022752762
v 0.02268851548433304 0.026212450116872787 -0.05225636065006256
v 0.02800348587334156 0.026212457567453384 -0.054208505898714066
v 0.02332005649805069 -0.022478174418210983 -0.05242867022752762
v 0.02800348587334156 0.026212457567453384 -0.054208505898714066
v 0.028003593906760216 -0.022478174418210983 -0.05420851334929466
v 0.028003593906760216 -0.022478174418210983 -0.05420851334929466
v 0.02800348587334156 0.026212457567453384 -0.054208505898714066
v 0.02848915383219719 -0.022478172555565834 -0.05444786697626114
v 0.02848915383219719 -0.022478172555565834 -0.05444786697626114
v 0.02800348587334156 0.026212457567453384 -0.054208505898714066
v 0.032905008643865585 0.02621246501803398 -0.0571923665702343
v 0.02848915383219719 -0.022478172555565834 -0.05444786697626114
v 0.032905008643865585 0.02621246501803398 -0.0571923665702343
v 0.03290511295199394 -0.022478174418210983 -0.0571923591196537
v 0.03290511295199394 -0.022478174418210983 -0.0571923591196537
v 0.032905008643865585 0.02621246501803398 -0.0571923665702343
v 0.03310716524720192 -0.022478172555565834 -0.05734572559595108
v 0.03310716524720192 -0.022478172555565834 -0.05734572559595108
v 0.032905008643865585 0.02621246501803398 -0.0571923665702343
v 0.036775365471839905 0.026212485507130623 -0.06068392097949982
v 0.03310716524720192 -0.022478172555565834 -0.05734572559595108
v 0.036775365471839905 0.026212485507130623 -0.06068392097949982
v 0.03677547350525856 -0.022478168830275536 -0.060683928430080414
v 0.03677547350525856 -0.022478168830275536 -0.060683928430080414
v 0.036775365471839905 0.026212485507130623 -0.06068392097949982
v 0.03702986240386963 -0.022478174418210983 -0.06096179410815239
v 0.03702986240386963 -0.022478174418210983 -0.06096179410815239
v 0.036775365471839905 0.026212485507130623 -0.06068392097949982
v 0.04016649350523949 0.02621249109506607 -0.06512410193681717
v 0.03702986240386963 -0.022478174418210983 -0.06096179410815239
v 0.04016649350523949 0.02621249109506607 -0.06512410193681717
v 0.04016660153865814 -0.022478170692920685 -0.06512410938739777
v 3.1703368676971877e-06 0.023999996483325958 0.031573522835969925
v 8.395970212404791e-07 0.023999996483325958 2.918916885974454e-09
v 0.005777238868176937 0.02329428680241108 0.03157352656126022
v 0.005777238868176937 0.02329428680241108 0.03157352656126022
v 8.395970212404791e-07 0.023999996483325958 2.918916885974454e-09
v 0.005777238868176937 0.023294273763895035 -7.238632360184738e-09
v 0.005777238868176937 0.02329428680241108 0.03157352656126022
v 0.005777238868176937 0.023294273763895035 -7.238632360184738e-09
v 0.011214765720069408 0.021218594163656235 0.031573522835969925
v 0.011214765720069408 0.021218596026301384 4.837318989814321e-09
v 0.011214765720069408 0.021218594163656235 0.031573522835969925
v 0.011214765720069408 0.021218596026301384 4.837318989814321e-09
v 0.01599274016916752 0.017895033583045006 0.031573519110679626
v 0.01599274016916752 0.017895035445690155 7.616403063792632e-10
v 0.01599274016916752 0.017895033583045006 0.031573519110679626
v 0.01599274016916752 0.017895035445690155 7.616403063792632e-10
v 0.019830167293548584 0.013519045896828175 0.031573519110679626
v 0.019830165430903435 0.013519047759473324 9.333017692014778e-10
v 0.019830167293548584 0.013519045896828175 0.031573519110679626
v 0.019830165430903435 0.013519047759473324 9.333017692014778e-10
v 0.02250136062502861 0.00834797602146864 0.03157353028655052
v 0.02250135876238346 0.008347976952791214 -5.177179573934154e-09
v 0.02250136062502861 0.00834797602146864 0.03157353028655052
v 0.02250135876238346 0.008347976952791214 -5.177179573934154e-09
v 0.023849226534366608 0.002685968764126301 0.031573519110679626
v 0.023849226534366608 0.002685969928279519 3.197367648422045e-10
v 0.023849226534366608 0.002685968764126301 0.031573519110679626
v 0.023849226534366608 0.002685969928279519 3.197367648422045e-10
v 0.023794494569301605 -0.003134007565677166 0.031573522835969925
v 0.023794494569301605 -0.0031340138521045446 3.952360216885609e-09
v 0.023794494569301605 -0.003134007565677166 0.031573522835969925
v 0.023794494569301605 -0.0031340138521045446 3.952360216885609e-09
v 0.022340385243296623 -0.008769674226641655 0.031573522835969925
v 0.022340385243296623 -0.00876967329531908 5.507057920794978e-09
v 0.022340385243296623 -0.008769674226641655 0.031573522835969925
v 0.022340385243296623 -0.00876967329531908 5.507057920794978e-09
v 0.019572414457798004 -0.013889583759009838 0.031573522835969925
v 0.019572414457798004 -0.013889582827687263 3.1396525379534523e-09
v 0.019572414457798004 -0.013889583759009838 0.031573522835969925
v 0.019572414457798004 -0.013889582827687263 3.1396525379534523e-09
v 0.015653371810913086 -0.018192635849118233 0.03157352656126022
v 0.015653371810913086 -0.018192635849118233 -6.516019279700913e-09
v 0.015653371810913086 -0.018192635849118233 0.03157352656126022
v 0.015653371810913086 -0.018192635849118233 -6.516019279700913e-09
v 0.010813737288117409 -0.021425757557153702 0.031573519110679626
v 0.010813737288117409 -0.021425755694508553 1.6521281009929112e-09
v 0.010813737288117409 -0.021425757557153702 0.031573519110679626
v 0.010813737288117409 -0.021425755694508553 1.6521281009929112e-09
v 0.0053381361067295074 -0.023398807272315025 0.03157352656126022
v 0.0053381361067295074 -0.023398807272315025 7.004413493660877e-09
v 0.0053381361067295074 -0.023398807272315025 0.03157352656126022
v 0.0053381361067295074 -0.023398807272315025 7.004413493660877e-09
v 3.2764712614152813e-06 -0.023999996483325958 0.03157352656126022
v 3.2764712614152813e-06 -0.023999996483325958 0.03157352656126022
v 0.0053381361067295074 -0.023398807272315025 7.004413493660877e-09
v 9.457312444283161e-07 -0.024000003933906555 -5.894544408135971e-09
v 0.0053381361067295074 -0.023398807272315025 7.004413493660877e-09
v 0.01599274016916752 0.017895035445690155 7.616403063792632e-10
v 0.011214765720069408 0.021218596026301384 4.837318989814321e-09
v 0.005777238868176937 0.023294273763895035 -7.238632360184738e-09
v 0.015653371810913086 -0.018192635849118233 -6.516019279700913e-09
v 0.023849226534366608 0.002685969928279519 3.197367648422045e-10
v 0.02250135876238346 0.008347976952791214 -5.177179573934154e-09
v 0.019572414457798004 -0.013889582827687263 3.1396525379534523e-09
v 0.022340385243296623 -0.00876967329531908 5.507057920794978e-09
v 0.023794494569301605 -0.0031340138521045446 3.952360216885609e-09
v 0.010813737288117409 -0.021425755694508553 1.6521281009929112e-09
v 0.019830165430903435 0.013519047759473324 9.333017692014778e-10
v 0.025620337575674057 0.026212500408291817 -0.05067579448223114
v 0.02562033012509346 0.029712500050663948 -0.05067579820752144
v 0.023137129843235016 0.026212496683001518 -0.04945748671889305
v 0.02313712053000927 0.02971249632537365 -0.04945748671889305
v 0.010396692901849747 0.026212474331259727 -0.049060460180044174
v 0.007068077567964792 0.02621246688067913 -0.04981425777077675
v -0.006871988996863365 0.026212433353066444 -0.1027531623840332
v 0.0012516166316345334 0.02621244639158249 -0.1085469126701355
v 0.0060449023731052876 0.026212453842163086 -0.11055730283260345
v 0.03479744493961334 0.026212530210614204 -0.05548349395394325
v 0.017786307260394096 0.026212487369775772 -0.04866497963666916
v 0.018920764327049255 0.02621248923242092 -0.04875616729259491
v 0.023137129843235016 0.026212496683001518 -0.04945748671889305
v 0.01464854460209608 0.026212481781840324 -0.04862303286790848
v 0.012378450483083725 0.026212478056550026 -0.048785049468278885
v 0.025620337575674057 0.026212500408291817 -0.05067579448223114
v -0.006634329911321402 0.026212435215711594 -0.10287527740001678
v 0.030407899990677834 0.026212507858872414 -0.05269978195428848
v -0.006007856223732233 0.026212435215711594 -0.1033424362540245
v -0.0031458106823265553 0.026212438941001892 -0.10577565431594849
v 0.011103534139692783 0.026212478056550026 -0.11175207048654556
v 0.01628977246582508 0.026212487369775772 -0.11209869384765625
v 0.02146240882575512 0.026212496683001518 -0.11158774048089981
v 0.006241067312657833 0.02621246501803398 -0.050060633569955826
v 0.0020069247111678123 0.026212457567453384 -0.05172320455312729
v -0.007634757086634636 0.026212433353066444 -0.10229569673538208
v -0.008246755227446556 0.026212431490421295 -0.10172676295042038
v 0.0444561168551445 0.0262125413864851 -0.06754465401172638
v 0.026480598375201225 0.026212505996227264 -0.1102331131696701
v 0.041918497532606125 0.02621253952383995 -0.0630083829164505
v 0.03866945207118988 0.026212535798549652 -0.05895117670297623
v -0.011204248294234276 0.026212427765130997 -0.097787044942379
v -0.0026603927835822105 0.026212448254227638 -0.05445734038949013
v -0.006800512783229351 0.026212438941001892 -0.05793854221701622
v -0.010295136831700802 0.026212431490421295 -0.06206733360886574
v -0.01304441038519144 0.026212424039840698 -0.06672575324773788
v -0.01496978010982275 0.02621241845190525 -0.07178068161010742
v 0.031207704916596413 0.02621251530945301 -0.1080717071890831
v 0.03551501780748367 0.026212524622678757 -0.1051623597741127
v 0.03928525745868683 0.026212532073259354 -0.1015843078494072
v 0.042415767908096313 0.02621253952383995 -0.09743495285511017
v 0.044821303337812424 0.026212546974420547 -0.09282727539539337
v 0.0464363768696785 0.026212550699710846 -0.0878867581486702
v -0.016016226261854172 0.026212414726614952 -0.07708767801523209
v -0.01615385338664055 0.026212411001324654 -0.08249511569738388
v -0.011204248294234276 0.026212427765130997 -0.097787044942379
v -0.013712992891669273 0.026212411001324654 -0.0929948091506958
v -0.013712992891669273 0.026212411001324654 -0.0929948091506958
v -0.01537872664630413 0.026212411001324654 -0.0878484845161438
v 0.047217004001140594 0.026212554425001144 -0.08274789899587631
v 0.04714193567633629 0.026212556287646294 -0.07755062729120255
v 0.0444561168551445 0.0262125413864851 -0.06754465401172638
v 0.04714193567633629 0.026212556287646294 -0.07755062729120255
v 0.04621320962905884 0.02621254324913025 -0.07243646681308746
v 0.034797437489032745 0.029712529852986336 -0.05548349395394325
v 0.03866944462060928 0.029712535440921783 -0.05895117670297623
v 0.033659711480140686 0.029712526127696037 -0.05863466486334801
v 0.011103525757789612 0.029712477698922157 -0.11175207048654556
v 0.006044894922524691 0.029712453484535217 -0.11055729538202286
v 0.011298613622784615 0.029712479561567307 -0.10856229066848755
v 0.03341609239578247 0.02971252053976059 -0.10340763628482819
v 0.033659711480140686 0.02971252240240574 -0.10257065296173096
v 0.03775812312960625 0.029712529852986336 -0.0984722450375557
v 0.033524151891469955 0.02971252240240574 -0.1017095297574997
v 0.03775811940431595 0.029712531715631485 -0.06273307651281357
v 0.03689700737595558 0.029712529852986336 -0.0628686398267746
v 0.0337304025888443 0.029712524265050888 -0.061816081404685974
v 0.03335288539528847 0.029712524265050888 -0.0606803223490715
v 0.033524151891469955 0.029712524265050888 -0.05949578806757927
v 0.01079754438251257 0.02971247211098671 -0.05203564837574959
v 0.011007523164153099 0.02971247211098671 -0.053254153579473495
v 0.008571991696953773 0.029712466523051262 -0.05566895753145218
v 0.010630907490849495 0.02971247211098671 -0.05443185940384865
v 0.00975287239998579 0.02971247024834156 -0.05530241131782532
v 0.0073182592168450356 0.029712457209825516 -0.10577362030744553
v 0.008490612730383873 0.029712460935115814 -0.1055326834321022
v 0.009646687656641006 0.029712462797760963 -0.1058424562215805
v 0.0337304025888443 0.02971252240240574 -0.09938924014568329
v 0.03457671031355858 0.029712524265050888 -0.09854292869567871
v 0.03335288539528847 0.02971252240240574 -0.10052499920129776
v 0.03571246564388275 0.029712527990341187 -0.09816541522741318
v 0.03689700365066528 0.029712529852986336 -0.09833668172359467
v 0.03571246564388275 0.029712527990341187 -0.06303990632295609
v 0.03457671031355858 0.029712526127696037 -0.06266239285469055
v 0.010541506111621857 0.029712462797760963 -0.10663728415966034
v 0.010985455475747585 0.029712462797760963 -0.10774876177310944
v 0.006378050893545151 0.029712455347180367 -0.10651420801877975
v 0.006378050893545151 0.029712455347180367 -0.10651420801877975
v 0.010985455475747585 0.029712462797760963 -0.10774876177310944
v 0.011298613622784615 0.029712479561567307 -0.10856229066848755
v 0.005700084380805492 0.029712455347180367 -0.10706216841936111
v 0.004853423684835434 0.029712453484535217 -0.10726968199014664
v 0.0328395739197731 0.02971251867711544 -0.10406149178743362
v 0.035515010356903076 0.029712524265050888 -0.1051623672246933
v 0.029228128492832184 0.029712511226534843 -0.10630130022764206
v 0.031207697466015816 0.029712514951825142 -0.1080717071890831
v 0.025328120216727257 0.029712503775954247 -0.10798927396535873
v 0.02648059092462063 0.029712505638599396 -0.1102331206202507
v 0.021223297342658043 0.02971249632537365 -0.10908916592597961
v 0.021462399512529373 0.02971249632537365 -0.11158774048089981
v 0.01700180396437645 0.029712488874793053 -0.10957733541727066
v 0.016289765015244484 0.029712487012147903 -0.11209869384765625
v 0.012754293158650398 0.029712481424212456 -0.10944332182407379
v 0.01192808710038662 0.029712479561567307 -0.10916533321142197
v 0.03341609239578247 0.029712526127696037 -0.05779767781496048
v 0.0328395739197731 0.029712524265050888 -0.05714383348822594
v 0.030407892540097237 0.029712507501244545 -0.05269976705312729
v 0.02887664921581745 0.029712503775954247 -0.05472327023744583
v 0.02562033012509346 0.029712500050663948 -0.05067579820752144
v 0.02457817830145359 0.02971249632537365 -0.05296626314520836
v 0.02313712053000927 0.02971249632537365 -0.04945748671889305
v 0.020054372027516365 0.029712488874793053 -0.05191789194941521
v 0.01778630167245865 0.029712487012147903 -0.04866498336195946
v 0.015421229414641857 0.029712481424212456 -0.05160500854253769
v 0.012378443032503128 0.029712477698922157 -0.04878505319356918
v 0.007068069651722908 0.029712466523051262 -0.04981426149606705
v 0.03928525000810623 0.029712531715631485 -0.1015843078494072
v 0.038595106452703476 0.029712531715631485 -0.09822862595319748
v 0.04241575673222542 0.029712539166212082 -0.09743494540452957
v 0.03924895450472832 0.029712533578276634 -0.09765210747718811
v 0.044821299612522125 0.02971254661679268 -0.09282727539539337
v 0.04191682115197182 0.02971254102885723 -0.09318821132183075
v 0.0464363694190979 0.029712550342082977 -0.0878867581486702
v 0.043744537979364395 0.02971254661679268 -0.08831960707902908
v 0.047217000275850296 0.029712554067373276 -0.08274789899587631
v 0.04467332735657692 0.029712550342082977 -0.08320284634828568
v 0.04714192450046539 0.029712555930018425 -0.07755063474178314
v 0.04467332735657692 0.029712552204728127 -0.07800247520208359
v 0.04621320217847824 0.02971254289150238 -0.07243646681308746
v 0.0437445342540741 0.029712537303566933 -0.07288572192192078
v 0.044456109404563904 0.02971254102885723 -0.06754464656114578
v 0.04191682115197182 0.029712537303566933 -0.06801711022853851
v 0.041918493807315826 0.029712539166212082 -0.0630083829164505
v 0.039248958230018616 0.029712533578276634 -0.06355322152376175
v 0.038595106452703476 0.029712533578276634 -0.06297669559717178
v -0.007806489709764719 0.029712434858083725 -0.0637444481253624
v -0.007521793711930513 0.029712436720728874 -0.05868111550807953
v -0.004464451689273119 0.029712442308664322 -0.05984809994697571
v -0.006800519768148661 0.029712438583374023 -0.057938531041145325
v -0.000487784476717934 0.02971244975924492 -0.05660204961895943
v -0.002660400466993451 0.02971244789659977 -0.054457344114780426
v 0.003998912405222654 0.029712459072470665 -0.05410799756646156
v 0.0020069170277565718 0.029712457209825516 -0.05172320827841759
v 0.004853423219174147 0.029712460935115814 -0.053935639560222626
v 0.006241059396415949 0.029712464660406113 -0.050060633569955826
v 0.005700083915144205 0.029712462797760963 -0.05414315313100815
v 0.006378050893545151 0.029712462797760963 -0.05469111353158951
v 0.007355332374572754 0.029712464660406113 -0.05544857308268547
v 0.003998912405222654 0.029712451621890068 -0.107097327709198
v 0.0012516089482232928 0.02971244603395462 -0.1085469126701355
v -0.0004877845640294254 0.02971244417130947 -0.10460327565670013
v -0.0031458179000765085 0.029712438583374023 -0.10577566176652908
v -0.004464451223611832 0.029712438583374023 -0.10135722160339355
v -0.008112473413348198 0.029712431132793427 -0.10175454616546631
v -0.008749372325837612 0.029712431132793427 -0.10114074498414993
v -0.007806490175426006 0.029712434858083725 -0.09746088087558746
v -0.011204256676137447 0.029712427407503128 -0.097787044942379
v -0.01040918380022049 0.029712416231632233 -0.09303631633520126
v -0.013713001273572445 0.029712410643696785 -0.0929948017001152
v -0.01219098549336195 0.029712416231632233 -0.08822218328714371
v -0.015378733165562153 0.029712410643696785 -0.0878484845161438
v -0.013096065260469913 0.029712416231632233 -0.08316931128501892
v -0.016153860837221146 0.029712410643696785 -0.08249511569738388
v -0.013096065260469913 0.029712418094277382 -0.07803601026535034
v -0.016016235575079918 0.029712414368987083 -0.07708767801523209
v -0.012190986424684525 0.02971242181956768 -0.07298313081264496
v -0.014969786629080772 0.029712418094277382 -0.07178066670894623
v -0.010409184731543064 0.029712427407503128 -0.0681689977645874
v -0.013044418767094612 0.02971242368221283 -0.06672573834657669
v -0.010295144282281399 0.029712431132793427 -0.06206733360886574
v -0.006551605649292469 0.029712434858083725 -0.10280843824148178
v -0.006947652902454138 0.029712432995438576 -0.10247065126895905
v -0.007400522008538246 0.029712432995438576 -0.10219907760620117
v -0.006007856223732233 0.026212435215711594 -0.1033424362540245
v -0.006634329911321402 0.026212435215711594 -0.10287527740001678
v -0.006282520480453968 0.02796206995844841 -0.10307592898607254
v -0.006282520480453968 0.02796206995844841 -0.10307592898607254
v -0.006634329911321402 0.026212435215711594 -0.10287527740001678
v -0.006551605649292469 0.029712434858083725 -0.10280843824148178
v -0.006551605649292469 0.029712434858083725 -0.10280843824148178
v -0.006634329911321402 0.026212435215711594 -0.10287527740001678
v -0.006947652902454138 0.029712432995438576 -0.10247065126895905
v -0.006947652902454138 0.029712432995438576 -0.10247065126895905
v -0.006634329911321402 0.026212435215711594 -0.10287527740001678
v -0.006871988996863365 0.026212433353066444 -0.1027531623840332
v -0.006947652902454138 0.029712432995438576 -0.10247065126895905
v -0.006871988996863365 0.026212433353066444 -0.1027531623840332
v -0.007400522008538246 0.029712432995438576 -0.10219907760620117
v -0.008500896394252777 0.02796206623315811 -0.10143401473760605
v -0.008749372325837612 0.029712431132793427 -0.10114074498414993
v -0.008112473413348198 0.029712431132793427 -0.10175454616546631
v -0.007400522008538246 0.029712432995438576 -0.10219907760620117
v -0.006871988996863365 0.026212433353066444 -0.1027531623840332
v -0.007634757086634636 0.026212433353066444 -0.10229569673538208
v -0.007400522008538246 0.029712432995438576 -0.10219907760620117
v -0.007634757086634636 0.026212433353066444 -0.10229569673538208
v -0.008112473413348198 0.029712431132793427 -0.10175454616546631
v -0.008112473413348198 0.029712431132793427 -0.10175454616546631
v -0.007634757086634636 0.026212433353066444 -0.10229569673538208
v -0.008246755227446556 0.026212431490421295 -0.10172676295042038
v -0.008112473413348198 0.029712431132793427 -0.10175454616546631
v -0.008246755227446556 0.026212431490421295 -0.10172676295042038
v -0.008500896394252777 0.02796206623315811 -0.10143401473760605
v 0.018556011840701103 0.04129550978541374 -0.06632907688617706
v 0.022283554077148438 0.041295524686574936 -0.05241769552230835
v 0.022430600598454475 0.0411839596927166 -0.052382636815309525
v 0.023835914209485054 0.03984266147017479 -0.05331401526927948
v 0.018556011840701103 0.04129550978541374 -0.06632907688617706
v 0.023385368287563324 0.0403129868209362 -0.05282985419034958
v 0.023385368287563324 0.0403129868209362 -0.05282985419034958
v 0.023155460134148598 0.04053632542490959 -0.05265948548913002
v 0.022430600598454475 0.0411839596927166 -0.052382636815309525
v 0.022463615983724594 0.0411575548350811 -0.052380967885255814
v 0.018556011840701103 0.04129550978541374 -0.06632907688617706
v 0.022463615983724594 0.0411575548350811 -0.052380967885255814
v 0.022814355790615082 0.040854763239622116 -0.05246620997786522
v 0.023835914209485054 0.03984266147017479 -0.05331401526927948
v 0.023889608681201935 0.03978179022669792 -0.05339394509792328
v 0.018556011840701103 0.04129550978541374 -0.06632907688617706
v 0.023889608681201935 0.03978179022669792 -0.05339394509792328
v 0.024132179096341133 0.03947202488780022 -0.05391501635313034
v 0.018556011840701103 0.04129550978541374 -0.06632907688617706
v 0.024132179096341133 0.03947202488780022 -0.05391501635313034
v 0.024186531081795692 0.03937805816531181 -0.05414479225873947
v 0.024186531081795692 0.03937805816531181 -0.05414479225873947
v 0.024211233481764793 0.03930584713816643 -0.05438516288995743
v 0.024211233481764793 0.03930584713816643 -0.05438516288995743
v 0.0241546668112278 0.03924288973212242 -0.054886169731616974
v 0.02091890014708042 0.039242878556251526 -0.06696221232414246
v -0.008500901982188225 0.02796206623315811 -0.10143402218818665
v -0.008246755227446556 0.026212431490421295 -0.10172676295042038
v -0.011204248294234276 0.026212427765130997 -0.097787044942379
v 0.023137129843235016 0.026212496683001518 -0.04945748671889305
v 0.02313712053000927 0.02971249632537365 -0.04945748671889305
v 0.018920764327049255 0.02621248923242092 -0.04875616729259491
v 0.018920764327049255 0.02621248923242092 -0.04875616729259491
v 0.02313712053000927 0.02971249632537365 -0.04945748671889305
v 0.01778630167245865 0.029712487012147903 -0.04866498336195946
v 0.010396692901849747 0.026212474331259727 -0.049060460180044174
v 0.012378450483083725 0.026212478056550026 -0.048785049468278885
v 0.012378443032503128 0.029712477698922157 -0.04878505319356918
v 0.012378443032503128 0.029712477698922157 -0.04878505319356918
v 0.012378450483083725 0.026212478056550026 -0.048785049468278885
v 0.01464854460209608 0.026212481781840324 -0.04862303286790848
v 0.012378443032503128 0.029712477698922157 -0.04878505319356918
v 0.01464854460209608 0.026212481781840324 -0.04862303286790848
v 0.01778630167245865 0.029712487012147903 -0.04866498336195946
v 0.01778630167245865 0.029712487012147903 -0.04866498336195946
v 0.01464854460209608 0.026212481781840324 -0.04862303286790848
v 0.017786307260394096 0.026212487369775772 -0.04866497963666916
v 0.01778630167245865 0.029712487012147903 -0.04866498336195946
v 0.017786307260394096 0.026212487369775772 -0.04866497963666916
v 0.018920764327049255 0.02621248923242092 -0.04875616729259491
v 0.010396692901849747 0.026212474331259727 -0.049060460180044174
v 0.012378443032503128 0.029712477698922157 -0.04878505319356918
v 0.007068077567964792 0.02621246688067913 -0.04981425777077675
v 0.007068077567964792 0.02621246688067913 -0.04981425777077675
v 0.012378443032503128 0.029712477698922157 -0.04878505319356918
v 0.007068069651722908 0.029712466523051262 -0.04981426149606705
v 0.007068077567964792 0.02621246688067913 -0.04981425777077675
v 0.007068069651722908 0.029712466523051262 -0.04981426149606705
v 0.006241067312657833 0.02621246501803398 -0.050060633569955826
v 0.006241059396415949 0.029712464660406113 -0.050060633569955826
v 0.006241067312657833 0.02621246501803398 -0.050060633569955826
v 0.006241059396415949 0.029712464660406113 -0.050060633569955826
v 0.0020069247111678123 0.026212457567453384 -0.05172320455312729
v 0.0020069170277565718 0.029712457209825516 -0.05172320827841759
v 0.0020069247111678123 0.026212457567453384 -0.05172320455312729
v 0.0020069170277565718 0.029712457209825516 -0.05172320827841759
v -0.002660400466993451 0.02971244789659977 -0.054457344114780426
v -0.0026603927835822105 0.026212448254227638 -0.05445734038949013
v -0.0026603927835822105 0.026212448254227638 -0.05445734038949013
v -0.002660400466993451 0.02971244789659977 -0.054457344114780426
v -0.006800519768148661 0.029712438583374023 -0.057938531041145325
v -0.006800512783229351 0.026212438941001892 -0.05793854221701622
v -0.006800512783229351 0.026212438941001892 -0.05793854221701622
v -0.006800519768148661 0.029712438583374023 -0.057938531041145325
v -0.007521793711930513 0.029712436720728874 -0.05868111550807953
v -0.006800512783229351 0.026212438941001892 -0.05793854221701622
v -0.007521793711930513 0.029712436720728874 -0.05868111550807953
v -0.010295136831700802 0.026212431490421295 -0.06206733360886574
v -0.007521793711930513 0.029712436720728874 -0.05868111550807953
v -0.010295144282281399 0.029712431132793427 -0.06206733360886574
v -0.010295136831700802 0.026212431490421295 -0.06206733360886574
v -0.010295136831700802 0.026212431490421295 -0.06206733360886574
v -0.010295144282281399 0.029712431132793427 -0.06206733360886574
v -0.013044418767094612 0.02971242368221283 -0.06672573834657669
v -0.01304441038519144 0.026212424039840698 -0.06672575324773788
v -0.01304441038519144 0.026212424039840698 -0.06672575324773788
v -0.013044418767094612 0.02971242368221283 -0.06672573834657669
v -0.014969786629080772 0.029712418094277382 -0.07178066670894623
v -0.01496978010982275 0.02621241845190525 -0.07178068161010742
v -0.01496978010982275 0.02621241845190525 -0.07178068161010742
v -0.014969786629080772 0.029712418094277382 -0.07178066670894623
v -0.016016235575079918 0.029712414368987083 -0.07708767801523209
v -0.016016226261854172 0.026212414726614952 -0.07708767801523209
v -0.016016226261854172 0.026212414726614952 -0.07708767801523209
v -0.016016235575079918 0.029712414368987083 -0.07708767801523209
v -0.016153860837221146 0.029712410643696785 -0.08249511569738388
v -0.01615385338664055 0.026212411001324654 -0.08249511569738388
v -0.01615385338664055 0.026212411001324654 -0.08249511569738388
v -0.016153860837221146 0.029712410643696785 -0.08249511569738388
v -0.015378733165562153 0.029712410643696785 -0.0878484845161438
v -0.01537872664630413 0.026212411001324654 -0.0878484845161438
v -0.01537872664630413 0.026212411001324654 -0.0878484845161438
v -0.015378733165562153 0.029712410643696785 -0.0878484845161438
v -0.013713001273572445 0.029712410643696785 -0.0929948017001152
v -0.013712992891669273 0.026212411001324654 -0.0929948091506958
v -0.013712992891669273 0.026212411001324654 -0.0929948091506958
v -0.013713001273572445 0.029712410643696785 -0.0929948017001152
v -0.011204256676137447 0.029712427407503128 -0.097787044942379
v -0.011204248294234276 0.026212427765130997 -0.097787044942379
v -0.011204248294234276 0.026212427765130997 -0.097787044942379
v -0.011204256676137447 0.029712427407503128 -0.097787044942379
v -0.008749372325837612 0.029712431132793427 -0.10114074498414993
v -0.011204248294234276 0.026212427765130997 -0.097787044942379
v -0.008749372325837612 0.029712431132793427 -0.10114074498414993
v -0.008500901982188225 0.02796206623315811 -0.10143402218818665
v 0.015139423310756683 0.041412483900785446 -0.08962026238441467
v 0.014010229147970676 0.04141248017549515 -0.0901026725769043
v 0.008192499168217182 0.04141246899962425 -0.05616586282849312
v 0.013029852882027626 0.04141248017549515 -0.09074926376342773
v 0.007737313862890005 0.04141246899962425 -0.056099068373441696
v 0.005341647658497095 0.041412465274333954 -0.057020820677280426
v 0.009495647624135017 0.04141246899962425 -0.0959225445985794
v 0.002920908387750387 0.041412461549043655 -0.05824965611100197
v 0.0006427357438951731 0.041412439197301865 -0.059726107865571976
v 0.009249910712242126 0.04141247272491455 -0.05605887994170189
v 0.018138211220502853 0.041412483900785446 -0.06928513199090958
v 0.018409574404358864 0.041412483900785446 -0.07026763260364532
v 0.01620754413306713 0.041412483900785446 -0.08936848491430283
v 0.016598407179117203 0.041412487626075745 -0.08932126313447952
v 0.011503726243972778 0.04141247645020485 -0.052824538201093674
v 0.021366441622376442 0.04141249507665634 -0.05214383825659752
v 0.011406311765313148 0.04141247645020485 -0.05388287454843521
v 0.021909795701503754 0.04141249507665634 -0.05257081240415573
v 0.010957151651382446 0.04141247645020485 -0.054846107959747314
v 0.018245713785290718 0.041412483900785446 -0.06624535471200943
v 0.0102090397849679 0.04141247272491455 -0.05560101568698883
v 0.018055347725749016 0.041412483900785446 -0.0672524943947792
v 0.018019283190369606 0.041412483900785446 -0.06825985759496689
v 0.018828943371772766 0.041412483900785446 -0.07119562476873398
v 0.019249025732278824 0.04141249135136604 -0.08864649385213852
v 0.019374579191207886 0.041412483900785446 -0.07203501462936401
v 0.020062165334820747 0.041412483900785446 -0.07280636578798294
v 0.011303604580461979 0.04141247645020485 -0.051951803267002106
v 0.015421203337609768 0.041412483900785446 -0.051605015993118286
v 0.020054345950484276 0.04141249507665634 -0.05191788077354431
v 0.017360983416438103 0.041412487626075745 -0.08921658992767334
v -0.007804764900356531 0.041412435472011566 -0.070183664560318
v -0.006230582483112812 0.041412439197301865 -0.06717275083065033
v -0.002803101669996977 0.04141243174672127 -0.09699854999780655
v -0.004274302162230015 0.04141242802143097 -0.06439485400915146
v -0.001969866920262575 0.041412435472011566 -0.06189819797873497
v -0.009997440502047539 0.04141242802143097 -0.08007745444774628
v -0.008209421299397945 0.04141242802143097 -0.09005232155323029
v -0.00984274409711361 0.04141242802143097 -0.08347152918577194
v -0.009243269450962543 0.04141242429614067 -0.08681583404541016
v -0.009704677388072014 0.04141242802143097 -0.07669249176979065
v -0.008969533257186413 0.04141243174672127 -0.07337537407875061
v -0.006759138777852058 0.04141242802143097 -0.09312484413385391
v 0.012318196706473827 0.04141247645020485 -0.09140755981206894
v 0.008192499168217182 0.04141246899962425 -0.05616586282849312
v 0.012318196706473827 0.04141247645020485 -0.09140755981206894
v 0.011621697805821896 0.041412461549043655 -0.09229250252246857
v 0.011621697805821896 0.041412461549043655 -0.09229250252246857
v 0.01154092326760292 0.041412461549043655 -0.09241770952939987
v 0.02084941789507866 0.041412487626075745 -0.0734562799334526
v 0.021457489579916 0.041412487626075745 -0.07392822206020355
v 0.02096157893538475 0.04141249507665634 -0.08766829967498779
v 0.022411759942770004 0.04141249880194664 -0.08633162826299667
v 0.010380508378148079 0.04141247272491455 -0.09538192301988602
v 0.0099714994430542 0.04141247272491455 -0.09577114880084991
v 0.010525720193982124 0.04141247272491455 -0.09505675733089447
v 0.01073821447789669 0.04141247272491455 -0.0942637100815773
v 0.01073821447789669 0.04141247272491455 -0.0942637100815773
v 0.008192499168217182 0.04141246899962425 -0.05616586282849312
v 0.011099760420620441 0.04141244292259216 -0.09324426203966141
v 0.011099760420620441 0.04141244292259216 -0.09324426203966141
v 0.01154092326760292 0.041412461549043655 -0.09241770952939987
v -0.0037188970018178225 0.041412387043237686 -0.09689120948314667
v -0.004353313706815243 0.04141240194439888 -0.09655385464429855
v -0.008969533257186413 0.04141243174672127 -0.07337537407875061
v -0.008969533257186413 0.04141243174672127 -0.07337537407875061
v -0.004353313706815243 0.04141240194439888 -0.09655385464429855
v -0.004917584825307131 0.04141242802143097 -0.09598007798194885
v -0.004917584825307131 0.04141242802143097 -0.09598007798194885
v -0.003100286703556776 0.04141243174672127 -0.09700540453195572
v -0.008969533257186413 0.04141243174672127 -0.07337537407875061
v -0.003100286703556776 0.04141243174672127 -0.09700540453195572
v -0.0037188970018178225 0.041412387043237686 -0.09689120948314667
v 0.02424774132668972 0.04141250252723694 -0.08286887407302856
v 0.023801550269126892 0.04141250625252724 -0.07706937193870544
v 0.02454039826989174 0.04141250252723694 -0.08091847598552704
v 0.024389108642935753 0.04141250625252724 -0.07895205914974213
v 0.021457489579916 0.041412487626075745 -0.07392822206020355
v 0.022807534784078598 0.04141250252723694 -0.07536595314741135
v 0.022807534784078598 0.04141250252723694 -0.07536595314741135
v 0.023525990545749664 0.04141249880194664 -0.08470429480075836
v 0.009736868552863598 0.03924284502863884 -0.09867964684963226
v 0.009834283031523228 0.03853882476687431 -0.09879574924707413
v -0.0004472238651942462 0.03853879123926163 -0.09969525784254074
v -0.0033891682978719473 0.03924282267689705 -0.09982802718877792
v -0.0033891682978719473 0.03924282267689705 -0.09982802718877792
v -0.0004472238651942462 0.03853879123926163 -0.09969525784254074
v -0.0005897482624277472 0.03847106546163559 -0.09971962124109268
v -0.0033891682978719473 0.03924282267689705 -0.09982802718877792
v -0.0005897482624277472 0.03847106546163559 -0.09971962124109268
v -0.0007382531184703112 0.0383915975689888 -0.0997464507818222
v -0.005044631659984589 0.03471243381500244 -0.10077475011348724
v -0.005610996391624212 0.03839288651943207 -0.10017285495996475
v -0.003041098127141595 0.03647017851471901 -0.10028833895921707
v -0.003041098127141595 0.03647017851471901 -0.10028833895921707
v -0.005610996391624212 0.03839288651943207 -0.10017285495996475
v -0.005190739408135414 0.03868460655212402 -0.10008445382118225
v -0.005190739408135414 0.03868460655212402 -0.10008445382118225
v -0.004862678237259388 0.03886823356151581 -0.10002325475215912
v -0.0007382531184703112 0.0383915975689888 -0.0997464507818222
v -0.000872009142767638 0.03830694407224655 -0.09977321326732635
v -0.0033891682978719473 0.03924282267689705 -0.09982802718877792
v -0.0033891682978719473 0.03924282267689705 -0.09982802718877792
v -0.000872009142767638 0.03830694407224655 -0.09977321326732635
v -0.0009629749692976475 0.03823774307966232 -0.09979367256164551
v -0.0009629749692976475 0.03823774307966232 -0.09979367256164551
v -0.004089039750397205 0.03915657103061676 -0.09990452975034714
v -0.004706507083028555 0.03894263505935669 -0.099996417760849
v -0.004862678237259388 0.03886823356151581 -0.10002325475215912
v 0.023155460134148598 0.04053632542490959 -0.05265948548913002
v 0.022814355790615082 0.040854763239622116 -0.05246620997786522
v 0.023035429418087006 0.037272002547979355 -0.052522316575050354
v 0.023385368287563324 0.0403129868209362 -0.05282985419034958
v 0.023155460134148598 0.04053632542490959 -0.05265948548913002
v 0.023710116744041443 0.037323903292417526 -0.05284304544329643
v 0.023710116744041443 0.037323903292417526 -0.05284304544329643
v 0.023155460134148598 0.04053632542490959 -0.05265948548913002
v 0.023035429418087006 0.037272002547979355 -0.052522316575050354
v 0.023710116744041443 0.037323903292417526 -0.05284304544329643
v 0.023035429418087006 0.037272002547979355 -0.052522316575050354
v 0.02304011397063732 0.03719545528292656 -0.05252353847026825
v 0.024186531081795692 0.03937805816531181 -0.05414479225873947
v 0.024132179096341133 0.03947202488780022 -0.05391501635313034
v 0.02424166537821293 0.037440892308950424 -0.05343803018331528
v 0.02424166537821293 0.037440892308950424 -0.05343803018331528
v 0.024132179096341133 0.03947202488780022 -0.05391501635313034
v 0.023889608681201935 0.03978179022669792 -0.05339394509792328
v 0.02424166537821293 0.037440892308950424 -0.05343803018331528
v 0.023889608681201935 0.03978179022669792 -0.05339394509792328
v 0.023710116744041443 0.037323903292417526 -0.05284304544329643
v 0.023710116744041443 0.037323903292417526 -0.05284304544329643
v 0.023889608681201935 0.03978179022669792 -0.05339394509792328
v 0.023835914209485054 0.03984266147017479 -0.05331401526927948
v 0.023710116744041443 0.037323903292417526 -0.05284304544329643
v 0.023835914209485054 0.03984266147017479 -0.05331401526927948
v 0.023385368287563324 0.0403129868209362 -0.05282985419034958
v 0.02449895069003105 0.037519246339797974 -0.054218944162130356
v 0.02444262057542801 0.03754272684454918 -0.054969798773527145
v 0.02429802529513836 0.038393016904592514 -0.05493014678359032
v 0.02424166537821293 0.037440892308950424 -0.05343803018331528
v 0.02424662373960018 0.03744211420416832 -0.05344662815332413
v 0.024186531081795692 0.03937805816531181 -0.05414479225873947
v 0.024186531081795692 0.03937805816531181 -0.05414479225873947
v 0.02424662373960018 0.03744211420416832 -0.05344662815332413
v 0.02449895069003105 0.037519246339797974 -0.054218944162130356
v 0.024186531081795692 0.03937805816531181 -0.05414479225873947
v 0.02449895069003105 0.037519246339797974 -0.054218944162130356
v 0.024211233481764793 0.03930584713816643 -0.05438516288995743
v 0.024211233481764793 0.03930584713816643 -0.05438516288995743
v 0.02449895069003105 0.037519246339797974 -0.054218944162130356
v 0.02429802529513836 0.038393016904592514 -0.05493014678359032
v 0.024211233481764793 0.03930584713816643 -0.05438516288995743
v 0.02429802529513836 0.038393016904592514 -0.05493014678359032
v 0.0241546668112278 0.03924288973212242 -0.054886169731616974
v 0.02459540218114853 0.03664718195796013 -0.05500972270965576
v 0.02444262057542801 0.03754272684454918 -0.054969798773527145
v 0.02467806078493595 0.0364261269569397 -0.05480438470840454
v 0.02467806078493595 0.0364261269569397 -0.05480438470840454
v 0.02444262057542801 0.03754272684454918 -0.054969798773527145
v 0.02449895069003105 0.037519246339797974 -0.054218944162130356
v 0.02467806078493595 0.0364261269569397 -0.05480438470840454
v 0.02449895069003105 0.037519246339797974 -0.054218944162130356
v 0.024734927341341972 0.03621305525302887 -0.05459863319993019
v 0.024734927341341972 0.03621305525302887 -0.05459863319993019
v 0.02449895069003105 0.037519246339797974 -0.054218944162130356
v 0.024773020297288895 0.03591814637184143 -0.05429992452263832
v 0.024773020297288895 0.03591814637184143 -0.05429992452263832
v 0.02449895069003105 0.037519246339797974 -0.054218944162130356
v 0.024763111025094986 0.03567644953727722 -0.0540412999689579
v 0.024763111025094986 0.03567644953727722 -0.0540412999689579
v 0.02449895069003105 0.037519246339797974 -0.054218944162130356
v 0.02424662373960018 0.03744211420416832 -0.05344662815332413
v 0.024763111025094986 0.03567644953727722 -0.0540412999689579
v 0.02424662373960018 0.03744211420416832 -0.05344662815332413
v 0.024750731885433197 0.03559969365596771 -0.05395612493157387
v 0.024750731885433197 0.03559969365596771 -0.05395612493157387
v 0.02424662373960018 0.03744211420416832 -0.05344662815332413
v 0.024583378806710243 0.03519466519355774 -0.05347433686256409
v 0.024583378806710243 0.03519466519355774 -0.05347433686256409
v 0.02424662373960018 0.03744211420416832 -0.05344662815332413
v 0.02424166537821293 0.037440892308950424 -0.05343803018331528
v 0.024583378806710243 0.03519466519355774 -0.05347433686256409
v 0.02424166537821293 0.037440892308950424 -0.05343803018331528
v 0.02432505041360855 0.034939467906951904 -0.05312462896108627
v 0.02432505041360855 0.034939467906951904 -0.05312462896108627
v 0.02424166537821293 0.037440892308950424 -0.05343803018331528
v 0.023710116744041443 0.037323903292417526 -0.05284304544329643
v 0.02432505041360855 0.034939467906951904 -0.05312462896108627
v 0.023710116744041443 0.037323903292417526 -0.05284304544329643
v 0.024155117571353912 0.034843649715185165 -0.05297229066491127
v 0.024155117571353912 0.034843649715185165 -0.05297229066491127
v 0.023710116744041443 0.037323903292417526 -0.05284304544329643
v 0.0239531509578228 0.03477067872881889 -0.05283588171005249
v 0.0239531509578228 0.03477067872881889 -0.05283588171005249
v 0.023710116744041443 0.037323903292417526 -0.05284304544329643
v 0.02304011397063732 0.03719545528292656 -0.05252353847026825
v 0.0239531509578228 0.03477067872881889 -0.05283588171005249
v 0.02304011397063732 0.03719545528292656 -0.05252353847026825
v 0.023494461551308632 0.03471250459551811 -0.05264478176832199
v 0.041783805936574936 0.03769731894135475 -0.08060266077518463
v 0.041707269847393036 0.03771253302693367 -0.08060266077518463
v 0.04148649051785469 0.03771253302693367 -0.07722698152065277
v 0.03981349617242813 0.037697311490774155 -0.09052985161542892
v 0.039742760360240936 0.03771254047751427 -0.0905006155371666
v 0.0408279150724411 0.03771254047751427 -0.0872965008020401
v 0.03457861766219139 0.037703271955251694 -0.0985417440533638
v 0.0345563106238842 0.037705209106206894 -0.09855564683675766
v 0.036434419453144073 0.03769730031490326 -0.0963977500796318
v 0.0345563106238842 0.037705209106206894 -0.09855564683675766
v 0.0343162827193737 0.03771252557635307 -0.09872668236494064
v 0.03637363389134407 0.03771252930164337 -0.09635123610496521
v 0.036434415727853775 0.03769730031490326 -0.06480757892131805
v 0.0345563106238842 0.037705209106206894 -0.0626496747136116
v 0.03457861766219139 0.037703271955251694 -0.06266357749700546
v 0.03637363016605377 0.03771252930164337 -0.06485407799482346
v 0.0343162827193737 0.03771252557635307 -0.062478646636009216
v 0.0345563106238842 0.037705209106206894 -0.0626496747136116
v 0.03457861766219139 0.037703271955251694 -0.0985417440533638
v 0.036434419453144073 0.03769730031490326 -0.0963977500796318
v 0.0348108671605587 0.03765394911170006 -0.09841446578502655
v 0.0345563106238842 0.037705209106206894 -0.09855564683675766
v 0.03637363389134407 0.03771252930164337 -0.09635123610496521
v 0.036434419453144073 0.03769730031490326 -0.0963977500796318
v 0.036434419453144073 0.03769730031490326 -0.0963977500796318
v 0.03637363389134407 0.03771252930164337 -0.09635123610496521
v 0.03824952244758606 0.03771253675222397 -0.09353610128164291
v 0.038315847516059875 0.037697307765483856 -0.09357430040836334
v 0.0408279150724411 0.03771254047751427 -0.0872965008020401
v 0.04148649051785469 0.037712544202804565 -0.08397834002971649
v 0.04090185463428497 0.03769731521606445 -0.08731626719236374
v 0.04156237468123436 0.03769731521606445 -0.08398830145597458
v 0.04148649051785469 0.03771253302693367 -0.07722698152065277
v 0.0408279150724411 0.03771253302693367 -0.07390881329774857
v 0.04156237468123436 0.03769731894135475 -0.07721701264381409
v 0.04090185463428497 0.03769731894135475 -0.07388904690742493
v 0.0345563106238842 0.037705209106206894 -0.0626496747136116
v 0.036434415727853775 0.03769730031490326 -0.06480757892131805
v 0.03637363016605377 0.03771252930164337 -0.06485407799482346
v 0.03637363016605377 0.03771252930164337 -0.06485407799482346
v 0.036434415727853775 0.03769730031490326 -0.06480757892131805
v 0.03831584379076958 0.03769730404019356 -0.06763102859258652
v 0.03637363016605377 0.03771252930164337 -0.06485407799482346
v 0.03831584379076958 0.03769730404019356 -0.06763102859258652
v 0.03824952244758606 0.03771253302693367 -0.06766921281814575
v 0.03824952244758606 0.03771253302693367 -0.06766921281814575
v 0.03831584379076958 0.03769730404019356 -0.06763102859258652
v 0.03981349617242813 0.03769730404019356 -0.07067546993494034
v 0.03824952244758606 0.03771253302693367 -0.06766921281814575
v 0.03981349617242813 0.03769730404019356 -0.07067546993494034
v 0.039742764085531235 0.03771253302693367 -0.07070469856262207
v 0.03917135298252106 0.03765396028757095 -0.09210775047540665
v 0.03837207704782486 0.03765396028757095 -0.09360668063163757
v 0.038315847516059875 0.037697307765483856 -0.09357430040836334
v 0.038315847516059875 0.037697307765483856 -0.09357430040836334
v 0.03837207704782486 0.03765396028757095 -0.09360668063163757
v 0.03715336322784424 0.037653956562280655 -0.09552448987960815
v 0.038315847516059875 0.037697307765483856 -0.09357430040836334
v 0.03715336322784424 0.037653956562280655 -0.09552448987960815
v 0.036434419453144073 0.03769730031490326 -0.0963977500796318
v 0.036434419453144073 0.03769730031490326 -0.0963977500796318
v 0.03715336322784424 0.037653956562280655 -0.09552448987960815
v 0.0364859513938427 0.037653952836990356 -0.09643717855215073
v 0.036434419453144073 0.03769730031490326 -0.0963977500796318
v 0.0364859513938427 0.037653952836990356 -0.09643717855215073
v 0.0348108671605587 0.03765394911170006 -0.09841446578502655
v 0.03824952244758606 0.03771253675222397 -0.09353610128164291
v 0.039742760360240936 0.03771254047751427 -0.0905006155371666
v 0.038315847516059875 0.037697307765483856 -0.09357430040836334
v 0.03981349617242813 0.037697311490774155 -0.09052985161542892
v 0.038315847516059875 0.037697307765483856 -0.09357430040836334
v 0.03981349617242813 0.037697311490774155 -0.09052985161542892
v 0.03917135298252106 0.03765396028757095 -0.09210775047540665
v 0.03917135298252106 0.03765396028757095 -0.09210775047540665
v 0.03981349617242813 0.037697311490774155 -0.09052985161542892
v 0.03987346217036247 0.03765396401286125 -0.0905546322464943
v 0.04090185463428497 0.03769731521606445 -0.08731626719236374
v 0.03981349617242813 0.037697311490774155 -0.09052985161542892
v 0.04090185463428497 0.03769731521606445 -0.08731626719236374
v 0.04064715653657913 0.03765396401286125 -0.08842422068119049
v 0.03981349617242813 0.037697311490774155 -0.09052985161542892
v 0.04064715653657913 0.03765396401286125 -0.08842422068119049
v 0.03987346217036247 0.03765396401286125 -0.0905546322464943
v 0.0417751707136631 0.037653956562280655 -0.0825587809085846
v 0.0416267067193985 0.037653952836990356 -0.08399675041437149
v 0.04156237468123436 0.03769731521606445 -0.08398830145597458
v 0.04156237468123436 0.03769731521606445 -0.08398830145597458
v 0.0416267067193985 0.037653952836990356 -0.08399675041437149
v 0.04117543250322342 0.037653952836990356 -0.08648782223463058
v 0.04156237468123436 0.03769731521606445 -0.08398830145597458
v 0.04117543250322342 0.037653952836990356 -0.08648782223463058
v 0.04090185463428497 0.03769731521606445 -0.08731626719236374
v 0.04090185463428497 0.03769731521606445 -0.08731626719236374
v 0.04117543250322342 0.037653952836990356 -0.08648782223463058
v 0.04096453636884689 0.037653952836990356 -0.08733303099870682
v 0.04090185463428497 0.03769731521606445 -0.08731626719236374
v 0.04096453636884689 0.037653952836990356 -0.08733303099870682
v 0.04064715653657913 0.03765396401286125 -0.08842422068119049
v 0.04148649051785469 0.037712544202804565 -0.08397834002971649
v 0.041707269847393036 0.03771253302693367 -0.08060266077518463
v 0.04156237468123436 0.03769731521606445 -0.08398830145597458
v 0.04156237468123436 0.03769731521606445 -0.08398830145597458
v 0.041707269847393036 0.03771253302693367 -0.08060266077518463
v 0.041783805936574936 0.03769731894135475 -0.08060266077518463
v 0.04156237468123436 0.03769731521606445 -0.08398830145597458
v 0.041783805936574936 0.03769731894135475 -0.08060266077518463
v 0.0417751707136631 0.037653956562280655 -0.0825587809085846
v 0.0417751707136631 0.037653956562280655 -0.0825587809085846
v 0.041783805936574936 0.03769731894135475 -0.08060266077518463
v 0.04184868931770325 0.037653956562280655 -0.08060266077518463
v 0.04156237468123436 0.03769731894135475 -0.07721701264381409
v 0.041783805936574936 0.03769731894135475 -0.08060266077518463
v 0.04156237468123436 0.03769731894135475 -0.07721701264381409
v 0.0417751707136631 0.037653956562280655 -0.07864654064178467
v 0.041783805936574936 0.03769731894135475 -0.08060266077518463
v 0.0417751707136631 0.037653956562280655 -0.07864654064178467
v 0.04184868931770325 0.037653956562280655 -0.08060266077518463
v 0.04064716026186943 0.037653956562280655 -0.07278110086917877
v 0.04096453636884689 0.037653956562280655 -0.07387229800224304
v 0.04090185463428497 0.03769731894135475 -0.07388904690742493
v 0.04090185463428497 0.03769731894135475 -0.07388904690742493
v 0.04096453636884689 0.037653956562280655 -0.07387229800224304
v 0.04117543250322342 0.037653956562280655 -0.07471749186515808
v 0.04090185463428497 0.03769731894135475 -0.07388904690742493
v 0.04117543250322342 0.037653956562280655 -0.07471749186515808
v 0.04156237468123436 0.03769731894135475 -0.07721701264381409
v 0.04156237468123436 0.03769731894135475 -0.07721701264381409
v 0.04117543250322342 0.037653956562280655 -0.07471749186515808
v 0.0416267067193985 0.037653956562280655 -0.07720856368541718
v 0.04156237468123436 0.03769731894135475 -0.07721701264381409
v 0.0416267067193985 0.037653956562280655 -0.07720856368541718
v 0.0417751707136631 0.037653956562280655 -0.07864654064178467
v 0.0408279150724411 0.03771253302693367 -0.07390881329774857
v 0.039742764085531235 0.03771253302693367 -0.07070469856262207
v 0.04090185463428497 0.03769731894135475 -0.07388904690742493
v 0.04090185463428497 0.03769731894135475 -0.07388904690742493
v 0.039742764085531235 0.03771253302693367 -0.07070469856262207
v 0.03981349617242813 0.03769730404019356 -0.07067546993494034
v 0.04090185463428497 0.03769731894135475 -0.07388904690742493
v 0.03981349617242813 0.03769730404019356 -0.07067546993494034
v 0.04064716026186943 0.037653956562280655 -0.07278110086917877
v 0.04064716026186943 0.037653956562280655 -0.07278110086917877
v 0.03981349617242813 0.03769730404019356 -0.07067546993494034
v 0.03987346217036247 0.037653956562280655 -0.07065068930387497
v 0.03987346217036247 0.037653956562280655 -0.07065068930387497
v 0.03981349617242813 0.03769730404019356 -0.07067546993494034
v 0.039171356707811356 0.037653956562280655 -0.06909757107496262
v 0.039171356707811356 0.037653956562280655 -0.06909757107496262
v 0.03981349617242813 0.03769730404019356 -0.07067546993494034
v 0.03831584379076958 0.03769730404019356 -0.06763102859258652
v 0.039171356707811356 0.037653956562280655 -0.06909757107496262
v 0.03831584379076958 0.03769730404019356 -0.06763102859258652
v 0.03837207704782486 0.037653956562280655 -0.06759864836931229
v 0.03837207704782486 0.037653956562280655 -0.06759864836931229
v 0.03831584379076958 0.03769730404019356 -0.06763102859258652
v 0.03715336322784424 0.037653952836990356 -0.06568082422018051
v 0.03715336322784424 0.037653952836990356 -0.06568082422018051
v 0.03831584379076958 0.03769730404019356 -0.06763102859258652
v 0.036434415727853775 0.03769730031490326 -0.06480757892131805
v 0.03715336322784424 0.037653952836990356 -0.06568082422018051
v 0.036434415727853775 0.03769730031490326 -0.06480757892131805
v 0.0364859513938427 0.037653952836990356 -0.06476815044879913
v 0.0364859513938427 0.037653952836990356 -0.06476815044879913
v 0.036434415727853775 0.03769730031490326 -0.06480757892131805
v 0.03457861766219139 0.037703271955251694 -0.06266357749700546
v 0.0364859513938427 0.037653952836990356 -0.06476815044879913
v 0.03457861766219139 0.037703271955251694 -0.06266357749700546
v 0.0348108671605587 0.03765394911170006 -0.06279084831476212
v 0.012490453198552132 0.03769725561141968 -0.10638607293367386
v 0.01250016875565052 0.037712469696998596 -0.1063101589679718
v 0.015852581709623337 0.037712473422288895 -0.10651974380016327
v 0.03153940662741661 0.037697289139032364 -0.10128192603588104
v 0.03374309837818146 0.037705209106206894 -0.0993688553571701
v 0.0337291955947876 0.037703271955251694 -0.0993911623954773
v 0.03149303421378136 0.037712518125772476 -0.10122103244066238
v 0.03391413390636444 0.03771252557635307 -0.0991288274526596
v 0.03374309837818146 0.037705209106206894 -0.0993688553571701
v 0.012490453198552132 0.03769725561141968 -0.10638607293367386
v 0.012482217513024807 0.03765389323234558 -0.10645043849945068
v 0.00987501535564661 0.037653885781764984 -0.1059810221195221
v 0.009357335977256298 0.037712462246418 -0.10570880025625229
v 0.01250016875565052 0.037712469696998596 -0.1063101589679718
v 0.009625470265746117 0.03770514577627182 -0.10583116114139557
v 0.009625470265746117 0.03770514577627182 -0.10583116114139557
v 0.01250016875565052 0.037712469696998596 -0.1063101589679718
v 0.012490453198552132 0.03769725561141968 -0.10638607293367386
v 0.009625470265746117 0.03770514577627182 -0.10583116114139557
v 0.012490453198552132 0.03769725561141968 -0.10638607293367386
v 0.00964866392314434 0.037703223526477814 -0.10584352165460587
v 0.00964866392314434 0.037703223526477814 -0.10584352165460587
v 0.012490453198552132 0.03769725561141968 -0.10638607293367386
v 0.00987501535564661 0.037653885781764984 -0.1059810221195221
v 0.015852581709623337 0.037712473422288895 -0.10651974380016327
v 0.019203945994377136 0.037712495774030685 -0.10629399865865707
v 0.01585276611149311 0.037697259336709976 -0.10659628361463547
v 0.01585276611149311 0.037697259336709976 -0.10659628361463547
v 0.019203945994377136 0.037712495774030685 -0.10629399865865707
v 0.019214026629924774 0.03769726678729057 -0.10636986792087555
v 0.03374309837818146 0.037705209106206894 -0.0993688553571701
v 0.03153940662741661 0.037697289139032364 -0.10128192603588104
v 0.03149303421378136 0.037712518125772476 -0.10122103244066238
v 0.03149303421378136 0.037712518125772476 -0.10122103244066238
v 0.03153940662741661 0.037697289139032364 -0.10128192603588104
v 0.0287326630204916 0.037697285413742065 -0.10314512252807617
v 0.028694553300738335 0.03771251440048218 -0.10307874530553818
v 0.028694553300738335 0.03771251440048218 -0.10307874530553818
v 0.0287326630204916 0.037697285413742065 -0.10314512252807617
v 0.02570851892232895 0.03769727796316147 -0.10462967306375504
v 0.028694553300738335 0.03771251440048218 -0.10307874530553818
v 0.02570851892232895 0.03769727796316147 -0.10462967306375504
v 0.025679316371679306 0.03771250694990158 -0.10455892980098724
v 0.025679316371679306 0.03771250694990158 -0.10455892980098724
v 0.02570851892232895 0.03769727796316147 -0.10462967306375504
v 0.022517774254083633 0.03769727423787117 -0.10571064054965973
v 0.025679316371679306 0.03771250694990158 -0.10455892980098724
v 0.022517774254083633 0.03769727423787117 -0.10571064054965973
v 0.02249796688556671 0.03771250322461128 -0.10563670843839645
v 0.015852581709623337 0.037712473422288895 -0.10651974380016327
v 0.01585276611149311 0.037697259336709976 -0.10659628361463547
v 0.012490453198552132 0.03769725561141968 -0.10638607293367386
v 0.012490453198552132 0.03769725561141968 -0.10638607293367386
v 0.01585276611149311 0.037697259336709976 -0.10659628361463547
v 0.013373496010899544 0.03765389323234558 -0.10654894262552261
v 0.012490453198552132 0.03769725561141968 -0.10638607293367386
v 0.013373496010899544 0.03765389323234558 -0.10654894262552261
v 0.012482217513024807 0.03765389323234558 -0.10645043849945068
v 0.02073845826089382 0.037653908133506775 -0.10618709772825241
v 0.019222574308514595 0.037653904408216476 -0.10643418878316879
v 0.019214026629924774 0.03769726678729057 -0.10636986792087555
v 0.019214026629924774 0.03769726678729057 -0.10636986792087555
v 0.019222574308514595 0.037653904408216476 -0.10643418878316879
v 0.01706884056329727 0.03765390068292618 -0.10662984848022461
v 0.019214026629924774 0.03769726678729057 -0.10636986792087555
v 0.01706884056329727 0.03765390068292618 -0.10662984848022461
v 0.01585276611149311 0.037697259336709976 -0.10659628361463547
v 0.01585276611149311 0.037697259336709976 -0.10659628361463547
v 0.01706884056329727 0.03765390068292618 -0.10662984848022461
v 0.015852922573685646 0.03765389695763588 -0.10666116327047348
v 0.01585276611149311 0.037697259336709976 -0.10659628361463547
v 0.015852922573685646 0.03765389695763588 -0.10666116327047348
v 0.013373496010899544 0.03765389323234558 -0.10654894262552261
v 0.019203945994377136 0.037712495774030685 -0.10629399865865707
v 0.02249796688556671 0.03771250322461128 -0.10563670843839645
v 0.019214026629924774 0.03769726678729057 -0.10636986792087555
v 0.022517774254083633 0.03769727423787117 -0.10571064054965973
v 0.019214026629924774 0.03769726678729057 -0.10636986792087555
v 0.022517774254083633 0.03769727423787117 -0.10571064054965973
v 0.02073845826089382 0.037653908133506775 -0.10618709772825241
v 0.02073845826089382 0.037653908133506775 -0.10618709772825241
v 0.022517774254083633 0.03769727423787117 -0.10571064054965973
v 0.02253456972539425 0.03765392675995827 -0.10577331483364105
v 0.02253456972539425 0.03765392675995827 -0.10577331483364105
v 0.022517774254083633 0.03769727423787117 -0.10571064054965973
v 0.024308519437909126 0.03765392675995827 -0.10522960126399994
v 0.024308519437909126 0.03765392675995827 -0.10522960126399994
v 0.022517774254083633 0.03769727423787117 -0.10571064054965973
v 0.02570851892232895 0.03769727796316147 -0.10462967306375504
v 0.024308519437909126 0.03765392675995827 -0.10522960126399994
v 0.02570851892232895 0.03769727796316147 -0.10462967306375504
v 0.025733277201652527 0.037653930485248566 -0.10468965023756027
v 0.025733277201652527 0.037653930485248566 -0.10468965023756027
v 0.02570851892232895 0.03769727796316147 -0.10462967306375504
v 0.027707191184163094 0.037653934210538864 -0.10377662628889084
v 0.027707191184163094 0.037653934210538864 -0.10377662628889084
v 0.02570851892232895 0.03769727796316147 -0.10462967306375504
v 0.0287326630204916 0.037697285413742065 -0.10314512252807617
v 0.027707191184163094 0.037653934210538864 -0.10377662628889084
v 0.0287326630204916 0.037697285413742065 -0.10314512252807617
v 0.028764968737959862 0.03765393793582916 -0.10320138931274414
v 0.028764968737959862 0.03765393793582916 -0.10320138931274414
v 0.0287326630204916 0.037697285413742065 -0.10314512252807617
v 0.030866101384162903 0.03765394166111946 -0.10185740888118744
v 0.030866101384162903 0.03765394166111946 -0.10185740888118744
v 0.0287326630204916 0.037697285413742065 -0.10314512252807617
v 0.03153940662741661 0.037697289139032364 -0.10128192603588104
v 0.030866101384162903 0.03765394166111946 -0.10185740888118744
v 0.03153940662741661 0.037697289139032364 -0.10128192603588104
v 0.03157872334122658 0.03765394166111946 -0.10133354365825653
v 0.03157872334122658 0.03765394166111946 -0.10133354365825653
v 0.03153940662741661 0.037697289139032364 -0.10128192603588104
v 0.0337291955947876 0.037703271955251694 -0.0993911623954773
v 0.03157872334122658 0.03765394166111946 -0.10133354365825653
v 0.0337291955947876 0.037703271955251694 -0.0993911623954773
v 0.03360191732645035 0.03765394911170006 -0.0996234118938446
v -0.0011137071996927261 0.037903644144535065 -0.10010524839162827
v -0.0011104457080364227 0.03794344514608383 -0.10005547106266022
v -0.0010586928110569715 0.037978045642375946 -0.1000429093837738
v -0.0005799556965939701 0.037712447345256805 -0.10069544613361359
v -0.0006282985559664667 0.03769721835851669 -0.10075478255748749
v -0.0008656942518427968 0.037753231823444366 -0.10045207291841507
v -0.0008656942518427968 0.037753231823444366 -0.10045207291841507
v -0.0006282985559664667 0.03769721835851669 -0.10075478255748749
v -0.0009327279985882342 0.03776880353689194 -0.1004023626446724
v -0.0008656942518427968 0.037753231823444366 -0.10045207291841507
v -0.0009327279985882342 0.03776880353689194 -0.1004023626446724
v -0.0009025816689245403 0.0377681627869606 -0.1004071831703186
v -0.0009073610999621451 0.038139261305332184 -0.09990084171295166
v -0.0010026174131780863 0.037968091666698456 -0.10006210952997208
v -0.0010586928110569715 0.037978045642375946 -0.1000429093837738
v -0.0010586928110569715 0.037978045642375946 -0.1000429093837738
v -0.0010026174131780863 0.037968091666698456 -0.10006210952997208
v -0.0009917853167280555 0.03784172981977463 -0.10024374723434448
v -0.0010586928110569715 0.037978045642375946 -0.1000429093837738
v -0.0009917853167280555 0.03784172981977463 -0.10024374723434448
v -0.0009600518387742341 0.03775765746831894 -0.10041478276252747
v -0.0009073610999621451 0.038139261305332184 -0.09990084171295166
v -0.0008509791805408895 0.038303010165691376 -0.09978494793176651
v -0.0008611230296082795 0.03819373995065689 -0.09986105561256409
v -0.0008611230296082795 0.03819373995065689 -0.09986105561256409
v -0.0008509791805408895 0.038303010165691376 -0.09978494793176651
v -0.0008196619455702603 0.0382867231965065 -0.09980308264493942
v -0.0009073610999621451 0.038139261305332184 -0.09990084171295166
v -0.0010586928110569715 0.037978045642375946 -0.1000429093837738
v -0.0008509791805408895 0.038303010165691376 -0.09978494793176651
v -0.0008509791805408895 0.038303010165691376 -0.09978494793176651
v -0.0010586928110569715 0.037978045642375946 -0.1000429093837738
v -0.0011104457080364227 0.03794344514608383 -0.10005547106266022
v -0.0008509791805408895 0.038303010165691376 -0.09978494793176651
v -0.0011104457080364227 0.03794344514608383 -0.10005547106266022
v -0.0010032814461737871 0.03818164020776749 -0.09983310848474503
v -0.0004472238651942462 0.03853879123926163 -0.09969525784254074
v -0.0008611230296082795 0.03819373995065689 -0.09986105561256409
v -0.0005897482624277472 0.03847106546163559 -0.09971962124109268
v -0.0005897482624277472 0.03847106546163559 -0.09971962124109268
v -0.0008611230296082795 0.03819373995065689 -0.09986105561256409
v -0.0008196619455702603 0.0382867231965065 -0.09980308264493942
v -0.0005897482624277472 0.03847106546163559 -0.09971962124109268
v -0.0008196619455702603 0.0382867231965065 -0.09980308264493942
v -0.0007382531184703112 0.0383915975689888 -0.0997464507818222
v -0.0007382531184703112 0.0383915975689888 -0.0997464507818222
v -0.0008196619455702603 0.0382867231965065 -0.09980308264493942
v -0.0008509791805408895 0.038303010165691376 -0.09978494793176651
v -0.0007382531184703112 0.0383915975689888 -0.0997464507818222
v -0.0008509791805408895 0.038303010165691376 -0.09978494793176651
v -0.000872009142767638 0.03830694407224655 -0.09977321326732635
v -0.000872009142767638 0.03830694407224655 -0.09977321326732635
v -0.0008509791805408895 0.038303010165691376 -0.09978494793176651
v -0.0010032814461737871 0.03818164020776749 -0.09983310848474503
v -0.000872009142767638 0.03830694407224655 -0.09977321326732635
v -0.0010032814461737871 0.03818164020776749 -0.09983310848474503
v -0.0009629749692976475 0.03823774307966232 -0.09979367256164551
v -0.0009600518387742341 0.03775765746831894 -0.10041478276252747
v -0.0009889345383271575 0.037709884345531464 -0.10046592354774475
v -0.0010586928110569715 0.037978045642375946 -0.1000429093837738
v -0.0010586928110569715 0.037978045642375946 -0.1000429093837738
v -0.0009889345383271575 0.037709884345531464 -0.10046592354774475
v -0.0011081169359385967 0.037849731743335724 -0.10018114000558853
v -0.0010586928110569715 0.037978045642375946 -0.1000429093837738
v -0.0011081169359385967 0.037849731743335724 -0.10018114000558853
v -0.0011137071996927261 0.037903644144535065 -0.10010524839162827
v -0.0006692814058624208 0.03765387088060379 -0.10080508887767792
v -0.0009889345383271575 0.037709884345531464 -0.10046592354774475
v -0.0006282985559664667 0.03769721835851669 -0.10075478255748749
v -0.0006282985559664667 0.03769721835851669 -0.10075478255748749
v -0.0009889345383271575 0.037709884345531464 -0.10046592354774475
v -0.0009600518387742341 0.03775765746831894 -0.10041478276252747
v -0.0006282985559664667 0.03769721835851669 -0.10075478255748749
v -0.0009600518387742341 0.03775765746831894 -0.10041478276252747
v -0.0009327279985882342 0.03776880353689194 -0.1004023626446724
v -0.0009327279985882342 0.03776880353689194 -0.1004023626446724
v -0.0009600518387742341 0.03775765746831894 -0.10041478276252747
v -0.0009917853167280555 0.03784172981977463 -0.10024374723434448
v -0.0009327279985882342 0.03776880353689194 -0.1004023626446724
v -0.0009917853167280555 0.03784172981977463 -0.10024374723434448
v -0.0009025816689245403 0.0377681627869606 -0.1004071831703186
v 0.00630215834826231 0.03769724443554878 -0.10480288416147232
v 0.008514600805938244 0.03770514577627182 -0.10553350299596786
v 0.00848833005875349 0.037703223526477814 -0.10553261637687683
v 0.0063300952315330505 0.0377124585211277 -0.10473162680864334
v 0.008807988837361336 0.037712462246418 -0.10556160658597946
v 0.008514600805938244 0.03770514577627182 -0.10553350299596786
v 0.008514600805938244 0.03770514577627182 -0.10553350299596786
v 0.00630215834826231 0.03769724443554878 -0.10480288416147232
v 0.0063300952315330505 0.0377124585211277 -0.10473162680864334
v 0.0063300952315330505 0.0377124585211277 -0.10473162680864334
v 0.00630215834826231 0.03769724443554878 -0.10480288416147232
v 0.0038564400747418404 0.03769722580909729 -0.10369507968425751
v 0.0063300952315330505 0.0377124585211277 -0.10473162680864334
v 0.0038564400747418404 0.03769722580909729 -0.10369507968425751
v 0.0038915779441595078 0.0377124547958374 -0.10362708568572998
v 0.0038915779441595078 0.0377124547958374 -0.10362708568572998
v 0.0038564400747418404 0.03769722580909729 -0.10369507968425751
v 0.0015380429103970528 0.03769722208380699 -0.10234089195728302
v 0.001580007141456008 0.037712451070547104 -0.10227688401937485
v 0.001580007141456008 0.037712451070547104 -0.10227688401937485
v 0.0015380429103970528 0.03769722208380699 -0.10234089195728302
v -0.0006282985559664667 0.03769721835851669 -0.10075478255748749
v -0.0005799556965939701 0.037712447345256805 -0.10069544613361359
v -0.0006692814058624208 0.03765387088060379 -0.10080508887767792
v -0.0006282985559664667 0.03769721835851669 -0.10075478255748749
v 0.0006652752636000514 0.03765387088060379 -0.10182266682386398
v 0.0006652752636000514 0.03765387088060379 -0.10182266682386398
v -0.0006282985559664667 0.03769721835851669 -0.10075478255748749
v 0.0015380429103970528 0.03769722208380699 -0.10234089195728302
v 0.0006652752636000514 0.03765387088060379 -0.10182266682386398
v 0.0015380429103970528 0.03769722208380699 -0.10234089195728302
v 0.001502467435784638 0.03765387460589409 -0.10239514708518982
v 0.001502467435784638 0.03765387460589409 -0.10239514708518982
v 0.0015380429103970528 0.03769722208380699 -0.10234089195728302
v 0.0038564400747418404 0.03769722580909729 -0.10369507968425751
v 0.001502467435784638 0.03765387460589409 -0.10239514708518982
v 0.0038564400747418404 0.03769722580909729 -0.10369507968425751
v 0.0038266517221927643 0.03765387833118439 -0.10375271737575531
v 0.0038266517221927643 0.03765387833118439 -0.10375271737575531
v 0.0038564400747418404 0.03769722580909729 -0.10369507968425751
v 0.005448813084512949 0.03765387833118439 -0.10452142357826233
v 0.005448813084512949 0.03765387833118439 -0.10452142357826233
v 0.0038564400747418404 0.03769722580909729 -0.10369507968425751
v 0.00630215834826231 0.03769724443554878 -0.10480288416147232
v 0.005448813084512949 0.03765387833118439 -0.10452142357826233
v 0.00630215834826231 0.03769724443554878 -0.10480288416147232
v 0.006278474815189838 0.037653882056474686 -0.10486329346895218
v 0.006278474815189838 0.037653882056474686 -0.10486329346895218
v 0.00630215834826231 0.03769724443554878 -0.10480288416147232
v 0.00848833005875349 0.037703223526477814 -0.10553261637687683
v 0.006278474815189838 0.037653882056474686 -0.10486329346895218
v 0.00848833005875349 0.037703223526477814 -0.10553261637687683
v 0.008223558776080608 0.037653885781764984 -0.105538509786129
v 0.024507839232683182 0.03778496012091637 -0.056209102272987366
v 0.024373918771743774 0.037803586572408676 -0.056155916303396225
v 0.0247917789965868 0.037667181342840195 -0.056162212044000626
v 0.02400699071586132 0.038144346326589584 -0.05655721202492714
v 0.02389770746231079 0.038269635289907455 -0.05667881667613983
v 0.02389240264892578 0.03829319402575493 -0.05662478506565094
v 0.02389770746231079 0.038269635289907455 -0.05667881667613983
v 0.02372685819864273 0.0385388545691967 -0.05696241185069084
v 0.023792903870344162 0.03843927010893822 -0.05678930878639221
v 0.02430054359138012 0.03790247067809105 -0.05635354667901993
v 0.024169884622097015 0.03799573704600334 -0.056425370275974274
v 0.024164514616131783 0.038006749004125595 -0.05637907236814499
v 0.024164514616131783 0.038006749004125595 -0.05637907236814499
v 0.024169884622097015 0.03799573704600334 -0.056425370275974274
v 0.02400699071586132 0.038144346326589584 -0.05655721202492714
v 0.024512706324458122 0.037792693823575974 -0.05629187822341919
v 0.024513039737939835 0.03779257461428642 -0.05625097453594208
v 0.024611787870526314 0.037757765501737595 -0.05628472566604614
v 0.024611787870526314 0.037757765501737595 -0.05628472566604614
v 0.024513039737939835 0.03779257461428642 -0.05625097453594208
v 0.024507839232683182 0.03778496012091637 -0.056209102272987366
v 0.024611787870526314 0.037757765501737595 -0.05628472566604614
v 0.024507839232683182 0.03778496012091637 -0.056209102272987366
v 0.024912139400839806 0.037712495774030685 -0.056343890726566315
v 0.024912139400839806 0.037712495774030685 -0.056343890726566315
v 0.024507839232683182 0.03778496012091637 -0.056209102272987366
v 0.0249392781406641 0.037697043269872665 -0.05627172440290451
v 0.0249392781406641 0.037697043269872665 -0.05627172440290451
v 0.024507839232683182 0.03778496012091637 -0.056209102272987366
v 0.0247917789965868 0.037667181342840195 -0.056162212044000626
v 0.0249392781406641 0.037697043269872665 -0.05627172440290451
v 0.0247917789965868 0.037667181342840195 -0.056162212044000626
v 0.024961914867162704 0.03765392303466797 -0.056211523711681366
v 0.02389770746231079 0.038269635289907455 -0.05667881667613983
v 0.023792903870344162 0.03843927010893822 -0.05678930878639221
v 0.02389240264892578 0.03829319402575493 -0.05662478506565094
v 0.02389240264892578 0.03829319402575493 -0.05662478506565094
v 0.023792903870344162 0.03843927010893822 -0.05678930878639221
v 0.023865047842264175 0.03832347318530083 -0.05660411715507507
v 0.02389240264892578 0.03829319402575493 -0.05662478506565094
v 0.023865047842264175 0.03832347318530083 -0.05660411715507507
v 0.023875297978520393 0.03830554708838463 -0.05657799541950226
v 0.024512706324458122 0.037792693823575974 -0.05629187822341919
v 0.02430054359138012 0.03790247067809105 -0.05635354667901993
v 0.024513039737939835 0.03779257461428642 -0.05625097453594208
v 0.024513039737939835 0.03779257461428642 -0.05625097453594208
v 0.02430054359138012 0.03790247067809105 -0.05635354667901993
v 0.024164514616131783 0.038006749004125595 -0.05637907236814499
v 0.024513039737939835 0.03779257461428642 -0.05625097453594208
v 0.024164514616131783 0.038006749004125595 -0.05637907236814499
v 0.024507839232683182 0.03778496012091637 -0.056209102272987366
v 0.024507839232683182 0.03778496012091637 -0.056209102272987366
v 0.024164514616131783 0.038006749004125595 -0.05637907236814499
v 0.02414645254611969 0.0380103699862957 -0.05633150786161423
v 0.024507839232683182 0.03778496012091637 -0.056209102272987366
v 0.02414645254611969 0.0380103699862957 -0.05633150786161423
v 0.024373918771743774 0.037803586572408676 -0.056155916303396225
v 0.024373918771743774 0.037803586572408676 -0.056155916303396225
v 0.02414645254611969 0.0380103699862957 -0.05633150786161423
v 0.02411685883998871 0.0380055271089077 -0.056288544088602066
v 0.024373918771743774 0.037803586572408676 -0.056155916303396225
v 0.02411685883998871 0.0380055271089077 -0.056288544088602066
v 0.02398671954870224 0.03807377442717552 -0.056309450417757034
v 0.02400699071586132 0.038144346326589584 -0.05655721202492714
v 0.02389240264892578 0.03829319402575493 -0.05662478506565094
v 0.024164514616131783 0.038006749004125595 -0.05637907236814499
v 0.024164514616131783 0.038006749004125595 -0.05637907236814499
v 0.02389240264892578 0.03829319402575493 -0.05662478506565094
v 0.023875297978520393 0.03830554708838463 -0.05657799541950226
v 0.024164514616131783 0.038006749004125595 -0.05637907236814499
v 0.023875297978520393 0.03830554708838463 -0.05657799541950226
v 0.02414645254611969 0.0380103699862957 -0.05633150786161423
v 0.02414645254611969 0.0380103699862957 -0.05633150786161423
v 0.023875297978520393 0.03830554708838463 -0.05657799541950226
v 0.023935630917549133 0.038189228624105453 -0.05642702057957649
v 0.02414645254611969 0.0380103699862957 -0.05633150786161423
v 0.023935630917549133 0.038189228624105453 -0.05642702057957649
v 0.02411685883998871 0.0380055271089077 -0.056288544088602066
v 0.02411685883998871 0.0380055271089077 -0.056288544088602066
v 0.023935630917549133 0.038189228624105453 -0.05642702057957649
v 0.023959336802363396 0.038137879222631454 -0.05637050047516823
v 0.02411685883998871 0.0380055271089077 -0.056288544088602066
v 0.023959336802363396 0.038137879222631454 -0.05637050047516823
v 0.02398671954870224 0.03807377442717552 -0.056309450417757034
v 0.03374199941754341 0.037705060094594955 -0.06183471158146858
v 0.03391413018107414 0.03771252557635307 -0.06207648664712906
v 0.03193715214729309 0.037712521851062775 -0.06033020839095116
v 0.03202526271343231 0.037653930485248566 -0.060219600796699524
v 0.03360167145729065 0.037653740495443344 -0.061581388115882874
v 0.031985193490982056 0.03769705444574356 -0.060269903391599655
v 0.031985193490982056 0.03769705444574356 -0.060269903391599655
v 0.03360167145729065 0.037653740495443344 -0.061581388115882874
v 0.033729188144207 0.037703271955251694 -0.06181414797902107
v 0.031985193490982056 0.03769705444574356 -0.060269903391599655
v 0.033729188144207 0.037703271955251694 -0.06181414797902107
v 0.03374199941754341 0.037705060094594955 -0.06183471158146858
v 0.03202526271343231 0.037653930485248566 -0.060219600796699524
v 0.031985193490982056 0.03769705444574356 -0.060269903391599655
v 0.031480398029088974 0.037653930485248566 -0.0597972609102726
v 0.031480398029088974 0.037653930485248566 -0.0597972609102726
v 0.031985193490982056 0.03769705444574356 -0.060269903391599655
v 0.02978009544312954 0.03769705444574356 -0.05869416892528534
v 0.031480398029088974 0.037653930485248566 -0.0597972609102726
v 0.02978009544312954 0.03769705444574356 -0.05869416892528534
v 0.0298147089779377 0.037653930485248566 -0.05863995850086212
v 0.0298147089779377 0.037653930485248566 -0.05863995850086212
v 0.02978009544312954 0.03769705444574356 -0.05869416892528534
v 0.028549741953611374 0.03765392675995827 -0.05788171663880348
v 0.028549741953611374 0.03765392675995827 -0.05788171663880348
v 0.02978009544312954 0.03769705444574356 -0.05869416892528534
v 0.027422914281487465 0.03769705072045326 -0.057356592267751694
v 0.028549741953611374 0.03765392675995827 -0.05788171663880348
v 0.027422914281487465 0.03769705072045326 -0.057356592267751694
v 0.02745169773697853 0.03765392675995827 -0.05729907378554344
v 0.02745169773697853 0.03765392675995827 -0.05729907378554344
v 0.027422914281487465 0.03769705072045326 -0.057356592267751694
v 0.0249392781406641 0.037697043269872665 -0.05627172440290451
v 0.02745169773697853 0.03765392675995827 -0.05729907378554344
v 0.0249392781406641 0.037697043269872665 -0.05627172440290451
v 0.024961914867162704 0.03765392303466797 -0.056211523711681366
v 0.03374199941754341 0.037705060094594955 -0.06183471158146858
v 0.03193715214729309 0.037712521851062775 -0.06033020839095116
v 0.031985193490982056 0.03769705444574356 -0.060269903391599655
v 0.031985193490982056 0.03769705444574356 -0.060269903391599655
v 0.03193715214729309 0.037712521851062775 -0.06033020839095116
v 0.029738595709204674 0.03771250694990158 -0.05875914916396141
v 0.031985193490982056 0.03769705444574356 -0.060269903391599655
v 0.029738595709204674 0.03771250694990158 -0.05875914916396141
v 0.02978009544312954 0.03769705444574356 -0.05869416892528534
v 0.02978009544312954 0.03769705444574356 -0.05869416892528534
v 0.029738595709204674 0.03771250694990158 -0.05875914916396141
v 0.02738840878009796 0.03771250322461128 -0.05742555484175682
v 0.02978009544312954 0.03769705444574356 -0.05869416892528534
v 0.02738840878009796 0.03771250322461128 -0.05742555484175682
v 0.027422914281487465 0.03769705072045326 -0.057356592267751694
v 0.027422914281487465 0.03769705072045326 -0.057356592267751694
v 0.02738840878009796 0.03771250322461128 -0.05742555484175682
v 0.024912139400839806 0.037712495774030685 -0.056343890726566315
v 0.027422914281487465 0.03769705072045326 -0.057356592267751694
v 0.024912139400839806 0.037712495774030685 -0.056343890726566315
v 0.0249392781406641 0.037697043269872665 -0.05627172440290451
v 0.018245713785290718 0.041412483900785446 -0.06624535471200943
v 0.01840941607952118 0.04138286039233208 -0.06628952920436859
v 0.018222199752926826 0.0413835309445858 -0.06727113574743271
v 0.018245713785290718 0.041412483900785446 -0.06624535471200943
v 0.018222199752926826 0.0413835309445858 -0.06727113574743271
v 0.018055347725749016 0.041412483900785446 -0.0672524943947792
v 0.018055347725749016 0.041412483900785446 -0.0672524943947792
v 0.018222199752926826 0.0413835309445858 -0.06727113574743271
v 0.01818634383380413 0.041384007781744 -0.06826630979776382
v 0.018055347725749016 0.041412483900785446 -0.0672524943947792
v 0.01818634383380413 0.041384007781744 -0.06826630979776382
v 0.018019283190369606 0.041412483900785446 -0.06825985759496689
v 0.018019283190369606 0.041412483900785446 -0.06825985759496689
v 0.01818634383380413 0.041384007781744 -0.06826630979776382
v 0.01830085553228855 0.04138430580496788 -0.06925355643033981
v 0.018019283190369606 0.041412483900785446 -0.06825985759496689
v 0.01830085553228855 0.04138430580496788 -0.06925355643033981
v 0.018138211220502853 0.041412483900785446 -0.06928513199090958
v 0.018138211220502853 0.041412483900785446 -0.06928513199090958
v 0.01830085553228855 0.04138430580496788 -0.06925355643033981
v 0.01856493018567562 0.04138441011309624 -0.07021142542362213
v 0.018138211220502853 0.041412483900785446 -0.06928513199090958
v 0.01856493018567562 0.04138441011309624 -0.07021142542362213
v 0.018409574404358864 0.041412483900785446 -0.07026763260364532
v 0.018409574404358864 0.041412483900785446 -0.07026763260364532
v 0.01856493018567562 0.04138441011309624 -0.07021142542362213
v 0.01897445134818554 0.04138430580496788 -0.07111566513776779
v 0.018409574404358864 0.041412483900785446 -0.07026763260364532
v 0.01897445134818554 0.04138430580496788 -0.07111566513776779
v 0.018828943371772766 0.041412483900785446 -0.07119562476873398
v 0.018828943371772766 0.041412483900785446 -0.07119562476873398
v 0.01897445134818554 0.04138430580496788 -0.07111566513776779
v 0.019516833126544952 0.041384007781744 -0.07194561511278152
v 0.018828943371772766 0.041412483900785446 -0.07119562476873398
v 0.019516833126544952 0.041384007781744 -0.07194561511278152
v 0.019374579191207886 0.041412483900785446 -0.07203501462936401
v 0.019374579191207886 0.041412483900785446 -0.07203501462936401
v 0.019516833126544952 0.041384007781744 -0.07194561511278152
v 0.020178789272904396 0.0413835309445858 -0.07268508523702621
v 0.019374579191207886 0.041412483900785446 -0.07203501462936401
v 0.020178789272904396 0.0413835309445858 -0.07268508523702621
v 0.020062165334820747 0.041412483900785446 -0.07280636578798294
v 0.02084941789507866 0.041412487626075745 -0.0734562799334526
v 0.020062165334820747 0.041412483900785446 -0.07280636578798294
v 0.020947134122252464 0.041382864117622375 -0.07331771403551102
v 0.020947134122252464 0.041382864117622375 -0.07331771403551102
v 0.020062165334820747 0.041412483900785446 -0.07280636578798294
v 0.020178789272904396 0.0413835309445858 -0.07268508523702621
v 0.020947134122252464 0.041382864117622375 -0.07331771403551102
v 0.020178789272904396 0.0413835309445858 -0.07268508523702621
v 0.021034641191363335 0.04129551351070404 -0.07319363206624985
v 0.021034641191363335 0.04129551351070404 -0.07319363206624985
v 0.020178789272904396 0.0413835309445858 -0.07268508523702621
v 0.020283212885260582 0.041298072785139084 -0.07257654517889023
v 0.020283212885260582 0.041298072785139084 -0.07257654517889023
v 0.020178789272904396 0.0413835309445858 -0.07268508523702621
v 0.019516833126544952 0.041384007781744 -0.07194561511278152
v 0.020283212885260582 0.041298072785139084 -0.07257654517889023
v 0.019516833126544952 0.041384007781744 -0.07194561511278152
v 0.019635673612356186 0.04129992052912712 -0.07185453921556473
v 0.019635673612356186 0.04129992052912712 -0.07185453921556473
v 0.019516833126544952 0.041384007781744 -0.07194561511278152
v 0.01897445134818554 0.04138430580496788 -0.07111566513776779
v 0.019635673612356186 0.04129992052912712 -0.07185453921556473
v 0.01897445134818554 0.04138430580496788 -0.07111566513776779
v 0.01910521648824215 0.04130105301737785 -0.07104386389255524
v 0.01910521648824215 0.04130105301737785 -0.07104386389255524
v 0.01897445134818554 0.04138430580496788 -0.07111566513776779
v 0.01856493018567562 0.04138441011309624 -0.07021142542362213
v 0.01910521648824215 0.04130105301737785 -0.07104386389255524
v 0.01856493018567562 0.04138441011309624 -0.07021142542362213
v 0.018705038353800774 0.0413014255464077 -0.07016073912382126
v 0.018705038353800774 0.0413014255464077 -0.07016073912382126
v 0.01856493018567562 0.04138441011309624 -0.07021142542362213
v 0.01830085553228855 0.04138430580496788 -0.06925355643033981
v 0.018705038353800774 0.0413014255464077 -0.07016073912382126
v 0.01830085553228855 0.04138430580496788 -0.06925355643033981
v 0.018447300419211388 0.04130103811621666 -0.06922507286071777
v 0.018447300419211388 0.04130103811621666 -0.06922507286071777
v 0.01830085553228855 0.04138430580496788 -0.06925355643033981
v 0.01818634383380413 0.041384007781744 -0.06826630979776382
v 0.018447300419211388 0.04130103811621666 -0.06922507286071777
v 0.01818634383380413 0.041384007781744 -0.06826630979776382
v 0.018335958942770958 0.04129990562796593 -0.0682602971792221
v 0.018335958942770958 0.04129990562796593 -0.0682602971792221
v 0.01818634383380413 0.041384007781744 -0.06826630979776382
v 0.018222199752926826 0.0413835309445858 -0.06727113574743271
v 0.018335958942770958 0.04129990562796593 -0.0682602971792221
v 0.018222199752926826 0.0413835309445858 -0.06727113574743271
v 0.01837190054357052 0.04129805788397789 -0.06728783249855042
v 0.01837190054357052 0.04129805788397789 -0.06728783249855042
v 0.018222199752926826 0.0413835309445858 -0.06727113574743271
v 0.01840941607952118 0.04138286039233208 -0.06628952920436859
v 0.01837190054357052 0.04129805788397789 -0.06728783249855042
v 0.01840941607952118 0.04138286039233208 -0.06628952920436859
v 0.018556011840701103 0.04129550978541374 -0.06632907688617706
v 0.018245713785290718 0.041412483900785446 -0.06624535471200943
v 0.021909795701503754 0.04141249507665634 -0.05257081240415573
v 0.01840941607952118 0.04138286039233208 -0.06628952920436859
v 0.01840941607952118 0.04138286039233208 -0.06628952920436859
v 0.021909795701503754 0.04141249507665634 -0.05257081240415573
v 0.021914063021540642 0.04141248017549515 -0.052569158375263214
v 0.021914063021540642 0.04141248017549515 -0.052569158375263214
v 0.02214580401778221 0.0413692407310009 -0.05247600004076958
v 0.01840941607952118 0.04138286039233208 -0.06628952920436859
v 0.01840941607952118 0.04138286039233208 -0.06628952920436859
v 0.02214580401778221 0.0413692407310009 -0.05247600004076958
v 0.022283554077148438 0.041295524686574936 -0.05241769552230835
v 0.01840941607952118 0.04138286039233208 -0.06628952920436859
v 0.022283554077148438 0.041295524686574936 -0.05241769552230835
v 0.018556011840701103 0.04129550978541374 -0.06632907688617706
v 0.02425720915198326 0.041295528411865234 -0.08387482166290283
v 0.02380993962287903 0.041295528411865234 -0.084854856133461
v 0.023677945137023926 0.04138198494911194 -0.08478487282991409
v 0.016627490520477295 0.04129551351070404 -0.08964134007692337
v 0.016613684594631195 0.04138311743736267 -0.0894894003868103
v 0.017391841858625412 0.041381970047950745 -0.08938579261302948
v 0.01931696943938732 0.04138197377324104 -0.08880449831485748
v 0.018866777420043945 0.04129551723599434 -0.08914273977279663
v 0.017391841858625412 0.041381970047950745 -0.08938579261302948
v 0.017391841858625412 0.041381970047950745 -0.08938579261302948
v 0.018866777420043945 0.04129551723599434 -0.08914273977279663
v 0.01743510738015175 0.04129551351070404 -0.08952974528074265
v 0.017391841858625412 0.041381970047950745 -0.08938579261302948
v 0.01743510738015175 0.04129551351070404 -0.08952974528074265
v 0.016627490520477295 0.04129551351070404 -0.08964134007692337
v 0.02106316201388836 0.04138197749853134 -0.08780708909034729
v 0.020847097039222717 0.04129552096128464 -0.08814094215631485
v 0.01931696943938732 0.04138197377324104 -0.08880449831485748
v 0.01931696943938732 0.04138197377324104 -0.08880449831485748
v 0.020847097039222717 0.04129552096128464 -0.08814094215631485
v 0.019633131101727486 0.04129551723599434 -0.08882641047239304
v 0.01931696943938732 0.04138197377324104 -0.08880449831485748
v 0.019633131101727486 0.04129551723599434 -0.08882641047239304
v 0.018866777420043945 0.04129551723599434 -0.08914273977279663
v 0.022541826590895653 0.04138198122382164 -0.08644416183233261
v 0.022525010630488396 0.041295524686574936 -0.08668871223926544
v 0.02106316201388836 0.04138197749853134 -0.08780708909034729
v 0.02106316201388836 0.04138197749853134 -0.08780708909034729
v 0.022525010630488396 0.041295524686574936 -0.08668871223926544
v 0.02164269983768463 0.04129552096128464 -0.08754139393568039
v 0.02106316201388836 0.04138197749853134 -0.08780708909034729
v 0.02164269983768463 0.04129552096128464 -0.08754139393568039
v 0.020847097039222717 0.04129552096128464 -0.08814094215631485
v 0.02380993962287903 0.041295528411865234 -0.084854856133461
v 0.023800449445843697 0.041295528411865234 -0.08487270772457123
v 0.023677945137023926 0.04138198494911194 -0.08478487282991409
v 0.023677945137023926 0.04138198494911194 -0.08478487282991409
v 0.023800449445843697 0.041295528411865234 -0.08487270772457123
v 0.023215049877762794 0.041295524686574936 -0.0858246460556984
v 0.023677945137023926 0.04138198494911194 -0.08478487282991409
v 0.023215049877762794 0.041295524686574936 -0.0858246460556984
v 0.022541826590895653 0.04138198122382164 -0.08644416183233261
v 0.022541826590895653 0.04138198122382164 -0.08644416183233261
v 0.023215049877762794 0.041295524686574936 -0.0858246460556984
v 0.02308500185608864 0.041295524686574936 -0.0860048234462738
v 0.022541826590895653 0.04138198122382164 -0.08644416183233261
v 0.02308500185608864 0.041295524686574936 -0.0860048234462738
v 0.022525010630488396 0.041295524686574936 -0.08668871223926544
v 0.02425720915198326 0.041295528411865234 -0.08387482166290283
v 0.023677945137023926 0.04138198494911194 -0.08478487282991409
v 0.024267489090561867 0.041295528411865234 -0.08384809643030167
v 0.024267489090561867 0.041295528411865234 -0.08384809643030167
v 0.023677945137023926 0.04138198494911194 -0.08478487282991409
v 0.024413876235485077 0.04138198494911194 -0.08291339129209518
v 0.024267489090561867 0.041295528411865234 -0.08384809643030167
v 0.024413876235485077 0.04138198494911194 -0.08291339129209518
v 0.024558186531066895 0.041295528411865234 -0.08295205980539322
v 0.024558186531066895 0.041295528411865234 -0.08295205980539322
v 0.024413876235485077 0.04138198494911194 -0.08291339129209518
v 0.024712279438972473 0.04138198494911194 -0.08092468231916428
v 0.024558186531066895 0.041295528411865234 -0.08295205980539322
v 0.024712279438972473 0.04138198494911194 -0.08092468231916428
v 0.02481776662170887 0.041295528411865234 -0.08155147731304169
v 0.024558020755648613 0.04138198867440224 -0.07891963422298431
v 0.024761294946074486 0.04129551723599434 -0.07921822369098663
v 0.02480269968509674 0.04129553213715553 -0.07952005416154861
v 0.024558020755648613 0.04138198867440224 -0.07891963422298431
v 0.02480269968509674 0.04129553213715553 -0.07952005416154861
v 0.024712279438972473 0.04138198494911194 -0.08092468231916428
v 0.024712279438972473 0.04138198494911194 -0.08092468231916428
v 0.02480269968509674 0.04129553213715553 -0.07952005416154861
v 0.0248674638569355 0.04129553213715553 -0.08062461763620377
v 0.024712279438972473 0.04138198494911194 -0.08092468231916428
v 0.0248674638569355 0.04129553213715553 -0.08062461763620377
v 0.02481776662170887 0.041295528411865234 -0.08155147731304169
v 0.023958919569849968 0.04138198867440224 -0.0769999772310257
v 0.02408970333635807 0.04129551723599434 -0.07692630589008331
v 0.024273673072457314 0.04129551723599434 -0.07737342268228531
v 0.023958919569849968 0.04138198867440224 -0.0769999772310257
v 0.024273673072457314 0.04129551723599434 -0.07737342268228531
v 0.024558020755648613 0.04138198867440224 -0.07891963422298431
v 0.024558020755648613 0.04138198867440224 -0.07891963422298431
v 0.024273673072457314 0.04129551723599434 -0.07737342268228531
v 0.024608289822936058 0.04129551723599434 -0.07844892889261246
v 0.024558020755648613 0.04138198867440224 -0.07891963422298431
v 0.024608289822936058 0.04129551723599434 -0.07844892889261246
v 0.024761294946074486 0.04129551723599434 -0.07921822369098663
v 0.022945377975702286 0.04138198494911194 -0.07526309788227081
v 0.023241402581334114 0.04129551351070404 -0.07541835308074951
v 0.023958919569849968 0.04138198867440224 -0.0769999772310257
v 0.023958919569849968 0.04138198867440224 -0.0769999772310257
v 0.023241402581334114 0.04129551351070404 -0.07541835308074951
v 0.023822056129574776 0.04129551723599434 -0.076373390853405
v 0.023958919569849968 0.04138198867440224 -0.0769999772310257
v 0.023822056129574776 0.04129551723599434 -0.076373390853405
v 0.02408970333635807 0.04129551723599434 -0.07692630589008331
v 0.020947134122252464 0.041382864117622375 -0.07331771403551102
v 0.021034641191363335 0.04129551351070404 -0.07319363206624985
v 0.021568812429904938 0.04138198494911194 -0.07379711419343948
v 0.021568812429904938 0.04138198494911194 -0.07379711419343948
v 0.021034641191363335 0.04129551351070404 -0.07319363206624985
v 0.02176712267100811 0.04129551351070404 -0.07377081364393234
v 0.021568812429904938 0.04138198494911194 -0.07379711419343948
v 0.02176712267100811 0.04129551351070404 -0.07377081364393234
v 0.022945377975702286 0.04138198494911194 -0.07526309788227081
v 0.022945377975702286 0.04138198494911194 -0.07526309788227081
v 0.02176712267100811 0.04129551351070404 -0.07377081364393234
v 0.022790271788835526 0.04129551351070404 -0.07482367753982544
v 0.022945377975702286 0.04138198494911194 -0.07526309788227081
v 0.022790271788835526 0.04129551351070404 -0.07482367753982544
v 0.023241402581334114 0.04129551351070404 -0.07541835308074951
v 0.021457489579916 0.041412487626075745 -0.07392822206020355
v 0.02084941789507866 0.041412487626075745 -0.0734562799334526
v 0.020947134122252464 0.041382864117622375 -0.07331771403551102
v 0.020947134122252464 0.041382864117622375 -0.07331771403551102
v 0.021568812429904938 0.04138198494911194 -0.07379711419343948
v 0.021457489579916 0.041412487626075745 -0.07392822206020355
v 0.021457489579916 0.041412487626075745 -0.07392822206020355
v 0.021568812429904938 0.04138198494911194 -0.07379711419343948
v 0.022945377975702286 0.04138198494911194 -0.07526309788227081
v 0.021457489579916 0.041412487626075745 -0.07392822206020355
v 0.022945377975702286 0.04138198494911194 -0.07526309788227081
v 0.022807534784078598 0.04141250252723694 -0.07536595314741135
v 0.022807534784078598 0.04141250252723694 -0.07536595314741135
v 0.022945377975702286 0.04138198494911194 -0.07526309788227081
v 0.023958919569849968 0.04138198867440224 -0.0769999772310257
v 0.023801550269126892 0.04141250625252724 -0.07706937193870544
v 0.023801550269126892 0.04141250625252724 -0.07706937193870544
v 0.023958919569849968 0.04138198867440224 -0.0769999772310257
v 0.024558020755648613 0.04138198867440224 -0.07891963422298431
v 0.024389108642935753 0.04141250625252724 -0.07895205914974213
v 0.024389108642935753 0.04141250625252724 -0.07895205914974213
v 0.024558020755648613 0.04138198867440224 -0.07891963422298431
v 0.024712279438972473 0.04138198494911194 -0.08092468231916428
v 0.02454039826989174 0.04141250252723694 -0.08091847598552704
v 0.02454039826989174 0.04141250252723694 -0.08091847598552704
v 0.024712279438972473 0.04138198494911194 -0.08092468231916428
v 0.024413876235485077 0.04138198494911194 -0.08291339129209518
v 0.02424774132668972 0.04141250252723694 -0.08286887407302856
v 0.02424774132668972 0.04141250252723694 -0.08286887407302856
v 0.024413876235485077 0.04138198494911194 -0.08291339129209518
v 0.023677945137023926 0.04138198494911194 -0.08478487282991409
v 0.023525990545749664 0.04141249880194664 -0.08470429480075836
v 0.023525990545749664 0.04141249880194664 -0.08470429480075836
v 0.023677945137023926 0.04138198494911194 -0.08478487282991409
v 0.022541826590895653 0.04138198122382164 -0.08644416183233261
v 0.022411759942770004 0.04141249880194664 -0.08633162826299667
v 0.022411759942770004 0.04141249880194664 -0.08633162826299667
v 0.022541826590895653 0.04138198122382164 -0.08644416183233261
v 0.02106316201388836 0.04138197749853134 -0.08780708909034729
v 0.02096157893538475 0.04141249507665634 -0.08766829967498779
v 0.02096157893538475 0.04141249507665634 -0.08766829967498779
v 0.02106316201388836 0.04138197749853134 -0.08780708909034729
v 0.01931696943938732 0.04138197377324104 -0.08880449831485748
v 0.019249025732278824 0.04141249135136604 -0.08864649385213852
v 0.019249025732278824 0.04141249135136604 -0.08864649385213852
v 0.01931696943938732 0.04138197377324104 -0.08880449831485748
v 0.017391841858625412 0.041381970047950745 -0.08938579261302948
v 0.017360983416438103 0.041412487626075745 -0.08921658992767334
v 0.017360983416438103 0.041412487626075745 -0.08921658992767334
v 0.017391841858625412 0.041381970047950745 -0.08938579261302948
v 0.016613684594631195 0.04138311743736267 -0.0894894003868103
v 0.017360983416438103 0.041412487626075745 -0.08921658992767334
v 0.016613684594631195 0.04138311743736267 -0.0894894003868103
v 0.016598407179117203 0.041412487626075745 -0.08932126313447952
v 0.021909795701503754 0.04141249507665634 -0.05257081240415573
v 0.021366441622376442 0.04141249507665634 -0.05214383825659752
v 0.021914063021540642 0.04141248017549515 -0.052569158375263214
v 0.021914063021540642 0.04141248017549515 -0.052569158375263214
v 0.021366441622376442 0.04141249507665634 -0.05214383825659752
v 0.021896323189139366 0.04134207218885422 -0.05225280672311783
v 0.021914063021540642 0.04141248017549515 -0.052569158375263214
v 0.021896323189139366 0.04134207218885422 -0.05225280672311783
v 0.02214580401778221 0.0413692407310009 -0.05247600004076958
v 0.02214580401778221 0.0413692407310009 -0.05247600004076958
v 0.021896323189139366 0.04134207218885422 -0.05225280672311783
v 0.02209020033478737 0.04128871485590935 -0.0522952638566494
v 0.022463615983724594 0.0411575548350811 -0.052380967885255814
v 0.022430600598454475 0.0411839596927166 -0.052382636815309525
v 0.02209020033478737 0.04128871485590935 -0.0522952638566494
v 0.02209020033478737 0.04128871485590935 -0.0522952638566494
v 0.022430600598454475 0.0411839596927166 -0.052382636815309525
v 0.022283554077148438 0.041295524686574936 -0.05241769552230835
v 0.02209020033478737 0.04128871485590935 -0.0522952638566494
v 0.022283554077148438 0.041295524686574936 -0.05241769552230835
v 0.02214580401778221 0.0413692407310009 -0.05247600004076958
v 0.014749957248568535 0.04129992052912712 -0.09010057151317596
v 0.014671151526272297 0.0413842611014843 -0.08997045457363129
v 0.015622345730662346 0.041383784264326096 -0.08965570479631424
v 0.01104865875095129 0.04129549860954285 -0.09434689581394196
v 0.010903398506343365 0.0413823127746582 -0.09430798143148422
v 0.011215760372579098 0.04138373211026192 -0.09340646862983704
v 0.01104865875095129 0.04129549860954285 -0.09434689581394196
v 0.011215760372579098 0.04138373211026192 -0.09340646862983704
v 0.011371496133506298 0.04129808023571968 -0.09342736750841141
v 0.011371496133506298 0.04129808023571968 -0.09342736750841141
v 0.011215760372579098 0.04138373211026192 -0.09340646862983704
v 0.011677217669785023 0.041384223848581314 -0.0925205796957016
v 0.011371496133506298 0.04129808023571968 -0.09342736750841141
v 0.011677217669785023 0.041384223848581314 -0.0925205796957016
v 0.011859029531478882 0.041300032287836075 -0.09251385182142258
v 0.011859029531478882 0.041300032287836075 -0.09251385182142258
v 0.011677217669785023 0.041384223848581314 -0.0925205796957016
v 0.012264937162399292 0.04138452187180519 -0.09171577543020248
v 0.011859029531478882 0.041300032287836075 -0.09251385182142258
v 0.012264937162399292 0.04138452187180519 -0.09171577543020248
v 0.012555054388940334 0.041301239281892776 -0.0916154608130455
v 0.012555054388940334 0.041301239281892776 -0.0916154608130455
v 0.012264937162399292 0.04138452187180519 -0.09171577543020248
v 0.012970847077667713 0.04138464480638504 -0.09101082384586334
v 0.012555054388940334 0.041301239281892776 -0.0916154608130455
v 0.012970847077667713 0.04138464480638504 -0.09101082384586334
v 0.013094059191644192 0.04130146652460098 -0.09110260754823685
v 0.013094059191644192 0.04130146652460098 -0.09110260754823685
v 0.012970847077667713 0.04138464480638504 -0.09101082384586334
v 0.01341734267771244 0.04130139201879501 -0.09084854274988174
v 0.01341734267771244 0.04130139201879501 -0.09084854274988174
v 0.012970847077667713 0.04138464480638504 -0.09101082384586334
v 0.013780511915683746 0.04138454049825668 -0.09042497724294662
v 0.01341734267771244 0.04130139201879501 -0.09084854274988174
v 0.013780511915683746 0.04138454049825668 -0.09042497724294662
v 0.014413642697036266 0.04130043834447861 -0.09025079011917114
v 0.014749957248568535 0.04129992052912712 -0.09010057151317596
v 0.015622345730662346 0.041383784264326096 -0.08965570479631424
v 0.015493812970817089 0.041298460215330124 -0.08984566479921341
v 0.015493812970817089 0.041298460215330124 -0.08984566479921341
v 0.015622345730662346 0.041383784264326096 -0.08965570479631424
v 0.016613684594631195 0.04138311743736267 -0.0894894003868103
v 0.015493812970817089 0.041298460215330124 -0.08984566479921341
v 0.016613684594631195 0.04138311743736267 -0.0894894003868103
v 0.016627490520477295 0.04129551351070404 -0.08964134007692337
v 0.016598407179117203 0.041412487626075745 -0.08932126313447952
v 0.016613684594631195 0.04138311743736267 -0.0894894003868103
v 0.01620754413306713 0.041412483900785446 -0.08936848491430283
v 0.01620754413306713 0.041412483900785446 -0.08936848491430283
v 0.016613684594631195 0.04138311743736267 -0.0894894003868103
v 0.015622345730662346 0.041383784264326096 -0.08965570479631424
v 0.01620754413306713 0.041412483900785446 -0.08936848491430283
v 0.015622345730662346 0.041383784264326096 -0.08965570479631424
v 0.015139423310756683 0.041412483900785446 -0.08962026238441467
v 0.015139423310756683 0.041412483900785446 -0.08962026238441467
v 0.015622345730662346 0.041383784264326096 -0.08965570479631424
v 0.014671151526272297 0.0413842611014843 -0.08997045457363129
v 0.015139423310756683 0.041412483900785446 -0.08962026238441467
v 0.014671151526272297 0.0413842611014843 -0.08997045457363129
v 0.014010229147970676 0.04141248017549515 -0.0901026725769043
v 0.014749957248568535 0.04129992052912712 -0.09010057151317596
v 0.014413642697036266 0.04130043834447861 -0.09025079011917114
v 0.014671151526272297 0.0413842611014843 -0.08997045457363129
v 0.014671151526272297 0.0413842611014843 -0.08997045457363129
v 0.014413642697036266 0.04130043834447861 -0.09025079011917114
v 0.013780511915683746 0.04138454049825668 -0.09042497724294662
v 0.014671151526272297 0.0413842611014843 -0.08997045457363129
v 0.013780511915683746 0.04138454049825668 -0.09042497724294662
v 0.014010229147970676 0.04141248017549515 -0.0901026725769043
v 0.014010229147970676 0.04141248017549515 -0.0901026725769043
v 0.013780511915683746 0.04138454049825668 -0.09042497724294662
v 0.012970847077667713 0.04138464480638504 -0.09101082384586334
v 0.014010229147970676 0.04141248017549515 -0.0901026725769043
v 0.012970847077667713 0.04138464480638504 -0.09101082384586334
v 0.013029852882027626 0.04141248017549515 -0.09074926376342773
v 0.013029852882027626 0.04141248017549515 -0.09074926376342773
v 0.012970847077667713 0.04138464480638504 -0.09101082384586334
v 0.012264937162399292 0.04138452187180519 -0.09171577543020248
v 0.013029852882027626 0.04141248017549515 -0.09074926376342773
v 0.012264937162399292 0.04138452187180519 -0.09171577543020248
v 0.012318196706473827 0.04141247645020485 -0.09140755981206894
v 0.012318196706473827 0.04141247645020485 -0.09140755981206894
v 0.012264937162399292 0.04138452187180519 -0.09171577543020248
v 0.011621697805821896 0.041412461549043655 -0.09229250252246857
v 0.011621697805821896 0.041412461549043655 -0.09229250252246857
v 0.012264937162399292 0.04138452187180519 -0.09171577543020248
v 0.011677217669785023 0.041384223848581314 -0.0925205796957016
v 0.011621697805821896 0.041412461549043655 -0.09229250252246857
v 0.011677217669785023 0.041384223848581314 -0.0925205796957016
v 0.01154092326760292 0.041412461549043655 -0.09241770952939987
v 0.01154092326760292 0.041412461549043655 -0.09241770952939987
v 0.011677217669785023 0.041384223848581314 -0.0925205796957016
v 0.011215760372579098 0.04138373211026192 -0.09340646862983704
v 0.01154092326760292 0.041412461549043655 -0.09241770952939987
v 0.011215760372579098 0.04138373211026192 -0.09340646862983704
v 0.011099760420620441 0.04141244292259216 -0.09324426203966141
v 0.011099760420620441 0.04141244292259216 -0.09324426203966141
v 0.011215760372579098 0.04138373211026192 -0.09340646862983704
v 0.010903398506343365 0.0413823127746582 -0.09430798143148422
v 0.011099760420620441 0.04141244292259216 -0.09324426203966141
v 0.010903398506343365 0.0413823127746582 -0.09430798143148422
v 0.01073821447789669 0.04141247272491455 -0.0942637100815773
v 0.01104865875095129 0.04129549860954285 -0.09434689581394196
v 0.010835657827556133 0.04129549860954285 -0.09514182806015015
v 0.010903398506343365 0.0413823127746582 -0.09430798143148422
v 0.010903398506343365 0.0413823127746582 -0.09430798143148422
v 0.010835657827556133 0.04129549860954285 -0.09514182806015015
v 0.01062853168696165 0.0414009690284729 -0.09508492797613144
v 0.010903398506343365 0.0413823127746582 -0.09430798143148422
v 0.01062853168696165 0.0414009690284729 -0.09508492797613144
v 0.01073821447789669 0.04141247272491455 -0.0942637100815773
v 0.01073821447789669 0.04141247272491455 -0.0942637100815773
v 0.01062853168696165 0.0414009690284729 -0.09508492797613144
v 0.010525720193982124 0.04141247272491455 -0.09505675733089447
v 0.009523660875856876 0.041295479983091354 -0.09624272584915161
v 0.009510553441941738 0.041382309049367905 -0.09609290957450867
v 0.009623260237276554 0.041296761482954025 -0.09622788429260254
v 0.009623260237276554 0.041296761482954025 -0.09622788429260254
v 0.009510553441941738 0.041382309049367905 -0.09609290957450867
v 0.009899251163005829 0.0413835346698761 -0.09599055349826813
v 0.009623260237276554 0.041296761482954025 -0.09622788429260254
v 0.009899251163005829 0.0413835346698761 -0.09599055349826813
v 0.009962072595953941 0.04130008816719055 -0.09612490236759186
v 0.010245743207633495 0.04138393700122833 -0.09577920287847519
v 0.010517369955778122 0.0413835346698761 -0.09547732770442963
v 0.010159751400351524 0.041301220655441284 -0.09602197259664536
v 0.010159751400351524 0.041301220655441284 -0.09602197259664536
v 0.010517369955778122 0.0413835346698761 -0.09547732770442963
v 0.01058376394212246 0.04130065441131592 -0.0956394299864769
v 0.010380508378148079 0.04141247272491455 -0.09538192301988602
v 0.010525720193982124 0.04141247272491455 -0.09505675733089447
v 0.01062853168696165 0.0414009690284729 -0.09508492797613144
v 0.010835657827556133 0.04129549860954285 -0.09514182806015015
v 0.01058376394212246 0.04130065441131592 -0.0956394299864769
v 0.01062853168696165 0.0414009690284729 -0.09508492797613144
v 0.01062853168696165 0.0414009690284729 -0.09508492797613144
v 0.01058376394212246 0.04130065441131592 -0.0956394299864769
v 0.010517369955778122 0.0413835346698761 -0.09547732770442963
v 0.01062853168696165 0.0414009690284729 -0.09508492797613144
v 0.010517369955778122 0.0413835346698761 -0.09547732770442963
v 0.010380508378148079 0.04141247272491455 -0.09538192301988602
v 0.010380508378148079 0.04141247272491455 -0.09538192301988602
v 0.010517369955778122 0.0413835346698761 -0.09547732770442963
v 0.010245743207633495 0.04138393700122833 -0.09577920287847519
v 0.010380508378148079 0.04141247272491455 -0.09538192301988602
v 0.010245743207633495 0.04138393700122833 -0.09577920287847519
v 0.0099714994430542 0.04141245782375336 -0.09577114880084991
v 0.010159751400351524 0.041301220655441284 -0.09602197259664536
v 0.009962072595953941 0.04130008816719055 -0.09612490236759186
v 0.010245743207633495 0.04138393700122833 -0.09577920287847519
v 0.010245743207633495 0.04138393700122833 -0.09577920287847519
v 0.009962072595953941 0.04130008816719055 -0.09612490236759186
v 0.009899251163005829 0.0413835346698761 -0.09599055349826813
v 0.010245743207633495 0.04138393700122833 -0.09577920287847519
v 0.009899251163005829 0.0413835346698761 -0.09599055349826813
v 0.0099714994430542 0.04141245782375336 -0.09577114880084991
v 0.0099714994430542 0.04141245782375336 -0.09577114880084991
v 0.009899251163005829 0.0413835346698761 -0.09599055349826813
v 0.009510553441941738 0.041382309049367905 -0.09609290957450867
v 0.0099714994430542 0.04141245782375336 -0.09577114880084991
v 0.009510553441941738 0.041382309049367905 -0.09609290957450867
v 0.009495647624135017 0.04141246899962425 -0.0959225445985794
v 0.009523660875856876 0.041295479983091354 -0.09624272584915161
v -0.0027750907465815544 0.041295457631349564 -0.09731872379779816
v 0.009510553441941738 0.041382309049367905 -0.09609290957450867
v -0.002788197249174118 0.041382286697626114 -0.09716890752315521
v 0.009510553441941738 0.041382309049367905 -0.09609290957450867
v -0.002788197249174118 0.041382286697626114 -0.09716890752315521
v 0.009495647624135017 0.04141246899962425 -0.0959225445985794
v 0.009495647624135017 0.04141246899962425 -0.0959225445985794
v -0.002788197249174118 0.041382286697626114 -0.09716890752315521
v -0.002803101669996977 0.04141243174672127 -0.09699854999780655
v -0.003100286703556776 0.04141243174672127 -0.09700540453195572
v -0.002803101669996977 0.04141243174672127 -0.09699854999780655
v -0.002788197249174118 0.041382286697626114 -0.09716890752315521
v -0.004090409725904465 0.04129800572991371 -0.0970732644200325
v -0.004121360834687948 0.04129760339856148 -0.09705878049135208
v -0.004065352957695723 0.04138277843594551 -0.09691878408193588
v -0.004065352957695723 0.04138277843594551 -0.09691878408193588
v -0.004121360834687948 0.04129760339856148 -0.09705878049135208
v -0.00463023129850626 0.04128938913345337 -0.0967467650771141
v -0.004065352957695723 0.04138277843594551 -0.09691878408193588
v -0.00463023129850626 0.04128938913345337 -0.0967467650771141
v -0.004612983204424381 0.04137912765145302 -0.09656721353530884
v -0.004612983204424381 0.04137912765145302 -0.09656721353530884
v -0.00463023129850626 0.04128938913345337 -0.0967467650771141
v -0.005201432853937149 0.04126599431037903 -0.09619086235761642
v -0.004612983204424381 0.04137912765145302 -0.09656721353530884
v -0.005201432853937149 0.04126599431037903 -0.09619086235761642
v -0.005071202293038368 0.04137437045574188 -0.09609415382146835
v -0.0037188970018178225 0.041412387043237686 -0.09689120948314667
v -0.003100286703556776 0.04141243174672127 -0.09700540453195572
v -0.003451077500358224 0.04138358309864998 -0.0971284806728363
v -0.003451077500358224 0.04138358309864998 -0.0971284806728363
v -0.003100286703556776 0.04141243174672127 -0.09700540453195572
v -0.002788197249174118 0.041382286697626114 -0.09716890752315521
v -0.003451077500358224 0.04138358309864998 -0.0971284806728363
v -0.002788197249174118 0.041382286697626114 -0.09716890752315521
v -0.0034820809960365295 0.0413021482527256 -0.09727155417203903
v -0.0034820809960365295 0.0413021482527256 -0.09727155417203903
v -0.002788197249174118 0.041382286697626114 -0.09716890752315521
v -0.0027750907465815544 0.041295457631349564 -0.09731872379779816
v -0.0034820809960365295 0.0413021482527256 -0.09727155417203903
v -0.004090409725904465 0.04129800572991371 -0.0970732644200325
v -0.003451077500358224 0.04138358309864998 -0.0971284806728363
v -0.003451077500358224 0.04138358309864998 -0.0971284806728363
v -0.004090409725904465 0.04129800572991371 -0.0970732644200325
v -0.004065352957695723 0.04138277843594551 -0.09691878408193588
v -0.003451077500358224 0.04138358309864998 -0.0971284806728363
v -0.004065352957695723 0.04138277843594551 -0.09691878408193588
v -0.0037188970018178225 0.041412387043237686 -0.09689120948314667
v -0.0037188970018178225 0.041412387043237686 -0.09689120948314667
v -0.004065352957695723 0.04138277843594551 -0.09691878408193588
v -0.004612983204424381 0.04137912765145302 -0.09656721353530884
v -0.0037188970018178225 0.041412387043237686 -0.09689120948314667
v -0.004612983204424381 0.04137912765145302 -0.09656721353530884
v -0.004353313706815243 0.04141240194439888 -0.09655385464429855
v -0.004353313706815243 0.04141240194439888 -0.09655385464429855
v -0.004612983204424381 0.04137912765145302 -0.09656721353530884
v -0.005071202293038368 0.04137437045574188 -0.09609415382146835
v -0.004353313706815243 0.04141240194439888 -0.09655385464429855
v -0.005071202293038368 0.04137437045574188 -0.09609415382146835
v -0.004917584825307131 0.04141242802143097 -0.09598007798194885
v -0.0006023094174452126 0.041266005486249924 -0.060232944786548615
v 0.00043510517571121454 0.041266005486249924 -0.05943994224071503
v 0.0005303669022396207 0.04137438163161278 -0.05957123637199402
v -0.008387459442019463 0.041374366730451584 -0.09012241661548615
v -0.008209421299397945 0.04141242802143097 -0.09005232155323029
v -0.006759138777852058 0.04141242802143097 -0.09312484413385391
v -0.002101616933941841 0.04137437790632248 -0.061759449541568756
v -0.001969866920262575 0.041412435472011566 -0.06189819797873497
v -0.004274302162230015 0.04141242802143097 -0.06439485400915146
v -0.004423147067427635 0.04137437045574188 -0.0642746165394783
v -0.004423147067427635 0.04137437045574188 -0.0642746165394783
v -0.004274302162230015 0.04141242802143097 -0.06439485400915146
v -0.006230582483112812 0.041412439197301865 -0.06717275083065033
v -0.004423147067427635 0.04137437045574188 -0.0642746165394783
v -0.006230582483112812 0.041412439197301865 -0.06717275083065033
v -0.00639394111931324 0.041374366730451584 -0.06707312166690826
v -0.00639394111931324 0.041374366730451584 -0.06707312166690826
v -0.006230582483112812 0.041412439197301865 -0.06717275083065033
v -0.007804764900356531 0.041412435472011566 -0.070183664560318
v -0.007979800924658775 0.041374363005161285 -0.07010636478662491
v -0.007979800924658775 0.041374363005161285 -0.07010636478662491
v -0.007804764900356531 0.041412435472011566 -0.070183664560318
v -0.008969533257186413 0.04141243174672127 -0.07337537407875061
v -0.009153209626674652 0.04137435927987099 -0.07332175970077515
v -0.009153209626674652 0.04137435927987099 -0.07332175970077515
v -0.008969533257186413 0.04141243174672127 -0.07337537407875061
v -0.009704677388072014 0.04141242802143097 -0.07669249176979065
v -0.009153209626674652 0.04137435927987099 -0.07332175970077515
v -0.009704677388072014 0.04141242802143097 -0.07669249176979065
v -0.009893808513879776 0.04137437045574188 -0.07666347920894623
v -0.009893808513879776 0.04137437045574188 -0.07666347920894623
v -0.009704677388072014 0.04141242802143097 -0.07669249176979065
v -0.009997440502047539 0.04141242802143097 -0.08007745444774628
v -0.01018874254077673 0.04137437045574188 -0.08007355779409409
v -0.01018874254077673 0.04137437045574188 -0.08007355779409409
v -0.009997440502047539 0.04141242802143097 -0.08007745444774628
v -0.00984274409711361 0.04141242802143097 -0.08347152918577194
v -0.0100328978151083 0.041374366730451584 -0.08349281549453735
v -0.0100328978151083 0.041374366730451584 -0.08349281549453735
v -0.00984274409711361 0.04141242802143097 -0.08347152918577194
v -0.009243269450962543 0.04141242429614067 -0.08681583404541016
v -0.00942897703498602 0.041374366730451584 -0.08686192333698273
v -0.006926416885107756 0.04137437045574188 -0.09321773052215576
v -0.006926416885107756 0.04137437045574188 -0.09321773052215576
v -0.006759138777852058 0.04141242802143097 -0.09312484413385391
v -0.004917584825307131 0.04141242802143097 -0.09598007798194885
v -0.005071202293038368 0.04137437045574188 -0.09609415382146835
v 0.0006427357438951731 0.041412439197301865 -0.059726107865571976
v -0.001969866920262575 0.041412435472011566 -0.06189819797873497
v 0.0005303669022396207 0.04137438163161278 -0.05957123637199402
v -0.002101616933941841 0.04137437790632248 -0.061759449541568756
v 0.0005303669022396207 0.04137438163161278 -0.05957123637199402
v -0.002101616933941841 0.04137437790632248 -0.061759449541568756
v -0.0006023094174452126 0.041266005486249924 -0.060232944786548615
v -0.0006023094174452126 0.041266005486249924 -0.060232944786548615
v -0.002101616933941841 0.04137437790632248 -0.061759449541568756
v -0.002213309286162257 0.041266001760959625 -0.061641816049814224
v -0.002213309286162257 0.041266001760959625 -0.061641816049814224
v -0.002101616933941841 0.04137437790632248 -0.061759449541568756
v -0.003602424869313836 0.04126599803566933 -0.06306508928537369
v -0.003602424869313836 0.04126599803566933 -0.06306508928537369
v -0.002101616933941841 0.04137437790632248 -0.061759449541568756
v -0.004423147067427635 0.04137437045574188 -0.0642746165394783
v -0.003602424869313836 0.04126599803566933 -0.06306508928537369
v -0.004423147067427635 0.04137437045574188 -0.0642746165394783
v -0.004549331963062286 0.04126599431037903 -0.06417268514633179
v -0.007979800924658775 0.041374363005161285 -0.07010636478662491
v -0.007182789035141468 0.04126599058508873 -0.06811735779047012
v -0.00639394111931324 0.041374366730451584 -0.06707312166690826
v -0.00639394111931324 0.041374366730451584 -0.06707312166690826
v -0.007182789035141468 0.04126599058508873 -0.06811735779047012
v -0.006532428786158562 0.04126599058508873 -0.06698865443468094
v -0.00639394111931324 0.041374366730451584 -0.06707312166690826
v -0.006532428786158562 0.04126599058508873 -0.06698865443468094
v -0.004423147067427635 0.04137437045574188 -0.0642746165394783
v -0.004423147067427635 0.04137437045574188 -0.0642746165394783
v -0.006532428786158562 0.04126599058508873 -0.06698865443468094
v -0.004928853362798691 0.04126599431037903 -0.06465394049882889
v -0.004423147067427635 0.04137437045574188 -0.0642746165394783
v -0.004928853362798691 0.04126599431037903 -0.06465394049882889
v -0.004549331963062286 0.04126599431037903 -0.06417268514633179
v -0.009468541480600834 0.04126598313450813 -0.07384710758924484
v -0.009308923035860062 0.04126598313450813 -0.07327631115913391
v -0.009153209626674652 0.04137435927987099 -0.07332175970077515
v -0.009153209626674652 0.04137435927987099 -0.07332175970077515
v -0.009308923035860062 0.04126598313450813 -0.07327631115913391
v -0.008862974122166634 0.04126598313450813 -0.07189276069402695
v -0.009153209626674652 0.04137435927987099 -0.07332175970077515
v -0.008862974122166634 0.04126598313450813 -0.07189276069402695
v -0.007979800924658775 0.041374363005161285 -0.07010636478662491
v -0.007979800924658775 0.041374363005161285 -0.07010636478662491
v -0.008862974122166634 0.04126598313450813 -0.07189276069402695
v -0.00812818855047226 0.04126598685979843 -0.07004084438085556
v -0.007979800924658775 0.041374363005161285 -0.07010636478662491
v -0.00812818855047226 0.04126598685979843 -0.07004084438085556
v -0.007182789035141468 0.04126599058508873 -0.06811735779047012
v -0.009468541480600834 0.04126598313450813 -0.07384710758924484
v -0.009153209626674652 0.04137435927987099 -0.07332175970077515
v -0.010054144077003002 0.041265979409217834 -0.07663889229297638
v -0.010054144077003002 0.041265979409217834 -0.07663889229297638
v -0.009153209626674652 0.04137435927987099 -0.07332175970077515
v -0.009893808513879776 0.04137437045574188 -0.07666347920894623
v -0.010054144077003002 0.041265979409217834 -0.07663889229297638
v -0.009893808513879776 0.04137437045574188 -0.07666347920894623
v -0.010216746479272842 0.041265979409217834 -0.07790444046258926
v -0.010216746479272842 0.041265979409217834 -0.07790444046258926
v -0.009893808513879776 0.04137437045574188 -0.07666347920894623
v -0.01018874254077673 0.04137437045574188 -0.08007355779409409
v -0.010216746479272842 0.041265979409217834 -0.07790444046258926
v -0.01018874254077673 0.04137437045574188 -0.08007355779409409
v -0.010350920259952545 0.041265979409217834 -0.08007025718688965
v -0.010350920259952545 0.041265979409217834 -0.08007025718688965
v -0.01018874254077673 0.04137437045574188 -0.08007355779409409
v -0.010317410342395306 0.041265975683927536 -0.08202895522117615
v -0.010317410342395306 0.041265975683927536 -0.08202895522117615
v -0.01018874254077673 0.04137437045574188 -0.08007355779409409
v -0.0100328978151083 0.041374366730451584 -0.08349281549453735
v -0.010317410342395306 0.041265975683927536 -0.08202895522117615
v -0.0100328978151083 0.041374366730451584 -0.08349281549453735
v -0.010194102302193642 0.041265975683927536 -0.0835108533501625
v -0.009259125217795372 0.041265975683927536 -0.08809750527143478
v -0.009586412459611893 0.041265975683927536 -0.08690100163221359
v -0.00942897703498602 0.041374366730451584 -0.08686192333698273
v -0.00942897703498602 0.041374366730451584 -0.08686192333698273
v -0.009586412459611893 0.041265975683927536 -0.08690100163221359
v -0.009768028743565083 0.041265975683927536 -0.08611796051263809
v -0.00942897703498602 0.041374366730451584 -0.08686192333698273
v -0.009768028743565083 0.041265975683927536 -0.08611796051263809
v -0.0100328978151083 0.041374366730451584 -0.08349281549453735
v -0.0100328978151083 0.041374366730451584 -0.08349281549453735
v -0.009768028743565083 0.041265975683927536 -0.08611796051263809
v -0.010127156972885132 0.041265975683927536 -0.08405696600675583
v -0.0100328978151083 0.041374366730451584 -0.08349281549453735
v -0.010127156972885132 0.041265975683927536 -0.08405696600675583
v -0.010194102302193642 0.041265975683927536 -0.0835108533501625
v -0.009243269450962543 0.04141242429614067 -0.08681583404541016
v -0.008209421299397945 0.04141242802143097 -0.09005232155323029
v -0.00942897703498602 0.041374366730451584 -0.08686192333698273
v -0.008387459442019463 0.041374366730451584 -0.09012241661548615
v -0.00942897703498602 0.041374366730451584 -0.08686192333698273
v -0.008387459442019463 0.041374366730451584 -0.09012241661548615
v -0.009259125217795372 0.041265975683927536 -0.08809750527143478
v -0.009259125217795372 0.041265975683927536 -0.08809750527143478
v -0.008387459442019463 0.041374366730451584 -0.09012241661548615
v -0.008538392372429371 0.041265975683927536 -0.0901818498969078
v -0.008538392372429371 0.041265975683927536 -0.0901818498969078
v -0.008387459442019463 0.041374366730451584 -0.09012241661548615
v -0.007765401620417833 0.041265979409217834 -0.09195055812597275
v -0.007765401620417833 0.041265979409217834 -0.09195055812597275
v -0.008387459442019463 0.041374366730451584 -0.09012241661548615
v -0.006926416885107756 0.04137437045574188 -0.09321773052215576
v -0.007765401620417833 0.041265979409217834 -0.09195055812597275
v -0.006926416885107756 0.04137437045574188 -0.09321773052215576
v -0.007068228907883167 0.041265979409217834 -0.09329649060964584
v -0.007068228907883167 0.041265979409217834 -0.09329649060964584
v -0.006926416885107756 0.04137437045574188 -0.09321773052215576
v -0.005683364812284708 0.04126599431037903 -0.09551998972892761
v -0.005683364812284708 0.04126599431037903 -0.09551998972892761
v -0.006926416885107756 0.04137437045574188 -0.09321773052215576
v -0.005071202293038368 0.04137437045574188 -0.09609415382146835
v -0.005683364812284708 0.04126599431037903 -0.09551998972892761
v -0.005071202293038368 0.04137437045574188 -0.09609415382146835
v -0.005201432853937149 0.04126599431037903 -0.09619086235761642
v 0.007737313862890005 0.04141246899962425 -0.056099068373441696
v 0.005341647658497095 0.041412465274333954 -0.057020820677280426
v 0.007737009786069393 0.04141242429614067 -0.056092824786901474
v 0.007737009786069393 0.04141242429614067 -0.056092824786901474
v 0.005341647658497095 0.041412465274333954 -0.057020820677280426
v 0.005264137405902147 0.04137439280748367 -0.056845877319574356
v 0.007737009786069393 0.04141242429614067 -0.056092824786901474
v 0.005264137405902147 0.04137439280748367 -0.056845877319574356
v 0.0077277375385165215 0.041364800184965134 -0.05587802082300186
v 0.0077277375385165215 0.041364800184965134 -0.05587802082300186
v 0.005264137405902147 0.04137439280748367 -0.056845877319574356
v 0.005198427010327578 0.04126601666212082 -0.056697580963373184
v 0.0077277375385165215 0.041364800184965134 -0.05587802082300186
v 0.005198427010327578 0.04126601666212082 -0.056697580963373184
v 0.007722810842096806 0.04126602038741112 -0.0557318851351738
v 0.002920908387750387 0.041412461549043655 -0.05824965611100197
v 0.0006427357438951731 0.041412439197301865 -0.059726107865571976
v 0.0028254396747797728 0.041374389082193375 -0.05808381736278534
v 0.0028254396747797728 0.041374389082193375 -0.05808381736278534
v 0.0006427357438951731 0.041412439197301865 -0.059726107865571976
v 0.0005303669022396207 0.04137438163161278 -0.05957123637199402
v 0.005341647658497095 0.041412465274333954 -0.057020820677280426
v 0.002920908387750387 0.041412461549043655 -0.05824965611100197
v 0.005264137405902147 0.04137439280748367 -0.056845877319574356
v 0.005264137405902147 0.04137439280748367 -0.056845877319574356
v 0.002920908387750387 0.041412461549043655 -0.05824965611100197
v 0.0028254396747797728 0.041374389082193375 -0.05808381736278534
v 0.005264137405902147 0.04137439280748367 -0.056845877319574356
v 0.0028254396747797728 0.041374389082193375 -0.05808381736278534
v 0.005198427010327578 0.04126601666212082 -0.056697580963373184
v 0.005198427010327578 0.04126601666212082 -0.056697580963373184
v 0.0028254396747797728 0.041374389082193375 -0.05808381736278534
v 0.002744505414739251 0.04126601293683052 -0.057943254709243774
v 0.002744505414739251 0.04126601293683052 -0.057943254709243774
v 0.0028254396747797728 0.041374389082193375 -0.05808381736278534
v 0.0010622106492519379 0.04126600921154022 -0.058998819440603256
v 0.0010622106492519379 0.04126600921154022 -0.058998819440603256
v 0.0028254396747797728 0.041374389082193375 -0.05808381736278534
v 0.0005303669022396207 0.04137438163161278 -0.05957123637199402
v 0.0010622106492519379 0.04126600921154022 -0.058998819440603256
v 0.0005303669022396207 0.04137438163161278 -0.05957123637199402
v 0.00043510517571121454 0.041266005486249924 -0.05943994224071503
v 0.008225470781326294 0.04110381007194519 -0.055705104023218155
v 0.007626000791788101 0.04110166057944298 -0.05559054762125015
v 0.007397253531962633 0.040912460535764694 -0.05546683445572853
v 0.008206157013773918 0.04137439653277397 -0.05597500875592232
v 0.0077277375385165215 0.041364800184965134 -0.05587802082300186
v 0.007722810842096806 0.04126602038741112 -0.0557318851351738
v 0.008192499168217182 0.04141246899962425 -0.05616586282849312
v 0.007737313862890005 0.04141246899962425 -0.056099068373441696
v 0.007737009786069393 0.04141242429614067 -0.056092824786901474
v 0.011014847084879875 0.041322994977235794 -0.051998525857925415
v 0.011167861521244049 0.04139411821961403 -0.05197339132428169
v 0.011313004419207573 0.04137440398335457 -0.05283992737531662
v 0.011313004419207573 0.04137440398335457 -0.05283992737531662
v 0.011167861521244049 0.04139411821961403 -0.05197339132428169
v 0.011303604580461979 0.04141247645020485 -0.051951803267002106
v 0.010895885527133942 0.04120853915810585 -0.05201863870024681
v 0.010945978574454784 0.04126611724495888 -0.052010104060173035
v 0.01115131750702858 0.041266027837991714 -0.05285296216607094
v 0.01115131750702858 0.041266027837991714 -0.05285296216607094
v 0.010945978574454784 0.04126611724495888 -0.052010104060173035
v 0.011014847084879875 0.041322994977235794 -0.051998525857925415
v 0.011043282225728035 0.04110381379723549 -0.05286167562007904
v 0.010836134664714336 0.041103918105363846 -0.05202893540263176
v 0.010895885527133942 0.04120853915810585 -0.05201863870024681
v 0.010836134664714336 0.041103918105363846 -0.05202893540263176
v 0.011043282225728035 0.04110381379723549 -0.05286167562007904
v 0.010821221396327019 0.041063595563173294 -0.052031513303518295
v 0.010821221396327019 0.041063595563173294 -0.052031513303518295
v 0.011043282225728035 0.04110381379723549 -0.05286167562007904
v 0.011005345731973648 0.04091246798634529 -0.05286474525928497
v 0.010821221396327019 0.041063595563173294 -0.052031513303518295
v 0.011005345731973648 0.04091246798634529 -0.05286474525928497
v 0.01079752016812563 0.04091246798634529 -0.052035655826330185
v 0.007397253531962633 0.040912460535764694 -0.05546683445572853
v 0.008228188380599022 0.04091246426105499 -0.05566713586449623
v 0.008225470781326294 0.04110381007194519 -0.055705104023218155
v 0.008225470781326294 0.04110381007194519 -0.055705104023218155
v 0.008228188380599022 0.04091246426105499 -0.05566713586449623
v 0.008571966551244259 0.04091246426105499 -0.05566896125674248
v 0.008225470781326294 0.04110381007194519 -0.055705104023218155
v 0.008571966551244259 0.04091246426105499 -0.05566896125674248
v 0.00912531465291977 0.04110381007194519 -0.055614061653614044
v 0.00912531465291977 0.04110381007194519 -0.055614061653614044
v 0.008571966551244259 0.04091246426105499 -0.05566896125674248
v 0.009115048684179783 0.04091246426105499 -0.05557740479707718
v 0.00912531465291977 0.04110381007194519 -0.055614061653614044
v 0.009115048684179783 0.04091246426105499 -0.05557740479707718
v 0.009941521100699902 0.04110381007194519 -0.055224426090717316
v 0.009941521100699902 0.04110381007194519 -0.055224426090717316
v 0.009115048684179783 0.04091246426105499 -0.05557740479707718
v 0.009752847254276276 0.04091246426105499 -0.055302415043115616
v 0.009752847254276276 0.04091246426105499 -0.055302415043115616
v 0.009919480420649052 0.04091246426105499 -0.055193401873111725
v 0.009941521100699902 0.04110381007194519 -0.055224426090717316
v 0.009941521100699902 0.04110381007194519 -0.055224426090717316
v 0.009919480420649052 0.04091246426105499 -0.055193401873111725
v 0.010546928271651268 0.04091246798634529 -0.05456024780869484
v 0.01057815458625555 0.04110381379723549 -0.054582007229328156
v 0.01057815458625555 0.04110381379723549 -0.054582007229328156
v 0.010546928271651268 0.04091246798634529 -0.05456024780869484
v 0.010923643596470356 0.04091246798634529 -0.05375237390398979
v 0.01057815458625555 0.04110381379723549 -0.054582007229328156
v 0.010923643596470356 0.04091246798634529 -0.05375237390398979
v 0.010960384272038937 0.04110381379723549 -0.05376230180263519
v 0.010960384272038937 0.04110381379723549 -0.05376230180263519
v 0.010923643596470356 0.04091246798634529 -0.05375237390398979
v 0.011043282225728035 0.04110381379723549 -0.05286167562007904
v 0.011043282225728035 0.04110381379723549 -0.05286167562007904
v 0.010923643596470356 0.04091246798634529 -0.05375237390398979
v 0.011007498018443584 0.04091246798634529 -0.0532541424036026
v 0.011043282225728035 0.04110381379723549 -0.05286167562007904
v 0.011007498018443584 0.04091246798634529 -0.0532541424036026
v 0.011005345731973648 0.04091246798634529 -0.05286474525928497
v 0.010895885527133942 0.04120853915810585 -0.05201863870024681
v 0.01115131750702858 0.041266027837991714 -0.05285296216607094
v 0.011043282225728035 0.04110381379723549 -0.05286167562007904
v 0.011043282225728035 0.04110381379723549 -0.05286167562007904
v 0.01115131750702858 0.041266027837991714 -0.05285296216607094
v 0.011065013706684113 0.041266027837991714 -0.05379059910774231
v 0.010960384272038937 0.04110381379723549 -0.05376230180263519
v 0.010960384272038937 0.04110381379723549 -0.05376230180263519
v 0.011065013706684113 0.041266027837991714 -0.05379059910774231
v 0.010667079128324986 0.041266027837991714 -0.05464398115873337
v 0.01057815458625555 0.04110381379723549 -0.054582007229328156
v 0.01057815458625555 0.04110381379723549 -0.054582007229328156
v 0.010667079128324986 0.041266027837991714 -0.05464398115873337
v 0.010004290379583836 0.041266024112701416 -0.05531279370188713
v 0.01057815458625555 0.04110381379723549 -0.054582007229328156
v 0.010004290379583836 0.041266024112701416 -0.05531279370188713
v 0.009941521100699902 0.04110381007194519 -0.055224426090717316
v 0.009941521100699902 0.04110381007194519 -0.055224426090717316
v 0.010004290379583836 0.041266024112701416 -0.05531279370188713
v 0.00915454886853695 0.041266024112701416 -0.05571842938661575
v 0.009941521100699902 0.04110381007194519 -0.055224426090717316
v 0.00915454886853695 0.041266024112701416 -0.05571842938661575
v 0.00912531465291977 0.04110381007194519 -0.055614061653614044
v 0.00912531465291977 0.04110381007194519 -0.055614061653614044
v 0.00915454886853695 0.041266024112701416 -0.05571842938661575
v 0.008217734284698963 0.04126602038741112 -0.05581321194767952
v 0.008225470781326294 0.04110381007194519 -0.055705104023218155
v 0.011014847084879875 0.041322994977235794 -0.051998525857925415
v 0.011313004419207573 0.04137440398335457 -0.05283992737531662
v 0.01115131750702858 0.041266027837991714 -0.05285296216607094
v 0.01115131750702858 0.041266027837991714 -0.05285296216607094
v 0.011313004419207573 0.04137440398335457 -0.05283992737531662
v 0.01122160255908966 0.04137440398335457 -0.05383293703198433
v 0.011065013706684113 0.041266027837991714 -0.05379059910774231
v 0.011065013706684113 0.041266027837991714 -0.05379059910774231
v 0.01122160255908966 0.04137440398335457 -0.05383293703198433
v 0.010800166055560112 0.04137440398335457 -0.05473671481013298
v 0.010667079128324986 0.041266027837991714 -0.05464398115873337
v 0.010667079128324986 0.041266027837991714 -0.05464398115873337
v 0.010800166055560112 0.04137440398335457 -0.05473671481013298
v 0.010098230093717575 0.04137440025806427 -0.055445026606321335
v 0.010004290379583836 0.041266024112701416 -0.05531279370188713
v 0.010004290379583836 0.041266024112701416 -0.05531279370188713
v 0.010098230093717575 0.04137440025806427 -0.055445026606321335
v 0.009198300540447235 0.04137440025806427 -0.055874623358249664
v 0.00915454886853695 0.041266024112701416 -0.05571842938661575
v 0.00915454886853695 0.041266024112701416 -0.05571842938661575
v 0.009198300540447235 0.04137440025806427 -0.055874623358249664
v 0.008206157013773918 0.04137439653277397 -0.05597500875592232
v 0.00915454886853695 0.041266024112701416 -0.05571842938661575
v 0.008206157013773918 0.04137439653277397 -0.05597500875592232
v 0.008217734284698963 0.04126602038741112 -0.05581321194767952
v 0.008217734284698963 0.04126602038741112 -0.05581321194767952
v 0.008206157013773918 0.04137439653277397 -0.05597500875592232
v 0.007722810842096806 0.04126602038741112 -0.0557318851351738
v 0.008217734284698963 0.04126602038741112 -0.05581321194767952
v 0.007722810842096806 0.04126602038741112 -0.0557318851351738
v 0.008225470781326294 0.04110381007194519 -0.055705104023218155
v 0.008225470781326294 0.04110381007194519 -0.055705104023218155
v 0.007722810842096806 0.04126602038741112 -0.0557318851351738
v 0.00770255783572793 0.04119996353983879 -0.05566900223493576
v 0.008225470781326294 0.04110381007194519 -0.055705104023218155
v 0.00770255783572793 0.04119996353983879 -0.05566900223493576
v 0.007626000791788101 0.04110166057944298 -0.05559054762125015
v 0.011303604580461979 0.04141247645020485 -0.051951803267002106
v 0.011503726243972778 0.04141247645020485 -0.052824538201093674
v 0.011313004419207573 0.04137440398335457 -0.05283992737531662
v 0.011313004419207573 0.04137440398335457 -0.05283992737531662
v 0.011503726243972778 0.04141247645020485 -0.052824538201093674
v 0.011406311765313148 0.04141247645020485 -0.05388287454843521
v 0.01122160255908966 0.04137440398335457 -0.05383293703198433
v 0.01122160255908966 0.04137440398335457 -0.05383293703198433
v 0.011406311765313148 0.04141247645020485 -0.05388287454843521
v 0.010957151651382446 0.04141247645020485 -0.054846107959747314
v 0.010800166055560112 0.04137440398335457 -0.05473671481013298
v 0.010800166055560112 0.04137440398335457 -0.05473671481013298
v 0.010957151651382446 0.04141247645020485 -0.054846107959747314
v 0.0102090397849679 0.04141247272491455 -0.05560101568698883
v 0.010098230093717575 0.04137440025806427 -0.055445026606321335
v 0.010098230093717575 0.04137440025806427 -0.055445026606321335
v 0.0102090397849679 0.04141247272491455 -0.05560101568698883
v 0.009249910712242126 0.04141247272491455 -0.05605887994170189
v 0.009198300540447235 0.04137440025806427 -0.055874623358249664
v 0.009198300540447235 0.04137440025806427 -0.055874623358249664
v 0.009249910712242126 0.04141247272491455 -0.05605887994170189
v 0.008192499168217182 0.04141246899962425 -0.05616586282849312
v 0.008206157013773918 0.04137439653277397 -0.05597500875592232
v 0.008206157013773918 0.04137439653277397 -0.05597500875592232
v 0.008192499168217182 0.04141246899962425 -0.05616586282849312
v 0.007737009786069393 0.04141242429614067 -0.056092824786901474
v 0.008206157013773918 0.04137439653277397 -0.05597500875592232
v 0.007737009786069393 0.04141242429614067 -0.056092824786901474
v 0.0077277375385165215 0.041364800184965134 -0.05587802082300186
v 0.009920116513967514 0.0377124659717083 -0.09977680444717407
v -0.0005799556965939701 0.037712447345256805 -0.10069544613361359
v 0.009882823564112186 0.03780863806605339 -0.09935054928064346
v 0.009882823564112186 0.03780863806605339 -0.09935054928064346
v -0.0005799556965939701 0.037712447345256805 -0.10069544613361359
v -0.0008656942518427968 0.037753231823444366 -0.10045207291841507
v -0.0004472238651942462 0.03853879123926163 -0.09969525784254074
v 0.009834283031523228 0.03853882476687431 -0.09879574924707413
v -0.0008611230296082795 0.03819373995065689 -0.09986105561256409
v -0.0008611230296082795 0.03819373995065689 -0.09986105561256409
v 0.009834283031523228 0.03853882476687431 -0.09879574924707413
v 0.00984901376068592 0.0381341390311718 -0.09896411001682281
v -0.0008656942518427968 0.037753231823444366 -0.10045207291841507
v -0.0009025816689245403 0.0377681627869606 -0.1004071831703186
v 0.009882823564112186 0.03780863806605339 -0.09935054928064346
v 0.009882823564112186 0.03780863806605339 -0.09935054928064346
v -0.0009025816689245403 0.0377681627869606 -0.1004071831703186
v -0.0009917853167280555 0.03784172981977463 -0.10024374723434448
v 0.009882823564112186 0.03780863806605339 -0.09935054928064346
v -0.0009917853167280555 0.03784172981977463 -0.10024374723434448
v 0.009864453226327896 0.03794297203421593 -0.09914058446884155
v 0.009864453226327896 0.03794297203421593 -0.09914058446884155
v -0.0009917853167280555 0.03784172981977463 -0.10024374723434448
v -0.0010026174131780863 0.037968091666698456 -0.10006210952997208
v 0.009864453226327896 0.03794297203421593 -0.09914058446884155
v -0.0010026174131780863 0.037968091666698456 -0.10006210952997208
v 0.00984901376068592 0.0381341390311718 -0.09896411001682281
v 0.00984901376068592 0.0381341390311718 -0.09896411001682281
v -0.0010026174131780863 0.037968091666698456 -0.10006210952997208
v -0.0009073610999621451 0.038139261305332184 -0.09990084171295166
v 0.00984901376068592 0.0381341390311718 -0.09896411001682281
v -0.0009073610999621451 0.038139261305332184 -0.09990084171295166
v -0.0008611230296082795 0.03819373995065689 -0.09986105561256409
v 0.011309553869068623 0.03850719332695007 -0.09836962819099426
v 0.012025144882500172 0.03850242495536804 -0.09789163619279861
v 0.012100798077881336 0.038195013999938965 -0.09798179566860199
v 0.010595941916108131 0.037765368819236755 -0.09933849424123764
v 0.009882823564112186 0.03780863806605339 -0.09935054928064346
v 0.009864453226327896 0.03794297203421593 -0.09914058446884155
v 0.01244671456515789 0.03776389732956886 -0.09839404374361038
v 0.01189872995018959 0.037712499499320984 -0.09916996210813522
v 0.011262881569564342 0.037764549255371094 -0.09911733865737915
v 0.011262881569564342 0.037764549255371094 -0.09911733865737915
v 0.01189872995018959 0.037712499499320984 -0.09916996210813522
v 0.010999834164977074 0.037712469696998596 -0.09956006705760956
v 0.012676126323640347 0.037712518125772476 -0.09863132238388062
v 0.013364597223699093 0.03776455298066139 -0.09735378623008728
v 0.013384060002863407 0.03771250322461128 -0.09789091348648071
v 0.013384060002863407 0.03771250322461128 -0.09789091348648071
v 0.013364597223699093 0.03776455298066139 -0.09735378623008728
v 0.01369820348918438 0.037765372544527054 -0.0967353880405426
v 0.013384060002863407 0.03771250322461128 -0.09789091348648071
v 0.01369820348918438 0.037765372544527054 -0.0967353880405426
v 0.013924004510045052 0.037712473422288895 -0.09701741486787796
v 0.013103248551487923 0.03793424740433693 -0.09718704223632812
v 0.013630321249365807 0.037942979484796524 -0.09598064422607422
v 0.013813707046210766 0.03781883791089058 -0.09602978080511093
v 0.014247214421629906 0.03771247714757919 -0.09614593535661697
v 0.013924004510045052 0.037712473422288895 -0.09701741486787796
v 0.013813707046210766 0.03781883791089058 -0.09602978080511093
v 0.013813707046210766 0.03781883791089058 -0.09602978080511093
v 0.013924004510045052 0.037712473422288895 -0.09701741486787796
v 0.01369820348918438 0.037765372544527054 -0.0967353880405426
v 0.013813707046210766 0.03781883791089058 -0.09602978080511093
v 0.01369820348918438 0.037765372544527054 -0.0967353880405426
v 0.013103248551487923 0.03793424740433693 -0.09718704223632812
v 0.013103248551487923 0.03793424740433693 -0.09718704223632812
v 0.01369820348918438 0.037765372544527054 -0.0967353880405426
v 0.013364597223699093 0.03776455298066139 -0.09735378623008728
v 0.013103248551487923 0.03793424740433693 -0.09718704223632812
v 0.013364597223699093 0.03776455298066139 -0.09735378623008728
v 0.01244671456515789 0.03776389732956886 -0.09839404374361038
v 0.01244671456515789 0.03776389732956886 -0.09839404374361038
v 0.013364597223699093 0.03776455298066139 -0.09735378623008728
v 0.012676126323640347 0.037712518125772476 -0.09863132238388062
v 0.01244671456515789 0.03776389732956886 -0.09839404374361038
v 0.012676126323640347 0.037712518125772476 -0.09863132238388062
v 0.01189872995018959 0.037712499499320984 -0.09916996210813522
v 0.012248232960700989 0.037931352853775024 -0.09815749526023865
v 0.011144050396978855 0.03793424367904663 -0.09883100539445877
v 0.012100798077881336 0.038195013999938965 -0.09798179566860199
v 0.012100798077881336 0.038195013999938965 -0.09798179566860199
v 0.011144050396978855 0.03793424367904663 -0.09883100539445877
v 0.01105575542896986 0.038201168179512024 -0.09861824661493301
v 0.012100798077881336 0.038195013999938965 -0.09798179566860199
v 0.01105575542896986 0.038201168179512024 -0.09861824661493301
v 0.011309553869068623 0.03850719332695007 -0.09836962819099426
v 0.011309553869068623 0.03850719332695007 -0.09836962819099426
v 0.01105575542896986 0.038201168179512024 -0.09861824661493301
v 0.011010582558810711 0.03851151466369629 -0.09850939363241196
v 0.01290905475616455 0.03820117190480232 -0.09706314653158188
v 0.013406690210103989 0.03821972385048866 -0.09592071920633316
v 0.013103248551487923 0.03793424740433693 -0.09718704223632812
v 0.013103248551487923 0.03793424740433693 -0.09718704223632812
v 0.013406690210103989 0.03821972385048866 -0.09592071920633316
v 0.013472422026097775 0.03811531141400337 -0.09593833237886429
v 0.013103248551487923 0.03793424740433693 -0.09718704223632812
v 0.013472422026097775 0.03811531141400337 -0.09593833237886429
v 0.013630321249365807 0.037942979484796524 -0.09598064422607422
v 0.012025144882500172 0.03850242495536804 -0.09789163619279861
v 0.012528503313660622 0.03850570693612099 -0.09738494455814362
v 0.01290905475616455 0.03820117190480232 -0.09706314653158188
v 0.01290905475616455 0.03820117190480232 -0.09706314653158188
v 0.012528503313660622 0.03850570693612099 -0.09738494455814362
v 0.012809696607291698 0.03851151838898659 -0.09699975699186325
v 0.01290905475616455 0.03820117190480232 -0.09706314653158188
v 0.012809696607291698 0.03851151838898659 -0.09699975699186325
v 0.013406690210103989 0.03821972385048866 -0.09592071920633316
v 0.013406690210103989 0.03821972385048866 -0.09592071920633316
v 0.012809696607291698 0.03851151838898659 -0.09699975699186325
v 0.013233065605163574 0.03853252902626991 -0.09610540419816971
v 0.013406690210103989 0.03821972385048866 -0.09592071920633316
v 0.013233065605163574 0.03853252902626991 -0.09610540419816971
v 0.013295961543917656 0.03853883221745491 -0.09589105099439621
v 0.009834283031523228 0.03853882476687431 -0.09879574924707413
v 0.011010582558810711 0.03851151466369629 -0.09850939363241196
v 0.00984901376068592 0.0381341390311718 -0.09896411001682281
v 0.00984901376068592 0.0381341390311718 -0.09896411001682281
v 0.011010582558810711 0.03851151466369629 -0.09850939363241196
v 0.01105575542896986 0.038201168179512024 -0.09861824661493301
v 0.00984901376068592 0.0381341390311718 -0.09896411001682281
v 0.01105575542896986 0.038201168179512024 -0.09861824661493301
v 0.009864453226327896 0.03794297203421593 -0.09914058446884155
v 0.009864453226327896 0.03794297203421593 -0.09914058446884155
v 0.01105575542896986 0.038201168179512024 -0.09861824661493301
v 0.011144050396978855 0.03793424367904663 -0.09883100539445877
v 0.009864453226327896 0.03794297203421593 -0.09914058446884155
v 0.011144050396978855 0.03793424367904663 -0.09883100539445877
v 0.010595941916108131 0.037765368819236755 -0.09933849424123764
v 0.012025144882500172 0.03850242495536804 -0.09789163619279861
v 0.01290905475616455 0.03820117190480232 -0.09706314653158188
v 0.012100798077881336 0.038195013999938965 -0.09798179566860199
v 0.012100798077881336 0.038195013999938965 -0.09798179566860199
v 0.01290905475616455 0.03820117190480232 -0.09706314653158188
v 0.013103248551487923 0.03793424740433693 -0.09718704223632812
v 0.012100798077881336 0.038195013999938965 -0.09798179566860199
v 0.013103248551487923 0.03793424740433693 -0.09718704223632812
v 0.012248232960700989 0.037931352853775024 -0.09815749526023865
v 0.012248232960700989 0.037931352853775024 -0.09815749526023865
v 0.013103248551487923 0.03793424740433693 -0.09718704223632812
v 0.01244671456515789 0.03776389732956886 -0.09839404374361038
v 0.012248232960700989 0.037931352853775024 -0.09815749526023865
v 0.01244671456515789 0.03776389732956886 -0.09839404374361038
v 0.011144050396978855 0.03793424367904663 -0.09883100539445877
v 0.011144050396978855 0.03793424367904663 -0.09883100539445877
v 0.01244671456515789 0.03776389732956886 -0.09839404374361038
v 0.011262881569564342 0.037764549255371094 -0.09911733865737915
v 0.011144050396978855 0.03793424367904663 -0.09883100539445877
v 0.011262881569564342 0.037764549255371094 -0.09911733865737915
v 0.010595941916108131 0.037765368819236755 -0.09933849424123764
v 0.010595941916108131 0.037765368819236755 -0.09933849424123764
v 0.011262881569564342 0.037764549255371094 -0.09911733865737915
v 0.010999834164977074 0.037712469696998596 -0.09956006705760956
v 0.010595941916108131 0.037765368819236755 -0.09933849424123764
v 0.010999834164977074 0.037712469696998596 -0.09956006705760956
v 0.009882823564112186 0.03780863806605339 -0.09935054928064346
v 0.009882823564112186 0.03780863806605339 -0.09935054928064346
v 0.010999834164977074 0.037712469696998596 -0.09956006705760956
v 0.010038753971457481 0.0377124659717083 -0.09976501762866974
v 0.009882823564112186 0.03780863806605339 -0.09935054928064346
v 0.010038753971457481 0.0377124659717083 -0.09976501762866974
v 0.009920116513967514 0.0377124659717083 -0.09977680444717407
v 0.013295961543917656 0.03853883221745491 -0.09589105099439621
v 0.013509150594472885 0.03853883221745491 -0.09509541839361191
v 0.013406690210103989 0.03821972385048866 -0.09592071920633316
v 0.013406690210103989 0.03821972385048866 -0.09592071920633316
v 0.013509150594472885 0.03853883221745491 -0.09509541839361191
v 0.013618641532957554 0.03822200372815132 -0.0951247587800026
v 0.013406690210103989 0.03821972385048866 -0.09592071920633316
v 0.013618641532957554 0.03822200372815132 -0.0951247587800026
v 0.013472422026097775 0.03811531141400337 -0.09593833237886429
v 0.013472422026097775 0.03811531141400337 -0.09593833237886429
v 0.013618641532957554 0.03822200372815132 -0.0951247587800026
v 0.013685610145330429 0.03811531513929367 -0.09514269977807999
v 0.013472422026097775 0.03811531141400337 -0.09593833237886429
v 0.013685610145330429 0.03811531513929367 -0.09514269977807999
v 0.013630321249365807 0.037942979484796524 -0.09598064422607422
v 0.013630321249365807 0.037942979484796524 -0.09598064422607422
v 0.013685610145330429 0.03811531513929367 -0.09514269977807999
v 0.01383951772004366 0.037946440279483795 -0.09518393874168396
v 0.013630321249365807 0.037942979484796524 -0.09598064422607422
v 0.01383951772004366 0.037946440279483795 -0.09518393874168396
v 0.013813707046210766 0.03781883791089058 -0.09602978080511093
v 0.013813707046210766 0.03781883791089058 -0.09602978080511093
v 0.01383951772004366 0.037946440279483795 -0.09518393874168396
v 0.014026896096765995 0.03781884163618088 -0.09523414820432663
v 0.013813707046210766 0.03781883791089058 -0.09602978080511093
v 0.014026896096765995 0.03781884163618088 -0.09523414820432663
v 0.014247214421629906 0.03771247714757919 -0.09614593535661697
v 0.014460403472185135 0.03771247714757919 -0.09535031020641327
v 0.016962433233857155 0.037946444004774094 -0.09253499656915665
v 0.016981400549411774 0.037818845361471176 -0.09272805601358414
v 0.016032155603170395 0.037767063826322556 -0.09309978783130646
v 0.013685610145330429 0.03811531513929367 -0.09514269977807999
v 0.013618641532957554 0.03822200372815132 -0.0951247587800026
v 0.014099298976361752 0.03820372372865677 -0.09406844526529312
v 0.015008579008281231 0.03771249204874039 -0.09426558017730713
v 0.014822076074779034 0.03771247714757919 -0.09452636539936066
v 0.01455049030482769 0.03776706010103226 -0.09435492753982544
v 0.014608408324420452 0.03771247714757919 -0.09492731094360352
v 0.014460403472185135 0.03771247714757919 -0.09535031020641327
v 0.014026896096765995 0.03781884163618088 -0.09523414820432663
v 0.015008579008281231 0.03771249204874039 -0.09426558017730713
v 0.01455049030482769 0.03776706010103226 -0.09435492753982544
v 0.015599111095070839 0.037712495774030685 -0.09370715171098709
v 0.01455049030482769 0.03776706010103226 -0.09435492753982544
v 0.015200055204331875 0.037766389548778534 -0.09361882507801056
v 0.015599111095070839 0.037712495774030685 -0.09370715171098709
v 0.015599111095070839 0.037712495774030685 -0.09370715171098709
v 0.015200055204331875 0.037766389548778534 -0.09361882507801056
v 0.016032155603170395 0.037767063826322556 -0.09309978783130646
v 0.015599111095070839 0.037712495774030685 -0.09370715171098709
v 0.016032155603170395 0.037767063826322556 -0.09309978783130646
v 0.016306407749652863 0.03771248087286949 -0.09333691745996475
v 0.016306407749652863 0.03771248087286949 -0.09333691745996475
v 0.016032155603170395 0.037767063826322556 -0.09309978783130646
v 0.016981400549411774 0.037818845361471176 -0.09272805601358414
v 0.016306407749652863 0.03771248087286949 -0.09333691745996475
v 0.016981400549411774 0.037818845361471176 -0.09272805601358414
v 0.017025284469127655 0.03771248087286949 -0.09317470341920853
v 0.013618641532957554 0.03822200372815132 -0.0951247587800026
v 0.013509150594472885 0.03853883221745491 -0.09509541839361191
v 0.01399831660091877 0.03851204365491867 -0.09400330483913422
v 0.014026896096765995 0.03781884163618088 -0.09523414820432663
v 0.01383951772004366 0.037946440279483795 -0.09518393874168396
v 0.014292399398982525 0.03793773800134659 -0.09419143944978714
v 0.013618641532957554 0.03822200372815132 -0.0951247587800026
v 0.01399831660091877 0.03851204365491867 -0.09400330483913422
v 0.014099298976361752 0.03820372372865677 -0.09406844526529312
v 0.014099298976361752 0.03820372372865677 -0.09406844526529312
v 0.01399831660091877 0.03851204365491867 -0.09400330483913422
v 0.014776574447751045 0.038503147661685944 -0.09311877191066742
v 0.014099298976361752 0.03820372372865677 -0.09406844526529312
v 0.014776574447751045 0.038503147661685944 -0.09311877191066742
v 0.014856051653623581 0.03819767385721207 -0.09321264922618866
v 0.014856051653623581 0.03819767385721207 -0.09321264922618866
v 0.014776574447751045 0.038503147661685944 -0.09311877191066742
v 0.015776081010699272 0.03851209208369255 -0.09249736368656158
v 0.014856051653623581 0.03819767385721207 -0.09321264922618866
v 0.015776081010699272 0.03851209208369255 -0.09249736368656158
v 0.01582370512187481 0.038203757256269455 -0.09260767698287964
v 0.01582370512187481 0.038203757256269455 -0.09260767698287964
v 0.015776081010699272 0.03851209208369255 -0.09249736368656158
v 0.016928989440202713 0.03853883966803551 -0.09219461679458618
v 0.01582370512187481 0.038203757256269455 -0.09260767698287964
v 0.016928989440202713 0.03853883966803551 -0.09219461679458618
v 0.016940074041485786 0.03822201117873192 -0.0923074260354042
v 0.016940074041485786 0.03822201117873192 -0.0923074260354042
v 0.016946854069828987 0.03811531886458397 -0.09237642586231232
v 0.01582370512187481 0.038203757256269455 -0.09260767698287964
v 0.01582370512187481 0.038203757256269455 -0.09260767698287964
v 0.016946854069828987 0.03811531886458397 -0.09237642586231232
v 0.015913281589746475 0.03793775662779808 -0.09281835705041885
v 0.01582370512187481 0.038203757256269455 -0.09260767698287964
v 0.015913281589746475 0.03793775662779808 -0.09281835705041885
v 0.014856051653623581 0.03819767385721207 -0.09321264922618866
v 0.014856051653623581 0.03819767385721207 -0.09321264922618866
v 0.015913281589746475 0.03793775662779808 -0.09281835705041885
v 0.015004109591245651 0.037934862077236176 -0.09338747709989548
v 0.014856051653623581 0.03819767385721207 -0.09321264922618866
v 0.015004109591245651 0.037934862077236176 -0.09338747709989548
v 0.014099298976361752 0.03820372372865677 -0.09406844526529312
v 0.014099298976361752 0.03820372372865677 -0.09406844526529312
v 0.015004109591245651 0.037934862077236176 -0.09338747709989548
v 0.014292399398982525 0.03793773800134659 -0.09419143944978714
v 0.014099298976361752 0.03820372372865677 -0.09406844526529312
v 0.014292399398982525 0.03793773800134659 -0.09419143944978714
v 0.013685610145330429 0.03811531513929367 -0.09514269977807999
v 0.013685610145330429 0.03811531513929367 -0.09514269977807999
v 0.014292399398982525 0.03793773800134659 -0.09419143944978714
v 0.01383951772004366 0.037946440279483795 -0.09518393874168396
v 0.016946854069828987 0.03811531886458397 -0.09237642586231232
v 0.016962433233857155 0.037946444004774094 -0.09253499656915665
v 0.015913281589746475 0.03793775662779808 -0.09281835705041885
v 0.015913281589746475 0.03793775662779808 -0.09281835705041885
v 0.016962433233857155 0.037946444004774094 -0.09253499656915665
v 0.016032155603170395 0.037767063826322556 -0.09309978783130646
v 0.015913281589746475 0.03793775662779808 -0.09281835705041885
v 0.016032155603170395 0.037767063826322556 -0.09309978783130646
v 0.015004109591245651 0.037934862077236176 -0.09338747709989548
v 0.015004109591245651 0.037934862077236176 -0.09338747709989548
v 0.016032155603170395 0.037767063826322556 -0.09309978783130646
v 0.015200055204331875 0.037766389548778534 -0.09361882507801056
v 0.015004109591245651 0.037934862077236176 -0.09338747709989548
v 0.015200055204331875 0.037766389548778534 -0.09361882507801056
v 0.014292399398982525 0.03793773800134659 -0.09419143944978714
v 0.014292399398982525 0.03793773800134659 -0.09419143944978714
v 0.015200055204331875 0.037766389548778534 -0.09361882507801056
v 0.01455049030482769 0.03776706010103226 -0.09435492753982544
v 0.014292399398982525 0.03793773800134659 -0.09419143944978714
v 0.01455049030482769 0.03776706010103226 -0.09435492753982544
v 0.014026896096765995 0.03781884163618088 -0.09523414820432663
v 0.014026896096765995 0.03781884163618088 -0.09523414820432663
v 0.01455049030482769 0.03776706010103226 -0.09435492753982544
v 0.014822076074779034 0.03771247714757919 -0.09452636539936066
v 0.014026896096765995 0.03781884163618088 -0.09523414820432663
v 0.014822076074779034 0.03771247714757919 -0.09452636539936066
v 0.014608408324420452 0.03771247714757919 -0.09492731094360352
v 0.016940074041485786 0.03822201117873192 -0.0923074260354042
v 0.016928989440202713 0.03853883966803551 -0.09219461679458618
v 0.01838493160903454 0.038538843393325806 -0.0919577106833458
v 0.016962433233857155 0.037946444004774094 -0.09253499656915665
v 0.016946854069828987 0.03811531886458397 -0.09237642586231232
v 0.018425630405545235 0.03811532258987427 -0.09213581681251526
v 0.02277153916656971 0.03794645145535469 -0.07085511833429337
v 0.022884495556354523 0.03781886771321297 -0.07069740444421768
v 0.02407948486506939 0.03781886771321297 -0.07167346030473709
v 0.02277153916656971 0.03794645145535469 -0.07085511833429337
v 0.02407948486506939 0.03781886771321297 -0.07167346030473709
v 0.022678758949041367 0.03811534121632576 -0.07098465412855148
v 0.022572385147213936 0.038538847118616104 -0.07113317400217056
v 0.022638389840722084 0.038222018629312515 -0.07104102522134781
v 0.02383909747004509 0.03811534121632576 -0.07193240523338318
v 0.022884495556354523 0.03781886771321297 -0.07069740444421768
v 0.023145822808146477 0.03771250322461128 -0.07033254206180573
v 0.02407948486506939 0.03781886771321297 -0.07167346030473709
v 0.02438483200967312 0.03771250322461128 -0.07134454697370529
v 0.02407948486506939 0.03781886771321297 -0.07167346030473709
v 0.02438483200967312 0.03771250322461128 -0.07134454697370529
v 0.025141535326838493 0.037818871438503265 -0.07279271632432938
v 0.02548600547015667 0.03771250694990158 -0.07250503450632095
v 0.025141535326838493 0.037818871438503265 -0.07279271632432938
v 0.02548600547015667 0.03771250694990158 -0.07250503450632095
v 0.026119252666831017 0.037818871438503265 -0.0741409957408905
v 0.026499737054109573 0.03771250694990158 -0.07390297204256058
v 0.026119252666831017 0.037818871438503265 -0.0741409957408905
v 0.026499737054109573 0.03771250694990158 -0.07390297204256058
v 0.026903962716460228 0.037818871438503265 -0.07561000436544418
v 0.02731335163116455 0.03771250694990158 -0.07542609423398972
v 0.026903962716460228 0.037818871438503265 -0.07561000436544418
v 0.02731335163116455 0.03771250694990158 -0.07542609423398972
v 0.02748100645840168 0.037818871438503265 -0.07717230916023254
v 0.027911650016903877 0.03771250694990158 -0.07704594731330872
v 0.02748100645840168 0.037818871438503265 -0.07717230916023254
v 0.027911650016903877 0.03771250694990158 -0.07704594731330872
v 0.027839595451951027 0.037818871438503265 -0.07879871129989624
v 0.02828344888985157 0.03771250694990158 -0.07873225957155228
v 0.027839595451951027 0.037818871438503265 -0.07879871129989624
v 0.02828344888985157 0.03771250694990158 -0.07873225957155228
v 0.027973035350441933 0.037818871438503265 -0.08045881986618042
v 0.028421804308891296 0.03771250694990158 -0.08045352250337601
v 0.027973035350441933 0.037818871438503265 -0.08045881986618042
v 0.028421804308891296 0.03771250694990158 -0.08045352250337601
v 0.02787882834672928 0.037818871438503265 -0.08212161809206009
v 0.028324125334620476 0.03771250694990158 -0.08217757195234299
v 0.02787882834672928 0.037818871438503265 -0.08212161809206009
v 0.028324125334620476 0.03771250694990158 -0.08217757195234299
v 0.027558736503124237 0.037818871438503265 -0.08375602960586548
v 0.02799224480986595 0.03771250694990158 -0.08387219160795212
v 0.027558736503124237 0.037818871438503265 -0.08375602960586548
v 0.02799224480986595 0.03771250694990158 -0.08387219160795212
v 0.027018744498491287 0.03781886771321297 -0.0853315219283104
v 0.027432359755039215 0.03771250322461128 -0.08550571650266647
v 0.027018744498491287 0.03781886771321297 -0.0853315219283104
v 0.027432359755039215 0.03771250322461128 -0.08550571650266647
v 0.026268934831023216 0.03781886771321297 -0.0868186503648758
v 0.026654930785298347 0.03771250322461128 -0.08704762160778046
v 0.026268934831023216 0.03781886771321297 -0.0868186503648758
v 0.026654930785298347 0.03771250322461128 -0.08704762160778046
v 0.025323322042822838 0.03781886398792267 -0.08818963915109634
v 0.02567448653280735 0.037712499499320984 -0.08846911042928696
v 0.025323322042822838 0.03781886398792267 -0.08818963915109634
v 0.02567448653280735 0.037712499499320984 -0.08846911042928696
v 0.024199578911066055 0.03781886026263237 -0.08941885083913803
v 0.02450934797525406 0.037712495774030685 -0.08974359929561615
v 0.024199578911066055 0.03781886026263237 -0.08941885083913803
v 0.02450934797525406 0.037712495774030685 -0.08974359929561615
v 0.0229186974465847 0.03781886026263237 -0.09048333019018173
v 0.023181285709142685 0.037712495774030685 -0.09084729105234146
v 0.0229186974465847 0.03781886026263237 -0.09048333019018173
v 0.023181285709142685 0.037712495774030685 -0.09084729105234146
v 0.021504614502191544 0.03781885653734207 -0.09136318415403366
v 0.021715112030506134 0.03771249204874039 -0.09175954759120941
v 0.021504614502191544 0.03781885653734207 -0.09136318415403366
v 0.021715112030506134 0.03771249204874039 -0.09175954759120941
v 0.019983753561973572 0.03781885281205177 -0.0920419692993164
v 0.020138230174779892 0.03771248832345009 -0.09246333688497543
v 0.019983753561973572 0.03781885281205177 -0.0920419692993164
v 0.020138230174779892 0.03771248832345009 -0.09246333688497543
v 0.018504342064261436 0.037818849086761475 -0.09248025715351105
v 0.018604323267936707 0.03771248459815979 -0.0929177775979042
v 0.018504342064261436 0.037818849086761475 -0.09248025715351105
v 0.018604323267936707 0.03771248459815979 -0.0929177775979042
v 0.016981400549411774 0.037818845361471176 -0.09272805601358414
v 0.017025284469127655 0.03771248087286949 -0.09317470341920853
v 0.016981400549411774 0.037818845361471176 -0.09272805601358414
v 0.016962433233857155 0.037946444004774094 -0.09253499656915665
v 0.018504342064261436 0.037818849086761475 -0.09248025715351105
v 0.018504342064261436 0.037818849086761475 -0.09248025715351105
v 0.016962433233857155 0.037946444004774094 -0.09253499656915665
v 0.018425630405545235 0.03811532258987427 -0.09213581681251526
v 0.018504342064261436 0.037818849086761475 -0.09248025715351105
v 0.018425630405545235 0.03811532258987427 -0.09213581681251526
v 0.019983753561973572 0.03781885281205177 -0.0920419692993164
v 0.019983753561973572 0.03781885281205177 -0.0920419692993164
v 0.018425630405545235 0.03811532258987427 -0.09213581681251526
v 0.019862137734889984 0.038115326315164566 -0.09171022474765778
v 0.019983753561973572 0.03781885281205177 -0.0920419692993164
v 0.019862137734889984 0.038115326315164566 -0.09171022474765778
v 0.021504614502191544 0.03781885653734207 -0.09136318415403366
v 0.021338894963264465 0.038115330040454865 -0.0910511240363121
v 0.021504614502191544 0.03781885653734207 -0.09136318415403366
v 0.021338894963264465 0.038115330040454865 -0.0910511240363121
v 0.0229186974465847 0.03781886026263237 -0.09048333019018173
v 0.0229186974465847 0.03781886026263237 -0.09048333019018173
v 0.021338894963264465 0.038115330040454865 -0.0910511240363121
v 0.022711971774697304 0.038115330040454865 -0.09019679576158524
v 0.0229186974465847 0.03781886026263237 -0.09048333019018173
v 0.022711971774697304 0.038115330040454865 -0.09019679576158524
v 0.024199578911066055 0.03781886026263237 -0.08941885083913803
v 0.023955708369612694 0.03811533376574516 -0.08916318416595459
v 0.024199578911066055 0.03781886026263237 -0.08941885083913803
v 0.023955708369612694 0.03811533376574516 -0.08916318416595459
v 0.025323322042822838 0.03781886398792267 -0.08818963915109634
v 0.02504686266183853 0.03811533749103546 -0.08796961605548859
v 0.025323322042822838 0.03781886398792267 -0.08818963915109634
v 0.02504686266183853 0.03811533749103546 -0.08796961605548859
v 0.026268934831023216 0.03781886771321297 -0.0868186503648758
v 0.025965051725506783 0.03811533749103546 -0.08663839846849442
v 0.026268934831023216 0.03781886771321297 -0.0868186503648758
v 0.025965051725506783 0.03811533749103546 -0.08663839846849442
v 0.027018744498491287 0.03781886771321297 -0.0853315219283104
v 0.02669311687350273 0.03811534121632576 -0.08519439399242401
v 0.027018744498491287 0.03781886771321297 -0.0853315219283104
v 0.02669311687350273 0.03811534121632576 -0.08519439399242401
v 0.027558736503124237 0.037818871438503265 -0.08375602960586548
v 0.027217451483011246 0.03811534121632576 -0.08366458863019943
v 0.027558736503124237 0.037818871438503265 -0.08375602960586548
v 0.027217451483011246 0.03811534121632576 -0.08366458863019943
v 0.02787882834672928 0.037818871438503265 -0.08212161809206009
v 0.02752825990319252 0.03811534494161606 -0.08207757025957108
v 0.02787882834672928 0.037818871438503265 -0.08212161809206009
v 0.02752825990319252 0.03811534494161606 -0.08207757025957108
v 0.027973035350441933 0.037818871438503265 -0.08045881986618042
v 0.027619734406471252 0.03811534494161606 -0.0804629921913147
v 0.027973035350441933 0.037818871438503265 -0.08045881986618042
v 0.027619734406471252 0.03811534494161606 -0.0804629921913147
v 0.027839595451951027 0.037818871438503265 -0.07879871129989624
v 0.027490166947245598 0.03811534494161606 -0.07885102927684784
v 0.027839595451951027 0.037818871438503265 -0.07879871129989624
v 0.027490166947245598 0.03811534494161606 -0.07885102927684784
v 0.02748100645840168 0.037818871438503265 -0.07717230916023254
v 0.02714197337627411 0.03811534494161606 -0.07727178931236267
v 0.02748100645840168 0.037818871438503265 -0.07717230916023254
v 0.02714197337627411 0.03811534494161606 -0.07727178931236267
v 0.026903962716460228 0.037818871438503265 -0.07561000436544418
v 0.026581667363643646 0.03811534494161606 -0.0757547914981842
v 0.026903962716460228 0.037818871438503265 -0.07561000436544418
v 0.026581667363643646 0.03811534494161606 -0.0757547914981842
v 0.026119252666831017 0.037818871438503265 -0.0741409957408905
v 0.02581971324980259 0.03811534494161606 -0.07432837784290314
v 0.026119252666831017 0.037818871438503265 -0.0741409957408905
v 0.02581971324980259 0.03811534494161606 -0.07432837784290314
v 0.025141535326838493 0.037818871438503265 -0.07279271632432938
v 0.02487034909427166 0.03811534121632576 -0.07301920652389526
v 0.025141535326838493 0.037818871438503265 -0.07279271632432938
v 0.02487034909427166 0.03811534121632576 -0.07301920652389526
v 0.02407948486506939 0.03781886771321297 -0.07167346030473709
v 0.02383909747004509 0.03811534121632576 -0.07193240523338318
v 0.02407948486506939 0.03781886771321297 -0.07167346030473709
v 0.02383909747004509 0.03811534121632576 -0.07193240523338318
v 0.022678758949041367 0.03811534121632576 -0.07098465412855148
v 0.022678758949041367 0.03811534121632576 -0.07098465412855148
v 0.02383909747004509 0.03811534121632576 -0.07193240523338318
v 0.022638389840722084 0.038222018629312515 -0.07104102522134781
v 0.016946854069828987 0.03811531886458397 -0.09237642586231232
v 0.016940074041485786 0.03822201117873192 -0.0923074260354042
v 0.018425630405545235 0.03811532258987427 -0.09213581681251526
v 0.018425630405545235 0.03811532258987427 -0.09213581681251526
v 0.016940074041485786 0.03822201117873192 -0.0923074260354042
v 0.01838493160903454 0.038538843393325806 -0.0919577106833458
v 0.018425630405545235 0.03811532258987427 -0.09213581681251526
v 0.01838493160903454 0.038538843393325806 -0.0919577106833458
v 0.019862137734889984 0.038115326315164566 -0.09171022474765778
v 0.019862137734889984 0.038115326315164566 -0.09171022474765778
v 0.01838493160903454 0.038538843393325806 -0.0919577106833458
v 0.019799258559942245 0.038538847118616104 -0.09153870493173599
v 0.019862137734889984 0.038115326315164566 -0.09171022474765778
v 0.019799258559942245 0.038538847118616104 -0.09153870493173599
v 0.021338894963264465 0.038115330040454865 -0.0910511240363121
v 0.021253211423754692 0.0385388508439064 -0.09088978171348572
v 0.021338894963264465 0.038115330040454865 -0.0910511240363121
v 0.021253211423754692 0.0385388508439064 -0.09088978171348572
v 0.022711971774697304 0.038115330040454865 -0.09019679576158524
v 0.022605083882808685 0.0385388508439064 -0.0900486409664154
v 0.022711971774697304 0.038115330040454865 -0.09019679576158524
v 0.022605083882808685 0.0385388508439064 -0.0900486409664154
v 0.023955708369612694 0.03811533376574516 -0.08916318416595459
v 0.023829614743590355 0.0385388545691967 -0.08903099596500397
v 0.023955708369612694 0.03811533376574516 -0.08916318416595459
v 0.023829614743590355 0.0385388545691967 -0.08903099596500397
v 0.02504686266183853 0.03811533749103546 -0.08796961605548859
v 0.0249039214104414 0.038538858294487 -0.08785586059093475
v 0.02504686266183853 0.03811533749103546 -0.08796961605548859
v 0.0249039214104414 0.038538858294487 -0.08785586059093475
v 0.025965051725506783 0.03811533749103546 -0.08663839846849442
v 0.025807932019233704 0.038538858294487 -0.0865451917052269
v 0.025965051725506783 0.03811533749103546 -0.08663839846849442
v 0.025807932019233704 0.038538858294487 -0.0865451917052269
v 0.02669311687350273 0.03811534121632576 -0.08519439399242401
v 0.026524752378463745 0.0385388620197773 -0.08512347936630249
v 0.02669311687350273 0.03811534121632576 -0.08519439399242401
v 0.026524752378463745 0.0385388620197773 -0.08512347936630249
v 0.027217451483011246 0.03811534121632576 -0.08366458863019943
v 0.027040990069508553 0.0385388620197773 -0.08361730724573135
v 0.027217451483011246 0.03811534121632576 -0.08366458863019943
v 0.027040990069508553 0.0385388620197773 -0.08361730724573135
v 0.02752825990319252 0.03811534494161606 -0.08207757025957108
v 0.027347000315785408 0.038538865745067596 -0.08205479383468628
v 0.02752825990319252 0.03811534494161606 -0.08207757025957108
v 0.027347000315785408 0.038538865745067596 -0.08205479383468628
v 0.027619734406471252 0.03811534494161606 -0.0804629921913147
v 0.027437062934041023 0.038538865745067596 -0.0804651528596878
v 0.027619734406471252 0.03811534494161606 -0.0804629921913147
v 0.027437062934041023 0.038538865745067596 -0.0804651528596878
v 0.027490166947245598 0.03811534494161606 -0.07885102927684784
v 0.027309494093060493 0.038538865745067596 -0.07887807488441467
v 0.027490166947245598 0.03811534494161606 -0.07885102927684784
v 0.027309494093060493 0.038538865745067596 -0.07887807488441467
v 0.02714197337627411 0.03811534494161606 -0.07727178931236267
v 0.02714197337627411 0.03811534494161606 -0.07727178931236267
v 0.027309494093060493 0.038538865745067596 -0.07887807488441467
v 0.026966677978634834 0.0385388508439064 -0.07732322067022324
v 0.02714197337627411 0.03811534494161606 -0.07727178931236267
v 0.026966677978634834 0.0385388508439064 -0.07732322067022324
v 0.026581667363643646 0.03811534494161606 -0.0757547914981842
v 0.0264150220900774 0.0385388508439064 -0.0758296549320221
v 0.026581667363643646 0.03811534494161606 -0.0757547914981842
v 0.0264150220900774 0.0385388508439064 -0.0758296549320221
v 0.02581971324980259 0.03811534494161606 -0.07432837784290314
v 0.025664834305644035 0.0385388508439064 -0.07442526519298553
v 0.02581971324980259 0.03811534494161606 -0.07432837784290314
v 0.025664834305644035 0.0385388508439064 -0.07442526519298553
v 0.02487034909427166 0.03811534121632576 -0.07301920652389526
v 0.024730131030082703 0.038538847118616104 -0.07313630729913712
v 0.02487034909427166 0.03811534121632576 -0.07301920652389526
v 0.024730131030082703 0.038538847118616104 -0.07313630729913712
v 0.02383909747004509 0.03811534121632576 -0.07193240523338318
v 0.023714805021882057 0.038538847118616104 -0.0720662921667099
v 0.02383909747004509 0.03811534121632576 -0.07193240523338318
v 0.023714805021882057 0.038538847118616104 -0.0720662921667099
v 0.022572385147213936 0.038538847118616104 -0.07113317400217056
v 0.02139148861169815 0.03794645145535469 -0.06699960678815842
v 0.021599069237709045 0.03780866041779518 -0.06705522537231445
v 0.021592648699879646 0.03776708245277405 -0.06806917488574982
v 0.022678758949041367 0.03811534121632576 -0.07098465412855148
v 0.022638389840722084 0.038222018629312515 -0.07104102522134781
v 0.021818915382027626 0.03820371627807617 -0.07021928578615189
v 0.022323554381728172 0.03771250322461128 -0.06943769752979279
v 0.022501934319734573 0.03771250322461128 -0.06970396637916565
v 0.02224588580429554 0.03776707127690315 -0.06989783048629761
v 0.0228020828217268 0.03771250322461128 -0.07004518061876297
v 0.023145822808146477 0.03771250322461128 -0.07033254206180573
v 0.022884495556354523 0.03781886771321297 -0.07069740444421768
v 0.022323554381728172 0.03771250322461128 -0.06943769752979279
v 0.02224588580429554 0.03776707127690315 -0.06989783048629761
v 0.022008713334798813 0.037712518125772476 -0.06868835538625717
v 0.02224588580429554 0.03776707127690315 -0.06989783048629761
v 0.02178555727005005 0.03776639699935913 -0.06903073936700821
v 0.022008713334798813 0.037712518125772476 -0.06868835538625717
v 0.022008713334798813 0.037712518125772476 -0.06868835538625717
v 0.02178555727005005 0.03776639699935913 -0.06903073936700821
v 0.021592648699879646 0.03776708245277405 -0.06806917488574982
v 0.022008713334798813 0.037712518125772476 -0.06868835538625717
v 0.021592648699879646 0.03776708245277405 -0.06806917488574982
v 0.021911142393946648 0.03771250322461128 -0.06789598613977432
v 0.021911142393946648 0.03771250322461128 -0.06789598613977432
v 0.021592648699879646 0.03776708245277405 -0.06806917488574982
v 0.021599069237709045 0.03780866041779518 -0.06705522537231445
v 0.021911142393946648 0.03771250322461128 -0.06789598613977432
v 0.021599069237709045 0.03780866041779518 -0.06705522537231445
v 0.0220123752951622 0.03771250322461128 -0.06716596335172653
v 0.022884495556354523 0.03781886771321297 -0.07069740444421768
v 0.02277153916656971 0.03794645145535469 -0.07085511833429337
v 0.02200201340019703 0.037937745451927185 -0.07008185237646103
v 0.021061120554804802 0.038538843393325806 -0.06691107898950577
v 0.021058641374111176 0.03820379078388214 -0.06809104233980179
v 0.020938627421855927 0.03851214051246643 -0.06809677183628082
v 0.020938627421855927 0.03851214051246643 -0.06809677183628082
v 0.021058641374111176 0.03820379078388214 -0.06809104233980179
v 0.021284280344843864 0.03819769620895386 -0.06920973211526871
v 0.020938627421855927 0.03851214051246643 -0.06809677183628082
v 0.021284280344843864 0.03819769620895386 -0.06920973211526871
v 0.02116842195391655 0.03850315511226654 -0.06925105303525925
v 0.02116842195391655 0.03850315511226654 -0.06925105303525925
v 0.021284280344843864 0.03819769620895386 -0.06920973211526871
v 0.021818915382027626 0.03820371627807617 -0.07021928578615189
v 0.02116842195391655 0.03850315511226654 -0.06925105303525925
v 0.021818915382027626 0.03820371627807617 -0.07021928578615189
v 0.021722378209233284 0.03851202130317688 -0.07029086351394653
v 0.021722378209233284 0.03851202130317688 -0.07029086351394653
v 0.021818915382027626 0.03820371627807617 -0.07021928578615189
v 0.022638389840722084 0.038222018629312515 -0.07104102522134781
v 0.021722378209233284 0.03851202130317688 -0.07029086351394653
v 0.022638389840722084 0.038222018629312515 -0.07104102522134781
v 0.022572385147213936 0.038538847118616104 -0.07113317400217056
v 0.021061120554804802 0.038538843393325806 -0.06691107898950577
v 0.02122436836361885 0.03813415765762329 -0.0669548287987709
v 0.021058641374111176 0.03820379078388214 -0.06809104233980179
v 0.021058641374111176 0.03820379078388214 -0.06809104233980179
v 0.02122436836361885 0.03813415765762329 -0.0669548287987709
v 0.021287374198436737 0.03793777525424957 -0.06808137148618698
v 0.021058641374111176 0.03820379078388214 -0.06809104233980179
v 0.021287374198436737 0.03793777525424957 -0.06808137148618698
v 0.021284280344843864 0.03819769620895386 -0.06920973211526871
v 0.021284280344843864 0.03819769620895386 -0.06920973211526871
v 0.021287374198436737 0.03793777525424957 -0.06808137148618698
v 0.02150004543364048 0.037934884428977966 -0.0691327154636383
v 0.021284280344843864 0.03819769620895386 -0.06920973211526871
v 0.02150004543364048 0.037934884428977966 -0.0691327154636383
v 0.021818915382027626 0.03820371627807617 -0.07021928578615189
v 0.021818915382027626 0.03820371627807617 -0.07021928578615189
v 0.02150004543364048 0.037934884428977966 -0.0691327154636383
v 0.02200201340019703 0.037937745451927185 -0.07008185237646103
v 0.021818915382027626 0.03820371627807617 -0.07021928578615189
v 0.02200201340019703 0.037937745451927185 -0.07008185237646103
v 0.022678758949041367 0.03811534121632576 -0.07098465412855148
v 0.022678758949041367 0.03811534121632576 -0.07098465412855148
v 0.02200201340019703 0.037937745451927185 -0.07008185237646103
v 0.02277153916656971 0.03794645145535469 -0.07085511833429337
v 0.02122436836361885 0.03813415765762329 -0.0669548287987709
v 0.02139148861169815 0.03794645145535469 -0.06699960678815842
v 0.021287374198436737 0.03793777525424957 -0.06808137148618698
v 0.021287374198436737 0.03793777525424957 -0.06808137148618698
v 0.02139148861169815 0.03794645145535469 -0.06699960678815842
v 0.021592648699879646 0.03776708245277405 -0.06806917488574982
v 0.021287374198436737 0.03793777525424957 -0.06808137148618698
v 0.021592648699879646 0.03776708245277405 -0.06806917488574982
v 0.02150004543364048 0.037934884428977966 -0.0691327154636383
v 0.02150004543364048 0.037934884428977966 -0.0691327154636383
v 0.021592648699879646 0.03776708245277405 -0.06806917488574982
v 0.02178555727005005 0.03776639699935913 -0.06903073936700821
v 0.02150004543364048 0.037934884428977966 -0.0691327154636383
v 0.02178555727005005 0.03776639699935913 -0.06903073936700821
v 0.02200201340019703 0.037937745451927185 -0.07008185237646103
v 0.02200201340019703 0.037937745451927185 -0.07008185237646103
v 0.02178555727005005 0.03776639699935913 -0.06903073936700821
v 0.02224588580429554 0.03776707127690315 -0.06989783048629761
v 0.02200201340019703 0.037937745451927185 -0.07008185237646103
v 0.02224588580429554 0.03776707127690315 -0.06989783048629761
v 0.022884495556354523 0.03781886771321297 -0.07069740444421768
v 0.022884495556354523 0.03781886771321297 -0.07069740444421768
v 0.02224588580429554 0.03776707127690315 -0.06989783048629761
v 0.022501934319734573 0.03771250322461128 -0.06970396637916565
v 0.022884495556354523 0.03781886771321297 -0.07069740444421768
v 0.022501934319734573 0.03771250322461128 -0.06970396637916565
v 0.0228020828217268 0.03771250322461128 -0.07004518061876297
v 0.02122436836361885 0.03813415765762329 -0.0669548287987709
v 0.021061120554804802 0.038538843393325806 -0.06691107898950577
v 0.02372685819864273 0.0385388545691967 -0.05696241185069084
v 0.024912139400839806 0.037712495774030685 -0.056343890726566315
v 0.0220123752951622 0.03771250322461128 -0.06716596335172653
v 0.024611787870526314 0.037757765501737595 -0.05628472566604614
v 0.024611787870526314 0.037757765501737595 -0.05628472566604614
v 0.0220123752951622 0.03771250322461128 -0.06716596335172653
v 0.021599069237709045 0.03780866041779518 -0.06705522537231445
v 0.02139148861169815 0.03794645145535469 -0.06699960678815842
v 0.02430054359138012 0.03790247067809105 -0.05635354667901993
v 0.021599069237709045 0.03780866041779518 -0.06705522537231445
v 0.021599069237709045 0.03780866041779518 -0.06705522537231445
v 0.02430054359138012 0.03790247067809105 -0.05635354667901993
v 0.024512706324458122 0.037792693823575974 -0.05629187822341919
v 0.021599069237709045 0.03780866041779518 -0.06705522537231445
v 0.024512706324458122 0.037792693823575974 -0.05629187822341919
v 0.024611787870526314 0.037757765501737595 -0.05628472566604614
v 0.02372685819864273 0.0385388545691967 -0.05696241185069084
v 0.02389770746231079 0.038269635289907455 -0.05667881667613983
v 0.02122436836361885 0.03813415765762329 -0.0669548287987709
v 0.02122436836361885 0.03813415765762329 -0.0669548287987709
v 0.02389770746231079 0.038269635289907455 -0.05667881667613983
v 0.02400699071586132 0.038144346326589584 -0.05655721202492714
v 0.02122436836361885 0.03813415765762329 -0.0669548287987709
v 0.02400699071586132 0.038144346326589584 -0.05655721202492714
v 0.02139148861169815 0.03794645145535469 -0.06699960678815842
v 0.02139148861169815 0.03794645145535469 -0.06699960678815842
v 0.02400699071586132 0.038144346326589584 -0.05655721202492714
v 0.024169884622097015 0.03799573704600334 -0.056425370275974274
v 0.02139148861169815 0.03794645145535469 -0.06699960678815842
v 0.024169884622097015 0.03799573704600334 -0.056425370275974274
v 0.02430054359138012 0.03790247067809105 -0.05635354667901993
v -0.003094039624556899 0.04027960076928139 -0.09856190532445908
v -0.0033891682978719473 0.03924282267689705 -0.09982802718877792
v -0.004089039750397205 0.03915657103061676 -0.09990452975034714
v -0.005883205682039261 0.038412436842918396 -0.0998709574341774
v -0.005201432853937149 0.04126599431037903 -0.09619086235761642
v -0.00463023129850626 0.04128938913345337 -0.0967467650771141
v -0.005883205682039261 0.038412436842918396 -0.0998709574341774
v -0.00463023129850626 0.04128938913345337 -0.0967467650771141
v -0.005610996391624212 0.03839288651943207 -0.10017285495996475
v -0.005610996391624212 0.03839288651943207 -0.10017285495996475
v -0.00463023129850626 0.04128938913345337 -0.0967467650771141
v -0.004121360834687948 0.04129760339856148 -0.09705878049135208
v -0.005610996391624212 0.03839288651943207 -0.10017285495996475
v -0.004121360834687948 0.04129760339856148 -0.09705878049135208
v -0.005190739408135414 0.03868460655212402 -0.10008445382118225
v -0.0027750907465815544 0.041295457631349564 -0.09731872379779816
v -0.003094039624556899 0.04027960076928139 -0.09856190532445908
v -0.0034820809960365295 0.0413021482527256 -0.09727155417203903
v -0.0034820809960365295 0.0413021482527256 -0.09727155417203903
v -0.003094039624556899 0.04027960076928139 -0.09856190532445908
v -0.004089039750397205 0.03915657103061676 -0.09990452975034714
v -0.0034820809960365295 0.0413021482527256 -0.09727155417203903
v -0.004089039750397205 0.03915657103061676 -0.09990452975034714
v -0.004090409725904465 0.04129800572991371 -0.0970732644200325
v -0.004090409725904465 0.04129800572991371 -0.0970732644200325
v -0.004089039750397205 0.03915657103061676 -0.09990452975034714
v -0.004706507083028555 0.03894263505935669 -0.099996417760849
v -0.004090409725904465 0.04129800572991371 -0.0970732644200325
v -0.004706507083028555 0.03894263505935669 -0.099996417760849
v -0.004121360834687948 0.04129760339856148 -0.09705878049135208
v -0.004121360834687948 0.04129760339856148 -0.09705878049135208
v -0.004706507083028555 0.03894263505935669 -0.099996417760849
v -0.004862678237259388 0.03886823356151581 -0.10002325475215912
v -0.004121360834687948 0.04129760339856148 -0.09705878049135208
v -0.004862678237259388 0.03886823356151581 -0.10002325475215912
v -0.005190739408135414 0.03868460655212402 -0.10008445382118225
v 0.003998892847448587 0.03841245919466019 -0.05410800129175186
v 0.003998912405222654 0.029712459072470665 -0.05410799756646156
v 0.004148511681705713 0.038418494164943695 -0.054048504680395126
v 0.004148511681705713 0.038418494164943695 -0.054048504680395126
v 0.003998912405222654 0.029712459072470665 -0.05410799756646156
v 0.004853423219174147 0.029712460935115814 -0.053935639560222626
v 0.004148511681705713 0.038418494164943695 -0.054048504680395126
v 0.004853423219174147 0.029712460935115814 -0.053935639560222626
v 0.004641816485673189 0.038515232503414154 -0.0539424791932106
v 0.005799721460789442 0.039179231971502304 -0.05419608950614929
v 0.005285841412842274 0.038803718984127045 -0.0539921410381794
v 0.005700083915144205 0.029712462797760963 -0.05414315313100815
v 0.005700083915144205 0.029712462797760963 -0.05414315313100815
v 0.005285841412842274 0.038803718984127045 -0.0539921410381794
v 0.005199428182095289 0.0387541726231575 -0.053973082453012466
v 0.005700083915144205 0.029712462797760963 -0.05414315313100815
v 0.005199428182095289 0.0387541726231575 -0.053973082453012466
v 0.004853423219174147 0.029712460935115814 -0.053935639560222626
v 0.004853423219174147 0.029712460935115814 -0.053935639560222626
v 0.005199428182095289 0.0387541726231575 -0.053973082453012466
v 0.004859135486185551 0.03859216719865799 -0.053935762494802475
v 0.004853423219174147 0.029712460935115814 -0.053935639560222626
v 0.004859135486185551 0.03859216719865799 -0.053935762494802475
v 0.004641816485673189 0.038515232503414154 -0.0539424791932106
v 0.005799721460789442 0.039179231971502304 -0.05419608950614929
v 0.005700083915144205 0.029712462797760963 -0.05414315313100815
v 0.005957277957350016 0.03932778164744377 -0.05429554358124733
v 0.005957277957350016 0.03932778164744377 -0.05429554358124733
v 0.005700083915144205 0.029712462797760963 -0.05414315313100815
v 0.006378050893545151 0.029712462797760963 -0.05469111353158951
v 0.005957277957350016 0.03932778164744377 -0.05429554358124733
v 0.006378050893545151 0.029712462797760963 -0.05469111353158951
v 0.00637802854180336 0.03984444960951805 -0.054691117256879807
v 0.006378050893545151 0.029712455347180367 -0.10651420801877975
v 0.005700084380805492 0.029712455347180367 -0.10706216841936111
v 0.005635949317365885 0.035343095660209656 -0.10709253698587418
v 0.005635949317365885 0.035343095660209656 -0.10709253698587418
v 0.0061271036975085735 0.03581138327717781 -0.10677700489759445
v 0.006378050893545151 0.029712455347180367 -0.10651420801877975
v 0.006378050893545151 0.029712455347180367 -0.10651420801877975
v 0.0061271036975085735 0.03581138327717781 -0.10677700489759445
v 0.006265820469707251 0.03598438575863838 -0.1066436618566513
v 0.006378050893545151 0.029712455347180367 -0.10651420801877975
v 0.006265820469707251 0.03598438575863838 -0.1066436618566513
v 0.0063780369237065315 0.0361444391310215 -0.10651420801877975
v 0.004853423684835434 0.029712453484535217 -0.10726968199014664
v 0.003998912405222654 0.029712451621890068 -0.107097327709198
v 0.003998901229351759 0.03471245989203453 -0.107097327709198
v 0.003998901229351759 0.03471245989203453 -0.107097327709198
v 0.004515385255217552 0.034779906272888184 -0.1072479709982872
v 0.004853423684835434 0.029712453484535217 -0.10726968199014664
v 0.004853423684835434 0.029712453484535217 -0.10726968199014664
v 0.004515385255217552 0.034779906272888184 -0.1072479709982872
v 0.005023008678108454 0.03496374189853668 -0.10725895315408707
v 0.004853423684835434 0.029712453484535217 -0.10726968199014664
v 0.005023008678108454 0.03496374189853668 -0.10725895315408707
v 0.005700084380805492 0.029712455347180367 -0.10706216841936111
v 0.005700084380805492 0.029712455347180367 -0.10706216841936111
v 0.005023008678108454 0.03496374189853668 -0.10725895315408707
v 0.005560077261179686 0.0352855920791626 -0.10712496936321259
v 0.005700084380805492 0.029712455347180367 -0.10706216841936111
v 0.005560077261179686 0.0352855920791626 -0.10712496936321259
v 0.005635949317365885 0.035343095660209656 -0.10709253698587418
v 0.012754281982779503 0.034712474793195724 -0.10944332182407379
v 0.012754293158650398 0.029712481424212456 -0.10944332182407379
v 0.012594962492585182 0.03471850976347923 -0.10942003130912781
v 0.012594962492585182 0.03471850976347923 -0.10942003130912781
v 0.012754293158650398 0.029712481424212456 -0.10944332182407379
v 0.01192808710038662 0.029712479561567307 -0.10916533321142197
v 0.012594962492585182 0.03471850976347923 -0.10942003130912781
v 0.01192808710038662 0.029712479561567307 -0.10916533321142197
v 0.012114733457565308 0.03481524810194969 -0.10926520824432373
v 0.011238761246204376 0.03547924384474754 -0.10846661776304245
v 0.01158182043582201 0.03510373458266258 -0.10890018194913864
v 0.011298613622784615 0.029712479561567307 -0.10856229066848755
v 0.011298613622784615 0.029712479561567307 -0.10856229066848755
v 0.01158182043582201 0.03510373458266258 -0.10890018194913864
v 0.011647130362689495 0.03505418822169304 -0.10895989090204239
v 0.011298613622784615 0.029712479561567307 -0.10856229066848755
v 0.011647130362689495 0.03505418822169304 -0.10895989090204239
v 0.01192808710038662 0.029712479561567307 -0.10916533321142197
v 0.01192808710038662 0.029712479561567307 -0.10916533321142197
v 0.011647130362689495 0.03505418822169304 -0.10895989090204239
v 0.011923176236450672 0.03489218279719353 -0.1091623529791832
v 0.01192808710038662 0.029712479561567307 -0.10916533321142197
v 0.011923176236450672 0.03489218279719353 -0.1091623529791832
v 0.012114733457565308 0.03481524810194969 -0.10926520824432373
v 0.011238761246204376 0.03547924384474754 -0.10846661776304245
v 0.011298613622784615 0.029712479561567307 -0.10856229066848755
v 0.01115204207599163 0.03562779352068901 -0.10830170661211014
v 0.01115204207599163 0.03562779352068901 -0.10830170661211014
v 0.011298613622784615 0.029712479561567307 -0.10856229066848755
v 0.010985455475747585 0.029712462797760963 -0.10774876177310944
v 0.01115204207599163 0.03562779352068901 -0.10830170661211014
v 0.010985455475747585 0.029712462797760963 -0.10774876177310944
v 0.010985441505908966 0.0361444465816021 -0.10774876177310944
v 0.033524151891469955 0.02971252240240574 -0.1017095297574997
v 0.033659711480140686 0.02971252240240574 -0.10257065296173096
v 0.03365393728017807 0.03534316271543503 -0.10264136642217636
v 0.03365393728017807 0.03534316271543503 -0.10264136642217636
v 0.0336262546479702 0.035811446607112885 -0.10205824673175812
v 0.033524151891469955 0.02971252240240574 -0.1017095297574997
v 0.033524151891469955 0.02971252240240574 -0.1017095297574997
v 0.0336262546479702 0.035811446607112885 -0.10205824673175812
v 0.03358013927936554 0.035984449088573456 -0.10187144577503204
v 0.033524151891469955 0.02971252240240574 -0.1017095297574997
v 0.03358013927936554 0.035984449088573456 -0.10187144577503204
v 0.03352413699030876 0.036144502460956573 -0.10170953720808029
v 0.03341609239578247 0.02971252053976059 -0.10340763628482819
v 0.0328395739197731 0.02971251867711544 -0.10406149178743362
v 0.032839562743902206 0.03471251577138901 -0.10406148433685303
v 0.032839562743902206 0.03471251577138901 -0.10406148433685303
v 0.03322827070951462 0.034779973328113556 -0.1036895215511322
v 0.03341609239578247 0.02971252053976059 -0.10340763628482819
v 0.03341609239578247 0.02971252053976059 -0.10340763628482819
v 0.03322827070951462 0.034779973328113556 -0.1036895215511322
v 0.0334915891289711 0.034963808953762054 -0.10325539857149124
v 0.03341609239578247 0.02971252053976059 -0.10340763628482819
v 0.0334915891289711 0.034963808953762054 -0.10325539857149124
v 0.033659711480140686 0.02971252240240574 -0.10257065296173096
v 0.033659711480140686 0.02971252240240574 -0.10257065296173096
v 0.0334915891289711 0.034963808953762054 -0.10325539857149124
v 0.03364408761262894 0.03528565913438797 -0.10272328555583954
v 0.033659711480140686 0.02971252240240574 -0.10257065296173096
v 0.03364408761262894 0.03528565913438797 -0.10272328555583954
v 0.03365393728017807 0.03534316271543503 -0.10264136642217636
v 0.03924894705414772 0.0347125306725502 -0.09765210002660751
v 0.03924895450472832 0.029712533578276634 -0.09765210747718811
v 0.03914911672472954 0.03471856191754341 -0.09777843952178955
v 0.03914911672472954 0.03471856191754341 -0.09777843952178955
v 0.03924895450472832 0.029712533578276634 -0.09765210747718811
v 0.038595106452703476 0.029712531715631485 -0.09822862595319748
v 0.03914911672472954 0.03471856191754341 -0.09777843952178955
v 0.038595106452703476 0.029712531715631485 -0.09822862595319748
v 0.038774918764829636 0.03481530025601387 -0.0981169119477272
v 0.037645332515239716 0.035479310899972916 -0.09847623109817505
v 0.03819234296679497 0.035103801637887955 -0.09839591383934021
v 0.03775812312960625 0.029712529852986336 -0.0984722450375557
v 0.03775812312960625 0.029712529852986336 -0.0984722450375557
v 0.03819234296679497 0.035103801637887955 -0.09839591383934021
v 0.038276709616184235 0.03505425527691841 -0.09836920350790024
v 0.03775812312960625 0.029712529852986336 -0.0984722450375557
v 0.038276709616184235 0.03505425527691841 -0.09836920350790024
v 0.038595106452703476 0.029712531715631485 -0.09822862595319748
v 0.038595106452703476 0.029712531715631485 -0.09822862595319748
v 0.038276709616184235 0.03505425527691841 -0.09836920350790024
v 0.03859006613492966 0.034892234951257706 -0.09823137521743774
v 0.038595106452703476 0.029712531715631485 -0.09822862595319748
v 0.03859006613492966 0.034892234951257706 -0.09823137521743774
v 0.038774918764829636 0.03481530025601387 -0.0981169119477272
v 0.037645332515239716 0.035479310899972916 -0.09847623109817505
v 0.03775812312960625 0.029712529852986336 -0.0984722450375557
v 0.03745915740728378 0.03562786057591438 -0.09846886992454529
v 0.03745915740728378 0.03562786057591438 -0.09846886992454529
v 0.03775812312960625 0.029712529852986336 -0.0984722450375557
v 0.03689700365066528 0.029712529852986336 -0.09833668172359467
v 0.03745915740728378 0.03562786057591438 -0.09846886992454529
v 0.03689700365066528 0.029712529852986336 -0.09833668172359467
v 0.03689698874950409 0.03614450991153717 -0.09833668172359467
v 0.03689700737595558 0.029712529852986336 -0.0628686398267746
v 0.03775811940431595 0.029712531715631485 -0.06273307651281357
v 0.037828825414180756 0.03534317389130592 -0.06273884326219559
v 0.037828825414180756 0.03534317389130592 -0.06273884326219559
v 0.037245701998472214 0.03581145778298378 -0.06276652216911316
v 0.03689700737595558 0.029712529852986336 -0.0628686398267746
v 0.03689700737595558 0.029712529852986336 -0.0628686398267746
v 0.037245701998472214 0.03581145778298378 -0.06276652216911316
v 0.03705890104174614 0.03598446026444435 -0.06281263381242752
v 0.03689700737595558 0.029712529852986336 -0.0628686398267746
v 0.03705890104174614 0.03598446026444435 -0.06281263381242752
v 0.03689698874950409 0.03614450991153717 -0.0628686472773552
v 0.038595106452703476 0.029712533578276634 -0.06297669559717178
v 0.039248958230018616 0.029712533578276634 -0.06355322152376175
v 0.03924894332885742 0.0347125306725502 -0.06355322152376175
v 0.03924894332885742 0.0347125306725502 -0.06355322152376175
v 0.038876984268426895 0.03477998450398445 -0.06316450238227844
v 0.038595106452703476 0.029712533578276634 -0.06297669559717178
v 0.038595106452703476 0.029712533578276634 -0.06297669559717178
v 0.038876984268426895 0.03477998450398445 -0.06316450238227844
v 0.038442857563495636 0.03496382012963295 -0.06290119141340256
v 0.038595106452703476 0.029712533578276634 -0.06297669559717178
v 0.038442857563495636 0.03496382012963295 -0.06290119141340256
v 0.03775811940431595 0.029712531715631485 -0.06273307651281357
v 0.03775811940431595 0.029712531715631485 -0.06273307651281357
v 0.038442857563495636 0.03496382012963295 -0.06290119141340256
v 0.03791074827313423 0.035285670310258865 -0.06274869292974472
v 0.03775811940431595 0.029712531715631485 -0.06273307651281357
v 0.03791074827313423 0.035285670310258865 -0.06274869292974472
v 0.037828825414180756 0.03534317389130592 -0.06273884326219559
v 0.032839562743902206 0.034712519496679306 -0.057143837213516235
v 0.0328395739197731 0.029712524265050888 -0.05714383348822594
v 0.03296589478850365 0.034718554466962814 -0.05724366009235382
v 0.03296589478850365 0.034718554466962814 -0.05724366009235382
v 0.0328395739197731 0.029712524265050888 -0.05714383348822594
v 0.03341609239578247 0.029712526127696037 -0.05779767781496048
v 0.03296589478850365 0.034718554466962814 -0.05724366009235382
v 0.03341609239578247 0.029712526127696037 -0.05779767781496048
v 0.0333043709397316 0.03481529280543327 -0.05761786550283432
v 0.033663686364889145 0.03547930344939232 -0.058747440576553345
v 0.033583372831344604 0.03510379418730736 -0.05820043385028839
v 0.033659711480140686 0.029712526127696037 -0.05863466486334801
v 0.033659711480140686 0.029712526127696037 -0.05863466486334801
v 0.033583372831344604 0.03510379418730736 -0.05820043385028839
v 0.03355666622519493 0.035054247826337814 -0.05811607465147972
v 0.033659711480140686 0.029712526127696037 -0.05863466486334801
v 0.03355666622519493 0.035054247826337814 -0.05811607465147972
v 0.03341609239578247 0.029712526127696037 -0.05779767781496048
v 0.03341609239578247 0.029712526127696037 -0.05779767781496048
v 0.03355666622519493 0.035054247826337814 -0.05811607465147972
v 0.03341883793473244 0.03489222750067711 -0.0578027181327343
v 0.03341609239578247 0.029712526127696037 -0.05779767781496048
v 0.03341883793473244 0.03489222750067711 -0.0578027181327343
v 0.0333043709397316 0.03481529280543327 -0.05761786550283432
v 0.033663686364889145 0.03547930344939232 -0.058747440576553345
v 0.033659711480140686 0.029712526127696037 -0.05863466486334801
v 0.03365633264183998 0.035627853125333786 -0.05893361568450928
v 0.03365633264183998 0.035627853125333786 -0.05893361568450928
v 0.033659711480140686 0.029712526127696037 -0.05863466486334801
v 0.033524151891469955 0.029712524265050888 -0.05949578806757927
v 0.03365633264183998 0.035627853125333786 -0.05893361568450928
v 0.033524151891469955 0.029712524265050888 -0.05949578806757927
v 0.03352413699030876 0.03614450618624687 -0.05949578806757927
v 0.03745915740728378 0.03562786057591438 -0.09846886992454529
v 0.03689698874950409 0.03614450991153717 -0.09833668172359467
v 0.0364859513938427 0.037653952836990356 -0.09643717855215073
v 0.0364859513938427 0.037653952836990356 -0.09643717855215073
v 0.03689698874950409 0.03614450991153717 -0.09833668172359467
v 0.03627025708556175 0.03672631084918976 -0.09817592799663544
v 0.0364859513938427 0.037653952836990356 -0.09643717855215073
v 0.03627025708556175 0.03672631084918976 -0.09817592799663544
v 0.03591970354318619 0.03700493276119232 -0.09815530478954315
v 0.03591970354318619 0.03700493276119232 -0.09815530478954315
v 0.03531548008322716 0.037406012415885925 -0.09823198616504669
v 0.0364859513938427 0.037653952836990356 -0.09643717855215073
v 0.0364859513938427 0.037653952836990356 -0.09643717855215073
v 0.03531548008322716 0.037406012415885925 -0.09823198616504669
v 0.035156115889549255 0.037493716925382614 -0.0982770249247551
v 0.0364859513938427 0.037653952836990356 -0.09643717855215073
v 0.035156115889549255 0.037493716925382614 -0.0982770249247551
v 0.0348108671605587 0.03765394911170006 -0.09841446578502655
v 0.03924894705414772 0.0347125306725502 -0.09765210002660751
v 0.03914911672472954 0.03471856191754341 -0.09777843952178955
v 0.03715336322784424 0.037653956562280655 -0.09552448987960815
v 0.03715336322784424 0.037653956562280655 -0.09552448987960815
v 0.03914911672472954 0.03471856191754341 -0.09777843952178955
v 0.038774918764829636 0.03481530025601387 -0.0981169119477272
v 0.03715336322784424 0.037653956562280655 -0.09552448987960815
v 0.038774918764829636 0.03481530025601387 -0.0981169119477272
v 0.03859006613492966 0.034892234951257706 -0.09823137521743774
v 0.03859006613492966 0.034892234951257706 -0.09823137521743774
v 0.038276709616184235 0.03505425527691841 -0.09836920350790024
v 0.03715336322784424 0.037653956562280655 -0.09552448987960815
v 0.03715336322784424 0.037653956562280655 -0.09552448987960815
v 0.038276709616184235 0.03505425527691841 -0.09836920350790024
v 0.03819234296679497 0.035103801637887955 -0.09839591383934021
v 0.03715336322784424 0.037653956562280655 -0.09552448987960815
v 0.03819234296679497 0.035103801637887955 -0.09839591383934021
v 0.0364859513938427 0.037653952836990356 -0.09643717855215073
v 0.0364859513938427 0.037653952836990356 -0.09643717855215073
v 0.03819234296679497 0.035103801637887955 -0.09839591383934021
v 0.037645332515239716 0.035479310899972916 -0.09847623109817505
v 0.0364859513938427 0.037653952836990356 -0.09643717855215073
v 0.037645332515239716 0.035479310899972916 -0.09847623109817505
v 0.03745915740728378 0.03562786057591438 -0.09846886992454529
v 0.0348108671605587 0.03765394911170006 -0.06279084831476212
v 0.03538535162806511 0.037365034222602844 -0.06298968940973282
v 0.0364859513938427 0.037653952836990356 -0.06476815044879913
v 0.0364859513938427 0.037653952836990356 -0.06476815044879913
v 0.03538535162806511 0.037365034222602844 -0.06298968940973282
v 0.03559335693717003 0.03723445534706116 -0.0630265399813652
v 0.0364859513938427 0.037653952836990356 -0.06476815044879913
v 0.03559335693717003 0.03723445534706116 -0.0630265399813652
v 0.03624623641371727 0.03674645721912384 -0.06303233653306961
v 0.03624623641371727 0.03674645721912384 -0.06303233653306961
v 0.036533061414957047 0.036495789885520935 -0.06298220157623291
v 0.0364859513938427 0.037653952836990356 -0.06476815044879913
v 0.0364859513938427 0.037653952836990356 -0.06476815044879913
v 0.036533061414957047 0.036495789885520935 -0.06298220157623291
v 0.03689698874950409 0.03614450991153717 -0.0628686472773552
v 0.0364859513938427 0.037653952836990356 -0.06476815044879913
v 0.03689698874950409 0.03614450991153717 -0.0628686472773552
v 0.03705890104174614 0.03598446026444435 -0.06281263381242752
v 0.03705890104174614 0.03598446026444435 -0.06281263381242752
v 0.037245701998472214 0.03581145778298378 -0.06276652216911316
v 0.0364859513938427 0.037653952836990356 -0.06476815044879913
v 0.0364859513938427 0.037653952836990356 -0.06476815044879913
v 0.037245701998472214 0.03581145778298378 -0.06276652216911316
v 0.037828825414180756 0.03534317389130592 -0.06273884326219559
v 0.0364859513938427 0.037653952836990356 -0.06476815044879913
v 0.037828825414180756 0.03534317389130592 -0.06273884326219559
v 0.03715336322784424 0.037653952836990356 -0.06568082422018051
v 0.03715336322784424 0.037653952836990356 -0.06568082422018051
v 0.037828825414180756 0.03534317389130592 -0.06273884326219559
v 0.03791074827313423 0.035285670310258865 -0.06274869292974472
v 0.03715336322784424 0.037653952836990356 -0.06568082422018051
v 0.03791074827313423 0.035285670310258865 -0.06274869292974472
v 0.038442857563495636 0.03496382012963295 -0.06290119141340256
v 0.0437445230782032 0.0347125418484211 -0.08831960707902908
v 0.04271633177995682 0.0347125381231308 -0.09137202054262161
v 0.03987346217036247 0.03765396401286125 -0.0905546322464943
v 0.03987346217036247 0.03765396401286125 -0.0905546322464943
v 0.04271633177995682 0.0347125381231308 -0.09137202054262161
v 0.04191680997610092 0.0347125343978405 -0.09318821132183075
v 0.03987346217036247 0.03765396401286125 -0.0905546322464943
v 0.04191680997610092 0.0347125343978405 -0.09318821132183075
v 0.03917135298252106 0.03765396028757095 -0.09210775047540665
v 0.03917135298252106 0.03765396028757095 -0.09210775047540665
v 0.04191680997610092 0.0347125343978405 -0.09318821132183075
v 0.041810568422079086 0.0347125343978405 -0.09340641647577286
v 0.03917135298252106 0.03765396028757095 -0.09210775047540665
v 0.041810568422079086 0.0347125343978405 -0.09340641647577286
v 0.03837207704782486 0.03765396028757095 -0.09360668063163757
v 0.03837207704782486 0.03765396028757095 -0.09360668063163757
v 0.041810568422079086 0.0347125343978405 -0.09340641647577286
v 0.04076559469103813 0.0347125343978405 -0.09534124284982681
v 0.03837207704782486 0.03765396028757095 -0.09360668063163757
v 0.04076559469103813 0.0347125343978405 -0.09534124284982681
v 0.03715336322784424 0.037653956562280655 -0.09552448987960815
v 0.03715336322784424 0.037653956562280655 -0.09552448987960815
v 0.04076559469103813 0.0347125343978405 -0.09534124284982681
v 0.039564795792102814 0.0347125306725502 -0.09720882773399353
v 0.03715336322784424 0.037653956562280655 -0.09552448987960815
v 0.039564795792102814 0.0347125306725502 -0.09720882773399353
v 0.03924894705414772 0.0347125306725502 -0.09765210002660751
v 0.03987346217036247 0.03765396401286125 -0.0905546322464943
v 0.04064715653657913 0.03765396401286125 -0.08842422068119049
v 0.0437445230782032 0.0347125418484211 -0.08831960707902908
v 0.0437445230782032 0.0347125418484211 -0.08831960707902908
v 0.04064715653657913 0.03765396401286125 -0.08842422068119049
v 0.04096453636884689 0.037653952836990356 -0.08733303099870682
v 0.0437445230782032 0.0347125418484211 -0.08831960707902908
v 0.04096453636884689 0.037653952836990356 -0.08733303099870682
v 0.04404086247086525 0.0347125418484211 -0.08715213090181351
v 0.04404086247086525 0.0347125418484211 -0.08715213090181351
v 0.04096453636884689 0.037653952836990356 -0.08733303099870682
v 0.04117543250322342 0.037653952836990356 -0.08648782223463058
v 0.04404086247086525 0.0347125418484211 -0.08715213090181351
v 0.04117543250322342 0.037653952836990356 -0.08648782223463058
v 0.044453881680965424 0.034712545573711395 -0.08500593155622482
v 0.044453881680965424 0.034712545573711395 -0.08500593155622482
v 0.04117543250322342 0.037653952836990356 -0.08648782223463058
v 0.0416267067193985 0.037653952836990356 -0.08399675041437149
v 0.044453881680965424 0.034712545573711395 -0.08500593155622482
v 0.0416267067193985 0.037653952836990356 -0.08399675041437149
v 0.044673316180706024 0.034712545573711395 -0.08320284634828568
v 0.044673316180706024 0.034712545573711395 -0.08320284634828568
v 0.0416267067193985 0.037653952836990356 -0.08399675041437149
v 0.0417751707136631 0.037653956562280655 -0.0825587809085846
v 0.044673316180706024 0.034712545573711395 -0.08320284634828568
v 0.0417751707136631 0.037653956562280655 -0.0825587809085846
v 0.04470829665660858 0.034712545573711395 -0.08277957886457443
v 0.04470829665660858 0.034712545573711395 -0.08277957886457443
v 0.0417751707136631 0.037653956562280655 -0.0825587809085846
v 0.0447901226580143 0.034712545573711395 -0.08060266077518463
v 0.04184868931770325 0.037653956562280655 -0.08060266077518463
v 0.0447901226580143 0.034712545573711395 -0.08060266077518463
v 0.04184868931770325 0.037653956562280655 -0.08060266077518463
v 0.04470829665660858 0.034712545573711395 -0.07842573523521423
v 0.0417751707136631 0.037653956562280655 -0.07864654064178467
v 0.04470829665660858 0.034712545573711395 -0.07842573523521423
v 0.0417751707136631 0.037653956562280655 -0.07864654064178467
v 0.044673312455415726 0.034712545573711395 -0.07800247520208359
v 0.044673312455415726 0.034712545573711395 -0.07800247520208359
v 0.0417751707136631 0.037653956562280655 -0.07864654064178467
v 0.0416267067193985 0.037653956562280655 -0.07720856368541718
v 0.044673312455415726 0.034712545573711395 -0.07800247520208359
v 0.0416267067193985 0.037653956562280655 -0.07720856368541718
v 0.044453881680965424 0.034712549299001694 -0.07619938999414444
v 0.044453881680965424 0.034712549299001694 -0.07619938999414444
v 0.0416267067193985 0.037653956562280655 -0.07720856368541718
v 0.04404086247086525 0.034712549299001694 -0.07405319809913635
v 0.04404086247086525 0.034712549299001694 -0.07405319809913635
v 0.0416267067193985 0.037653956562280655 -0.07720856368541718
v 0.04117543250322342 0.037653956562280655 -0.07471749186515808
v 0.04404086247086525 0.034712549299001694 -0.07405319809913635
v 0.04117543250322342 0.037653956562280655 -0.07471749186515808
v 0.0437445268034935 0.034712549299001694 -0.07288572192192078
v 0.04117543250322342 0.037653956562280655 -0.07471749186515808
v 0.04096453636884689 0.037653956562280655 -0.07387229800224304
v 0.0437445268034935 0.034712549299001694 -0.07288572192192078
v 0.0437445268034935 0.034712549299001694 -0.07288572192192078
v 0.04096453636884689 0.037653956562280655 -0.07387229800224304
v 0.04064716026186943 0.037653956562280655 -0.07278110086917877
v 0.0437445268034935 0.034712549299001694 -0.07288572192192078
v 0.04064716026186943 0.037653956562280655 -0.07278110086917877
v 0.04271633177995682 0.034712545573711395 -0.06983329355716705
v 0.04271633177995682 0.034712545573711395 -0.06983329355716705
v 0.04064716026186943 0.037653956562280655 -0.07278110086917877
v 0.03987346217036247 0.037653956562280655 -0.07065068930387497
v 0.04271633177995682 0.034712545573711395 -0.06983329355716705
v 0.03987346217036247 0.037653956562280655 -0.07065068930387497
v 0.04191680997610092 0.0347125306725502 -0.06801711022853851
v 0.04191680997610092 0.0347125306725502 -0.06801711022853851
v 0.03987346217036247 0.037653956562280655 -0.07065068930387497
v 0.039171356707811356 0.037653956562280655 -0.06909757107496262
v 0.04191680997610092 0.0347125306725502 -0.06801711022853851
v 0.039171356707811356 0.037653956562280655 -0.06909757107496262
v 0.041810572147369385 0.0347125306725502 -0.067798912525177
v 0.041810572147369385 0.0347125306725502 -0.067798912525177
v 0.039171356707811356 0.037653956562280655 -0.06909757107496262
v 0.04076559096574783 0.0347125306725502 -0.06586407870054245
v 0.04076559096574783 0.0347125306725502 -0.06586407870054245
v 0.039171356707811356 0.037653956562280655 -0.06909757107496262
v 0.03837207704782486 0.037653956562280655 -0.06759864836931229
v 0.04076559096574783 0.0347125306725502 -0.06586407870054245
v 0.03837207704782486 0.037653956562280655 -0.06759864836931229
v 0.039564792066812515 0.0347125306725502 -0.06399649381637573
v 0.039564792066812515 0.0347125306725502 -0.06399649381637573
v 0.03837207704782486 0.037653956562280655 -0.06759864836931229
v 0.03715336322784424 0.037653952836990356 -0.06568082422018051
v 0.039564792066812515 0.0347125306725502 -0.06399649381637573
v 0.03715336322784424 0.037653952836990356 -0.06568082422018051
v 0.03924894332885742 0.0347125306725502 -0.06355322152376175
v 0.03924894332885742 0.0347125306725502 -0.06355322152376175
v 0.03715336322784424 0.037653952836990356 -0.06568082422018051
v 0.038442857563495636 0.03496382012963295 -0.06290119141340256
v 0.03924894332885742 0.0347125306725502 -0.06355322152376175
v 0.038442857563495636 0.03496382012963295 -0.06290119141340256
v 0.038876984268426895 0.03477998450398445 -0.06316450238227844
v 0.0334915891289711 0.034963808953762054 -0.10325539857149124
v 0.03322827070951462 0.034779973328113556 -0.1036895215511322
v 0.032839562743902206 0.03471251577138901 -0.10406148433685303
v 0.01115204207599163 0.03562779352068901 -0.10830170661211014
v 0.010985441505908966 0.0361444465816021 -0.10774876177310944
v 0.012482217513024807 0.03765389323234558 -0.10645043849945068
v 0.012482217513024807 0.03765389323234558 -0.10645043849945068
v 0.010985441505908966 0.0361444465816021 -0.10774876177310944
v 0.010811293497681618 0.036726247519254684 -0.10712561756372452
v 0.012482217513024807 0.03765389323234558 -0.10645043849945068
v 0.010811293497681618 0.036726247519254684 -0.10712561756372452
v 0.010653872974216938 0.03700486943125725 -0.10681171715259552
v 0.010653872974216938 0.03700486943125725 -0.10681171715259552
v 0.010285355150699615 0.03740594908595085 -0.10632678121328354
v 0.012482217513024807 0.03765389323234558 -0.10645043849945068
v 0.012482217513024807 0.03765389323234558 -0.10645043849945068
v 0.010285355150699615 0.03740594908595085 -0.10632678121328354
v 0.010166664607822895 0.03749367222189903 -0.10621129721403122
v 0.012482217513024807 0.03765389323234558 -0.10645043849945068
v 0.010166664607822895 0.03749367222189903 -0.10621129721403122
v 0.00987501535564661 0.037653885781764984 -0.1059810221195221
v 0.011923176236450672 0.03489218279719353 -0.1091623529791832
v 0.013373496010899544 0.03765389323234558 -0.10654894262552261
v 0.012114733457565308 0.03481524810194969 -0.10926520824432373
v 0.012114733457565308 0.03481524810194969 -0.10926520824432373
v 0.013373496010899544 0.03765389323234558 -0.10654894262552261
v 0.012594962492585182 0.03471850976347923 -0.10942003130912781
v 0.011923176236450672 0.03489218279719353 -0.1091623529791832
v 0.011647130362689495 0.03505418822169304 -0.10895989090204239
v 0.013373496010899544 0.03765389323234558 -0.10654894262552261
v 0.013373496010899544 0.03765389323234558 -0.10654894262552261
v 0.011647130362689495 0.03505418822169304 -0.10895989090204239
v 0.01158182043582201 0.03510373458266258 -0.10890018194913864
v 0.013373496010899544 0.03765389323234558 -0.10654894262552261
v 0.01158182043582201 0.03510373458266258 -0.10890018194913864
v 0.012482217513024807 0.03765389323234558 -0.10645043849945068
v 0.012482217513024807 0.03765389323234558 -0.10645043849945068
v 0.01158182043582201 0.03510373458266258 -0.10890018194913864
v 0.011238761246204376 0.03547924384474754 -0.10846661776304245
v 0.012482217513024807 0.03765389323234558 -0.10645043849945068
v 0.011238761246204376 0.03547924384474754 -0.10846661776304245
v 0.01115204207599163 0.03562779352068901 -0.10830170661211014
v 0.03360191732645035 0.03765394911170006 -0.0996234118938446
v 0.03340308740735054 0.03736502677202225 -0.10019789636135101
v 0.03157872334122658 0.03765394166111946 -0.10133354365825653
v 0.03157872334122658 0.03765394166111946 -0.10133354365825653
v 0.03340308740735054 0.03736502677202225 -0.10019789636135101
v 0.03336622938513756 0.03723444789648056 -0.10040590167045593
v 0.03336622938513756 0.03723444789648056 -0.10040590167045593
v 0.03336044028401375 0.03674644976854324 -0.10105878114700317
v 0.03157872334122658 0.03765394166111946 -0.10133354365825653
v 0.03157872334122658 0.03765394166111946 -0.10133354365825653
v 0.03336044028401375 0.03674644976854324 -0.10105878114700317
v 0.03341057896614075 0.03649578243494034 -0.10134559869766235
v 0.03157872334122658 0.03765394166111946 -0.10133354365825653
v 0.03341057896614075 0.03649578243494034 -0.10134559869766235
v 0.03352413699030876 0.036144502460956573 -0.10170953720808029
v 0.03352413699030876 0.036144502460956573 -0.10170953720808029
v 0.03358013927936554 0.035984449088573456 -0.10187144577503204
v 0.03157872334122658 0.03765394166111946 -0.10133354365825653
v 0.03157872334122658 0.03765394166111946 -0.10133354365825653
v 0.03358013927936554 0.035984449088573456 -0.10187144577503204
v 0.0336262546479702 0.035811446607112885 -0.10205824673175812
v 0.03157872334122658 0.03765394166111946 -0.10133354365825653
v 0.0336262546479702 0.035811446607112885 -0.10205824673175812
v 0.030866101384162903 0.03765394166111946 -0.10185740888118744
v 0.030866101384162903 0.03765394166111946 -0.10185740888118744
v 0.0336262546479702 0.035811446607112885 -0.10205824673175812
v 0.03365393728017807 0.03534316271543503 -0.10264136642217636
v 0.030866101384162903 0.03765394166111946 -0.10185740888118744
v 0.03365393728017807 0.03534316271543503 -0.10264136642217636
v 0.03364408761262894 0.03528565913438797 -0.10272328555583954
v 0.02073845826089382 0.037653908133506775 -0.10618709772825241
v 0.021223286166787148 0.03471249341964722 -0.10908915847539902
v 0.019222574308514595 0.037653904408216476 -0.10643418878316879
v 0.019222574308514595 0.037653904408216476 -0.10643418878316879
v 0.021223286166787148 0.03471249341964722 -0.10908915847539902
v 0.01923876814544201 0.03471248969435692 -0.10939688235521317
v 0.019222574308514595 0.037653904408216476 -0.10643418878316879
v 0.01923876814544201 0.03471248969435692 -0.10939688235521317
v 0.01706884056329727 0.03765390068292618 -0.10662984848022461
v 0.01706884056329727 0.03765390068292618 -0.10662984848022461
v 0.01923876814544201 0.03471248969435692 -0.10939688235521317
v 0.017001794651150703 0.03471248224377632 -0.10957734286785126
v 0.01706884056329727 0.03765390068292618 -0.10662984848022461
v 0.017001794651150703 0.03471248224377632 -0.10957734286785126
v 0.015852922573685646 0.03765389695763588 -0.10666116327047348
v 0.015852922573685646 0.03765389695763588 -0.10666116327047348
v 0.017001794651150703 0.03471248224377632 -0.10957734286785126
v 0.015170098282396793 0.03471248224377632 -0.10959603637456894
v 0.015852922573685646 0.03765389695763588 -0.10666116327047348
v 0.015170098282396793 0.03471248224377632 -0.10959603637456894
v 0.013373496010899544 0.03765389323234558 -0.10654894262552261
v 0.013373496010899544 0.03765389323234558 -0.10654894262552261
v 0.015170098282396793 0.03471248224377632 -0.10959603637456894
v 0.012754281982779503 0.034712474793195724 -0.10944332182407379
v 0.013373496010899544 0.03765389323234558 -0.10654894262552261
v 0.012754281982779503 0.034712474793195724 -0.10944332182407379
v 0.012594962492585182 0.03471850976347923 -0.10942003130912781
v 0.025733277201652527 0.037653930485248566 -0.10468965023756027
v 0.02532810904085636 0.034712500870227814 -0.10798928141593933
v 0.024308519437909126 0.03765392675995827 -0.10522960126399994
v 0.024308519437909126 0.03765392675995827 -0.10522960126399994
v 0.02532810904085636 0.034712500870227814 -0.10798928141593933
v 0.02527005970478058 0.034712500870227814 -0.10800942778587341
v 0.024308519437909126 0.03765392675995827 -0.10522960126399994
v 0.02527005970478058 0.034712500870227814 -0.10800942778587341
v 0.02253456972539425 0.03765392675995827 -0.10577331483364105
v 0.02253456972539425 0.03765392675995827 -0.10577331483364105
v 0.02527005970478058 0.034712500870227814 -0.10800942778587341
v 0.023283541202545166 0.034712497144937515 -0.10861780494451523
v 0.02253456972539425 0.03765392675995827 -0.10577331483364105
v 0.023283541202545166 0.034712497144937515 -0.10861780494451523
v 0.02073845826089382 0.037653908133506775 -0.10618709772825241
v 0.02073845826089382 0.037653908133506775 -0.10618709772825241
v 0.023283541202545166 0.034712497144937515 -0.10861780494451523
v 0.021297020837664604 0.03471249341964722 -0.10907499492168427
v 0.02073845826089382 0.037653908133506775 -0.10618709772825241
v 0.021297020837664604 0.03471249341964722 -0.10907499492168427
v 0.021223286166787148 0.03471249341964722 -0.10908915847539902
v 0.03364408761262894 0.03528565913438797 -0.10272328555583954
v 0.0334915891289711 0.034963808953762054 -0.10325539857149124
v 0.030866101384162903 0.03765394166111946 -0.10185740888118744
v 0.030866101384162903 0.03765394166111946 -0.10185740888118744
v 0.0334915891289711 0.034963808953762054 -0.10325539857149124
v 0.032839562743902206 0.03471251577138901 -0.10406148433685303
v 0.030866101384162903 0.03765394166111946 -0.10185740888118744
v 0.032839562743902206 0.03471251577138901 -0.10406148433685303
v 0.028764968737959862 0.03765393793582916 -0.10320138931274414
v 0.028764968737959862 0.03765393793582916 -0.10320138931274414
v 0.032839562743902206 0.03471251577138901 -0.10406148433685303
v 0.03084050491452217 0.03471251204609871 -0.1053914800286293
v 0.028764968737959862 0.03765393793582916 -0.10320138931274414
v 0.03084050491452217 0.03471251204609871 -0.1053914800286293
v 0.027707191184163094 0.037653934210538864 -0.10377662628889084
v 0.027707191184163094 0.037653934210538864 -0.10377662628889084
v 0.03084050491452217 0.03471251204609871 -0.1053914800286293
v 0.02922811731696129 0.03471250832080841 -0.10630130022764206
v 0.027707191184163094 0.037653934210538864 -0.10377662628889084
v 0.02922811731696129 0.03471250832080841 -0.10630130022764206
v 0.025733277201652527 0.037653930485248566 -0.10468965023756027
v 0.025733277201652527 0.037653930485248566 -0.10468965023756027
v 0.02922811731696129 0.03471250832080841 -0.10630130022764206
v 0.027176938951015472 0.03471250459551811 -0.107273630797863
v 0.025733277201652527 0.037653930485248566 -0.10468965023756027
v 0.027176938951015472 0.03471250459551811 -0.107273630797863
v 0.02532810904085636 0.034712500870227814 -0.10798928141593933
v 0.0239531509578228 0.03477067872881889 -0.05283588171005249
v 0.023494461551308632 0.03471250459551811 -0.05264478176832199
v 0.024578165262937546 0.03471250832080841 -0.05296626687049866
v 0.024373918771743774 0.037803586572408676 -0.056155916303396225
v 0.02398671954870224 0.03807377442717552 -0.056309450417757034
v 0.02429106831550598 0.037360530346632004 -0.05565952509641647
v 0.024734927341341972 0.03621305525302887 -0.05459863319993019
v 0.024773020297288895 0.03591814637184143 -0.05429992452263832
v 0.026472222059965134 0.03471251204609871 -0.05364171415567398
v 0.024773020297288895 0.03591814637184143 -0.05429992452263832
v 0.024763111025094986 0.03567644953727722 -0.0540412999689579
v 0.026472222059965134 0.03471251204609871 -0.05364171415567398
v 0.026472222059965134 0.03471251204609871 -0.05364171415567398
v 0.024763111025094986 0.03567644953727722 -0.0540412999689579
v 0.024750731885433197 0.03559969365596771 -0.05395612493157387
v 0.026472222059965134 0.03471251204609871 -0.05364171415567398
v 0.024750731885433197 0.03559969365596771 -0.05395612493157387
v 0.024621758610010147 0.03471250832080841 -0.05298016965389252
v 0.024373918771743774 0.037803586572408676 -0.056155916303396225
v 0.02429106831550598 0.037360530346632004 -0.05565952509641647
v 0.0247917789965868 0.037667181342840195 -0.056162212044000626
v 0.0247917789965868 0.037667181342840195 -0.056162212044000626
v 0.02429106831550598 0.037360530346632004 -0.05565952509641647
v 0.02459540218114853 0.03664718195796013 -0.05500972270965576
v 0.0247917789965868 0.037667181342840195 -0.056162212044000626
v 0.02459540218114853 0.03664718195796013 -0.05500972270965576
v 0.02467806078493595 0.0364261269569397 -0.05480438470840454
v 0.02467806078493595 0.0364261269569397 -0.05480438470840454
v 0.024734927341341972 0.03621305525302887 -0.05459863319993019
v 0.0247917789965868 0.037667181342840195 -0.056162212044000626
v 0.0247917789965868 0.037667181342840195 -0.056162212044000626
v 0.024734927341341972 0.03621305525302887 -0.05459863319993019
v 0.026472222059965134 0.03471251204609871 -0.05364171415567398
v 0.0247917789965868 0.037667181342840195 -0.056162212044000626
v 0.026472222059965134 0.03471251204609871 -0.05364171415567398
v 0.024961914867162704 0.03765392303466797 -0.056211523711681366
v 0.024961914867162704 0.03765392303466797 -0.056211523711681366
v 0.026472222059965134 0.03471251204609871 -0.05364171415567398
v 0.028249094262719154 0.03471251204609871 -0.054415371268987656
v 0.024961914867162704 0.03765392303466797 -0.056211523711681366
v 0.028249094262719154 0.03471251204609871 -0.054415371268987656
v 0.02745169773697853 0.03765392675995827 -0.05729907378554344
v 0.02745169773697853 0.03765392675995827 -0.05729907378554344
v 0.028249094262719154 0.03471251204609871 -0.054415371268987656
v 0.028876638039946556 0.03471251577138901 -0.05472327023744583
v 0.02745169773697853 0.03765392675995827 -0.05729907378554344
v 0.028876638039946556 0.03471251577138901 -0.05472327023744583
v 0.028549741953611374 0.03765392675995827 -0.05788171663880348
v 0.028549741953611374 0.03765392675995827 -0.05788171663880348
v 0.028876638039946556 0.03471251577138901 -0.05472327023744583
v 0.031650904566049576 0.034712519496679306 -0.056324366480112076
v 0.028549741953611374 0.03765392675995827 -0.05788171663880348
v 0.031650904566049576 0.034712519496679306 -0.056324366480112076
v 0.0298147089779377 0.037653930485248566 -0.05863995850086212
v 0.0298147089779377 0.037653930485248566 -0.05863995850086212
v 0.031650904566049576 0.034712519496679306 -0.056324366480112076
v 0.031480398029088974 0.037653930485248566 -0.0597972609102726
v 0.031480398029088974 0.037653930485248566 -0.0597972609102726
v 0.031650904566049576 0.034712519496679306 -0.056324366480112076
v 0.032839562743902206 0.034712519496679306 -0.057143837213516235
v 0.031480398029088974 0.037653930485248566 -0.0597972609102726
v 0.032839562743902206 0.034712519496679306 -0.057143837213516235
v 0.03296589478850365 0.034718554466962814 -0.05724366009235382
v 0.03296589478850365 0.034718554466962814 -0.05724366009235382
v 0.0333043709397316 0.03481529280543327 -0.05761786550283432
v 0.031480398029088974 0.037653930485248566 -0.0597972609102726
v 0.031480398029088974 0.037653930485248566 -0.0597972609102726
v 0.0333043709397316 0.03481529280543327 -0.05761786550283432
v 0.03341883793473244 0.03489222750067711 -0.0578027181327343
v 0.031480398029088974 0.037653930485248566 -0.0597972609102726
v 0.03341883793473244 0.03489222750067711 -0.0578027181327343
v 0.03355666622519493 0.035054247826337814 -0.05811607465147972
v 0.03355666622519493 0.035054247826337814 -0.05811607465147972
v 0.033583372831344604 0.03510379418730736 -0.05820043385028839
v 0.031480398029088974 0.037653930485248566 -0.0597972609102726
v 0.031480398029088974 0.037653930485248566 -0.0597972609102726
v 0.033583372831344604 0.03510379418730736 -0.05820043385028839
v 0.033663686364889145 0.03547930344939232 -0.058747440576553345
v 0.031480398029088974 0.037653930485248566 -0.0597972609102726
v 0.033663686364889145 0.03547930344939232 -0.058747440576553345
v 0.03365633264183998 0.035627853125333786 -0.05893361568450928
v 0.03334276005625725 0.03700492903590202 -0.060473065823316574
v 0.03202526271343231 0.037653930485248566 -0.060219600796699524
v 0.033363379538059235 0.03672630712389946 -0.06012251600623131
v 0.033363379538059235 0.03672630712389946 -0.06012251600623131
v 0.03202526271343231 0.037653930485248566 -0.060219600796699524
v 0.031480398029088974 0.037653930485248566 -0.0597972609102726
v 0.033363379538059235 0.03672630712389946 -0.06012251600623131
v 0.031480398029088974 0.037653930485248566 -0.0597972609102726
v 0.03352413699030876 0.03614450618624687 -0.05949578806757927
v 0.03352413699030876 0.03614450618624687 -0.05949578806757927
v 0.031480398029088974 0.037653930485248566 -0.0597972609102726
v 0.03365633264183998 0.035627853125333786 -0.05893361568450928
v 0.03334276005625725 0.03700492903590202 -0.060473065823316574
v 0.03341943025588989 0.03740599378943443 -0.0610772930085659
v 0.03202526271343231 0.037653930485248566 -0.060219600796699524
v 0.03202526271343231 0.037653930485248566 -0.060219600796699524
v 0.03341943025588989 0.03740599378943443 -0.0610772930085659
v 0.03346451371908188 0.03749377653002739 -0.061236750334501266
v 0.03202526271343231 0.037653930485248566 -0.060219600796699524
v 0.03346451371908188 0.03749377653002739 -0.061236750334501266
v 0.03360167145729065 0.037653740495443344 -0.061581388115882874
v 0.024750731885433197 0.03559969365596771 -0.05395612493157387
v 0.024583378806710243 0.03519466519355774 -0.05347433686256409
v 0.024621758610010147 0.03471250832080841 -0.05298016965389252
v 0.024621758610010147 0.03471250832080841 -0.05298016965389252
v 0.024583378806710243 0.03519466519355774 -0.05347433686256409
v 0.02432505041360855 0.034939467906951904 -0.05312462896108627
v 0.024621758610010147 0.03471250832080841 -0.05298016965389252
v 0.02432505041360855 0.034939467906951904 -0.05312462896108627
v 0.024578165262937546 0.03471250832080841 -0.05296626687049866
v 0.024578165262937546 0.03471250832080841 -0.05296626687049866
v 0.02432505041360855 0.034939467906951904 -0.05312462896108627
v 0.024155117571353912 0.034843649715185165 -0.05297229066491127
v 0.024578165262937546 0.03471250832080841 -0.05296626687049866
v 0.024155117571353912 0.034843649715185165 -0.05297229066491127
v 0.0239531509578228 0.03477067872881889 -0.05283588171005249
v -0.0004878038016613573 0.03841244801878929 -0.05660203844308853
v 0.0013889098772779107 0.03841245174407959 -0.05543114244937897
v 0.002744505414739251 0.04126601293683052 -0.057943254709243774
v -0.005201432853937149 0.04126599431037903 -0.09619086235761642
v -0.007806509267538786 0.0384124331176281 -0.09746088087558746
v -0.008026915602385998 0.0384124331176281 -0.09714803099632263
v -0.007806509267538786 0.0384124331176281 -0.09746088087558746
v -0.005201432853937149 0.04126599431037903 -0.09619086235761642
v -0.005883205682039261 0.038412436842918396 -0.0998709574341774
v 0.005957277957350016 0.03932778164744377 -0.05429554358124733
v 0.00637802854180336 0.03984444960951805 -0.054691117256879807
v 0.005198427010327578 0.04126601666212082 -0.056697580963373184
v 0.005198427010327578 0.04126601666212082 -0.056697580963373184
v 0.00637802854180336 0.03984444960951805 -0.054691117256879807
v 0.006840414833277464 0.04042625054717064 -0.05514369159936905
v 0.005198427010327578 0.04126601666212082 -0.056697580963373184
v 0.006840414833277464 0.04042625054717064 -0.05514369159936905
v 0.0071336920373141766 0.0407048724591732 -0.05533682927489281
v 0.00770255783572793 0.04119996353983879 -0.05566900223493576
v 0.007722810842096806 0.04126602038741112 -0.0557318851351738
v 0.007626000791788101 0.04110166057944298 -0.05559054762125015
v 0.007626000791788101 0.04110166057944298 -0.05559054762125015
v 0.007722810842096806 0.04126602038741112 -0.0557318851351738
v 0.005198427010327578 0.04126601666212082 -0.056697580963373184
v 0.007626000791788101 0.04110166057944298 -0.05559054762125015
v 0.005198427010327578 0.04126601666212082 -0.056697580963373184
v 0.007397253531962633 0.040912460535764694 -0.05546683445572853
v 0.007397253531962633 0.040912460535764694 -0.05546683445572853
v 0.005198427010327578 0.04126601666212082 -0.056697580963373184
v 0.0071336920373141766 0.0407048724591732 -0.05533682927489281
v 0.004148511681705713 0.038418494164943695 -0.054048504680395126
v 0.004641816485673189 0.038515232503414154 -0.0539424791932106
v 0.005198427010327578 0.04126601666212082 -0.056697580963373184
v 0.005198427010327578 0.04126601666212082 -0.056697580963373184
v 0.004641816485673189 0.038515232503414154 -0.0539424791932106
v 0.004859135486185551 0.03859216719865799 -0.053935762494802475
v 0.005198427010327578 0.04126601666212082 -0.056697580963373184
v 0.004859135486185551 0.03859216719865799 -0.053935762494802475
v 0.005199428182095289 0.0387541726231575 -0.053973082453012466
v 0.005199428182095289 0.0387541726231575 -0.053973082453012466
v 0.005285841412842274 0.038803718984127045 -0.0539921410381794
v 0.005198427010327578 0.04126601666212082 -0.056697580963373184
v 0.005198427010327578 0.04126601666212082 -0.056697580963373184
v 0.005285841412842274 0.038803718984127045 -0.0539921410381794
v 0.005799721460789442 0.039179231971502304 -0.05419608950614929
v 0.005198427010327578 0.04126601666212082 -0.056697580963373184
v 0.005799721460789442 0.039179231971502304 -0.05419608950614929
v 0.005957277957350016 0.03932778164744377 -0.05429554358124733
v 0.002744505414739251 0.04126601293683052 -0.057943254709243774
v 0.0013889098772779107 0.03841245174407959 -0.05543114244937897
v 0.005198427010327578 0.04126601666212082 -0.056697580963373184
v 0.005198427010327578 0.04126601666212082 -0.056697580963373184
v 0.0013889098772779107 0.03841245174407959 -0.05543114244937897
v 0.003998892847448587 0.03841245919466019 -0.05410800129175186
v 0.005198427010327578 0.04126601666212082 -0.056697580963373184
v 0.003998892847448587 0.03841245919466019 -0.05410800129175186
v 0.004148511681705713 0.038418494164943695 -0.054048504680395126
v 0.002744505414739251 0.04126601293683052 -0.057943254709243774
v 0.0010622106492519379 0.04126600921154022 -0.058998819440603256
v -0.0004878038016613573 0.03841244801878929 -0.05660203844308853
v -0.0004878038016613573 0.03841244801878929 -0.05660203844308853
v 0.0010622106492519379 0.04126600921154022 -0.058998819440603256
v 0.00043510517571121454 0.041266005486249924 -0.05943994224071503
v -0.0004878038016613573 0.03841244801878929 -0.05660203844308853
v 0.00043510517571121454 0.041266005486249924 -0.05943994224071503
v -0.0023913271725177765 0.03841244429349899 -0.05800984799861908
v -0.0023913271725177765 0.03841244429349899 -0.05800984799861908
v 0.00043510517571121454 0.041266005486249924 -0.05943994224071503
v -0.0006023094174452126 0.041266005486249924 -0.060232944786548615
v -0.0023913271725177765 0.03841244429349899 -0.05800984799861908
v -0.0006023094174452126 0.041266005486249924 -0.060232944786548615
v -0.003483773674815893 0.038412440568208694 -0.05893430858850479
v -0.003483773674815893 0.038412440568208694 -0.05893430858850479
v -0.0006023094174452126 0.041266005486249924 -0.060232944786548615
v -0.002213309286162257 0.041266001760959625 -0.061641816049814224
v -0.003483773674815893 0.038412440568208694 -0.05893430858850479
v -0.002213309286162257 0.041266001760959625 -0.061641816049814224
v -0.004464470781385899 0.038412440568208694 -0.059848103672266006
v -0.004464470781385899 0.038412440568208694 -0.059848103672266006
v -0.002213309286162257 0.041266001760959625 -0.061641816049814224
v -0.003602424869313836 0.04126599803566933 -0.06306508928537369
v -0.004464470781385899 0.038412440568208694 -0.059848103672266006
v -0.003602424869313836 0.04126599803566933 -0.06306508928537369
v -0.005718868225812912 0.038412436842918396 -0.06115107983350754
v -0.005718868225812912 0.038412436842918396 -0.06115107983350754
v -0.003602424869313836 0.04126599803566933 -0.06306508928537369
v -0.004549331963062286 0.04126599431037903 -0.06417268514633179
v -0.005718868225812912 0.038412436842918396 -0.06115107983350754
v -0.004549331963062286 0.04126599431037903 -0.06417268514633179
v -0.007806508801877499 0.0384124331176281 -0.0637444406747818
v -0.004549331963062286 0.04126599431037903 -0.06417268514633179
v -0.004928853362798691 0.04126599431037903 -0.06465394049882889
v -0.007806508801877499 0.0384124331176281 -0.0637444406747818
v -0.007806508801877499 0.0384124331176281 -0.0637444406747818
v -0.004928853362798691 0.04126599431037903 -0.06465394049882889
v -0.006532428786158562 0.04126599058508873 -0.06698865443468094
v -0.007806508801877499 0.0384124331176281 -0.0637444406747818
v -0.006532428786158562 0.04126599058508873 -0.06698865443468094
v -0.00968998298048973 0.0384124293923378 -0.06675475090742111
v -0.00968998298048973 0.0384124293923378 -0.06675475090742111
v -0.006532428786158562 0.04126599058508873 -0.06698865443468094
v -0.007182789035141468 0.04126599058508873 -0.06811735779047012
v -0.00968998298048973 0.0384124293923378 -0.06675475090742111
v -0.007182789035141468 0.04126599058508873 -0.06811735779047012
v -0.010409203357994556 0.0384124256670475 -0.068169005215168
v -0.010409203357994556 0.0384124256670475 -0.068169005215168
v -0.007182789035141468 0.04126599058508873 -0.06811735779047012
v -0.00812818855047226 0.04126598685979843 -0.07004084438085556
v -0.010409203357994556 0.0384124256670475 -0.068169005215168
v -0.00812818855047226 0.04126598685979843 -0.07004084438085556
v -0.011553538031876087 0.0384124219417572 -0.07094217836856842
v -0.011553538031876087 0.0384124219417572 -0.07094217836856842
v -0.00812818855047226 0.04126598685979843 -0.07004084438085556
v -0.008862974122166634 0.04126598313450813 -0.07189276069402695
v -0.011553538031876087 0.0384124219417572 -0.07094217836856842
v -0.008862974122166634 0.04126598313450813 -0.07189276069402695
v -0.012191005051136017 0.0384124219417572 -0.07298313826322556
v -0.012191005051136017 0.0384124219417572 -0.07298313826322556
v -0.008862974122166634 0.04126598313450813 -0.07189276069402695
v -0.009308923035860062 0.04126598313450813 -0.07327631115913391
v -0.012191005051136017 0.0384124219417572 -0.07298313826322556
v -0.009308923035860062 0.04126598313450813 -0.07327631115913391
v -0.012225196696817875 0.0384124219417572 -0.07310982793569565
v -0.012225196696817875 0.0384124219417572 -0.07310982793569565
v -0.009308923035860062 0.04126598313450813 -0.07327631115913391
v -0.009468541480600834 0.04126598313450813 -0.07384710758924484
v -0.012225196696817875 0.0384124219417572 -0.07310982793569565
v -0.009468541480600834 0.04126598313450813 -0.07384710758924484
v -0.012734119780361652 0.038412418216466904 -0.07537119090557098
v -0.012734119780361652 0.038412418216466904 -0.07537119090557098
v -0.009468541480600834 0.04126598313450813 -0.07384710758924484
v -0.010054144077003002 0.041265979409217834 -0.07663889229297638
v -0.012734119780361652 0.038412418216466904 -0.07537119090557098
v -0.010054144077003002 0.041265979409217834 -0.07663889229297638
v -0.013055057264864445 0.038412418216466904 -0.07760997116565704
v -0.013055057264864445 0.038412418216466904 -0.07760997116565704
v -0.010054144077003002 0.041265979409217834 -0.07663889229297638
v -0.010216746479272842 0.041265979409217834 -0.07790444046258926
v -0.013055057264864445 0.038412418216466904 -0.07760997116565704
v -0.010216746479272842 0.041265979409217834 -0.07790444046258926
v -0.01309608481824398 0.038412418216466904 -0.07803601771593094
v -0.01309608481824398 0.038412418216466904 -0.07803601771593094
v -0.010216746479272842 0.041265979409217834 -0.07790444046258926
v -0.010350920259952545 0.041265979409217834 -0.08007025718688965
v -0.01309608481824398 0.038412418216466904 -0.07803601771593094
v -0.010350920259952545 0.041265979409217834 -0.08007025718688965
v -0.013201693072915077 0.038412414491176605 -0.07991322129964828
v -0.013201693072915077 0.038412414491176605 -0.07991322129964828
v -0.010350920259952545 0.041265979409217834 -0.08007025718688965
v -0.01309608481824398 0.038412414491176605 -0.08316931128501892
v -0.010350920259952545 0.041265979409217834 -0.08007025718688965
v -0.010317410342395306 0.041265975683927536 -0.08202895522117615
v -0.01309608481824398 0.038412414491176605 -0.08316931128501892
v -0.01309608481824398 0.038412414491176605 -0.08316931128501892
v -0.010317410342395306 0.041265975683927536 -0.08202895522117615
v -0.010194102302193642 0.041265975683927536 -0.0835108533501625
v -0.01309608481824398 0.038412414491176605 -0.08316931128501892
v -0.010194102302193642 0.041265975683927536 -0.0835108533501625
v -0.01295569259673357 0.038412414491176605 -0.08443395793437958
v -0.01295569259673357 0.038412414491176605 -0.08443395793437958
v -0.010194102302193642 0.041265975683927536 -0.0835108533501625
v -0.010127156972885132 0.041265975683927536 -0.08405696600675583
v -0.01295569259673357 0.038412414491176605 -0.08443395793437958
v -0.010127156972885132 0.041265975683927536 -0.08405696600675583
v -0.01255736779421568 0.038412414491176605 -0.08671988546848297
v -0.009768028743565083 0.041265975683927536 -0.08611796051263809
v -0.01255736779421568 0.038412414491176605 -0.08671988546848297
v -0.009768028743565083 0.041265975683927536 -0.08611796051263809
v -0.012191004119813442 0.038412414491176605 -0.08822218328714371
v -0.009768028743565083 0.041265975683927536 -0.08611796051263809
v -0.009586412459611893 0.041265975683927536 -0.08690100163221359
v -0.012191004119813442 0.038412414491176605 -0.08822218328714371
v -0.012191004119813442 0.038412414491176605 -0.08822218328714371
v -0.009586412459611893 0.041265975683927536 -0.08690100163221359
v -0.009259125217795372 0.041265975683927536 -0.08809750527143478
v -0.012191004119813442 0.038412414491176605 -0.08822218328714371
v -0.009259125217795372 0.041265975683927536 -0.08809750527143478
v -0.011242209933698177 0.038412414491176605 -0.09110283106565475
v -0.011242209933698177 0.038412414491176605 -0.09110283106565475
v -0.009259125217795372 0.041265975683927536 -0.08809750527143478
v -0.008538392372429371 0.041265975683927536 -0.0901818498969078
v -0.011242209933698177 0.038412414491176605 -0.09110283106565475
v -0.008538392372429371 0.041265975683927536 -0.0901818498969078
v -0.010409203357994556 0.0384124293923378 -0.09303632378578186
v -0.010409203357994556 0.0384124293923378 -0.09303632378578186
v -0.008538392372429371 0.041265975683927536 -0.0901818498969078
v -0.007765401620417833 0.041265979409217834 -0.09195055812597275
v -0.010409203357994556 0.0384124293923378 -0.09303632378578186
v -0.007765401620417833 0.041265979409217834 -0.09195055812597275
v -0.010336180217564106 0.0384124293923378 -0.09318903833627701
v -0.010336180217564106 0.0384124293923378 -0.09318903833627701
v -0.007765401620417833 0.041265979409217834 -0.09195055812597275
v -0.009253977797925472 0.0384124293923378 -0.09522434324026108
v -0.009253977797925472 0.0384124293923378 -0.09522434324026108
v -0.007765401620417833 0.041265979409217834 -0.09195055812597275
v -0.007068228907883167 0.041265979409217834 -0.09329649060964584
v -0.009253977797925472 0.0384124293923378 -0.09522434324026108
v -0.007068228907883167 0.041265979409217834 -0.09329649060964584
v -0.008026915602385998 0.0384124331176281 -0.09714803099632263
v -0.008026915602385998 0.0384124331176281 -0.09714803099632263
v -0.007068228907883167 0.041265979409217834 -0.09329649060964584
v -0.005683364812284708 0.04126599431037903 -0.09551998972892761
v -0.008026915602385998 0.0384124331176281 -0.09714803099632263
v -0.005683364812284708 0.04126599431037903 -0.09551998972892761
v -0.005201432853937149 0.04126599431037903 -0.09619086235761642
v -0.004464462865144014 0.03471243381500244 -0.10135722160339355
v -0.005044631659984589 0.03471243381500244 -0.10077475011348724
v -0.003041098127141595 0.03647017851471901 -0.10028833895921707
v 0.0038266517221927643 0.03765387833118439 -0.10375271737575531
v 0.005448813084512949 0.03765387833118439 -0.10452142357826233
v 0.003998901229351759 0.03471245989203453 -0.107097327709198
v 0.005448813084512949 0.03765387833118439 -0.10452142357826233
v 0.0063780369237065315 0.0361444391310215 -0.10651420801877975
v 0.006265820469707251 0.03598438575863838 -0.1066436618566513
v 0.006265820469707251 0.03598438575863838 -0.1066436618566513
v 0.0061271036975085735 0.03581138327717781 -0.10677700489759445
v 0.005448813084512949 0.03765387833118439 -0.10452142357826233
v 0.005448813084512949 0.03765387833118439 -0.10452142357826233
v 0.0061271036975085735 0.03581138327717781 -0.10677700489759445
v 0.005635949317365885 0.035343095660209656 -0.10709253698587418
v 0.005448813084512949 0.03765387833118439 -0.10452142357826233
v 0.005635949317365885 0.035343095660209656 -0.10709253698587418
v 0.005560077261179686 0.0352855920791626 -0.10712496936321259
v 0.005560077261179686 0.0352855920791626 -0.10712496936321259
v 0.005023008678108454 0.03496374189853668 -0.10725895315408707
v 0.005448813084512949 0.03765387833118439 -0.10452142357826233
v 0.005448813084512949 0.03765387833118439 -0.10452142357826233
v 0.005023008678108454 0.03496374189853668 -0.10725895315408707
v 0.004515385255217552 0.034779906272888184 -0.1072479709982872
v 0.005448813084512949 0.03765387833118439 -0.10452142357826233
v 0.004515385255217552 0.034779906272888184 -0.1072479709982872
v 0.003998901229351759 0.03471245989203453 -0.107097327709198
v 0.006278474815189838 0.037653882056474686 -0.10486329346895218
v 0.008223558776080608 0.037653885781764984 -0.105538509786129
v 0.007626628037542105 0.03736497834324837 -0.1056535616517067
v 0.007626628037542105 0.03736497834324837 -0.1056535616517067
v 0.007428059354424477 0.037234384566545486 -0.10572563856840134
v 0.006278474815189838 0.037653882056474686 -0.10486329346895218
v 0.006278474815189838 0.037653882056474686 -0.10486329346895218
v 0.007428059354424477 0.037234384566545486 -0.10572563856840134
v 0.006859758868813515 0.03674638643860817 -0.10604707151651382
v 0.006278474815189838 0.037653882056474686 -0.10486329346895218
v 0.006859758868813515 0.03674638643860817 -0.10604707151651382
v 0.005448813084512949 0.03765387833118439 -0.10452142357826233
v 0.005448813084512949 0.03765387833118439 -0.10452142357826233
v 0.006859758868813515 0.03674638643860817 -0.10604707151651382
v 0.0066364300437271595 0.03649573400616646 -0.10623390227556229
v 0.005448813084512949 0.03765387833118439 -0.10452142357826233
v 0.0066364300437271595 0.03649573400616646 -0.10623390227556229
v 0.0063780369237065315 0.0361444391310215 -0.10651420801877975
v 0.003998901229351759 0.03471245989203453 -0.107097327709198
v 0.002446085214614868 0.03471245989203453 -0.10635022073984146
v 0.0038266517221927643 0.03765387833118439 -0.10375271737575531
v 0.0038266517221927643 0.03765387833118439 -0.10375271737575531
v 0.002446085214614868 0.03471245989203453 -0.10635022073984146
v -0.0004877953906543553 0.03471244126558304 -0.10460327565670013
v 0.0038266517221927643 0.03765387833118439 -0.10375271737575531
v -0.0004877953906543553 0.03471244126558304 -0.10460327565670013
v 0.001502467435784638 0.03765387460589409 -0.10239514708518982
v 0.001502467435784638 0.03765387460589409 -0.10239514708518982
v -0.0004877953906543553 0.03471244126558304 -0.10460327565670013
v -0.0010419689351692796 0.03471243754029274 -0.10421792417764664
v 0.001502467435784638 0.03765387460589409 -0.10239514708518982
v -0.0010419689351692796 0.03471243754029274 -0.10421792417764664
v 0.0006652752636000514 0.03765387088060379 -0.10182266682386398
v 0.0006652752636000514 0.03765387088060379 -0.10182266682386398
v -0.0010419689351692796 0.03471243754029274 -0.10421792417764664
v -0.0026672803796827793 0.03471243754029274 -0.10297059267759323
v 0.0006652752636000514 0.03765387088060379 -0.10182266682386398
v -0.0026672803796827793 0.03471243754029274 -0.10297059267759323
v -0.0006692814058624208 0.03765387088060379 -0.10080508887767792
v -0.003041098127141595 0.03647017851471901 -0.10028833895921707
v -0.0009629749692976475 0.03823774307966232 -0.09979367256164551
v -0.0010032814461737871 0.03818164020776749 -0.09983310848474503
v -0.0010032814461737871 0.03818164020776749 -0.09983310848474503
v -0.0011104457080364227 0.03794344514608383 -0.10005547106266022
v -0.003041098127141595 0.03647017851471901 -0.10028833895921707
v -0.003041098127141595 0.03647017851471901 -0.10028833895921707
v -0.0011104457080364227 0.03794344514608383 -0.10005547106266022
v -0.0011137071996927261 0.037903644144535065 -0.10010524839162827
v -0.003041098127141595 0.03647017851471901 -0.10028833895921707
v -0.0011137071996927261 0.037903644144535065 -0.10010524839162827
v -0.0011081169359385967 0.037849731743335724 -0.10018114000558853
v -0.0006692814058624208 0.03765387088060379 -0.10080508887767792
v -0.0026672803796827793 0.03471243754029274 -0.10297059267759323
v -0.0009889345383271575 0.037709884345531464 -0.10046592354774475
v -0.0009889345383271575 0.037709884345531464 -0.10046592354774475
v -0.0026672803796827793 0.03471243754029274 -0.10297059267759323
v -0.004195475019514561 0.03471243381500244 -0.10161636769771576
v -0.0009889345383271575 0.037709884345531464 -0.10046592354774475
v -0.004195475019514561 0.03471243381500244 -0.10161636769771576
v -0.0011081169359385967 0.037849731743335724 -0.10018114000558853
v -0.0011081169359385967 0.037849731743335724 -0.10018114000558853
v -0.004195475019514561 0.03471243381500244 -0.10161636769771576
v -0.003041098127141595 0.03647017851471901 -0.10028833895921707
v -0.003041098127141595 0.03647017851471901 -0.10028833895921707
v -0.004195475019514561 0.03471243381500244 -0.10161636769771576
v -0.004379482474178076 0.03471243381500244 -0.10143981873989105
v -0.003041098127141595 0.03647017851471901 -0.10028833895921707
v -0.004379482474178076 0.03471243381500244 -0.10143981873989105
v -0.004464462865144014 0.03471243381500244 -0.10135722160339355
v 0.018556011840701103 0.04129550978541374 -0.06632907688617706
v 0.02091890014708042 0.039242878556251526 -0.06696221232414246
v 0.01837190054357052 0.04129805788397789 -0.06728783249855042
v 0.01837190054357052 0.04129805788397789 -0.06728783249855042
v 0.02091890014708042 0.039242878556251526 -0.06696221232414246
v 0.020777592435479164 0.03929303586483002 -0.06780803203582764
v 0.01837190054357052 0.04129805788397789 -0.06728783249855042
v 0.020777592435479164 0.03929303586483002 -0.06780803203582764
v 0.018335958942770958 0.04129990562796593 -0.0682602971792221
v 0.020777592435479164 0.03929303586483002 -0.06780803203582764
v 0.020772866904735565 0.039306640625 -0.06812949478626251
v 0.018335958942770958 0.04129990562796593 -0.0682602971792221
v 0.018335958942770958 0.04129990562796593 -0.0682602971792221
v 0.020772866904735565 0.039306640625 -0.06812949478626251
v 0.020779315382242203 0.03931170701980591 -0.06827186048030853
v 0.018335958942770958 0.04129990562796593 -0.0682602971792221
v 0.020779315382242203 0.03931170701980591 -0.06827186048030853
v 0.018447300419211388 0.04130103811621666 -0.06922507286071777
v 0.018447300419211388 0.04130103811621666 -0.06922507286071777
v 0.020779315382242203 0.03931170701980591 -0.06827186048030853
v 0.020926842465996742 0.0393291711807251 -0.06910783052444458
v 0.018447300419211388 0.04130103811621666 -0.06922507286071777
v 0.020926842465996742 0.0393291711807251 -0.06910783052444458
v 0.018705038353800774 0.0413014255464077 -0.07016073912382126
v 0.018705038353800774 0.0413014255464077 -0.07016073912382126
v 0.020926842465996742 0.0393291711807251 -0.06910783052444458
v 0.020999759435653687 0.03933000564575195 -0.06933031231164932
v 0.018705038353800774 0.0413014255464077 -0.07016073912382126
v 0.020999759435653687 0.03933000564575195 -0.06933031231164932
v 0.01910521648824215 0.04130105301737785 -0.07104386389255524
v 0.01910521648824215 0.04130105301737785 -0.07104386389255524
v 0.020999759435653687 0.03933000564575195 -0.06933031231164932
v 0.021086422726511955 0.0393291711807251 -0.06954842060804367
v 0.01910521648824215 0.04130105301737785 -0.07104386389255524
v 0.021086422726511955 0.0393291711807251 -0.06954842060804367
v 0.019635673612356186 0.04129992052912712 -0.07185453921556473
v 0.02244790457189083 0.039243314415216446 -0.0711970329284668
v 0.021034641191363335 0.04129551351070404 -0.07319363206624985
v 0.02178076282143593 0.039294496178627014 -0.07061699777841568
v 0.02178076282143593 0.039294496178627014 -0.07061699777841568
v 0.021034641191363335 0.04129551351070404 -0.07319363206624985
v 0.020283212885260582 0.041298072785139084 -0.07257654517889023
v 0.02178076282143593 0.039294496178627014 -0.07061699777841568
v 0.020283212885260582 0.041298072785139084 -0.07257654517889023
v 0.021593127399683 0.039306640625 -0.07039643824100494
v 0.021593127399683 0.039306640625 -0.07039643824100494
v 0.020283212885260582 0.041298072785139084 -0.07257654517889023
v 0.019635673612356186 0.04129992052912712 -0.07185453921556473
v 0.021593127399683 0.039306640625 -0.07039643824100494
v 0.019635673612356186 0.04129992052912712 -0.07185453921556473
v 0.021509245038032532 0.039311617612838745 -0.07028602063655853
v 0.021509245038032532 0.039311617612838745 -0.07028602063655853
v 0.019635673612356186 0.04129992052912712 -0.07185453921556473
v 0.021086422726511955 0.0393291711807251 -0.06954842060804367
v 0.026301782578229904 0.03924288600683212 -0.0758805200457573
v 0.023241402581334114 0.04129551351070404 -0.07541835308074951
v 0.025249436497688293 0.03924288600683212 -0.07402124255895615
v 0.025249436497688293 0.03924288600683212 -0.07402124255895615
v 0.023241402581334114 0.04129551351070404 -0.07541835308074951
v 0.022790271788835526 0.04129551351070404 -0.07482367753982544
v 0.025249436497688293 0.03924288600683212 -0.07402124255895615
v 0.022790271788835526 0.04129551351070404 -0.07482367753982544
v 0.024634849280118942 0.039242882281541824 -0.07321587949991226
v 0.024634849280118942 0.039242882281541824 -0.07321587949991226
v 0.022790271788835526 0.04129551351070404 -0.07482367753982544
v 0.02176712267100811 0.04129551351070404 -0.07377081364393234
v 0.024634849280118942 0.039242882281541824 -0.07321587949991226
v 0.02176712267100811 0.04129551351070404 -0.07377081364393234
v 0.023377858102321625 0.039242882281541824 -0.07192971557378769
v 0.023377858102321625 0.039242882281541824 -0.07192971557378769
v 0.02176712267100811 0.04129551351070404 -0.07377081364393234
v 0.021034641191363335 0.04129551351070404 -0.07319363206624985
v 0.023377858102321625 0.039242882281541824 -0.07192971557378769
v 0.021034641191363335 0.04129551351070404 -0.07319363206624985
v 0.02244790457189083 0.039243314415216446 -0.0711970329284668
v 0.024273673072457314 0.04129551723599434 -0.07737342268228531
v 0.02408970333635807 0.04129551723599434 -0.07692630589008331
v 0.026301782578229904 0.03924288600683212 -0.0758805200457573
v 0.026301782578229904 0.03924288600683212 -0.0758805200457573
v 0.02408970333635807 0.04129551723599434 -0.07692630589008331
v 0.023822056129574776 0.04129551723599434 -0.076373390853405
v 0.026301782578229904 0.03924288600683212 -0.0758805200457573
v 0.023822056129574776 0.04129551723599434 -0.076373390853405
v 0.023241402581334114 0.04129551351070404 -0.07541835308074951
v 0.026301782578229904 0.03924288600683212 -0.0758805200457573
v 0.026559889316558838 0.03924288600683212 -0.07650317996740341
v 0.024273673072457314 0.04129551723599434 -0.07737342268228531
v 0.024273673072457314 0.04129551723599434 -0.07737342268228531
v 0.026559889316558838 0.03924288600683212 -0.07650317996740341
v 0.02698468044400215 0.03924288600683212 -0.07786852866411209
v 0.024608289822936058 0.04129551723599434 -0.07844892889261246
v 0.024608289822936058 0.04129551723599434 -0.07844892889261246
v 0.02698468044400215 0.03924288600683212 -0.07786852866411209
v 0.024761294946074486 0.04129551723599434 -0.07921822369098663
v 0.024761294946074486 0.04129551723599434 -0.07921822369098663
v 0.02698468044400215 0.03924288600683212 -0.07786852866411209
v 0.027186721563339233 0.03924288600683212 -0.07889645546674728
v 0.024761294946074486 0.04129551723599434 -0.07921822369098663
v 0.027186721563339233 0.03924288600683212 -0.07889645546674728
v 0.02480269968509674 0.04129553213715553 -0.07952005416154861
v 0.027186721563339233 0.03924288600683212 -0.07889645546674728
v 0.027231482788920403 0.03924288600683212 -0.07922830432653427
v 0.02480269968509674 0.04129553213715553 -0.07952005416154861
v 0.02480269968509674 0.04129553213715553 -0.07952005416154861
v 0.027231482788920403 0.03924288600683212 -0.07922830432653427
v 0.027313698083162308 0.03924288600683212 -0.08063053339719772
v 0.0248674638569355 0.04129553213715553 -0.08062461763620377
v 0.0248674638569355 0.04129553213715553 -0.08062461763620377
v 0.027313698083162308 0.03924288600683212 -0.08063053339719772
v 0.027224374935030937 0.03924288600683212 -0.08203494548797607
v 0.0248674638569355 0.04129553213715553 -0.08062461763620377
v 0.027224374935030937 0.03924288600683212 -0.08203494548797607
v 0.02481776662170887 0.041295528411865234 -0.08155147731304169
v 0.02481776662170887 0.041295528411865234 -0.08155147731304169
v 0.027224374935030937 0.03924288600683212 -0.08203494548797607
v 0.027223827317357063 0.03924288600683212 -0.08203931897878647
v 0.02481776662170887 0.041295528411865234 -0.08155147731304169
v 0.027223827317357063 0.03924288600683212 -0.08203931897878647
v 0.024558186531066895 0.041295528411865234 -0.08295205980539322
v 0.024558186531066895 0.041295528411865234 -0.08295205980539322
v 0.027223827317357063 0.03924288600683212 -0.08203931897878647
v 0.02697063237428665 0.039242882281541824 -0.08339367806911469
v 0.024558186531066895 0.041295528411865234 -0.08295205980539322
v 0.02697063237428665 0.039242882281541824 -0.08339367806911469
v 0.024267489090561867 0.041295528411865234 -0.08384809643030167
v 0.024267489090561867 0.041295528411865234 -0.08384809643030167
v 0.02697063237428665 0.039242882281541824 -0.08339367806911469
v 0.026410343125462532 0.03924289718270302 -0.08507530391216278
v 0.02308500185608864 0.041295524686574936 -0.0860048234462738
v 0.023215049877762794 0.041295524686574936 -0.0858246460556984
v 0.024806786328554153 0.03924289345741272 -0.08777855336666107
v 0.024806786328554153 0.03924289345741272 -0.08777855336666107
v 0.023215049877762794 0.041295524686574936 -0.0858246460556984
v 0.023800449445843697 0.041295528411865234 -0.08487270772457123
v 0.024806786328554153 0.03924289345741272 -0.08777855336666107
v 0.023800449445843697 0.041295528411865234 -0.08487270772457123
v 0.025959139689803123 0.03924289345741272 -0.08602342754602432
v 0.025959139689803123 0.03924289345741272 -0.08602342754602432
v 0.023800449445843697 0.041295528411865234 -0.08487270772457123
v 0.02380993962287903 0.041295528411865234 -0.084854856133461
v 0.025959139689803123 0.03924289345741272 -0.08602342754602432
v 0.02380993962287903 0.041295528411865234 -0.084854856133461
v 0.026410343125462532 0.03924289718270302 -0.08507530391216278
v 0.026410343125462532 0.03924289718270302 -0.08507530391216278
v 0.02380993962287903 0.041295528411865234 -0.084854856133461
v 0.02425720915198326 0.041295528411865234 -0.08387482166290283
v 0.026410343125462532 0.03924289718270302 -0.08507530391216278
v 0.02425720915198326 0.041295528411865234 -0.08387482166290283
v 0.024267489090561867 0.041295528411865234 -0.08384809643030167
v 0.02308500185608864 0.041295524686574936 -0.0860048234462738
v 0.024806786328554153 0.03924289345741272 -0.08777855336666107
v 0.022525010630488396 0.041295524686574936 -0.08668871223926544
v 0.022525010630488396 0.041295524686574936 -0.08668871223926544
v 0.024806786328554153 0.03924289345741272 -0.08777855336666107
v 0.023333832621574402 0.03924288973212242 -0.08931392431259155
v 0.022525010630488396 0.041295524686574936 -0.08668871223926544
v 0.023333832621574402 0.03924288973212242 -0.08931392431259155
v 0.02164269983768463 0.04129552096128464 -0.08754139393568039
v 0.02164269983768463 0.04129552096128464 -0.08754139393568039
v 0.023333832621574402 0.03924288973212242 -0.08931392431259155
v 0.022532448172569275 0.03924288600683212 -0.08994796872138977
v 0.02164269983768463 0.04129552096128464 -0.08754139393568039
v 0.022532448172569275 0.03924288600683212 -0.08994796872138977
v 0.020847097039222717 0.04129552096128464 -0.08814094215631485
v 0.020847097039222717 0.04129552096128464 -0.08814094215631485
v 0.022532448172569275 0.03924288600683212 -0.08994796872138977
v 0.021004190668463707 0.03924288600683212 -0.09087920188903809
v 0.020847097039222717 0.04129552096128464 -0.08814094215631485
v 0.021004190668463707 0.03924288600683212 -0.09087920188903809
v 0.019633131101727486 0.04129551723599434 -0.08882641047239304
v 0.019633131101727486 0.04129551723599434 -0.08882641047239304
v 0.021004190668463707 0.03924288600683212 -0.09087920188903809
v 0.019756527617573738 0.039242882281541824 -0.09142214804887772
v 0.019633131101727486 0.04129551723599434 -0.08882641047239304
v 0.019756527617573738 0.039242882281541824 -0.09142214804887772
v 0.018866777420043945 0.04129551723599434 -0.08914273977279663
v 0.019756527617573738 0.039242882281541824 -0.09142214804887772
v 0.019695905968546867 0.039242882281541824 -0.09144418686628342
v 0.018866777420043945 0.04129551723599434 -0.08914273977279663
v 0.018866777420043945 0.04129551723599434 -0.08914273977279663
v 0.019695905968546867 0.039242882281541824 -0.09144418686628342
v 0.018365250900387764 0.039242878556251526 -0.09183486551046371
v 0.018866777420043945 0.04129551723599434 -0.08914273977279663
v 0.018365250900387764 0.039242878556251526 -0.09183486551046371
v 0.01743510738015175 0.04129551351070404 -0.08952974528074265
v 0.018365250900387764 0.039242878556251526 -0.09183486551046371
v 0.016948722302913666 0.039242859929800034 -0.0920678898692131
v 0.01743510738015175 0.04129551351070404 -0.08952974528074265
v 0.01743510738015175 0.04129551351070404 -0.08952974528074265
v 0.016948722302913666 0.039242859929800034 -0.0920678898692131
v 0.01685315929353237 0.039242859929800034 -0.09207714349031448
v 0.01743510738015175 0.04129551351070404 -0.08952974528074265
v 0.01685315929353237 0.039242859929800034 -0.09207714349031448
v 0.016627490520477295 0.04129551351070404 -0.08964134007692337
v 0.016627490520477295 0.04129551351070404 -0.08964134007692337
v 0.01685315929353237 0.039242859929800034 -0.09207714349031448
v 0.015493812970817089 0.041298460215330124 -0.08984566479921341
v 0.015493812970817089 0.041298460215330124 -0.08984566479921341
v 0.01685315929353237 0.039242859929800034 -0.09207714349031448
v 0.01601099781692028 0.039293210953474045 -0.09223785996437073
v 0.015493812970817089 0.041298460215330124 -0.08984566479921341
v 0.01601099781692028 0.039293210953474045 -0.09223785996437073
v 0.014749957248568535 0.04129992052912712 -0.09010057151317596
v 0.014749957248568535 0.04129992052912712 -0.09010057151317596
v 0.01601099781692028 0.039293210953474045 -0.09223785996437073
v 0.01571258343756199 0.0393066368997097 -0.09234300255775452
v 0.014749957248568535 0.04129992052912712 -0.09010057151317596
v 0.01571258343756199 0.0393066368997097 -0.09234300255775452
v 0.014413642697036266 0.04130043834447861 -0.09025079011917114
v 0.014413642697036266 0.04130043834447861 -0.09025079011917114
v 0.01571258343756199 0.0393066368997097 -0.09234300255775452
v 0.01557680033147335 0.039311882108449936 -0.0924002081155777
v 0.014413642697036266 0.04130043834447861 -0.09025079011917114
v 0.01557680033147335 0.039311882108449936 -0.0924002081155777
v 0.01341734267771244 0.04130139201879501 -0.09084854274988174
v 0.01341734267771244 0.04130139201879501 -0.09084854274988174
v 0.01557680033147335 0.039311882108449936 -0.0924002081155777
v 0.014843869023025036 0.03932920843362808 -0.0928284302353859
v 0.01341734267771244 0.04130139201879501 -0.09084854274988174
v 0.014843869023025036 0.03932920843362808 -0.0928284302353859
v 0.013094059191644192 0.04130146652460098 -0.09110260754823685
v 0.013094059191644192 0.04130146652460098 -0.09110260754823685
v 0.014843869023025036 0.03932920843362808 -0.0928284302353859
v 0.01466562319546938 0.039329998195171356 -0.0929696336388588
v 0.013094059191644192 0.04130146652460098 -0.09110260754823685
v 0.01466562319546938 0.039329998195171356 -0.0929696336388588
v 0.012555054388940334 0.041301239281892776 -0.0916154608130455
v 0.012555054388940334 0.041301239281892776 -0.0916154608130455
v 0.01466562319546938 0.039329998195171356 -0.0929696336388588
v 0.014486282132565975 0.039329104125499725 -0.09313056617975235
v 0.012555054388940334 0.041301239281892776 -0.0916154608130455
v 0.014486282132565975 0.039329104125499725 -0.09313056617975235
v 0.011859029531478882 0.041300032287836075 -0.09251385182142258
v 0.013411547988653183 0.03924285247921944 -0.09498003125190735
v 0.01104865875095129 0.04129549860954285 -0.09434689581394196
v 0.013724729418754578 0.03929433971643448 -0.09415203332901001
v 0.013724729418754578 0.03929433971643448 -0.09415203332901001
v 0.01104865875095129 0.04129549860954285 -0.09434689581394196
v 0.011371496133506298 0.04129808023571968 -0.09342736750841141
v 0.013724729418754578 0.03929433971643448 -0.09415203332901001
v 0.011371496133506298 0.04129808023571968 -0.09342736750841141
v 0.013868737034499645 0.0393066331744194 -0.09389609098434448
v 0.013868737034499645 0.0393066331744194 -0.09389609098434448
v 0.011371496133506298 0.04129808023571968 -0.09342736750841141
v 0.011859029531478882 0.041300032287836075 -0.09251385182142258
v 0.013868737034499645 0.0393066331744194 -0.09389609098434448
v 0.011859029531478882 0.041300032287836075 -0.09251385182142258
v 0.01394091360270977 0.03931143134832382 -0.093782939016819
v 0.01394091360270977 0.03931143134832382 -0.093782939016819
v 0.011859029531478882 0.041300032287836075 -0.09251385182142258
v 0.014486282132565975 0.039329104125499725 -0.09313056617975235
v 0.013411547988653183 0.03924285247921944 -0.09498003125190735
v 0.013198547065258026 0.03924285247921944 -0.09577496349811554
v 0.01104865875095129 0.04129549860954285 -0.09434689581394196
v 0.010835657827556133 0.04129549860954285 -0.09514182806015015
v 0.010835657827556133 0.04129549860954285 -0.09514182806015015
v 0.013198547065258026 0.03924285247921944 -0.09577496349811554
v 0.012873537838459015 0.03929385915398598 -0.09658161550760269
v 0.010835657827556133 0.04129549860954285 -0.09514182806015015
v 0.012873537838459015 0.03929385915398598 -0.09658161550760269
v 0.01058376394212246 0.04130065441131592 -0.0956394299864769
v 0.012873537838459015 0.03929385915398598 -0.09658161550760269
v 0.012624691240489483 0.039312396198511124 -0.09698660671710968
v 0.01058376394212246 0.04130065441131592 -0.0956394299864769
v 0.01058376394212246 0.04130065441131592 -0.0956394299864769
v 0.012624691240489483 0.039312396198511124 -0.09698660671710968
v 0.012051258236169815 0.03932994604110718 -0.09764144569635391
v 0.01058376394212246 0.04130065441131592 -0.0956394299864769
v 0.012051258236169815 0.03932994604110718 -0.09764144569635391
v 0.010159751400351524 0.041301220655441284 -0.09602197259664536
v 0.010159751400351524 0.041301220655441284 -0.09602197259664536
v 0.012051258236169815 0.03932994604110718 -0.09764144569635391
v 0.011682909913361073 0.03932897746562958 -0.09794177860021591
v 0.010159751400351524 0.041301220655441284 -0.09602197259664536
v 0.011682909913361073 0.03932897746562958 -0.09794177860021591
v 0.009962072595953941 0.04130008816719055 -0.09612490236759186
v 0.011682909913361073 0.03932897746562958 -0.09794177860021591
v 0.011184673756361008 0.039317622780799866 -0.09824866056442261
v 0.009962072595953941 0.04130008816719055 -0.09612490236759186
v 0.009962072595953941 0.04130008816719055 -0.09612490236759186
v 0.011184673756361008 0.039317622780799866 -0.09824866056442261
v 0.0109260817989707 0.039308518171310425 -0.09837142378091812
v 0.009962072595953941 0.04130008816719055 -0.09612490236759186
v 0.0109260817989707 0.039308518171310425 -0.09837142378091812
v 0.009623260237276554 0.041296761482954025 -0.09622788429260254
v 0.009623260237276554 0.041296761482954025 -0.09622788429260254
v 0.0109260817989707 0.039308518171310425 -0.09837142378091812
v 0.010482385754585266 0.03928866982460022 -0.09853260964155197
v 0.009623260237276554 0.041296761482954025 -0.09622788429260254
v 0.010482385754585266 0.03928866982460022 -0.09853260964155197
v 0.009523660875856876 0.041295479983091354 -0.09624272584915161
v 0.009523660875856876 0.041295479983091354 -0.09624272584915161
v 0.010482385754585266 0.03928866982460022 -0.09853260964155197
v 0.009736868552863598 0.03924284502863884 -0.09867964684963226
v -0.0027750907465815544 0.041295457631349564 -0.09731872379779816
v 0.009523660875856876 0.041295479983091354 -0.09624272584915161
v -0.003094039624556899 0.04027960076928139 -0.09856190532445908
v 0.009736868552863598 0.03924284502863884 -0.09867964684963226
v -0.0033891682978719473 0.03924282267689705 -0.09982802718877792
v 0.021593127399683 0.039306640625 -0.07039643824100494
v 0.021722378209233284 0.03851202130317688 -0.07029086351394653
v 0.02178076282143593 0.039294496178627014 -0.07061699777841568
v 0.02178076282143593 0.039294496178627014 -0.07061699777841568
v 0.021722378209233284 0.03851202130317688 -0.07029086351394653
v 0.022572385147213936 0.038538847118616104 -0.07113317400217056
v 0.02178076282143593 0.039294496178627014 -0.07061699777841568
v 0.022572385147213936 0.038538847118616104 -0.07113317400217056
v 0.02244790457189083 0.039243314415216446 -0.0711970329284668
v 0.021593127399683 0.039306640625 -0.07039643824100494
v 0.021509245038032532 0.039311617612838745 -0.07028602063655853
v 0.021722378209233284 0.03851202130317688 -0.07029086351394653
v 0.021722378209233284 0.03851202130317688 -0.07029086351394653
v 0.021509245038032532 0.039311617612838745 -0.07028602063655853
v 0.021086422726511955 0.0393291711807251 -0.06954842060804367
v 0.021722378209233284 0.03851202130317688 -0.07029086351394653
v 0.021086422726511955 0.0393291711807251 -0.06954842060804367
v 0.02116842195391655 0.03850315511226654 -0.06925105303525925
v 0.020779315382242203 0.03931170701980591 -0.06827186048030853
v 0.020938627421855927 0.03851214051246643 -0.06809677183628082
v 0.020926842465996742 0.0393291711807251 -0.06910783052444458
v 0.020926842465996742 0.0393291711807251 -0.06910783052444458
v 0.020938627421855927 0.03851214051246643 -0.06809677183628082
v 0.02116842195391655 0.03850315511226654 -0.06925105303525925
v 0.020926842465996742 0.0393291711807251 -0.06910783052444458
v 0.02116842195391655 0.03850315511226654 -0.06925105303525925
v 0.020999759435653687 0.03933000564575195 -0.06933031231164932
v 0.020999759435653687 0.03933000564575195 -0.06933031231164932
v 0.02116842195391655 0.03850315511226654 -0.06925105303525925
v 0.021086422726511955 0.0393291711807251 -0.06954842060804367
v 0.02091890014708042 0.039242878556251526 -0.06696221232414246
v 0.021061120554804802 0.038538843393325806 -0.06691107898950577
v 0.020777592435479164 0.03929303586483002 -0.06780803203582764
v 0.020777592435479164 0.03929303586483002 -0.06780803203582764
v 0.021061120554804802 0.038538843393325806 -0.06691107898950577
v 0.020938627421855927 0.03851214051246643 -0.06809677183628082
v 0.020777592435479164 0.03929303586483002 -0.06780803203582764
v 0.020938627421855927 0.03851214051246643 -0.06809677183628082
v 0.020772866904735565 0.039306640625 -0.06812949478626251
v 0.020772866904735565 0.039306640625 -0.06812949478626251
v 0.020938627421855927 0.03851214051246643 -0.06809677183628082
v 0.020779315382242203 0.03931170701980591 -0.06827186048030853
v 0.013868737034499645 0.0393066331744194 -0.09389609098434448
v 0.01399831660091877 0.03851204365491867 -0.09400330483913422
v 0.013724729418754578 0.03929433971643448 -0.09415203332901001
v 0.013724729418754578 0.03929433971643448 -0.09415203332901001
v 0.01399831660091877 0.03851204365491867 -0.09400330483913422
v 0.013509150594472885 0.03853883221745491 -0.09509541839361191
v 0.013724729418754578 0.03929433971643448 -0.09415203332901001
v 0.013509150594472885 0.03853883221745491 -0.09509541839361191
v 0.013411547988653183 0.03924285247921944 -0.09498003125190735
v 0.013868737034499645 0.0393066331744194 -0.09389609098434448
v 0.01394091360270977 0.03931143134832382 -0.093782939016819
v 0.01399831660091877 0.03851204365491867 -0.09400330483913422
v 0.01399831660091877 0.03851204365491867 -0.09400330483913422
v 0.01394091360270977 0.03931143134832382 -0.093782939016819
v 0.014486282132565975 0.039329104125499725 -0.09313056617975235
v 0.01399831660091877 0.03851204365491867 -0.09400330483913422
v 0.014486282132565975 0.039329104125499725 -0.09313056617975235
v 0.014776574447751045 0.038503147661685944 -0.09311877191066742
v 0.01557680033147335 0.039311882108449936 -0.0924002081155777
v 0.015776081010699272 0.03851209208369255 -0.09249736368656158
v 0.014843869023025036 0.03932920843362808 -0.0928284302353859
v 0.014843869023025036 0.03932920843362808 -0.0928284302353859
v 0.015776081010699272 0.03851209208369255 -0.09249736368656158
v 0.014776574447751045 0.038503147661685944 -0.09311877191066742
v 0.014843869023025036 0.03932920843362808 -0.0928284302353859
v 0.014776574447751045 0.038503147661685944 -0.09311877191066742
v 0.01466562319546938 0.039329998195171356 -0.0929696336388588
v 0.01466562319546938 0.039329998195171356 -0.0929696336388588
v 0.014776574447751045 0.038503147661685944 -0.09311877191066742
v 0.014486282132565975 0.039329104125499725 -0.09313056617975235
v 0.01685315929353237 0.039242859929800034 -0.09207714349031448
v 0.016928989440202713 0.03853883966803551 -0.09219461679458618
v 0.01601099781692028 0.039293210953474045 -0.09223785996437073
v 0.01601099781692028 0.039293210953474045 -0.09223785996437073
v 0.016928989440202713 0.03853883966803551 -0.09219461679458618
v 0.015776081010699272 0.03851209208369255 -0.09249736368656158
v 0.01601099781692028 0.039293210953474045 -0.09223785996437073
v 0.015776081010699272 0.03851209208369255 -0.09249736368656158
v 0.01571258343756199 0.0393066368997097 -0.09234300255775452
v 0.01571258343756199 0.0393066368997097 -0.09234300255775452
v 0.015776081010699272 0.03851209208369255 -0.09249736368656158
v 0.01557680033147335 0.039311882108449936 -0.0924002081155777
v 0.011010582558810711 0.03851151466369629 -0.09850939363241196
v 0.009834283031523228 0.03853882476687431 -0.09879574924707413
v 0.009736868552863598 0.03924284502863884 -0.09867964684963226
v 0.009736868552863598 0.03924284502863884 -0.09867964684963226
v 0.010482385754585266 0.03928866982460022 -0.09853260964155197
v 0.011010582558810711 0.03851151466369629 -0.09850939363241196
v 0.011010582558810711 0.03851151466369629 -0.09850939363241196
v 0.010482385754585266 0.03928866982460022 -0.09853260964155197
v 0.0109260817989707 0.039308518171310425 -0.09837142378091812
v 0.011010582558810711 0.03851151466369629 -0.09850939363241196
v 0.0109260817989707 0.039308518171310425 -0.09837142378091812
v 0.011309553869068623 0.03850719332695007 -0.09836962819099426
v 0.011309553869068623 0.03850719332695007 -0.09836962819099426
v 0.0109260817989707 0.039308518171310425 -0.09837142378091812
v 0.011184673756361008 0.039317622780799866 -0.09824866056442261
v 0.011309553869068623 0.03850719332695007 -0.09836962819099426
v 0.011184673756361008 0.039317622780799866 -0.09824866056442261
v 0.012025144882500172 0.03850242495536804 -0.09789163619279861
v 0.011184673756361008 0.039317622780799866 -0.09824866056442261
v 0.011682909913361073 0.03932897746562958 -0.09794177860021591
v 0.012025144882500172 0.03850242495536804 -0.09789163619279861
v 0.012025144882500172 0.03850242495536804 -0.09789163619279861
v 0.011682909913361073 0.03932897746562958 -0.09794177860021591
v 0.012051258236169815 0.03932994604110718 -0.09764144569635391
v 0.012025144882500172 0.03850242495536804 -0.09789163619279861
v 0.012051258236169815 0.03932994604110718 -0.09764144569635391
v 0.012528503313660622 0.03850570693612099 -0.09738494455814362
v 0.012528503313660622 0.03850570693612099 -0.09738494455814362
v 0.012051258236169815 0.03932994604110718 -0.09764144569635391
v 0.012624691240489483 0.039312396198511124 -0.09698660671710968
v 0.012528503313660622 0.03850570693612099 -0.09738494455814362
v 0.012624691240489483 0.039312396198511124 -0.09698660671710968
v 0.012809696607291698 0.03851151838898659 -0.09699975699186325
v 0.012809696607291698 0.03851151838898659 -0.09699975699186325
v 0.012624691240489483 0.039312396198511124 -0.09698660671710968
v 0.012873537838459015 0.03929385915398598 -0.09658161550760269
v 0.012809696607291698 0.03851151838898659 -0.09699975699186325
v 0.012873537838459015 0.03929385915398598 -0.09658161550760269
v 0.013233065605163574 0.03853252902626991 -0.09610540419816971
v 0.013233065605163574 0.03853252902626991 -0.09610540419816971
v 0.012873537838459015 0.03929385915398598 -0.09658161550760269
v 0.013198547065258026 0.03924285247921944 -0.09577496349811554
v 0.013233065605163574 0.03853252902626991 -0.09610540419816971
v 0.013198547065258026 0.03924285247921944 -0.09577496349811554
v 0.013295961543917656 0.03853883221745491 -0.09589105099439621
v 0.00637802854180336 0.03984444960951805 -0.054691117256879807
v 0.006378050893545151 0.029712462797760963 -0.05469111353158951
v 0.006840414833277464 0.04042625054717064 -0.05514369159936905
v 0.006840414833277464 0.04042625054717064 -0.05514369159936905
v 0.006378050893545151 0.029712462797760963 -0.05469111353158951
v 0.007355332374572754 0.029712464660406113 -0.05544857308268547
v 0.006840414833277464 0.04042625054717064 -0.05514369159936905
v 0.007355332374572754 0.029712464660406113 -0.05544857308268547
v 0.0071336920373141766 0.0407048724591732 -0.05533682927489281
v 0.0071336920373141766 0.0407048724591732 -0.05533682927489281
v 0.007355332374572754 0.029712464660406113 -0.05544857308268547
v 0.007397253531962633 0.040912460535764694 -0.05546683445572853
v 0.007397253531962633 0.040912460535764694 -0.05546683445572853
v 0.007355332374572754 0.029712464660406113 -0.05544857308268547
v 0.008228188380599022 0.04091246426105499 -0.05566713586449623
v 0.008228188380599022 0.04091246426105499 -0.05566713586449623
v 0.007355332374572754 0.029712464660406113 -0.05544857308268547
v 0.008571991696953773 0.029712466523051262 -0.05566895753145218
v 0.008228188380599022 0.04091246426105499 -0.05566713586449623
v 0.008571991696953773 0.029712466523051262 -0.05566895753145218
v 0.008571966551244259 0.04091246426105499 -0.05566896125674248
v 0.008571966551244259 0.04091246426105499 -0.05566896125674248
v 0.008571991696953773 0.029712466523051262 -0.05566895753145218
v 0.009115048684179783 0.04091246426105499 -0.05557740479707718
v 0.009115048684179783 0.04091246426105499 -0.05557740479707718
v 0.008571991696953773 0.029712466523051262 -0.05566895753145218
v 0.00975287239998579 0.02971247024834156 -0.05530241131782532
v 0.009115048684179783 0.04091246426105499 -0.05557740479707718
v 0.00975287239998579 0.02971247024834156 -0.05530241131782532
v 0.009752847254276276 0.04091246426105499 -0.055302415043115616
v 0.009752847254276276 0.04091246426105499 -0.055302415043115616
v 0.00975287239998579 0.02971247024834156 -0.05530241131782532
v 0.009919480420649052 0.04091246426105499 -0.055193401873111725
v 0.009919480420649052 0.04091246426105499 -0.055193401873111725
v 0.00975287239998579 0.02971247024834156 -0.05530241131782532
v 0.010630907490849495 0.02971247211098671 -0.05443185940384865
v 0.009919480420649052 0.04091246426105499 -0.055193401873111725
v 0.010630907490849495 0.02971247211098671 -0.05443185940384865
v 0.010546928271651268 0.04091246798634529 -0.05456024780869484
v 0.010546928271651268 0.04091246798634529 -0.05456024780869484
v 0.010630907490849495 0.02971247211098671 -0.05443185940384865
v 0.010923643596470356 0.04091246798634529 -0.05375237390398979
v 0.010923643596470356 0.04091246798634529 -0.05375237390398979
v 0.010630907490849495 0.02971247211098671 -0.05443185940384865
v 0.011007523164153099 0.02971247211098671 -0.053254153579473495
v 0.010923643596470356 0.04091246798634529 -0.05375237390398979
v 0.011007523164153099 0.02971247211098671 -0.053254153579473495
v 0.011007498018443584 0.04091246798634529 -0.0532541424036026
v 0.011007498018443584 0.04091246798634529 -0.0532541424036026
v 0.011007523164153099 0.02971247211098671 -0.053254153579473495
v 0.011005345731973648 0.04091246798634529 -0.05286474525928497
v 0.011005345731973648 0.04091246798634529 -0.05286474525928497
v 0.011007523164153099 0.02971247211098671 -0.053254153579473495
v 0.01079754438251257 0.02971247211098671 -0.05203564837574959
v 0.011005345731973648 0.04091246798634529 -0.05286474525928497
v 0.01079754438251257 0.02971247211098671 -0.05203564837574959
v 0.01079752016812563 0.04091246798634529 -0.052035655826330185
v 0.008223558776080608 0.037653885781764984 -0.105538509786129
v 0.00848833005875349 0.037703223526477814 -0.10553261637687683
v 0.008490612730383873 0.029712460935115814 -0.1055326834321022
v 0.010985441505908966 0.0361444465816021 -0.10774876177310944
v 0.010985455475747585 0.029712462797760963 -0.10774876177310944
v 0.010811293497681618 0.036726247519254684 -0.10712561756372452
v 0.010811293497681618 0.036726247519254684 -0.10712561756372452
v 0.010985455475747585 0.029712462797760963 -0.10774876177310944
v 0.010541506111621857 0.029712462797760963 -0.10663728415966034
v 0.009625470265746117 0.03770514577627182 -0.10583116114139557
v 0.00964866392314434 0.037703223526477814 -0.10584352165460587
v 0.009646687656641006 0.029712462797760963 -0.1058424562215805
v 0.009646687656641006 0.029712462797760963 -0.1058424562215805
v 0.00964866392314434 0.037703223526477814 -0.10584352165460587
v 0.00987501535564661 0.037653885781764984 -0.1059810221195221
v 0.00987501535564661 0.037653885781764984 -0.1059810221195221
v 0.010166664607822895 0.03749367222189903 -0.10621129721403122
v 0.009646687656641006 0.029712462797760963 -0.1058424562215805
v 0.009646687656641006 0.029712462797760963 -0.1058424562215805
v 0.010166664607822895 0.03749367222189903 -0.10621129721403122
v 0.010285355150699615 0.03740594908595085 -0.10632678121328354
v 0.009646687656641006 0.029712462797760963 -0.1058424562215805
v 0.010285355150699615 0.03740594908595085 -0.10632678121328354
v 0.010541506111621857 0.029712462797760963 -0.10663728415966034
v 0.010541506111621857 0.029712462797760963 -0.10663728415966034
v 0.010285355150699615 0.03740594908595085 -0.10632678121328354
v 0.010653872974216938 0.03700486943125725 -0.10681171715259552
v 0.010541506111621857 0.029712462797760963 -0.10663728415966034
v 0.010653872974216938 0.03700486943125725 -0.10681171715259552
v 0.010811293497681618 0.036726247519254684 -0.10712561756372452
v 0.00848833005875349 0.037703223526477814 -0.10553261637687683
v 0.008514600805938244 0.03770514577627182 -0.10553350299596786
v 0.008490612730383873 0.029712460935115814 -0.1055326834321022
v 0.008490612730383873 0.029712460935115814 -0.1055326834321022
v 0.008514600805938244 0.03770514577627182 -0.10553350299596786
v 0.008807988837361336 0.037712462246418 -0.10556160658597946
v 0.008490612730383873 0.029712460935115814 -0.1055326834321022
v 0.008807988837361336 0.037712462246418 -0.10556160658597946
v 0.009646687656641006 0.029712462797760963 -0.1058424562215805
v 0.009357335977256298 0.037712462246418 -0.10570880025625229
v 0.009646687656641006 0.029712462797760963 -0.1058424562215805
v 0.009357335977256298 0.037712462246418 -0.10570880025625229
v 0.009625470265746117 0.03770514577627182 -0.10583116114139557
v 0.006378050893545151 0.029712455347180367 -0.10651420801877975
v 0.0063780369237065315 0.0361444391310215 -0.10651420801877975
v 0.0073182592168450356 0.029712457209825516 -0.10577362030744553
v 0.0073182592168450356 0.029712457209825516 -0.10577362030744553
v 0.0063780369237065315 0.0361444391310215 -0.10651420801877975
v 0.0066364300437271595 0.03649573400616646 -0.10623390227556229
v 0.0066364300437271595 0.03649573400616646 -0.10623390227556229
v 0.006859758868813515 0.03674638643860817 -0.10604707151651382
v 0.0073182592168450356 0.029712457209825516 -0.10577362030744553
v 0.0073182592168450356 0.029712457209825516 -0.10577362030744553
v 0.006859758868813515 0.03674638643860817 -0.10604707151651382
v 0.007428059354424477 0.037234384566545486 -0.10572563856840134
v 0.0073182592168450356 0.029712457209825516 -0.10577362030744553
v 0.007428059354424477 0.037234384566545486 -0.10572563856840134
v 0.008490612730383873 0.029712460935115814 -0.1055326834321022
v 0.008490612730383873 0.029712460935115814 -0.1055326834321022
v 0.007428059354424477 0.037234384566545486 -0.10572563856840134
v 0.007626628037542105 0.03736497834324837 -0.1056535616517067
v 0.008490612730383873 0.029712460935115814 -0.1055326834321022
v 0.007626628037542105 0.03736497834324837 -0.1056535616517067
v 0.008223558776080608 0.037653885781764984 -0.105538509786129
v 0.0348108671605587 0.03765394911170006 -0.06279084831476212
v 0.03457861766219139 0.037703271955251694 -0.06266357749700546
v 0.03457671031355858 0.029712526127696037 -0.06266239285469055
v 0.03352413699030876 0.03614450618624687 -0.05949578806757927
v 0.033524151891469955 0.029712524265050888 -0.05949578806757927
v 0.033363379538059235 0.03672630712389946 -0.06012251600623131
v 0.033363379538059235 0.03672630712389946 -0.06012251600623131
v 0.033524151891469955 0.029712524265050888 -0.05949578806757927
v 0.03335288539528847 0.029712524265050888 -0.0606803223490715
v 0.03374199941754341 0.037705060094594955 -0.06183471158146858
v 0.033729188144207 0.037703271955251694 -0.06181414797902107
v 0.0337304025888443 0.029712524265050888 -0.061816081404685974
v 0.0337304025888443 0.029712524265050888 -0.061816081404685974
v 0.033729188144207 0.037703271955251694 -0.06181414797902107
v 0.03360167145729065 0.037653740495443344 -0.061581388115882874
v 0.03360167145729065 0.037653740495443344 -0.061581388115882874
v 0.03346451371908188 0.03749377653002739 -0.061236750334501266
v 0.0337304025888443 0.029712524265050888 -0.061816081404685974
v 0.0337304025888443 0.029712524265050888 -0.061816081404685974
v 0.03346451371908188 0.03749377653002739 -0.061236750334501266
v 0.03341943025588989 0.03740599378943443 -0.0610772930085659
v 0.0337304025888443 0.029712524265050888 -0.061816081404685974
v 0.03341943025588989 0.03740599378943443 -0.0610772930085659
v 0.03335288539528847 0.029712524265050888 -0.0606803223490715
v 0.03335288539528847 0.029712524265050888 -0.0606803223490715
v 0.03341943025588989 0.03740599378943443 -0.0610772930085659
v 0.03334276005625725 0.03700492903590202 -0.060473065823316574
v 0.03335288539528847 0.029712524265050888 -0.0606803223490715
v 0.03334276005625725 0.03700492903590202 -0.060473065823316574
v 0.033363379538059235 0.03672630712389946 -0.06012251600623131
v 0.03457861766219139 0.037703271955251694 -0.06266357749700546
v 0.0345563106238842 0.037705209106206894 -0.0626496747136116
v 0.03457671031355858 0.029712526127696037 -0.06266239285469055
v 0.03457671031355858 0.029712526127696037 -0.06266239285469055
v 0.0345563106238842 0.037705209106206894 -0.0626496747136116
v 0.0343162827193737 0.03771252557635307 -0.062478646636009216
v 0.03457671031355858 0.029712526127696037 -0.06266239285469055
v 0.0343162827193737 0.03771252557635307 -0.062478646636009216
v 0.0337304025888443 0.029712524265050888 -0.061816081404685974
v 0.03391413018107414 0.03771252557635307 -0.06207648664712906
v 0.0337304025888443 0.029712524265050888 -0.061816081404685974
v 0.03391413018107414 0.03771252557635307 -0.06207648664712906
v 0.03374199941754341 0.037705060094594955 -0.06183471158146858
v 0.03689700737595558 0.029712529852986336 -0.0628686398267746
v 0.03689698874950409 0.03614450991153717 -0.0628686472773552
v 0.03571246564388275 0.029712527990341187 -0.06303990632295609
v 0.03571246564388275 0.029712527990341187 -0.06303990632295609
v 0.03689698874950409 0.03614450991153717 -0.0628686472773552
v 0.036533061414957047 0.036495789885520935 -0.06298220157623291
v 0.036533061414957047 0.036495789885520935 -0.06298220157623291
v 0.03624623641371727 0.03674645721912384 -0.06303233653306961
v 0.03571246564388275 0.029712527990341187 -0.06303990632295609
v 0.03571246564388275 0.029712527990341187 -0.06303990632295609
v 0.03624623641371727 0.03674645721912384 -0.06303233653306961
v 0.03559335693717003 0.03723445534706116 -0.0630265399813652
v 0.03571246564388275 0.029712527990341187 -0.06303990632295609
v 0.03559335693717003 0.03723445534706116 -0.0630265399813652
v 0.03457671031355858 0.029712526127696037 -0.06266239285469055
v 0.03457671031355858 0.029712526127696037 -0.06266239285469055
v 0.03559335693717003 0.03723445534706116 -0.0630265399813652
v 0.03538535162806511 0.037365034222602844 -0.06298968940973282
v 0.03457671031355858 0.029712526127696037 -0.06266239285469055
v 0.03538535162806511 0.037365034222602844 -0.06298968940973282
v 0.0348108671605587 0.03765394911170006 -0.06279084831476212
v 0.03360191732645035 0.03765394911170006 -0.0996234118938446
v 0.0337291955947876 0.037703271955251694 -0.0993911623954773
v 0.0337304025888443 0.02971252240240574 -0.09938924014568329
v 0.03689698874950409 0.03614450991153717 -0.09833668172359467
v 0.03689700365066528 0.029712529852986336 -0.09833668172359467
v 0.03627025708556175 0.03672631084918976 -0.09817592799663544
v 0.03627025708556175 0.03672631084918976 -0.09817592799663544
v 0.03689700365066528 0.029712529852986336 -0.09833668172359467
v 0.03571246564388275 0.029712527990341187 -0.09816541522741318
v 0.0345563106238842 0.037705209106206894 -0.09855564683675766
v 0.03457861766219139 0.037703271955251694 -0.0985417440533638
v 0.03457671031355858 0.029712524265050888 -0.09854292869567871
v 0.03457671031355858 0.029712524265050888 -0.09854292869567871
v 0.03457861766219139 0.037703271955251694 -0.0985417440533638
v 0.0348108671605587 0.03765394911170006 -0.09841446578502655
v 0.0348108671605587 0.03765394911170006 -0.09841446578502655
v 0.035156115889549255 0.037493716925382614 -0.0982770249247551
v 0.03457671031355858 0.029712524265050888 -0.09854292869567871
v 0.03457671031355858 0.029712524265050888 -0.09854292869567871
v 0.035156115889549255 0.037493716925382614 -0.0982770249247551
v 0.03531548008322716 0.037406012415885925 -0.09823198616504669
v 0.03457671031355858 0.029712524265050888 -0.09854292869567871
v 0.03531548008322716 0.037406012415885925 -0.09823198616504669
v 0.03571246564388275 0.029712527990341187 -0.09816541522741318
v 0.03571246564388275 0.029712527990341187 -0.09816541522741318
v 0.03531548008322716 0.037406012415885925 -0.09823198616504669
v 0.03591970354318619 0.03700493276119232 -0.09815530478954315
v 0.03571246564388275 0.029712527990341187 -0.09816541522741318
v 0.03591970354318619 0.03700493276119232 -0.09815530478954315
v 0.03627025708556175 0.03672631084918976 -0.09817592799663544
v 0.0337291955947876 0.037703271955251694 -0.0993911623954773
v 0.03374309837818146 0.037705209106206894 -0.0993688553571701
v 0.0337304025888443 0.02971252240240574 -0.09938924014568329
v 0.0337304025888443 0.02971252240240574 -0.09938924014568329
v 0.03374309837818146 0.037705209106206894 -0.0993688553571701
v 0.03391413390636444 0.03771252557635307 -0.0991288274526596
v 0.0337304025888443 0.02971252240240574 -0.09938924014568329
v 0.03391413390636444 0.03771252557635307 -0.0991288274526596
v 0.03457671031355858 0.029712524265050888 -0.09854292869567871
v 0.0343162827193737 0.03771252557635307 -0.09872668236494064
v 0.03457671031355858 0.029712524265050888 -0.09854292869567871
v 0.0343162827193737 0.03771252557635307 -0.09872668236494064
v 0.0345563106238842 0.037705209106206894 -0.09855564683675766
v 0.033524151891469955 0.02971252240240574 -0.1017095297574997
v 0.03352413699030876 0.036144502460956573 -0.10170953720808029
v 0.03335288539528847 0.02971252240240574 -0.10052499920129776
v 0.03335288539528847 0.02971252240240574 -0.10052499920129776
v 0.03352413699030876 0.036144502460956573 -0.10170953720808029
v 0.03341057896614075 0.03649578243494034 -0.10134559869766235
v 0.03341057896614075 0.03649578243494034 -0.10134559869766235
v 0.03336044028401375 0.03674644976854324 -0.10105878114700317
v 0.03335288539528847 0.02971252240240574 -0.10052499920129776
v 0.03335288539528847 0.02971252240240574 -0.10052499920129776
v 0.03336044028401375 0.03674644976854324 -0.10105878114700317
v 0.03336622938513756 0.03723444789648056 -0.10040590167045593
v 0.03335288539528847 0.02971252240240574 -0.10052499920129776
v 0.03336622938513756 0.03723444789648056 -0.10040590167045593
v 0.0337304025888443 0.02971252240240574 -0.09938924014568329
v 0.0337304025888443 0.02971252240240574 -0.09938924014568329
v 0.03336622938513756 0.03723444789648056 -0.10040590167045593
v 0.03340308740735054 0.03736502677202225 -0.10019789636135101
v 0.0337304025888443 0.02971252240240574 -0.09938924014568329
v 0.03340308740735054 0.03736502677202225 -0.10019789636135101
v 0.03360191732645035 0.03765394911170006 -0.0996234118938446
v 0.023959336802363396 0.038137879222631454 -0.05637050047516823
v 0.023935630917549133 0.038189228624105453 -0.05642702057957649
v 0.0241546668112278 0.03924288973212242 -0.054886169731616974
v 0.0241546668112278 0.03924288973212242 -0.054886169731616974
v 0.023935630917549133 0.038189228624105453 -0.05642702057957649
v 0.023875297978520393 0.03830554708838463 -0.05657799541950226
v 0.0241546668112278 0.03924288973212242 -0.054886169731616974
v 0.023875297978520393 0.03830554708838463 -0.05657799541950226
v 0.023865047842264175 0.03832347318530083 -0.05660411715507507
v 0.021061120554804802 0.038538843393325806 -0.06691107898950577
v 0.02091890014708042 0.039242878556251526 -0.06696221232414246
v 0.02372685819864273 0.0385388545691967 -0.05696241185069084
v 0.0241546668112278 0.03924288973212242 -0.054886169731616974
v 0.02372685819864273 0.0385388545691967 -0.05696241185069084
v 0.0241546668112278 0.03924288973212242 -0.054886169731616974
v 0.023792903870344162 0.03843927010893822 -0.05678930878639221
v 0.023792903870344162 0.03843927010893822 -0.05678930878639221
v 0.0241546668112278 0.03924288973212242 -0.054886169731616974
v 0.023865047842264175 0.03832347318530083 -0.05660411715507507
v 0.023959336802363396 0.038137879222631454 -0.05637050047516823
v 0.0241546668112278 0.03924288973212242 -0.054886169731616974
v 0.02398671954870224 0.03807377442717552 -0.056309450417757034
v 0.02398671954870224 0.03807377442717552 -0.056309450417757034
v 0.02429802529513836 0.038393016904592514 -0.05493014678359032
v 0.02429106831550598 0.037360530346632004 -0.05565952509641647
v 0.02444262057542801 0.03754272684454918 -0.054969798773527145
v 0.02459540218114853 0.03664718195796013 -0.05500972270965576
v 0.013411547988653183 0.03924285247921944 -0.09498003125190735
v 0.013509150594472885 0.03853883221745491 -0.09509541839361191
v 0.013198547065258026 0.03924285247921944 -0.09577496349811554
v 0.013295961543917656 0.03853883221745491 -0.09589105099439621
v 0.02244790457189083 0.039243314415216446 -0.0711970329284668
v 0.022572385147213936 0.038538847118616104 -0.07113317400217056
v 0.023377858102321625 0.039242882281541824 -0.07192971557378769
v 0.023377858102321625 0.039242882281541824 -0.07192971557378769
v 0.022572385147213936 0.038538847118616104 -0.07113317400217056
v 0.023714805021882057 0.038538847118616104 -0.0720662921667099
v 0.023377858102321625 0.039242882281541824 -0.07192971557378769
v 0.023714805021882057 0.038538847118616104 -0.0720662921667099
v 0.024634849280118942 0.039242882281541824 -0.07321587949991226
v 0.024634849280118942 0.039242882281541824 -0.07321587949991226
v 0.023714805021882057 0.038538847118616104 -0.0720662921667099
v 0.024730131030082703 0.038538847118616104 -0.07313630729913712
v 0.024634849280118942 0.039242882281541824 -0.07321587949991226
v 0.024730131030082703 0.038538847118616104 -0.07313630729913712
v 0.025249436497688293 0.03924288600683212 -0.07402124255895615
v 0.025249436497688293 0.03924288600683212 -0.07402124255895615
v 0.024730131030082703 0.038538847118616104 -0.07313630729913712
v 0.025664834305644035 0.0385388508439064 -0.07442526519298553
v 0.025249436497688293 0.03924288600683212 -0.07402124255895615
v 0.025664834305644035 0.0385388508439064 -0.07442526519298553
v 0.026301782578229904 0.03924288600683212 -0.0758805200457573
v 0.026301782578229904 0.03924288600683212 -0.0758805200457573
v 0.025664834305644035 0.0385388508439064 -0.07442526519298553
v 0.0264150220900774 0.0385388508439064 -0.0758296549320221
v 0.027347000315785408 0.038538865745067596 -0.08205479383468628
v 0.027224374935030937 0.03924288600683212 -0.08203494548797607
v 0.027437062934041023 0.038538865745067596 -0.0804651528596878
v 0.027437062934041023 0.038538865745067596 -0.0804651528596878
v 0.027224374935030937 0.03924288600683212 -0.08203494548797607
v 0.027313698083162308 0.03924288600683212 -0.08063053339719772
v 0.027437062934041023 0.038538865745067596 -0.0804651528596878
v 0.027313698083162308 0.03924288600683212 -0.08063053339719772
v 0.027309494093060493 0.038538865745067596 -0.07887807488441467
v 0.027313698083162308 0.03924288600683212 -0.08063053339719772
v 0.027231482788920403 0.03924288600683212 -0.07922830432653427
v 0.027309494093060493 0.038538865745067596 -0.07887807488441467
v 0.027309494093060493 0.038538865745067596 -0.07887807488441467
v 0.027231482788920403 0.03924288600683212 -0.07922830432653427
v 0.027186721563339233 0.03924288600683212 -0.07889645546674728
v 0.027309494093060493 0.038538865745067596 -0.07887807488441467
v 0.027186721563339233 0.03924288600683212 -0.07889645546674728
v 0.026966677978634834 0.0385388508439064 -0.07732322067022324
v 0.026966677978634834 0.0385388508439064 -0.07732322067022324
v 0.027186721563339233 0.03924288600683212 -0.07889645546674728
v 0.02698468044400215 0.03924288600683212 -0.07786852866411209
v 0.026966677978634834 0.0385388508439064 -0.07732322067022324
v 0.02698468044400215 0.03924288600683212 -0.07786852866411209
v 0.0264150220900774 0.0385388508439064 -0.0758296549320221
v 0.0264150220900774 0.0385388508439064 -0.0758296549320221
v 0.02698468044400215 0.03924288600683212 -0.07786852866411209
v 0.026559889316558838 0.03924288600683212 -0.07650317996740341
v 0.0264150220900774 0.0385388508439064 -0.0758296549320221
v 0.026559889316558838 0.03924288600683212 -0.07650317996740341
v 0.026301782578229904 0.03924288600683212 -0.0758805200457573
v 0.016928989440202713 0.03853883966803551 -0.09219461679458618
v 0.01685315929353237 0.039242859929800034 -0.09207714349031448
v 0.016948722302913666 0.039242859929800034 -0.0920678898692131
v 0.016928989440202713 0.03853883966803551 -0.09219461679458618
v 0.016948722302913666 0.039242859929800034 -0.0920678898692131
v 0.01838493160903454 0.038538843393325806 -0.0919577106833458
v 0.01838493160903454 0.038538843393325806 -0.0919577106833458
v 0.016948722302913666 0.039242859929800034 -0.0920678898692131
v 0.018365250900387764 0.039242878556251526 -0.09183486551046371
v 0.01838493160903454 0.038538843393325806 -0.0919577106833458
v 0.018365250900387764 0.039242878556251526 -0.09183486551046371
v 0.019799258559942245 0.038538847118616104 -0.09153870493173599
v 0.018365250900387764 0.039242878556251526 -0.09183486551046371
v 0.019695905968546867 0.039242882281541824 -0.09144418686628342
v 0.019799258559942245 0.038538847118616104 -0.09153870493173599
v 0.019799258559942245 0.038538847118616104 -0.09153870493173599
v 0.019695905968546867 0.039242882281541824 -0.09144418686628342
v 0.019756527617573738 0.039242882281541824 -0.09142214804887772
v 0.019799258559942245 0.038538847118616104 -0.09153870493173599
v 0.019756527617573738 0.039242882281541824 -0.09142214804887772
v 0.021253211423754692 0.0385388508439064 -0.09088978171348572
v 0.021253211423754692 0.0385388508439064 -0.09088978171348572
v 0.019756527617573738 0.039242882281541824 -0.09142214804887772
v 0.021004190668463707 0.03924288600683212 -0.09087920188903809
v 0.021253211423754692 0.0385388508439064 -0.09088978171348572
v 0.021004190668463707 0.03924288600683212 -0.09087920188903809
v 0.022605083882808685 0.0385388508439064 -0.0900486409664154
v 0.022605083882808685 0.0385388508439064 -0.0900486409664154
v 0.021004190668463707 0.03924288600683212 -0.09087920188903809
v 0.022532448172569275 0.03924288600683212 -0.08994796872138977
v 0.022605083882808685 0.0385388508439064 -0.0900486409664154
v 0.022532448172569275 0.03924288600683212 -0.08994796872138977
v 0.023829614743590355 0.0385388545691967 -0.08903099596500397
v 0.023829614743590355 0.0385388545691967 -0.08903099596500397
v 0.022532448172569275 0.03924288600683212 -0.08994796872138977
v 0.023333832621574402 0.03924288973212242 -0.08931392431259155
v 0.023829614743590355 0.0385388545691967 -0.08903099596500397
v 0.023333832621574402 0.03924288973212242 -0.08931392431259155
v 0.0249039214104414 0.038538858294487 -0.08785586059093475
v 0.0249039214104414 0.038538858294487 -0.08785586059093475
v 0.023333832621574402 0.03924288973212242 -0.08931392431259155
v 0.024806786328554153 0.03924289345741272 -0.08777855336666107
v 0.0249039214104414 0.038538858294487 -0.08785586059093475
v 0.024806786328554153 0.03924289345741272 -0.08777855336666107
v 0.025807932019233704 0.038538858294487 -0.0865451917052269
v 0.025807932019233704 0.038538858294487 -0.0865451917052269
v 0.024806786328554153 0.03924289345741272 -0.08777855336666107
v 0.025959139689803123 0.03924289345741272 -0.08602342754602432
v 0.025807932019233704 0.038538858294487 -0.0865451917052269
v 0.025959139689803123 0.03924289345741272 -0.08602342754602432
v 0.026524752378463745 0.0385388620197773 -0.08512347936630249
v 0.026524752378463745 0.0385388620197773 -0.08512347936630249
v 0.025959139689803123 0.03924289345741272 -0.08602342754602432
v 0.026410343125462532 0.03924289718270302 -0.08507530391216278
v 0.026524752378463745 0.0385388620197773 -0.08512347936630249
v 0.026410343125462532 0.03924289718270302 -0.08507530391216278
v 0.027040990069508553 0.0385388620197773 -0.08361730724573135
v 0.027040990069508553 0.0385388620197773 -0.08361730724573135
v 0.026410343125462532 0.03924289718270302 -0.08507530391216278
v 0.02697063237428665 0.039242882281541824 -0.08339367806911469
v 0.027040990069508553 0.0385388620197773 -0.08361730724573135
v 0.02697063237428665 0.039242882281541824 -0.08339367806911469
v 0.027347000315785408 0.038538865745067596 -0.08205479383468628
v 0.027347000315785408 0.038538865745067596 -0.08205479383468628
v 0.02697063237428665 0.039242882281541824 -0.08339367806911469
v 0.027223827317357063 0.03924288600683212 -0.08203931897878647
v 0.027347000315785408 0.038538865745067596 -0.08205479383468628
v 0.027223827317357063 0.03924288600683212 -0.08203931897878647
v 0.027224374935030937 0.03924288600683212 -0.08203494548797607
v 0.017025284469127655 0.03771248087286949 -0.09317470341920853
v 0.018604323267936707 0.03771248459815979 -0.0929177775979042
v 0.028694553300738335 0.03771251440048218 -0.10307874530553818
v 0.020138230174779892 0.03771248832345009 -0.09246333688497543
v 0.021715112030506134 0.03771249204874039 -0.09175954759120941
v 0.03149303421378136 0.037712518125772476 -0.10122103244066238
v 0.023181285709142685 0.037712495774030685 -0.09084729105234146
v 0.03391413390636444 0.03771252557635307 -0.0991288274526596
v 0.02450934797525406 0.037712495774030685 -0.08974359929561615
v 0.0343162827193737 0.03771252557635307 -0.09872668236494064
v 0.02567448653280735 0.037712499499320984 -0.08846911042928696
v 0.01250016875565052 0.037712469696998596 -0.1063101589679718
v 0.009357335977256298 0.037712462246418 -0.10570880025625229
v 0.009920116513967514 0.0377124659717083 -0.09977680444717407
v 0.008807988837361336 0.037712462246418 -0.10556160658597946
v 0.0063300952315330505 0.0377124585211277 -0.10473162680864334
v 0.0038915779441595078 0.0377124547958374 -0.10362708568572998
v 0.001580007141456008 0.037712451070547104 -0.10227688401937485
v -0.0005799556965939701 0.037712447345256805 -0.10069544613361359
v 0.010038753971457481 0.0377124659717083 -0.09976501762866974
v 0.010999834164977074 0.037712469696998596 -0.09956006705760956
v 0.015852581709623337 0.037712473422288895 -0.10651974380016327
v 0.015852581709623337 0.037712473422288895 -0.10651974380016327
v 0.010999834164977074 0.037712469696998596 -0.09956006705760956
v 0.01189872995018959 0.037712499499320984 -0.09916996210813522
v 0.01189872995018959 0.037712499499320984 -0.09916996210813522
v 0.019203945994377136 0.037712495774030685 -0.10629399865865707
v 0.012676126323640347 0.037712518125772476 -0.09863132238388062
v 0.012676126323640347 0.037712518125772476 -0.09863132238388062
v 0.02249796688556671 0.03771250322461128 -0.10563670843839645
v 0.02249796688556671 0.03771250322461128 -0.10563670843839645
v 0.012676126323640347 0.037712518125772476 -0.09863132238388062
v 0.013384060002863407 0.03771250322461128 -0.09789091348648071
v 0.013384060002863407 0.03771250322461128 -0.09789091348648071
v 0.025679316371679306 0.03771250694990158 -0.10455892980098724
v 0.025679316371679306 0.03771250694990158 -0.10455892980098724
v 0.013384060002863407 0.03771250322461128 -0.09789091348648071
v 0.013924004510045052 0.037712473422288895 -0.09701741486787796
v 0.013924004510045052 0.037712473422288895 -0.09701741486787796
v 0.014247214421629906 0.03771247714757919 -0.09614593535661697
v 0.014460403472185135 0.03771247714757919 -0.09535031020641327
v 0.014608408324420452 0.03771247714757919 -0.09492731094360352
v 0.014822076074779034 0.03771247714757919 -0.09452636539936066
v 0.028694553300738335 0.03771251440048218 -0.10307874530553818
v 0.014822076074779034 0.03771247714757919 -0.09452636539936066
v 0.015008579008281231 0.03771249204874039 -0.09426558017730713
v 0.03193715214729309 0.037712521851062775 -0.06033020839095116
v 0.03391413018107414 0.03771252557635307 -0.06207648664712906
v 0.02438483200967312 0.03771250322461128 -0.07134454697370529
v 0.0343162827193737 0.03771252557635307 -0.062478646636009216
v 0.02548600547015667 0.03771250694990158 -0.07250503450632095
v 0.03637363016605377 0.03771252930164337 -0.06485407799482346
v 0.026499737054109573 0.03771250694990158 -0.07390297204256058
v 0.03824952244758606 0.03771253302693367 -0.06766921281814575
v 0.02731335163116455 0.03771250694990158 -0.07542609423398972
v 0.039742764085531235 0.03771253302693367 -0.07070469856262207
v 0.027911650016903877 0.03771250694990158 -0.07704594731330872
v 0.0408279150724411 0.03771253302693367 -0.07390881329774857
v 0.02828344888985157 0.03771250694990158 -0.07873225957155228
v 0.04148649051785469 0.03771253302693367 -0.07722698152065277
v 0.028421804308891296 0.03771250694990158 -0.08045352250337601
v 0.041707269847393036 0.03771253302693367 -0.08060266077518463
v 0.028324125334620476 0.03771250694990158 -0.08217757195234299
v 0.04148649051785469 0.037712544202804565 -0.08397834002971649
v 0.02799224480986595 0.03771250694990158 -0.08387219160795212
v 0.0408279150724411 0.03771254047751427 -0.0872965008020401
v 0.027432359755039215 0.03771250322461128 -0.08550571650266647
v 0.039742760360240936 0.03771254047751427 -0.0905006155371666
v 0.026654930785298347 0.03771250322461128 -0.08704762160778046
v 0.03824952244758606 0.03771253675222397 -0.09353610128164291
v 0.03637363389134407 0.03771252930164337 -0.09635123610496521
v 0.0220123752951622 0.03771250322461128 -0.06716596335172653
v 0.024912139400839806 0.037712495774030685 -0.056343890726566315
v 0.02738840878009796 0.03771250322461128 -0.05742555484175682
v 0.015008579008281231 0.03771249204874039 -0.09426558017730713
v 0.015599111095070839 0.037712495774030685 -0.09370715171098709
v 0.028694553300738335 0.03771251440048218 -0.10307874530553818
v 0.015599111095070839 0.037712495774030685 -0.09370715171098709
v 0.016306407749652863 0.03771248087286949 -0.09333691745996475
v 0.016306407749652863 0.03771248087286949 -0.09333691745996475
v 0.022501934319734573 0.03771250322461128 -0.06970396637916565
v 0.029738595709204674 0.03771250694990158 -0.05875914916396141
v 0.0228020828217268 0.03771250322461128 -0.07004518061876297
v 0.023145822808146477 0.03771250322461128 -0.07033254206180573
v 0.022323554381728172 0.03771250322461128 -0.06943769752979279
v 0.029738595709204674 0.03771250694990158 -0.05875914916396141
v 0.022323554381728172 0.03771250322461128 -0.06943769752979279
v 0.022008713334798813 0.037712518125772476 -0.06868835538625717
v 0.022008713334798813 0.037712518125772476 -0.06868835538625717
v 0.02738840878009796 0.03771250322461128 -0.05742555484175682
v 0.022008713334798813 0.037712518125772476 -0.06868835538625717
v 0.021911142393946648 0.03771250322461128 -0.06789598613977432
v 0.021911142393946648 0.03771250322461128 -0.06789598613977432
v 0.012754281982779503 0.034712474793195724 -0.10944332182407379
v 0.015170098282396793 0.03471248224377632 -0.10959603637456894
v 0.012754293158650398 0.029712481424212456 -0.10944332182407379
v 0.012754293158650398 0.029712481424212456 -0.10944332182407379
v 0.015170098282396793 0.03471248224377632 -0.10959603637456894
v 0.01700180396437645 0.029712488874793053 -0.10957733541727066
v 0.021223286166787148 0.03471249341964722 -0.10908915847539902
v 0.021223297342658043 0.02971249632537365 -0.10908916592597961
v 0.01923876814544201 0.03471248969435692 -0.10939688235521317
v 0.01923876814544201 0.03471248969435692 -0.10939688235521317
v 0.021223297342658043 0.02971249632537365 -0.10908916592597961
v 0.01700180396437645 0.029712488874793053 -0.10957733541727066
v 0.01923876814544201 0.03471248969435692 -0.10939688235521317
v 0.01700180396437645 0.029712488874793053 -0.10957733541727066
v 0.017001794651150703 0.03471248224377632 -0.10957734286785126
v 0.017001794651150703 0.03471248224377632 -0.10957734286785126
v 0.01700180396437645 0.029712488874793053 -0.10957733541727066
v 0.015170098282396793 0.03471248224377632 -0.10959603637456894
v 0.02527005970478058 0.034712500870227814 -0.10800942778587341
v 0.025328120216727257 0.029712503775954247 -0.10798927396535873
v 0.023283541202545166 0.034712497144937515 -0.10861780494451523
v 0.023283541202545166 0.034712497144937515 -0.10861780494451523
v 0.025328120216727257 0.029712503775954247 -0.10798927396535873
v 0.021223297342658043 0.02971249632537365 -0.10908916592597961
v 0.023283541202545166 0.034712497144937515 -0.10861780494451523
v 0.021223297342658043 0.02971249632537365 -0.10908916592597961
v 0.021297020837664604 0.03471249341964722 -0.10907499492168427
v 0.021297020837664604 0.03471249341964722 -0.10907499492168427
v 0.021223297342658043 0.02971249632537365 -0.10908916592597961
v 0.021223286166787148 0.03471249341964722 -0.10908915847539902
v 0.02527005970478058 0.034712500870227814 -0.10800942778587341
v 0.02532810904085636 0.034712500870227814 -0.10798928141593933
v 0.025328120216727257 0.029712503775954247 -0.10798927396535873
v 0.025328120216727257 0.029712503775954247 -0.10798927396535873
v 0.02532810904085636 0.034712500870227814 -0.10798928141593933
v 0.027176938951015472 0.03471250459551811 -0.107273630797863
v 0.025328120216727257 0.029712503775954247 -0.10798927396535873
v 0.027176938951015472 0.03471250459551811 -0.107273630797863
v 0.029228128492832184 0.029712511226534843 -0.10630130022764206
v 0.032839562743902206 0.03471251577138901 -0.10406148433685303
v 0.0328395739197731 0.02971251867711544 -0.10406149178743362
v 0.03084050491452217 0.03471251204609871 -0.1053914800286293
v 0.03084050491452217 0.03471251204609871 -0.1053914800286293
v 0.0328395739197731 0.02971251867711544 -0.10406149178743362
v 0.029228128492832184 0.029712511226534843 -0.10630130022764206
v 0.03084050491452217 0.03471251204609871 -0.1053914800286293
v 0.029228128492832184 0.029712511226534843 -0.10630130022764206
v 0.02922811731696129 0.03471250832080841 -0.10630130022764206
v 0.02922811731696129 0.03471250832080841 -0.10630130022764206
v 0.029228128492832184 0.029712511226534843 -0.10630130022764206
v 0.027176938951015472 0.03471250459551811 -0.107273630797863
v 0.03924895450472832 0.029712533578276634 -0.09765210747718811
v 0.03924894705414772 0.0347125306725502 -0.09765210002660751
v 0.039564795792102814 0.0347125306725502 -0.09720882773399353
v 0.03924895450472832 0.029712533578276634 -0.09765210747718811
v 0.039564795792102814 0.0347125306725502 -0.09720882773399353
v 0.04191682115197182 0.02971254102885723 -0.09318821132183075
v 0.04191682115197182 0.02971254102885723 -0.09318821132183075
v 0.039564795792102814 0.0347125306725502 -0.09720882773399353
v 0.04076559469103813 0.0347125343978405 -0.09534124284982681
v 0.04191682115197182 0.02971254102885723 -0.09318821132183075
v 0.04076559469103813 0.0347125343978405 -0.09534124284982681
v 0.041810568422079086 0.0347125343978405 -0.09340641647577286
v 0.041810568422079086 0.0347125343978405 -0.09340641647577286
v 0.04191680997610092 0.0347125343978405 -0.09318821132183075
v 0.04191682115197182 0.02971254102885723 -0.09318821132183075
v 0.04191682115197182 0.02971254102885723 -0.09318821132183075
v 0.04191680997610092 0.0347125343978405 -0.09318821132183075
v 0.04271633177995682 0.0347125381231308 -0.09137202054262161
v 0.04191682115197182 0.02971254102885723 -0.09318821132183075
v 0.04271633177995682 0.0347125381231308 -0.09137202054262161
v 0.043744537979364395 0.02971254661679268 -0.08831960707902908
v 0.04271633177995682 0.0347125381231308 -0.09137202054262161
v 0.0437445230782032 0.0347125418484211 -0.08831960707902908
v 0.043744537979364395 0.02971254661679268 -0.08831960707902908
v 0.043744537979364395 0.02971254661679268 -0.08831960707902908
v 0.0437445230782032 0.0347125418484211 -0.08831960707902908
v 0.04404086247086525 0.0347125418484211 -0.08715213090181351
v 0.043744537979364395 0.02971254661679268 -0.08831960707902908
v 0.04404086247086525 0.0347125418484211 -0.08715213090181351
v 0.04467332735657692 0.029712550342082977 -0.08320284634828568
v 0.04404086247086525 0.0347125418484211 -0.08715213090181351
v 0.044453881680965424 0.034712545573711395 -0.08500593155622482
v 0.04467332735657692 0.029712550342082977 -0.08320284634828568
v 0.04467332735657692 0.029712550342082977 -0.08320284634828568
v 0.044453881680965424 0.034712545573711395 -0.08500593155622482
v 0.044673316180706024 0.034712545573711395 -0.08320284634828568
v 0.04467332735657692 0.029712550342082977 -0.08320284634828568
v 0.044673316180706024 0.034712545573711395 -0.08320284634828568
v 0.04470829665660858 0.034712545573711395 -0.08277957886457443
v 0.044673312455415726 0.034712545573711395 -0.07800247520208359
v 0.04467332735657692 0.029712552204728127 -0.07800247520208359
v 0.04470829665660858 0.034712545573711395 -0.07842573523521423
v 0.04470829665660858 0.034712545573711395 -0.07842573523521423
v 0.04467332735657692 0.029712552204728127 -0.07800247520208359
v 0.04467332735657692 0.029712550342082977 -0.08320284634828568
v 0.04470829665660858 0.034712545573711395 -0.07842573523521423
v 0.04467332735657692 0.029712550342082977 -0.08320284634828568
v 0.0447901226580143 0.034712545573711395 -0.08060266077518463
v 0.0447901226580143 0.034712545573711395 -0.08060266077518463
v 0.04467332735657692 0.029712550342082977 -0.08320284634828568
v 0.04470829665660858 0.034712545573711395 -0.08277957886457443
v 0.044673312455415726 0.034712545573711395 -0.07800247520208359
v 0.044453881680965424 0.034712549299001694 -0.07619938999414444
v 0.04467332735657692 0.029712552204728127 -0.07800247520208359
v 0.04467332735657692 0.029712552204728127 -0.07800247520208359
v 0.044453881680965424 0.034712549299001694 -0.07619938999414444
v 0.04404086247086525 0.034712549299001694 -0.07405319809913635
v 0.04467332735657692 0.029712552204728127 -0.07800247520208359
v 0.04404086247086525 0.034712549299001694 -0.07405319809913635
v 0.0437445342540741 0.029712537303566933 -0.07288572192192078
v 0.04404086247086525 0.034712549299001694 -0.07405319809913635
v 0.0437445268034935 0.034712549299001694 -0.07288572192192078
v 0.0437445342540741 0.029712537303566933 -0.07288572192192078
v 0.0437445342540741 0.029712537303566933 -0.07288572192192078
v 0.0437445268034935 0.034712549299001694 -0.07288572192192078
v 0.04271633177995682 0.034712545573711395 -0.06983329355716705
v 0.0437445342540741 0.029712537303566933 -0.07288572192192078
v 0.04271633177995682 0.034712545573711395 -0.06983329355716705
v 0.04191682115197182 0.029712537303566933 -0.06801711022853851
v 0.04191682115197182 0.029712537303566933 -0.06801711022853851
v 0.04271633177995682 0.034712545573711395 -0.06983329355716705
v 0.04191680997610092 0.0347125306725502 -0.06801711022853851
v 0.04191682115197182 0.029712537303566933 -0.06801711022853851
v 0.04191680997610092 0.0347125306725502 -0.06801711022853851
v 0.041810572147369385 0.0347125306725502 -0.067798912525177
v 0.03924894332885742 0.0347125306725502 -0.06355322152376175
v 0.039248958230018616 0.029712533578276634 -0.06355322152376175
v 0.039564792066812515 0.0347125306725502 -0.06399649381637573
v 0.039564792066812515 0.0347125306725502 -0.06399649381637573
v 0.039248958230018616 0.029712533578276634 -0.06355322152376175
v 0.04191682115197182 0.029712537303566933 -0.06801711022853851
v 0.039564792066812515 0.0347125306725502 -0.06399649381637573
v 0.04191682115197182 0.029712537303566933 -0.06801711022853851
v 0.04076559096574783 0.0347125306725502 -0.06586407870054245
v 0.04076559096574783 0.0347125306725502 -0.06586407870054245
v 0.04191682115197182 0.029712537303566933 -0.06801711022853851
v 0.041810572147369385 0.0347125306725502 -0.067798912525177
v 0.020054372027516365 0.029712488874793053 -0.05191789194941521
v 0.020054345950484276 0.04141249507665634 -0.05191788077354431
v 0.015421203337609768 0.041412483900785446 -0.051605015993118286
v 0.020054372027516365 0.029712488874793053 -0.05191789194941521
v 0.02457817830145359 0.02971249632537365 -0.05296626314520836
v 0.024578165262937546 0.03471250832080841 -0.05296626687049866
v 0.024578165262937546 0.03471250832080841 -0.05296626687049866
v 0.023494461551308632 0.03471250459551811 -0.05264478176832199
v 0.020054372027516365 0.029712488874793053 -0.05191789194941521
v 0.020054372027516365 0.029712488874793053 -0.05191789194941521
v 0.023494461551308632 0.03471250459551811 -0.05264478176832199
v 0.02304011397063732 0.03719545528292656 -0.05252353847026825
v 0.020054372027516365 0.029712488874793053 -0.05191789194941521
v 0.02304011397063732 0.03719545528292656 -0.05252353847026825
v 0.020054345950484276 0.04141249507665634 -0.05191788077354431
v 0.020054345950484276 0.04141249507665634 -0.05191788077354431
v 0.02304011397063732 0.03719545528292656 -0.05252353847026825
v 0.023035429418087006 0.037272002547979355 -0.052522316575050354
v 0.022814355790615082 0.040854763239622116 -0.05246620997786522
v 0.022463615983724594 0.0411575548350811 -0.052380967885255814
v 0.023035429418087006 0.037272002547979355 -0.052522316575050354
v 0.023035429418087006 0.037272002547979355 -0.052522316575050354
v 0.022463615983724594 0.0411575548350811 -0.052380967885255814
v 0.02209020033478737 0.04128871485590935 -0.0522952638566494
v 0.02209020033478737 0.04128871485590935 -0.0522952638566494
v 0.021896323189139366 0.04134207218885422 -0.05225280672311783
v 0.023035429418087006 0.037272002547979355 -0.052522316575050354
v 0.023035429418087006 0.037272002547979355 -0.052522316575050354
v 0.021896323189139366 0.04134207218885422 -0.05225280672311783
v 0.021366441622376442 0.04141249507665634 -0.05214383825659752
v 0.023035429418087006 0.037272002547979355 -0.052522316575050354
v 0.021366441622376442 0.04141249507665634 -0.05214383825659752
v 0.020054345950484276 0.04141249507665634 -0.05191788077354431
v 0.028876638039946556 0.03471251577138901 -0.05472327023744583
v 0.028249094262719154 0.03471251204609871 -0.054415371268987656
v 0.02887664921581745 0.029712503775954247 -0.05472327023744583
v 0.02887664921581745 0.029712503775954247 -0.05472327023744583
v 0.028249094262719154 0.03471251204609871 -0.054415371268987656
v 0.026472222059965134 0.03471251204609871 -0.05364171415567398
v 0.02887664921581745 0.029712503775954247 -0.05472327023744583
v 0.026472222059965134 0.03471251204609871 -0.05364171415567398
v 0.02457817830145359 0.02971249632537365 -0.05296626314520836
v 0.02457817830145359 0.02971249632537365 -0.05296626314520836
v 0.026472222059965134 0.03471251204609871 -0.05364171415567398
v 0.024621758610010147 0.03471250832080841 -0.05298016965389252
v 0.02457817830145359 0.02971249632537365 -0.05296626314520836
v 0.024621758610010147 0.03471250832080841 -0.05298016965389252
v 0.024578165262937546 0.03471250832080841 -0.05296626687049866
v 0.028876638039946556 0.03471251577138901 -0.05472327023744583
v 0.02887664921581745 0.029712503775954247 -0.05472327023744583
v 0.031650904566049576 0.034712519496679306 -0.056324366480112076
v 0.031650904566049576 0.034712519496679306 -0.056324366480112076
v 0.02887664921581745 0.029712503775954247 -0.05472327023744583
v 0.0328395739197731 0.029712524265050888 -0.05714383348822594
v 0.031650904566049576 0.034712519496679306 -0.056324366480112076
v 0.0328395739197731 0.029712524265050888 -0.05714383348822594
v 0.032839562743902206 0.034712519496679306 -0.057143837213516235
v 0.010895885527133942 0.04120853915810585 -0.05201863870024681
v 0.010836134664714336 0.041103918105363846 -0.05202893540263176
v 0.011050377041101456 0.04116246476769447 -0.05199261009693146
v 0.010836134664714336 0.041103918105363846 -0.05202893540263176
v 0.010821221396327019 0.041063595563173294 -0.052031513303518295
v 0.011050377041101456 0.04116246476769447 -0.05199261009693146
v 0.011050377041101456 0.04116246476769447 -0.05199261009693146
v 0.010821221396327019 0.041063595563173294 -0.052031513303518295
v 0.01079752016812563 0.04091246798634529 -0.052035655826330185
v 0.011050377041101456 0.04116246476769447 -0.05199261009693146
v 0.01079752016812563 0.04091246798634529 -0.052035655826330185
v 0.01079754438251257 0.02971247211098671 -0.05203564837574959
v 0.011167861521244049 0.04139411821961403 -0.05197339132428169
v 0.011014847084879875 0.041322994977235794 -0.051998525857925415
v 0.011050377041101456 0.04116246476769447 -0.05199261009693146
v 0.011050377041101456 0.04116246476769447 -0.05199261009693146
v 0.011014847084879875 0.041322994977235794 -0.051998525857925415
v 0.010945978574454784 0.04126611724495888 -0.052010104060173035
v 0.011050377041101456 0.04116246476769447 -0.05199261009693146
v 0.010945978574454784 0.04126611724495888 -0.052010104060173035
v 0.010895885527133942 0.04120853915810585 -0.05201863870024681
v 0.011167861521244049 0.04139411821961403 -0.05197339132428169
v 0.011050377041101456 0.04116246476769447 -0.05199261009693146
v 0.011303604580461979 0.04141247645020485 -0.051951803267002106
v 0.011303604580461979 0.04141247645020485 -0.051951803267002106
v 0.011050377041101456 0.04116246476769447 -0.05199261009693146
v 0.01079754438251257 0.02971247211098671 -0.05203564837574959
v 0.011303604580461979 0.04141247645020485 -0.051951803267002106
v 0.01079754438251257 0.02971247211098671 -0.05203564837574959
v 0.015421203337609768 0.041412483900785446 -0.051605015993118286
v 0.015421203337609768 0.041412483900785446 -0.051605015993118286
v 0.01079754438251257 0.02971247211098671 -0.05203564837574959
v 0.015421229414641857 0.029712481424212456 -0.05160500854253769
v 0.015421229414641857 0.029712481424212456 -0.05160500854253769
v -0.006282519549131393 0.02796206995844841 -0.10307592898607254
v -0.006551605649292469 0.029712434858083725 -0.10280843824148178
v -0.0031458179000765085 0.029712438583374023 -0.10577566176652908
v -0.0031458106823265553 0.026212438941001892 -0.10577565431594849
v -0.006007856223732233 0.026212435215711594 -0.1033424362540245
v -0.006282519549131393 0.02796206995844841 -0.10307592898607254
v -0.006282519549131393 0.02796206995844841 -0.10307592898607254
v -0.0031458179000765085 0.029712438583374023 -0.10577566176652908
v -0.0031458106823265553 0.026212438941001892 -0.10577565431594849
v -0.0031458106823265553 0.026212438941001892 -0.10577565431594849
v -0.0031458179000765085 0.029712438583374023 -0.10577566176652908
v 0.0012516089482232928 0.02971244603395462 -0.1085469126701355
v 0.0012516166316345334 0.02621244639158249 -0.1085469126701355
v 0.0012516166316345334 0.02621244639158249 -0.1085469126701355
v 0.0012516089482232928 0.02971244603395462 -0.1085469126701355
v 0.006044894922524691 0.029712453484535217 -0.11055729538202286
v 0.0060449023731052876 0.026212453842163086 -0.11055730283260345
v 0.0060449023731052876 0.026212453842163086 -0.11055730283260345
v 0.006044894922524691 0.029712453484535217 -0.11055729538202286
v 0.011103525757789612 0.029712477698922157 -0.11175207048654556
v 0.011103534139692783 0.026212478056550026 -0.11175207048654556
v 0.011103534139692783 0.026212478056550026 -0.11175207048654556
v 0.011103525757789612 0.029712477698922157 -0.11175207048654556
v 0.016289765015244484 0.029712487012147903 -0.11209869384765625
v 0.01628977246582508 0.026212487369775772 -0.11209869384765625
v 0.01628977246582508 0.026212487369775772 -0.11209869384765625
v 0.016289765015244484 0.029712487012147903 -0.11209869384765625
v 0.021462399512529373 0.02971249632537365 -0.11158774048089981
v 0.02146240882575512 0.026212496683001518 -0.11158774048089981
v 0.02146240882575512 0.026212496683001518 -0.11158774048089981
v 0.021462399512529373 0.02971249632537365 -0.11158774048089981
v 0.02648059092462063 0.029712505638599396 -0.1102331206202507
v 0.026480598375201225 0.026212505996227264 -0.1102331131696701
v 0.026480598375201225 0.026212505996227264 -0.1102331131696701
v 0.02648059092462063 0.029712505638599396 -0.1102331206202507
v 0.031207697466015816 0.029712514951825142 -0.1080717071890831
v 0.031207704916596413 0.02621251530945301 -0.1080717071890831
v 0.031207704916596413 0.02621251530945301 -0.1080717071890831
v 0.031207697466015816 0.029712514951825142 -0.1080717071890831
v 0.035515010356903076 0.029712524265050888 -0.1051623672246933
v 0.03551501780748367 0.026212524622678757 -0.1051623597741127
v 0.03551501780748367 0.026212524622678757 -0.1051623597741127
v 0.035515010356903076 0.029712524265050888 -0.1051623672246933
v 0.03928525000810623 0.029712531715631485 -0.1015843078494072
v 0.03928525745868683 0.026212532073259354 -0.1015843078494072
v 0.03928525745868683 0.026212532073259354 -0.1015843078494072
v 0.03928525000810623 0.029712531715631485 -0.1015843078494072
v 0.04241575673222542 0.029712539166212082 -0.09743494540452957
v 0.042415767908096313 0.02621253952383995 -0.09743495285511017
v 0.042415767908096313 0.02621253952383995 -0.09743495285511017
v 0.04241575673222542 0.029712539166212082 -0.09743494540452957
v 0.044821299612522125 0.02971254661679268 -0.09282727539539337
v 0.044821303337812424 0.026212546974420547 -0.09282727539539337
v 0.044821303337812424 0.026212546974420547 -0.09282727539539337
v 0.044821299612522125 0.02971254661679268 -0.09282727539539337
v 0.0464363694190979 0.029712550342082977 -0.0878867581486702
v 0.0464363768696785 0.026212550699710846 -0.0878867581486702
v 0.0464363768696785 0.026212550699710846 -0.0878867581486702
v 0.0464363694190979 0.029712550342082977 -0.0878867581486702
v 0.047217000275850296 0.029712554067373276 -0.08274789899587631
v 0.047217004001140594 0.026212554425001144 -0.08274789899587631
v 0.047217004001140594 0.026212554425001144 -0.08274789899587631
v 0.047217000275850296 0.029712554067373276 -0.08274789899587631
v 0.04714192450046539 0.029712555930018425 -0.07755063474178314
v 0.04714193567633629 0.026212556287646294 -0.07755062729120255
v 0.04714193567633629 0.026212556287646294 -0.07755062729120255
v 0.04714192450046539 0.029712555930018425 -0.07755063474178314
v 0.04621320217847824 0.02971254289150238 -0.07243646681308746
v 0.04621320962905884 0.02621254324913025 -0.07243646681308746
v 0.04621320962905884 0.02621254324913025 -0.07243646681308746
v 0.04621320217847824 0.02971254289150238 -0.07243646681308746
v 0.044456109404563904 0.02971254102885723 -0.06754464656114578
v 0.0444561168551445 0.0262125413864851 -0.06754465401172638
v 0.0444561168551445 0.0262125413864851 -0.06754465401172638
v 0.044456109404563904 0.02971254102885723 -0.06754464656114578
v 0.041918493807315826 0.029712539166212082 -0.0630083829164505
v 0.041918497532606125 0.02621253952383995 -0.0630083829164505
v 0.041918497532606125 0.02621253952383995 -0.0630083829164505
v 0.041918493807315826 0.029712539166212082 -0.0630083829164505
v 0.03866944462060928 0.029712535440921783 -0.05895117670297623
v 0.03866945207118988 0.026212535798549652 -0.05895117670297623
v 0.03866945207118988 0.026212535798549652 -0.05895117670297623
v 0.03866944462060928 0.029712535440921783 -0.05895117670297623
v 0.034797437489032745 0.029712529852986336 -0.05548349395394325
v 0.03479744493961334 0.026212530210614204 -0.05548349395394325
v 0.03479744493961334 0.026212530210614204 -0.05548349395394325
v 0.034797437489032745 0.029712529852986336 -0.05548349395394325
v 0.030407892540097237 0.029712507501244545 -0.05269976705312729
v 0.030407899990677834 0.026212507858872414 -0.05269978195428848
v 0.030407899990677834 0.026212507858872414 -0.05269978195428848
v 0.030407892540097237 0.029712507501244545 -0.05269976705312729
v 0.02562033012509346 0.029712500050663948 -0.05067579820752144
v 0.025620337575674057 0.026212500408291817 -0.05067579448223114
v 0.003998901229351759 0.03471245989203453 -0.107097327709198
v 0.003998912405222654 0.029712451621890068 -0.107097327709198
v 0.002446085214614868 0.03471245989203453 -0.10635022073984146
v 0.002446085214614868 0.03471245989203453 -0.10635022073984146
v 0.003998912405222654 0.029712451621890068 -0.107097327709198
v -0.0004877845640294254 0.02971244417130947 -0.10460327565670013
v -0.004464451223611832 0.029712438583374023 -0.10135722160339355
v -0.004379482474178076 0.03471243381500244 -0.10143981873989105
v -0.004195475019514561 0.03471243381500244 -0.10161636769771576
v -0.004195475019514561 0.03471243381500244 -0.10161636769771576
v -0.0026672803796827793 0.03471243754029274 -0.10297059267759323
v -0.004464451223611832 0.029712438583374023 -0.10135722160339355
v -0.004464451223611832 0.029712438583374023 -0.10135722160339355
v -0.0026672803796827793 0.03471243754029274 -0.10297059267759323
v -0.0010419689351692796 0.03471243754029274 -0.10421792417764664
v -0.004464451223611832 0.029712438583374023 -0.10135722160339355
v -0.0010419689351692796 0.03471243754029274 -0.10421792417764664
v -0.0004877845640294254 0.02971244417130947 -0.10460327565670013
v -0.0004877845640294254 0.02971244417130947 -0.10460327565670013
v -0.0010419689351692796 0.03471243754029274 -0.10421792417764664
v -0.0004877953906543553 0.03471244126558304 -0.10460327565670013
v -0.0004877845640294254 0.02971244417130947 -0.10460327565670013
v -0.0004877953906543553 0.03471244126558304 -0.10460327565670013
v 0.002446085214614868 0.03471245989203453 -0.10635022073984146
v -0.005883205682039261 0.038412436842918396 -0.0998709574341774
v -0.005610996391624212 0.03839288651943207 -0.10017285495996475
v -0.005044631659984589 0.03471243381500244 -0.10077475011348724
v -0.007806509267538786 0.0384124331176281 -0.09746088087558746
v -0.005883205682039261 0.038412436842918396 -0.0998709574341774
v -0.007806490175426006 0.029712434858083725 -0.09746088087558746
v -0.007806490175426006 0.029712434858083725 -0.09746088087558746
v -0.005883205682039261 0.038412436842918396 -0.0998709574341774
v -0.005044631659984589 0.03471243381500244 -0.10077475011348724
v -0.007806490175426006 0.029712434858083725 -0.09746088087558746
v -0.005044631659984589 0.03471243381500244 -0.10077475011348724
v -0.004464451223611832 0.029712438583374023 -0.10135722160339355
v -0.004464451223611832 0.029712438583374023 -0.10135722160339355
v -0.005044631659984589 0.03471243381500244 -0.10077475011348724
v -0.004464462865144014 0.03471243381500244 -0.10135722160339355
v -0.004464451223611832 0.029712438583374023 -0.10135722160339355
v -0.004464462865144014 0.03471243381500244 -0.10135722160339355
v -0.004379482474178076 0.03471243381500244 -0.10143981873989105
v 0.003998912405222654 0.029712459072470665 -0.05410799756646156
v 0.003998892847448587 0.03841245919466019 -0.05410800129175186
v -0.000487784476717934 0.02971244975924492 -0.05660204961895943
v -0.000487784476717934 0.02971244975924492 -0.05660204961895943
v 0.003998892847448587 0.03841245919466019 -0.05410800129175186
v 0.0013889098772779107 0.03841245174407959 -0.05543114244937897
v -0.003483773674815893 0.038412440568208694 -0.05893430858850479
v -0.004464451689273119 0.029712442308664322 -0.05984809994697571
v -0.0023913271725177765 0.03841244429349899 -0.05800984799861908
v -0.0023913271725177765 0.03841244429349899 -0.05800984799861908
v -0.004464451689273119 0.029712442308664322 -0.05984809994697571
v -0.000487784476717934 0.02971244975924492 -0.05660204961895943
v -0.0023913271725177765 0.03841244429349899 -0.05800984799861908
v -0.000487784476717934 0.02971244975924492 -0.05660204961895943
v -0.0004878038016613573 0.03841244801878929 -0.05660203844308853
v -0.0004878038016613573 0.03841244801878929 -0.05660203844308853
v -0.000487784476717934 0.02971244975924492 -0.05660204961895943
v 0.0013889098772779107 0.03841245174407959 -0.05543114244937897
v -0.003483773674815893 0.038412440568208694 -0.05893430858850479
v -0.004464470781385899 0.038412440568208694 -0.059848103672266006
v -0.004464451689273119 0.029712442308664322 -0.05984809994697571
v -0.004464451689273119 0.029712442308664322 -0.05984809994697571
v -0.004464470781385899 0.038412440568208694 -0.059848103672266006
v -0.005718868225812912 0.038412436842918396 -0.06115107983350754
v -0.004464451689273119 0.029712442308664322 -0.05984809994697571
v -0.005718868225812912 0.038412436842918396 -0.06115107983350754
v -0.007806489709764719 0.029712434858083725 -0.0637444481253624
v -0.007806489709764719 0.029712434858083725 -0.0637444481253624
v -0.005718868225812912 0.038412436842918396 -0.06115107983350754
v -0.007806508801877499 0.0384124331176281 -0.0637444406747818
v -0.007806489709764719 0.029712434858083725 -0.0637444481253624
v -0.007806508801877499 0.0384124331176281 -0.0637444406747818
v -0.010409184731543064 0.029712427407503128 -0.0681689977645874
v -0.007806508801877499 0.0384124331176281 -0.0637444406747818
v -0.00968998298048973 0.0384124293923378 -0.06675475090742111
v -0.010409184731543064 0.029712427407503128 -0.0681689977645874
v -0.010409184731543064 0.029712427407503128 -0.0681689977645874
v -0.00968998298048973 0.0384124293923378 -0.06675475090742111
v -0.010409203357994556 0.0384124256670475 -0.068169005215168
v -0.010409184731543064 0.029712427407503128 -0.0681689977645874
v -0.010409203357994556 0.0384124256670475 -0.068169005215168
v -0.012190986424684525 0.02971242181956768 -0.07298313081264496
v -0.012190986424684525 0.02971242181956768 -0.07298313081264496
v -0.010409203357994556 0.0384124256670475 -0.068169005215168
v -0.011553538031876087 0.0384124219417572 -0.07094217836856842
v -0.012190986424684525 0.02971242181956768 -0.07298313081264496
v -0.011553538031876087 0.0384124219417572 -0.07094217836856842
v -0.012191005051136017 0.0384124219417572 -0.07298313826322556
v -0.013055057264864445 0.038412418216466904 -0.07760997116565704
v -0.013096065260469913 0.029712418094277382 -0.07803601026535034
v -0.012734119780361652 0.038412418216466904 -0.07537119090557098
v -0.012734119780361652 0.038412418216466904 -0.07537119090557098
v -0.013096065260469913 0.029712418094277382 -0.07803601026535034
v -0.012190986424684525 0.02971242181956768 -0.07298313081264496
v -0.012734119780361652 0.038412418216466904 -0.07537119090557098
v -0.012190986424684525 0.02971242181956768 -0.07298313081264496
v -0.012225196696817875 0.0384124219417572 -0.07310982793569565
v -0.012225196696817875 0.0384124219417572 -0.07310982793569565
v -0.012190986424684525 0.02971242181956768 -0.07298313081264496
v -0.012191005051136017 0.0384124219417572 -0.07298313826322556
v -0.013055057264864445 0.038412418216466904 -0.07760997116565704
v -0.01309608481824398 0.038412418216466904 -0.07803601771593094
v -0.013096065260469913 0.029712418094277382 -0.07803601026535034
v -0.013096065260469913 0.029712418094277382 -0.07803601026535034
v -0.01309608481824398 0.038412418216466904 -0.07803601771593094
v -0.013201693072915077 0.038412414491176605 -0.07991322129964828
v -0.013096065260469913 0.029712418094277382 -0.07803601026535034
v -0.013201693072915077 0.038412414491176605 -0.07991322129964828
v -0.013096065260469913 0.029712416231632233 -0.08316931128501892
v -0.013201693072915077 0.038412414491176605 -0.07991322129964828
v -0.01309608481824398 0.038412414491176605 -0.08316931128501892
v -0.013096065260469913 0.029712416231632233 -0.08316931128501892
v -0.013096065260469913 0.029712416231632233 -0.08316931128501892
v -0.01309608481824398 0.038412414491176605 -0.08316931128501892
v -0.01295569259673357 0.038412414491176605 -0.08443395793437958
v -0.013096065260469913 0.029712416231632233 -0.08316931128501892
v -0.01295569259673357 0.038412414491176605 -0.08443395793437958
v -0.01219098549336195 0.029712416231632233 -0.08822218328714371
v -0.01295569259673357 0.038412414491176605 -0.08443395793437958
v -0.01255736779421568 0.038412414491176605 -0.08671988546848297
v -0.01219098549336195 0.029712416231632233 -0.08822218328714371
v -0.01219098549336195 0.029712416231632233 -0.08822218328714371
v -0.01255736779421568 0.038412414491176605 -0.08671988546848297
v -0.012191004119813442 0.038412414491176605 -0.08822218328714371
v -0.01219098549336195 0.029712416231632233 -0.08822218328714371
v -0.012191004119813442 0.038412414491176605 -0.08822218328714371
v -0.01040918380022049 0.029712416231632233 -0.09303631633520126
v -0.01040918380022049 0.029712416231632233 -0.09303631633520126
v -0.012191004119813442 0.038412414491176605 -0.08822218328714371
v -0.011242209933698177 0.038412414491176605 -0.09110283106565475
v -0.01040918380022049 0.029712416231632233 -0.09303631633520126
v -0.011242209933698177 0.038412414491176605 -0.09110283106565475
v -0.010409203357994556 0.0384124293923378 -0.09303632378578186
v -0.010409203357994556 0.0384124293923378 -0.09303632378578186
v -0.010336180217564106 0.0384124293923378 -0.09318903833627701
v -0.01040918380022049 0.029712416231632233 -0.09303631633520126
v -0.01040918380022049 0.029712416231632233 -0.09303631633520126
v -0.010336180217564106 0.0384124293923378 -0.09318903833627701
v -0.009253977797925472 0.0384124293923378 -0.09522434324026108
v -0.01040918380022049 0.029712416231632233 -0.09303631633520126
v -0.009253977797925472 0.0384124293923378 -0.09522434324026108
v -0.007806490175426006 0.029712434858083725 -0.09746088087558746
v -0.007806490175426006 0.029712434858083725 -0.09746088087558746
v -0.009253977797925472 0.0384124293923378 -0.09522434324026108
v -0.008026915602385998 0.0384124331176281 -0.09714803099632263
v -0.007806490175426006 0.029712434858083725 -0.09746088087558746
v -0.008026915602385998 0.0384124331176281 -0.09714803099632263
v -0.007806509267538786 0.0384124331176281 -0.09746088087558746
usemtl material_DefaultMaterial
f 1 2 3
f 4 5 6
f 7 8 9
f 10 11 12
f 13 14 15
f 16 17 18
f 19 20 21
f 22 23 24
f 24 23 25
f 26 27 28
f 29 30 31
f 32 33 34
f 35 36 37
f 38 39 40
f 13 15 41
f 42 43 44
f 45 46 47
f 48 49 50
f 50 49 51
f 50 51 52
f 53 54 55
f 15 56 41
f 41 56 57
f 41 57 58
f 59 60 61
f 62 63 64
f 65 66 67
f 67 66 68
f 69 70 71
f 72 73 74
f 72 74 75
f 75 74 76
f 75 76 77
f 77 76 78
f 79 80 81
f 24 82 83
f 24 83 51
f 83 84 51
f 51 84 85
f 51 85 76
f 76 85 86
f 76 86 78
f 87 88 89
f 89 88 90
f 91 92 93
f 94 95 96
f 97 98 99
f 100 101 102
f 103 104 105
f 106 107 108
f 109 110 111
f 112 113 114
f 115 116 117
f 118 119 120
f 121 122 123
f 124 125 126
f 127 128 129
f 130 131 132
f 133 134 135
f 136 137 138
f 139 140 141
f 142 143 144
f 145 146 147
f 148 149 150
f 151 152 153
f 154 155 156
f 157 158 159
f 160 161 162
f 163 164 165
f 166 167 168
f 169 170 171
f 172 173 174
f 175 176 177
f 178 179 180
f 181 182 183
f 184 185 186
f 187 188 189
f 190 191 192
f 193 194 195
f 196 197 198
f 199 200 201
f 202 203 204
f 205 206 207
f 208 209 210
f 211 212 213
f 214 215 216
f 217 218 219
f 220 221 222
f 223 224 225
f 226 227 228
f 229 230 231
f 232 233 234
f 235 236 237
f 238 239 240
f 241 242 243
f 244 245 246
f 247 248 249
f 250 251 252
f 253 254 255
f 256 257 258
f 259 260 261
f 262 263 264
f 265 266 267
f 268 269 270
f 271 272 273
f 274 275 276
f 277 278 279
f 280 281 282
f 283 284 285
f 286 287 288
f 289 290 291
f 292 293 294
f 295 296 297
f 298 299 300
f 301 302 303
f 304 305 306
f 307 308 309
f 310 311 312
f 313 314 315
f 316 317 318
f 319 320 321
f 322 323 324
f 325 326 327
f 328 329 330
f 331 332 333
f 334 335 336
f 337 338 339
f 340 341 342
f 343 344 345
f 346 347 348
f 349 350 351
f 352 353 354
f 355 356 357
f 358 359 360
f 361 362 363
f 364 365 366
f 367 368 369
f 370 371 372
f 373 374 375
f 376 377 378
f 379 380 381
f 382 383 384
f 385 386 387
f 388 389 390
f 391 392 393
f 394 395 396
f 397 398 399
f 400 401 402
f 403 404 405
f 406 407 408
f 409 410 411
f 412 413 414
f 415 416 417
f 418 419 420
f 421 422 423
f 424 425 426
f 427 428 429
f 430 431 432
f 433 434 435
f 436 437 438
f 439 440 441
f 442 443 444
f 445 446 447
f 448 449 450
f 451 452 453
f 454 455 456
f 457 458 459
f 460 461 462
f 463 464 465
f 466 467 468
f 469 470 471
f 472 473 474
f 475 476 477
f 478 479 480
f 481 482 483
f 484 485 486
f 487 488 489
f 490 491 492
f 493 494 495
f 496 497 498
f 499 500 501
f 502 503 504
f 505 506 507
f 508 509 510
f 511 512 513
f 514 515 516
f 517 518 519
f 520 521 522
f 523 524 525
f 526 527 528
f 529 530 531
f 532 533 534
f 535 536 537
f 538 539 540
f 541 542 543
f 544 545 546
f 547 548 549
f 550 551 552
f 553 554 555
f 556 557 558
f 559 560 561
f 562 563 564
f 565 566 567
f 568 569 570
f 571 572 573
f 574 575 576
f 577 578 579
f 580 581 582
f 583 584 585
f 586 587 588
f 589 590 591
f 592 593 594
f 595 596 597
f 598 599 600
f 601 602 603
f 604 605 606
f 607 608 609
f 610 611 612
f 613 614 615
f 616 617 618
f 619 620 621
f 622 623 624
f 625 626 627
f 628 629 630
f 631 632 633
f 634 635 636
f 637 638 639
f 640 641 642
f 643 644 645
f 646 647 648
f 649 650 651
f 652 653 654
f 655 656 657
f 658 659 660
f 661 662 663
f 664 665 666
f 667 668 669
f 670 671 672
f 673 674 675
f 676 677 678
f 679 680 681
f 682 683 684
f 685 686 687
f 688 689 690
f 691 692 693
f 694 695 696
f 697 698 699
f 700 701 702
f 703 704 705
f 706 707 708
f 709 710 711
f 712 713 714
f 715 716 717
f 718 719 720
f 721 722 723
f 724 725 726
f 727 728 729
f 730 731 732
f 733 734 735
f 736 737 738
f 739 740 741
f 742 743 744
f 745 746 747
f 748 749 750
f 751 752 753
f 754 755 756
f 757 758 759
f 760 761 762
f 763 764 765
f 766 767 768
f 769 770 771
f 772 773 774
f 775 776 777
f 778 779 780
f 781 782 783
f 784 785 786
f 787 788 789
f 790 791 792
f 793 794 795
f 796 797 798
f 799 800 801
f 802 803 804
f 805 806 807
f 808 809 810
f 811 812 813
f 814 815 816
f 817 818 819
f 820 821 822
f 823 824 825
f 826 827 828
f 829 830 831
f 832 833 834
f 835 836 837
f 838 839 840
f 841 842 843
f 844 845 846
f 847 848 849
f 850 851 852
f 853 854 855
f 856 857 858
f 859 860 861
f 862 863 864
f 865 866 867
f 868 869 870
f 871 872 873
f 874 875 876
f 877 878 879
f 880 881 882
f 883 884 885
f 886 887 888
f 889 890 891
f 892 893 894
f 895 896 897
f 898 899 900
f 901 902 903
f 904 905 906
f 907 908 909
f 910 911 912
f 913 914 915
f 916 917 918
f 919 920 921
f 922 923 924
f 925 926 927
f 928 929 930
f 931 932 933
f 934 935 936
f 937 938 939
f 940 941 942
f 943 944 945
f 946 947 948
f 949 950 951
f 952 953 954
f 955 956 957
f 958 959 960
f 961 962 963
f 964 965 966
f 967 968 969
f 970 971 972
f 973 974 975
f 976 977 978
f 979 980 981
f 982 983 984
f 985 986 987
f 988 989 990
f 991 992 993
f 994 995 996
f 997 998 999
f 1000 1001 1002
f 1003 1004 1005
f 1006 1007 1008
f 1009 1010 1011
f 1012 1013 1014
f 1015 1016 1017
f 1018 1019 1020
f 1021 1022 1023
f 1024 1025 1026
f 1027 1028 1029
f 1030 1031 1032
f 1033 1034 1035
f 1036 1037 1038
f 1039 1040 1041
f 1042 1043 1044
f 1045 1046 1047
f 1048 1049 1050
f 1051 1052 1053
f 1054 1055 1056
f 1057 1058 1059
f 1060 1061 1062
f 1063 1064 1065
f 1066 1067 1068
f 1069 1070 1071
f 1072 1073 1074
f 1075 1076 1077
f 1078 1079 1080
f 1081 1082 1083
f 1084 1085 1086
f 1087 1088 1089
f 1090 1091 1092
f 1090 1092 1093
f 1094 1095 1096
f 1094 1096 1097
f 1098 1099 1100
f 1101 1102 1103
f 1104 1105 1106
f 1107 1108 1109
f 1110 1111 1112
f 1112 1111 1113
f 1114 1115 1116
f 1117 1118 1119
f 1120 1121 1122
f 1123 1124 1125
f 1126 1127 1128
f 1112 1129 1110
f 1130 1131 1132
f 1133 1134 1135
f 1136 1137 1138
f 1139 1140 1141
f 1142 1143 1144
f 1145 1146 1147
f 1148 1149 1150
f 1151 1152 1153
f 1154 1155 1156
f 1157 1158 1159
f 1160 1161 1162
f 1163 1164 1165
f 1166 1167 1168
f 1169 1170 1171
f 1172 1173 1174
f 1175 1176 1177
f 1178 1179 1180
f 1178 1180 1181
f 1181 1180 1182
f 1183 1184 1185
f 1186 1187 1188
f 1189 1190 1191
f 1192 1193 1194
f 1195 1196 1197
f 1198 1199 1200
f 1198 1200 1201
f 1202 1203 1204
f 1205 1206 1207
f 1208 1209 1210
f 1211 1212 1213
f 1214 1215 1216
f 1217 1218 1219
f 1219 1218 1220
f 1219 1220 1221
f 1221 1220 1222
f 1222 1220 1223
f 1224 1225 1226
f 1182 1180 1227
f 1228 1229 1230
f 1231 1232 1233
f 1234 1235 1236
f 1237 1238 1239
f 1240 1241 1242
f 1243 1244 1245
f 1246 1247 1248
f 1249 1250 1251
f 1252 1253 1254
f 1255 1256 1257
f 1258 1259 1260
f 1261 1262 1263
f 1264 1265 1266
f 1264 1266 1267
f 1268 1269 1270
f 1271 1272 1273
f 1274 1275 1276
f 1277 1278 1279
f 1280 1281 1282
f 1283 1284 1285
f 1286 1287 1288
f 1289 1290 1291
f 1292 1293 1148
f 1294 1295 1296
f 1297 1298 1299
f 1300 1301 1302
f 1302 1301 1303
f 1304 1305 1306
f 1307 1308 1309
f 1310 1311 1312
f 1313 1314 1307
f 1315 1316 1317
f 1318 1319 1320
f 1310 1321 1311
f 1322 1323 1324
f 1325 1326 1327
f 1328 1329 1330
f 1318 1331 1332
f 1332 1331 1333
f 1309 1301 1307
f 1307 1301 1300
f 1307 1300 1313
f 1313 1300 1334
f 1313 1334 1335
f 1307 1336 1308
f 1308 1336 1323
f 1308 1323 1337
f 1337 1323 1322
f 1338 1339 1333
f 1333 1339 1340
f 1333 1340 1332
f 1335 1341 1313
f 1313 1341 1342
f 1313 1342 1343
f 1318 1344 1345
f 1346 1347 1318
f 1318 1347 1348
f 1349 1350 1351
f 1312 1352 1318
f 1318 1352 1353
f 1318 1353 1344
f 1345 1354 1318
f 1318 1354 1355
f 1318 1355 1331
f 1314 1313 1333
f 1333 1313 1356
f 1333 1356 1338
f 1343 1357 1313
f 1313 1357 1358
f 1313 1358 1359
f 1360 1361 1362
f 1363 1364 1365
f 1366 1367 1368
f 1369 1370 1371
f 1372 1373 1374
f 1375 1376 1377
f 1378 1379 1380
f 1381 1382 1383
f 1384 1385 1386
f 1387 1388 1389
f 1390 1391 1392
f 1393 1394 1395
f 1396 1397 1398
f 1399 1400 1401
f 1402 1403 1404
f 1405 1406 1407
f 1408 1409 1410
f 1411 1412 1413
f 1414 1415 1416
f 1417 1418 1419
f 1420 1421 1422
f 1423 1424 1425
f 1426 1427 1428
f 1429 1430 1431
f 1432 1433 1434
f 1435 1436 1437
f 1438 1439 1440
f 1441 1442 1443
f 1444 1445 1446
f 1447 1448 1449
f 1450 1451 1452
f 1453 1454 1455
f 1456 1457 1458
f 1459 1460 1461
f 1462 1463 1464
f 1465 1466 1467
f 1468 1469 1470
f 1471 1472 1473
f 1474 1475 1476
f 1477 1478 1479
f 1480 1481 1482
f 1483 1484 1485
f 1486 1487 1488
f 1489 1490 1491
f 1492 1493 1494
f 1495 1496 1497
f 1498 1499 1500
f 1501 1502 1503
f 1504 1505 1506
f 1507 1508 1509
f 1510 1511 1512
f 1513 1514 1515
f 1516 1517 1518
f 1519 1520 1521
f 1522 1523 1524
f 1525 1526 1527
f 1528 1529 1530
f 1531 1532 1533
f 1534 1535 1536
f 1537 1538 1539
f 1540 1541 1542
f 1543 1544 1545
f 1546 1547 1548
f 1549 1550 1551
f 1552 1553 1554
f 1555 1556 1557
f 1558 1559 1560
f 1561 1562 1563
f 1564 1565 1566
f 1567 1568 1569
f 1570 1571 1572
f 1573 1574 1575
f 1576 1577 1578
f 1579 1580 1581
f 1582 1583 1584
f 1585 1586 1587
f 1588 1589 1590
f 1591 1592 1593
f 1594 1595 1596
f 1597 1598 1599
f 1600 1601 1602
f 1603 1604 1605
f 1606 1607 1608
f 1609 1610 1611
f 1612 1613 1614
f 1615 1616 1617
f 1618 1619 1620
f 1621 1622 1623
f 1624 1625 1626
f 1627 1628 1629
f 1630 1631 1632
f 1633 1634 1635
f 1636 1637 1638
f 1639 1640 1641
f 1642 1643 1644
f 1645 1646 1647
f 1648 1649 1650
f 1651 1652 1653
f 1654 1655 1656
f 1657 1658 1659
f 1660 1661 1662
f 1663 1664 1665
f 1666 1667 1668
f 1669 1670 1671
f 1672 1673 1674
f 1675 1676 1677
f 1678 1679 1680
f 1681 1682 1683
f 1684 1685 1686
f 1687 1688 1689
f 1690 1691 1692
f 1693 1694 1695
f 1696 1697 1698
f 1699 1700 1701
f 1702 1703 1704
f 1705 1706 1707
f 1708 1709 1710
f 1711 1712 1713
f 1714 1715 1716
f 1717 1718 1719
f 1720 1721 1722
f 1723 1724 1725
f 1726 1727 1728
f 1729 1730 1731
f 1732 1733 1734
f 1735 1736 1737
f 1738 1739 1740
f 1741 1742 1743
f 1744 1745 1746
f 1747 1748 1749
f 1750 1751 1752
f 1753 1754 1755
f 1756 1757 1758
f 1759 1760 1761
f 1762 1763 1764
f 1765 1766 1767
f 1768 1769 1770
f 1771 1772 1773
f 1774 1775 1776
f 1777 1778 1779
f 1780 1781 1782
f 1783 1784 1785
f 1786 1787 1788
f 1789 1790 1791
f 1792 1793 1794
f 1795 1796 1797
f 1798 1799 1800
f 1801 1802 1803
f 1804 1805 1806
f 1807 1808 1809
f 1810 1811 1812
f 1813 1814 1815
f 1816 1817 1818
f 1819 1820 1821
f 1822 1823 1824
f 1825 1826 1827
f 1828 1829 1830
f 1831 1832 1833
f 1834 1835 1836
f 1837 1838 1839
f 1840 1841 1842
f 1843 1844 1845
f 1846 1847 1848
f 1849 1850 1851
f 1852 1853 1854
f 1855 1856 1857
f 1858 1859 1860
f 1861 1862 1863
f 1864 1865 1866
f 1867 1868 1869
f 1870 1871 1872
f 1873 1874 1875
f 1876 1877 1878
f 1879 1880 1881
f 1882 1883 1884
f 1885 1886 1887
f 1888 1889 1890
f 1891 1892 1893
f 1894 1895 1896
f 1897 1898 1899
f 1900 1901 1902
f 1903 1904 1905
f 1906 1907 1908
f 1909 1910 1911
f 1912 1913 1914
f 1915 1916 1917
f 1918 1919 1920
f 1921 1922 1923
f 1924 1925 1926
f 1927 1928 1929
f 1930 1931 1932
f 1933 1934 1935
f 1936 1937 1938
f 1939 1940 1941
f 1942 1943 1944
f 1945 1946 1947
f 1948 1949 1950
f 1951 1952 1953
f 1954 1955 1956
f 1957 1958 1959
f 1960 1961 1962
f 1963 1964 1965
f 1966 1967 1968
f 1969 1970 1971
f 1972 1973 1974
f 1975 1976 1977
f 1978 1979 1980
f 1981 1982 1983
f 1984 1985 1986
f 1987 1988 1989
f 1990 1991 1992
f 1993 1994 1995
f 1996 1997 1998
f 1999 2000 2001
f 2002 2003 2004
f 2005 2006 2007
f 2008 2009 2010
f 2011 2012 2013
f 2014 2015 2016
f 2017 2018 2019
f 2020 2021 2022
f 2023 2024 2025
f 2026 2027 2028
f 2029 2030 2031
f 2032 2033 2034
f 2035 2036 2037
f 2038 2039 2040
f 2041 2042 2043
f 2044 2045 2046
f 2047 2048 2049
f 2050 2051 2052
f 2053 2054 2055
f 2056 2057 2058
f 2059 2060 2061
f 2062 2063 2064
f 2065 2066 2067
f 2068 2069 2070
f 2071 2072 2073
f 2074 2075 2076
f 2077 2078 2079
f 2080 2081 2082
f 2083 2084 2085
f 2086 2087 2088
f 2089 2090 2091
f 2092 2093 2094
f 2095 2096 2097
f 2098 2099 2100
f 2101 2102 2103
f 2104 2105 2106
f 2107 2108 2109
f 2110 2111 2112
f 2113 2114 2115
f 2116 2117 2118
f 2119 2120 2121
f 2122 2123 2124
f 2125 2126 2127
f 2128 2129 2130
f 2131 2132 2133
f 2134 2135 2136
f 2137 2138 2139
f 2140 2141 2142
f 2143 2144 2145
f 2146 2147 2148
f 2149 2150 2151
f 2152 2153 2154
f 2155 2156 2157
f 2158 2159 2160
f 2161 2162 2163
f 2164 2165 2166
f 2167 2168 2169
f 2170 2171 2172
f 2173 2174 2175
f 2176 2177 2178
f 2179 2180 2181
f 2182 2183 2184
f 2185 2186 2187
f 2188 2189 2190
f 2191 2192 2193
f 2194 2195 2196
f 2197 2198 2199
f 2200 2201 2202
f 2203 2204 2205
f 2206 2207 2208
f 2209 2210 2211
f 2212 2213 2214
f 2215 2216 2217
f 2218 2219 2220
f 2221 2222 2223
f 2224 2225 2226
f 2227 2228 2229
f 2230 2231 2232
f 2233 2234 2235
f 2236 2237 2238
f 2239 2240 2241
f 2242 2243 2244
f 2245 2246 2247
f 2248 2249 2250
f 2251 2252 2253
f 2254 2255 2256
f 2257 2258 2259
f 2260 2261 2262
f 2263 2264 2265
f 2266 2267 2268
f 2269 2270 2271
f 2272 2273 2274
f 2275 2276 2277
f 2278 2279 2280
f 2281 2282 2283
f 2284 2285 2286
f 2287 2288 2289
f 2290 2291 2292
f 2293 2294 2295
f 2296 2297 2298
f 2299 2300 2301
f 2302 2303 2304
f 2305 2306 2307
f 2308 2309 2310
f 2311 2312 2313
f 2314 2315 2316
f 2317 2318 2319
f 2319 2318 2320
f 2320 2318 2321
f 2320 2321 2322
f 2323 2324 2325
f 2325 2324 2317
f 2325 2317 2326
f 2326 2317 2319
f 2322 2321 2327
f 2327 2321 2328
f 2327 2328 2329
f 2323 2330 2324
f 2324 2330 2331
f 2324 2331 2332
f 2329 2328 2333
f 2333 2328 2334
f 2333 2334 2335
f 2335 2334 2336
f 2335 2336 2337
f 2338 2339 2340
f 2340 2339 2341
f 2340 2341 2342
f 2342 2341 2332
f 2342 2332 2343
f 2343 2332 2331
f 2337 2336 2344
f 2344 2336 2345
f 2344 2345 2346
f 2346 2345 2347
f 2347 2345 2348
f 2347 2348 2349
f 2349 2348 2350
f 2349 2350 2351
f 2352 2353 2354
f 2355 2356 2357
f 2358 2359 2360
f 2361 2362 2363
f 2364 2365 2366
f 2367 2368 2369
f 2370 2371 2372
f 2373 2374 2375
f 2376 2377 2378
f 2379 2380 2381
f 2382 2383 2384
f 2385 2386 2387
f 2388 2389 2390
f 2391 2392 2393
f 2394 2395 2396
f 2397 2398 2399
f 2400 2401 2402
f 2403 2404 2405
f 2406 2407 2408
f 2409 2410 2411
f 2412 2413 2414
f 2415 2416 2417
f 2418 2419 2420
f 2421 2422 2423
f 2424 2425 2426
f 2427 2428 2429
f 2430 2431 2432
f 2433 2434 2435
f 2436 2437 2438
f 2439 2440 2441
f 2442 2443 2444
f 2445 2446 2447
f 2448 2449 2450
f 2451 2452 2453
f 2454 2455 2456
f 2457 2458 2459
f 2460 2461 2462
f 2463 2464 2465
f 2466 2467 2468
f 2469 2470 2471
f 2472 2473 2474
f 2475 2476 2477
f 2478 2479 2480
f 2481 2482 2483
f 2484 2485 2486
f 2487 2488 2489
f 2490 2491 2492
f 2493 2494 2495
f 2496 2497 2498
f 2499 2500 2501
f 2502 2503 2504
f 2505 2506 2507
f 2508 2509 2510
f 2511 2512 2513
f 2514 2515 2516
f 2517 2518 2519
f 2520 2521 2522
f 2523 2524 2525
f 2526 2527 2528
f 2529 2530 2531
f 2532 2533 2534
f 2535 2536 2537
f 2538 2539 2540
f 2541 2542 2543
f 2544 2545 2546
f 2547 2548 2549
f 2550 2551 2552
f 2553 2554 2555
f 2556 2557 2558
f 2559 2560 2561
f 2562 2563 2564
f 2565 2566 2567
f 2568 2569 2570
f 2571 2572 2573
f 2574 2575 2576
f 2577 2578 2579
f 2580 2581 2582
f 2583 2584 2585
f 2586 2587 2588
f 2589 2590 2591
f 2592 2593 2594
f 2595 2596 2597
f 2598 2599 2600
f 2601 2602 2603
f 2604 2605 2606
f 2607 2608 2609
f 2610 2611 2612
f 2613 2614 2615
f 2616 2617 2618
f 2619 2620 2621
f 2622 2623 2624
f 2625 2626 2627
f 2628 2629 2630
f 2631 2632 2633
f 2634 2635 2636
f 2637 2638 2639
f 2640 2641 2642
f 2643 2644 2645
f 2646 2647 2648
f 2649 2650 2651
f 2652 2653 2654
f 2655 2656 2657
f 2658 2659 2660
f 2661 2662 2663
f 2664 2665 2666
f 2667 2668 2669
f 2670 2671 2672
f 2673 2674 2675
f 2676 2677 2678
f 2679 2680 2681
f 2682 2683 2684
f 2685 2686 2687
f 2688 2689 2690
f 2691 2692 2693
f 2694 2695 2696
f 2697 2698 2699
f 2700 2701 2702
f 2703 2704 2705
f 2706 2707 2708
f 2709 2710 2711
f 2712 2713 2714
f 2715 2716 2717
f 2718 2719 2720
f 2721 2722 2723
f 2724 2725 2726
f 2727 2728 2729
f 2730 2731 2732
f 2733 2734 2735
f 2736 2737 2738
f 2739 2740 2741
f 2742 2743 2744
f 2745 2746 2747
f 2748 2749 2750
f 2751 2752 2753
f 2754 2755 2756
f 2757 2758 2759
f 2760 2761 2762
f 2763 2764 2765
f 2766 2767 2768
f 2769 2770 2771
f 2772 2773 2774
f 2775 2776 2777
f 2778 2779 2780
f 2781 2782 2783
f 2784 2785 2786
f 2787 2788 2789
f 2790 2791 2792
f 2793 2794 2795
f 2796 2797 2798
f 2799 2800 2801
f 2802 2803 2804
f 2805 2806 2807
f 2808 2809 2810
f 2811 2812 2813
f 2814 2815 2816
f 2817 2818 2819
f 2820 2821 2822
f 2823 2824 2825
f 2826 2827 2828
f 2829 2830 2831
f 2832 2833 2834
f 2835 2836 2837
f 2838 2839 2840
f 2841 2842 2843
f 2844 2845 2846
f 2847 2848 2849
f 2850 2851 2852
f 2853 2854 2855
f 2856 2857 2858
f 2859 2860 2861
f 2862 2863 2864
f 2865 2866 2867
f 2868 2869 2870
f 2871 2872 2873
f 2874 2875 2876
f 2877 2878 2879
f 2880 2881 2882
f 2883 2884 2885
f 2886 2887 2888
f 2889 2890 2891
f 2892 2893 2894
f 2895 2896 2897
f 2898 2899 2900
f 2901 2902 2903
f 2904 2905 2906
f 2907 2908 2909
f 2910 2911 2912
f 2913 2914 2915
f 2916 2917 2918
f 2919 2920 2921
f 2922 2923 2924
f 2925 2926 2927
f 2928 2929 2930
f 2931 2932 2933
f 2934 2935 2936
f 2937 2938 2939
f 2940 2941 2942
f 2943 2944 2945
f 2946 2947 2948
f 2949 2950 2951
f 2952 2953 2954
f 2955 2956 2957
f 2958 2959 2960
f 2961 2962 2963
f 2964 2965 2966
f 2967 2968 2969
f 2970 2971 2972
f 2973 2974 2975
f 2976 2977 2978
f 2979 2980 2981
f 2982 2983 2984
f 2985 2986 2987
f 2988 2989 2990
f 2991 2992 2993
f 2994 2995 2996
f 2997 2998 2999
f 3000 3001 3002
f 3003 3004 3005
f 3006 3007 3008
f 3009 3010 3011
f 3012 3013 3014
f 3015 3016 3017
f 3018 3019 3020
f 3021 3022 3023
f 3024 3025 3026
f 3027 3028 3029
f 3030 3031 3032
f 3033 3034 3035
f 3036 3037 3038
f 3039 3040 3041
f 3042 3043 3044
f 3045 3046 3047
f 3048 3049 3050
f 3051 3052 3053
f 3054 3055 3056
f 3057 3058 3059
f 3060 3061 3062
f 3063 3064 3065
f 3066 3067 3068
f 3069 3070 3071
f 3072 3073 3074
f 3075 3076 3077
f 3078 3079 3080
f 3081 3082 3083
f 3084 3085 3086
f 3087 3088 3089
f 3090 3091 3092
f 3093 3094 3095
f 3096 3097 3098
f 3099 3100 3101
f 3102 3103 3104
f 3105 3106 3107
f 3108 3109 3110
f 3111 3112 3113
f 3114 3115 3116
f 3117 3118 3119
f 3120 3121 3122
f 3123 3124 3125
f 3126 3127 3128
f 3129 3130 3131
f 3132 3133 3134
f 3135 3136 3137
f 3138 3139 3140
f 3141 3142 3143
f 3144 3145 3146
f 3147 3148 3149
f 3150 3151 3152
f 3153 3154 3155
f 3156 3157 3158
f 3159 3160 3161
f 3162 3163 3164
f 3165 3166 3167
f 3168 3169 3170
f 3171 3172 3173
f 3174 3175 3176
f 3177 3178 3179
f 3180 3181 3182
f 3183 3184 3185
f 3186 3187 3188
f 3189 3190 3191
f 3192 3193 3194
f 3195 3196 3197
f 3198 3199 3200
f 3201 3202 3203
f 3204 3205 3206
f 3207 3208 3209
f 3210 3211 3212
f 3213 3214 3215
f 3216 3217 3218
f 3219 3220 3221
f 3222 3223 3224
f 3225 3226 3227
f 3228 3229 3230
f 3231 3232 3233
f 3234 3235 3236
f 3237 3238 3239
f 3240 3241 3242
f 3243 3244 3245
f 3246 3247 3248
f 3249 3250 3251
f 3252 3253 3254
f 3255 3256 3257
f 3258 3259 3260
f 3261 3262 3263
f 3264 3265 3266
f 3267 3268 3269
f 3270 3271 3272
f 3273 3274 3275
f 3276 3277 3278
f 3279 3280 3281
f 3282 3283 3284
f 3285 3286 3287
f 3288 3289 3290
f 3291 3292 3293
f 3294 3295 3296
f 3297 3298 3299
f 3300 3301 3302
f 3303 3304 3305
f 3306 3307 3308
f 3309 3310 3311
f 3312 3313 3314
f 3315 3316 3317
f 3318 3319 3320
f 3321 3322 3323
f 3324 3325 3326
f 3327 3328 3329
f 3330 3331 3332
f 3333 3334 3335
f 3336 3337 3338
f 3339 3340 3341
f 3342 3343 3344
f 3345 3346 3347
f 3348 3349 3350
f 3351 3352 3353
f 3354 3355 3356
f 3357 3358 3359
f 3360 3361 3362
f 3363 3364 3365
f 3366 3367 3368
f 3369 3370 3371
f 3372 3373 3374
f 3375 3376 3377
f 3378 3379 3380
f 3381 3382 3383
f 3384 3385 3386
f 3387 3388 3389
f 3390 3391 3392
f 3393 3394 3395
f 3396 3397 3398
f 3399 3400 3401
f 3402 3403 3404
f 3405 3406 3407
f 3408 3409 3410
f 3411 3412 3413
f 3414 3415 3416
f 3417 3418 3419
f 3420 3421 3422
f 3423 3424 3425
f 3426 3427 3428
f 3429 3430 3431
f 3432 3433 3434
f 3435 3436 3437
f 3438 3439 3440
f 3441 3442 3443
f 3444 3445 3446
f 3447 3448 3449
f 3450 3451 3452
f 3453 3454 3455
f 3456 3457 3458
f 3459 3460 3461
f 3462 3463 3464
f 3465 3466 3467
f 3468 3469 3470
f 3471 3472 3473
f 3474 3475 3476
f 3477 3478 3479
f 3480 3481 3482
f 3483 3484 3485
f 3486 3487 3488
f 3489 3490 3491
f 3492 3493 3494
f 3495 3496 3497
f 3498 3499 3500
f 3501 3502 3503
f 3504 3505 3506
f 3507 3508 3509
f 3510 3511 3512
f 3513 3514 3515
f 3516 3517 3518
f 3519 3520 3521
f 3522 3523 3524
f 3525 3526 3527
f 3528 3529 3530
f 3531 3532 3533
f 3534 3535 3536
f 3537 3538 3539
f 3540 3541 3542
f 3543 3544 3545
f 3546 3547 3548
f 3549 3550 3551
f 3552 3553 3554
f 3555 3556 3557
f 3558 3559 3560
f 3561 3562 3563
f 3564 3565 3566
f 3567 3568 3569
f 3570 3571 3572
f 3573 3574 3575
f 3576 3577 3578
f 3579 3580 3581
f 3582 3583 3584
f 3585 3586 3587
f 3588 3589 3590
f 3591 3592 3593
f 3594 3595 3596
f 3597 3598 3599
f 3600 3601 3602
f 3603 3604 3605
f 3606 3607 3608
f 3609 3610 3611
f 3612 3613 3614
f 3615 3616 3617
f 3618 3619 3620
f 3621 3622 3623
f 3624 3625 3626
f 3627 3628 3629
f 3630 3631 3632
f 3633 3634 3635
f 3636 3637 3638
f 3639 3640 3641
f 3642 3643 3644
f 3645 3646 3647
f 3648 3649 3650
f 3651 3652 3653
f 3654 3655 3656
f 3657 3658 3659
f 3660 3661 3662
f 3663 3664 3665
f 3666 3667 3668
f 3669 3670 3671
f 3672 3673 3674
f 3675 3676 3677
f 3678 3679 3680
f 3681 3682 3683
f 3684 3685 3686
f 3687 3688 3689
f 3690 3691 3692
f 3693 3694 3695
f 3696 3697 3698
f 3699 3700 3701
f 3702 3703 3704
f 3705 3706 3707
f 3708 3709 3710
f 3711 3712 3713
f 3714 3715 3716
f 3717 3718 3719
f 3720 3721 3722
f 3723 3724 3725
f 3726 3727 3728
f 3729 3730 3731
f 3732 3733 3734
f 3735 3736 3737
f 3738 3739 3740
f 3741 3742 3743
f 3744 3745 3746
f 3747 3748 3749
f 3750 3751 3752
f 3753 3754 3755
f 3756 3757 3758
f 3759 3760 3761
f 3762 3763 3764
f 3765 3766 3767
f 3768 3769 3770
f 3771 3772 3773
f 3774 3775 3776
f 3777 3778 3779
f 3780 3781 3782
f 3783 3784 3785
f 3786 3787 3788
f 3789 3790 3791
f 3792 3793 3794
f 3795 3796 3797
f 3798 3799 3800
f 3801 3802 3803
f 3804 3805 3806
f 3807 3808 3809
f 3810 3811 3812
f 3813 3814 3815
f 3816 3817 3818
f 3819 3820 3821
f 3822 3823 3824
f 3825 3826 3827
f 3828 3829 3830
f 3831 3832 3833
f 3834 3835 3836
f 3837 3838 3839
f 3840 3841 3842
f 3843 3844 3845
f 3846 3847 3848
f 3849 3850 3851
f 3852 3853 3854
f 3855 3856 3857
f 3858 3859 3860
f 3861 3862 3863
f 3864 3865 3866
f 3867 3868 3869
f 3870 3871 3872
f 3873 3874 3875
f 3876 3877 3878
f 3879 3880 3881
f 3882 3883 3884
f 3885 3886 3887
f 3888 3889 3890
f 3891 3892 3893
f 3894 3895 3896
f 3897 3898 3899
f 3900 3901 3902
f 3903 3904 3905
f 3906 3907 3908
f 3909 3910 3911
f 3912 3913 3914
f 3915 3916 3917
f 3918 3919 3920
f 3921 3922 3923
f 3924 3925 3926
f 3927 3928 3929
f 3930 3931 3932
f 3933 3934 3935
f 3936 3937 3938
f 3939 3940 3941
f 3942 3943 3944
f 3945 3946 3947
f 3948 3949 3950
f 3951 3952 3953
f 3954 3955 3956
f 3957 3958 3959
f 2965 3960 2966
f 3961 3962 3963
f 3964 3965 3966
f 3967 2980 2979
f 3968 3969 3970
f 3971 3972 3973
f 3974 3975 3976
f 3974 3976 3977
f 3978 3979 3980
f 3978 3980 3981
f 3982 3983 3984
f 3982 3984 3985
f 3986 3987 3988
f 3986 3988 3989
f 3990 3991 3992
f 3990 3992 3993
f 3994 3995 3996
f 3994 3996 3997
f 3998 3999 4000
f 3998 4000 4001
f 4002 4003 4004
f 4002 4004 4005
f 4006 4007 4008
f 4006 4008 4009
f 4010 4011 4012
f 4010 4012 4013
f 4014 4015 4016
f 4017 4018 4019
f 4020 4021 4022
f 4022 4021 4023
f 4022 4023 4024
f 4024 4025 4022
f 4022 4025 4026
f 4022 4026 4027
f 4028 4029 4030
f 4030 4029 4031
f 4030 4031 4026
f 4026 4031 4032
f 4026 4032 4027
f 4033 4034 4035
f 4035 4034 4036
f 1245 4037 4038
f 4038 4037 4039
f 4040 4041 4042
f 4043 4044 4045
f 4045 4044 4046
f 4043 4045 4047
f 4047 4045 4048
f 4047 4048 4049
f 4037 4050 4039
f 4039 4050 4051
f 4039 4051 4048
f 4048 4051 4052
f 4048 4052 4049
f 4053 4054 4055
f 4055 4054 4056
f 4057 4058 4059
f 1245 4038 1243
f 1243 4038 4060
f 1243 4060 4061
f 4042 4062 4040
f 4040 4062 4063
f 4040 4063 4035
f 4035 4063 4064
f 4035 4064 4033
f 4044 4065 4046
f 4046 4065 4066
f 4046 4066 4041
f 4041 4066 4067
f 4041 4067 4042
f 4068 4069 4070
f 4071 4072 4073
f 4074 4075 4076
f 4077 4078 4079
f 4080 4081 4082
f 4083 4084 4085
f 4085 4084 4086
f 4085 4086 4087
f 4087 4086 4088
f 4087 4088 4089
f 4089 4088 4090
f 4089 4090 4053
f 4053 4090 4091
f 4053 4091 4054
f 4081 4092 4082
f 4082 4092 4093
f 4082 4093 4060
f 4060 4093 4094
f 4060 4094 4061
f 4034 4095 4036
f 4036 4095 4096
f 4036 4096 4097
f 4097 4096 4098
f 4099 1194 1193
f 4100 4101 4102
f 4103 4104 4105
f 4106 4107 4108
f 4109 4110 4097
f 4111 4112 4113
f 4113 4112 4114
f 4113 4114 4115
f 4115 4114 4116
f 4115 4116 4117
f 4117 4116 4118
f 4117 4118 4119
f 4119 4118 4120
f 4119 4120 4083
f 4083 4120 4121
f 4083 4121 4084
f 4122 4123 4124
f 4125 4126 4127
f 4128 4129 4130
f 4128 4130 4131
f 4132 4133 4134
f 4132 4134 4135
f 4136 4137 4138
f 4136 4138 4139
f 4140 4141 4142
f 4140 4142 4143
f 4144 4145 4146
f 4144 4146 4147
f 4148 4149 4150
f 4148 4150 4151
f 4152 4153 4154
f 4152 4154 4155
f 4156 4157 4158
f 4156 4158 4159
f 4160 4161 4162
f 4160 4162 4163
f 4164 4165 4166
f 4164 4166 4167
f 4168 4169 4170
f 4168 4170 4171
f 4172 4173 4174
f 4172 4174 4175
f 4176 4177 4178
f 4176 4178 4179
f 4180 4181 4182
f 4183 4184 4185
f 4186 4187 4188
f 4188 4187 4189
f 4190 4191 4192
f 4192 4191 4193
f 4194 4195 4196
f 4196 4195 4197
f 4198 4199 4200
f 4200 4199 4201
f 4202 4203 4204
f 4204 4203 4205
f 4206 4207 4208
f 4208 4207 4209
f 4210 4211 4212
f 4212 4211 4213
f 4214 4215 4216
f 4216 4215 4217
f 4218 4219 4220
f 4220 4219 4221
f 4222 4223 4224
f 4224 4223 4225
f 4226 4227 4228
f 4228 4227 4229
f 4230 4231 4232
f 4232 4231 4233
f 4234 4235 4236
f 4236 4235 4237
f 4238 4239 4240
f 4240 4239 4241
f 4242 4243 4244
f 4244 4243 4245
f 4246 4247 4248
f 4248 4247 4249
f 4250 4251 4252
f 4252 4251 4253
f 4254 4255 4256
f 4256 4255 4257
f 4258 4259 4260
f 4260 4259 4261
f 4262 4263 4264
f 4264 4263 4265
f 4266 4267 4268
f 4268 4267 4269
f 4270 4271 4272
f 4272 4271 4273
f 4274 4275 4276
f 4276 4275 4277
f 4278 4279 4280
f 4280 4279 4281
f 4282 4283 4284
f 4284 4283 4285
f 4284 4285 4286
f 4287 4288 4284
f 4284 4288 4289
f 4284 4289 4282
f 4290 4291 4284
f 4284 4291 4292
f 4284 4292 4287
f 4293 4294 4284
f 4284 4294 4295
f 4284 4295 4290
f 4296 4297 4284
f 4284 4297 4298
f 4284 4298 4293
f 4299 4300 4284
f 4284 4300 4301
f 4284 4301 4296
f 4302 4303 4284
f 4284 4303 4304
f 4284 4304 4299
f 4286 4305 4284
f 4284 4305 4306
f 4284 4306 4302
f 4307 4308 4309
f 4307 4309 4310
f 4311 4312 4313
f 4311 4313 4314
f 4315 4316 4317
f 4318 4319 4320
f 4321 4322 4323
f 4317 4316 4324
f 4325 4326 4327
f 4328 4329 4330
f 4331 4332 4333
f 4334 4335 4336
f 4337 4338 4322
f 4339 4340 4341
f 4322 4342 4323
f 4343 4344 4317
f 4317 4344 4345
f 4317 4345 4315
f 4346 4347 4348
f 4348 4347 4349
f 4348 4349 4350
f 4350 4349 4351
f 4352 4353 4351
f 4354 4355 4356
f 4357 4358 4359
f 4360 4361 4362
f 4363 4364 4365
f 4366 4367 4368
f 4369 4370 4371
f 4372 4373 4374
f 4375 4376 4377
f 4378 4379 4380
f 4381 4382 4383
f 4352 4384 4353
f 4385 4386 4322
f 4322 4386 4387
f 4322 4387 4317
f 4388 4389 4390
f 4391 4392 4393
f 4394 4395 4396
f 4396 4395 4397
f 4398 4399 4400
f 4401 4402 4403
f 4404 4405 4406
f 4407 4408 4409
f 4410 4411 4412
f 4413 4414 4415
f 4416 4417 4418
f 4419 4420 4421
f 4422 4423 4424
f 4425 4426 4427
f 4428 4429 4430
f 4431 4432 4433
f 4434 4435 4436
f 4437 4438 4439
f 4440 4441 4442
f 4440 4442 4443
f 4444 4445 4446
f 4432 4447 4448
f 4432 4448 4433
f 4449 4450 4451
f 4452 4453 4454
f 4455 4456 4457
f 4458 4459 4460
f 4461 4462 4463
f 4464 4465 4466
f 4467 4468 4469
f 4470 4471 4472
f 4473 4474 4475
f 4476 4477 4478
f 4479 4480 4481
f 4482 4483 4484
f 4485 4486 4487
f 4488 4489 4490
f 4491 4492 4493
f 4494 4495 4496
f 4497 4498 4499
f 4500 4501 4502
f 4503 4504 4505
f 4506 4507 4508
f 4509 4510 4511
f 4512 4513 4514
f 4515 4516 4517
f 4518 4519 4520
f 4521 4522 4523
f 4524 4525 4526
f 4527 4528 4529
f 4530 4531 4532
f 4533 4534 4535
f 4536 4537 4538
f 4538 4537 4539
f 4540 4541 4542
f 4543 4544 4545
f 4545 4544 4546
f 4545 4546 4547
f 4547 4546 4548
f 4549 4550 4551
f 4552 4553 4554
f 4554 4553 4555
f 4554 4555 4556
f 4556 4555 4557
f 4556 4557 4558
f 4558 4557 4559
f 4558 4559 4560
f 4560 4559 4561
f 4560 4561 4539
f 4539 4561 4562
f 4539 4562 4538
f 4563 4564 4565
f 4565 4564 4566
f 4567 4568 4569
f 4570 4571 4572
f 4570 4572 4573
f 4573 4572 4574
f 4573 4574 4575
f 4575 4574 4576
f 4575 4576 4577
f 4577 4576 4578
f 4577 4578 4579
f 4579 4578 4580
f 4579 4580 4543
f 4543 4580 4581
f 4543 4581 4544
f 4548 4582 4583
f 4583 4582 4584
f 4583 4584 4585
f 4585 4584 4586
f 4585 4586 4587
f 4588 4589 4590
f 4587 4591 4592
f 4592 4591 4593
f 4592 4593 4594
f 4594 4593 4595
f 4594 4595 4596
f 4596 4595 4597
f 4596 4597 4598
f 4598 4597 4599
f 4598 4599 4600
f 4600 4599 4601
f 4600 4601 4602
f 4602 4601 4603
f 4602 4603 4604
f 4604 4603 4605
f 4604 4605 4606
f 4606 4605 4607
f 4606 4607 4608
f 4608 4607 4609
f 4608 4609 4552
f 4552 4609 4610
f 4552 4610 4553
f 4611 4612 4613
f 4614 4615 4616
f 4616 4615 4617
f 4616 4617 4618
f 4618 4617 4619
f 4618 4619 4620
f 4620 4619 4621
f 4620 4621 4622
f 4622 4621 4623
f 4622 4623 4624
f 4624 4623 4625
f 4625 4623 4626
f 4625 4626 4627
f 4628 4629 4630
f 4631 4632 4633
f 4634 4635 4636
f 4637 4611 4613
f 4638 4639 4640
f 4641 4642 4643
f 4644 4645 4646
f 4615 4647 4648
f 4648 4647 4649
f 4648 4649 4650
f 4650 4649 4651
f 1346 4652 4653
f 4653 4652 4654
f 4653 4654 4655
f 4655 4654 4656
f 4655 4656 4657
f 4657 4656 4658
f 4657 4658 4659
f 4659 4658 4660
f 4659 4660 4661
f 4661 4660 4662
f 4661 4662 4663
f 4663 4662 4664
f 4663 4664 4665
f 4665 4664 4666
f 4665 4666 4651
f 4651 4666 4667
f 4651 4667 4650
f 4668 4669 4670
f 4671 4672 4673
f 4674 4675 4676
f 4677 4678 4679
f 4680 4681 4682
f 4683 4684 4685
f 4686 4687 4688
f 4689 4690 4691
f 4692 4693 4694
f 4695 4696 4697
f 4698 4699 4700
f 4700 4699 4701
f 4702 4703 4704
f 4705 4706 4707
f 4708 4709 4710
f 4711 4712 4713
f 4714 4715 4716
f 4717 4718 4719
f 4720 4721 4722
f 4723 4724 4725
f 4726 4727 4728
f 4729 4730 4731
f 4732 4733 4734
f 4735 4736 4737
f 4738 4739 4740
f 4741 4742 4743
f 4744 4745 4746
f 4747 4748 4749
f 4750 4751 4752
f 4753 4754 4755
f 4756 4757 4758
f 4759 4760 4761
f 4762 4763 4764
f 4765 4766 4767
f 4768 4769 4770
f 4771 4772 4773
f 4774 4775 4776
f 4777 4778 4779
f 4780 4781 4782
f 4783 4784 4785
f 4786 4787 4788
f 4789 4790 4791
f 4792 4793 4794
f 4795 4796 4797
f 4798 4799 4800
f 4801 4802 4803
f 4804 4805 4806
f 4807 4808 4809
f 4810 4811 4812
f 4813 4814 4815
f 4816 4817 4818
f 4819 4820 4821
f 4822 4823 4824
f 4825 4826 4827
f 4828 4829 4830
f 4831 4832 4833
f 4834 4835 4836
f 4837 4838 4839
f 4840 4841 4842
f 4843 4844 4845
f 4846 4847 4848
f 4849 4850 4851
f 4852 4853 4854
f 4855 4856 4857
f 4858 4859 4860
f 4861 4862 4863
f 4864 4865 4866
f 4867 4868 4869
f 4870 4871 4872
f 4873 4874 4875
f 4876 4877 4878
f 4879 4880 4881
f 4882 4883 4884
f 4885 4886 4887
f 4888 4889 4890
f 4891 4892 4893
f 4894 4895 4896
f 4897 4898 4899
f 4900 4901 4902
f 4903 4904 4905
f 4906 4907 4908
f 4909 4910 4911
f 4912 4913 4914
f 4915 4916 4917
f 4918 4919 4920
f 4921 4922 4923
f 4924 4925 4926
f 4927 4928 4929
f 4930 4931 4932
f 4933 4934 4935
f 4936 4937 4938
f 4939 4940 4941
f 4942 4943 4944
f 4945 4946 4947
f 4948 4949 4950
f 4951 4952 4953
f 4954 4955 4956
f 4957 4958 4959
f 4960 4961 4962
f 4963 4964 4965
f 4966 4967 4968
f 4969 4970 4971
f 4972 4973 4974
f 4975 4976 4977
f 4978 4979 4980
f 4981 4982 4983
f 4984 4985 4986
f 4987 4988 4989
f 4990 4991 4992
f 4993 4994 4995
f 4996 4997 4998
f 4999 5000 5001
f 5002 5003 5004
f 5005 5006 5007
f 5008 5009 5010
f 5011 5012 5013
f 5014 5015 5016
f 5017 5018 5019
f 5020 5021 5022
f 5023 5024 5025
f 5026 5027 5028
f 5029 5030 5031
f 5032 5033 5034
f 5035 5036 5037
f 5038 5039 5040
f 5041 5042 5043
f 5044 5045 5046
f 5047 5048 5049
f 5050 5051 5052
f 5053 5054 5055
f 5056 5057 5058
f 5059 5060 5061
f 5062 5063 5064
f 5065 5066 5067
f 5068 5069 5070
f 5071 5072 5073
f 5074 5075 5076
f 5077 5078 5079
f 5080 5081 5082
f 5083 5084 5085
f 5086 5087 5088
f 5089 5090 5091
f 5092 5093 5094
f 5095 5096 5097
f 5098 5099 5100
f 5101 5102 5103
f 5104 5105 5106
f 5107 5108 5109
f 5110 5111 5112
f 5113 5114 5115
f 5116 5117 5118
f 5119 5120 5121
f 5122 5123 5124
f 5125 5126 5127
f 5128 5129 5130
f 5131 5132 5133
f 5134 5135 5136
f 5137 5138 5139
f 5140 5141 5142
f 5143 5144 5145
f 5146 5147 5148
f 5149 5150 5151
f 5152 5153 5154
f 5155 5156 5157
f 5158 5159 5160
f 5161 5162 5163
f 5164 5165 5166
f 5167 5168 5169
f 5170 5171 5172
f 5173 5174 5175
f 5176 5177 5178
f 5179 5180 5181
f 5182 5183 5184
f 5185 5186 5187
f 5188 5189 5190
f 5191 5192 5193
f 5194 5195 5196
f 5197 5198 5199
f 5200 5201 5202
f 5203 5204 5205
f 5206 5207 5208
f 5209 5210 5211
f 5212 5213 5214
f 5215 5216 5217
f 5218 5219 5220
f 5221 5222 5223
f 5224 5225 5226
f 5227 5228 5229
f 5230 5231 5232
f 5233 5234 5235
f 5236 5237 5238
f 5239 5240 5241
f 5241 5240 5242
f 5241 5242 5243
f 5243 5242 5244
f 5239 5245 5240
f 5240 5245 5246
f 5240 5246 5247
f 5244 5242 5248
f 5248 5242 5249
f 5248 5249 5250
f 5250 5249 5251
f 5251 5249 5252
f 5251 5252 5253
f 5246 5254 5247
f 5247 5254 5255
f 5247 5255 5256
f 5256 5255 5257
f 5256 5257 5258
f 5253 5252 5259
f 5259 5252 5260
f 5259 5260 5261
f 5262 5263 5264
f 5264 5263 5265
f 5266 5267 5268
f 5268 5267 5265
f 5268 5265 5269
f 5269 5265 5263
f 5270 5271 5272
f 5272 5271 5273
f 5274 5275 5276
f 5276 5275 5277
f 5276 5277 5260
f 5260 5277 5278
f 5260 5278 5261
f 5274 5276 5279
f 5279 5276 5280
f 5279 5280 5281
f 5271 5282 5273
f 5273 5282 5283
f 5273 5283 5264
f 5264 5283 5284
f 5264 5284 5262
f 5285 5286 5287
f 5267 5288 5289
f 5267 5289 5280
f 5280 5289 5290
f 5280 5290 5281
f 5291 5292 5293
f 5294 5295 5296
f 5297 5298 5299
f 5300 5301 5302
f 5303 5304 5305
f 5306 5307 5308
f 5309 5310 5311
f 5312 5313 5314
f 5315 5316 5317
f 5318 5319 5320
f 5321 5322 5323
f 5324 5325 5326
f 5327 5328 5329
f 5330 5331 5332
f 5333 5334 5335
f 5336 5337 5338
f 5339 5340 5341
f 5342 5343 5344
f 5345 5346 5347
f 5348 5349 5350
f 5351 5352 5353
f 5354 5355 5356
f 5357 5358 5359
f 5360 5361 5362
f 5363 5364 5365
f 5366 5367 5368
f 5369 5370 5371
f 5372 5373 5374
f 5375 5376 5377
f 5378 5379 5380
f 5381 5382 5383
f 5384 5385 5386
f 5387 5388 5389
f 5390 5391 5392
f 5393 5394 5395
f 5396 5397 5398
f 5399 5400 5401
f 5402 5403 5404
f 5405 5406 5407
f 5408 5409 5410
f 5411 5412 5413
f 5414 5415 5416
f 5417 5418 5419
f 5420 5421 5422
f 5423 5424 5425
f 5426 5427 5428
f 5429 5430 5431
f 5432 5433 5434
f 5435 5436 5437
f 5438 5439 5440
f 5441 5442 5443
f 5444 5445 5446
f 5447 5448 5449
f 5450 5451 5452
f 5453 5454 5455
f 5456 5457 5458
f 5459 5460 5461
f 5462 5463 5464
f 5465 5466 5467
f 5468 5469 5470
f 5471 5472 5473
f 5474 5475 5476
f 5477 5478 5479
f 5480 5481 5482
f 5483 5484 5485
f 5486 5487 5488
f 5489 5490 5491
f 5492 5493 5494
f 5495 5496 5497
f 5498 5499 5500
f 5501 5502 5503
f 5504 5505 5506
f 5507 5508 5509
f 5510 5511 5512
f 5513 5514 5515
f 5516 5517 5518
f 5519 5520 5521
f 5522 5523 5524
f 5525 5526 5527
f 5528 5529 5530
f 5531 5532 5533
f 5534 5535 5536
f 5537 5538 5539
f 5540 5541 5542
f 5543 5544 5545
f 5546 5547 5548
f 5549 5550 5551
f 5552 5553 5554
f 5555 5556 5557
f 5558 5559 5560
f 5561 5562 5563
f 5564 5565 5566
f 5567 5568 5569
f 5570 5571 5572
f 5573 5574 5575
f 5576 5577 5578
f 5579 5580 5581
f 5582 5583 5584
f 5585 5586 5587
f 5588 5589 5590
f 5591 5592 5593
f 5594 5595 5596
f 5597 5598 5599
f 5600 5601 5602
f 5603 5604 5605
f 5606 5607 5608
f 5609 5610 5611
f 5612 5613 5614
f 5615 5616 5617
f 5618 5619 5620
f 5621 5622 5623
f 5624 5625 5626
f 5627 5628 5629
f 5630 5631 5632
f 5633 5634 5635
f 5636 5637 5638
f 5639 5640 5641
f 5642 5643 5644
f 5645 5646 5647
f 5648 5649 5650
f 5651 5652 5653
f 5654 5655 5656
f 5657 5658 5659
f 5660 5661 5662
f 5663 5664 5665
f 5666 5667 5668
f 5669 5670 5671
f 5672 5673 5674
f 5675 5676 5677
f 5678 5679 5680
f 5681 5682 5683
f 5684 5685 5686
f 5687 5688 5689
f 5690 5691 5692
f 5693 5694 5695
f 5696 5697 5698
f 5699 5700 5701
f 5702 5703 5704
f 5705 5706 5707
f 5708 5709 5710
f 5711 5712 5713
f 5714 5715 5716
f 5717 5718 5719
f 5720 5721 5722
f 5723 5724 5725
f 5726 5727 5728
f 5729 5730 5731
f 5732 5733 5734
f 5735 5736 5737
f 5738 5739 5740
f 5741 5742 5743
f 5744 5745 5746
f 5747 5748 5749
f 5750 5751 5752
f 5753 5754 5755
f 5756 5757 5758
f 5759 5760 5761
f 5762 5763 5764
f 5765 5766 5767
f 5768 5769 5770
f 5771 5772 5773
f 5774 5775 5776
f 5777 5778 5779
f 5780 5781 5782
f 5783 5784 5785
f 5786 5787 5788
f 5789 5790 5791
f 5792 5793 5794
f 5795 5796 5797
f 5798 5799 5800
f 5801 5802 5803
f 5804 5805 5806
f 5807 5808 5809
f 5810 5811 5812
f 5813 5814 5815
f 5816 5817 5818
f 5819 5820 5821
f 5822 5823 5824
f 5825 5826 5827
f 5828 5829 5830
f 5831 5832 5833
f 5834 5835 5836
f 5837 5838 5839
f 5840 5841 5842
f 5843 5844 5845
f 5846 5847 5848
f 5849 5850 5851
f 5852 5853 5854
f 5855 5856 5857
f 5858 5859 5860
f 5861 5862 5863
f 5864 5865 5866
f 5867 5868 5869
f 5870 5871 5872
f 5873 5874 5875
f 5876 5877 5878
f 5879 5880 5881
f 5882 5883 5884
f 5885 5886 5887
f 5888 5889 5890
f 5891 5892 5893
f 5894 5895 5896
f 5897 5898 5899
f 5900 5901 5902
f 5903 5904 5905
f 5906 5907 5908
f 5909 5910 5911
f 5912 5913 5914
f 5915 5916 5917
f 5918 5919 5920
f 5921 5922 5923
f 5924 5925 5926
f 5927 5928 5929
f 5930 5931 5932
f 5933 5934 5935
f 5936 5937 5938
f 5939 5940 5941
f 5942 5943 5944
f 5945 5946 5947
f 5948 5949 5950
f 5951 5952 5953
f 5954 5955 5956
f 5957 5958 5959
f 5960 5961 5962
f 5963 5964 5965
f 5966 5967 5968
f 5969 5970 5971
f 5972 5973 5974
f 5975 5976 5977
f 5978 5979 5980
f 5981 5982 5983
f 5984 5985 5986
f 5987 5988 5989
f 5990 5991 5992
f 5993 5994 5995
f 5996 5997 5998
f 5999 6000 6001
f 6002 6003 6004
f 6005 6006 6007
f 6008 6009 6010
f 6011 6012 6013
f 6014 6015 6016
f 6017 6018 6019
f 6020 6021 6022
f 6023 6024 6025
f 6026 6027 6028
f 6029 6030 6031
f 6032 6033 6034
f 6035 6036 6037
f 6038 6039 6040
f 6041 6042 6043
f 6044 6045 6046
f 6047 6048 6049
f 6050 6051 6052
f 6053 6054 6055
f 6056 6057 6058
f 6059 6060 6061
f 6062 6063 6064
f 6065 6066 6067
f 6068 6069 6070
f 6071 6072 6073
f 6074 6075 6076
f 6077 6078 6079
f 6080 6081 6082
f 6083 6084 6085
f 6086 6087 6088
f 6089 6090 6091
f 6092 6093 6094
f 6095 6096 6097
f 6098 6099 6100
f 6101 6102 6103
f 6104 6105 6106
f 6107 6108 6109
f 6110 6111 6112
f 6113 6114 6115
f 6116 6117 6118
f 6119 6120 6121
f 6122 6123 6124
f 6125 6126 6127
f 6128 6129 6130
f 6131 6132 6133
f 6134 6135 6136
f 6137 6138 6139
f 6140 6141 6142
f 6143 6144 6145
f 6146 6147 6148
f 6149 6150 6151
f 6152 6153 6154
f 6155 6156 6157
f 6158 6159 6160
f 6161 6162 6163
f 6164 6165 6166
f 6167 6168 6169
f 6170 6171 6172
f 6173 6174 6175
f 6176 6177 6178
f 6179 6180 6181
f 6182 6183 6184
f 6185 6186 6187
f 6188 6189 6190
f 6191 6192 6193
f 6194 6195 6196
f 6197 6198 6199
f 6200 6201 6202
f 6203 6204 6205
f 6206 6207 6208
f 6209 6210 6211
f 6212 6213 6214
f 6215 6216 6217
f 6218 6219 6220
f 6221 6222 6223
f 6224 6225 6226
f 6227 6228 6229
f 6230 6231 6232
f 6233 6234 6235
f 6236 6237 6238
f 6239 6240 6241
f 6242 6243 6244
f 6245 6246 6247
f 6248 6249 6250
f 6251 6252 6253
f 6254 6255 6256
f 6257 6258 6259
f 6260 6261 6262
f 6263 6264 6265
f 6266 6267 6268
f 6269 6270 6271
f 6272 6273 6274
f 6275 6276 6277
f 6278 6279 6280
f 6281 6282 6283
f 6284 6285 6286
f 6287 6288 6289
f 6290 6291 6292
f 6293 6294 6295
f 6296 6297 6298
f 6299 6300 6301
f 6302 6303 6304
f 6305 6306 6307
f 6308 6309 6310
f 6311 6312 6313
f 6314 6315 6316
f 6317 6318 6319
f 6320 6321 6322
f 6323 6324 6325
f 6326 6327 6328
f 6329 6330 6331
f 6332 6333 6334
f 6335 6336 6337
f 6338 6339 6340
f 6341 6342 6343
f 6344 6345 6346
f 6347 6348 6349
f 6350 6351 6352
f 6353 6354 6355
f 6356 6357 6358
f 6359 6360 6361
f 6362 6363 6364
f 6365 6366 6367
f 6368 6369 6370
f 6371 6372 6373
f 6374 6375 6376
f 6377 6378 6379
f 6380 6381 6382
f 6383 6384 6385
f 6386 6387 6388
f 6389 6390 6391
f 6392 6393 6394
f 6395 6396 6397
f 6398 6399 6400
f 6401 6402 6403
f 6404 6405 6406
f 6407 6408 6409
f 6410 6411 6412
f 6413 6414 6415
f 6416 6417 6418
f 6419 6420 6421
f 6422 6423 6424
f 6425 6426 6427
f 6428 6429 6430
f 6431 6432 6433
f 6434 6435 6436
f 6437 6438 6439
f 6440 6441 6442
f 6443 6444 6445
f 6446 6447 6448
f 6449 6450 6451
f 6452 6453 6454
f 6455 6456 6457
f 6458 6459 6460
f 6461 6462 6463
f 6464 6465 6466
f 6467 6468 6469
f 6470 6471 6472
f 6473 6474 6475
f 6476 6477 6478
f 6479 6480 6481
f 6482 6483 6484
f 6485 6486 6487
f 6488 6489 6490
f 6491 6492 6493
f 6494 6495 6496
f 6497 6498 6499
f 6500 6501 6502
f 6503 6504 6505
f 6506 6507 6508
f 6509 6510 6511
f 6512 6513 6514
f 6515 6516 6517
f 6518 6519 6520
f 6521 6522 6523
f 6524 6525 6526
f 6527 6528 6529
f 6530 6531 6532
f 6533 6534 6535
f 6536 6537 6538
f 6539 6540 6541
f 6542 6543 6544
f 6545 6546 6547
f 6548 6549 6550
f 6551 6552 6553
f 6554 6555 6556
f 6557 6558 6559
f 6560 6561 6562
f 6563 6564 6565
f 6566 6567 6568
f 6569 6570 6571
f 6572 6573 6574
f 6575 6576 6577
f 6578 6579 6580
f 6581 6582 6583
f 6584 6585 6586
f 6587 6588 6589
f 6590 6591 6592
f 6593 6594 6595
f 6596 6597 6598
f 6599 6600 6601
f 6602 6603 6604
f 6605 6606 6607
f 6608 6609 6610
f 6611 6612 6613
f 6614 6615 6616
f 6617 6618 6619
f 6620 6621 6622
f 6623 6624 6625
f 6626 6627 6628
f 6629 6630 6631
f 6632 6633 6634
f 6635 6636 6637
f 6638 6639 6640
f 6641 6642 6643
f 6644 6645 6646
f 6647 6648 6649
f 6650 6651 6652
f 6653 6654 6655
f 6656 6657 6658
f 6659 6660 6661
f 6662 6663 6664
f 6665 6666 6667
f 6668 6669 6670
f 6671 6672 6673
f 6674 6675 6676
f 6677 6678 6679
f 6680 6681 6682
f 6683 6684 6685
f 6686 6687 6688
f 6689 6690 6691
f 6692 6693 6694
f 6695 6696 6697
f 6698 6699 6700
f 6701 6702 6703
f 6704 6705 6706
f 6707 6708 6709
f 6710 6711 6712
f 6713 6714 6715
f 6716 6717 6718
f 6719 6720 6721
f 6722 6723 6724
f 6725 6726 6727
f 6728 6729 6730
f 6731 6732 6733
f 6734 6735 6736
f 6737 6738 6739
f 6740 6741 6742
f 6743 6744 6745
f 6746 6747 6748
f 6749 6750 6751
f 6752 6753 6754
f 6755 6756 6757
f 6758 6759 6760
f 6761 6762 6763
f 6764 6765 6766
f 6767 6768 6769
f 6770 6771 6772
f 6773 6774 6775
f 6776 6777 6778
f 6779 6780 6781
f 6782 6783 6784
f 6785 6786 6787
f 6788 6789 6790
f 6791 6792 6793
f 6794 6795 6796
f 6797 6798 6799
f 6800 6801 6802
f 6803 6804 6805
f 6806 6807 6808
f 6809 6810 6811
f 6812 6813 6814
f 6815 6816 6817
f 6818 6819 6820
f 6821 6822 6823
f 6824 6825 6826
f 6827 6828 6829
f 6830 6831 6832
f 6833 6834 6835
f 6836 6837 6838
f 6839 6840 6841
f 6842 6843 6844
f 6845 6846 6847
f 6848 6849 6850
f 6851 6852 6853
f 6854 6855 6856
f 6857 6858 6859
f 6860 6861 6862
f 6863 6864 6865
f 6866 6867 6868
f 6869 6870 6871
f 6872 6873 6874
f 6875 6876 6877
f 6878 6879 6880
f 6881 6882 6883
f 6884 6885 6886
f 6887 6888 6889
f 6890 6891 6892
f 6893 6894 6895
f 6896 6897 6898
f 6899 6900 6901
f 6902 6903 6904
f 6905 6906 6907
f 6908 6909 6910
f 6911 6912 6913
f 6914 6915 6916
f 6917 6918 6919
f 6920 6921 6922
f 6923 6924 6925
f 6926 6927 6928
f 6929 6930 6931
f 6932 6933 6934
f 6935 6936 6937
f 6938 6939 6940
f 6941 6942 6943
f 6944 6945 6946
f 6947 6948 6949
f 6950 6951 6952
f 6953 6954 6955
f 6956 6957 6958
f 6959 6960 6961
f 6962 6963 6964
f 6965 6966 6967
f 6968 6969 6970
f 6971 6972 6973
f 6974 6975 6976
f 6977 6978 6979
f 6980 6981 6982
f 6983 6984 6985
f 6986 6987 6988
f 6989 6990 6991
f 6992 6993 6994
f 6995 6996 6997
f 6998 6999 7000
f 7001 7002 7003
f 7004 7005 7006
f 7007 7008 7009
f 7010 7011 7012
f 7013 7014 7015
f 7016 7017 7018
f 7019 7020 7021
f 7022 7023 7024
f 7025 7026 7027
f 7028 7029 7030
f 7031 7032 7033
f 7034 7035 7036
f 7037 7038 7039
f 7040 7041 7042
f 7043 7044 7045
f 7046 7047 7048
f 7049 7050 7051
f 7052 7053 7054
f 7055 7056 7057
f 7058 7059 7060
f 7061 7062 7063
f 7064 7065 7066
f 7067 7068 7069
f 7070 7071 7072
f 7073 7074 7075
f 7076 7077 7078
f 7079 7080 7081
f 7082 7083 7084
f 7085 7086 7087
f 7088 7089 7090
f 7091 7092 7093
f 7094 7095 7096
f 7097 7098 7099
f 7100 7101 7102
f 7103 7104 7105
f 7106 7107 7108
f 7109 7110 7111
f 7112 7113 7114
f 7115 7116 7117
f 7118 7119 7120
f 7121 7122 7123
f 7124 7125 7126
f 7127 7128 7129
f 7130 7131 7132
f 7133 7134 7135
f 7136 7137 7138
f 7139 7140 7141
f 7142 7143 7144
f 7145 7146 7147
f 7148 7149 7150
f 7151 7152 7153
f 7154 7155 7156
f 7157 7158 7159
f 7160 7161 7162
f 7163 7164 7165
f 7166 7167 7168
f 7169 7170 7171
f 7172 7173 7174
f 7175 7176 7177
f 7178 7179 7180
f 7181 7182 7183
f 7184 7185 7186
f 7187 7188 7189
f 7190 7191 7192
f 7193 7194 7195
f 7196 7197 7198
f 7199 7200 7201
f 7202 7203 7204
f 7205 7206 7207
f 7208 7209 7210
f 7211 7212 7213
f 7214 7215 7216
f 7217 7218 7219
f 7220 7221 7222
f 7223 7224 7225
f 7226 7227 7228
f 7229 7230 7231
f 7232 7233 7234
f 7235 7236 7237
f 7238 7239 7240
f 7241 7242 7243
f 7244 7245 7246
f 7247 7248 7249
f 7250 7251 7252
f 7253 7254 7255
f 7256 7257 7258
f 7259 7260 7261
f 7262 7263 7264
f 7265 7266 7267
f 7268 7269 7270
f 7271 7272 7273
f 7274 7275 7276
f 7277 7278 7279
f 7036 7280 7034
f 7281 7282 7283
f 7284 7285 7286
f 7287 7288 7289
f 7290 7291 7292
f 7293 7294 7295
f 7296 7297 7298
f 7299 7300 7301
f 7302 7303 7304
f 7305 7306 7307
f 7308 7309 7310
f 7311 7312 7313
f 7314 7315 7316
f 7317 7318 7319
f 7320 7321 7322
f 7323 7324 7325
f 7326 7327 7328
f 7329 7330 7331
f 7332 7333 7334
f 7335 7336 7337
f 7338 7339 7340
f 7341 7342 7343
f 7344 7345 7346
f 7347 7348 7349
f 7350 7351 7352
f 7353 7354 7355
f 7356 7357 7358
f 7359 7360 7361
f 7362 7363 7364
f 7365 7366 7367
f 7368 7369 7370
f 7371 7372 7373
f 7374 7375 7376
f 7377 7378 7379
f 7380 7381 7382
f 7383 7384 7385
f 7386 7387 7388
f 7389 7390 7391
f 7392 7393 7394
f 7395 7396 7397
f 7398 7399 7400
f 7401 7402 7403
f 7404 7405 7406
f 7407 7408 7409
f 7410 7411 7412
f 7413 7414 7415
f 7416 7417 7418
f 7419 7420 7421
f 7422 7423 7424
f 7425 7426 7427
f 7428 7429 7430
f 7431 7432 7433
f 7434 7435 7436
f 7437 7438 7439
f 7440 7441 7442
f 7443 7444 7445
f 7446 7447 7448
f 7449 7450 7451
f 7452 7453 7454
f 7455 7456 7457
f 7458 7459 7460
f 7461 7462 7463
f 7464 7465 7466
f 7467 7468 7469
f 7470 7471 7472
f 7473 7474 7475
f 7476 7477 7478
f 7479 7480 7481
f 7481 7480 7482
f 7483 7484 7485
f 7486 7487 7488
f 7489 7490 7491
f 7492 7493 7494
f 7495 7496 7497
f 7498 7499 7500
f 7501 7502 7503
f 7504 7505 7506
f 7507 7508 7509
f 7510 7511 7512
f 7513 7514 7515
f 7516 7517 7518
f 7519 7520 7521
f 7522 7523 7524
f 7525 7526 7527
f 7528 7529 7530
f 7531 7532 7533
f 7534 7535 7536
f 7537 7538 7539
f 7540 7541 7542
f 7543 7544 7545
f 7546 7547 7548
f 7549 7550 7551
f 7552 7553 7554
f 7555 7556 7557
f 7558 7559 7560
f 7561 7562 7563
f 7564 7565 7566
f 7567 7568 7569
f 7570 7571 7572
f 7573 7574 7575
f 7576 7577 7578
f 7579 7580 7581
f 7582 7583 7584
f 7585 7586 7587
f 7588 7589 7590
f 7591 7592 7593
f 7594 7595 7596
f 7597 7598 7599
f 7600 7601 7602
f 7603 7604 7605
f 7606 7607 7608
f 7609 7610 7611
f 7612 7613 7614
f 7615 7616 7617
f 7618 7619 7620
f 7621 7622 7623
f 7624 7625 7626
f 7627 7628 7629
f 7630 7631 7632
f 7633 7634 7635
f 7636 7637 7638
f 7639 7640 7641
f 7642 7643 7644
f 7645 7646 7647
f 7648 7649 7650
f 7651 7652 7653
f 7654 7655 7656
f 7657 7658 7659
f 7660 7661 7662
f 7663 7664 7665
f 7666 7667 7668
f 7669 7670 7671
f 7672 7673 7674
f 7675 7676 7677
f 7678 7679 7680
f 7681 7682 7683
f 7684 7685 7686
f 7687 7688 7689
f 7690 7691 7692
f 7693 7694 7695
f 7696 7697 7698
f 7699 7700 7701
f 7702 7703 7704
f 7705 7706 7707
f 7708 7709 7710
f 7711 7712 7713
f 7714 7715 7716
f 7717 7718 7719
f 7720 7721 7722
f 7723 7724 7725
f 7726 7727 7728
f 7729 7730 7731
f 7732 7733 7734
f 7735 7736 7737
f 7738 7739 7740
f 7741 7742 7743
f 7744 7745 7746
f 7747 7748 7749
f 7750 7751 7752
f 7753 7754 7755
f 7756 7757 7758
f 7759 7760 7761
f 7762 7763 7764
f 7765 7766 7767
f 7768 7769 7770
f 7771 7772 7773
f 7774 7775 7776
f 7777 7778 7779
f 7780 7781 7782
f 7783 7784 7785
f 7786 7787 7788
f 7789 7790 7791
f 7792 7793 7794
f 7795 7796 7797
f 7798 7799 7800
f 7801 7802 7803
f 7804 7805 7806
f 7807 7808 7809
f 7810 7811 7812
f 7813 7814 7815
f 7816 7817 7818
f 7819 7820 7821
f 7822 7823 7824
f 7825 7826 7827
f 7828 7829 7830
f 7831 7832 7833
f 7834 7835 7836
f 7837 7838 7839
f 7840 7841 7842
f 7843 7844 7845
f 7846 7847 7848
f 7849 7850 7851
f 7852 7853 7854
f 7855 7856 7857
f 7858 7859 7860
f 7861 7862 7863
f 7864 7865 7866
f 7867 7868 7869
f 7870 7871 7872
f 7873 7874 7875
f 7876 7877 7878
f 7879 7880 7881
f 7882 7883 7884
f 7885 7886 7887
f 7888 7889 7890
f 7891 7892 7893
f 7894 7895 7896
f 7897 7898 7899
f 7900 7901 7902
f 7903 7904 7905
f 7906 7907 7908
f 7909 7910 7911
f 7912 7913 7914
f 7915 7916 7917
f 7918 7919 7920
f 7921 7922 7923
f 7924 7925 7926
f 7927 7928 7929
f 7930 7931 7932
f 7933 7934 7935
f 7936 7937 7938
f 7939 7940 7941
f 7942 7943 7944
f 7945 7946 7947
f 7948 7949 7950
f 7951 7952 7953
f 7954 7955 7956
f 7957 7958 7959
f 7960 7961 7962
f 7963 7964 7965
f 7966 7967 7968
f 7969 7970 7971
f 7972 7973 7974
f 7975 7976 7977
f 7978 7979 7980
f 7981 7982 7983
f 7984 7985 7986
f 7987 7988 7989
f 7990 7991 7992
f 7993 7994 7995
f 7996 7997 7998
f 7999 8000 8001
f 8002 8003 8004
f 8005 8006 8007
f 8008 8009 8010
f 8011 8012 8013
f 8014 8015 8016
f 8017 8018 8019
f 8020 8021 8022
f 8023 8024 8025
f 8026 8027 8028
f 8029 8030 8031
f 8032 8033 8034
f 8035 8036 8037
f 8038 8039 8040
f 8041 8042 8043
f 8044 8045 8046
f 8047 8048 8049
f 8050 8051 8052
f 8053 8054 8055
f 8056 8057 8058
f 8059 8060 8061
f 8062 8063 8064
f 8065 8066 8067
f 8068 8069 8070
f 8071 8072 8073
f 8074 8075 8076
f 8077 8078 8079
f 8080 8081 8082
f 8083 8084 8085
f 8086 8087 8088
f 8089 8090 8091
f 8092 8093 8094
f 8095 8096 8097
f 8098 8099 8100
f 8101 8102 8103
f 8104 8105 8106
f 8107 8108 8109
f 8109 8108 8110
f 8111 8112 8113
f 8114 8115 8116
f 8117 8118 8119
f 8120 8121 8122
f 8123 8124 8125
f 8123 8125 8126
f 8127 8128 8129
f 8130 8131 8132
f 8133 8134 8135
f 8136 8137 8138
f 8139 8140 8141
f 8142 8143 8144
f 8145 8146 8147
f 8148 8149 8150
f 8151 8152 8153
f 8154 8155 8156
f 8157 8158 8159
f 8160 8161 8162
f 8163 8164 8165
f 8166 8167 8168
f 8169 8170 8171
f 8172 8173 8174
f 8175 8176 8177
f 8178 8179 8180
f 8181 8182 8183
f 8184 8185 8186
f 8186 8185 8187
f 8188 8189 8190
f 8190 8189 8191
f 8192 8193 8194
f 8194 8193 8195
f 8196 8197 8198
f 8198 8197 8199
f 8200 8201 8202
f 8202 8201 8203
f 8204 8205 8206
f 8206 8205 8207
f 8208 8209 8210
f 8210 8209 8211
f 8212 8213 8214
f 8214 8213 8215
f 8216 8217 8218
f 8218 8217 8219
f 8220 8221 8222
f 8222 8221 8223
f 8224 8225 8226
f 8226 8225 8227
f 8228 8229 8230
f 8231 8232 8233
f 4021 4020 8234
f 8235 8236 8234
f 8234 8236 8237
f 8234 8237 4021
f 8238 8239 8240
f 8238 8241 8239
f 8239 8241 8242
f 8239 8242 8243
f 8234 8244 8235
f 8235 8244 8238
f 8235 8238 8245
f 8245 8238 8240
f 8246 8247 8248
f 8248 8247 8249
f 8250 8251 8252
f 8253 8254 8255
f 8256 8252 8257
f 8257 8252 8258
f 8256 8259 8252
f 8252 8259 8260
f 8252 8260 8250
f 8258 8252 8261
f 8261 8252 8262
f 8261 8262 8263
f 8263 8262 8264
f 8263 8264 8255
f 8255 8264 8265
f 8255 8265 8253
f 8254 8266 8255
f 8255 8266 8267
f 8255 8267 8268
f 8251 8269 8252
f 8252 8269 8270
f 8252 8270 8271
f 8271 8270 8272
f 8273 8268 8274
f 8273 8275 8268
f 8268 8275 8276
f 8268 8276 8255
f 8272 8270 8277
f 8277 8270 8278
f 8277 8278 8279
f 8279 8280 8277
f 8277 8280 8281
f 8277 8281 8282
f 8274 8283 8273
f 8273 8283 8284
f 8273 8284 8285
f 8285 8286 8273
f 8273 8286 8287
f 8273 8287 8288
f 8282 8289 8277
f 8277 8289 8290
f 8291 8290 8292
f 8293 8290 8294
f 8288 8295 8273
f 8273 8295 8296
f 8297 8298 8299
f 8300 8301 8302
f 8303 8304 8305
f 8306 8307 8308
f 8308 8307 8309
f 8301 8310 8311
f 8312 8313 8301
f 8301 8313 8314
f 8301 8314 8302
f 8315 8316 8317
f 8317 8316 8318
f 8317 8318 8319
f 8320 8321 8322
f 8323 8324 8325
f 8325 8324 8326
f 8325 8326 8309
f 8309 8326 8327
f 8309 8327 8308
f 8311 8328 8301
f 8301 8328 8329
f 8301 8329 8312
f 8322 8330 8320
f 8320 8330 8331
f 8320 8331 8332
f 8333 8334 8335
f 8332 8305 8336
f 8336 8305 8304
f 8336 8304 8337
f 8338 8339 8340
f 8340 8339 8341
f 8340 8341 8342
f 8342 8341 8343
f 8342 8343 8344
f 8344 8343 8345
f 8344 8345 8346
f 8346 8345 8347
f 8346 8347 8348
f 8348 8347 8303
f 8348 8303 8349
f 8349 8303 8305
f 8302 8350 8300
f 8300 8350 8351
f 8300 8351 8352
f 8352 8351 8353
f 8352 8353 8354
f 8354 8353 8355
f 8354 8355 8356
f 8356 8355 8357
f 8356 8357 8358
f 8358 8357 8359
f 8358 8359 8360
f 8360 8359 8315
f 8360 8315 8361
f 8338 8306 8339
f 8339 8306 8308
f 8339 8308 8362
f 8362 8308 8363
f 8362 8363 8364
f 8364 8363 8365
f 8364 8365 8366
f 8366 8365 8367
f 8366 8367 8368
f 8368 8367 8369
f 8368 8369 8370
f 8370 8369 8371
f 8370 8371 8372
f 8372 8371 8373
f 8372 8373 8374
f 8374 8373 8375
f 8374 8375 8376
f 8376 8375 8377
f 8376 8377 8378
f 8378 8377 8379
f 8378 8379 8301
f 8301 8379 8380
f 8301 8380 8310
f 8381 8382 8383
f 8383 8382 8384
f 8383 8384 8385
f 8385 8384 8386
f 8385 8386 8387
f 8387 8386 8388
f 8387 8388 8389
f 8389 8388 8390
f 8389 8390 8391
f 8391 8390 8361
f 8391 8361 8392
f 8392 8361 8315
f 8392 8315 8393
f 8393 8315 8317
f 8337 8304 8394
f 8394 8304 8395
f 8394 8395 8396
f 8396 8395 8397
f 8396 8397 8398
f 8399 8400 8401
f 8401 8400 8402
f 8401 8402 8403
f 8403 8402 8404
f 8403 8404 8405
f 8405 8404 8406
f 8405 8406 8407
f 8407 8406 8408
f 8407 8408 8409
f 8409 8408 8410
f 8409 8410 8411
f 8411 8410 8412
f 8411 8412 8413
f 8413 8412 8414
f 8413 8414 8381
f 8381 8414 8415
f 8381 8415 8382
f 8397 8416 8398
f 8398 8416 8417
f 8398 8417 8401
f 8401 8417 8418
f 8401 8418 8399
f 8419 8420 8421
f 8422 8423 8424
f 8425 8426 8427
f 8428 8429 8430
f 8431 8432 8433
f 8434 8435 8436
f 8437 8438 8439
f 8440 8441 8442
f 8443 8444 8445
f 8446 8447 8448
f 8449 8450 8451
f 8452 8453 8454
f 8455 8449 8456
f 8457 8458 8459
f 8453 8460 8461
f 8449 8461 8456
f 8462 8463 8464
f 8453 8465 8466
f 8467 8468 8469
f 8470 8471 8464
f 8453 8472 8473
f 8453 8473 8474
f 8475 8476 8477
f 8478 8479 8480
f 8481 8482 8483
f 8484 8485 8486
f 8487 8488 8489
f 8490 8491 8492
f 8493 8494 8495
f 8496 8497 8498
f 8499 8500 8501
f 8502 8503 8504
f 8505 8506 8507
f 8507 8506 8508
f 8509 8510 8511
f 8510 8512 8511
f 8513 8514 8515
f 8513 8515 8516
f 8517 8518 8519
f 8517 8519 8520
f 8521 8522 8523
f 8524 8525 8526
f 8527 8528 8529
f 8530 8531 8532
f 8530 8532 8533
f 8534 8535 8536
f 8534 8536 8537
f 8538 8539 8540
f 8538 8540 8541
f 8542 8543 8544
f 8542 8544 8545
f 8546 8547 8548
f 8546 8548 8549
f 8550 8551 8552
f 8550 8552 8553
f 8554 8555 8556
f 8554 8556 8557
f 8558 8559 8560
f 8561 8562 8563
f 8564 8565 8566
f 8566 8565 8567
f 8568 8566 8569
f 8569 8566 8570
f 8569 8570 8571
f 8571 8570 8572
f 8573 8574 8575
f 8564 8566 8576
f 8576 8566 8573
f 8576 8573 8577
f 8578 8579 8580
f 8580 8579 8581
f 8580 8581 8582
f 8582 8581 8583
f 8582 8583 8584
f 8584 8583 8585
f 8584 8585 8573
f 8573 8585 8586
f 8573 8586 8574
f 8575 8587 8588
f 8588 8587 8589
f 8588 8589 8590
f 8591 8592 8578
f 8578 8592 8593
f 8578 8593 8579
f 8575 8588 8573
f 8573 8588 8594
f 8573 8594 8577
f 8595 8596 8597
f 8597 8596 8598
f 8597 8598 8570
f 8570 8598 8599
f 8570 8599 8572
f 8600 8601 8602
f 8602 8601 8603
f 8600 8604 8601
f 8601 8604 8605
f 8601 8605 8606
f 8567 8607 8566
f 8608 8609 8610
f 8566 8611 8612
f 8590 8613 8588
f 8588 8613 8614
f 8588 8614 8615
f 8615 8614 8616
f 8617 8618 8619
f 8619 8618 8570
f 8619 8570 8620
f 8620 8570 8566
f 8621 8622 8623
f 8624 8608 8625
f 8626 8627 8628
f 8629 8630 8631
f 8605 8632 8606
f 8595 8597 8605
f 8605 8597 8633
f 8634 8635 8636
f 8637 8638 8639
f 8639 8638 8640
f 8641 8642 8616
f 8616 8643 8638
f 8616 8638 8644
f 8644 8638 8637
f 8645 8646 8647
f 8645 8647 8648
f 8649 8650 8651
f 8652 8653 8654
f 8655 8656 8657
f 8658 8659 8660
f 8657 8661 8662
f 8663 8664 8665
f 8666 8667 8668
f 8648 8669 8670
f 8670 8669 8657
f 8670 8658 8671
f 8671 8658 8672
f 8673 8674 8675
f 8676 8677 8678
f 8679 8680 8681
f 8682 8683 8684
f 8685 8686 8687
f 8688 8689 8690
f 8691 8692 8693
f 8694 8695 8696
f 8697 8698 8699
f 8700 8701 8702
f 8703 8704 8705
f 8706 8707 8708
f 8709 8710 8711
f 8712 8713 8714
f 8715 8716 8717
f 8718 8719 8720
f 8721 8722 8723
f 8724 8725 8726
f 8727 8728 8729
f 8730 8731 8732
f 8733 8734 8735
f 8736 8737 8738
f 8739 8740 8741
f 8742 8743 8744
f 8745 8746 8747
f 8748 8749 8750
f 8751 8752 8753
f 8754 8755 8756
f 8757 8758 8759
f 8760 8761 8762
f 8763 8764 8765
f 8766 8767 8768
f 8769 8770 8771
f 8772 8773 8774
f 8775 8776 8777
f 8778 8779 8780
f 8781 8782 8783
f 8784 8785 8786
f 8787 8788 8789
f 8787 8789 8790
f 8791 8792 8793
f 8793 8792 8794
f 8795 8796 8797
f 8797 8796 8798
f 8799 8800 8801
f 8802 8803 8804
f 8805 8806 8807
f 8808 8809 8810
f 8811 8812 8813
f 8814 8815 8816
f 8817 8818 8819
f 8820 8821 8822
f 8823 8824 8825
f 8826 8827 8828
f 8829 8830 8831
f 8831 8830 8832
f 8833 8834 8835
f 8836 8837 8838
f 8768 8839 8766
f 8840 8841 8842
f 8843 8844 8845
f 8846 8847 8848
f 8849 8850 8851
f 8852 8853 8854
f 8855 8856 8857
f 8858 8859 8860
f 8861 8862 8863
f 8864 8865 8866
f 8867 8868 8869
f 8870 8871 8872
f 8765 8873 8763
f 8874 8875 8876
f 8877 8878 8879
f 8880 8881 8882
f 8883 8884 8885
f 8886 8887 8888
f 8889 8890 8891
f 8892 8893 8894
f 8895 8896 8897
f 8898 8899 8900
f 8901 8902 8903
f 8904 8905 8906
f 8907 8908 8909
f 8910 8911 8912
f 8913 8914 8915
f 8916 8917 8918
f 8919 8920 8921
f 8922 8923 8924
f 8925 8926 8927
f 8928 8929 8930
f 8931 8932 8933
f 8934 8935 8936
f 8937 8938 8939
f 8940 8941 8942
f 8943 8944 8945
f 8946 8947 8948
f 8949 8950 8951
f 8952 8953 8954
f 8955 8956 8957
f 8958 8959 8960
f 8961 8962 8963
f 8964 8965 8966
f 8964 8966 8967
f 8968 8969 8970
f 8971 8972 8973
f 8974 8975 8976
f 8977 8978 8979
f 8980 8981 8982
f 8983 8984 8985
f 8986 8987 8988
f 8989 8990 8991
f 8992 8993 8994
f 8995 8996 8997
f 8998 8999 9000
f 9001 9002 9003
f 9004 9005 9006
f 9006 9005 9007
f 9008 9009 9010
f 9011 9012 9013
f 9014 9015 9016
f 9017 9018 9019
f 9020 9021 9022
f 9023 9024 9025
f 9026 9027 9028
f 9029 9030 9031
f 9032 9033 9034
f 9035 9036 9037
f 9038 9039 9040
f 9041 9042 9043
f 9044 9045 9046
f 9047 9048 9049
f 9050 9051 9052
f 9053 9054 9055
f 9056 9057 9058
f 9059 9060 9061
f 9062 9063 9064
f 9065 9066 9067
f 9068 9069 9070
f 9071 9072 9073
f 9074 9075 9076
f 9077 9078 9079
f 9080 9081 9082
f 9083 9084 9085
f 9086 9087 9088
f 9089 9090 9091
f 9092 9093 9094
f 9095 9096 9097
f 9098 9099 9100
f 9101 9102 9103
f 9104 9105 9106
f 9107 9108 9109
f 9110 9111 9112
f 9113 9114 9115
f 9116 9117 9118
f 9119 9120 9121
f 9122 9123 9124
f 9125 9126 9127
f 9128 9129 9130
f 9131 9132 9133
f 9134 9135 9136
f 9137 9138 9139
f 9140 9141 9142
f 9143 9144 9145
f 9143 9145 9146
f 9147 9148 9149
f 9147 9149 9150
f 9151 9152 9153
f 9154 9155 9156
f 9157 9158 9159
f 9160 9161 9162
f 9163 9164 9165
f 9166 9167 9168
f 9169 9170 9171
f 9172 9173 9174
f 9175 9176 9177
f 9178 9179 9180
f 9181 9182 9183
f 9184 9185 9186
f 9187 9188 9189
f 9190 9191 9192
f 9193 9194 9195
f 9196 9197 9198
f 9199 9200 9201
f 9202 9203 9204
f 9205 9206 9207
f 9208 9209 9210
f 9211 9212 9213
f 9214 9215 9216
f 9217 9218 9219
f 9220 9221 9222
f 9223 9224 9225
f 9226 9227 9228
f 9229 9230 9231
f 9232 9233 9234
f 9235 9236 9237
f 9238 9239 9240
f 9241 9242 9243
f 9244 9245 9246
f 9247 9248 9249
f 9250 9251 9252
f 9253 9254 9255
f 9256 9257 9258
f 9259 9260 9261
f 9262 9263 9264
f 9265 9266 9267
f 9268 9269 9270
f 9271 9272 9273
f 9274 9275 9276
f 9277 9278 9279
f 9280 9281 9282
f 9283 9284 9285
f 9286 9287 9288
f 9289 9290 9291
f 9292 9293 9294
f 9295 9296 9297
f 9298 9299 9300
f 9301 9302 9303
f 9304 9305 9306
f 9307 9308 9309
f 9310 9311 9312
f 9313 9314 9315
f 9316 9317 9318
f 9319 9320 9321
f 9322 9323 9324
f 9325 9326 9327
f 9328 9329 9330
f 9331 9332 9333
f 9334 9335 9336
f 9337 9338 9339
f 9340 9341 9342
f 9343 9344 9345
f 9346 9347 9348
f 9349 9350 9351
f 9352 9353 9354
f 9355 9356 9357
f 9358 9359 9360
f 9361 9362 9363
f 9364 9365 9366
f 9367 9368 9369
f 9370 9371 9372
f 9373 9374 9375
f 9376 9377 9378
f 9379 9380 9381
f 9382 9383 9384
f 9385 9386 9387
f 9388 9389 9390
f 9391 9392 9393
f 9394 9395 9396
f 9397 9398 9399
f 9400 9401 9402
f 9403 9404 9405
f 9406 9407 9408
f 9409 9410 9411
f 9412 9413 9414
f 9415 9416 9417
f 9418 9419 9420
f 9421 9422 9423
f 9424 9425 9426
f 9427 9428 9429
f 9430 9431 9432
f 9433 9434 9435
f 9436 9437 9438
f 9439 9440 9441
f 9442 9443 9444
f 9445 9446 9447
f 9448 9449 9450
f 9451 9452 9453
f 9454 9455 9456
f 9457 9458 9459
f 9460 9461 9462
f 9463 9464 9465
f 9466 9467 9468
f 9469 9470 9471
f 9472 9473 9474
f 9475 9476 9477
f 9478 9479 9480
f 9481 9482 9483
f 9484 9485 9486
f 9487 9488 9489
f 9490 9491 9492
f 9493 9494 9495
f 9496 9497 9498
f 9499 9500 9501
f 9502 9503 9504
f 9505 9506 9507
f 9508 9509 9510
f 9511 9512 9513
f 9514 9515 9516
f 9517 9518 9519
f 9520 9521 9522
f 9523 9524 9525
f 9526 9527 9528
f 9529 9530 9531
f 9532 9533 9534
f 9535 9536 9537
f 9538 9539 9540
f 9541 9542 9543
f 9544 9545 9546
f 9547 9548 9549
f 9550 9551 9552
f 9553 9554 9555
f 9556 9557 9558
f 9556 9558 9559
f 9560 9561 9562
f 9560 9562 9563
f 9564 9565 9566
f 9564 9566 9567
f 9568 9569 9570
f 9568 9570 9571
f 9572 9573 9574
f 9572 9574 9575
f 9576 9577 9578
f 9576 9578 9579
f 9580 9581 9582
f 9580 9582 9583
f 9584 9585 9586
f 9584 9586 9587
f 9588 9589 9590
f 9588 9590 9591
f 9592 9593 9594
f 9595 9596 9597
f 9598 9599 9600
f 9601 9602 9603
f 9604 9605 9606
f 9607 9608 9609
f 9610 9611 9612
f 9613 9614 9615
f 9616 9617 9618
f 9619 9620 9621
f 9622 9623 9624
f 9625 9626 9627
f 9628 9629 9630
f 9631 9632 9633
f 9634 9635 9636
f 9637 9638 9639
f 9640 9641 9642
f 9643 9644 9645
f 9646 9647 9648
f 9649 9650 9651
f 9652 9653 9654
f 9655 9656 9657
f 9658 9659 9660
f 9661 9662 9663
f 9664 9665 9666
f 9667 9668 9669
f 9670 9671 9672
f 9673 9674 9675
f 9676 9677 9678
f 9679 9680 9681
f 9682 9683 9684
f 9685 9686 9687
f 9688 9689 9690
f 9691 9692 9693
f 9694 9695 9696
f 9697 9698 9699
f 9700 9701 9702
f 9703 9704 9705
f 9706 9707 9708
f 9709 9710 9711
f 9712 9713 9714
f 9715 9716 9717
f 9718 9719 9720
f 9721 9722 9723
f 9724 9725 9726
f 9727 9728 9729
f 9730 9731 9732
f 9733 9734 9735
f 9736 9737 9738
f 9739 9740 9741
f 9742 9743 9744
f 9745 9746 9747
f 9748 9749 9750
f 9751 9752 9753
f 9754 9755 9756
f 9757 9758 9759
f 9760 9761 9762
f 9763 9764 9765
f 9766 9767 9768
f 9769 9770 9771
f 9772 9773 9774
f 9775 9776 9777
f 9778 9779 9780
f 9781 9782 9783
f 9783 9782 9784
f 9785 9786 9787
f 9788 9789 9790
f 9791 9792 9793
f 9794 9795 9796
f 9797 9798 9799
f 9800 9801 9802
f 9803 9804 9805
f 9806 9807 9808
f 9809 9810 9811
f 9812 9813 9814
f 9815 9816 9817
f 9818 9819 9820
f 9821 9822 9823
f 9824 9825 9826
f 9827 9828 9829
f 9830 9831 9832
f 9833 9834 9835
f 9836 9837 9838
f 9839 9840 9841
f 9842 9843 9844
f 9845 9846 9847
f 9848 9849 9850
f 9848 9850 9851
f 9852 9853 9854
f 9855 9856 9857
f 9858 9859 9860
f 9858 9860 9861
f 9862 9863 9864
f 9862 9864 9865
f 9866 9867 9868
f 9869 9870 9871
f 9872 9873 9874
f 9872 9874 9875
f 9876 9877 9878
f 9876 9878 9879
f 9880 9881 9882
f 9880 9882 9883
f 9845 9847 9884
f 9885 9886 9887
f 9885 9887 9888
f 9889 9890 9891
f 9891 9890 9892
f 9893 9894 9895
f 9896 9897 9898
f 9899 9900 9901
f 9902 9903 9904
f 9905 9906 9907
f 9908 9909 9910
f 9911 9912 9913
f 9914 9915 9916
f 9917 9918 9919
f 9920 9921 9922
f 9923 9924 9925
f 9926 9927 9928
f 9929 9930 9931
f 9932 9933 9934
f 9935 9936 9937
f 9938 9939 9940
f 9941 9942 9943
f 9944 9945 9946
f 9947 9948 9949
f 9950 9951 9952
f 9953 9954 9955
f 9956 9957 9958
f 9959 9960 9961
f 9962 9963 9964
f 9965 9966 9967
f 9968 9969 9970
f 9971 9972 9973
f 9974 9975 9976
f 9977 9978 9979
f 9979 9978 9980
f 9981 9982 9983
f 9984 9985 9986
f 9987 9988 9989
f 9990 9991 9992
f 9993 9994 9995
f 9996 9997 9998
f 9999 10000 10001
f 10002 10003 10004
f 10005 10006 10007
f 10008 10009 10010
f 10011 10012 10013
f 10014 10015 10016
f 10017 10018 10019
f 10020 10021 10022
f 10023 10024 10025
f 10026 10027 10028
f 10029 10030 10031
f 10032 10033 10034
f 10035 10036 10037
f 10038 10039 10040
f 10041 10042 10043
f 10044 10045 10046
f 10047 10048 10049
f 10050 10051 10052
f 10053 10054 10055
f 10056 10057 10058
f 10059 10060 10061
f 10062 10063 10064
f 10065 10066 10067
f 10068 10069 10070
f 10071 10072 10073
f 10074 10075 10076
f 10077 10078 10079
f 10080 10081 10082
f 10083 10084 10085
f 10086 10087 10088
f 10089 10090 10091
f 10092 10093 10094
f 10095 10096 10097
f 10098 10099 10100
f 10101 10102 10103
f 10101 10103 10104
f 10105 10106 10107
f 10108 10109 10110
f 10111 10112 10113
f 10114 10115 10116
f 10117 10118 10119
f 10120 10121 10122
f 10123 10124 10125
f 10123 10125 10126
f 10127 10128 10129
f 10127 10129 10130
f 10131 10132 10133
f 10134 10135 10136
f 10137 10138 10139
f 10140 10141 10142
f 10143 10144 10145
f 10143 10145 10146
f 10147 10148 10149
f 10150 10151 10152
f 10150 10152 10153
f 10154 10155 10156
f 10154 10156 10157
f 10158 10159 10160
f 10158 10160 10161
f 10162 10163 10164
f 10162 10164 10165
f 10166 10167 10168
f 10169 10170 10171
f 10172 10173 10174
f 10175 10176 10177
f 10178 10179 10180
f 10181 10182 10183
f 10184 10185 10186
f 10187 10188 10189
f 10187 10189 10190
f 10191 10192 10193
f 10191 10193 10194
f 10195 10196 10197
f 10195 10197 10198
f 10199 10200 10201
f 10199 10201 10202
f 10203 10204 10205
f 10203 10205 10206
f 10207 10208 10209
f 10210 10211 10212
f 10213 10214 10215
f 10216 10217 10218
f 10219 10220 10221
f 10222 10223 10224
f 10225 10226 10227
f 10228 10229 10230
f 10231 10232 10233
f 10234 10235 10236
f 10237 10238 10239
f 10240 10241 10242
f 10243 10244 10245
f 10246 10247 10248
f 10249 10250 10251
f 10252 10253 10254
f 10255 10256 10257
f 10258 10259 10260
f 10261 10262 10263
f 10264 10265 10266
f 10267 10268 10269
f 10270 10271 10272
f 10273 10274 10275
f 10276 10277 10278
f 10279 10280 10281
f 10282 10283 10284
f 10285 10286 10287
f 10288 10289 10290
f 10291 10292 10293
f 10294 10295 10296
f 10297 10298 10299
f 10300 10301 10302
f 10303 10304 10305
f 10306 10307 10308
f 10309 10310 10311
f 10312 10313 10314
f 10315 10316 10317
f 10318 10319 10320
f 10321 10322 10323
f 10324 10325 10326
f 10327 10328 10329
f 10330 10331 10332
f 10333 10334 10335
f 10336 10337 10338
f 10339 10340 10341
f 10342 10343 10344
f 10345 10346 10347
f 10348 10349 10350
f 10351 10352 10353
f 10354 10355 10356
f 10357 10358 10359
f 10360 10361 10362
f 10363 10364 10365
f 10366 10367 10368
f 10369 10370 10371
f 10372 10373 10374
f 10375 10376 10377
f 10378 10379 10380
f 10381 10382 10383
f 10384 10385 10386
f 10387 10388 10389
f 10390 10391 10392
f 10393 10394 10395
f 10396 10397 10398
f 10399 10400 10401
f 10401 10400 10402
f 10403 10404 10405
f 10406 10407 10408
f 10409 10410 10411
f 10412 10413 10414
f 10415 10416 10417
f 10418 10419 10420
f 10421 10422 10423
f 10424 10425 10426
f 10427 10428 10429
f 10430 10431 10432
f 10433 10434 10435
f 10436 10437 10438
f 10439 10440 10441
f 10442 10443 10444
f 10445 10446 10447
f 10448 10449 10450
f 10451 10452 10453
f 10454 10455 10456
f 10457 10458 10459
f 10460 10461 10462
f 10463 10464 10465
f 10466 10467 10468
f 10469 10470 10471
f 10472 10473 10474
f 10475 10476 10477
f 10478 10479 10480
f 10481 10482 10483
f 10484 10485 10486
f 10487 10488 10489
f 10490 10491 10492
f 10493 10494 10495
f 10496 10497 10498
f 10499 10500 10501
f 10502 10503 10504
f 10505 10506 10507
f 10508 10509 10510
f 10511 10512 10513
f 10514 10515 10516
f 10517 10518 10519
f 10520 10521 10522
f 10523 10524 10525
f 10526 10527 10528
f 10528 10527 10529
f 10530 10531 10532
f 10532 10531 10533
f 10534 10535 10536
f 10536 10535 10537
f 10538 10539 10540
f 10540 10539 10541
f 10542 10543 10544
f 10544 10543 10545
f 10546 10547 10548
f 10548 10547 10549
f 10550 10551 10552
f 10552 10551 10553
f 10554 10555 10556
f 10556 10555 10557
f 10558 10559 10560
f 10560 10559 10561
f 10562 10563 10564
f 10564 10563 10565
f 10566 10567 10568
f 10568 10567 10569
f 10570 10571 10572
f 10572 10571 10573
f 10574 10575 10576
f 10576 10575 10577
f 10578 10579 10580
f 10580 10579 10581
f 10582 10583 10584
f 10584 10583 10585
f 10586 10587 10588
f 10588 10587 10589
f 10590 10591 10592
f 10592 10591 10593
f 10594 10595 10596
f 10596 10595 10597
f 10598 10599 10600
f 10601 10602 10603
f 10604 10605 10606
f 10607 10608 10609
f 10610 10611 10612
f 10612 10611 10613
f 10614 10615 10616
f 10617 10618 10619
f 10620 10621 10622
f 10622 10621 10623
f 10624 10625 10626
f 10626 10625 10627
f 10628 10629 10630
f 10630 10629 10631
f 10632 10633 10634
f 10634 10633 10635
f 10636 10637 10638
f 10638 10637 10639
f 10640 10641 10642
f 10642 10641 10643
f 10644 10645 10646
f 10646 10645 10647
f 10648 10649 10650
f 10650 10649 10651
f 10652 10653 10654
f 10654 10653 10655
f 10656 10657 10658
f 10658 10657 10659
f 10660 10661 10662
f 10662 10661 10663
f 10664 10665 10666
f 10666 10665 10667
f 10668 10669 10670
f 10670 10669 10671
f 10672 10673 10674
f 10675 10676 10677
f 10678 10679 10680
f 10681 10682 10683
f 10684 10685 10686
f 10687 10688 10689
f 10690 10691 10692
f 10692 10691 10693
f 10694 10695 10696
f 10696 10695 10697
f 10698 10699 10700
f 10700 10699 10701
f 10702 10703 10704
f 10704 10703 10705
f 10706 10707 10708
f 10708 10707 10709
f 10710 10711 10712
f 10712 10711 10713
f 10714 10715 10716
f 10716 10715 10717
f 10718 10719 10720
f 10720 10719 10721
f 10722 10723 10724
f 10724 10723 10725
f 10726 10727 10728
f 10728 10727 10729
f 10730 10731 10732
f 10733 10734 10735
f 10736 10737 10738
f 10738 10737 10739
f 10740 10741 10742
f 10742 10741 10743
f 10744 10745 10746
f 10746 10745 10747
f 10748 10749 10750
f 10750 10749 10751
f 10752 10753 10754
f 10755 10756 10757
f 10758 10759 10760
f 10761 10762 10763
f 10764 10765 10766
f 10767 10768 10769
f 10770 10771 10772
f 10773 10774 10775
f 10776 10777 10778
f 10779 10780 10781
f 10782 10783 10784
f 10785 10786 10787
f 10788 10789 10790
f 10791 10792 10793
f 10794 10795 10796
f 10797 10798 10799
f 10800 10801 10802
f 10803 10804 10805
f 10806 10807 10808
f 10809 10810 10811
f 10812 10813 10814
f 10815 10816 10817
f 10818 10819 10820
f 10821 10822 10823
f 10824 10825 10826
f 10827 10828 10829
f 10830 10831 10832
f 10833 10834 10835
f 10836 10837 10838
f 10839 10840 10841
f 10842 10843 10844
f 10845 10846 10847
f 10848 10849 10850
f 10851 10852 10853
f 10854 10855 10856
f 10857 10858 10859
f 10860 10861 10862
f 10863 10864 10865
f 10866 10867 10868
f 10869 10870 10871
f 10872 10873 10874
f 10875 10876 10877
f 10878 10879 10880
f 10881 10882 10883
f 10884 10885 10886
f 10887 10888 10889
f 10890 10891 10892
f 10893 10894 10895
f 10896 10897 10898
f 10899 10900 10901
f 10902 10903 10904
f 10905 10906 10907
f 10908 10909 10910
f 10911 10912 10913
f 10914 10915 10916
f 10917 10918 10919
f 10920 10921 10922
f 10923 10924 10925
f 10926 10927 10928
f 10929 10930 10931
f 10932 10933 10934
f 10935 10936 10937
f 10938 10939 10940
f 10941 10942 10943
f 10944 10945 10946
f 10947 10948 10949
f 10950 10951 10952
f 10953 10954 10955
f 10956 10957 10958
f 10959 10960 10961
f 10962 10963 10964
f 10965 10966 10967
f 10968 10969 10970
f 10971 10972 10973
f 10974 10975 10976
f 10977 10978 10979
f 10980 10981 10982
f 10983 10984 10985
f 10986 10987 10988
f 10989 10990 10991
f 10992 10993 10994
f 10995 10996 10997
f 10998 10999 11000
f 11001 11002 11003
f 11004 11005 11006
f 11007 11008 11009
f 11010 11011 11012
f 11013 11014 11015
f 11016 11017 11018
f 11019 11020 11021
f 11022 11023 11024
f 11025 11026 11027
f 11028 11029 11030
f 11031 11032 11033
f 11034 11035 11036
f 11037 11038 11039
f 11040 11041 11042
f 11043 11044 11045
f 11046 11047 11048
f 11049 11050 11051
f 11052 11053 11054
f 11055 11056 11057
f 11058 11059 11060
f 11061 11062 11063
f 11064 11065 11066
f 11067 11068 11069
f 11070 11071 11072
f 11073 11074 11075
f 11076 11077 11078
f 11079 11080 11081
f 11082 11083 11084
f 11085 11086 11087
f 11088 11089 11090
f 11091 11092 11093
f 11094 11095 11096
f 11097 11098 11099
f 11100 11101 11102
f 11103 11104 11105
f 11106 11107 11108
f 11109 11110 11111
f 11112 11113 11114
f 11115 11116 11117
f 11118 11119 11120
f 11121 11122 11123
f 11124 11125 11126
f 11127 11128 11129
f 11130 11131 11132
f 11133 11134 11135
f 11136 11137 11138
f 11139 11140 11141
f 11142 11143 11144
f 11145 11146 11147
f 11148 11149 11150
f 11151 11152 11153
f 11154 11155 11156
f 11157 11158 11159
f 11160 11161 11162
f 11163 11164 11165
f 11166 11167 11168
f 11169 11170 11171
f 11172 11173 11174
f 11175 11176 11177
f 11178 11179 11180
f 11181 11182 11183
f 11184 11185 11186
f 11187 11188 11189
f 11190 11191 11192
f 11193 11194 11195
f 11196 11197 11198
f 11199 11200 11201
f 11202 11203 11204
f 11205 11206 11207
f 11208 11209 11210
f 11211 11212 11213
f 11214 11215 11216
f 11217 11218 11219
f 11220 11221 11222
f 11223 11224 11225
f 11226 11227 11228
f 11229 11230 11231
f 11232 11233 11234
f 11235 11236 11237
f 11238 11239 11240
f 11241 11242 11243
f 11244 11245 11246
f 11247 11248 11249
f 11250 11251 11252
f 11253 11254 11255
f 11256 11257 11258
f 11259 11260 11261
f 11262 11263 11264
f 11265 11266 11267
f 11268 11269 11270
f 11271 11272 11273
f 11274 11275 11276
f 11277 11278 11279
f 11280 11281 11282
f 11282 11281 11283
f 11284 11285 11286
f 11286 11285 11287
f 11288 11289 11290
f 11291 11292 11293
f 11294 11295 11296
f 11297 11298 11299
f 11300 11301 11302
f 11303 11304 11305
f 11306 11307 11308
f 11309 11310 11311
f 11312 11313 11314
f 11315 11316 11317
f 11318 11319 11320
f 11321 11322 11323
f 11324 11325 11326
f 11327 11328 11329
f 11330 11331 11332
f 11333 11334 11335
f 11336 11337 11338
f 11339 11340 11341
f 11342 11343 11344
f 11345 11346 11347
f 11348 11349 11350
f 11351 11352 11353
f 11354 11355 11356
f 11357 11358 11359
f 11360 11361 11362
f 11363 11364 11365
f 11366 11367 11368
f 11369 11370 11371
f 11372 11373 11374
f 11375 11376 11377
f 11378 11379 11380
f 11381 11382 11383
f 11384 11385 11386
f 11387 11388 11389
f 11390 11391 11392
f 11393 11394 11395
f 11396 11397 11398
f 11399 11400 11401
f 11402 11403 11404
f 11405 11406 11407
f 11408 11409 11410
f 11411 11412 11413
f 11414 11415 11416
f 11417 11418 11419
f 11420 11421 11422
f 11423 11424 11425
f 11426 11427 11428
f 11429 11430 11431
f 11432 11433 11434
f 11435 11436 11437
f 11438 11439 11440
f 11441 11442 11443
f 11444 11445 11446
f 11447 11448 11449
f 11450 11451 11452
f 11453 11454 11455
f 11456 11457 11458
f 11459 11460 11461
f 11462 11463 11464
f 11465 11466 11467
f 11468 11469 11470
f 11471 11472 11473
f 11474 11475 11476
f 11477 11478 11479
f 11480 11481 11482
f 11483 11484 11485
f 11486 11487 11488
f 11489 11490 11491
f 11492 11493 11494
f 11495 11496 11497
f 11498 11499 11500
f 11501 11502 11503
f 11504 11505 11506
f 11507 11508 11509
f 11510 11511 11512
f 11513 11514 11515
f 11516 11517 11518
f 11519 11520 11521
f 11522 11523 11524
f 11525 11526 11527
f 11528 11529 11530
f 11531 11532 11533
f 11534 11535 11536
f 11537 11538 11539
f 11540 11541 11542
f 11543 11544 11545
f 11546 11547 11548
f 11549 11550 11551
f 11552 11553 11554
f 11555 11556 11557
f 11558 11559 11560
f 11561 11562 11563
f 11564 11565 11566
f 11567 11568 11569
f 11570 11571 11572
f 11573 11574 11575
f 11576 11577 11578
f 11579 11580 11581
f 11582 11583 11584
f 11585 11586 11587
f 11588 11589 11590
f 11591 11592 11593
f 11594 11595 11596
f 11597 11598 11599
f 11600 11601 11602
f 11603 11604 11605
f 11606 11607 11608
f 11609 11610 11611
f 11612 11613 11614
f 11615 11616 11617
f 11618 11619 11620
f 11621 11622 11623
f 11624 11625 11626
f 11627 11628 11629
f 11630 11631 11632
f 11633 11634 11635
f 11636 11637 11638
f 11639 11640 11641
f 11642 11643 11644
f 11645 11646 11647
f 11648 11649 11650
f 11651 11652 11653
f 11654 11655 11656
f 11657 11658 11659
f 11660 11661 11662
f 11663 11664 11665
f 11666 11667 11668
f 11669 11670 11671
f 11672 11673 11674
f 11675 11676 11677
f 11678 11679 11680
f 11681 11682 11683
f 11684 11685 11686
f 11687 11688 11689
f 11690 11691 11692
f 11693 11694 11695
f 11696 11697 11698
f 11699 11700 11701
f 11702 11703 11704
f 11705 11706 11707
f 11708 11709 11710
f 11711 11712 11713
f 11714 11715 11716
f 11717 11718 11719
f 11720 11721 11722
f 11723 11724 11725
f 11726 11727 11728
f 11729 11730 11731
f 11732 11733 11734
f 11735 11736 11737
f 11738 11739 11740
f 11741 11742 11743
f 11744 11745 11746
f 11747 11748 11749
f 11750 11751 11752
f 11753 11754 11755
f 11756 11757 11758
f 11759 11760 11761
f 11762 11763 11764
f 11765 11766 11767
f 11768 11769 11770
f 11771 11772 11773
f 11774 11775 11776
f 11776 11775 11777
f 11778 11779 11780
f 11781 11782 11783
f 11784 11785 11786
f 11787 11788 11789
f 11790 11791 11792
f 11793 11794 11795
f 11796 11797 11798
f 11799 11800 11801
f 11802 11803 11804
f 11805 11806 11807
f 11808 11809 11810
f 11811 11812 11813
f 11814 11815 11816
f 11817 11818 11819
f 11820 11821 11822
f 11823 11824 11825
f 11826 11827 11828
f 11829 11830 11831
f 11832 11833 11834
f 11835 11836 11837
f 11838 11839 11840
f 11841 11842 11843
f 11844 11845 11846
f 11847 11848 11849
f 11850 11851 11852
f 11853 11854 11855
f 11856 11857 11858
f 11859 11860 11861
f 11862 11863 11864
f 11865 11866 11867
f 11868 11869 11870
f 11871 11872 11873
f 11874 11875 11876
f 11877 11878 11879
f 11880 11881 11882
f 11883 11884 11885
f 11886 11887 11888
f 11889 11890 11891
f 11892 11893 11894
f 11895 11896 11897
f 11898 11899 11900
f 11901 11902 11903
f 11904 11905 11906
f 11907 11908 11909
f 11910 11911 11912
f 11913 11914 11915
f 11916 11917 11918
f 11919 11920 11921
f 11922 11923 11924
f 11925 11926 11927
f 11928 11929 11930
f 11931 11932 11933
f 11934 11935 11936
f 11937 11938 11939
f 11940 11941 11942
f 11943 11944 11945
f 11946 11947 11948
f 11949 11950 11951
f 11952 11953 11954
f 11955 11956 11957
f 11958 11959 11960
f 11961 11962 11963
f 11964 11965 11966
f 11967 11968 11969
f 11970 11971 11972
f 11973 11974 11975
f 11976 11977 11978
f 11979 11980 11981
f 11982 11983 11984
f 11985 11986 11987
f 11988 11989 11990
f 11991 11992 11993
f 11994 11995 11996
f 11997 11998 11999
f 12000 12001 12002
f 12000 12002 12003
f 12004 12005 12006
f 12007 12008 12009
f 12010 12011 12012
f 12013 12014 12015
f 12016 12017 12018
f 12016 12018 12019
f 12020 12021 12022
f 12023 12024 12025
f 12026 12027 12028
f 12029 12030 12031
f 12032 12033 12034
f 12035 12036 12037
f 12038 12039 12040
f 12041 12042 12043
f 12044 12045 12046
f 12047 12048 12049
f 12050 12051 12052
f 12053 12054 12055
f 12056 12057 12058
f 12059 12060 12061
f 12062 12063 12064
f 12065 12066 12067
f 12068 12069 12070
f 12071 12072 12073
f 12074 12075 12076
f 12077 12078 12079
f 12080 12081 12082
f 12083 12084 12085
f 12086 12087 12088
f 12089 12090 12091
f 12092 12093 12094
f 12095 12096 12097
f 12098 12099 12100
f 12101 12102 12103
f 12104 12105 12106
f 12107 12108 12109
f 12110 12111 12112
f 12113 12114 12115
f 12116 12117 12118
f 12119 12120 12121
f 12122 12123 12124
f 12125 12126 12127
f 12128 12129 12130
f 12131 12132 12133
f 12134 12135 12136
f 12137 12138 12139
f 12140 12141 12142
f 12143 12144 12145
f 12146 12147 12148
f 12149 12150 12151
f 12152 12153 12154
f 12155 12156 12157
f 12158 12159 12160
f 12161 12162 12163
f 12164 12165 12166
f 12166 12165 12167
f 12168 12169 12170
f 12171 12172 12173
f 12174 12175 12176
f 12177 12178 12179
f 12180 12181 12182
f 12183 12184 12185
f 12186 12187 12188
f 12189 12190 12191
f 12192 12193 12194
f 12195 12196 12197
f 12198 12199 12200
f 12201 12202 12203
f 12204 12205 12206
f 12207 12208 12209
f 12209 12208 12210
f 12209 12210 12211
f 12212 12213 12214
f 12215 12216 12217
f 12218 12219 12220
f 12221 12222 12223
f 12224 12225 12226
f 12227 12228 12229
f 12230 12231 12232
f 12233 12234 12235
f 12236 12237 12238
f 12239 12240 12241
f 12242 12243 12244
f 12245 12246 12247
f 12248 12249 12250
f 12251 12252 12253
f 12254 12255 12256
f 12257 12258 12259
f 12260 12261 12262
f 12263 12264 12265
f 12266 12267 12268
f 12269 12270 12271
f 12272 12273 12274
f 12275 12276 12277
f 12278 12279 12280
f 12281 12282 12283
f 12284 12285 12286
f 12287 12288 12289
f 12290 12291 12292
f 12293 12294 12295
f 12296 12297 12298
f 12299 12300 12301
f 12302 12303 12304
f 12305 12306 12307
f 12308 12309 12310
f 12311 12312 12313
f 12314 12315 12316
f 12317 12318 12319
f 12320 12321 12322
f 12323 12324 12325
f 12326 12327 12328
f 12329 12330 12331
f 12332 12333 12334
f 12335 12336 12337
f 12338 12339 12340
f 12341 12342 12343
f 12344 12345 12346
f 12347 12348 12349
f 12350 12351 12352
f 12353 12354 12355
f 12356 12357 12358
f 12359 12360 12361
f 12362 12363 12364
f 12365 12366 12367
f 12368 12369 12370
f 12371 12372 12373
f 12374 12375 12376
f 12377 12378 12379
f 12380 12381 12382
f 12383 12384 12385
f 12386 12387 12388
f 12389 12390 12391
f 12392 12393 12394
f 12395 12396 12397
f 12398 12399 12400
f 12401 12402 12403
f 12404 12405 12406
f 12407 12408 12409
f 12410 12411 12412
f 12413 12414 12415
f 12416 12417 12418
f 12419 12420 12421
f 12422 12423 12424
f 12425 12426 12427
f 12428 12429 12430
f 12431 12432 12433
f 12434 12435 12436
f 12436 12435 12437
f 12438 12439 12440
f 12441 12442 12443
f 12444 12445 12446
f 12447 12448 12449
f 12450 12451 12452
f 12453 12454 12455
f 12456 12457 12458
f 12459 12460 12461
f 12462 12463 12464
f 12465 12466 12467
f 12468 12469 12470
f 12471 12472 12473
f 12474 12475 12476
f 12477 12478 12479
f 12480 12481 12482
f 12483 12484 12485
f 12486 12487 12488
f 12489 12490 12491
f 12492 12493 12494
f 12495 12496 12497
f 12498 12499 12500
f 12500 12499 12501
f 12502 12503 12504
f 12505 12506 12507
f 12508 12509 12510
f 12511 12512 12513
f 12514 12515 12516
f 12517 12518 12519
f 12520 12521 12522
f 12523 12524 12525
f 12526 12527 12528
f 12529 12530 12531
f 12532 12533 12534
f 12535 12536 12537
f 12538 12539 12540
f 12541 12542 12543
f 12544 12545 12546
f 12547 12548 12549
f 12550 12551 12552
f 12553 12554 12555
f 12556 12557 12558
f 12559 12560 12561
f 12562 12563 12564
f 12564 12563 12565
f 12566 12567 12568
f 12569 12570 12571
f 12572 12573 12574
f 12575 12576 12577
f 12578 12579 12580
f 12581 12582 12583
f 12584 12585 12586
f 12587 12588 12589
f 12590 12591 12592
f 12593 12594 12595
f 12596 12597 12598
f 12599 12600 12601
f 12601 12600 12602
f 12603 12604 12605
f 12606 12607 12608
f 12609 12610 12611
f 12612 12602 12613
f 12612 12613 12614
f 12614 12613 12615
f 12614 12615 12616
f 12617 12618 12619
f 12619 12618 12620
f 12621 12622 12623
f 12624 12625 12626
f 12627 12628 12629
f 12630 12631 12632
f 12633 12634 12635
f 12636 12637 12638
f 12639 12640 12641
f 12642 12643 12644
f 12645 12646 12647
f 12648 12649 12650
f 12651 12652 12653
f 12654 12655 12656
f 12657 12658 12659
f 12660 12661 12662
f 12663 12664 12665
f 12666 12667 12668
f 12669 12670 12671
f 12672 12673 12674
f 12675 12676 12677
f 12678 12679 12680
f 12681 12682 12683
f 12684 12685 12686
f 12687 12688 12689
f 12690 12691 12692
f 12693 12694 12695
f 12696 12697 12698
f 12699 12700 12701
f 12702 12703 12704
f 12705 12706 12707
f 12708 12709 12710
f 12711 12712 12713
f 12714 12715 12716
f 12717 12718 12719
f 12720 12721 12722
f 12723 12724 12725
f 12726 12727 12728
f 12729 12730 12731
f 12732 12733 12734
f 12735 12736 12737
f 12738 12739 12740
f 12741 12742 12743
f 12744 12745 12746
f 12745 12747 12746
f 12746 12747 12748
f 12746 12748 12749
f 12749 12748 12750
f 12749 12750 12751
f 12751 12750 12752
f 12751 12752 12753
f 12753 12752 12754
f 12755 12756 12757
f 12757 12756 12758
f 12757 12758 12759
f 12759 12760 12757
f 12757 12760 12761
f 12757 12761 12762
f 12757 12763 12755
f 12755 12763 12764
f 12755 12764 12765
f 12766 12767 12768
f 12765 12769 12770
f 12770 12769 12771
f 12770 12772 12773
f 12774 12775 12776
f 12773 12777 12778
f 12779 12780 12781
f 12778 12782 12746
f 12746 12782 12783
f 12746 12783 12784
f 12784 12785 12746
f 12746 12785 12786
f 12787 12788 12789
f 12790 12791 12792
f 12792 12791 12793
f 12792 12793 12794
f 12794 12793 12795
f 12794 12795 12796
f 12796 12795 12797
f 12796 12797 12798
f 12798 12797 12799
f 12798 12799 12800
f 12800 12799 12801
f 12800 12801 12802
f 12802 12801 12803
f 12802 12803 12804
f 12804 12803 12805
f 12804 12805 12806
f 12806 12805 12807
f 12806 12807 12808
f 12808 12807 12809
f 12808 12809 12810
f 12810 12809 12811
f 12810 12811 12812
f 12812 12811 12813
f 12812 12813 12754
f 12754 12813 12814
f 12754 12814 12753
f 12815 12816 12817
f 12818 12819 12746
f 12820 12821 12822
f 12746 12823 12744
f 12824 12825 12826
f 12826 12825 12790
f 12826 12790 12827
f 12827 12790 12792
f 12824 12828 12825
f 12829 12830 12831
f 12825 12832 12817
f 12833 12834 12835
f 12817 12836 12815
f 12837 12838 12839
f 12840 12841 12842
f 12843 12844 12845
f 12846 12847 12848
f 12849 12850 12851
f 12852 12853 12854
f 12855 12856 12857
f 12858 12859 12860
f 12861 12862 12863
f 12864 12865 12866
f 12867 12868 12869
f 12870 12871 12872
f 12873 12874 12875
f 12876 12877 12878
f 12879 12880 12881
f 12882 12883 12884
f 12885 12886 12887
f 12888 12889 12890
f 12891 12892 12893
f 12894 12895 12896
f 12897 12898 12899
f 12900 12901 12902
f 12903 12904 12905
f 12906 12907 12908
f 12909 12910 12911
f 12912 12913 12914
f 12915 12916 12917
f 12918 12919 12920
f 12921 12922 12923
f 12924 12925 12926
f 12927 12928 12929
f 12930 12931 12932
f 12933 12934 12935
f 12936 12937 12938
f 12939 12940 12941
f 12942 12943 12944
f 12945 12946 12947
f 12948 12949 12950
f 12951 12952 12953
f 12954 12955 12956
f 12957 12958 12959
f 12960 12961 12962
f 12963 12964 12965
f 12966 12967 12968
f 12969 12970 12971
f 12972 12973 12974
f 12975 12976 12977
f 12978 12979 12980
f 12981 12982 12983
f 12984 12985 12986
f 12987 12988 12989
f 12990 12991 12992
f 12993 12994 12995
f 12996 12997 12998
f 12999 13000 13001
f 13002 13003 13004
f 13005 13006 13007
f 13008 13009 13010
f 13011 13012 13013
f 13014 13015 13016
f 13017 13018 13019
f 13020 13021 13022
f 13023 13024 13025
f 13026 13027 13028
f 13029 13030 13031
f 13032 13033 13034
f 13035 13036 13037
f 13038 13039 13040
f 13041 13042 13043
f 13044 13045 13046
f 13047 13048 13049
f 13050 13051 13052
f 13053 13054 13055
f 13056 13057 13058
f 13059 13060 13061
f 13062 13063 13064
f 12977 13065 12975
f 13066 13067 13068
f 13069 13070 13071
f 13072 13073 13074
f 13075 13076 13077
f 13075 13077 13078
f 13079 13080 13081
f 13079 13081 13082
f 13083 13084 13085
f 13083 13085 13086
f 13087 13088 13089
f 13087 13089 13090
f 13091 13092 13093
f 13091 13093 13094
f 13095 13096 13097
f 13095 13097 13098
f 13099 13100 13101
f 13099 13101 13102
f 13103 13104 13105
f 13103 13105 13106
f 13107 13108 13109
f 13107 13109 13110
f 13111 13112 13113
f 13111 13113 13114
f 13115 13116 13117
f 13115 13117 13118
f 13119 13120 13121
f 13119 13121 13122
f 13123 13124 13125
f 13123 13125 13126
f 13127 13128 13129
f 13127 13129 13130
f 13131 13132 13133
f 13131 13133 13134
f 13135 13136 13137
f 13135 13137 13138
f 13139 13140 13141
f 13139 13141 13142
f 13143 13144 13145
f 13143 13145 13146
f 13147 13148 13149
f 13147 13149 13150
f 13151 13152 13153
f 13151 13153 13154
f 13155 13156 13157
f 13155 13157 13158
f 13159 13160 13161
f 13162 13163 13164
f 13165 13166 13167
f 13168 13169 13170
f 13171 13172 13173
f 13174 13175 13176
f 13177 13178 13179
f 13180 13181 13182
f 13183 13184 13185
f 13186 13187 13188
f 13189 13190 13191
f 13192 13193 13194
f 13195 13196 13197
f 13198 13199 13200
f 13201 13202 13203
f 13204 13205 13206
f 13207 13208 13209
f 13210 13211 13212
f 13213 13214 13215
f 13216 13217 13218
f 13219 13220 13221
f 13222 13223 13224
f 13225 13226 13227
f 13228 13229 13230
f 13231 13232 13233
f 13234 13235 13236
f 13237 13238 13239
f 13240 13241 13242
f 13243 13244 13245
f 13246 13247 13248
f 13249 13250 13251
f 13252 13253 13254
f 13255 13256 13257
f 13258 13259 13260
f 13261 13262 13263
f 13264 13265 13266
f 13267 13268 13269
f 13270 13271 13272
f 13273 13274 13275
f 13276 13277 13278
f 13279 13280 13281
f 13282 13283 13284
f 13285 13286 13287
f 13288 13289 13290
f 13291 13292 13293
f 13294 13295 13296
f 13297 13298 13299
f 13300 13301 13302
f 13303 13304 13305
f 13306 13307 13308
