mtllib waist_support_link_visuals.mtl
v 0.03543378412723541 -0.02638128586113453 0.012583873234689236
v 0.035477012395858765 -0.026624830439686775 0.012594596482813358
v 0.03565782681107521 -0.02607038803398609 0.012570108287036419
v -0.0021050514187663794 -0.06307852268218994 0.04317446053028107
v 0.032081086188554764 -0.063078373670578 0.043173037469387054
v 0.03208465129137039 -0.061368200927972794 0.0375514030456543
v 0.032863549888134 -0.03540128841996193 0.013230965472757816
v 0.034360527992248535 -0.02998840995132923 0.012765052728354931
v 0.032721057534217834 -0.02975759096443653 0.012751421891152859
v 0.035477012395858765 -0.026624830439686775 0.012594596482813358
v 0.03543378412723541 -0.02638128586113453 0.012583873234689236
v 0.035268474370241165 -0.027239950373768806 0.012620599009096622
v 0.035268474370241165 -0.027239950373768806 0.012620599009096622
v 0.03543378412723541 -0.02638128586113453 0.012583873234689236
v 0.03454599902033806 -0.027561040595173836 0.012637143023312092
v 0.035268474370241165 -0.027239950373768806 0.012620599009096622
v 0.03454599902033806 -0.027561040595173836 0.012637143023312092
v 0.034360527992248535 -0.02998840995132923 0.012765052728354931
v 0.034360527992248535 -0.02998840995132923 0.012765052728354931
v 0.03454599902033806 -0.027561040595173836 0.012637143023312092
v 0.03362231329083443 -0.02870825119316578 0.01269370038062334
v 0.034360527992248535 -0.02998840995132923 0.012765052728354931
v 0.03362231329083443 -0.02870825119316578 0.01269370038062334
v 0.032721057534217834 -0.02975759096443653 0.012751421891152859
v 0.032085102051496506 -0.04246530309319496 0.014597239904105663
v 0.03219598904252052 -0.03930563107132912 0.013838102109730244
v 0.020928718149662018 -0.03923368826508522 0.013824007473886013
v 0.032721057534217834 -0.02975759096443653 0.012751421891152859
v 0.03166816383600235 -0.030905427411198616 0.012823083437979221
v 0.032863549888134 -0.03540128841996193 0.013230965472757816
v 0.032863549888134 -0.03540128841996193 0.013230965472757816
v 0.03166816383600235 -0.030905427411198616 0.012823083437979221
v 0.02733246050775051 -0.03490886464715004 0.013173763640224934
v 0.032863549888134 -0.03540128841996193 0.013230965472757816
v 0.02733246050775051 -0.03490886464715004 0.013173763640224934
v 0.03219598904252052 -0.03930563107132912 0.013838102109730244
v 0.03219598904252052 -0.03930563107132912 0.013838102109730244
v 0.02733246050775051 -0.03490886464715004 0.013173763640224934
v 0.02459944412112236 -0.03695238009095192 0.013436906971037388
v 0.03219598904252052 -0.03930563107132912 0.013838102109730244
v 0.02459944412112236 -0.03695238009095192 0.013436906971037388
v 0.020928718149662018 -0.03923368826508522 0.013824007473886013
v 0.032082922756671906 -0.04837796464562416 0.017091428861021996
v 0.032084956765174866 -0.046252015978097916 0.015983926132321358
v 0.006560467183589935 -0.04428381100296974 0.015185012482106686
v 0.006560467183589935 -0.04428381100296974 0.015185012482106686
v 0.032084956765174866 -0.046252015978097916 0.015983926132321358
v 0.032085057348012924 -0.045537207275629044 0.015671640634536743
v 0.006560467183589935 -0.04428381100296974 0.015185012482106686
v 0.032085057348012924 -0.045537207275629044 0.015671640634536743
v 0.013899575918912888 -0.04239213839173317 0.014576167799532413
v 0.013899575918912888 -0.04239213839173317 0.014576167799532413
v 0.032085057348012924 -0.045537207275629044 0.015671640634536743
v 0.032085102051496506 -0.04246530309319496 0.014597239904105663
v 0.013899575918912888 -0.04239213839173317 0.014576167799532413
v 0.032085102051496506 -0.04246530309319496 0.014597239904105663
v 0.014995554462075233 -0.041992638260126114 0.014464358799159527
v 0.014995554462075233 -0.041992638260126114 0.014464358799159527
v 0.032085102051496506 -0.04246530309319496 0.014597239904105663
v 0.020928718149662018 -0.03923368826508522 0.013824007473886013
v -0.006387707311660051 -0.04458865895867348 0.015296720899641514
v -0.009649738669395447 -0.04407036677002907 0.015109199099242687
v -0.036294061690568924 -0.04854810610413551 0.017196830362081528
v 0.006560467183589935 -0.04428381100296974 0.015185012482106686
v 0.004463434685021639 -0.04458874836564064 0.015296748839318752
v 0.032082922756671906 -0.04837796464562416 0.017091428861021996
v 0.032082922756671906 -0.04837796464562416 0.017091428861021996
v 0.004463434685021639 -0.04458874836564064 0.015296748839318752
v 0.0009305296116508543 -0.044877175241708755 0.015406264923512936
v 0.032082922756671906 -0.04837796464562416 0.017091428861021996
v 0.0009305296116508543 -0.044877175241708755 0.015406264923512936
v -0.036294061690568924 -0.04854810610413551 0.017196830362081528
v -0.036294061690568924 -0.04854810610413551 0.017196830362081528
v 0.0009305296116508543 -0.044877175241708755 0.015406264923512936
v -0.0033019143156707287 -0.044856104999780655 0.015398132614791393
v -0.036294061690568924 -0.04854810610413551 0.017196830362081528
v -0.0033019143156707287 -0.044856104999780655 0.015398132614791393
v -0.006387707311660051 -0.04458865895867348 0.015296720899641514
v -0.03629160672426224 -0.056126270443201065 0.025042667984962463
v 0.03208388015627861 -0.05655542388558388 0.025778308510780334
v -0.03629111498594284 -0.05392790213227272 0.02189665660262108
v -0.03629111498594284 -0.05392790213227272 0.02189665660262108
v 0.03208388015627861 -0.05655542388558388 0.025778308510780334
v 0.032082799822092056 -0.05437922850251198 0.022469177842140198
v -0.03629111498594284 -0.05392790213227272 0.02189665660262108
v 0.032082799822092056 -0.05437922850251198 0.022469177842140198
v -0.03629106283187866 -0.05313894525170326 0.020981840789318085
v -0.03629106283187866 -0.05313894525170326 0.020981840789318085
v 0.032082799822092056 -0.05437922850251198 0.022469177842140198
v 0.03208209574222565 -0.05313873663544655 0.020982056856155396
v -0.03629106283187866 -0.05313894525170326 0.020981840789318085
v 0.03208209574222565 -0.05313873663544655 0.020982056856155396
v -0.03629210963845253 -0.05153993144631386 0.019401084631681442
v -0.03629210963845253 -0.05153993144631386 0.019401084631681442
v 0.03208209574222565 -0.05313873663544655 0.020982056856155396
v 0.03208142891526222 -0.05202725902199745 0.019845686852931976
v -0.03629210963845253 -0.05153993144631386 0.019401084631681442
v 0.03208142891526222 -0.05202725902199745 0.019845686852931976
v -0.036294061690568924 -0.04854810610413551 0.017196830362081528
v -0.036294061690568924 -0.04854810610413551 0.017196830362081528
v 0.03208142891526222 -0.05202725902199745 0.019845686852931976
v 0.03208190202713013 -0.04918063059449196 0.017591778188943863
v -0.036294061690568924 -0.04854810610413551 0.017196830362081528
v 0.03208190202713013 -0.04918063059449196 0.017591778188943863
v 0.032082922756671906 -0.04837796464562416 0.017091428861021996
v -0.03629160672426224 -0.056126270443201065 0.025042667984962463
v -0.03629260137677193 -0.05685291066765785 0.026314079761505127
v 0.03208388015627861 -0.05655542388558388 0.025778308510780334
v 0.03208388015627861 -0.05655542388558388 0.025778308510780334
v -0.03629260137677193 -0.05685291066765785 0.026314079761505127
v -0.03629437834024429 -0.05813941732048988 0.02890148013830185
v 0.03208388015627861 -0.05655542388558388 0.025778308510780334
v -0.03629437834024429 -0.05813941732048988 0.02890148013830185
v 0.03208466246724129 -0.05877966061234474 0.030360784381628036
v -0.03629437834024429 -0.05813941732048988 0.02890148013830185
v -0.03629511594772339 -0.060134176164865494 0.03386876359581947
v 0.03208466246724129 -0.05877966061234474 0.030360784381628036
v 0.03208466246724129 -0.05877966061234474 0.030360784381628036
v -0.03629511594772339 -0.060134176164865494 0.03386876359581947
v -0.03629419580101967 -0.060832682996988297 0.035898081958293915
v 0.03208466246724129 -0.05877966061234474 0.030360784381628036
v -0.03629419580101967 -0.060832682996988297 0.035898081958293915
v 0.03208465129137039 -0.061368200927972794 0.0375514030456543
v 0.03208465129137039 -0.061368200927972794 0.0375514030456543
v -0.03629419580101967 -0.060832682996988297 0.035898081958293915
v -0.03629396855831146 -0.06099260225892067 0.036382947117090225
v 0.03208465129137039 -0.061368200927972794 0.0375514030456543
v -0.03629396855831146 -0.06099260225892067 0.036382947117090225
v -0.0021050514187663794 -0.06307852268218994 0.04317446053028107
v -0.0021050514187663794 -0.06307852268218994 0.04317446053028107
v -0.03629396855831146 -0.06099260225892067 0.036382947117090225
v -0.03629322722554207 -0.06294125318527222 0.042713508009910583
v -0.0021050514187663794 -0.06307852268218994 0.04317446053028107
v -0.03629322722554207 -0.06294125318527222 0.042713508009910583
v -0.036291275173425674 -0.06307858228683472 0.04317287355661392
v -0.016919231042265892 -0.041992638260126114 0.014464358799159527
v -0.036294933408498764 -0.042393092066049576 0.014573193155229092
v -0.015823252499103546 -0.04239213839173317 0.014576167799532413
v -0.015823252499103546 -0.04239213839173317 0.014576167799532413
v -0.036294933408498764 -0.042393092066049576 0.014573193155229092
v -0.036295004189014435 -0.045336876064538956 0.015587481670081615
v -0.015823252499103546 -0.04239213839173317 0.014576167799532413
v -0.036295004189014435 -0.045336876064538956 0.015587481670081615
v -0.009649738669395447 -0.04407036677002907 0.015109199099242687
v -0.009649738669395447 -0.04407036677002907 0.015109199099242687
v -0.036295004189014435 -0.045336876064538956 0.015587481670081615
v -0.03629467636346817 -0.04692373052239418 0.01630423590540886
v -0.009649738669395447 -0.04407036677002907 0.015109199099242687
v -0.03629467636346817 -0.04692373052239418 0.01630423590540886
v -0.036294061690568924 -0.04854810610413551 0.017196830362081528
v -0.016919231042265892 -0.041992638260126114 0.014464358799159527
v -0.022862032055854797 -0.039228323847055435 0.013822960667312145
v -0.036294933408498764 -0.042393092066049576 0.014573193155229092
v -0.036294933408498764 -0.042393092066049576 0.014573193155229092
v -0.022862032055854797 -0.039228323847055435 0.013822960667312145
v -0.026523124426603317 -0.03695238009095192 0.013436906971037388
v -0.036294933408498764 -0.042393092066049576 0.014573193155229092
v -0.026523124426603317 -0.03695238009095192 0.013436906971037388
v -0.03629447892308235 -0.041340772062540054 0.014290534891188145
v -0.03629447892308235 -0.041340772062540054 0.014290534891188145
v -0.026523124426603317 -0.03695238009095192 0.013436906971037388
v -0.03631172329187393 -0.03702983632683754 0.013449047692120075
v -0.026523124426603317 -0.03695238009095192 0.013436906971037388
v -0.02925613708794117 -0.03490886464715004 0.013173763640224934
v -0.03631172329187393 -0.03702983632683754 0.013449047692120075
v -0.03631172329187393 -0.03702983632683754 0.013449047692120075
v -0.02925613708794117 -0.03490886464715004 0.013173763640224934
v -0.03357313945889473 -0.030925096943974495 0.012824402190744877
v -0.03631172329187393 -0.03702983632683754 0.013449047692120075
v -0.03357313945889473 -0.030925096943974495 0.012824402190744877
v -0.03681463003158569 -0.03206116333603859 0.012907193042337894
v -0.03681463003158569 -0.03206116333603859 0.012907193042337894
v -0.03357313945889473 -0.030925096943974495 0.012824402190744877
v -0.034644726663827896 -0.02975759096443653 0.012751421891152859
v -0.03681463003158569 -0.03206116333603859 0.012907193042337894
v -0.034644726663827896 -0.02975759096443653 0.012751421891152859
v -0.037247881293296814 -0.02945760078728199 0.012733633629977703
v -0.037247881293296814 -0.02945760078728199 0.012733633629977703
v -0.034644726663827896 -0.02975759096443653 0.012751421891152859
v -0.03553324565291405 -0.028723539784550667 0.012694495730102062
v -0.037247881293296814 -0.02945760078728199 0.012733633629977703
v -0.03553324565291405 -0.028723539784550667 0.012694495730102062
v -0.037854332476854324 -0.025684090331196785 0.012553795240819454
v -0.03464449569582939 0.029923899099230766 0.012751377187669277
v -0.03639097884297371 0.03580821678042412 0.013260194100439548
v -0.03724811598658562 0.029507992789149284 0.012727192603051662
v -0.03464449569582939 0.029923899099230766 0.012751377187669277
v -0.03724811598658562 0.029507992789149284 0.012727192603051662
v -0.03698845952749252 0.02704748325049877 0.012605967931449413
v -0.025185588747262955 0.038006749004125595 0.013574427925050259
v -0.019743753597140312 0.04097604379057884 0.01416307408362627
v -0.03629487752914429 0.04422241076827049 0.015101158060133457
v -0.025185588747262955 0.038006749004125595 0.013574427925050259
v -0.03629487752914429 0.04422241076827049 0.015101158060133457
v -0.026524286717176437 0.0371176116168499 0.01343663688749075
v -0.03464449569582939 0.029923899099230766 0.012751377187669277
v -0.03305995091795921 0.031622063368558884 0.012861154042184353
v -0.03639097884297371 0.03580821678042412 0.013260194100439548
v -0.03639097884297371 0.03580821678042412 0.013260194100439548
v -0.03305995091795921 0.031622063368558884 0.012861154042184353
v -0.028585780411958694 0.035606499761343 0.013235551305115223
v -0.03639097884297371 0.03580821678042412 0.013260194100439548
v -0.028585780411958694 0.035606499761343 0.013235551305115223
v -0.03628835082054138 0.04010128602385521 0.01396660041064024
v -0.03628835082054138 0.04010128602385521 0.01396660041064024
v -0.028585780411958694 0.035606499761343 0.013235551305115223
v -0.026524286717176437 0.0371176116168499 0.01343663688749075
v -0.03628835082054138 0.04010128602385521 0.01396660041064024
v -0.026524286717176437 0.0371176116168499 0.01343663688749075
v -0.0362938717007637 0.04158514365553856 0.01431018766015768
v -0.0362938717007637 0.04158514365553856 0.01431018766015768
v -0.026524286717176437 0.0371176116168499 0.01343663688749075
v -0.03629487752914429 0.04422241076827049 0.015101158060133457
v -0.007513356860727072 0.04460355266928673 0.0152404410764575
v -0.03629451245069504 0.04707847163081169 0.016298091039061546
v -0.0139540433883667 0.043166693300008774 0.01475683692842722
v -0.0139540433883667 0.043166693300008774 0.01475683692842722
v -0.03629451245069504 0.04707847163081169 0.016298091039061546
v -0.03629487752914429 0.04422241076827049 0.015101158060133457
v -0.0139540433883667 0.043166693300008774 0.01475683692842722
v -0.03629487752914429 0.04422241076827049 0.015101158060133457
v -0.01691972091794014 0.042158495634794235 0.014464021660387516
v -0.01691972091794014 0.042158495634794235 0.014464021660387516
v -0.03629487752914429 0.04422241076827049 0.015101158060133457
v -0.019743753597140312 0.04097604379057884 0.01416307408362627
v -0.006386567838490009 0.04475484415888786 0.015296383760869503
v -0.03629380837082863 0.04943857714533806 0.017655806615948677
v -0.007513356860727072 0.04460355266928673 0.0152404410764575
v -0.007513356860727072 0.04460355266928673 0.0152404410764575
v -0.03629380837082863 0.04943857714533806 0.017655806615948677
v -0.03629419580101967 0.047818150371313095 0.016681956127285957
v -0.007513356860727072 0.04460355266928673 0.0152404410764575
v -0.03629419580101967 0.047818150371313095 0.016681956127285957
v -0.03629451245069504 0.04707847163081169 0.016298091039061546
v 0.0320851169526577 0.043167512863874435 0.014753990806639194
v 0.032085202634334564 0.044678088277578354 0.01526611763983965
v 0.01203036680817604 0.043166693300008774 0.01475683692842722
v 0.01203036680817604 0.043166693300008774 0.01475683692842722
v 0.032085202634334564 0.044678088277578354 0.01526611763983965
v 0.004788172896951437 0.044714149087667465 0.015281233005225658
v -0.002572853583842516 0.04505416378378868 0.015410098247230053
v 0.004462476819753647 0.04475490376353264 0.015296402387320995
v 0.03208395093679428 0.049438443034887314 0.017655903473496437
v 0.03208395093679428 0.049438443034887314 0.017655903473496437
v 0.004462476819753647 0.04475490376353264 0.015296402387320995
v 0.004788172896951437 0.044714149087667465 0.015281233005225658
v 0.03208395093679428 0.049438443034887314 0.017655903473496437
v 0.004788172896951437 0.044714149087667465 0.015281233005225658
v 0.0320846326649189 0.04798401519656181 0.016773533076047897
v 0.0320846326649189 0.04798401519656181 0.016773533076047897
v 0.004788172896951437 0.044714149087667465 0.015281233005225658
v 0.032085202634334564 0.044678088277578354 0.01526611763983965
v 0.03208083659410477 0.05373496934771538 0.021466471254825592
v -0.03629123419523239 0.05414010211825371 0.02195211872458458
v -0.036291152238845825 0.0533112995326519 0.020987682044506073
v 0.03208083659410477 0.05373496934771538 0.021466471254825592
v -0.036291152238845825 0.0533112995326519 0.020987682044506073
v 0.03208209574222565 0.05104542896151543 0.018838081508874893
v -0.006386567838490009 0.04475484415888786 0.015296383760869503
v -0.002572853583842516 0.04505416378378868 0.015410098247230053
v -0.03629380837082863 0.04943857714533806 0.017655806615948677
v -0.03629380837082863 0.04943857714533806 0.017655806615948677
v -0.002572853583842516 0.04505416378378868 0.015410098247230053
v 0.03208395093679428 0.049438443034887314 0.017655903473496437
v -0.03629380837082863 0.04943857714533806 0.017655806615948677
v 0.03208395093679428 0.049438443034887314 0.017655903473496437
v -0.0362931564450264 0.050674255937337875 0.01854340359568596
v -0.0362931564450264 0.050674255937337875 0.01854340359568596
v 0.03208395093679428 0.049438443034887314 0.017655903473496437
v 0.03208209574222565 0.05104542896151543 0.018838081508874893
v -0.0362931564450264 0.050674255937337875 0.01854340359568596
v 0.03208209574222565 0.05104542896151543 0.018838081508874893
v -0.036292046308517456 0.05182154104113579 0.019503511488437653
v -0.036292046308517456 0.05182154104113579 0.019503511488437653
v 0.03208209574222565 0.05104542896151543 0.018838081508874893
v -0.036291152238845825 0.0533112995326519 0.020987682044506073
v -0.03629123419523239 0.05414010211825371 0.02195211872458458
v 0.03208083659410477 0.05373496934771538 0.021466471254825592
v -0.03629136458039284 0.05554438754916191 0.023860730230808258
v -0.03629136458039284 0.05554438754916191 0.023860730230808258
v 0.03208083659410477 0.05373496934771538 0.021466471254825592
v 0.03208133578300476 0.05595242604613304 0.024490445852279663
v -0.03629136458039284 0.05554438754916191 0.023860730230808258
v 0.03208133578300476 0.05595242604613304 0.024490445852279663
v -0.03629336506128311 0.057508956640958786 0.027244586497545242
v 0.03208120912313461 0.06323382258415222 0.043135859072208405
v 0.032081086188554764 0.06324534118175507 0.043173037469387054
v -0.03201807290315628 0.06324535608291626 0.043173596262931824
v 0.03208120912313461 0.06323382258415222 0.043135859072208405
v -0.03201807290315628 0.06324535608291626 0.043173596262931824
v 0.03207993507385254 0.06103953346610069 0.03601910173892975
v 0.03208133578300476 0.05595242604613304 0.024490445852279663
v 0.032084330916404724 0.057705532759428024 0.02763768658041954
v -0.03629336506128311 0.057508956640958786 0.027244586497545242
v -0.03629336506128311 0.057508956640958786 0.027244586497545242
v 0.032084330916404724 0.057705532759428024 0.02763768658041954
v 0.032084640115499496 0.0582684688270092 0.028818663209676743
v -0.03629336506128311 0.057508956640958786 0.027244586497545242
v 0.032084640115499496 0.0582684688270092 0.028818663209676743
v -0.036294836550951004 0.05943439528346062 0.03156024217605591
v -0.036294836550951004 0.05943439528346062 0.03156024217605591
v 0.032084640115499496 0.0582684688270092 0.028818663209676743
v 0.03207807615399361 0.06036233529448509 0.034039951860904694
v -0.036294836550951004 0.05943439528346062 0.03156024217605591
v 0.03207807615399361 0.06036233529448509 0.034039951860904694
v -0.03629406914114952 0.0611223541200161 0.03626888617873192
v -0.03629406914114952 0.0611223541200161 0.03626888617873192
v 0.03207807615399361 0.06036233529448509 0.034039951860904694
v 0.032077811658382416 0.06045582517981529 0.0343048982322216
v -0.03629406914114952 0.0611223541200161 0.03626888617873192
v 0.032077811658382416 0.06045582517981529 0.0343048982322216
v -0.03629402816295624 0.061157431453466415 0.03637580946087837
v -0.03629402816295624 0.061157431453466415 0.03637580946087837
v 0.032077811658382416 0.06045582517981529 0.0343048982322216
v 0.03207993507385254 0.06103953346610069 0.03601910173892975
v -0.03629402816295624 0.061157431453466415 0.03637580946087837
v 0.03207993507385254 0.06103953346610069 0.03601910173892975
v -0.03629216179251671 0.06184568628668785 0.03853685408830643
v -0.03629216179251671 0.06184568628668785 0.03853685408830643
v 0.03207993507385254 0.06103953346610069 0.03601910173892975
v -0.03201807290315628 0.06324535608291626 0.043173596262931824
v -0.03629216179251671 0.06184568628668785 0.03853685408830643
v -0.03201807290315628 0.06324535608291626 0.043173596262931824
v -0.03629123792052269 0.06324546039104462 0.04317285493016243
v 0.01203036680817604 0.043166693300008774 0.01475683692842722
v 0.01499565877020359 0.042158644646406174 0.014464062638580799
v 0.0320851169526577 0.043167512863874435 0.014753990806639194
v 0.0320851169526577 0.043167512863874435 0.014753990806639194
v 0.01499565877020359 0.042158644646406174 0.014464062638580799
v 0.01595352217555046 0.04178277775645256 0.014363686554133892
v 0.0320851169526577 0.043167512863874435 0.014753990806639194
v 0.01595352217555046 0.04178277775645256 0.014363686554133892
v 0.032095856964588165 0.04087262973189354 0.01413618866354227
v 0.01595352217555046 0.04178277775645256 0.014363686554133892
v 0.021525278687477112 0.03906160220503807 0.013759228400886059
v 0.032095856964588165 0.04087262973189354 0.01413618866354227
v 0.032095856964588165 0.04087262973189354 0.01413618866354227
v 0.021525278687477112 0.03906160220503807 0.013759228400886059
v 0.024600038304924965 0.03711801394820213 0.013436694629490376
v 0.032095856964588165 0.04087262973189354 0.01413618866354227
v 0.024600038304924965 0.03711801394820213 0.013436694629490376
v 0.032486580312252045 0.03742186352610588 0.013483394868671894
v 0.032486580312252045 0.03742186352610588 0.013483394868671894
v 0.024600038304924965 0.03711801394820213 0.013436694629490376
v 0.026662103831768036 0.035606499761343 0.013235551305115223
v 0.032486580312252045 0.03742186352610588 0.013483394868671894
v 0.026662103831768036 0.035606499761343 0.013235551305115223
v 0.03342418372631073 0.033321525901556015 0.012998313643038273
v 0.026662103831768036 0.035606499761343 0.013235551305115223
v 0.031165027990937233 0.03159276768565178 0.012859058566391468
v 0.03342418372631073 0.033321525901556015 0.012998313643038273
v 0.03342418372631073 0.033321525901556015 0.012998313643038273
v 0.031165027990937233 0.03159276768565178 0.012859058566391468
v 0.03272083029150963 0.029923899099230766 0.012751375325024128
v 0.03342418372631073 0.033321525901556015 0.012998313643038273
v 0.03272083029150963 0.029923899099230766 0.012751375325024128
v 0.03526850789785385 0.027406809851527214 0.012620584107935429
v 0.03565831854939461 0.026235727593302727 0.012570050545036793
v 0.03554258495569229 0.026592789217829704 0.012585821561515331
v 0.03537824749946594 0.026618776842951775 0.012586998753249645
v 0.03537824749946594 0.026618776842951775 0.012586998753249645
v 0.03554258495569229 0.026592789217829704 0.012585821561515331
v 0.03526850789785385 0.027406809851527214 0.012620584107935429
v 0.03537824749946594 0.026618776842951775 0.012586998753249645
v 0.03526850789785385 0.027406809851527214 0.012620584107935429
v 0.03506478667259216 0.02704748325049877 0.012605967931449413
v 0.03506478667259216 0.02704748325049877 0.012605967931449413
v 0.03526850789785385 0.027406809851527214 0.012620584107935429
v 0.03272083029150963 0.029923899099230766 0.012751375325024128
v -0.037824228405952454 0.025893179699778557 0.012555521912872791
v -0.03757968172430992 0.026238976046442986 0.012570408172905445
v -0.037777893245220184 0.026221809908747673 0.012569666840136051
v -0.037777893245220184 0.026221809908747673 0.012569666840136051
v -0.03757968172430992 0.026238976046442986 0.012570408172905445
v -0.03729211166501045 0.02663695625960827 0.01258776243776083
v -0.037777893245220184 0.026221809908747673 0.012569666840136051
v -0.03729211166501045 0.02663695625960827 0.01258776243776083
v -0.03772079572081566 0.026602087542414665 0.012586229480803013
v -0.03772079572081566 0.026602087542414665 0.012586229480803013
v -0.03729211166501045 0.02663695625960827 0.01258776243776083
v -0.03698845952749252 0.02704748325049877 0.012605967931449413
v -0.03772079572081566 0.026602087542414665 0.012586229480803013
v -0.03698845952749252 0.02704748325049877 0.012605967931449413
v -0.03764666989445686 0.027105985209345818 0.01260859239846468
v -0.03764666989445686 0.027105985209345818 0.01260859239846468
v -0.03698845952749252 0.02704748325049877 0.012605967931449413
v -0.03724811598658562 0.029507992789149284 0.012727192603051662
v -0.03917201608419418 -0.029223205521702766 0.012785227037966251
v -0.037247881293296814 -0.02945760078728199 0.012733633629977703
v -0.037854332476854324 -0.025684090331196785 0.012553795240819454
v -0.03917201608419418 -0.029223205521702766 0.012785227037966251
v -0.037854332476854324 -0.025684090331196785 0.012553795240819454
v -0.04216686636209488 -0.028712095692753792 0.013186736963689327
v -0.037854332476854324 -0.025684090331196785 0.012553795240819454
v -0.04045042768120766 -0.021495940163731575 0.01245949324220419
v -0.04216686636209488 -0.028712095692753792 0.013186736963689327
v -0.04216686636209488 -0.028712095692753792 0.013186736963689327
v -0.04045042768120766 -0.021495940163731575 0.01245949324220419
v -0.04080742597579956 -0.02082938142120838 0.012459737248718739
v -0.04216686636209488 -0.028712095692753792 0.013186736963689327
v -0.04080742597579956 -0.02082938142120838 0.012459737248718739
v -0.043425243347883224 -0.02843642421066761 0.01352741289883852
v -0.043425243347883224 -0.02843642421066761 0.01352741289883852
v -0.04080742597579956 -0.02082938142120838 0.012459737248718739
v -0.04256376996636391 -0.017071546986699104 0.012528692372143269
v -0.043425243347883224 -0.02843642421066761 0.01352741289883852
v -0.04256376996636391 -0.017071546986699104 0.012528692372143269
v -0.044168006628751755 -0.028254332020878792 0.01379022840410471
v -0.044168006628751755 -0.028254332020878792 0.01379022840410471
v -0.04256376996636391 -0.017071546986699104 0.012528692372143269
v -0.04423215612769127 -0.014695885591208935 0.012835835106670856
v -0.044168006628751755 -0.028254332020878792 0.01379022840410471
v -0.04423215612769127 -0.014695885591208935 0.012835835106670856
v -0.044873472303152084 -0.028066696599125862 0.014088503085076809
v -0.044873472303152084 -0.028066696599125862 0.014088503085076809
v -0.04423215612769127 -0.014695885591208935 0.012835835106670856
v -0.047072552144527435 -0.01468727272003889 0.01429732795804739
v -0.049964431673288345 -0.02614334411919117 0.018329253420233727
v -0.04955252259969711 -0.026350559666752815 0.017796969041228294
v -0.04950283467769623 -0.014699968509376049 0.016741178929805756
v -0.04950283467769623 -0.014699968509376049 0.016741178929805756
v -0.04955252259969711 -0.026350559666752815 0.017796969041228294
v -0.04896719008684158 -0.02662387676537037 0.01711376942694187
v -0.04950283467769623 -0.014699968509376049 0.016741178929805756
v -0.04896719008684158 -0.02662387676537037 0.01711376942694187
v -0.047072552144527435 -0.01468727272003889 0.01429732795804739
v -0.047072552144527435 -0.01468727272003889 0.01429732795804739
v -0.04896719008684158 -0.02662387676537037 0.01711376942694187
v -0.04714501276612282 -0.0273516196757555 0.015444359742105007
v -0.047072552144527435 -0.01468727272003889 0.01429732795804739
v -0.04714501276612282 -0.0273516196757555 0.015444359742105007
v -0.044873472303152084 -0.028066696599125862 0.014088503085076809
v -0.049964431673288345 -0.02614334411919117 0.018329253420233727
v -0.04950283467769623 -0.014699968509376049 0.016741178929805756
v -0.050711438059806824 -0.02572876401245594 0.019424449652433395
v -0.050711438059806824 -0.02572876401245594 0.019424449652433395
v -0.04950283467769623 -0.014699968509376049 0.016741178929805756
v -0.05142323300242424 -0.014720412902534008 0.01992938295006752
v -0.050711438059806824 -0.02572876401245594 0.019424449652433395
v -0.05142323300242424 -0.014720412902534008 0.01992938295006752
v -0.05225386470556259 -0.024616213515400887 0.022488150745630264
v -0.05225386470556259 -0.024616213515400887 0.022488150745630264
v -0.05142323300242424 -0.014720412902534008 0.01992938295006752
v -0.05278445780277252 -0.014745059423148632 0.023538224399089813
v -0.05225386470556259 -0.024616213515400887 0.022488150745630264
v -0.05278445780277252 -0.014745059423148632 0.023538224399089813
v -0.05334634333848953 -0.02336716838181019 0.026020199060440063
v -0.05334634333848953 -0.02336716838181019 0.026020199060440063
v -0.05278445780277252 -0.014745059423148632 0.023538224399089813
v -0.054157305508852005 -0.01986268348991871 0.03121134266257286
v -0.05334634333848953 -0.02336716838181019 0.026020199060440063
v -0.054157305508852005 -0.01986268348991871 0.03121134266257286
v -0.05417312681674957 -0.021529080346226692 0.03126687556505203
v -0.05417061597108841 0.021435705944895744 0.031257644295692444
v -0.05415087938308716 0.019299624487757683 0.03118959814310074
v -0.053470950573682785 0.023079274222254753 0.026632241904735565
v -0.053470950573682785 0.023079274222254753 0.026632241904735565
v -0.05415087938308716 0.019299624487757683 0.03118959814310074
v -0.05275341495871544 0.01489084679633379 0.02348167821764946
v -0.053470950573682785 0.023079274222254753 0.026632241904735565
v -0.05275341495871544 0.01489084679633379 0.02348167821764946
v -0.05244465917348862 0.024344800040125847 0.02308710291981697
v -0.05244465917348862 0.024344800040125847 0.02308710291981697
v -0.05275341495871544 0.01489084679633379 0.02348167821764946
v -0.051388319581747055 0.014867630787193775 0.019920848309993744
v -0.05244465917348862 0.024344800040125847 0.02308710291981697
v -0.051388319581747055 0.014867630787193775 0.019920848309993744
v -0.05138114094734192 0.02520647458732128 0.02071550115942955
v -0.05138114094734192 0.02520647458732128 0.02071550115942955
v -0.051388319581747055 0.014867630787193775 0.019920848309993744
v -0.051040276885032654 0.025433985516428947 0.020101409405469894
v -0.051040276885032654 0.025433985516428947 0.020101409405469894
v -0.051388319581747055 0.014867630787193775 0.019920848309993744
v -0.04948107525706291 0.014847573824226856 0.01677503064274788
v -0.051040276885032654 0.025433985516428947 0.020101409405469894
v -0.04948107525706291 0.014847573824226856 0.01677503064274788
v -0.049929045140743256 0.026076195761561394 0.018413664773106575
v -0.049929045140743256 0.026076195761561394 0.018413664773106575
v -0.04948107525706291 0.014847573824226856 0.01677503064274788
v -0.04908696934580803 0.0264893751591444 0.017376676201820374
v -0.04908696934580803 0.0264893751591444 0.017376676201820374
v -0.04948107525706291 0.014847573824226856 0.01677503064274788
v -0.047082994133234024 0.014828917570412159 0.01434758398681879
v -0.04908696934580803 0.0264893751591444 0.017376676201820374
v -0.047082994133234024 0.014828917570412159 0.01434758398681879
v -0.04692492261528969 0.02736368589103222 0.01538806688040495
v -0.04692492261528969 0.02736368589103222 0.01538806688040495
v -0.047082994133234024 0.014828917570412159 0.01434758398681879
v -0.044907741248607635 0.028011946007609367 0.014173838309943676
v -0.044907741248607635 0.028011946007609367 0.014173838309943676
v -0.047082994133234024 0.014828917570412159 0.01434758398681879
v -0.044288624078035355 0.01482101995497942 0.012870877049863338
v -0.044907741248607635 0.028011946007609367 0.014173838309943676
v -0.044288624078035355 0.01482101995497942 0.012870877049863338
v -0.044120874255895615 0.028230516240000725 0.013828345574438572
v -0.04135492816567421 0.019917277619242668 0.012476765550673008
v -0.0408073253929615 0.020995615050196648 0.012466619722545147
v -0.04236351326107979 0.028658537194132805 0.01326256524771452
v -0.0408073253929615 0.020995615050196648 0.012466619722545147
v -0.03896478936076164 0.024182317778468132 0.012498161755502224
v -0.04236351326107979 0.028658537194132805 0.01326256524771452
v -0.04236351326107979 0.028658537194132805 0.01326256524771452
v -0.03896478936076164 0.024182317778468132 0.012498161755502224
v -0.037824228405952454 0.025893179699778557 0.012555521912872791
v -0.04236351326107979 0.028658537194132805 0.01326256524771452
v -0.037824228405952454 0.025893179699778557 0.012555521912872791
v -0.037777893245220184 0.026221809908747673 0.012569666840136051
v -0.037777893245220184 0.026221809908747673 0.012569666840136051
v -0.03772079572081566 0.026602087542414665 0.012586229480803013
v -0.04236351326107979 0.028658537194132805 0.01326256524771452
v -0.04236351326107979 0.028658537194132805 0.01326256524771452
v -0.03772079572081566 0.026602087542414665 0.012586229480803013
v -0.03764666989445686 0.027105985209345818 0.01260859239846468
v -0.04236351326107979 0.028658537194132805 0.01326256524771452
v -0.03764666989445686 0.027105985209345818 0.01260859239846468
v -0.039521366357803345 0.029196007177233696 0.012807960622012615
v -0.039521366357803345 0.029196007177233696 0.012807960622012615
v -0.03764666989445686 0.027105985209345818 0.01260859239846468
v -0.03724811598658562 0.029507992789149284 0.012727192603051662
v -0.045777179300785065 -0.003989430610090494 0.013113976456224918
v -0.04596183821558952 8.287785021821037e-05 0.01318113412708044
v -0.04699220508337021 5.331394277163781e-05 0.013817409984767437
v -0.04699220508337021 5.331394277163781e-05 0.013817409984767437
v -0.04596183821558952 8.287785021821037e-05 0.01318113412708044
v -0.045957051217556 0.0007393634296022356 0.01317982655018568
v -0.04236351326107979 0.028658537194132805 0.01326256524771452
v -0.04329310730099678 0.0284420233219862 0.013529262505471706
v -0.04135492816567421 0.019917277619242668 0.012476765550673008
v -0.04135492816567421 0.019917277619242668 0.012476765550673008
v -0.04329310730099678 0.0284420233219862 0.013529262505471706
v -0.044120874255895615 0.028230516240000725 0.013828345574438572
v -0.04135492816567421 0.019917277619242668 0.012476765550673008
v -0.044120874255895615 0.028230516240000725 0.013828345574438572
v -0.043279629200696945 0.01538675744086504 0.012608655728399754
v -0.043279629200696945 0.01538675744086504 0.012608655728399754
v -0.044120874255895615 0.028230516240000725 0.013828345574438572
v -0.044288624078035355 0.01482101995497942 0.012870877049863338
v -0.043279629200696945 0.01538675744086504 0.012608655728399754
v -0.044288624078035355 0.01482101995497942 0.012870877049863338
v -0.04470992088317871 0.010623660869896412 0.012836788780987263
v -0.04470992088317871 0.010623660869896412 0.012836788780987263
v -0.044288624078035355 0.01482101995497942 0.012870877049863338
v -0.047082994133234024 0.014828917570412159 0.01434758398681879
v -0.04470992088317871 0.010623660869896412 0.012836788780987263
v -0.047082994133234024 0.014828917570412159 0.01434758398681879
v -0.04560805857181549 0.005714622791856527 0.013066123239696026
v -0.04507216811180115 -0.008820834569633007 0.012908237986266613
v -0.047072552144527435 -0.01468727272003889 0.01429732795804739
v -0.0446542464196682 -0.010686072520911694 0.012812652625143528
v -0.0446542464196682 -0.010686072520911694 0.012812652625143528
v -0.047072552144527435 -0.01468727272003889 0.01429732795804739
v -0.04423215612769127 -0.014695885591208935 0.012835835106670856
v -0.0446542464196682 -0.010686072520911694 0.012812652625143528
v -0.04423215612769127 -0.014695885591208935 0.012835835106670856
v -0.043825291097164154 -0.013618233613669872 0.012666664086282253
v -0.043825291097164154 -0.013618233613669872 0.012666664086282253
v -0.04423215612769127 -0.014695885591208935 0.012835835106670856
v -0.04256376996636391 -0.017071546986699104 0.012528692372143269
v -0.054046761244535446 8.302686183014885e-05 0.030901804566383362
v -0.054157305508852005 -0.01986268348991871 0.03121134266257286
v -0.052744049578905106 7.208940951386467e-05 0.023191578686237335
v -0.052744049578905106 7.208940951386467e-05 0.023191578686237335
v -0.054157305508852005 -0.01986268348991871 0.03121134266257286
v -0.05278445780277252 -0.014745059423148632 0.023538224399089813
v -0.052744049578905106 7.208940951386467e-05 0.023191578686237335
v -0.05278445780277252 -0.014745059423148632 0.023538224399089813
v -0.0513501800596714 6.556270091095939e-05 0.019431930035352707
v -0.0513501800596714 6.556270091095939e-05 0.019431930035352707
v -0.05278445780277252 -0.014745059423148632 0.023538224399089813
v -0.05142323300242424 -0.014720412902534008 0.01992938295006752
v -0.0513501800596714 6.556270091095939e-05 0.019431930035352707
v -0.05142323300242424 -0.014720412902534008 0.01992938295006752
v -0.04939117655158043 5.975124440738e-05 0.01618538610637188
v -0.04939117655158043 5.975124440738e-05 0.01618538610637188
v -0.05142323300242424 -0.014720412902534008 0.01992938295006752
v -0.04950283467769623 -0.014699968509376049 0.016741178929805756
v -0.04939117655158043 5.975124440738e-05 0.01618538610637188
v -0.04950283467769623 -0.014699968509376049 0.016741178929805756
v -0.04699220508337021 5.331394277163781e-05 0.013817409984767437
v -0.04699220508337021 5.331394277163781e-05 0.013817409984767437
v -0.04950283467769623 -0.014699968509376049 0.016741178929805756
v -0.047072552144527435 -0.01468727272003889 0.01429732795804739
v -0.04699220508337021 5.331394277163781e-05 0.013817409984767437
v -0.047072552144527435 -0.01468727272003889 0.01429732795804739
v -0.045777179300785065 -0.003989430610090494 0.013113976456224918
v -0.045777179300785065 -0.003989430610090494 0.013113976456224918
v -0.047072552144527435 -0.01468727272003889 0.01429732795804739
v -0.04507216811180115 -0.008820834569633007 0.012908237986266613
v -0.05415087938308716 0.019299624487757683 0.03118959814310074
v -0.054046761244535446 8.302686183014885e-05 0.030901804566383362
v -0.05275341495871544 0.01489084679633379 0.02348167821764946
v -0.05275341495871544 0.01489084679633379 0.02348167821764946
v -0.054046761244535446 8.302686183014885e-05 0.030901804566383362
v -0.052744049578905106 7.208940951386467e-05 0.023191578686237335
v -0.05275341495871544 0.01489084679633379 0.02348167821764946
v -0.052744049578905106 7.208940951386467e-05 0.023191578686237335
v -0.051388319581747055 0.014867630787193775 0.019920848309993744
v -0.051388319581747055 0.014867630787193775 0.019920848309993744
v -0.052744049578905106 7.208940951386467e-05 0.023191578686237335
v -0.0513501800596714 6.556270091095939e-05 0.019431930035352707
v -0.051388319581747055 0.014867630787193775 0.019920848309993744
v -0.0513501800596714 6.556270091095939e-05 0.019431930035352707
v -0.04948107525706291 0.014847573824226856 0.01677503064274788
v -0.04948107525706291 0.014847573824226856 0.01677503064274788
v -0.0513501800596714 6.556270091095939e-05 0.019431930035352707
v -0.04939117655158043 5.975124440738e-05 0.01618538610637188
v -0.04948107525706291 0.014847573824226856 0.01677503064274788
v -0.04939117655158043 5.975124440738e-05 0.01618538610637188
v -0.047082994133234024 0.014828917570412159 0.01434758398681879
v -0.047082994133234024 0.014828917570412159 0.01434758398681879
v -0.04939117655158043 5.975124440738e-05 0.01618538610637188
v -0.04699220508337021 5.331394277163781e-05 0.013817409984767437
v -0.047082994133234024 0.014828917570412159 0.01434758398681879
v -0.04699220508337021 5.331394277163781e-05 0.013817409984767437
v -0.04560805857181549 0.005714622791856527 0.013066123239696026
v -0.04560805857181549 0.005714622791856527 0.013066123239696026
v -0.04699220508337021 5.331394277163781e-05 0.013817409984767437
v -0.045957051217556 0.0007393634296022356 0.01317982655018568
v 0.04260208457708359 0.02069943957030773 0.013077485375106335
v 0.042798928916454315 0.013844129629433155 0.012615266256034374
v 0.04556233808398247 0.013885614462196827 0.013869975693523884
v 0.044384051114320755 -0.02707180567085743 0.014924085699021816
v 0.04520609974861145 -0.027067961171269417 0.015546058304607868
v 0.045441143214702606 -0.02059251256287098 0.014580887742340565
v 0.04790633171796799 -0.02063700743019581 0.017026938498020172
v 0.048347726464271545 -0.027087541297078133 0.019067391753196716
v 0.050142690539360046 -0.027119310572743416 0.022224102169275284
v 0.04838476702570915 0.02725490741431713 0.019122090190649033
v 0.04765419289469719 0.02724584750831127 0.01810714602470398
v 0.0480201430618763 0.013920155353844166 0.016170112416148186
v 0.03526850789785385 0.027406809851527214 0.012620584107935429
v 0.03554258495569229 0.026592789217829704 0.012585821561515331
v 0.038933273404836655 0.027338502928614616 0.01285522524267435
v 0.038933273404836655 0.027338502928614616 0.01285522524267435
v 0.03554258495569229 0.026592789217829704 0.012585821561515331
v 0.03565831854939461 0.026235727593302727 0.012570050545036793
v 0.038933273404836655 0.027338502928614616 0.01285522524267435
v 0.03565831854939461 0.026235727593302727 0.012570050545036793
v 0.03833610191941261 0.022007254883646965 0.012435468845069408
v 0.042798928916454315 0.013844129629433155 0.012615266256034374
v 0.04260208457708359 0.02069943957030773 0.013077485375106335
v 0.04051244258880615 0.017543969675898552 0.012393700890243053
v 0.03833610191941261 0.022007254883646965 0.012435468845069408
v 0.03888365253806114 0.020995615050196648 0.012417537160217762
v 0.038933273404836655 0.027338502928614616 0.01285522524267435
v 0.038933273404836655 0.027338502928614616 0.01285522524267435
v 0.03888365253806114 0.020995615050196648 0.012417537160217762
v 0.04051244258880615 0.017543969675898552 0.012393700890243053
v 0.038933273404836655 0.027338502928614616 0.01285522524267435
v 0.04051244258880615 0.017543969675898552 0.012393700890243053
v 0.04069137200713158 0.027298806235194206 0.013217124156653881
v 0.04069137200713158 0.027298806235194206 0.013217124156653881
v 0.04051244258880615 0.017543969675898552 0.012393700890243053
v 0.04260208457708359 0.02069943957030773 0.013077485375106335
v 0.04069137200713158 0.027298806235194206 0.013217124156653881
v 0.04260208457708359 0.02069943957030773 0.013077485375106335
v 0.04186485707759857 0.027273891493678093 0.013596453703939915
v 0.04186485707759857 0.027273891493678093 0.013596453703939915
v 0.04260208457708359 0.02069943957030773 0.013077485375106335
v 0.04425389692187309 0.027239589020609856 0.014835008420050144
v 0.04425389692187309 0.027239589020609856 0.014835008420050144
v 0.04547781124711037 0.02074679546058178 0.01460032444447279
v 0.04521678015589714 0.02723473124206066 0.015554814599454403
v 0.04521678015589714 0.02723473124206066 0.015554814599454403
v 0.04547781124711037 0.02074679546058178 0.01460032444447279
v 0.0480201430618763 0.013920155353844166 0.016170112416148186
v 0.04521678015589714 0.02723473124206066 0.015554814599454403
v 0.0480201430618763 0.013920155353844166 0.016170112416148186
v 0.04643728956580162 0.027236459776759148 0.016688566654920578
v 0.04643728956580162 0.027236459776759148 0.016688566654920578
v 0.0480201430618763 0.013920155353844166 0.016170112416148186
v 0.04765419289469719 0.02724584750831127 0.01810714602470398
v 0.05177334323525429 0.013898459263145924 0.02304380014538765
v 0.051531169563531876 0.027315495535731316 0.025679226964712143
v 0.050046708434820175 0.027284232899546623 0.022024448961019516
v 0.05346790328621864 -0.022374214604496956 0.0314544253051281
v 0.054051581770181656 -0.010636451654136181 0.03114110603928566
v 0.05175788328051567 -0.013763519935309887 0.023027930408716202
v 0.05175788328051567 -0.013763519935309887 0.023027930408716202
v 0.054051581770181656 -0.010636451654136181 0.03114110603928566
v 0.054222989827394485 0.0011010741582140326 0.031052768230438232
v 0.05175788328051567 -0.013763519935309887 0.023027930408716202
v 0.054222989827394485 0.0011010741582140326 0.031052768230438232
v 0.051926273852586746 7.670876220799983e-05 0.022475413978099823
v 0.051926273852586746 7.670876220799983e-05 0.022475413978099823
v 0.054222989827394485 0.0011010741582140326 0.031052768230438232
v 0.053943559527397156 0.013754245825111866 0.031196746975183487
v 0.051926273852586746 7.670876220799983e-05 0.022475413978099823
v 0.053943559527397156 0.013754245825111866 0.031196746975183487
v 0.05177334323525429 0.013898459263145924 0.02304380014538765
v 0.05177334323525429 0.013898459263145924 0.02304380014538765
v 0.053943559527397156 0.013754245825111866 0.031196746975183487
v 0.05384473130106926 0.015979496762156487 0.031248290091753006
v 0.05177334323525429 0.013898459263145924 0.02304380014538765
v 0.05384473130106926 0.015979496762156487 0.031248290091753006
v 0.051531169563531876 0.027315495535731316 0.025679226964712143
v 0.051531169563531876 0.027315495535731316 0.025679226964712143
v 0.05384473130106926 0.015979496762156487 0.031248290091753006
v 0.05351502075791359 0.021828798577189445 0.03142550215125084
v 0.051531169563531876 0.027315495535731316 0.025679226964712143
v 0.05351502075791359 0.021828798577189445 0.03142550215125084
v 0.05295587703585625 0.02734219841659069 0.030925359576940536
v 0.05295587703585625 0.02734219841659069 0.030925359576940536
v 0.05351502075791359 0.021828798577189445 0.03142550215125084
v 0.05315321683883667 0.0273438673466444 0.031855322420597076
v 0.045441143214702606 -0.02059251256287098 0.014580887742340565
v 0.04520609974861145 -0.027067961171269417 0.015546058304607868
v 0.04790633171796799 -0.02063700743019581 0.017026938498020172
v 0.04790633171796799 -0.02063700743019581 0.017026938498020172
v 0.04520609974861145 -0.027067961171269417 0.015546058304607868
v 0.04646803066134453 -0.027069808915257454 0.016720665618777275
v 0.04790633171796799 -0.02063700743019581 0.017026938498020172
v 0.04646803066134453 -0.027069808915257454 0.016720665618777275
v 0.048347726464271545 -0.027087541297078133 0.019067391753196716
v 0.044384051114320755 -0.02707180567085743 0.014924085699021816
v 0.045441143214702606 -0.02059251256287098 0.014580887742340565
v 0.042303670197725296 -0.02709871716797352 0.013773025013506413
v 0.042303670197725296 -0.02709871716797352 0.013773025013506413
v 0.045441143214702606 -0.02059251256287098 0.014580887742340565
v 0.04255950450897217 -0.020543964579701424 0.01306666899472475
v 0.042303670197725296 -0.02709871716797352 0.013773025013506413
v 0.04255950450897217 -0.020543964579701424 0.01306666899472475
v 0.040691401809453964 -0.027131827548146248 0.01321712601929903
v 0.040691401809453964 -0.027131827548146248 0.01321712601929903
v 0.04255950450897217 -0.020543964579701424 0.01306666899472475
v 0.03925629332661629 -0.020490737631917 0.012427431531250477
v 0.040691401809453964 -0.027131827548146248 0.01321712601929903
v 0.03925629332661629 -0.020490737631917 0.012427431531250477
v 0.03967371955513954 -0.027154775336384773 0.012981544248759747
v 0.035268474370241165 -0.027239950373768806 0.012620599009096622
v 0.03617442026734352 -0.02722582407295704 0.012631424702703953
v 0.035477012395858765 -0.026624830439686775 0.012594596482813358
v 0.035477012395858765 -0.026624830439686775 0.012594596482813358
v 0.03617442026734352 -0.02722582407295704 0.012631424702703953
v 0.03967371955513954 -0.027154775336384773 0.012981544248759747
v 0.035477012395858765 -0.026624830439686775 0.012594596482813358
v 0.03967371955513954 -0.027154775336384773 0.012981544248759747
v 0.03565782681107521 -0.02607038803398609 0.012570108287036419
v 0.045589379966259 9.855386451818049e-05 0.013329383917152882
v 0.04403816536068916 8.305665687657893e-05 0.012588185258209705
v 0.0440107099711895 -0.0014886284479871392 0.012586536817252636
v 0.045589379966259 9.855386451818049e-05 0.013329383917152882
v 0.0440107099711895 -0.0014886284479871392 0.012586536817252636
v 0.045495785772800446 -0.013730558566749096 0.01384741347283125
v 0.0440107099711895 -0.0014886284479871392 0.012586536817252636
v 0.043553903698921204 -0.006500961724668741 0.012533742003142834
v 0.045495785772800446 -0.013730558566749096 0.01384741347283125
v 0.045495785772800446 -0.013730558566749096 0.01384741347283125
v 0.043553903698921204 -0.006500961724668741 0.012533742003142834
v 0.04273054748773575 -0.010686161927878857 0.012462402693927288
v 0.045495785772800446 -0.013730558566749096 0.01384741347283125
v 0.04273054748773575 -0.010686161927878857 0.012462402693927288
v 0.04271601513028145 -0.013685467652976513 0.012602071277797222
v 0.04271601513028145 -0.013685467652976513 0.012602071277797222
v 0.04273054748773575 -0.010686161927878857 0.012462402693927288
v 0.042551640421152115 -0.011387678794562817 0.012451154179871082
v 0.04271601513028145 -0.013685467652976513 0.012602071277797222
v 0.042551640421152115 -0.011387678794562817 0.012451154179871082
v 0.04096553474664688 -0.01626002974808216 0.012398631311953068
v 0.04051244258880615 0.017543969675898552 0.012393700890243053
v 0.04203507676720619 0.013359514065086842 0.01241972018033266
v 0.042798928916454315 0.013844129629433155 0.012615266256034374
v 0.042798928916454315 0.013844129629433155 0.012615266256034374
v 0.04203507676720619 0.013359514065086842 0.01241972018033266
v 0.042730558663606644 0.01085218507796526 0.012453516013920307
v 0.042798928916454315 0.013844129629433155 0.012615266256034374
v 0.042730558663606644 0.01085218507796526 0.012453516013920307
v 0.04556233808398247 0.013885614462196827 0.013869975693523884
v 0.04556233808398247 0.013885614462196827 0.013869975693523884
v 0.042730558663606644 0.01085218507796526 0.012453516013920307
v 0.04324744641780853 0.00848176795989275 0.012492100708186626
v 0.04556233808398247 0.013885614462196827 0.013869975693523884
v 0.04324744641780853 0.00848176795989275 0.012492100708186626
v 0.045589379966259 9.855386451818049e-05 0.013329383917152882
v 0.045589379966259 9.855386451818049e-05 0.013329383917152882
v 0.04324744641780853 0.00848176795989275 0.012492100708186626
v 0.04390476271510124 0.003545460756868124 0.012566008605062962
v 0.045589379966259 9.855386451818049e-05 0.013329383917152882
v 0.04390476271510124 0.003545460756868124 0.012566008605062962
v 0.04403816536068916 8.305665687657893e-05 0.012588185258209705
v 0.04838476702570915 0.02725490741431713 0.019122090190649033
v 0.0480201430618763 0.013920155353844166 0.016170112416148186
v 0.050119686871767044 0.013925311155617237 0.01933881640434265
v 0.050119686871767044 0.013925311155617237 0.01933881640434265
v 0.0480201430618763 0.013920155353844166 0.016170112416148186
v 0.04801212623715401 9.181853965856135e-05 0.015471774153411388
v 0.050119686871767044 0.013925311155617237 0.01933881640434265
v 0.04801212623715401 9.181853965856135e-05 0.015471774153411388
v 0.0501784011721611 8.409973816014826e-05 0.018643788993358612
v 0.0501784011721611 8.409973816014826e-05 0.018643788993358612
v 0.04801212623715401 9.181853965856135e-05 0.015471774153411388
v 0.0479719415307045 -0.013771447353065014 0.01614505611360073
v 0.0501784011721611 8.409973816014826e-05 0.018643788993358612
v 0.0479719415307045 -0.013771447353065014 0.01614505611360073
v 0.05008964613080025 -0.013783606700599194 0.0193173848092556
v 0.053152766078710556 -0.02717706747353077 0.03185519203543663
v 0.05346790328621864 -0.022374214604496956 0.0314544253051281
v 0.051654428243637085 -0.027151526883244514 0.02604997158050537
v 0.051654428243637085 -0.027151526883244514 0.02604997158050537
v 0.05346790328621864 -0.022374214604496956 0.0314544253051281
v 0.05175788328051567 -0.013763519935309887 0.023027930408716202
v 0.051654428243637085 -0.027151526883244514 0.02604997158050537
v 0.05175788328051567 -0.013763519935309887 0.023027930408716202
v 0.05008964613080025 -0.013783606700599194 0.0193173848092556
v 0.05008964613080025 -0.013783606700599194 0.0193173848092556
v 0.05175788328051567 -0.013763519935309887 0.023027930408716202
v 0.051926273852586746 7.670876220799983e-05 0.022475413978099823
v 0.05008964613080025 -0.013783606700599194 0.0193173848092556
v 0.051926273852586746 7.670876220799983e-05 0.022475413978099823
v 0.0501784011721611 8.409973816014826e-05 0.018643788993358612
v 0.0501784011721611 8.409973816014826e-05 0.018643788993358612
v 0.051926273852586746 7.670876220799983e-05 0.022475413978099823
v 0.05177334323525429 0.013898459263145924 0.02304380014538765
v 0.0501784011721611 8.409973816014826e-05 0.018643788993358612
v 0.05177334323525429 0.013898459263145924 0.02304380014538765
v 0.050119686871767044 0.013925311155617237 0.01933881640434265
v 0.050119686871767044 0.013925311155617237 0.01933881640434265
v 0.05177334323525429 0.013898459263145924 0.02304380014538765
v 0.050046708434820175 0.027284232899546623 0.022024448961019516
v 0.050119686871767044 0.013925311155617237 0.01933881640434265
v 0.050046708434820175 0.027284232899546623 0.022024448961019516
v 0.04838476702570915 0.02725490741431713 0.019122090190649033
v 0.04790633171796799 -0.02063700743019581 0.017026938498020172
v 0.045495785772800446 -0.013730558566749096 0.01384741347283125
v 0.045441143214702606 -0.02059251256287098 0.014580887742340565
v 0.045441143214702606 -0.02059251256287098 0.014580887742340565
v 0.045495785772800446 -0.013730558566749096 0.01384741347283125
v 0.04271601513028145 -0.013685467652976513 0.012602071277797222
v 0.045441143214702606 -0.02059251256287098 0.014580887742340565
v 0.04271601513028145 -0.013685467652976513 0.012602071277797222
v 0.04255950450897217 -0.020543964579701424 0.01306666899472475
v 0.04255950450897217 -0.020543964579701424 0.01306666899472475
v 0.04271601513028145 -0.013685467652976513 0.012602071277797222
v 0.04096553474664688 -0.01626002974808216 0.012398631311953068
v 0.04255950450897217 -0.020543964579701424 0.01306666899472475
v 0.04096553474664688 -0.01626002974808216 0.012398631311953068
v 0.03925629332661629 -0.020490737631917 0.012427431531250477
v 0.03925629332661629 -0.020490737631917 0.012427431531250477
v 0.04096553474664688 -0.01626002974808216 0.012398631311953068
v 0.03889862075448036 -0.020801039412617683 0.012417525984346867
v 0.03925629332661629 -0.020490737631917 0.012427431531250477
v 0.03889862075448036 -0.020801039412617683 0.012417525984346867
v 0.03967371955513954 -0.027154775336384773 0.012981544248759747
v 0.03967371955513954 -0.027154775336384773 0.012981544248759747
v 0.03889862075448036 -0.020801039412617683 0.012417525984346867
v 0.03635459020733833 -0.025066228583455086 0.012530728243291378
v 0.03967371955513954 -0.027154775336384773 0.012981544248759747
v 0.03635459020733833 -0.025066228583455086 0.012530728243291378
v 0.03565782681107521 -0.02607038803398609 0.012570108287036419
v 0.04425389692187309 0.027239589020609856 0.014835008420050144
v 0.04260208457708359 0.02069943957030773 0.013077485375106335
v 0.04547781124711037 0.02074679546058178 0.01460032444447279
v 0.04547781124711037 0.02074679546058178 0.01460032444447279
v 0.04260208457708359 0.02069943957030773 0.013077485375106335
v 0.04556233808398247 0.013885614462196827 0.013869975693523884
v 0.04547781124711037 0.02074679546058178 0.01460032444447279
v 0.04556233808398247 0.013885614462196827 0.013869975693523884
v 0.0480201430618763 0.013920155353844166 0.016170112416148186
v 0.0480201430618763 0.013920155353844166 0.016170112416148186
v 0.04556233808398247 0.013885614462196827 0.013869975693523884
v 0.045589379966259 9.855386451818049e-05 0.013329383917152882
v 0.0480201430618763 0.013920155353844166 0.016170112416148186
v 0.045589379966259 9.855386451818049e-05 0.013329383917152882
v 0.04801212623715401 9.181853965856135e-05 0.015471774153411388
v 0.04801212623715401 9.181853965856135e-05 0.015471774153411388
v 0.045589379966259 9.855386451818049e-05 0.013329383917152882
v 0.045495785772800446 -0.013730558566749096 0.01384741347283125
v 0.04801212623715401 9.181853965856135e-05 0.015471774153411388
v 0.045495785772800446 -0.013730558566749096 0.01384741347283125
v 0.0479719415307045 -0.013771447353065014 0.01614505611360073
v 0.0479719415307045 -0.013771447353065014 0.01614505611360073
v 0.045495785772800446 -0.013730558566749096 0.01384741347283125
v 0.04790633171796799 -0.02063700743019581 0.017026938498020172
v 0.0479719415307045 -0.013771447353065014 0.01614505611360073
v 0.04790633171796799 -0.02063700743019581 0.017026938498020172
v 0.05008964613080025 -0.013783606700599194 0.0193173848092556
v 0.05008964613080025 -0.013783606700599194 0.0193173848092556
v 0.04790633171796799 -0.02063700743019581 0.017026938498020172
v 0.050142690539360046 -0.027119310572743416 0.022224102169275284
v 0.05008964613080025 -0.013783606700599194 0.0193173848092556
v 0.050142690539360046 -0.027119310572743416 0.022224102169275284
v 0.051654428243637085 -0.027151526883244514 0.02604997158050537
v -0.04312572628259659 -0.015639783814549446 0.011046045459806919
v -0.04114905744791031 -0.02016511745750904 0.010954889468848705
v -0.043525394052267075 -0.028652550652623177 0.011995871551334858
v -0.037252649664878845 0.029591990634799004 0.011229156516492367
v -0.0378401055932045 0.025870470330119133 0.011053246445953846
v -0.03997517749667168 0.029254285618662834 0.0113463019952178
v -0.03997517749667168 0.029254285618662834 0.0113463019952178
v -0.0378401055932045 0.025870470330119133 0.011053246445953846
v -0.04044708237051964 0.021668104454874992 0.010959369130432606
v -0.03997517749667168 0.029254285618662834 0.0113463019952178
v -0.04044708237051964 0.021668104454874992 0.010959369130432606
v -0.04106424003839493 0.029088271781802177 0.011480120010674
v -0.04257039353251457 0.01722150854766369 0.011015220545232296
v -0.04388156905770302 0.013606932945549488 0.011134407483041286
v -0.04475889727473259 0.014907357282936573 0.01144899521023035
v -0.04044708237051964 0.021668104454874992 0.010959369130432606
v -0.04080740734934807 0.02099546603858471 0.010958817787468433
v -0.04106424003839493 0.029088271781802177 0.011480120010674
v -0.04106424003839493 0.029088271781802177 0.011480120010674
v -0.04080740734934807 0.02099546603858471 0.010958817787468433
v -0.04257039353251457 0.01722150854766369 0.011015220545232296
v -0.04106424003839493 0.029088271781802177 0.011480120010674
v -0.04257039353251457 0.01722150854766369 0.011015220545232296
v -0.043048400431871414 0.02873353473842144 0.011897341348230839
v -0.043048400431871414 0.02873353473842144 0.011897341348230839
v -0.04257039353251457 0.01722150854766369 0.011015220545232296
v -0.04475889727473259 0.014907357282936573 0.01144899521023035
v -0.05067294090986252 0.014921304769814014 0.015867993235588074
v -0.04828277975320816 0.027361808344721794 0.014548114500939846
v -0.0479794479906559 0.014921036548912525 0.013148062862455845
v -0.0479794479906559 0.014921036548912525 0.013148062862455845
v -0.04828277975320816 0.027361808344721794 0.014548114500939846
v -0.04582259804010391 0.028100071474909782 0.012962576933205128
v -0.0479794479906559 0.014921036548912525 0.013148062862455845
v -0.04582259804010391 0.028100071474909782 0.012962576933205128
v -0.04475889727473259 0.014907357282936573 0.01144899521023035
v -0.04475889727473259 0.014907357282936573 0.01144899521023035
v -0.04582259804010391 0.028100071474909782 0.012962576933205128
v -0.044698238372802734 0.028378842398524284 0.012452696450054646
v -0.04475889727473259 0.014907357282936573 0.01144899521023035
v -0.044698238372802734 0.028378842398524284 0.012452696450054646
v -0.043048400431871414 0.02873353473842144 0.011897341348230839
v -0.05243613198399544 0.025459466502070427 0.019523628056049347
v -0.05137643963098526 0.02606394700706005 0.017860475927591324
v -0.05067294090986252 0.014921304769814014 0.015867993235588074
v -0.05067294090986252 0.014921304769814014 0.015867993235588074
v -0.05137643963098526 0.02606394700706005 0.017860475927591324
v -0.050393082201480865 0.026536790654063225 0.016601623967289925
v -0.05067294090986252 0.014921304769814014 0.015867993235588074
v -0.050393082201480865 0.026536790654063225 0.016601623967289925
v -0.04828277975320816 0.027361808344721794 0.014548114500939846
v -0.05243613198399544 0.025459466502070427 0.019523628056049347
v -0.05067294090986252 0.014921304769814014 0.015867993235588074
v -0.0527183823287487 0.025275496765971184 0.02003854513168335
v -0.0527183823287487 0.025275496765971184 0.02003854513168335
v -0.05067294090986252 0.014921304769814014 0.015867993235588074
v -0.052741605788469315 0.01491981465369463 0.019275635480880737
v -0.0527183823287487 0.025275496765971184 0.02003854513168335
v -0.052741605788469315 0.01491981465369463 0.019275635480880737
v -0.053878892213106155 0.02435898594558239 0.02264263480901718
v -0.053878892213106155 0.02435898594558239 0.02264263480901718
v -0.052741605788469315 0.01491981465369463 0.019275635480880737
v -0.05419442430138588 0.014924106188118458 0.02306598797440529
v -0.053878892213106155 0.02435898594558239 0.02264263480901718
v -0.05419442430138588 0.014924106188118458 0.02306598797440529
v -0.05494167283177376 0.02307879738509655 0.0263344906270504
v -0.05494167283177376 0.02307879738509655 0.0263344906270504
v -0.05419442430138588 0.014924106188118458 0.02306598797440529
v -0.05564441159367561 0.01947563700377941 0.031041495501995087
v -0.05494167283177376 0.02307879738509655 0.0263344906270504
v -0.05564441159367561 0.01947563700377941 0.031041495501995087
v -0.05566304549574852 0.021426616236567497 0.031105082482099533
v -0.05566561222076416 -0.021520020440220833 0.031114473938941956
v -0.05564658343791962 -0.019533516839146614 0.031047876924276352
v -0.05494830012321472 -0.023159148171544075 0.026315048336982727
v -0.05494830012321472 -0.023159148171544075 0.026315048336982727
v -0.05564658343791962 -0.019533516839146614 0.031047876924276352
v -0.05422795191407204 -0.014775368385016918 0.02313102036714554
v -0.05494830012321472 -0.023159148171544075 0.026315048336982727
v -0.05422795191407204 -0.014775368385016918 0.02313102036714554
v -0.05390779301524162 -0.024423928931355476 0.022619418799877167
v -0.05390779301524162 -0.024423928931355476 0.022619418799877167
v -0.05422795191407204 -0.014775368385016918 0.02313102036714554
v -0.052779681980609894 -0.014767560176551342 0.019290443509817123
v -0.050501104444265366 -0.026566119864583015 0.016595767810940742
v -0.051408782601356506 -0.02613040991127491 0.017771683633327484
v -0.05069539323449135 -0.014767053537070751 0.015834709629416466
v -0.05069539323449135 -0.014767053537070751 0.015834709629416466
v -0.051408782601356506 -0.02613040991127491 0.017771683633327484
v -0.05249328166246414 -0.02551153488457203 0.019496779888868332
v -0.05069539323449135 -0.014767053537070751 0.015834709629416466
v -0.05249328166246414 -0.02551153488457203 0.019496779888868332
v -0.052779681980609894 -0.014767560176551342 0.019290443509817123
v -0.052779681980609894 -0.014767560176551342 0.019290443509817123
v -0.05249328166246414 -0.02551153488457203 0.019496779888868332
v -0.05281359329819679 -0.025300325825810432 0.020095977932214737
v -0.052779681980609894 -0.014767560176551342 0.019290443509817123
v -0.05281359329819679 -0.025300325825810432 0.020095977932214737
v -0.05390779301524162 -0.024423928931355476 0.022619418799877167
v -0.050501104444265366 -0.026566119864583015 0.016595767810940742
v -0.05069539323449135 -0.014767053537070751 0.015834709629416466
v -0.04866773262619972 -0.027291448786854744 0.014751779846847057
v -0.04866773262619972 -0.027291448786854744 0.014751779846847057
v -0.05069539323449135 -0.014767053537070751 0.015834709629416466
v -0.047960132360458374 -0.014773490838706493 0.013090725056827068
v -0.04866773262619972 -0.027291448786854744 0.014751779846847057
v -0.047960132360458374 -0.014773490838706493 0.013090725056827068
v -0.04801538586616516 -0.02751121111214161 0.014231742359697819
v -0.04801538586616516 -0.02751121111214161 0.014231742359697819
v -0.047960132360458374 -0.014773490838706493 0.013090725056827068
v -0.04623507335782051 -0.02803230471909046 0.013097439892590046
v -0.04623507335782051 -0.02803230471909046 0.013097439892590046
v -0.047960132360458374 -0.014773490838706493 0.013090725056827068
v -0.044684749096632004 -0.014778676442801952 0.01140801515430212
v -0.04623507335782051 -0.02803230471909046 0.013097439892590046
v -0.044684749096632004 -0.014778676442801952 0.01140801515430212
v -0.04472905769944191 -0.028399290516972542 0.0124058211222291
v -0.043525394052267075 -0.028652550652623177 0.011995871551334858
v -0.04114905744791031 -0.02016511745750904 0.010954889468848705
v -0.04065404459834099 -0.02913898415863514 0.0114161791279912
v -0.04065404459834099 -0.02913898415863514 0.0114161791279912
v -0.04114905744791031 -0.02016511745750904 0.010954889468848705
v -0.04080731049180031 -0.020829619839787483 0.010952734388411045
v -0.04065404459834099 -0.02913898415863514 0.0114161791279912
v -0.04080731049180031 -0.020829619839787483 0.010952734388411045
v -0.038706373423337936 -0.024419011548161507 0.011006292887032032
v -0.038706373423337936 -0.024419011548161507 0.011006292887032032
v -0.037866778671741486 -0.025666268542408943 0.011051696725189686
v -0.04065404459834099 -0.02913898415863514 0.0114161791279912
v -0.04065404459834099 -0.02913898415863514 0.0114161791279912
v -0.037866778671741486 -0.025666268542408943 0.011051696725189686
v -0.037836771458387375 -0.02587616629898548 0.01106072124093771
v -0.04065404459834099 -0.02913898415863514 0.0114161791279912
v -0.037836771458387375 -0.02587616629898548 0.01106072124093771
v -0.037252653390169144 -0.02954241819679737 0.01123566273599863
v -0.04594982787966728 -0.0009565377258695662 0.01151690911501646
v -0.04555539786815643 -0.00595140689983964 0.01141378004103899
v -0.047960132360458374 -0.014773490838706493 0.013090725056827068
v -0.04555539786815643 -0.00595140689983964 0.01141378004103899
v -0.04465421289205551 -0.010686191730201244 0.011233783327043056
v -0.047960132360458374 -0.014773490838706493 0.013090725056827068
v -0.047960132360458374 -0.014773490838706493 0.013090725056827068
v -0.04465421289205551 -0.010686191730201244 0.011233783327043056
v -0.04461274668574333 -0.010853084735572338 0.01122694369405508
v -0.047960132360458374 -0.014773490838706493 0.013090725056827068
v -0.04461274668574333 -0.010853084735572338 0.01122694369405508
v -0.044684749096632004 -0.014778676442801952 0.01140801515430212
v -0.044684749096632004 -0.014778676442801952 0.01140801515430212
v -0.04461274668574333 -0.010853084735572338 0.01122694369405508
v -0.04312572628259659 -0.015639783814549446 0.011046045459806919
v -0.044684749096632004 -0.014778676442801952 0.01140801515430212
v -0.04312572628259659 -0.015639783814549446 0.011046045459806919
v -0.04472905769944191 -0.028399290516972542 0.0124058211222291
v -0.04472905769944191 -0.028399290516972542 0.0124058211222291
v -0.04312572628259659 -0.015639783814549446 0.011046045459806919
v -0.043525394052267075 -0.028652550652623177 0.011995871551334858
v -0.045113705098629 0.008778569288551807 0.011326556093990803
v -0.04579945653676987 0.0039024031721055508 0.011479347012937069
v -0.04785968363285065 5.426761708804406e-05 0.012592979706823826
v -0.04785968363285065 5.426761708804406e-05 0.012592979706823826
v -0.04579945653676987 0.0039024031721055508 0.011479347012937069
v -0.04596183821558952 8.311626879731193e-05 0.011520867235958576
v -0.05564658343791962 -0.019533516839146614 0.031047876924276352
v -0.05553904548287392 8.302686183014885e-05 0.030749831348657608
v -0.05422795191407204 -0.014775368385016918 0.02313102036714554
v -0.05422795191407204 -0.014775368385016918 0.02313102036714554
v -0.05553904548287392 8.302686183014885e-05 0.030749831348657608
v -0.05419113114476204 7.259604899445549e-05 0.022796478122472763
v -0.05422795191407204 -0.014775368385016918 0.02313102036714554
v -0.05419113114476204 7.259604899445549e-05 0.022796478122472763
v -0.052779681980609894 -0.014767560176551342 0.019290443509817123
v -0.052779681980609894 -0.014767560176551342 0.019290443509817123
v -0.05419113114476204 7.259604899445549e-05 0.022796478122472763
v -0.05270834639668465 6.663558451691642e-05 0.018795069307088852
v -0.052779681980609894 -0.014767560176551342 0.019290443509817123
v -0.05270834639668465 6.663558451691642e-05 0.018795069307088852
v -0.05069539323449135 -0.014767053537070751 0.015834709629416466
v -0.05069539323449135 -0.014767053537070751 0.015834709629416466
v -0.05270834639668465 6.663558451691642e-05 0.018795069307088852
v -0.05057906359434128 6.097313962527551e-05 0.015271366573870182
v -0.05069539323449135 -0.014767053537070751 0.015834709629416466
v -0.05057906359434128 6.097313962527551e-05 0.015271366573870182
v -0.047960132360458374 -0.014773490838706493 0.013090725056827068
v -0.047960132360458374 -0.014773490838706493 0.013090725056827068
v -0.05057906359434128 6.097313962527551e-05 0.015271366573870182
v -0.04785968363285065 5.426761708804406e-05 0.012592979706823826
v -0.047960132360458374 -0.014773490838706493 0.013090725056827068
v -0.04785968363285065 5.426761708804406e-05 0.012592979706823826
v -0.04594982787966728 -0.0009565377258695662 0.01151690911501646
v -0.04594982787966728 -0.0009565377258695662 0.01151690911501646
v -0.04785968363285065 5.426761708804406e-05 0.012592979706823826
v -0.04596183821558952 8.311626879731193e-05 0.011520867235958576
v -0.05553904548287392 8.302686183014885e-05 0.030749831348657608
v -0.05564441159367561 0.01947563700377941 0.031041495501995087
v -0.05419113114476204 7.259604899445549e-05 0.022796478122472763
v -0.05419113114476204 7.259604899445549e-05 0.022796478122472763
v -0.05564441159367561 0.01947563700377941 0.031041495501995087
v -0.05419442430138588 0.014924106188118458 0.02306598797440529
v -0.05419113114476204 7.259604899445549e-05 0.022796478122472763
v -0.05419442430138588 0.014924106188118458 0.02306598797440529
v -0.05270834639668465 6.663558451691642e-05 0.018795069307088852
v -0.05270834639668465 6.663558451691642e-05 0.018795069307088852
v -0.05419442430138588 0.014924106188118458 0.02306598797440529
v -0.052741605788469315 0.01491981465369463 0.019275635480880737
v -0.05270834639668465 6.663558451691642e-05 0.018795069307088852
v -0.052741605788469315 0.01491981465369463 0.019275635480880737
v -0.05057906359434128 6.097313962527551e-05 0.015271366573870182
v -0.05057906359434128 6.097313962527551e-05 0.015271366573870182
v -0.052741605788469315 0.01491981465369463 0.019275635480880737
v -0.05067294090986252 0.014921304769814014 0.015867993235588074
v -0.05057906359434128 6.097313962527551e-05 0.015271366573870182
v -0.05067294090986252 0.014921304769814014 0.015867993235588074
v -0.04785968363285065 5.426761708804406e-05 0.012592979706823826
v -0.04785968363285065 5.426761708804406e-05 0.012592979706823826
v -0.05067294090986252 0.014921304769814014 0.015867993235588074
v -0.0479794479906559 0.014921036548912525 0.013148062862455845
v -0.04785968363285065 5.426761708804406e-05 0.012592979706823826
v -0.0479794479906559 0.014921036548912525 0.013148062862455845
v -0.045113705098629 0.008778569288551807 0.011326556093990803
v -0.045113705098629 0.008778569288551807 0.011326556093990803
v -0.0479794479906559 0.014921036548912525 0.013148062862455845
v -0.04475889727473259 0.014907357282936573 0.01144899521023035
v -0.045113705098629 0.008778569288551807 0.011326556093990803
v -0.04475889727473259 0.014907357282936573 0.01144899521023035
v -0.04465422406792641 0.010852214880287647 0.011244083754718304
v -0.04465422406792641 0.010852214880287647 0.011244083754718304
v -0.04475889727473259 0.014907357282936573 0.01144899521023035
v -0.04388156905770302 0.013606932945549488 0.011134407483041286
v -0.0375240296125412 -0.026150675490498543 0.011072413064539433
v -0.037836771458387375 -0.02587616629898548 0.01106072124093771
v -0.037866778671741486 -0.025666268542408943 0.011051696725189686
v -0.037836771458387375 -0.02587616629898548 0.01106072124093771
v -0.0375240296125412 -0.026150675490498543 0.011072413064539433
v -0.037252653390169144 -0.02954241819679737 0.01123566273599863
v -0.037252653390169144 -0.02954241819679737 0.01123566273599863
v -0.0375240296125412 -0.026150675490498543 0.011072413064539433
v -0.03635961934924126 -0.02770182676613331 0.011142163537442684
v -0.037252653390169144 -0.02954241819679737 0.01123566273599863
v -0.03635961934924126 -0.02770182676613331 0.011142163537442684
v -0.036539722234010696 -0.03432006016373634 0.011602074839174747
v -0.03635961934924126 -0.02770182676613331 0.011142163537442684
v -0.0346444733440876 -0.029757888987660408 0.011248906143009663
v -0.036539722234010696 -0.03432006016373634 0.011602074839174747
v -0.036539722234010696 -0.03432006016373634 0.011602074839174747
v -0.0346444733440876 -0.029757888987660408 0.011248906143009663
v -0.03249220550060272 -0.03202361240983009 0.011398996226489544
v -0.036539722234010696 -0.03432006016373634 0.011602074839174747
v -0.03249220550060272 -0.03202361240983009 0.011398996226489544
v -0.03629523888230324 -0.03864691033959389 0.012190048582851887
v -0.03629523888230324 -0.03864691033959389 0.012190048582851887
v -0.03249220550060272 -0.03202361240983009 0.011398996226489544
v -0.029243173077702522 -0.03491935506463051 0.011665706522762775
v -0.03629523888230324 -0.03864691033959389 0.012190048582851887
v -0.029243173077702522 -0.03491935506463051 0.011665706522762775
v -0.03629479929804802 -0.041545603424310684 0.01279775332659483
v -0.03629479929804802 -0.041545603424310684 0.01279775332659483
v -0.029243173077702522 -0.03491935506463051 0.011665706522762775
v -0.02652367390692234 -0.03695199266076088 0.011921417899429798
v -0.013928846456110477 -0.043008241802453995 0.013192341662943363
v -0.006434767972677946 -0.04458293691277504 0.013698522932827473
v -0.03629475459456444 -0.0479353703558445 0.01513406541198492
v -0.013928846456110477 -0.043008241802453995 0.013192341662943363
v -0.03629475459456444 -0.0479353703558445 0.01513406541198492
v -0.016919376328587532 -0.04199257865548134 0.012911318801343441
v -0.02652367390692234 -0.03695199266076088 0.011921417899429798
v -0.023885395377874374 -0.03864050284028053 0.012188923545181751
v -0.03629479929804802 -0.041545603424310684 0.01279775332659483
v -0.03629479929804802 -0.041545603424310684 0.01279775332659483
v -0.023885395377874374 -0.03864050284028053 0.012188923545181751
v -0.0180515069514513 -0.041545603424310684 0.01279775332659483
v -0.03629479929804802 -0.041545603424310684 0.01279775332659483
v -0.0180515069514513 -0.041545603424310684 0.01279775332659483
v -0.03629479184746742 -0.042849067598581314 0.013146094046533108
v -0.03629479184746742 -0.042849067598581314 0.013146094046533108
v -0.0180515069514513 -0.041545603424310684 0.01279775332659483
v -0.016919376328587532 -0.04199257865548134 0.012911318801343441
v -0.03629479184746742 -0.042849067598581314 0.013146094046533108
v -0.016919376328587532 -0.04199257865548134 0.012911318801343441
v -0.03629476949572563 -0.04661092534661293 0.0145003916695714
v -0.03629476949572563 -0.04661092534661293 0.0145003916695714
v -0.016919376328587532 -0.04199257865548134 0.012911318801343441
v -0.03629475459456444 -0.0479353703558445 0.01513406541198492
v 0.004463199991732836 -0.04458877816796303 0.013700575567781925
v 0.03208501636981964 -0.04793522134423256 0.01513433177024126
v 0.00362496729940176 -0.04468259587883949 0.013733741827309132
v 0.00362496729940176 -0.04468259587883949 0.013733741827309132
v 0.03208501636981964 -0.04793522134423256 0.01513433177024126
v -0.0006857988773845136 -0.04491612687706947 0.013817847706377506
v 0.03208855539560318 -0.041544023901224136 0.012796415947377682
v 0.0320836566388607 -0.042374853044748306 0.013011435978114605
v 0.01499599777162075 -0.041992489248514175 0.012911288999021053
v 0.004463199991732836 -0.04458877816796303 0.013700575567781925
v 0.009995486587285995 -0.04356256499886513 0.013360192067921162
v 0.03208501636981964 -0.04793522134423256 0.01513433177024126
v 0.03208501636981964 -0.04793522134423256 0.01513433177024126
v 0.009995486587285995 -0.04356256499886513 0.013360192067921162
v 0.01499599777162075 -0.041992489248514175 0.012911288999021053
v 0.03208501636981964 -0.04793522134423256 0.01513433177024126
v 0.01499599777162075 -0.041992489248514175 0.012911288999021053
v 0.032084859907627106 -0.046299997717142105 0.014363613910973072
v 0.032084859907627106 -0.046299997717142105 0.014363613910973072
v 0.01499599777162075 -0.041992489248514175 0.012911288999021053
v 0.0320836566388607 -0.042374853044748306 0.013011435978114605
v -0.006434767972677946 -0.04458293691277504 0.013698522932827473
v -0.0006857988773845136 -0.04491612687706947 0.013817847706377506
v -0.03629475459456444 -0.0479353703558445 0.01513406541198492
v -0.03629475459456444 -0.0479353703558445 0.01513406541198492
v -0.0006857988773845136 -0.04491612687706947 0.013817847706377506
v 0.03208501636981964 -0.04793522134423256 0.01513433177024126
v -0.03629475459456444 -0.0479353703558445 0.01513406541198492
v 0.03208501636981964 -0.04793522134423256 0.01513433177024126
v -0.03629472851753235 -0.04991627112030983 0.01628260314464569
v -0.03629472851753235 -0.04991627112030983 0.01628260314464569
v 0.03208501636981964 -0.04793522134423256 0.01513433177024126
v 0.032085493206977844 -0.049618009477853775 0.016094300895929337
v -0.03629472851753235 -0.04991627112030983 0.01628260314464569
v 0.032085493206977844 -0.049618009477853775 0.016094300895929337
v -0.03629467263817787 -0.05282643809914589 0.018541403114795685
v 0.032085493206977844 -0.049618009477853775 0.016094300895929337
v 0.03208460658788681 -0.05269953981041908 0.01842721924185753
v -0.03629467263817787 -0.05282643809914589 0.018541403114795685
v -0.03629467263817787 -0.05282643809914589 0.018541403114795685
v 0.03208460658788681 -0.05269953981041908 0.01842721924185753
v 0.03208502009510994 -0.055192116647958755 0.021074824035167694
v -0.03629467263817787 -0.05282643809914589 0.018541403114795685
v 0.03208502009510994 -0.055192116647958755 0.021074824035167694
v -0.0362946093082428 -0.05524635687470436 0.021143678575754166
v -0.0362946093082428 -0.05524635687470436 0.021143678575754166
v 0.03208502009510994 -0.055192116647958755 0.021074824035167694
v -0.03629453107714653 -0.05744734779000282 0.024329353123903275
v 0.03208502009510994 -0.055192116647958755 0.021074824035167694
v 0.03208498656749725 -0.05532771721482277 0.021244369447231293
v -0.03629453107714653 -0.05744734779000282 0.024329353123903275
v -0.03629453107714653 -0.05744734779000282 0.024329353123903275
v 0.03208498656749725 -0.05532771721482277 0.021244369447231293
v 0.032084401696920395 -0.057567570358514786 0.024530325084924698
v -0.03629453107714653 -0.05744734779000282 0.024329353123903275
v 0.032084401696920395 -0.057567570358514786 0.024530325084924698
v -0.036294467747211456 -0.058859679847955704 0.026921335607767105
v -0.036294467747211456 -0.058859679847955704 0.026921335607767105
v 0.032084401696920395 -0.057567570358514786 0.024530325084924698
v 0.03208492696285248 -0.05885935202240944 0.026921499520540237
v -0.036294467747211456 -0.058859679847955704 0.026921335607767105
v 0.03208492696285248 -0.05885935202240944 0.026921499520540237
v -0.03629444167017937 -0.059431854635477066 0.028117630630731583
v -0.03629444167017937 -0.059431854635477066 0.028117630630731583
v 0.03208492696285248 -0.05885935202240944 0.026921499520540237
v 0.03208436444401741 -0.05972752347588539 0.02877316251397133
v -0.03629444167017937 -0.059431854635477066 0.028117630630731583
v 0.03208436444401741 -0.05972752347588539 0.02877316251397133
v -0.03629428893327713 -0.06176638975739479 0.03399191424250603
v -0.03629428893327713 -0.06176638975739479 0.03399191424250603
v 0.03208436444401741 -0.05972752347588539 0.02877316251397133
v 0.032084446400403976 -0.06178751960396767 0.034051455557346344
v -0.03629428893327713 -0.06176638975739479 0.03399191424250603
v 0.032084446400403976 -0.06178751960396767 0.034051455557346344
v -0.03629423677921295 -0.062360648065805435 0.03574627265334129
v -0.03629423677921295 -0.062360648065805435 0.03574627265334129
v 0.032084446400403976 -0.06178751960396767 0.034051455557346344
v -0.036294229328632355 -0.06241491809487343 0.03591129183769226
v -0.036294229328632355 -0.06241491809487343 0.03591129183769226
v 0.032084446400403976 -0.06178751960396767 0.034051455557346344
v -0.03629390895366669 -0.0643703043460846 0.04225561022758484
v -0.03629390895366669 -0.0643703043460846 0.04225561022758484
v 0.032084446400403976 -0.06178751960396767 0.034051455557346344
v 0.03208323195576668 -0.06451660394668579 0.04274722933769226
v -0.03629390895366669 -0.0643703043460846 0.04225561022758484
v 0.03208323195576668 -0.06451660394668579 0.04274722933769226
v -0.03629380464553833 -0.06451660394668579 0.04274754971265793
v 0.01499599777162075 -0.041992489248514175 0.012911288999021053
v 0.016127830371260643 -0.041545603424310684 0.01279775332659483
v 0.03208855539560318 -0.041544023901224136 0.012796415947377682
v 0.03208855539560318 -0.041544023901224136 0.012796415947377682
v 0.016127830371260643 -0.041545603424310684 0.01279775332659483
v 0.020064400508999825 -0.039702627807855606 0.012387570925056934
v 0.03208855539560318 -0.041544023901224136 0.012796415947377682
v 0.020064400508999825 -0.039702627807855606 0.012387570925056934
v 0.032247912138700485 -0.03911266103386879 0.012275458313524723
v 0.033208511769771576 -0.029198171570897102 0.01121761929243803
v 0.03443603217601776 -0.027701707556843758 0.011142159812152386
v 0.034358877688646317 -0.030096175149083138 0.011269082315266132
v 0.034358877688646317 -0.030096175149083138 0.011269082315266132
v 0.03443603217601776 -0.027701707556843758 0.011142159812152386
v 0.03527502343058586 -0.02730974741280079 0.011120584793388844
v 0.03527502343058586 -0.02730974741280079 0.011120584793388844
v 0.03443603217601776 -0.027701707556843758 0.011142159812152386
v 0.03553718328475952 -0.026238473132252693 0.011076218448579311
v 0.03527502343058586 -0.02730974741280079 0.011120584793388844
v 0.03553718328475952 -0.026238473132252693 0.011076218448579311
v 0.035703904926776886 -0.02600574679672718 0.011066029779613018
v 0.020064400508999825 -0.039702627807855606 0.012387570925056934
v 0.02460046112537384 -0.036951694637537 0.011921373195946217
v 0.032247912138700485 -0.03911266103386879 0.012275458313524723
v 0.032247912138700485 -0.03911266103386879 0.012275458313524723
v 0.02460046112537384 -0.036951694637537 0.011921373195946217
v 0.02559155970811844 -0.03624764457345009 0.011825310997664928
v 0.032247912138700485 -0.03911266103386879 0.012275458313524723
v 0.02559155970811844 -0.03624764457345009 0.011825310997664928
v 0.03296294063329697 -0.035135481506586075 0.011690582148730755
v 0.03296294063329697 -0.035135481506586075 0.011690582148730755
v 0.02559155970811844 -0.03624764457345009 0.011825310997664928
v 0.030568530783057213 -0.03202361240983009 0.011398996226489544
v 0.03296294063329697 -0.035135481506586075 0.011690582148730755
v 0.030568530783057213 -0.03202361240983009 0.011398996226489544
v 0.034358877688646317 -0.030096175149083138 0.011269082315266132
v 0.034358877688646317 -0.030096175149083138 0.011269082315266132
v 0.030568530783057213 -0.03202361240983009 0.011398996226489544
v 0.03272103890776634 -0.02975762076675892 0.011248891241848469
v 0.034358877688646317 -0.030096175149083138 0.011269082315266132
v 0.03272103890776634 -0.02975762076675892 0.011248891241848469
v 0.033208511769771576 -0.029198171570897102 0.01121761929243803
v -0.03562648966908455 0.02877729944884777 0.011186697520315647
v -0.0378401055932045 0.025870470330119133 0.011053246445953846
v -0.037252649664878845 0.029591990634799004 0.011229156516492367
v 0.03570316731929779 0.026172814890742302 0.011066053993999958
v 0.033582258969545364 0.028922317549586296 0.011194155551493168
v 0.035275042057037354 0.02747654728591442 0.011120584793388844
v 0.035275042057037354 0.02747654728591442 0.011120584793388844
v 0.033582258969545364 0.028922317549586296 0.011194155551493168
v 0.03337922692298889 0.033642467111349106 0.011520321480929852
v 0.033582258969545364 0.028922317549586296 0.011194155551493168
v 0.03272102773189545 0.02992367558181286 0.011248833499848843
v 0.03337922692298889 0.033642467111349106 0.011520321480929852
v 0.03337922692298889 0.033642467111349106 0.011520321480929852
v 0.03272102773189545 0.02992367558181286 0.011248833499848843
v 0.031265247613191605 0.0314902625977993 0.01134804729372263
v 0.03337922692298889 0.033642467111349106 0.011520321480929852
v 0.031265247613191605 0.0314902625977993 0.01134804729372263
v 0.03236742690205574 0.03841012343764305 0.012120907194912434
v 0.031265247613191605 0.0314902625977993 0.01134804729372263
v 0.026337336748838425 0.03585667535662651 0.011754983104765415
v 0.03236742690205574 0.03841012343764305 0.012120907194912434
v 0.03236742690205574 0.03841012343764305 0.012120907194912434
v 0.026337336748838425 0.03585667535662651 0.011754983104765415
v 0.024600137025117874 0.037117939442396164 0.011921265162527561
v 0.03236742690205574 0.03841012343764305 0.012120907194912434
v 0.024600137025117874 0.037117939442396164 0.011921265162527561
v 0.032116156071424484 0.04081135615706444 0.012586032040417194
v 0.032116156071424484 0.04081135615706444 0.012586032040417194
v 0.024600137025117874 0.037117939442396164 0.011921265162527561
v 0.020830251276493073 0.0394543819129467 0.01230687741190195
v 0.032116156071424484 0.04081135615706444 0.012586032040417194
v 0.020830251276493073 0.0394543819129467 0.01230687741190195
v 0.03209402784705162 0.04305575415492058 0.013157530687749386
v 0.03209402784705162 0.04305575415492058 0.013157530687749386
v 0.020830251276493073 0.0394543819129467 0.01230687741190195
v 0.015706036239862442 0.04188231751322746 0.012840167619287968
v 0.03209402784705162 0.04305575415492058 0.013157530687749386
v 0.015706036239862442 0.04188231751322746 0.012840167619287968
v 0.032085247337818146 0.04611955210566521 0.014219415374100208
v 0.032085247337818146 0.04611955210566521 0.014219415374100208
v 0.015706036239862442 0.04188231751322746 0.012840167619287968
v 0.03208450973033905 0.04663359746336937 0.014436955563724041
v 0.03208450973033905 0.04663359746336937 0.014436955563724041
v 0.015706036239862442 0.04188231751322746 0.012840167619287968
v 0.014995681121945381 0.04215862974524498 0.012911059893667698
v 0.03208450973033905 0.04663359746336937 0.014436955563724041
v 0.014995681121945381 0.04215862974524498 0.012911059893667698
v 0.010996347293257713 0.043465059250593185 0.013278751634061337
v 0.010996347293257713 0.043465059250593185 0.013278751634061337
v 0.006749166175723076 0.04441743716597557 0.013583882711827755
v 0.03208450973033905 0.04663359746336937 0.014436955563724041
v 0.03208450973033905 0.04663359746336937 0.014436955563724041
v 0.006749166175723076 0.04441743716597557 0.013583882711827755
v 0.00446369918063283 0.0447547547519207 0.013700197450816631
v 0.03208450973033905 0.04663359746336937 0.014436955563724041
v 0.00446369918063283 0.0447547547519207 0.013700197450816631
v -0.0008516352390870452 0.045082878321409225 0.013817735947668552
v -0.0008516352390870452 0.045082878321409225 0.013817735947668552
v -0.006566012278199196 0.04473268613219261 0.013692452572286129
v -0.036294758319854736 0.04629391059279442 0.014291771687567234
v -0.036294758319854736 0.04629391059279442 0.014291771687567234
v -0.006566012278199196 0.04473268613219261 0.013692452572286129
v -0.010790332220494747 0.04399658367037773 0.013444923795759678
v -0.036294758319854736 0.04629391059279442 0.014291771687567234
v -0.010790332220494747 0.04399658367037773 0.013444923795759678
v -0.016919070854783058 0.04215874895453453 0.012911087833344936
v -0.016936812549829483 0.04215201362967491 0.01290933322161436
v -0.03629481792449951 0.040620531886816025 0.012544008903205395
v -0.03629477322101593 0.04174370691180229 0.01280545350164175
v -0.016936812549829483 0.04215201362967491 0.01290933322161436
v -0.03629477322101593 0.04174370691180229 0.01280545350164175
v -0.016919070854783058 0.04215874895453453 0.012911087833344936
v -0.016919070854783058 0.04215874895453453 0.012911087833344936
v -0.03629477322101593 0.04174370691180229 0.01280545350164175
v -0.03629476577043533 0.04488171264529228 0.013745150528848171
v -0.016919070854783058 0.04215874895453453 0.012911087833344936
v -0.03629476577043533 0.04488171264529228 0.013745150528848171
v -0.036294758319854736 0.04629391059279442 0.014291771687567234
v -0.0008516352390870452 0.045082878321409225 0.013817735947668552
v -0.036294758319854736 0.04629391059279442 0.014291771687567234
v 0.03208450973033905 0.04663359746336937 0.014436955563724041
v 0.03208450973033905 0.04663359746336937 0.014436955563724041
v -0.036294758319854736 0.04629391059279442 0.014291771687567234
v -0.03629474714398384 0.04759412631392479 0.014879412017762661
v 0.03208450973033905 0.04663359746336937 0.014436955563724041
v -0.03629474714398384 0.04759412631392479 0.014879412017762661
v 0.03208274394273758 0.04994320496916771 0.016192344948649406
v -0.03629474714398384 0.04759412631392479 0.014879412017762661
v -0.036294739693403244 0.048462431877851486 0.015323665924370289
v 0.03208274394273758 0.04994320496916771 0.016192344948649406
v 0.03208274394273758 0.04994320496916771 0.016192344948649406
v -0.036294739693403244 0.048462431877851486 0.015323665924370289
v -0.03629469498991966 0.05136184021830559 0.01717878133058548
v 0.03208274394273758 0.04994320496916771 0.016192344948649406
v -0.03629469498991966 0.05136184021830559 0.01717878133058548
v 0.03208369016647339 0.05193854495882988 0.017629949375987053
v 0.03208369016647339 0.05193854495882988 0.017629949375987053
v -0.03629469498991966 0.05136184021830559 0.01717878133058548
v -0.03629468008875847 0.05193854495882988 0.017629947513341904
v 0.03208369016647339 0.05193854495882988 0.017629949375987053
v -0.03629468008875847 0.05193854495882988 0.017629947513341904
v 0.032084591686725616 0.05286739394068718 0.01842615194618702
v 0.032084591686725616 0.05286739394068718 0.01842615194618702
v -0.03629468008875847 0.05193854495882988 0.017629947513341904
v -0.03629463165998459 0.05374644324183464 0.019268039613962173
v 0.032084591686725616 0.05286739394068718 0.01842615194618702
v -0.03629463165998459 0.05374644324183464 0.019268039613962173
v 0.032087333500385284 0.05558605119585991 0.02136172726750374
v 0.032087333500385284 0.05558605119585991 0.02136172726750374
v -0.03629463165998459 0.05374644324183464 0.019268039613962173
v -0.036294545978307724 0.05622300133109093 0.02220994234085083
v 0.032087333500385284 0.05558605119585991 0.02136172726750374
v -0.036294545978307724 0.05622300133109093 0.02220994234085083
v 0.032087959349155426 0.05636027082800865 0.022402159869670868
v 0.032087959349155426 0.05636027082800865 0.022402159869670868
v -0.036294545978307724 0.05622300133109093 0.02220994234085083
v 0.03208888694643974 0.05782584473490715 0.024686992168426514
v -0.036294545978307724 0.05622300133109093 0.02220994234085083
v -0.03629446029663086 0.05821136757731438 0.025365736335515976
v 0.03208888694643974 0.05782584473490715 0.024686992168426514
v 0.03208888694643974 0.05782584473490715 0.024686992168426514
v -0.03629446029663086 0.05821136757731438 0.025365736335515976
v -0.03629443421959877 0.05877196416258812 0.026417020708322525
v 0.03208888694643974 0.05782584473490715 0.024686992168426514
v -0.03629443421959877 0.05877196416258812 0.026417020708322525
v 0.03208933770656586 0.06018073484301567 0.02942885458469391
v -0.03629443421959877 0.05877196416258812 0.026417020708322525
v -0.0362943597137928 0.060096245259046555 0.029232319444417953
v 0.03208933770656586 0.06018073484301567 0.02942885458469391
v 0.03208933770656586 0.06018073484301567 0.02942885458469391
v -0.0362943597137928 0.060096245259046555 0.029232319444417953
v -0.03629434108734131 0.06042581424117088 0.030010927468538284
v 0.03208933770656586 0.06018073484301567 0.02942885458469391
v -0.03629434108734131 0.06042581424117088 0.030010927468538284
v 0.0320880189538002 0.062262844294309616 0.034952081739902496
v -0.03629380464553833 0.06468352675437927 0.042747534811496735
v 0.03208322823047638 0.06468358635902405 0.042747221887111664
v -0.036293864250183105 0.06459967792034149 0.04246513172984123
v -0.036293864250183105 0.06459967792034149 0.04246513172984123
v 0.03208322823047638 0.06468358635902405 0.042747221887111664
v 0.0320880189538002 0.062262844294309616 0.034952081739902496
v -0.036293864250183105 0.06459967792034149 0.04246513172984123
v 0.0320880189538002 0.062262844294309616 0.034952081739902496
v -0.03629416599869728 0.06265738606452942 0.03614179790019989
v -0.03629416599869728 0.06265738606452942 0.03614179790019989
v 0.0320880189538002 0.062262844294309616 0.034952081739902496
v -0.03629434108734131 0.06042581424117088 0.030010927468538284
v -0.016936812549829483 0.04215201362967491 0.01290933322161436
v -0.02275392785668373 0.0394543819129467 0.01230687741190195
v -0.03629481792449951 0.040620531886816025 0.012544008903205395
v -0.03629481792449951 0.040620531886816025 0.012544008903205395
v -0.02275392785668373 0.0394543819129467 0.01230687741190195
v -0.026523813605308533 0.037117939442396164 0.011921265162527561
v -0.03629481792449951 0.040620531886816025 0.012544008903205395
v -0.026523813605308533 0.037117939442396164 0.011921265162527561
v -0.036426544189453125 0.03557881340384483 0.01172176655381918
v -0.026523813605308533 0.037117939442396164 0.011921265162527561
v -0.02825918234884739 0.03585807606577873 0.011755152605473995
v -0.036426544189453125 0.03557881340384483 0.01172176655381918
v -0.036426544189453125 0.03557881340384483 0.01172176655381918
v -0.02825918234884739 0.03585807606577873 0.011755152605473995
v -0.033188920468091965 0.0314902625977993 0.01134804729372263
v -0.036426544189453125 0.03557881340384483 0.01172176655381918
v -0.033188920468091965 0.0314902625977993 0.01134804729372263
v -0.037252649664878845 0.029591990634799004 0.011229156516492367
v -0.037252649664878845 0.029591990634799004 0.011229156516492367
v -0.033188920468091965 0.0314902625977993 0.01134804729372263
v -0.03464468568563461 0.029923690482974052 0.011248835362493992
v -0.037252649664878845 0.029591990634799004 0.011229156516492367
v -0.03464468568563461 0.029923690482974052 0.011248835362493992
v -0.03562648966908455 0.02877729944884777 0.011186697520315647
v 0.04390377923846245 -0.0033921324647963047 0.01100709568709135
v 0.04403816536068916 8.302685455419123e-05 0.011016608215868473
v 0.04637566953897476 9.575244621373713e-05 0.012050732038915157
v 0.05496073141694069 -0.022063883021473885 0.03113573044538498
v 0.054616525769233704 -0.02730998583137989 0.031555600464344025
v 0.053191207349300385 -0.027310552075505257 0.025957640260457993
v 0.03837566450238228 -0.02177015133202076 0.010931015945971012
v 0.03888365253806114 -0.020829590037465096 0.010913717560470104
v 0.039354417473077774 -0.020584823563694954 0.010933437384665012
v 0.03527502343058586 -0.02730974741280079 0.011120584793388844
v 0.035703904926776886 -0.02600574679672718 0.011066029779613018
v 0.03666352108120918 -0.02730974741280079 0.011152640916407108
v 0.03666352108120918 -0.02730974741280079 0.011152640916407108
v 0.035703904926776886 -0.02600574679672718 0.011066029779613018
v 0.03837566450238228 -0.02177015133202076 0.010931015945971012
v 0.03666352108120918 -0.02730974741280079 0.011152640916407108
v 0.03837566450238228 -0.02177015133202076 0.010931015945971012
v 0.03907489776611328 -0.027313264086842537 0.011363468132913113
v 0.03907489776611328 -0.027313264086842537 0.011363468132913113
v 0.03837566450238228 -0.02177015133202076 0.010931015945971012
v 0.039354417473077774 -0.020584823563694954 0.010933437384665012
v 0.03907489776611328 -0.027313264086842537 0.011363468132913113
v 0.039354417473077774 -0.020584823563694954 0.010933437384665012
v 0.04190126433968544 -0.027312250807881355 0.012032085098326206
v 0.04302721843123436 -0.020700963214039803 0.011649939231574535
v 0.04632490128278732 -0.020785095170140266 0.013383814133703709
v 0.043023716658353806 -0.027309568598866463 0.012470432557165623
v 0.043023716658353806 -0.027309568598866463 0.012470432557165623
v 0.04632490128278732 -0.020785095170140266 0.013383814133703709
v 0.045551612973213196 -0.027310075238347054 0.013937153853476048
v 0.045551612973213196 -0.027310075238347054 0.013937153853476048
v 0.04632490128278732 -0.020785095170140266 0.013383814133703709
v 0.04784476011991501 -0.027310164645314217 0.01602432131767273
v 0.04784476011991501 -0.027310164645314217 0.01602432131767273
v 0.04632490128278732 -0.020785095170140266 0.013383814133703709
v 0.04907393082976341 -0.020823510363698006 0.016104483976960182
v 0.04784476011991501 -0.027310164645314217 0.01602432131767273
v 0.04907393082976341 -0.020823510363698006 0.016104483976960182
v 0.04881630837917328 -0.027309807017445564 0.017191031947731972
v 0.04988393560051918 -0.027310075238347054 0.018703624606132507
v 0.05140736699104309 -0.013885471038520336 0.01860770210623741
v 0.05167393386363983 -0.02731064148247242 0.02198372781276703
v 0.05167393386363983 -0.02731064148247242 0.02198372781276703
v 0.05140736699104309 -0.013885471038520336 0.01860770210623741
v 0.05316685140132904 -0.013854536227881908 0.02252109721302986
v 0.05167393386363983 -0.02731064148247242 0.02198372781276703
v 0.05316685140132904 -0.013854536227881908 0.02252109721302986
v 0.053191207349300385 -0.027310552075505257 0.025957640260457993
v 0.053191207349300385 -0.027310552075505257 0.025957640260457993
v 0.05316685140132904 -0.013854536227881908 0.02252109721302986
v 0.05553129315376282 -0.010328802280128002 0.03083299845457077
v 0.053191207349300385 -0.027310552075505257 0.025957640260457993
v 0.05553129315376282 -0.010328802280128002 0.03083299845457077
v 0.05496073141694069 -0.022063883021473885 0.03113573044538498
v 0.05461679399013519 0.02747681550681591 0.031555578112602234
v 0.0548550970852375 0.0238399188965559 0.031213682144880295
v 0.054026760160923004 0.0274790208786726 0.02893819659948349
v 0.054026760160923004 0.0274790208786726 0.02893819659948349
v 0.0548550970852375 0.0238399188965559 0.031213682144880295
v 0.05264882743358612 0.02748355083167553 0.02436516433954239
v 0.04910438507795334 0.020975200459361076 0.016131356358528137
v 0.05093308538198471 0.02748107723891735 0.02048887312412262
v 0.051439594477415085 0.01402872521430254 0.018633436411619186
v 0.051439594477415085 0.01402872521430254 0.018633436411619186
v 0.05093308538198471 0.02748107723891735 0.02048887312412262
v 0.05264882743358612 0.02748355083167553 0.02436516433954239
v 0.051439594477415085 0.01402872521430254 0.018633436411619186
v 0.05264882743358612 0.02748355083167553 0.02436516433954239
v 0.05318344756960869 0.013990131206810474 0.022540252655744553
v 0.05318344756960869 0.013990131206810474 0.022540252655744553
v 0.05264882743358612 0.02748355083167553 0.02436516433954239
v 0.0548550970852375 0.0238399188965559 0.031213682144880295
v 0.05318344756960869 0.013990131206810474 0.022540252655744553
v 0.0548550970852375 0.0238399188965559 0.031213682144880295
v 0.05529303103685379 0.016452131792902946 0.030956894159317017
v 0.046364977955818176 0.020941821858286858 0.013406177051365376
v 0.046750281006097794 0.027477381750941277 0.014921761117875576
v 0.04910438507795334 0.020975200459361076 0.016131356358528137
v 0.04910438507795334 0.020975200459361076 0.016131356358528137
v 0.046750281006097794 0.027477381750941277 0.014921761117875576
v 0.04886765778064728 0.027476606890559196 0.017257899045944214
v 0.04910438507795334 0.020975200459361076 0.016131356358528137
v 0.04886765778064728 0.027476606890559196 0.017257899045944214
v 0.05093308538198471 0.02748107723891735 0.02048887312412262
v 0.042276449501514435 0.027477292343974113 0.01216591615229845
v 0.04449760913848877 0.02747669629752636 0.01323541160672903
v 0.046364977955818176 0.020941821858286858 0.013406177051365376
v 0.046364977955818176 0.020941821858286858 0.013406177051365376
v 0.04449760913848877 0.02747669629752636 0.01323541160672903
v 0.04526306688785553 0.027477024123072624 0.013730895705521107
v 0.046364977955818176 0.020941821858286858 0.013406177051365376
v 0.04526306688785553 0.027477024123072624 0.013730895705521107
v 0.046750281006097794 0.027477381750941277 0.014921761117875576
v 0.046364977955818176 0.020941821858286858 0.013406177051365376
v 0.043074071407318115 0.020858285948634148 0.0116623779758811
v 0.042276449501514435 0.027477292343974113 0.01216591615229845
v 0.042276449501514435 0.027477292343974113 0.01216591615229845
v 0.043074071407318115 0.020858285948634148 0.0116623779758811
v 0.03940290957689285 0.020737526938319206 0.010935944505035877
v 0.042276449501514435 0.027477292343974113 0.01216591615229845
v 0.03940290957689285 0.020737526938319206 0.010935944505035877
v 0.03944634273648262 0.027479765936732292 0.01142118964344263
v 0.03940290957689285 0.020737526938319206 0.010935944505035877
v 0.03888368234038353 0.020995555445551872 0.01091331522911787
v 0.03944634273648262 0.027479765936732292 0.01142118964344263
v 0.03944634273648262 0.027479765936732292 0.01142118964344263
v 0.03888368234038353 0.020995555445551872 0.01091331522911787
v 0.03635130822658539 0.02523714117705822 0.011029456742107868
v 0.03944634273648262 0.027479765936732292 0.01142118964344263
v 0.03635130822658539 0.02523714117705822 0.011029456742107868
v 0.03666360303759575 0.027476487681269646 0.011152616702020168
v 0.03666360303759575 0.027476487681269646 0.011152616702020168
v 0.03635130822658539 0.02523714117705822 0.011029456742107868
v 0.03570316731929779 0.026172814890742302 0.011066053993999958
v 0.03666360303759575 0.027476487681269646 0.011152616702020168
v 0.03570316731929779 0.026172814890742302 0.011066053993999958
v 0.035275042057037354 0.02747654728591442 0.011120584793388844
v 0.04273054748773575 0.010852214880287647 0.010918761603534222
v 0.042554400861263275 0.011543271131813526 0.010911493562161922
v 0.0431741364300251 0.013939735479652882 0.011165996082127094
v 0.0431741364300251 0.013939735479652882 0.011165996082127094
v 0.042554400861263275 0.011543271131813526 0.010911493562161922
v 0.04096727818250656 0.016421614214777946 0.010882037691771984
v 0.04273054748773575 0.010852214880287647 0.010918761603534222
v 0.0431741364300251 0.013939735479652882 0.011165996082127094
v 0.04355582594871521 0.006653991993516684 0.010968576185405254
v 0.04355582594871521 0.006653991993516684 0.010968576185405254
v 0.0431741364300251 0.013939735479652882 0.011165996082127094
v 0.04639637842774391 0.014007476158440113 0.012628390453755856
v 0.04355582594871521 0.006653991993516684 0.010968576185405254
v 0.04639637842774391 0.014007476158440113 0.012628390453755856
v 0.0440111942589283 0.001640764414332807 0.011012227274477482
v 0.04390377923846245 -0.0033921324647963047 0.01100709568709135
v 0.04637566953897476 9.575244621373713e-05 0.012050732038915157
v 0.043243810534477234 -0.008334877900779247 0.010955684818327427
v 0.03888365253806114 -0.020829590037465096 0.010913717560470104
v 0.04054539278149605 -0.01729944534599781 0.010884511284530163
v 0.039354417473077774 -0.020584823563694954 0.010933437384665012
v 0.039354417473077774 -0.020584823563694954 0.010933437384665012
v 0.04054539278149605 -0.01729944534599781 0.010884511284530163
v 0.04302721843123436 -0.020700963214039803 0.011649939231574535
v 0.039354417473077774 -0.020584823563694954 0.010933437384665012
v 0.04302721843123436 -0.020700963214039803 0.011649939231574535
v 0.04190126433968544 -0.027312250807881355 0.012032085098326206
v 0.04190126433968544 -0.027312250807881355 0.012032085098326206
v 0.04302721843123436 -0.020700963214039803 0.011649939231574535
v 0.043023716658353806 -0.027309568598866463 0.012470432557165623
v 0.051439594477415085 0.01402872521430254 0.018633436411619186
v 0.049175236374139786 0.0140360863879323 0.015221991576254368
v 0.04910438507795334 0.020975200459361076 0.016131356358528137
v 0.04910438507795334 0.020975200459361076 0.016131356358528137
v 0.049175236374139786 0.0140360863879323 0.015221991576254368
v 0.04639637842774391 0.014007476158440113 0.012628390453755856
v 0.04910438507795334 0.020975200459361076 0.016131356358528137
v 0.04639637842774391 0.014007476158440113 0.012628390453755856
v 0.046364977955818176 0.020941821858286858 0.013406177051365376
v 0.046364977955818176 0.020941821858286858 0.013406177051365376
v 0.04639637842774391 0.014007476158440113 0.012628390453755856
v 0.0431741364300251 0.013939735479652882 0.011165996082127094
v 0.046364977955818176 0.020941821858286858 0.013406177051365376
v 0.0431741364300251 0.013939735479652882 0.011165996082127094
v 0.043074071407318115 0.020858285948634148 0.0116623779758811
v 0.043074071407318115 0.020858285948634148 0.0116623779758811
v 0.0431741364300251 0.013939735479652882 0.011165996082127094
v 0.04096727818250656 0.016421614214777946 0.010882037691771984
v 0.043074071407318115 0.020858285948634148 0.0116623779758811
v 0.04096727818250656 0.016421614214777946 0.010882037691771984
v 0.03940290957689285 0.020737526938319206 0.010935944505035877
v 0.03940290957689285 0.020737526938319206 0.010935944505035877
v 0.04096727818250656 0.016421614214777946 0.010882037691771984
v 0.038897961378097534 0.020968345925211906 0.010912875644862652
v 0.03940290957689285 0.020737526938319206 0.010935944505035877
v 0.038897961378097534 0.020968345925211906 0.010912875644862652
v 0.03888368234038353 0.020995555445551872 0.01091331522911787
v 0.05529303103685379 0.016452131792902946 0.030956894159317017
v 0.05568159371614456 0.002942559774965048 0.030756041407585144
v 0.05318344756960869 0.013990131206810474 0.022540252655744553
v 0.05318344756960869 0.013990131206810474 0.022540252655744553
v 0.05568159371614456 0.002942559774965048 0.030756041407585144
v 0.05333535745739937 7.536765770055354e-05 0.021960988640785217
v 0.05318344756960869 0.013990131206810474 0.022540252655744553
v 0.05333535745739937 7.536765770055354e-05 0.021960988640785217
v 0.051439594477415085 0.01402872521430254 0.018633436411619186
v 0.051439594477415085 0.01402872521430254 0.018633436411619186
v 0.05333535745739937 7.536765770055354e-05 0.021960988640785217
v 0.051493044942617416 8.165594772435725e-05 0.01792127825319767
v 0.051439594477415085 0.01402872521430254 0.018633436411619186
v 0.051493044942617416 8.165594772435725e-05 0.01792127825319767
v 0.049175236374139786 0.0140360863879323 0.015221991576254368
v 0.049175236374139786 0.0140360863879323 0.015221991576254368
v 0.051493044942617416 8.165594772435725e-05 0.01792127825319767
v 0.049150194972753525 8.862969116307795e-05 0.014497729949653149
v 0.049175236374139786 0.0140360863879323 0.015221991576254368
v 0.049150194972753525 8.862969116307795e-05 0.014497729949653149
v 0.04639637842774391 0.014007476158440113 0.012628390453755856
v 0.04639637842774391 0.014007476158440113 0.012628390453755856
v 0.049150194972753525 8.862969116307795e-05 0.014497729949653149
v 0.04637566953897476 9.575244621373713e-05 0.012050732038915157
v 0.04639637842774391 0.014007476158440113 0.012628390453755856
v 0.04637566953897476 9.575244621373713e-05 0.012050732038915157
v 0.0440111942589283 0.001640764414332807 0.011012227274477482
v 0.0440111942589283 0.001640764414332807 0.011012227274477482
v 0.04637566953897476 9.575244621373713e-05 0.012050732038915157
v 0.04403816536068916 8.302685455419123e-05 0.011016608215868473
v 0.04988393560051918 -0.027310075238347054 0.018703624606132507
v 0.04881630837917328 -0.027309807017445564 0.017191031947731972
v 0.05140736699104309 -0.013885471038520336 0.01860770210623741
v 0.05140736699104309 -0.013885471038520336 0.01860770210623741
v 0.04881630837917328 -0.027309807017445564 0.017191031947731972
v 0.04907393082976341 -0.020823510363698006 0.016104483976960182
v 0.05140736699104309 -0.013885471038520336 0.01860770210623741
v 0.04907393082976341 -0.020823510363698006 0.016104483976960182
v 0.049123477190732956 -0.013885083608329296 0.015192375518381596
v 0.049123477190732956 -0.013885083608329296 0.015192375518381596
v 0.04907393082976341 -0.020823510363698006 0.016104483976960182
v 0.04632490128278732 -0.020785095170140266 0.013383814133703709
v 0.049123477190732956 -0.013885083608329296 0.015192375518381596
v 0.04632490128278732 -0.020785095170140266 0.013383814133703709
v 0.04632386565208435 -0.013849887065589428 0.012601579539477825
v 0.04632386565208435 -0.013849887065589428 0.012601579539477825
v 0.04632490128278732 -0.020785095170140266 0.013383814133703709
v 0.04302721843123436 -0.020700963214039803 0.011649939231574535
v 0.04632386565208435 -0.013849887065589428 0.012601579539477825
v 0.04302721843123436 -0.020700963214039803 0.011649939231574535
v 0.04308421164751053 -0.013779166154563427 0.011150880716741085
v 0.04308421164751053 -0.013779166154563427 0.011150880716741085
v 0.04302721843123436 -0.020700963214039803 0.011649939231574535
v 0.04054539278149605 -0.01729944534599781 0.010884511284530163
v 0.04308421164751053 -0.013779166154563427 0.011150880716741085
v 0.04054539278149605 -0.01729944534599781 0.010884511284530163
v 0.04202833026647568 -0.013215306214988232 0.01090033259242773
v 0.05568159371614456 0.002942559774965048 0.030756041407585144
v 0.05553129315376282 -0.010328802280128002 0.03083299845457077
v 0.05333535745739937 7.536765770055354e-05 0.021960988640785217
v 0.05333535745739937 7.536765770055354e-05 0.021960988640785217
v 0.05553129315376282 -0.010328802280128002 0.03083299845457077
v 0.05316685140132904 -0.013854536227881908 0.02252109721302986
v 0.05333535745739937 7.536765770055354e-05 0.021960988640785217
v 0.05316685140132904 -0.013854536227881908 0.02252109721302986
v 0.051493044942617416 8.165594772435725e-05 0.01792127825319767
v 0.051493044942617416 8.165594772435725e-05 0.01792127825319767
v 0.05316685140132904 -0.013854536227881908 0.02252109721302986
v 0.05140736699104309 -0.013885471038520336 0.01860770210623741
v 0.051493044942617416 8.165594772435725e-05 0.01792127825319767
v 0.05140736699104309 -0.013885471038520336 0.01860770210623741
v 0.049150194972753525 8.862969116307795e-05 0.014497729949653149
v 0.049150194972753525 8.862969116307795e-05 0.014497729949653149
v 0.05140736699104309 -0.013885471038520336 0.01860770210623741
v 0.049123477190732956 -0.013885083608329296 0.015192375518381596
v 0.049150194972753525 8.862969116307795e-05 0.014497729949653149
v 0.049123477190732956 -0.013885083608329296 0.015192375518381596
v 0.04637566953897476 9.575244621373713e-05 0.012050732038915157
v 0.04637566953897476 9.575244621373713e-05 0.012050732038915157
v 0.049123477190732956 -0.013885083608329296 0.015192375518381596
v 0.04632386565208435 -0.013849887065589428 0.012601579539477825
v 0.04637566953897476 9.575244621373713e-05 0.012050732038915157
v 0.04632386565208435 -0.013849887065589428 0.012601579539477825
v 0.043243810534477234 -0.008334877900779247 0.010955684818327427
v 0.043243810534477234 -0.008334877900779247 0.010955684818327427
v 0.04632386565208435 -0.013849887065589428 0.012601579539477825
v 0.04308421164751053 -0.013779166154563427 0.011150880716741085
v 0.043243810534477234 -0.008334877900779247 0.010955684818327427
v 0.04308421164751053 -0.013779166154563427 0.011150880716741085
v 0.04273055121302605 -0.010686161927878857 0.010926446877419949
v 0.04273055121302605 -0.010686161927878857 0.010926446877419949
v 0.04308421164751053 -0.013779166154563427 0.011150880716741085
v 0.04202833026647568 -0.013215306214988232 0.01090033259242773
v 0.05223469436168671 0.046240221709012985 0.04709087684750557
v 0.052482787519693375 0.04521159455180168 0.0475296750664711
v 0.052020613104104996 0.047450821846723557 0.047179266810417175
v 0.052020613104104996 0.047450821846723557 0.047179266810417175
v 0.052482787519693375 0.04521159455180168 0.0475296750664711
v 0.0527997650206089 0.04612351581454277 0.050085071474313736
v 0.052020613104104996 0.047450821846723557 0.047179266810417175
v 0.0527997650206089 0.04612351581454277 0.050085071474313736
v 0.05103280767798424 0.05126569792628288 0.04747965559363365
v 0.0527997650206089 0.04612351581454277 0.050085071474313736
v 0.052122827619314194 0.04973485693335533 0.050358500331640244
v 0.05103280767798424 0.05126569792628288 0.04747965559363365
v 0.05103280767798424 0.05126569792628288 0.04747965559363365
v 0.052122827619314194 0.04973485693335533 0.050358500331640244
v 0.05105943977832794 0.053055133670568466 0.050638336688280106
v 0.05103280767798424 0.05126569792628288 0.04747965559363365
v 0.05105943977832794 0.053055133670568466 0.050638336688280106
v 0.05019054561853409 0.0533754788339138 0.04766068980097771
v 0.05105943977832794 0.053055133670568466 0.050638336688280106
v 0.05058892071247101 0.0541265569627285 0.05073432996869087
v 0.05019054561853409 0.0533754788339138 0.04766068980097771
v 0.05019054561853409 0.0533754788339138 0.04766068980097771
v 0.05058892071247101 0.0541265569627285 0.05073432996869087
v 0.04906513914465904 0.05676713213324547 0.0509832389652729
v 0.05019054561853409 0.0533754788339138 0.04766068980097771
v 0.04906513914465904 0.05676713213324547 0.0509832389652729
v 0.04860398918390274 0.05613052472472191 0.0479140505194664
v 0.04860398918390274 0.05613052472472191 0.0479140505194664
v 0.04906513914465904 0.05676713213324547 0.0509832389652729
v 0.04690508171916008 0.05816927179694176 0.04811455309391022
v 0.04690508171916008 0.05816927179694176 0.04811455309391022
v 0.04906513914465904 0.05676713213324547 0.0509832389652729
v 0.04737512022256851 0.058814745396375656 0.05118885263800621
v 0.04690508171916008 0.05816927179694176 0.04811455309391022
v 0.04737512022256851 0.058814745396375656 0.05118885263800621
v 0.046005234122276306 0.05901696905493736 0.04820132628083229
v 0.046005234122276306 0.05901696905493736 0.04820132628083229
v 0.04737512022256851 0.058814745396375656 0.05118885263800621
v 0.046328261494636536 0.0597960464656353 0.051291462033987045
v 0.046005234122276306 0.05901696905493736 0.04820132628083229
v 0.046328261494636536 0.0597960464656353 0.051291462033987045
v 0.044603440910577774 0.06010950729250908 0.048316214233636856
v 0.044603440910577774 0.06010950729250908 0.048316214233636856
v 0.046328261494636536 0.0597960464656353 0.051291462033987045
v 0.045069705694913864 0.06077222153544426 0.05139625445008278
v 0.044603440910577774 0.06010950729250908 0.048316214233636856
v 0.045069705694913864 0.06077222153544426 0.05139625445008278
v 0.042371999472379684 0.0614173524081707 0.04845842719078064
v 0.042371999472379684 0.0614173524081707 0.04845842719078064
v 0.045069705694913864 0.06077222153544426 0.05139625445008278
v 0.04273891821503639 0.06214338168501854 0.05154811963438988
v 0.042371999472379684 0.0614173524081707 0.04845842719078064
v 0.04273891821503639 0.06214338168501854 0.05154811963438988
v 0.03969740495085716 0.06330782175064087 0.05168144777417183
v 0.03560134768486023 0.06320047378540039 0.04866338148713112
v 0.03884216770529747 0.06268545985221863 0.048601891845464706
v 0.03969740495085716 0.06330782175064087 0.05168144777417183
v 0.03969740495085716 0.06330782175064087 0.05168144777417183
v 0.03884216770529747 0.06268545985221863 0.048601891845464706
v 0.03950076550245285 0.06251177191734314 0.048581819981336594
v 0.03969740495085716 0.06330782175064087 0.05168144777417183
v 0.03950076550245285 0.06251177191734314 0.048581819981336594
v 0.042371999472379684 0.0614173524081707 0.04845842719078064
v 0.03207255154848099 0.06424093246459961 0.05179102346301079
v 0.03208456188440323 0.06331701576709747 0.0486811026930809
v 0.03350144252181053 0.0642128586769104 0.05178776755928993
v 0.03350144252181053 0.0642128586769104 0.05178776755928993
v 0.03208456188440323 0.06331701576709747 0.0486811026930809
v 0.03560134768486023 0.06320047378540039 0.04866338148713112
v 0.03350144252181053 0.0642128586769104 0.05178776755928993
v 0.03560134768486023 0.06320047378540039 0.04866338148713112
v 0.037421468645334244 0.06383022665977478 0.05174252763390541
v 0.037421468645334244 0.06383022665977478 0.05174252763390541
v 0.03560134768486023 0.06320047378540039 0.04866338148713112
v 0.03969740495085716 0.06330782175064087 0.05168144777417183
v 0.03208456188440323 0.06331701576709747 0.0486811026930809
v 0.03207255154848099 0.06424093246459961 0.05179102346301079
v -0.007457536179572344 0.06332552433013916 0.048710621893405914
v -0.007457536179572344 0.06332552433013916 0.048710621893405914
v 0.03207255154848099 0.06424093246459961 0.05179102346301079
v -0.036293014883995056 0.06424164772033691 0.05179386958479881
v -0.007457536179572344 0.06332552433013916 0.048710621893405914
v -0.036293014883995056 0.06424164772033691 0.05179386958479881
v -0.03629375994205475 0.06331709027290344 0.04868136718869209
v -0.03721614554524422 0.06331092119216919 0.048679254949092865
v -0.03629375994205475 0.06331709027290344 0.04868136718869209
v -0.036293014883995056 0.06424164772033691 0.05179386958479881
v -0.03721614554524422 0.06331092119216919 0.048679254949092865
v -0.036293014883995056 0.06424164772033691 0.05179386958479881
v -0.04091152921319008 0.06303107738494873 0.04864254966378212
v -0.036293014883995056 0.06424164772033691 0.05179386958479881
v -0.03970211744308472 0.06410865485668182 0.051775407046079636
v -0.04091152921319008 0.06303107738494873 0.04864254966378212
v -0.04091152921319008 0.06303107738494873 0.04864254966378212
v -0.03970211744308472 0.06410865485668182 0.051775407046079636
v -0.04285084456205368 0.0635785311460495 0.0517130009829998
v -0.04091152921319008 0.06303107738494873 0.04864254966378212
v -0.04285084456205368 0.0635785311460495 0.0517130009829998
v -0.042904049158096313 0.06260134279727936 0.04859190061688423
v -0.042904049158096313 0.06260134279727936 0.04859190061688423
v -0.04285084456205368 0.0635785311460495 0.0517130009829998
v -0.04372619464993477 0.06333133578300476 0.0516841746866703
v -0.042904049158096313 0.06260134279727936 0.04859190061688423
v -0.04372619464993477 0.06333133578300476 0.0516841746866703
v -0.0456300787627697 0.06154988333582878 0.04847254976630211
v -0.0456300787627697 0.06154988333582878 0.04847254976630211
v -0.04372619464993477 0.06333133578300476 0.0516841746866703
v -0.04636181890964508 0.062241192907094955 0.051559168845415115
v -0.0456300787627697 0.06154988333582878 0.04847254976630211
v -0.04636181890964508 0.062241192907094955 0.051559168845415115
v -0.04672839865088463 0.0609370581805706 0.04840484634041786
v -0.04970916733145714 0.0585111640393734 0.04814813286066055
v -0.0515311136841774 0.057588811963796616 0.0510643906891346
v -0.05109398066997528 0.056814949959516525 0.04797876253724098
v -0.05109398066997528 0.056814949959516525 0.04797876253724098
v -0.0515311136841774 0.057588811963796616 0.0510643906891346
v -0.05214035138487816 0.05660608038306236 0.050967540591955185
v -0.05109398066997528 0.056814949959516525 0.04797876253724098
v -0.05214035138487816 0.05660608038306236 0.050967540591955185
v -0.051778607070446014 0.055745359510183334 0.047876060009002686
v -0.04672839865088463 0.0609370581805706 0.04840484634041786
v -0.04636181890964508 0.062241192907094955 0.051559168845415115
v -0.047553032636642456 0.06038994714617729 0.048345405608415604
v -0.047553032636642456 0.06038994714617729 0.048345405608415604
v -0.04636181890964508 0.062241192907094955 0.051559168845415115
v -0.048125799745321274 0.06113855168223381 0.05143628641963005
v -0.047553032636642456 0.06038994714617729 0.048345405608415604
v -0.048125799745321274 0.06113855168223381 0.05143628641963005
v -0.04956166818737984 0.058664899319410324 0.04816388711333275
v -0.04956166818737984 0.058664899319410324 0.04816388711333275
v -0.048125799745321274 0.06113855168223381 0.05143628641963005
v -0.04995086416602135 0.059544991701841354 0.05126495286822319
v -0.04956166818737984 0.058664899319410324 0.04816388711333275
v -0.04995086416602135 0.059544991701841354 0.05126495286822319
v -0.04970916733145714 0.0585111640393734 0.04814813286066055
v -0.04970916733145714 0.0585111640393734 0.04814813286066055
v -0.04995086416602135 0.059544991701841354 0.05126495286822319
v -0.05021977052092552 0.05925823375582695 0.0512348897755146
v -0.04970916733145714 0.0585111640393734 0.04814813286066055
v -0.05021977052092552 0.05925823375582695 0.0512348897755146
v -0.0515311136841774 0.057588811963796616 0.0510643906891346
v -0.051778607070446014 0.055745359510183334 0.047876060009002686
v -0.05214035138487816 0.05660608038306236 0.050967540591955185
v -0.05252593755722046 0.054290708154439926 0.047741279006004333
v -0.05252593755722046 0.054290708154439926 0.047741279006004333
v -0.05214035138487816 0.05660608038306236 0.050967540591955185
v -0.052946921437978745 0.05497778579592705 0.050812628120183945
v -0.05252593755722046 0.054290708154439926 0.047741279006004333
v -0.052946921437978745 0.05497778579592705 0.050812628120183945
v -0.05284580588340759 0.05352851375937462 0.047672852873802185
v -0.05284580588340759 0.05352851375937462 0.047672852873802185
v -0.052946921437978745 0.05497778579592705 0.050812628120183945
v -0.05357589200139046 0.05325834080576897 0.05065632984042168
v -0.05284580588340759 0.05352851375937462 0.047672852873802185
v -0.05357589200139046 0.05325834080576897 0.05065632984042168
v -0.053263481706380844 0.052331190556287766 0.04756831005215645
v -0.053263481706380844 0.052331190556287766 0.04756831005215645
v -0.05357589200139046 0.05325834080576897 0.05065632984042168
v -0.05372198298573494 0.05055035278201103 0.04741930961608887
v -0.05372198298573494 0.05055035278201103 0.04741930961608887
v -0.05357589200139046 0.05325834080576897 0.05065632984042168
v -0.05431379750370979 0.04977331683039665 0.05036159232258797
v -0.05372198298573494 0.05055035278201103 0.04741930961608887
v -0.05431379750370979 0.04977331683039665 0.05036159232258797
v -0.05416899174451828 0.047334399074316025 0.047169141471385956
v -0.05416899174451828 0.047334399074316025 0.047169141471385956
v -0.05431379750370979 0.04977331683039665 0.05036159232258797
v -0.05455920845270157 0.045604538172483444 0.05004700645804405
v -0.05416899174451828 0.047334399074316025 0.047169141471385956
v -0.05455920845270157 0.045604538172483444 0.05004700645804405
v -0.05439143255352974 0.04495095834136009 0.04822205752134323
v -0.05439143255352974 0.04495095834136009 0.04822205752134323
v -0.05455920845270157 0.045604538172483444 0.05004700645804405
v -0.05449550226330757 0.029486073181033134 0.04915143549442291
v -0.05439143255352974 0.04495095834136009 0.04822205752134323
v -0.05449550226330757 0.029486073181033134 0.04915143549442291
v -0.05427480861544609 0.04449399933218956 0.04696761444211006
v -0.05427480861544609 0.04449399933218956 0.04696761444211006
v -0.05449550226330757 0.029486073181033134 0.04915143549442291
v -0.05423128977417946 0.03257223591208458 0.04629769176244736
v -0.05423128977417946 0.03257223591208458 0.04629769176244736
v -0.05449550226330757 0.029486073181033134 0.04915143549442291
v -0.054467618465423584 0.02617013268172741 0.04902491718530655
v -0.05423128977417946 0.03257223591208458 0.04629769176244736
v -0.054467618465423584 0.02617013268172741 0.04902491718530655
v -0.054120082408189774 0.019266067072749138 0.045837290585041046
v -0.054312124848365784 8.299705950776115e-05 0.04858790710568428
v -0.05402339622378349 8.296725718537346e-05 0.04561178386211395
v -0.05436202883720398 0.013130632229149342 0.04869112744927406
v -0.05436202883720398 0.013130632229149342 0.04869112744927406
v -0.05402339622378349 8.296725718537346e-05 0.04561178386211395
v -0.054120082408189774 0.019266067072749138 0.045837290585041046
v -0.05436202883720398 0.013130632229149342 0.04869112744927406
v -0.054120082408189774 0.019266067072749138 0.045837290585041046
v -0.05444926396012306 0.02403533272445202 0.04895288124680519
v -0.05444926396012306 0.02403533272445202 0.04895288124680519
v -0.054120082408189774 0.019266067072749138 0.045837290585041046
v -0.054467618465423584 0.02617013268172741 0.04902491718530655
v -0.05407334119081497 -0.012960675172507763 0.04571372643113136
v -0.05402339622378349 8.296725718537346e-05 0.04561178386211395
v -0.054312124848365784 8.299705950776115e-05 0.04858790710568428
v -0.05439488962292671 -0.04479515925049782 0.048259053379297256
v -0.05456625297665596 -0.04228675737977028 0.04983162507414818
v -0.054447971284389496 -0.04500189796090126 0.04883550852537155
v -0.054447971284389496 -0.04500189796090126 0.04883550852537155
v -0.05456625297665596 -0.04228675737977028 0.04983162507414818
v -0.054559167474508286 -0.04543689265847206 0.05004682019352913
v -0.054312124848365784 8.299705950776115e-05 0.04858790710568428
v -0.054345548152923584 -0.010364475660026073 0.04865328222513199
v -0.05407334119081497 -0.012960675172507763 0.04571372643113136
v -0.05407334119081497 -0.012960675172507763 0.04571372643113136
v -0.054345548152923584 -0.010364475660026073 0.04865328222513199
v -0.054411061108112335 -0.019374551251530647 0.04882409796118736
v -0.05407334119081497 -0.012960675172507763 0.04571372643113136
v -0.054411061108112335 -0.019374551251530647 0.04882409796118736
v -0.05418124422430992 -0.026269765570759773 0.04605092108249664
v -0.05418124422430992 -0.026269765570759773 0.04605092108249664
v -0.054411061108112335 -0.019374551251530647 0.04882409796118736
v -0.054519977420568466 -0.03240999951958656 0.04928596317768097
v -0.05418124422430992 -0.026269765570759773 0.04605092108249664
v -0.054519977420568466 -0.03240999951958656 0.04928596317768097
v -0.05427476763725281 -0.044330570846796036 0.0469677709043026
v -0.05427476763725281 -0.044330570846796036 0.0469677709043026
v -0.054519977420568466 -0.03240999951958656 0.04928596317768097
v -0.05456625297665596 -0.04228675737977028 0.04983162507414818
v -0.05427476763725281 -0.044330570846796036 0.0469677709043026
v -0.05456625297665596 -0.04228675737977028 0.04983162507414818
v -0.05439143627882004 -0.04478171840310097 0.048221368342638016
v -0.05439143627882004 -0.04478171840310097 0.048221368342638016
v -0.05456625297665596 -0.04228675737977028 0.04983162507414818
v -0.05439488962292671 -0.04479515925049782 0.048259053379297256
v -0.054447971284389496 -0.04500189796090126 0.04883550852537155
v -0.054559167474508286 -0.04543689265847206 0.05004682019352913
v -0.05438552051782608 -0.04898545518517494 0.05031190440058708
v -0.054447971284389496 -0.04500189796090126 0.04883550852537155
v -0.05397723987698555 -0.04892552271485329 0.04730285331606865
v -0.05439488962292671 -0.04479515925049782 0.048259053379297256
v -0.05439488962292671 -0.04479515925049782 0.048259053379297256
v -0.05397723987698555 -0.04892552271485329 0.04730285331606865
v -0.05416887626051903 -0.04716945067048073 0.04716920107603073
v -0.05439488962292671 -0.04479515925049782 0.048259053379297256
v -0.05416887626051903 -0.04716945067048073 0.04716920107603073
v -0.05439143627882004 -0.04478171840310097 0.048221368342638016
v -0.054447971284389496 -0.04500189796090126 0.04883550852537155
v -0.05438552051782608 -0.04898545518517494 0.05031190440058708
v -0.05397723987698555 -0.04892552271485329 0.04730285331606865
v -0.05397723987698555 -0.04892552271485329 0.04730285331606865
v -0.05438552051782608 -0.04898545518517494 0.05031190440058708
v -0.05380832403898239 -0.05227026715874672 0.05058404430747032
v -0.05397723987698555 -0.04892552271485329 0.04730285331606865
v -0.05380832403898239 -0.05227026715874672 0.05058404430747032
v -0.05323263257741928 -0.052263084799051285 0.047576721757650375
v -0.05323263257741928 -0.052263084799051285 0.047576721757650375
v -0.05380832403898239 -0.05227026715874672 0.05058404430747032
v -0.05249590426683426 -0.054190222173929214 0.04774724319577217
v -0.05249590426683426 -0.054190222173929214 0.04774724319577217
v -0.05380832403898239 -0.05227026715874672 0.05058404430747032
v -0.053549617528915405 -0.05317592993378639 0.050663623958826065
v -0.05249590426683426 -0.054190222173929214 0.04774724319577217
v -0.053549617528915405 -0.05317592993378639 0.050663623958826065
v -0.05177845060825348 -0.055578771978616714 0.0478760227560997
v -0.05177845060825348 -0.055578771978616714 0.0478760227560997
v -0.053549617528915405 -0.05317592993378639 0.050663623958826065
v -0.052428919821977615 -0.0559082068502903 0.05091610178351402
v -0.05177845060825348 -0.055578771978616714 0.0478760227560997
v -0.052428919821977615 -0.0559082068502903 0.05091610178351402
v -0.051028016954660416 -0.056741420179605484 0.047987811267375946
v -0.051028016954660416 -0.056741420179605484 0.047987811267375946
v -0.052428919821977615 -0.0559082068502903 0.05091610178351402
v -0.05124688893556595 -0.05782860890030861 0.05110511556267738
v -0.051028016954660416 -0.056741420179605484 0.047987811267375946
v -0.05124688893556595 -0.05782860890030861 0.05110511556267738
v -0.04968007281422615 -0.05837497487664223 0.048151202499866486
v -0.04746439680457115 -0.06142750754952431 0.051486577838659286
v -0.047505058348178864 -0.06025717034935951 0.04834899306297302
v -0.04938279464840889 -0.05993518605828285 0.05132396146655083
v -0.04938279464840889 -0.05993518605828285 0.05132396146655083
v -0.047505058348178864 -0.06025717034935951 0.04834899306297302
v -0.04968007281422615 -0.05837497487664223 0.048151202499866486
v -0.04938279464840889 -0.05993518605828285 0.05132396146655083
v -0.04968007281422615 -0.05837497487664223 0.048151202499866486
v -0.04995167255401611 -0.059377316385507584 0.05126480385661125
v -0.04995167255401611 -0.059377316385507584 0.05126480385661125
v -0.04968007281422615 -0.05837497487664223 0.048151202499866486
v -0.05124688893556595 -0.05782860890030861 0.05110511556267738
v -0.03629365935921669 -0.06407469511032104 0.05179367586970329
v -0.03629377484321594 -0.06315019726753235 0.048681195825338364
v -0.03964535519480705 -0.06394699215888977 0.05177583917975426
v -0.03964535519480705 -0.06394699215888977 0.05177583917975426
v -0.03629377484321594 -0.06315019726753235 0.048681195825338364
v -0.03963138908147812 -0.06302309036254883 0.048661988228559494
v -0.03964535519480705 -0.06394699215888977 0.05177583917975426
v -0.03963138908147812 -0.06302309036254883 0.048661988228559494
v -0.040110066533088684 -0.0639001727104187 0.051770295947790146
v -0.040110066533088684 -0.0639001727104187 0.051770295947790146
v -0.03963138908147812 -0.06302309036254883 0.048661988228559494
v -0.039776720106601715 -0.06300896406173706 0.04866020008921623
v -0.040110066533088684 -0.0639001727104187 0.051770295947790146
v -0.039776720106601715 -0.06300896406173706 0.04866020008921623
v -0.04308159649372101 -0.06335130333900452 0.05170578137040138
v -0.04308159649372101 -0.06335130333900452 0.05170578137040138
v -0.039776720106601715 -0.06300896406173706 0.04866020008921623
v -0.04300909861922264 -0.06240466609597206 0.04858831688761711
v -0.04308159649372101 -0.06335130333900452 0.05170578137040138
v -0.04300909861922264 -0.06240466609597206 0.04858831688761711
v -0.04490642994642258 -0.06274637579917908 0.05163569375872612
v -0.04490642994642258 -0.06274637579917908 0.05163569375872612
v -0.04300909861922264 -0.06240466609597206 0.04858831688761711
v -0.04567855969071388 -0.06135854497551918 0.04846971482038498
v -0.04490642994642258 -0.06274637579917908 0.05163569375872612
v -0.04567855969071388 -0.06135854497551918 0.04846971482038498
v -0.04746439680457115 -0.06142750754952431 0.051486577838659286
v -0.04746439680457115 -0.06142750754952431 0.051486577838659286
v -0.04567855969071388 -0.06135854497551918 0.04846971482038498
v -0.04672802984714508 -0.0607704259455204 0.04840477555990219
v -0.04746439680457115 -0.06142750754952431 0.051486577838659286
v -0.04672802984714508 -0.0607704259455204 0.04840477555990219
v -0.047505058348178864 -0.06025717034935951 0.04834899306297302
v -0.03629377484321594 -0.06315019726753235 0.048681195825338364
v -0.03629365935921669 -0.06407469511032104 0.05179367586970329
v 0.003247243817895651 -0.0631583034992218 0.04870936647057533
v 0.003247243817895651 -0.0631583034992218 0.04870936647057533
v -0.03629365935921669 -0.06407469511032104 0.05179367586970329
v 0.032070230692625046 -0.06407442688941956 0.05179102346301079
v 0.03208354488015175 -0.06315013766288757 0.04868112877011299
v 0.03335137292742729 -0.06314098834991455 0.048678383231163025
v 0.03208354488015175 -0.06315013766288757 0.04868112877011299
v 0.032070230692625046 -0.06407442688941956 0.05179102346301079
v 0.03335137292742729 -0.06314098834991455 0.048678383231163025
v 0.032070230692625046 -0.06407442688941956 0.05179102346301079
v 0.03721991926431656 -0.0628410279750824 0.04863984137773514
v 0.032070230692625046 -0.06407442688941956 0.05179102346301079
v 0.035681821405887604 -0.06390184164047241 0.051770489662885666
v 0.03721991926431656 -0.0628410279750824 0.04863984137773514
v 0.03721991926431656 -0.0628410279750824 0.04863984137773514
v 0.035681821405887604 -0.06390184164047241 0.051770489662885666
v 0.0390574149787426 -0.06331443786621094 0.05170148238539696
v 0.03721991926431656 -0.0628410279750824 0.04863984137773514
v 0.0390574149787426 -0.06331443786621094 0.05170148238539696
v 0.039563681930303574 -0.06232685223221779 0.04857977479696274
v 0.039563681930303574 -0.06232685223221779 0.04857977479696274
v 0.0390574149787426 -0.06331443786621094 0.05170148238539696
v 0.04034935683012009 -0.06294050812721252 0.05165806785225868
v 0.039563681930303574 -0.06232685223221779 0.04857977479696274
v 0.04034935683012009 -0.06294050812721252 0.05165806785225868
v 0.04247823357582092 -0.06119817867875099 0.048452675342559814
v 0.04247823357582092 -0.06119817867875099 0.048452675342559814
v 0.04034935683012009 -0.06294050812721252 0.05165806785225868
v 0.04321133717894554 -0.06173715367913246 0.05152112618088722
v 0.04247823357582092 -0.06119817867875099 0.048452675342559814
v 0.04321133717894554 -0.06173715367913246 0.05152112618088722
v 0.04477706924080849 -0.059820178896188736 0.04830319434404373
v 0.04477706924080849 -0.059820178896188736 0.04830319434404373
v 0.04321133717894554 -0.06173715367913246 0.05152112618088722
v 0.04547792300581932 -0.06030980125069618 0.05136417970061302
v 0.04477706924080849 -0.059820178896188736 0.04830319434404373
v 0.04547792300581932 -0.06030980125069618 0.05136417970061302
v 0.04607201740145683 -0.05879146233201027 0.048195283859968185
v 0.04607201740145683 -0.05879146233201027 0.048195283859968185
v 0.04547792300581932 -0.06030980125069618 0.05136417970061302
v 0.04639541357755661 -0.05957121029496193 0.051285263150930405
v 0.04607201740145683 -0.05879146233201027 0.048195283859968185
v 0.04639541357755661 -0.05957121029496193 0.051285263150930405
v 0.0470551922917366 -0.057847533375024796 0.048098936676979065
v 0.0470551922917366 -0.057847533375024796 0.048098936676979065
v 0.04639541357755661 -0.05957121029496193 0.051285263150930405
v 0.047711193561553955 -0.05829233303666115 0.05115224048495293
v 0.0470551922917366 -0.057847533375024796 0.048098936676979065
v 0.047711193561553955 -0.05829233303666115 0.05115224048495293
v 0.048706796020269394 -0.05581599846482277 0.047899965196847916
v 0.047711193561553955 -0.05829233303666115 0.05115224048495293
v 0.049412503838539124 -0.056082163006067276 0.05093282088637352
v 0.048706796020269394 -0.05581599846482277 0.047899965196847916
v 0.048706796020269394 -0.05581599846482277 0.047899965196847916
v 0.049412503838539124 -0.056082163006067276 0.05093282088637352
v 0.05095845088362694 -0.05313235893845558 0.050659749656915665
v 0.048706796020269394 -0.05581599846482277 0.047899965196847916
v 0.05095845088362694 -0.05313235893845558 0.050659749656915665
v 0.05021258071064949 -0.05316099897027016 0.04765646159648895
v 0.05021258071064949 -0.05316099897027016 0.04765646159648895
v 0.05095845088362694 -0.05313235893845558 0.050659749656915665
v 0.052068304270505905 -0.0497862733900547 0.05037591978907585
v 0.05021258071064949 -0.05316099897027016 0.04765646159648895
v 0.052068304270505905 -0.0497862733900547 0.05037591978907585
v 0.05147668346762657 -0.04964495077729225 0.04736115783452988
v 0.05147668346762657 -0.04964495077729225 0.04736115783452988
v 0.052068304270505905 -0.0497862733900547 0.05037591978907585
v 0.052234843373298645 -0.04607236757874489 0.04709082469344139
v 0.052234843373298645 -0.04607236757874489 0.04709082469344139
v 0.052068304270505905 -0.0497862733900547 0.05037591978907585
v 0.052798740565776825 -0.04595470800995827 0.0500827394425869
v 0.052234843373298645 -0.04607236757874489 0.04709082469344139
v 0.052798740565776825 -0.04595470800995827 0.0500827394425869
v 0.05248270183801651 -0.04504558816552162 0.04753071069717407
v 0.05391806736588478 -0.03215232864022255 0.04628581553697586
v 0.05433545634150505 -0.033321563154459 0.04932883009314537
v 0.05539803206920624 -0.020576270297169685 0.04885556548833847
v 0.05248270183801651 -0.04504558816552162 0.04753071069717407
v 0.052798740565776825 -0.04595470800995827 0.0500827394425869
v 0.05329323559999466 -0.042292628437280655 0.04983200505375862
v 0.05433545634150505 -0.033321563154459 0.04932883009314537
v 0.05391806736588478 -0.03215232864022255 0.04628581553697586
v 0.05329323559999466 -0.042292628437280655 0.04983200505375862
v 0.05329323559999466 -0.042292628437280655 0.04983200505375862
v 0.05391806736588478 -0.03215232864022255 0.04628581553697586
v 0.05241735279560089 -0.04484811797738075 0.04700472950935364
v 0.05329323559999466 -0.042292628437280655 0.04983200505375862
v 0.05241735279560089 -0.04484811797738075 0.04700472950935364
v 0.05248270183801651 -0.04504558816552162 0.04753071069717407
v 0.05589058995246887 -0.010366561822593212 0.048653312027454376
v 0.05547832325100899 -0.005392732564359903 0.04562697559595108
v 0.05539803206920624 -0.020576270297169685 0.04885556548833847
v 0.05539803206920624 -0.020576270297169685 0.04885556548833847
v 0.05547832325100899 -0.005392732564359903 0.04562697559595108
v 0.054931484162807465 -0.019467951729893684 0.04584488272666931
v 0.05539803206920624 -0.020576270297169685 0.04885556548833847
v 0.054931484162807465 -0.019467951729893684 0.04584488272666931
v 0.05391806736588478 -0.03215232864022255 0.04628581553697586
v 0.05589058995246887 -0.010366561822593212 0.048653312027454376
v 0.05597909539937973 -0.00715038413181901 0.04861876368522644
v 0.05547832325100899 -0.005392732564359903 0.04562697559595108
v 0.05547832325100899 -0.005392732564359903 0.04562697559595108
v 0.05597909539937973 -0.00715038413181901 0.04861876368522644
v 0.05601097643375397 0.005735842045396566 0.04860660433769226
v 0.05547832325100899 -0.005392732564359903 0.04562697559595108
v 0.05601097643375397 0.005735842045396566 0.04860660433769226
v 0.05543934926390648 0.007509408053010702 0.045642007142305374
v 0.05543934926390648 0.007509408053010702 0.045642007142305374
v 0.05601097643375397 0.005735842045396566 0.04860660433769226
v 0.05547817051410675 0.019457606598734856 0.04882202297449112
v 0.05543934926390648 0.007509408053010702 0.045642007142305374
v 0.05547817051410675 0.019457606598734856 0.04882202297449112
v 0.05493581295013428 0.019571034237742424 0.0458432175219059
v 0.05493581295013428 0.019571034237742424 0.0458432175219059
v 0.05547817051410675 0.019457606598734856 0.04882202297449112
v 0.05517120286822319 0.024039773270487785 0.04895302280783653
v 0.05493581295013428 0.019571034237742424 0.0458432175219059
v 0.05517120286822319 0.024039773270487785 0.04895302280783653
v 0.05391601473093033 0.03234797343611717 0.046286992728710175
v 0.05391601473093033 0.03234797343611717 0.046286992728710175
v 0.05517120286822319 0.024039773270487785 0.04895302280783653
v 0.05447481945157051 0.03211132809519768 0.04926471784710884
v 0.05391601473093033 0.03234797343611717 0.046286992728710175
v 0.05447481945157051 0.03211132809519768 0.04926471784710884
v 0.05241790786385536 0.04501516744494438 0.04700470343232155
v 0.05241790786385536 0.04501516744494438 0.04700470343232155
v 0.05447481945157051 0.03211132809519768 0.04926471784710884
v 0.05300239473581314 0.04465704783797264 0.04997925087809563
v 0.05241790786385536 0.04501516744494438 0.04700470343232155
v 0.05300239473581314 0.04465704783797264 0.04997925087809563
v 0.052482787519693375 0.04521159455180168 0.0475296750664711
v 0.052482787519693375 0.04521159455180168 0.0475296750664711
v 0.05300239473581314 0.04465704783797264 0.04997925087809563
v 0.0527997650206089 0.04612351581454277 0.050085071474313736
v 0.032083578407764435 -0.06476816534996033 0.04886065423488617
v 0.03335137292742729 -0.06314098834991455 0.048678383231163025
v 0.03558795526623726 -0.06465736031532288 0.04884515702724457
v 0.03558795526623726 -0.06465736031532288 0.04884515702724457
v 0.03335137292742729 -0.06314098834991455 0.048678383231163025
v 0.03721991926431656 -0.0628410279750824 0.04863984137773514
v 0.04678510129451752 -0.0602729357779026 0.04834611341357231
v 0.044184666126966476 -0.062097255140542984 0.04854661598801613
v 0.04247823357582092 -0.06119817867875099 0.048452675342559814
v 0.04247823357582092 -0.06119817867875099 0.048452675342559814
v 0.044184666126966476 -0.062097255140542984 0.04854661598801613
v 0.04263359680771828 -0.06289848685264587 0.04863768815994263
v 0.04247823357582092 -0.06119817867875099 0.048452675342559814
v 0.04263359680771828 -0.06289848685264587 0.04863768815994263
v 0.039563681930303574 -0.06232685223221779 0.04857977479696274
v 0.039563681930303574 -0.06232685223221779 0.04857977479696274
v 0.04263359680771828 -0.06289848685264587 0.04863768815994263
v 0.041565634310245514 -0.06334856152534485 0.048689667135477066
v 0.039563681930303574 -0.06232685223221779 0.04857977479696274
v 0.041565634310245514 -0.06334856152534485 0.048689667135477066
v 0.03721991926431656 -0.0628410279750824 0.04863984137773514
v 0.03721991926431656 -0.0628410279750824 0.04863984137773514
v 0.041565634310245514 -0.06334856152534485 0.048689667135477066
v 0.03835158050060272 -0.064278244972229 0.048799093812704086
v 0.03721991926431656 -0.0628410279750824 0.04863984137773514
v 0.03835158050060272 -0.064278244972229 0.048799093812704086
v 0.03558795526623726 -0.06465736031532288 0.04884515702724457
v 0.04247823357582092 -0.06119817867875099 0.048452675342559814
v 0.04477706924080849 -0.059820178896188736 0.04830319434404373
v 0.04678510129451752 -0.0602729357779026 0.04834611341357231
v 0.04678510129451752 -0.0602729357779026 0.04834611341357231
v 0.04477706924080849 -0.059820178896188736 0.04830319434404373
v 0.04607201740145683 -0.05879146233201027 0.048195283859968185
v 0.04678510129451752 -0.0602729357779026 0.04834611341357231
v 0.04607201740145683 -0.05879146233201027 0.048195283859968185
v 0.048853956162929535 -0.058208320289850235 0.0481305755674839
v 0.048853956162929535 -0.058208320289850235 0.0481305755674839
v 0.04607201740145683 -0.05879146233201027 0.048195283859968185
v 0.0470551922917366 -0.057847533375024796 0.048098936676979065
v 0.048853956162929535 -0.058208320289850235 0.0481305755674839
v 0.0470551922917366 -0.057847533375024796 0.048098936676979065
v 0.05067272484302521 -0.05564067140221596 0.04787883162498474
v 0.05067272484302521 -0.05564067140221596 0.04787883162498474
v 0.0470551922917366 -0.057847533375024796 0.048098936676979065
v 0.048706796020269394 -0.05581599846482277 0.047899965196847916
v 0.05067272484302521 -0.05564067140221596 0.04787883162498474
v 0.048706796020269394 -0.05581599846482277 0.047899965196847916
v 0.05212591215968132 -0.052619341760873795 0.047604549676179886
v 0.05212591215968132 -0.052619341760873795 0.047604549676179886
v 0.048706796020269394 -0.05581599846482277 0.047899965196847916
v 0.05021258071064949 -0.05316099897027016 0.04765646159648895
v 0.05212591215968132 -0.052619341760873795 0.047604549676179886
v 0.05021258071064949 -0.05316099897027016 0.04765646159648895
v 0.053147975355386734 -0.04932192340493202 0.04733065515756607
v 0.05021258071064949 -0.05316099897027016 0.04765646159648895
v 0.05147668346762657 -0.04964495077729225 0.04736115783452988
v 0.053147975355386734 -0.04932192340493202 0.04733065515756607
v 0.053147975355386734 -0.04932192340493202 0.04733065515756607
v 0.05147668346762657 -0.04964495077729225 0.04736115783452988
v 0.052234843373298645 -0.04607236757874489 0.04709082469344139
v 0.053147975355386734 -0.04932192340493202 0.04733065515756607
v 0.052234843373298645 -0.04607236757874489 0.04709082469344139
v 0.05383056402206421 -0.04574728384613991 0.04706191271543503
v 0.05383056402206421 -0.04574728384613991 0.04706191271543503
v 0.052234843373298645 -0.04607236757874489 0.04709082469344139
v 0.05241735279560089 -0.04484811797738075 0.04700472950935364
v 0.05383056402206421 -0.04574728384613991 0.04706191271543503
v 0.05241735279560089 -0.04484811797738075 0.04700472950935364
v 0.05391237884759903 -0.04517281427979469 0.04702134057879448
v 0.05391237884759903 -0.04517281427979469 0.04702134057879448
v 0.05241735279560089 -0.04484811797738075 0.04700472950935364
v 0.055451951920986176 -0.03212294355034828 0.046273622661828995
v 0.055451951920986176 -0.03212294355034828 0.046273622661828995
v 0.05241735279560089 -0.04484811797738075 0.04700472950935364
v 0.05391806736588478 -0.03215232864022255 0.04628581553697586
v 0.055451951920986176 -0.03212294355034828 0.046273622661828995
v 0.05391806736588478 -0.03215232864022255 0.04628581553697586
v 0.05645962432026863 -0.01941707916557789 0.045828938484191895
v 0.05645962432026863 -0.01941707916557789 0.045828938484191895
v 0.05391806736588478 -0.03215232864022255 0.04628581553697586
v 0.054931484162807465 -0.019467951729893684 0.04584488272666931
v 0.05645962432026863 -0.01941707916557789 0.045828938484191895
v 0.054931484162807465 -0.019467951729893684 0.04584488272666931
v 0.056547582149505615 -0.01789325661957264 0.045792318880558014
v 0.056547582149505615 -0.01789325661957264 0.045792318880558014
v 0.054931484162807465 -0.019467951729893684 0.04584488272666931
v 0.05547832325100899 -0.005392732564359903 0.04562697559595108
v 0.056547582149505615 -0.01789325661957264 0.045792318880558014
v 0.05547832325100899 -0.005392732564359903 0.04562697559595108
v 0.05700676143169403 -0.004999490920454264 0.04560839757323265
v 0.05700676143169403 -0.004999490920454264 0.04560839757323265
v 0.05547832325100899 -0.005392732564359903 0.04562697559595108
v 0.056951723992824554 0.007926789112389088 0.045629870146512985
v 0.056951723992824554 0.007926789112389088 0.045629870146512985
v 0.05547832325100899 -0.005392732564359903 0.04562697559595108
v 0.05543934926390648 0.007509408053010702 0.045642007142305374
v 0.056951723992824554 0.007926789112389088 0.045629870146512985
v 0.05543934926390648 0.007509408053010702 0.045642007142305374
v 0.05644317343831062 0.019864140078425407 0.04583605006337166
v 0.05543934926390648 0.007509408053010702 0.045642007142305374
v 0.05493581295013428 0.019571034237742424 0.0458432175219059
v 0.05644317343831062 0.019864140078425407 0.04583605006337166
v 0.05644317343831062 0.019864140078425407 0.04583605006337166
v 0.05493581295013428 0.019571034237742424 0.0458432175219059
v 0.05391601473093033 0.03234797343611717 0.046286992728710175
v 0.05644317343831062 0.019864140078425407 0.04583605006337166
v 0.05391601473093033 0.03234797343611717 0.046286992728710175
v 0.05541648715734482 0.03265627846121788 0.04629039391875267
v 0.05541648715734482 0.03265627846121788 0.04629039391875267
v 0.05391601473093033 0.03234797343611717 0.046286992728710175
v 0.05391295254230499 0.045339908450841904 0.04702147841453552
v 0.05391295254230499 0.045339908450841904 0.04702147841453552
v 0.05391601473093033 0.03234797343611717 0.046286992728710175
v 0.05241790786385536 0.04501516744494438 0.04700470343232155
v 0.05391295254230499 0.045339908450841904 0.04702147841453552
v 0.05241790786385536 0.04501516744494438 0.04700470343232155
v 0.05383050814270973 0.045914750546216965 0.04706208407878876
v 0.05383050814270973 0.045914750546216965 0.04706208407878876
v 0.05241790786385536 0.04501516744494438 0.04700470343232155
v 0.05223469436168671 0.046240221709012985 0.04709087684750557
v 0.05383050814270973 0.045914750546216965 0.04706208407878876
v 0.05223469436168671 0.046240221709012985 0.04709087684750557
v 0.05357353761792183 0.04747537896037102 0.04717594012618065
v 0.05357353761792183 0.04747537896037102 0.04717594012618065
v 0.05223469436168671 0.046240221709012985 0.04709087684750557
v 0.052020613104104996 0.047450821846723557 0.047179266810417175
v 0.05357353761792183 0.04747537896037102 0.04717594012618065
v 0.052020613104104996 0.047450821846723557 0.047179266810417175
v 0.05258271470665932 0.05149788782000542 0.04749463126063347
v 0.05258271470665932 0.05149788782000542 0.04749463126063347
v 0.052020613104104996 0.047450821846723557 0.047179266810417175
v 0.05103280767798424 0.05126569792628288 0.04747965559363365
v 0.05258271470665932 0.05149788782000542 0.04749463126063347
v 0.05103280767798424 0.05126569792628288 0.04747965559363365
v 0.05163810774683952 0.05394669994711876 0.04770733788609505
v 0.05163810774683952 0.05394669994711876 0.04770733788609505
v 0.05103280767798424 0.05126569792628288 0.04747965559363365
v 0.05019054561853409 0.0533754788339138 0.04766068980097771
v 0.05163810774683952 0.05394669994711876 0.04770733788609505
v 0.05019054561853409 0.0533754788339138 0.04766068980097771
v 0.050008196383714676 0.05685725435614586 0.04797974228858948
v 0.050008196383714676 0.05685725435614586 0.04797974228858948
v 0.05019054561853409 0.0533754788339138 0.04766068980097771
v 0.04860398918390274 0.05613052472472191 0.0479140505194664
v 0.050008196383714676 0.05685725435614586 0.04797974228858948
v 0.04860398918390274 0.05613052472472191 0.0479140505194664
v 0.048109397292137146 0.05919944867491722 0.04821528121829033
v 0.048109397292137146 0.05919944867491722 0.04821528121829033
v 0.04860398918390274 0.05613052472472191 0.0479140505194664
v 0.04690508171916008 0.05816927179694176 0.04811455309391022
v 0.048109397292137146 0.05919944867491722 0.04821528121829033
v 0.04690508171916008 0.05816927179694176 0.04811455309391022
v 0.04699302092194557 0.060261648148298264 0.048327114433050156
v 0.04699302092194557 0.060261648148298264 0.048327114433050156
v 0.04690508171916008 0.05816927179694176 0.04811455309391022
v 0.046005234122276306 0.05901696905493736 0.04820132628083229
v 0.04699302092194557 0.060261648148298264 0.048327114433050156
v 0.046005234122276306 0.05901696905493736 0.04820132628083229
v 0.045734815299510956 0.061260323971509933 0.04843518137931824
v 0.045734815299510956 0.061260323971509933 0.04843518137931824
v 0.046005234122276306 0.05901696905493736 0.04820132628083229
v 0.044603440910577774 0.06010950729250908 0.048316214233636856
v 0.045734815299510956 0.061260323971509933 0.04843518137931824
v 0.044603440910577774 0.06010950729250908 0.048316214233636856
v 0.0432121604681015 0.06278809905052185 0.048606026917696
v 0.0432121604681015 0.06278809905052185 0.048606026917696
v 0.044603440910577774 0.06010950729250908 0.048316214233636856
v 0.042371999472379684 0.0614173524081707 0.04845842719078064
v 0.0432121604681015 0.06278809905052185 0.048606026917696
v 0.042371999472379684 0.0614173524081707 0.04845842719078064
v 0.04023315757513046 0.06397354602813721 0.04874327406287193
v 0.04023315757513046 0.06397354602813721 0.04874327406287193
v 0.042371999472379684 0.0614173524081707 0.04845842719078064
v 0.03950076550245285 0.06251177191734314 0.048581819981336594
v 0.04023315757513046 0.06397354602813721 0.04874327406287193
v 0.03950076550245285 0.06251177191734314 0.048581819981336594
v 0.03903510048985481 0.06429603695869446 0.04878139868378639
v 0.03903510048985481 0.06429603695869446 0.04878139868378639
v 0.03950076550245285 0.06251177191734314 0.048581819981336594
v 0.03884216770529747 0.06268545985221863 0.048601891845464706
v 0.03903510048985481 0.06429603695869446 0.04878139868378639
v 0.03884216770529747 0.06268545985221863 0.048601891845464706
v 0.03568511828780174 0.06481635570526123 0.048844244331121445
v 0.03568511828780174 0.06481635570526123 0.048844244331121445
v 0.03884216770529747 0.06268545985221863 0.048601891845464706
v 0.03560134768486023 0.06320047378540039 0.04866338148713112
v 0.03568511828780174 0.06481635570526123 0.048844244331121445
v 0.03560134768486023 0.06320047378540039 0.04866338148713112
v 0.032083578407764435 0.06493508815765381 0.04886072501540184
v 0.032083578407764435 0.06493508815765381 0.04886072501540184
v 0.03560134768486023 0.06320047378540039 0.04866338148713112
v 0.03208456188440323 0.06331701576709747 0.0486811026930809
v 0.032083578407764435 0.06493508815765381 0.04886072501540184
v 0.03208456188440323 0.06331701576709747 0.0486811026930809
v -0.007457466796040535 0.06493891775608063 0.04887419193983078
v -0.007457466796040535 0.06493891775608063 0.04887419193983078
v 0.03208456188440323 0.06331701576709747 0.0486811026930809
v -0.007457536179572344 0.06332552433013916 0.048710621893405914
v -0.007457466796040535 0.06493891775608063 0.04887419193983078
v -0.007457536179572344 0.06332552433013916 0.048710621893405914
v -0.036293234676122665 0.06493520736694336 0.04886089265346527
v -0.007457536179572344 0.06332552433013916 0.048710621893405914
v -0.03629375994205475 0.06331709027290344 0.04868136718869209
v -0.036293234676122665 0.06493520736694336 0.04886089265346527
v -0.036293234676122665 0.06493520736694336 0.04886089265346527
v -0.03629375994205475 0.06331709027290344 0.04868136718869209
v -0.03721614554524422 0.06331092119216919 0.048679254949092865
v -0.036293234676122665 0.06493520736694336 0.04886089265346527
v -0.03721614554524422 0.06331092119216919 0.048679254949092865
v -0.0386742502450943 0.06488271057605743 0.04885289445519447
v -0.0386742502450943 0.06488271057605743 0.04885289445519447
v -0.03721614554524422 0.06331092119216919 0.048679254949092865
v -0.04226334020495415 0.06442762911319733 0.048797253519296646
v -0.03721614554524422 0.06331092119216919 0.048679254949092865
v -0.04091152921319008 0.06303107738494873 0.04864254966378212
v -0.04226334020495415 0.06442762911319733 0.048797253519296646
v -0.04226334020495415 0.06442762911319733 0.048797253519296646
v -0.04091152921319008 0.06303107738494873 0.04864254966378212
v -0.042904049158096313 0.06260134279727936 0.04859190061688423
v -0.04226334020495415 0.06442762911319733 0.048797253519296646
v -0.042904049158096313 0.06260134279727936 0.04859190061688423
v -0.0446171909570694 0.06374894082546234 0.04871701821684837
v -0.0446171909570694 0.06374894082546234 0.04871701821684837
v -0.042904049158096313 0.06260134279727936 0.04859190061688423
v -0.04734216257929802 0.062450092285871506 0.04856748878955841
v -0.042904049158096313 0.06260134279727936 0.04859190061688423
v -0.0456300787627697 0.06154988333582878 0.04847254976630211
v -0.04734216257929802 0.062450092285871506 0.04856748878955841
v -0.04734216257929802 0.062450092285871506 0.04856748878955841
v -0.0456300787627697 0.06154988333582878 0.04847254976630211
v -0.04672839865088463 0.0609370581805706 0.04840484634041786
v -0.04734216257929802 0.062450092285871506 0.04856748878955841
v -0.04672839865088463 0.0609370581805706 0.04840484634041786
v -0.04957421123981476 0.06084076687693596 0.0483890138566494
v -0.04672839865088463 0.0609370581805706 0.04840484634041786
v -0.047553032636642456 0.06038994714617729 0.048345405608415604
v -0.04957421123981476 0.06084076687693596 0.0483890138566494
v -0.04957421123981476 0.06084076687693596 0.0483890138566494
v -0.047553032636642456 0.06038994714617729 0.048345405608415604
v -0.04956166818737984 0.058664899319410324 0.04816388711333275
v -0.04957421123981476 0.06084076687693596 0.0483890138566494
v -0.04956166818737984 0.058664899319410324 0.04816388711333275
v -0.05165739357471466 0.05868406221270561 0.04816156625747681
v -0.04956166818737984 0.058664899319410324 0.04816388711333275
v -0.04970916733145714 0.0585111640393734 0.04814813286066055
v -0.05165739357471466 0.05868406221270561 0.04816156625747681
v -0.05165739357471466 0.05868406221270561 0.04816156625747681
v -0.04970916733145714 0.0585111640393734 0.04814813286066055
v -0.05109398066997528 0.056814949959516525 0.04797876253724098
v -0.05165739357471466 0.05868406221270561 0.04816156625747681
v -0.05109398066997528 0.056814949959516525 0.04797876253724098
v -0.05314951390028 0.05648670718073845 0.04794325679540634
v -0.05314951390028 0.05648670718073845 0.04794325679540634
v -0.05109398066997528 0.056814949959516525 0.04797876253724098
v -0.051778607070446014 0.055745359510183334 0.047876060009002686
v -0.05314951390028 0.05648670718073845 0.04794325679540634
v -0.051778607070446014 0.055745359510183334 0.047876060009002686
v -0.05442678928375244 0.05369267985224724 0.04768413305282593
v -0.05442678928375244 0.05369267985224724 0.04768413305282593
v -0.051778607070446014 0.055745359510183334 0.047876060009002686
v -0.05252593755722046 0.054290708154439926 0.047741279006004333
v -0.05252593755722046 0.054290708154439926 0.047741279006004333
v -0.05284580588340759 0.05352851375937462 0.047672852873802185
v -0.05442678928375244 0.05369267985224724 0.04768413305282593
v -0.05442678928375244 0.05369267985224724 0.04768413305282593
v -0.05284580588340759 0.05352851375937462 0.047672852873802185
v -0.053263481706380844 0.052331190556287766 0.04756831005215645
v -0.05442678928375244 0.05369267985224724 0.04768413305282593
v -0.053263481706380844 0.052331190556287766 0.04756831005215645
v -0.05526803061366081 0.05057820305228233 0.04741797596216202
v -0.05526803061366081 0.05057820305228233 0.04741797596216202
v -0.053263481706380844 0.052331190556287766 0.04756831005215645
v -0.05372198298573494 0.05055035278201103 0.04741930961608887
v -0.05526803061366081 0.05057820305228233 0.04741797596216202
v -0.05372198298573494 0.05055035278201103 0.04741930961608887
v -0.05570008233189583 0.04710076376795769 0.0471472442150116
v -0.05570008233189583 0.04710076376795769 0.0471472442150116
v -0.05372198298573494 0.05055035278201103 0.04741930961608887
v -0.05416899174451828 0.047334399074316025 0.047169141471385956
v -0.05570008233189583 0.04710076376795769 0.0471472442150116
v -0.05416899174451828 0.047334399074316025 0.047169141471385956
v -0.05578106641769409 0.044560473412275314 0.046966325491666794
v -0.05578106641769409 0.044560473412275314 0.046966325491666794
v -0.05416899174451828 0.047334399074316025 0.047169141471385956
v -0.05427480861544609 0.04449399933218956 0.04696761444211006
v -0.05578106641769409 0.044560473412275314 0.046966325491666794
v -0.05427480861544609 0.04449399933218956 0.04696761444211006
v -0.055769700556993484 0.03743120655417442 0.04652872681617737
v -0.055769700556993484 0.03743120655417442 0.04652872681617737
v -0.05427480861544609 0.04449399933218956 0.04696761444211006
v -0.05423128977417946 0.03257223591208458 0.04629769176244736
v -0.055769700556993484 0.03743120655417442 0.04652872681617737
v -0.05423128977417946 0.03257223591208458 0.04629769176244736
v -0.05562509223818779 0.019217876717448235 0.045818034559488297
v -0.05423128977417946 0.03257223591208458 0.04629769176244736
v -0.054120082408189774 0.019266067072749138 0.045837290585041046
v -0.05562509223818779 0.019217876717448235 0.045818034559488297
v -0.05562509223818779 0.019217876717448235 0.045818034559488297
v -0.054120082408189774 0.019266067072749138 0.045837290585041046
v -0.05402339622378349 8.296725718537346e-05 0.04561178386211395
v -0.05562509223818779 0.019217876717448235 0.045818034559488297
v -0.05402339622378349 8.296725718537346e-05 0.04561178386211395
v -0.05552855506539345 8.296725718537346e-05 0.04559129476547241
v -0.05552855506539345 8.296725718537346e-05 0.04559129476547241
v -0.05402339622378349 8.296725718537346e-05 0.04561178386211395
v -0.05407334119081497 -0.012960675172507763 0.04571372643113136
v -0.05552855506539345 8.296725718537346e-05 0.04559129476547241
v -0.05407334119081497 -0.012960675172507763 0.04571372643113136
v -0.05561549589037895 -0.017877133563160896 0.045790065079927444
v -0.05561549589037895 -0.017877133563160896 0.045790065079927444
v -0.05407334119081497 -0.012960675172507763 0.04571372643113136
v -0.05418124422430992 -0.026269765570759773 0.04605092108249664
v -0.05561549589037895 -0.017877133563160896 0.045790065079927444
v -0.05418124422430992 -0.026269765570759773 0.04605092108249664
v -0.05576295033097267 -0.03608647361397743 0.0464656800031662
v -0.05576295033097267 -0.03608647361397743 0.0464656800031662
v -0.05418124422430992 -0.026269765570759773 0.04605092108249664
v -0.05427476763725281 -0.044330570846796036 0.0469677709043026
v -0.05397723987698555 -0.04892552271485329 0.04730285331606865
v -0.05541881546378136 -0.04954195395112038 0.04734758660197258
v -0.05416887626051903 -0.04716945067048073 0.04716920107603073
v -0.05416887626051903 -0.04716945067048073 0.04716920107603073
v -0.05541881546378136 -0.04954195395112038 0.04734758660197258
v -0.05569996312260628 -0.04693600907921791 0.047147247940301895
v -0.05416887626051903 -0.04716945067048073 0.04716920107603073
v -0.05569996312260628 -0.04693600907921791 0.047147247940301895
v -0.05427476763725281 -0.044330570846796036 0.0469677709043026
v -0.05427476763725281 -0.044330570846796036 0.0469677709043026
v -0.05569996312260628 -0.04693600907921791 0.047147247940301895
v -0.05578101426362991 -0.044397298246622086 0.04696643725037575
v -0.05427476763725281 -0.044330570846796036 0.0469677709043026
v -0.05578101426362991 -0.044397298246622086 0.04696643725037575
v -0.05576295033097267 -0.03608647361397743 0.0464656800031662
v -0.05323263257741928 -0.052263084799051285 0.047576721757650375
v -0.055153436958789825 -0.0509706474840641 0.04746394231915474
v -0.05397723987698555 -0.04892552271485329 0.04730285331606865
v -0.05397723987698555 -0.04892552271485329 0.04730285331606865
v -0.055153436958789825 -0.0509706474840641 0.04746394231915474
v -0.05539005622267723 -0.0497228242456913 0.047362055629491806
v -0.05397723987698555 -0.04892552271485329 0.04730285331606865
v -0.05539005622267723 -0.0497228242456913 0.047362055629491806
v -0.05541881546378136 -0.04954195395112038 0.04734758660197258
v -0.03976858779788017 -0.06463685631752014 0.04884271323680878
v -0.04330264776945114 -0.06400498747825623 0.048766668885946274
v -0.04300909861922264 -0.06240466609597206 0.04858831688761711
v -0.04300909861922264 -0.06240466609597206 0.04858831688761711
v -0.04330264776945114 -0.06400498747825623 0.048766668885946274
v -0.04562755301594734 -0.06317242980003357 0.04866919293999672
v -0.04300909861922264 -0.06240466609597206 0.04858831688761711
v -0.04562755301594734 -0.06317242980003357 0.04866919293999672
v -0.04567855969071388 -0.06135854497551918 0.04846971482038498
v -0.04567855969071388 -0.06135854497551918 0.04846971482038498
v -0.04562755301594734 -0.06317242980003357 0.04866919293999672
v -0.046112336218357086 -0.06294718384742737 0.04864317923784256
v -0.04567855969071388 -0.06135854497551918 0.04846971482038498
v -0.046112336218357086 -0.06294718384742737 0.04864317923784256
v -0.04672802984714508 -0.0607704259455204 0.04840477555990219
v -0.04672802984714508 -0.0607704259455204 0.04840477555990219
v -0.046112336218357086 -0.06294718384742737 0.04864317923784256
v -0.04824904724955559 -0.06169888749718666 0.04850170388817787
v -0.04672802984714508 -0.0607704259455204 0.04840477555990219
v -0.04824904724955559 -0.06169888749718666 0.04850170388817787
v -0.047505058348178864 -0.06025717034935951 0.04834899306297302
v -0.047505058348178864 -0.06025717034935951 0.04834899306297302
v -0.04824904724955559 -0.06169888749718666 0.04850170388817787
v -0.04968080297112465 -0.06058138981461525 0.04837888106703758
v -0.047505058348178864 -0.06025717034935951 0.04834899306297302
v -0.04968080297112465 -0.06058138981461525 0.04837888106703758
v -0.04968007281422615 -0.05837497487664223 0.048151202499866486
v -0.04968007281422615 -0.05837497487664223 0.048151202499866486
v -0.04968080297112465 -0.06058138981461525 0.04837888106703758
v -0.05054925009608269 -0.05976242199540138 0.04829116538167
v -0.04968007281422615 -0.05837497487664223 0.048151202499866486
v -0.05054925009608269 -0.05976242199540138 0.04829116538167
v -0.051028016954660416 -0.056741420179605484 0.047987811267375946
v -0.051028016954660416 -0.056741420179605484 0.047987811267375946
v -0.05054925009608269 -0.05976242199540138 0.04829116538167
v -0.05214254930615425 -0.05788222327828407 0.048097021877765656
v -0.051028016954660416 -0.056741420179605484 0.047987811267375946
v -0.05214254930615425 -0.05788222327828407 0.048097021877765656
v -0.05177845060825348 -0.055578771978616714 0.0478760227560997
v -0.05177845060825348 -0.055578771978616714 0.0478760227560997
v -0.05214254930615425 -0.05788222327828407 0.048097021877765656
v -0.053720101714134216 -0.05522662773728371 0.047839369624853134
v -0.05177845060825348 -0.055578771978616714 0.0478760227560997
v -0.053720101714134216 -0.05522662773728371 0.047839369624853134
v -0.05249590426683426 -0.054190222173929214 0.04774724319577217
v -0.05249590426683426 -0.054190222173929214 0.04774724319577217
v -0.053720101714134216 -0.05522662773728371 0.047839369624853134
v -0.05460406467318535 -0.05300698056817055 0.047638051211833954
v -0.05249590426683426 -0.054190222173929214 0.04774724319577217
v -0.05460406467318535 -0.05300698056817055 0.047638051211833954
v -0.05323263257741928 -0.052263084799051285 0.047576721757650375
v -0.05323263257741928 -0.052263084799051285 0.047576721757650375
v -0.05460406467318535 -0.05300698056817055 0.047638051211833954
v -0.05473595857620239 -0.05258641019463539 0.047601278871297836
v -0.05323263257741928 -0.052263084799051285 0.047576721757650375
v -0.05473595857620239 -0.05258641019463539 0.047601278871297836
v -0.055153436958789825 -0.0509706474840641 0.04746394231915474
v -0.04300909861922264 -0.06240466609597206 0.04858831688761711
v -0.039776720106601715 -0.06300896406173706 0.04866020008921623
v -0.03976858779788017 -0.06463685631752014 0.04884271323680878
v -0.03976858779788017 -0.06463685631752014 0.04884271323680878
v -0.039776720106601715 -0.06300896406173706 0.04866020008921623
v -0.03963138908147812 -0.06302309036254883 0.048661988228559494
v -0.03976858779788017 -0.06463685631752014 0.04884271323680878
v -0.03963138908147812 -0.06302309036254883 0.048661988228559494
v -0.03629324585199356 -0.06476834416389465 0.04886073246598244
v -0.03629324585199356 -0.06476834416389465 0.04886073246598244
v -0.03963138908147812 -0.06302309036254883 0.048661988228559494
v -0.03629377484321594 -0.06315019726753235 0.048681195825338364
v -0.03629324585199356 -0.06476834416389465 0.04886073246598244
v -0.03629377484321594 -0.06315019726753235 0.048681195825338364
v 0.0032469239085912704 -0.06477189064025879 0.048873525112867355
v 0.0032469239085912704 -0.06477189064025879 0.048873525112867355
v -0.03629377484321594 -0.06315019726753235 0.048681195825338364
v 0.003247243817895651 -0.0631583034992218 0.04870936647057533
v 0.0032469239085912704 -0.06477189064025879 0.048873525112867355
v 0.003247243817895651 -0.0631583034992218 0.04870936647057533
v 0.032083578407764435 -0.06476816534996033 0.04886065423488617
v 0.032083578407764435 -0.06476816534996033 0.04886065423488617
v 0.003247243817895651 -0.0631583034992218 0.04870936647057533
v 0.03208354488015175 -0.06315013766288757 0.04868112877011299
v 0.032083578407764435 -0.06476816534996033 0.04886065423488617
v 0.03208354488015175 -0.06315013766288757 0.04868112877011299
v 0.03335137292742729 -0.06314098834991455 0.048678383231163025
v 0.052482787519693375 0.04521159455180168 0.0475296750664711
v 0.05223469436168671 0.046240221709012985 0.04709087684750557
v 0.05241790786385536 0.04501516744494438 0.04700470343232155
v 0.05248270183801651 -0.04504558816552162 0.04753071069717407
v 0.05241735279560089 -0.04484811797738075 0.04700472950935364
v 0.052234843373298645 -0.04607236757874489 0.04709082469344139
v -0.05439143627882004 -0.04478171840310097 0.048221368342638016
v -0.05416887626051903 -0.04716945067048073 0.04716920107603073
v -0.05427476763725281 -0.044330570846796036 0.0469677709043026
v -0.05439143255352974 0.04495095834136009 0.04822205752134323
v -0.05427480861544609 0.04449399933218956 0.04696761444211006
v -0.05416899174451828 0.047334399074316025 0.047169141471385956
v 0.053094327449798584 0.04855137690901756 0.045971810817718506
v 0.05383050814270973 0.045914750546216965 0.04706208407878876
v 0.05357353761792183 0.04747537896037102 0.04717594012618065
v 0.0479918047785759 0.05714964494109154 0.04294496029615402
v 0.04973014444112778 0.055150654166936874 0.0435488298535347
v 0.050117380917072296 0.055921997874975204 0.04626890644431114
v 0.050117380917072296 0.055921997874975204 0.04626890644431114
v 0.04973014444112778 0.055150654166936874 0.0435488298535347
v 0.05013548210263252 0.05459519848227501 0.04373063147068024
v 0.050117380917072296 0.055921997874975204 0.04626890644431114
v 0.05013548210263252 0.05459519848227501 0.04373063147068024
v 0.052492931485176086 0.05154469236731529 0.0471779964864254
v 0.052492931485176086 0.05154469236731529 0.0471779964864254
v 0.05013548210263252 0.05459519848227501 0.04373063147068024
v 0.0518878772854805 0.05159057304263115 0.044792886823415756
v 0.052492931485176086 0.05154469236731529 0.0471779964864254
v 0.0518878772854805 0.05159057304263115 0.044792886823415756
v 0.053094327449798584 0.04855137690901756 0.045971810817718506
v 0.04585792496800423 0.058999743312597275 0.042489394545555115
v 0.04668322950601578 0.059557151049375534 0.0456802062690258
v 0.043033797293901443 0.060757141560316086 0.042221374809741974
v 0.043033797293901443 0.060757141560316086 0.042221374809741974
v 0.04668322950601578 0.059557151049375534 0.0456802062690258
v 0.04229239001870155 0.06221066042780876 0.045468542724847794
v 0.043033797293901443 0.060757141560316086 0.042221374809741974
v 0.04229239001870155 0.06221066042780876 0.045468542724847794
v 0.041897062212228775 0.06129388138651848 0.042195674031972885
v 0.03756352514028549 0.06362482905387878 0.04563063755631447
v 0.03655732423067093 0.06282080709934235 0.04253650829195976
v 0.04229239001870155 0.06221066042780876 0.045468542724847794
v 0.04229239001870155 0.06221066042780876 0.045468542724847794
v 0.03655732423067093 0.06282080709934235 0.04253650829195976
v 0.039849903434515 0.06205543503165245 0.042245618999004364
v 0.04229239001870155 0.06221066042780876 0.045468542724847794
v 0.039849903434515 0.06205543503165245 0.042245618999004364
v 0.041897062212228775 0.06129388138651848 0.042195674031972885
v 0.032081086188554764 0.06324534118175507 0.043173037469387054
v 0.03655732423067093 0.06282080709934235 0.04253650829195976
v 0.032083578407764435 0.06493508815765381 0.04886072501540184
v 0.032083578407764435 0.06493508815765381 0.04886072501540184
v 0.03655732423067093 0.06282080709934235 0.04253650829195976
v 0.03756352514028549 0.06362482905387878 0.04563063755631447
v 0.032083578407764435 0.06493508815765381 0.04886072501540184
v 0.03756352514028549 0.06362482905387878 0.04563063755631447
v 0.03568511828780174 0.06481635570526123 0.048844244331121445
v 0.03568511828780174 0.06481635570526123 0.048844244331121445
v 0.03756352514028549 0.06362482905387878 0.04563063755631447
v 0.03903510048985481 0.06429603695869446 0.04878139868378639
v 0.048109397292137146 0.05919944867491722 0.04821528121829033
v 0.04699302092194557 0.060261648148298264 0.048327114433050156
v 0.04668322950601578 0.059557151049375534 0.0456802062690258
v 0.04668322950601578 0.059557151049375534 0.0456802062690258
v 0.04699302092194557 0.060261648148298264 0.048327114433050156
v 0.045734815299510956 0.061260323971509933 0.04843518137931824
v 0.04668322950601578 0.059557151049375534 0.0456802062690258
v 0.045734815299510956 0.061260323971509933 0.04843518137931824
v 0.04229239001870155 0.06221066042780876 0.045468542724847794
v 0.04229239001870155 0.06221066042780876 0.045468542724847794
v 0.045734815299510956 0.061260323971509933 0.04843518137931824
v 0.0432121604681015 0.06278809905052185 0.048606026917696
v 0.04229239001870155 0.06221066042780876 0.045468542724847794
v 0.0432121604681015 0.06278809905052185 0.048606026917696
v 0.03756352514028549 0.06362482905387878 0.04563063755631447
v 0.03756352514028549 0.06362482905387878 0.04563063755631447
v 0.0432121604681015 0.06278809905052185 0.048606026917696
v 0.04023315757513046 0.06397354602813721 0.04874327406287193
v 0.03756352514028549 0.06362482905387878 0.04563063755631447
v 0.04023315757513046 0.06397354602813721 0.04874327406287193
v 0.03903510048985481 0.06429603695869446 0.04878139868378639
v 0.050008196383714676 0.05685725435614586 0.04797974228858948
v 0.048109397292137146 0.05919944867491722 0.04821528121829033
v 0.050117380917072296 0.055921997874975204 0.04626890644431114
v 0.050117380917072296 0.055921997874975204 0.04626890644431114
v 0.048109397292137146 0.05919944867491722 0.04821528121829033
v 0.04668322950601578 0.059557151049375534 0.0456802062690258
v 0.050117380917072296 0.055921997874975204 0.04626890644431114
v 0.04668322950601578 0.059557151049375534 0.0456802062690258
v 0.0479918047785759 0.05714964494109154 0.04294496029615402
v 0.0479918047785759 0.05714964494109154 0.04294496029615402
v 0.04668322950601578 0.059557151049375534 0.0456802062690258
v 0.04585792496800423 0.058999743312597275 0.042489394545555115
v 0.053094327449798584 0.04855137690901756 0.045971810817718506
v 0.05357353761792183 0.04747537896037102 0.04717594012618065
v 0.052492931485176086 0.05154469236731529 0.0471779964864254
v 0.052492931485176086 0.05154469236731529 0.0471779964864254
v 0.05357353761792183 0.04747537896037102 0.04717594012618065
v 0.05258271470665932 0.05149788782000542 0.04749463126063347
v 0.052492931485176086 0.05154469236731529 0.0471779964864254
v 0.05258271470665932 0.05149788782000542 0.04749463126063347
v 0.050117380917072296 0.055921997874975204 0.04626890644431114
v 0.050117380917072296 0.055921997874975204 0.04626890644431114
v 0.05258271470665932 0.05149788782000542 0.04749463126063347
v 0.05163810774683952 0.05394669994711876 0.04770733788609505
v 0.050117380917072296 0.055921997874975204 0.04626890644431114
v 0.05163810774683952 0.05394669994711876 0.04770733788609505
v 0.050008196383714676 0.05685725435614586 0.04797974228858948
v -0.055399294942617416 0.048956748098134995 0.04636641964316368
v -0.05526803061366081 0.05057820305228233 0.04741797596216202
v -0.05570008233189583 0.04710076376795769 0.0471472442150116
v -0.04662530496716499 0.06081097945570946 0.042517613619565964
v -0.04741114377975464 0.0614008866250515 0.0456426702439785
v -0.049377165734767914 0.060039978474378586 0.04578427970409393
v -0.04058237001299858 0.06379018723964691 0.045788414776325226
v -0.036293234676122665 0.06493520736694336 0.04886089265346527
v -0.0386742502450943 0.06488271057605743 0.04885289445519447
v -0.040650248527526855 0.06282038986682892 0.04265434667468071
v -0.03629123792052269 0.06324546039104462 0.04317285493016243
v -0.036293234676122665 0.06493520736694336 0.04886089265346527
v -0.036293234676122665 0.06493520736694336 0.04886089265346527
v -0.04058237001299858 0.06379018723964691 0.045788414776325226
v -0.040650248527526855 0.06282038986682892 0.04265434667468071
v -0.040650248527526855 0.06282038986682892 0.04265434667468071
v -0.04058237001299858 0.06379018723964691 0.045788414776325226
v -0.045277297496795654 0.062481146305799484 0.04559671878814697
v -0.040650248527526855 0.06282038986682892 0.04265434667468071
v -0.045277297496795654 0.062481146305799484 0.04559671878814697
v -0.043715376406908035 0.062065135687589645 0.042463283985853195
v -0.04662530496716499 0.06081097945570946 0.042517613619565964
v -0.049377165734767914 0.060039978474378586 0.04578427970409393
v -0.04902169480919838 0.059263791888952255 0.04279947280883789
v -0.04902169480919838 0.059263791888952255 0.04279947280883789
v -0.049377165734767914 0.060039978474378586 0.04578427970409393
v -0.051131393760442734 0.05842767283320427 0.04601575806736946
v -0.04902169480919838 0.059263791888952255 0.04279947280883789
v -0.051131393760442734 0.05842767283320427 0.04601575806736946
v -0.05139750987291336 0.05706701800227165 0.04338475316762924
v -0.05139750987291336 0.05706701800227165 0.04338475316762924
v -0.051131393760442734 0.05842767283320427 0.04601575806736946
v -0.052629921585321426 0.05659925565123558 0.046330526471138
v -0.05139750987291336 0.05706701800227165 0.04338475316762924
v -0.052629921585321426 0.05659925565123558 0.046330526471138
v -0.05322359874844551 0.05460925027728081 0.044188469648361206
v -0.05322359874844551 0.05460925027728081 0.044188469648361206
v -0.052629921585321426 0.05659925565123558 0.046330526471138
v -0.05468515306711197 0.05263247713446617 0.04713399335741997
v -0.05322359874844551 0.05460925027728081 0.044188469648361206
v -0.05468515306711197 0.05263247713446617 0.04713399335741997
v -0.05443500727415085 0.05219162628054619 0.04507666081190109
v -0.055399294942617416 0.048956748098134995 0.04636641964316368
v -0.05443500727415085 0.05219162628054619 0.04507666081190109
v -0.05526803061366081 0.05057820305228233 0.04741797596216202
v -0.05526803061366081 0.05057820305228233 0.04741797596216202
v -0.05443500727415085 0.05219162628054619 0.04507666081190109
v -0.05468515306711197 0.05263247713446617 0.04713399335741997
v -0.05526803061366081 0.05057820305228233 0.04741797596216202
v -0.05468515306711197 0.05263247713446617 0.04713399335741997
v -0.05442678928375244 0.05369267985224724 0.04768413305282593
v -0.05442678928375244 0.05369267985224724 0.04768413305282593
v -0.05468515306711197 0.05263247713446617 0.04713399335741997
v -0.052629921585321426 0.05659925565123558 0.046330526471138
v -0.05442678928375244 0.05369267985224724 0.04768413305282593
v -0.052629921585321426 0.05659925565123558 0.046330526471138
v -0.05314951390028 0.05648670718073845 0.04794325679540634
v -0.05314951390028 0.05648670718073845 0.04794325679540634
v -0.052629921585321426 0.05659925565123558 0.046330526471138
v -0.05165739357471466 0.05868406221270561 0.04816156625747681
v -0.05165739357471466 0.05868406221270561 0.04816156625747681
v -0.052629921585321426 0.05659925565123558 0.046330526471138
v -0.051131393760442734 0.05842767283320427 0.04601575806736946
v -0.05165739357471466 0.05868406221270561 0.04816156625747681
v -0.051131393760442734 0.05842767283320427 0.04601575806736946
v -0.04957421123981476 0.06084076687693596 0.0483890138566494
v -0.04957421123981476 0.06084076687693596 0.0483890138566494
v -0.051131393760442734 0.05842767283320427 0.04601575806736946
v -0.049377165734767914 0.060039978474378586 0.04578427970409393
v -0.04957421123981476 0.06084076687693596 0.0483890138566494
v -0.049377165734767914 0.060039978474378586 0.04578427970409393
v -0.04734216257929802 0.062450092285871506 0.04856748878955841
v -0.04734216257929802 0.062450092285871506 0.04856748878955841
v -0.049377165734767914 0.060039978474378586 0.04578427970409393
v -0.04741114377975464 0.0614008866250515 0.0456426702439785
v -0.04734216257929802 0.062450092285871506 0.04856748878955841
v -0.04741114377975464 0.0614008866250515 0.0456426702439785
v -0.0446171909570694 0.06374894082546234 0.04871701821684837
v -0.0386742502450943 0.06488271057605743 0.04885289445519447
v -0.04226334020495415 0.06442762911319733 0.048797253519296646
v -0.04058237001299858 0.06379018723964691 0.045788414776325226
v -0.04058237001299858 0.06379018723964691 0.045788414776325226
v -0.04226334020495415 0.06442762911319733 0.048797253519296646
v -0.0446171909570694 0.06374894082546234 0.04871701821684837
v -0.04058237001299858 0.06379018723964691 0.045788414776325226
v -0.0446171909570694 0.06374894082546234 0.04871701821684837
v -0.045277297496795654 0.062481146305799484 0.04559671878814697
v -0.045277297496795654 0.062481146305799484 0.04559671878814697
v -0.0446171909570694 0.06374894082546234 0.04871701821684837
v -0.04741114377975464 0.0614008866250515 0.0456426702439785
v -0.045277297496795654 0.062481146305799484 0.04559671878814697
v -0.04741114377975464 0.0614008866250515 0.0456426702439785
v -0.043715376406908035 0.062065135687589645 0.042463283985853195
v -0.043715376406908035 0.062065135687589645 0.042463283985853195
v -0.04741114377975464 0.0614008866250515 0.0456426702439785
v -0.04662530496716499 0.06081097945570946 0.042517613619565964
v -0.036293234676122665 0.06493520736694336 0.04886089265346527
v -0.03629123792052269 0.06324546039104462 0.04317285493016243
v -0.03201807290315628 0.06324535608291626 0.043173596262931824
v -0.036293234676122665 0.06493520736694336 0.04886089265346527
v -0.03201807290315628 0.06324535608291626 0.043173596262931824
v -0.007457466796040535 0.06493891775608063 0.04887419193983078
v -0.007457466796040535 0.06493891775608063 0.04887419193983078
v -0.03201807290315628 0.06324535608291626 0.043173596262931824
v 0.032081086188554764 0.06324534118175507 0.043173037469387054
v -0.007457466796040535 0.06493891775608063 0.04887419193983078
v 0.032081086188554764 0.06324534118175507 0.043173037469387054
v 0.032083578407764435 0.06493508815765381 0.04886072501540184
v -0.05485331267118454 0.03928568586707115 0.03737420588731766
v -0.0550125427544117 0.04056281968951225 0.03898082301020622
v -0.055769700556993484 0.03743120655417442 0.04652872681617737
v -0.0550125427544117 0.04056281968951225 0.03898082301020622
v -0.055318042635917664 0.042456623166799545 0.04209627956151962
v -0.055769700556993484 0.03743120655417442 0.04652872681617737
v -0.055769700556993484 0.03743120655417442 0.04652872681617737
v -0.055318042635917664 0.042456623166799545 0.04209627956151962
v -0.0557495541870594 0.044434186071157455 0.04663063958287239
v -0.055769700556993484 0.03743120655417442 0.04652872681617737
v -0.0557495541870594 0.044434186071157455 0.04663063958287239
v -0.05578106641769409 0.044560473412275314 0.046966325491666794
v -0.05417061597108841 0.021435705944895744 0.031257644295692444
v -0.05418352410197258 0.02279937081038952 0.03131062909960747
v -0.05562509223818779 0.019217876717448235 0.045818034559488297
v -0.05562509223818779 0.019217876717448235 0.045818034559488297
v -0.05418352410197258 0.02279937081038952 0.03131062909960747
v -0.05426714941859245 0.028388796374201775 0.031844716519117355
v -0.05426714941859245 0.028388796374201775 0.031844716519117355
v -0.054366569966077805 0.031963299959897995 0.032679520547389984
v -0.05562509223818779 0.019217876717448235 0.045818034559488297
v -0.05562509223818779 0.019217876717448235 0.045818034559488297
v -0.054366569966077805 0.031963299959897995 0.032679520547389984
v -0.05448577553033829 0.03469141945242882 0.03377535939216614
v -0.05562509223818779 0.019217876717448235 0.045818034559488297
v -0.05448577553033829 0.03469141945242882 0.03377535939216614
v -0.055769700556993484 0.03743120655417442 0.04652872681617737
v -0.055769700556993484 0.03743120655417442 0.04652872681617737
v -0.05448577553033829 0.03469141945242882 0.03377535939216614
v -0.054647184908390045 0.037132542580366135 0.035331256687641144
v -0.055769700556993484 0.03743120655417442 0.04652872681617737
v -0.054647184908390045 0.037132542580366135 0.035331256687641144
v -0.05485331267118454 0.03928568586707115 0.03737420588731766
v -0.05562509223818779 0.019217876717448235 0.045818034559488297
v -0.05552855506539345 8.296725718537346e-05 0.04559129476547241
v -0.0548691600561142 8.299705950776115e-05 0.03898366168141365
v -0.05417061597108841 0.021435705944895744 0.031257644295692444
v -0.05562509223818779 0.019217876717448235 0.045818034559488297
v -0.05415087938308716 0.019299624487757683 0.03118959814310074
v -0.05415087938308716 0.019299624487757683 0.03118959814310074
v -0.05562509223818779 0.019217876717448235 0.045818034559488297
v -0.0548691600561142 8.299705950776115e-05 0.03898366168141365
v -0.05415087938308716 0.019299624487757683 0.03118959814310074
v -0.0548691600561142 8.299705950776115e-05 0.03898366168141365
v -0.054046761244535446 8.302686183014885e-05 0.030901804566383362
v -0.0548691600561142 8.299705950776115e-05 0.03898366168141365
v -0.05552855506539345 8.296725718537346e-05 0.04559129476547241
v -0.05561549589037895 -0.017877133563160896 0.045790065079927444
v -0.0548691600561142 8.299705950776115e-05 0.03898366168141365
v -0.05561549589037895 -0.017877133563160896 0.045790065079927444
v -0.054046761244535446 8.302686183014885e-05 0.030901804566383362
v -0.05424123629927635 -0.026904704049229622 0.03165271878242493
v -0.05417312681674957 -0.021529080346226692 0.03126687556505203
v -0.05561549589037895 -0.017877133563160896 0.045790065079927444
v -0.05561549589037895 -0.017877133563160896 0.045790065079927444
v -0.05417312681674957 -0.021529080346226692 0.03126687556505203
v -0.054157305508852005 -0.01986268348991871 0.03121134266257286
v -0.05561549589037895 -0.017877133563160896 0.045790065079927444
v -0.054157305508852005 -0.01986268348991871 0.03121134266257286
v -0.054046761244535446 8.302686183014885e-05 0.030901804566383362
v -0.05576295033097267 -0.03608647361397743 0.0464656800031662
v -0.05445316061377525 -0.03389996662735939 0.03347373381257057
v -0.05561549589037895 -0.017877133563160896 0.045790065079927444
v -0.05561549589037895 -0.017877133563160896 0.045790065079927444
v -0.05445316061377525 -0.03389996662735939 0.03347373381257057
v -0.05433318763971329 -0.03084406442940235 0.032404351979494095
v -0.05561549589037895 -0.017877133563160896 0.045790065079927444
v -0.05433318763971329 -0.03084406442940235 0.032404351979494095
v -0.05424123629927635 -0.026904704049229622 0.03165271878242493
v -0.05578101426362991 -0.044397298246622086 0.04696643725037575
v -0.05576058477163315 -0.04431334510445595 0.046743616461753845
v -0.05576295033097267 -0.03608647361397743 0.0464656800031662
v -0.05576295033097267 -0.03608647361397743 0.0464656800031662
v -0.05576058477163315 -0.04431334510445595 0.046743616461753845
v -0.05531841516494751 -0.042293790727853775 0.04211193695664406
v -0.05576295033097267 -0.03608647361397743 0.0464656800031662
v -0.05531841516494751 -0.042293790727853775 0.04211193695664406
v -0.055012546479701996 -0.040394458919763565 0.03898086026310921
v -0.055012546479701996 -0.040394458919763565 0.03898086026310921
v -0.05481201782822609 -0.03872767463326454 0.036946430802345276
v -0.05576295033097267 -0.03608647361397743 0.0464656800031662
v -0.05576295033097267 -0.03608647361397743 0.0464656800031662
v -0.05481201782822609 -0.03872767463326454 0.036946430802345276
v -0.05461975932121277 -0.03657609596848488 0.03503457084298134
v -0.05576295033097267 -0.03608647361397743 0.0464656800031662
v -0.05461975932121277 -0.03657609596848488 0.03503457084298134
v -0.05445316061377525 -0.03389996662735939 0.03347373381257057
v -0.0550125427544117 0.04056281968951225 0.03898082301020622
v -0.055194731801748276 0.0439901165664196 0.04136257991194725
v -0.055318042635917664 0.042456623166799545 0.04209627956151962
v -0.051040276885032654 0.025433985516428947 0.020101409405469894
v -0.049929045140743256 0.026076195761561394 0.018413664773106575
v -0.05064092203974724 0.032315682619810104 0.020390357822179794
v -0.03629336506128311 0.057508956640958786 0.027244586497545242
v -0.037488069385290146 0.055896174162626266 0.024460017681121826
v -0.03629136458039284 0.05554438754916191 0.023860730230808258
v -0.03629216179251671 0.06184568628668785 0.03853685408830643
v -0.03629123792052269 0.06324546039104462 0.04317285493016243
v -0.04025490581989288 0.06157984957098961 0.03849831596016884
v -0.040650248527526855 0.06282038986682892 0.04265434667468071
v -0.043715376406908035 0.062065135687589645 0.042463283985853195
v -0.04402022808790207 0.06152996048331261 0.041127461940050125
v -0.04402022808790207 0.06152996048331261 0.041127461940050125
v -0.043715376406908035 0.062065135687589645 0.042463283985853195
v -0.04662530496716499 0.06081097945570946 0.042517613619565964
v -0.055318042635917664 0.042456623166799545 0.04209627956151962
v -0.055194731801748276 0.0439901165664196 0.04136257991194725
v -0.0557495541870594 0.044434186071157455 0.04663063958287239
v -0.05570008233189583 0.04710076376795769 0.0471472442150116
v -0.05578106641769409 0.044560473412275314 0.046966325491666794
v -0.0557495541870594 0.044434186071157455 0.04663063958287239
v -0.055005528032779694 0.04932953044772148 0.044170696288347244
v -0.055399294942617416 0.048956748098134995 0.04636641964316368
v -0.05570008233189583 0.04710076376795769 0.0471472442150116
v -0.055399294942617416 0.048956748098134995 0.04636641964316368
v -0.055005528032779694 0.04932953044772148 0.044170696288347244
v -0.05443500727415085 0.05219162628054619 0.04507666081190109
v -0.05443500727415085 0.05219162628054619 0.04507666081190109
v -0.055005528032779694 0.04932953044772148 0.044170696288347244
v -0.05437168851494789 0.050370942801237106 0.0420258603990078
v -0.05443500727415085 0.05219162628054619 0.04507666081190109
v -0.05437168851494789 0.050370942801237106 0.0420258603990078
v -0.05322359874844551 0.05460925027728081 0.044188469648361206
v -0.04969094693660736 0.05747265741229057 0.0397968627512455
v -0.04902169480919838 0.059263791888952255 0.04279947280883789
v -0.05139750987291336 0.05706701800227165 0.04338475316762924
v -0.04816700890660286 0.058103468269109726 0.03804071992635727
v -0.04662530496716499 0.06081097945570946 0.042517613619565964
v -0.04902169480919838 0.059263791888952255 0.04279947280883789
v -0.03629136458039284 0.05554438754916191 0.023860730230808258
v -0.037488069385290146 0.055896174162626266 0.024460017681121826
v -0.03629123419523239 0.05414010211825371 0.02195211872458458
v -0.03629123419523239 0.05414010211825371 0.02195211872458458
v -0.037488069385290146 0.055896174162626266 0.024460017681121826
v -0.03844060003757477 0.05421621724963188 0.022220071405172348
v -0.03629123419523239 0.05414010211825371 0.02195211872458458
v -0.03844060003757477 0.05421621724963188 0.022220071405172348
v -0.036291152238845825 0.0533112995326519 0.020987682044506073
v -0.036291152238845825 0.0533112995326519 0.020987682044506073
v -0.03844060003757477 0.05421621724963188 0.022220071405172348
v -0.039205316454172134 0.052253853529691696 0.020195074379444122
v -0.036291152238845825 0.0533112995326519 0.020987682044506073
v -0.039205316454172134 0.052253853529691696 0.020195074379444122
v -0.036292046308517456 0.05182154104113579 0.019503511488437653
v -0.03629380837082863 0.04943857714533806 0.017655806615948677
v -0.0362931564450264 0.050674255937337875 0.01854340359568596
v -0.039775799959897995 0.04999726638197899 0.018417563289403915
v -0.03629451245069504 0.04707847163081169 0.016298091039061546
v -0.03629419580101967 0.047818150371313095 0.016681956127285957
v -0.040153395384550095 0.04745243117213249 0.01690887287259102
v -0.040153395384550095 0.04745243117213249 0.01690887287259102
v -0.03629419580101967 0.047818150371313095 0.016681956127285957
v -0.03629380837082863 0.04943857714533806 0.017655806615948677
v -0.0362938717007637 0.04158514365553856 0.01431018766015768
v -0.03629487752914429 0.04422241076827049 0.015101158060133457
v -0.04034670814871788 0.04464906081557274 0.015677448362112045
v -0.040026988834142685 0.035426463931798935 0.013475955463945866
v -0.03639097884297371 0.03580821678042412 0.013260194100439548
v -0.03628835082054138 0.04010128602385521 0.01396660041064024
v -0.03724811598658562 0.029507992789149284 0.012727192603051662
v -0.03639097884297371 0.03580821678042412 0.013260194100439548
v -0.039521366357803345 0.029196007177233696 0.012807960622012615
v -0.039521366357803345 0.029196007177233696 0.012807960622012615
v -0.03639097884297371 0.03580821678042412 0.013260194100439548
v -0.040026988834142685 0.035426463931798935 0.013475955463945866
v -0.039521366357803345 0.029196007177233696 0.012807960622012615
v -0.040026988834142685 0.035426463931798935 0.013475955463945866
v -0.04236351326107979 0.028658537194132805 0.01326256524771452
v -0.04236351326107979 0.028658537194132805 0.01326256524771452
v -0.040026988834142685 0.035426463931798935 0.013475955463945866
v -0.04394694045186043 0.03479551896452904 0.014589850790798664
v -0.04236351326107979 0.028658537194132805 0.01326256524771452
v -0.04394694045186043 0.03479551896452904 0.014589850790798664
v -0.04329310730099678 0.0284420233219862 0.013529262505471706
v -0.04908696934580803 0.0264893751591444 0.017376676201820374
v -0.04692492261528969 0.02736368589103222 0.01538806688040495
v -0.04757045581936836 0.0337536446750164 0.016883468255400658
v -0.04757045581936836 0.0337536446750164 0.016883468255400658
v -0.04692492261528969 0.02736368589103222 0.01538806688040495
v -0.044907741248607635 0.028011946007609367 0.014173838309943676
v -0.04757045581936836 0.0337536446750164 0.016883468255400658
v -0.044907741248607635 0.028011946007609367 0.014173838309943676
v -0.04394694045186043 0.03479551896452904 0.014589850790798664
v -0.04394694045186043 0.03479551896452904 0.014589850790798664
v -0.044907741248607635 0.028011946007609367 0.014173838309943676
v -0.044120874255895615 0.028230516240000725 0.013828345574438572
v -0.04394694045186043 0.03479551896452904 0.014589850790798664
v -0.044120874255895615 0.028230516240000725 0.013828345574438572
v -0.04329310730099678 0.0284420233219862 0.013529262505471706
v -0.051040276885032654 0.025433985516428947 0.020101409405469894
v -0.05064092203974724 0.032315682619810104 0.020390357822179794
v -0.05138114094734192 0.02520647458732128 0.02071550115942955
v -0.05244465917348862 0.024344800040125847 0.02308710291981697
v -0.05425458773970604 0.0346129946410656 0.03184745833277702
v -0.053470950573682785 0.023079274222254753 0.026632241904735565
v -0.053470950573682785 0.023079274222254753 0.026632241904735565
v -0.05425458773970604 0.0346129946410656 0.03184745833277702
v -0.054366569966077805 0.031963299959897995 0.032679520547389984
v -0.054366569966077805 0.031963299959897995 0.032679520547389984
v -0.05426714941859245 0.028388796374201775 0.031844716519117355
v -0.053470950573682785 0.023079274222254753 0.026632241904735565
v -0.053470950573682785 0.023079274222254753 0.026632241904735565
v -0.05426714941859245 0.028388796374201775 0.031844716519117355
v -0.05418352410197258 0.02279937081038952 0.03131062909960747
v -0.053470950573682785 0.023079274222254753 0.026632241904735565
v -0.05418352410197258 0.02279937081038952 0.03131062909960747
v -0.05417061597108841 0.021435705944895744 0.031257644295692444
v -0.05439874157309532 0.04051150009036064 0.03415665775537491
v -0.054647184908390045 0.037132542580366135 0.035331256687641144
v -0.05425458773970604 0.0346129946410656 0.03184745833277702
v -0.05425458773970604 0.0346129946410656 0.03184745833277702
v -0.054647184908390045 0.037132542580366135 0.035331256687641144
v -0.05448577553033829 0.03469141945242882 0.03377535939216614
v -0.05425458773970604 0.0346129946410656 0.03184745833277702
v -0.05448577553033829 0.03469141945242882 0.03377535939216614
v -0.054366569966077805 0.031963299959897995 0.032679520547389984
v -0.05356718599796295 0.051384296268224716 0.039914343506097794
v -0.055194731801748276 0.0439901165664196 0.04136257991194725
v -0.0542328804731369 0.04618440195918083 0.036800138652324677
v -0.0542328804731369 0.04618440195918083 0.036800138652324677
v -0.055194731801748276 0.0439901165664196 0.04136257991194725
v -0.0550125427544117 0.04056281968951225 0.03898082301020622
v -0.0542328804731369 0.04618440195918083 0.036800138652324677
v -0.0550125427544117 0.04056281968951225 0.03898082301020622
v -0.05439874157309532 0.04051150009036064 0.03415665775537491
v -0.05439874157309532 0.04051150009036064 0.03415665775537491
v -0.0550125427544117 0.04056281968951225 0.03898082301020622
v -0.05485331267118454 0.03928568586707115 0.03737420588731766
v -0.05439874157309532 0.04051150009036064 0.03415665775537491
v -0.05485331267118454 0.03928568586707115 0.03737420588731766
v -0.054647184908390045 0.037132542580366135 0.035331256687641144
v -0.04902169480919838 0.059263791888952255 0.04279947280883789
v -0.04969094693660736 0.05747265741229057 0.0397968627512455
v -0.04816700890660286 0.058103468269109726 0.03804071992635727
v -0.04816700890660286 0.058103468269109726 0.03804071992635727
v -0.04969094693660736 0.05747265741229057 0.0397968627512455
v -0.05140317231416702 0.05327802523970604 0.035822391510009766
v -0.04816700890660286 0.058103468269109726 0.03804071992635727
v -0.05140317231416702 0.05327802523970604 0.035822391510009766
v -0.05004441738128662 0.05412497743964195 0.033869270235300064
v -0.04996863380074501 0.0502280555665493 0.028190776705741882
v -0.049317825585603714 0.05266616865992546 0.030019842088222504
v -0.05135364457964897 0.04930567368865013 0.030230242758989334
v -0.05135364457964897 0.04930567368865013 0.030230242758989334
v -0.049317825585603714 0.05266616865992546 0.030019842088222504
v -0.05004441738128662 0.05412497743964195 0.033869270235300064
v -0.05135364457964897 0.04930567368865013 0.030230242758989334
v -0.05004441738128662 0.05412497743964195 0.033869270235300064
v -0.05252872034907341 0.04830637201666832 0.03236398845911026
v -0.05252872034907341 0.04830637201666832 0.03236398845911026
v -0.05004441738128662 0.05412497743964195 0.033869270235300064
v -0.05140317231416702 0.05327802523970604 0.035822391510009766
v -0.049317825585603714 0.05266616865992546 0.030019842088222504
v -0.04851868376135826 0.054875534027814865 0.03200673684477806
v -0.05004441738128662 0.05412497743964195 0.033869270235300064
v -0.05004441738128662 0.05412497743964195 0.033869270235300064
v -0.04851868376135826 0.054875534027814865 0.03200673684477806
v -0.047579821199178696 0.05685528740286827 0.03413327783346176
v -0.05004441738128662 0.05412497743964195 0.033869270235300064
v -0.047579821199178696 0.05685528740286827 0.03413327783346176
v -0.04816700890660286 0.058103468269109726 0.03804071992635727
v -0.04816700890660286 0.058103468269109726 0.03804071992635727
v -0.047579821199178696 0.05685528740286827 0.03413327783346176
v -0.0465102419257164 0.05861352011561394 0.03637751191854477
v -0.04816700890660286 0.058103468269109726 0.03804071992635727
v -0.0465102419257164 0.05861352011561394 0.03637751191854477
v -0.04662530496716499 0.06081097945570946 0.042517613619565964
v -0.04662530496716499 0.06081097945570946 0.042517613619565964
v -0.0465102419257164 0.05861352011561394 0.03637751191854477
v -0.045319847762584686 0.06016520783305168 0.03871623054146767
v -0.04662530496716499 0.06081097945570946 0.042517613619565964
v -0.045319847762584686 0.06016520783305168 0.03871623054146767
v -0.04402022808790207 0.06152996048331261 0.041127461940050125
v -0.04306397587060928 0.052341755479574203 0.02190454676747322
v -0.039205316454172134 0.052253853529691696 0.020195074379444122
v -0.04231928661465645 0.054441358894109726 0.023953262716531754
v -0.04231928661465645 0.054441358894109726 0.023953262716531754
v -0.039205316454172134 0.052253853529691696 0.020195074379444122
v -0.03844060003757477 0.05421621724963188 0.022220071405172348
v -0.04231928661465645 0.054441358894109726 0.023953262716531754
v -0.03844060003757477 0.05421621724963188 0.022220071405172348
v -0.04140167683362961 0.056254755705595016 0.026200227439403534
v -0.04140167683362961 0.056254755705595016 0.026200227439403534
v -0.03844060003757477 0.05421621724963188 0.022220071405172348
v -0.037488069385290146 0.055896174162626266 0.024460017681121826
v -0.04140167683362961 0.056254755705595016 0.026200227439403534
v -0.037488069385290146 0.055896174162626266 0.024460017681121826
v -0.04032124951481819 0.057802360504865646 0.02860613539814949
v -0.04032124951481819 0.057802360504865646 0.02860613539814949
v -0.037488069385290146 0.055896174162626266 0.024460017681121826
v -0.03629336506128311 0.057508956640958786 0.027244586497545242
v -0.04032124951481819 0.057802360504865646 0.02860613539814949
v -0.03629336506128311 0.057508956640958786 0.027244586497545242
v -0.03909321874380112 0.059111472219228745 0.031127534806728363
v -0.03909321874380112 0.059111472219228745 0.031127534806728363
v -0.03629336506128311 0.057508956640958786 0.027244586497545242
v -0.036294836550951004 0.05943439528346062 0.03156024217605591
v -0.03909321874380112 0.059111472219228745 0.031127534806728363
v -0.036294836550951004 0.05943439528346062 0.03156024217605591
v -0.03629406914114952 0.0611223541200161 0.03626888617873192
v -0.04671474173665047 0.05166443809866905 0.02459680661559105
v -0.04306397587060928 0.052341755479574203 0.02190454676747322
v -0.045988865196704865 0.05393536016345024 0.02656838670372963
v -0.045988865196704865 0.05393536016345024 0.02656838670372963
v -0.04306397587060928 0.052341755479574203 0.02190454676747322
v -0.04231928661465645 0.054441358894109726 0.023953262716531754
v -0.045988865196704865 0.05393536016345024 0.02656838670372963
v -0.04231928661465645 0.054441358894109726 0.023953262716531754
v -0.04510776326060295 0.05593721196055412 0.028719861060380936
v -0.04510776326060295 0.05593721196055412 0.028719861060380936
v -0.04231928661465645 0.054441358894109726 0.023953262716531754
v -0.04140167683362961 0.056254755705595016 0.026200227439403534
v -0.04510776326060295 0.05593721196055412 0.028719861060380936
v -0.04140167683362961 0.056254755705595016 0.026200227439403534
v -0.04408205300569534 0.05768037959933281 0.031021613627672195
v -0.04408205300569534 0.05768037959933281 0.031021613627672195
v -0.04140167683362961 0.056254755705595016 0.026200227439403534
v -0.04032124951481819 0.057802360504865646 0.02860613539814949
v -0.04408205300569534 0.05768037959933281 0.031021613627672195
v -0.04032124951481819 0.057802360504865646 0.02860613539814949
v -0.04292276129126549 0.059183817356824875 0.03344040736556053
v -0.04292276129126549 0.059183817356824875 0.03344040736556053
v -0.04032124951481819 0.057802360504865646 0.02860613539814949
v -0.03909321874380112 0.059111472219228745 0.031127534806728363
v -0.04292276129126549 0.059183817356824875 0.03344040736556053
v -0.03909321874380112 0.059111472219228745 0.031127534806728363
v -0.04164215177297592 0.06047327443957329 0.035942766815423965
v -0.04164215177297592 0.06047327443957329 0.035942766815423965
v -0.03909321874380112 0.059111472219228745 0.031127534806728363
v -0.03629406914114952 0.0611223541200161 0.03626888617873192
v -0.04164215177297592 0.06047327443957329 0.035942766815423965
v -0.03629406914114952 0.0611223541200161 0.03626888617873192
v -0.04025490581989288 0.06157984957098961 0.03849831596016884
v -0.04025490581989288 0.06157984957098961 0.03849831596016884
v -0.03629406914114952 0.0611223541200161 0.03626888617873192
v -0.03629402816295624 0.061157431453466415 0.03637580946087837
v -0.04025490581989288 0.06157984957098961 0.03849831596016884
v -0.03629402816295624 0.061157431453466415 0.03637580946087837
v -0.03629216179251671 0.06184568628668785 0.03853685408830643
v -0.03629123792052269 0.06324546039104462 0.04317285493016243
v -0.040650248527526855 0.06282038986682892 0.04265434667468071
v -0.04025490581989288 0.06157984957098961 0.03849831596016884
v -0.04025490581989288 0.06157984957098961 0.03849831596016884
v -0.040650248527526855 0.06282038986682892 0.04265434667468071
v -0.04402022808790207 0.06152996048331261 0.041127461940050125
v -0.04025490581989288 0.06157984957098961 0.03849831596016884
v -0.04402022808790207 0.06152996048331261 0.041127461940050125
v -0.04164215177297592 0.06047327443957329 0.035942766815423965
v -0.04164215177297592 0.06047327443957329 0.035942766815423965
v -0.04402022808790207 0.06152996048331261 0.041127461940050125
v -0.045319847762584686 0.06016520783305168 0.03871623054146767
v -0.04164215177297592 0.06047327443957329 0.035942766815423965
v -0.045319847762584686 0.06016520783305168 0.03871623054146767
v -0.04292276129126549 0.059183817356824875 0.03344040736556053
v -0.04292276129126549 0.059183817356824875 0.03344040736556053
v -0.045319847762584686 0.06016520783305168 0.03871623054146767
v -0.0465102419257164 0.05861352011561394 0.03637751191854477
v -0.04292276129126549 0.059183817356824875 0.03344040736556053
v -0.0465102419257164 0.05861352011561394 0.03637751191854477
v -0.04408205300569534 0.05768037959933281 0.031021613627672195
v -0.04408205300569534 0.05768037959933281 0.031021613627672195
v -0.0465102419257164 0.05861352011561394 0.03637751191854477
v -0.047579821199178696 0.05685528740286827 0.03413327783346176
v -0.04408205300569534 0.05768037959933281 0.031021613627672195
v -0.047579821199178696 0.05685528740286827 0.03413327783346176
v -0.04510776326060295 0.05593721196055412 0.028719861060380936
v -0.04510776326060295 0.05593721196055412 0.028719861060380936
v -0.047579821199178696 0.05685528740286827 0.03413327783346176
v -0.04851868376135826 0.054875534027814865 0.03200673684477806
v -0.04510776326060295 0.05593721196055412 0.028719861060380936
v -0.04851868376135826 0.054875534027814865 0.03200673684477806
v -0.045988865196704865 0.05393536016345024 0.02656838670372963
v -0.045988865196704865 0.05393536016345024 0.02656838670372963
v -0.04851868376135826 0.054875534027814865 0.03200673684477806
v -0.049317825585603714 0.05266616865992546 0.030019842088222504
v -0.045988865196704865 0.05393536016345024 0.02656838670372963
v -0.049317825585603714 0.05266616865992546 0.030019842088222504
v -0.04671474173665047 0.05166443809866905 0.02459680661559105
v -0.04671474173665047 0.05166443809866905 0.02459680661559105
v -0.049317825585603714 0.05266616865992546 0.030019842088222504
v -0.04996863380074501 0.0502280555665493 0.028190776705741882
v -0.049929045140743256 0.026076195761561394 0.018413664773106575
v -0.04908696934580803 0.0264893751591444 0.017376676201820374
v -0.05064092203974724 0.032315682619810104 0.020390357822179794
v -0.05064092203974724 0.032315682619810104 0.020390357822179794
v -0.04908696934580803 0.0264893751591444 0.017376676201820374
v -0.04757045581936836 0.0337536446750164 0.016883468255400658
v -0.05064092203974724 0.032315682619810104 0.020390357822179794
v -0.04757045581936836 0.0337536446750164 0.016883468255400658
v -0.05099410191178322 0.03860744461417198 0.022527333348989487
v -0.05099410191178322 0.03860744461417198 0.022527333348989487
v -0.04757045581936836 0.0337536446750164 0.016883468255400658
v -0.04792463406920433 0.04018266126513481 0.01877826824784279
v -0.04792463406920433 0.04018266126513481 0.01877826824784279
v -0.04757045581936836 0.0337536446750164 0.016883468255400658
v -0.04394694045186043 0.03479551896452904 0.014589850790798664
v -0.04792463406920433 0.04018266126513481 0.01877826824784279
v -0.04394694045186043 0.03479551896452904 0.014589850790798664
v -0.044278111308813095 0.04120960459113121 0.01613648235797882
v -0.044278111308813095 0.04120960459113121 0.01613648235797882
v -0.04394694045186043 0.03479551896452904 0.014589850790798664
v -0.040026988834142685 0.035426463931798935 0.013475955463945866
v -0.044278111308813095 0.04120960459113121 0.01613648235797882
v -0.040026988834142685 0.035426463931798935 0.013475955463945866
v -0.04037107154726982 0.041646551340818405 0.014717190526425838
v -0.04037107154726982 0.041646551340818405 0.014717190526425838
v -0.040026988834142685 0.035426463931798935 0.013475955463945866
v -0.03628835082054138 0.04010128602385521 0.01396660041064024
v -0.04037107154726982 0.041646551340818405 0.014717190526425838
v -0.03628835082054138 0.04010128602385521 0.01396660041064024
v -0.0362938717007637 0.04158514365553856 0.01431018766015768
v -0.04766518250107765 0.04633698984980583 0.02127274125814438
v -0.044232603162527084 0.04433135315775871 0.017203394323587418
v -0.04401910677552223 0.04726548120379448 0.01851622760295868
v -0.04401910677552223 0.04726548120379448 0.01851622760295868
v -0.044232603162527084 0.04433135315775871 0.017203394323587418
v -0.04034670814871788 0.04464906081557274 0.015677448362112045
v -0.04401910677552223 0.04726548120379448 0.01851622760295868
v -0.04034670814871788 0.04464906081557274 0.015677448362112045
v -0.040153395384550095 0.04745243117213249 0.01690887287259102
v -0.040153395384550095 0.04745243117213249 0.01690887287259102
v -0.04034670814871788 0.04464906081557274 0.015677448362112045
v -0.03629487752914429 0.04422241076827049 0.015101158060133457
v -0.040153395384550095 0.04745243117213249 0.01690887287259102
v -0.03629487752914429 0.04422241076827049 0.015101158060133457
v -0.03629451245069504 0.04707847163081169 0.016298091039061546
v -0.05425458773970604 0.0346129946410656 0.03184745833277702
v -0.05308094993233681 0.04268966242671013 0.029459364712238312
v -0.05439874157309532 0.04051150009036064 0.03415665775537491
v -0.05439874157309532 0.04051150009036064 0.03415665775537491
v -0.05308094993233681 0.04268966242671013 0.029459364712238312
v -0.0534854494035244 0.04725955054163933 0.03456079214811325
v -0.05439874157309532 0.04051150009036064 0.03415665775537491
v -0.0534854494035244 0.04725955054163933 0.03456079214811325
v -0.0542328804731369 0.04618440195918083 0.036800138652324677
v -0.0542328804731369 0.04618440195918083 0.036800138652324677
v -0.0534854494035244 0.04725955054163933 0.03456079214811325
v -0.05257914587855339 0.052358221262693405 0.03784288093447685
v -0.0542328804731369 0.04618440195918083 0.036800138652324677
v -0.05257914587855339 0.052358221262693405 0.03784288093447685
v -0.05356718599796295 0.051384296268224716 0.039914343506097794
v -0.05356718599796295 0.051384296268224716 0.039914343506097794
v -0.05257914587855339 0.052358221262693405 0.03784288093447685
v -0.05106267333030701 0.05674007162451744 0.04162934795022011
v -0.05356718599796295 0.051384296268224716 0.039914343506097794
v -0.05106267333030701 0.05674007162451744 0.04162934795022011
v -0.052270784974098206 0.05592476949095726 0.043525662273168564
v -0.0362938717007637 0.04158514365553856 0.01431018766015768
v -0.04034670814871788 0.04464906081557274 0.015677448362112045
v -0.04037107154726982 0.041646551340818405 0.014717190526425838
v -0.04037107154726982 0.041646551340818405 0.014717190526425838
v -0.04034670814871788 0.04464906081557274 0.015677448362112045
v -0.044232603162527084 0.04433135315775871 0.017203394323587418
v -0.04037107154726982 0.041646551340818405 0.014717190526425838
v -0.044232603162527084 0.04433135315775871 0.017203394323587418
v -0.044278111308813095 0.04120960459113121 0.01613648235797882
v -0.044278111308813095 0.04120960459113121 0.01613648235797882
v -0.044232603162527084 0.04433135315775871 0.017203394323587418
v -0.04766518250107765 0.04633698984980583 0.02127274125814438
v -0.044278111308813095 0.04120960459113121 0.01613648235797882
v -0.04766518250107765 0.04633698984980583 0.02127274125814438
v -0.04792463406920433 0.04018266126513481 0.01877826824784279
v -0.04792463406920433 0.04018266126513481 0.01877826824784279
v -0.04766518250107765 0.04633698984980583 0.02127274125814438
v -0.05079849809408188 0.0447237454354763 0.025043345987796783
v -0.04792463406920433 0.04018266126513481 0.01877826824784279
v -0.05079849809408188 0.0447237454354763 0.025043345987796783
v -0.05099410191178322 0.03860744461417198 0.022527333348989487
v -0.05099410191178322 0.03860744461417198 0.022527333348989487
v -0.05079849809408188 0.0447237454354763 0.025043345987796783
v -0.05312848091125488 0.0366787426173687 0.02701568230986595
v -0.05099410191178322 0.03860744461417198 0.022527333348989487
v -0.05312848091125488 0.0366787426173687 0.02701568230986595
v -0.05064092203974724 0.032315682619810104 0.020390357822179794
v -0.05064092203974724 0.032315682619810104 0.020390357822179794
v -0.05312848091125488 0.0366787426173687 0.02701568230986595
v -0.05280901864171028 0.030590517446398735 0.024770129472017288
v -0.05064092203974724 0.032315682619810104 0.020390357822179794
v -0.05280901864171028 0.030590517446398735 0.024770129472017288
v -0.05138114094734192 0.02520647458732128 0.02071550115942955
v -0.03629380837082863 0.04943857714533806 0.017655806615948677
v -0.039775799959897995 0.04999726638197899 0.018417563289403915
v -0.040153395384550095 0.04745243117213249 0.01690887287259102
v -0.040153395384550095 0.04745243117213249 0.01690887287259102
v -0.039775799959897995 0.04999726638197899 0.018417563289403915
v -0.04363073408603668 0.04994684085249901 0.020085420459508896
v -0.040153395384550095 0.04745243117213249 0.01690887287259102
v -0.04363073408603668 0.04994684085249901 0.020085420459508896
v -0.04401910677552223 0.04726548120379448 0.01851622760295868
v -0.04401910677552223 0.04726548120379448 0.01851622760295868
v -0.04363073408603668 0.04994684085249901 0.020085420459508896
v -0.04727581515908241 0.049125876277685165 0.022827643901109695
v -0.04401910677552223 0.04726548120379448 0.01851622760295868
v -0.04727581515908241 0.049125876277685165 0.022827643901109695
v -0.04766518250107765 0.04633698984980583 0.02127274125814438
v -0.04766518250107765 0.04633698984980583 0.02127274125814438
v -0.04727581515908241 0.049125876277685165 0.022827643901109695
v -0.05046369880437851 0.04757274314761162 0.026531197130680084
v -0.04766518250107765 0.04633698984980583 0.02127274125814438
v -0.05046369880437851 0.04757274314761162 0.026531197130680084
v -0.05079849809408188 0.0447237454354763 0.025043345987796783
v -0.05079849809408188 0.0447237454354763 0.025043345987796783
v -0.05046369880437851 0.04757274314761162 0.026531197130680084
v -0.05308094993233681 0.04268966242671013 0.029459364712238312
v -0.05079849809408188 0.0447237454354763 0.025043345987796783
v -0.05308094993233681 0.04268966242671013 0.029459364712238312
v -0.05312848091125488 0.0366787426173687 0.02701568230986595
v -0.05312848091125488 0.0366787426173687 0.02701568230986595
v -0.05308094993233681 0.04268966242671013 0.029459364712238312
v -0.05425458773970604 0.0346129946410656 0.03184745833277702
v -0.05312848091125488 0.0366787426173687 0.02701568230986595
v -0.05425458773970604 0.0346129946410656 0.03184745833277702
v -0.05280901864171028 0.030590517446398735 0.024770129472017288
v -0.05280901864171028 0.030590517446398735 0.024770129472017288
v -0.05425458773970604 0.0346129946410656 0.03184745833277702
v -0.05244465917348862 0.024344800040125847 0.02308710291981697
v -0.05280901864171028 0.030590517446398735 0.024770129472017288
v -0.05244465917348862 0.024344800040125847 0.02308710291981697
v -0.05138114094734192 0.02520647458732128 0.02071550115942955
v -0.05570008233189583 0.04710076376795769 0.0471472442150116
v -0.0557495541870594 0.044434186071157455 0.04663063958287239
v -0.055005528032779694 0.04932953044772148 0.044170696288347244
v -0.055005528032779694 0.04932953044772148 0.044170696288347244
v -0.0557495541870594 0.044434186071157455 0.04663063958287239
v -0.055194731801748276 0.0439901165664196 0.04136257991194725
v -0.055005528032779694 0.04932953044772148 0.044170696288347244
v -0.055194731801748276 0.0439901165664196 0.04136257991194725
v -0.05437168851494789 0.050370942801237106 0.0420258603990078
v -0.05437168851494789 0.050370942801237106 0.0420258603990078
v -0.055194731801748276 0.0439901165664196 0.04136257991194725
v -0.05356718599796295 0.051384296268224716 0.039914343506097794
v -0.05437168851494789 0.050370942801237106 0.0420258603990078
v -0.05356718599796295 0.051384296268224716 0.039914343506097794
v -0.05322359874844551 0.05460925027728081 0.044188469648361206
v -0.05322359874844551 0.05460925027728081 0.044188469648361206
v -0.05356718599796295 0.051384296268224716 0.039914343506097794
v -0.052270784974098206 0.05592476949095726 0.043525662273168564
v -0.05322359874844551 0.05460925027728081 0.044188469648361206
v -0.052270784974098206 0.05592476949095726 0.043525662273168564
v -0.05139750987291336 0.05706701800227165 0.04338475316762924
v -0.05139750987291336 0.05706701800227165 0.04338475316762924
v -0.052270784974098206 0.05592476949095726 0.043525662273168564
v -0.05106267333030701 0.05674007162451744 0.04162934795022011
v -0.05139750987291336 0.05706701800227165 0.04338475316762924
v -0.05106267333030701 0.05674007162451744 0.04162934795022011
v -0.04969094693660736 0.05747265741229057 0.0397968627512455
v -0.04969094693660736 0.05747265741229057 0.0397968627512455
v -0.05106267333030701 0.05674007162451744 0.04162934795022011
v -0.05257914587855339 0.052358221262693405 0.03784288093447685
v -0.04969094693660736 0.05747265741229057 0.0397968627512455
v -0.05257914587855339 0.052358221262693405 0.03784288093447685
v -0.05140317231416702 0.05327802523970604 0.035822391510009766
v -0.05140317231416702 0.05327802523970604 0.035822391510009766
v -0.05257914587855339 0.052358221262693405 0.03784288093447685
v -0.0534854494035244 0.04725955054163933 0.03456079214811325
v -0.05140317231416702 0.05327802523970604 0.035822391510009766
v -0.0534854494035244 0.04725955054163933 0.03456079214811325
v -0.05252872034907341 0.04830637201666832 0.03236398845911026
v -0.05252872034907341 0.04830637201666832 0.03236398845911026
v -0.0534854494035244 0.04725955054163933 0.03456079214811325
v -0.05308094993233681 0.04268966242671013 0.029459364712238312
v -0.05252872034907341 0.04830637201666832 0.03236398845911026
v -0.05308094993233681 0.04268966242671013 0.029459364712238312
v -0.05135364457964897 0.04930567368865013 0.030230242758989334
v -0.05135364457964897 0.04930567368865013 0.030230242758989334
v -0.05308094993233681 0.04268966242671013 0.029459364712238312
v -0.05046369880437851 0.04757274314761162 0.026531197130680084
v -0.05135364457964897 0.04930567368865013 0.030230242758989334
v -0.05046369880437851 0.04757274314761162 0.026531197130680084
v -0.04996863380074501 0.0502280555665493 0.028190776705741882
v -0.04996863380074501 0.0502280555665493 0.028190776705741882
v -0.05046369880437851 0.04757274314761162 0.026531197130680084
v -0.04727581515908241 0.049125876277685165 0.022827643901109695
v -0.04996863380074501 0.0502280555665493 0.028190776705741882
v -0.04727581515908241 0.049125876277685165 0.022827643901109695
v -0.04671474173665047 0.05166443809866905 0.02459680661559105
v -0.04671474173665047 0.05166443809866905 0.02459680661559105
v -0.04727581515908241 0.049125876277685165 0.022827643901109695
v -0.04363073408603668 0.04994684085249901 0.020085420459508896
v -0.04671474173665047 0.05166443809866905 0.02459680661559105
v -0.04363073408603668 0.04994684085249901 0.020085420459508896
v -0.04306397587060928 0.052341755479574203 0.02190454676747322
v -0.04306397587060928 0.052341755479574203 0.02190454676747322
v -0.04363073408603668 0.04994684085249901 0.020085420459508896
v -0.039775799959897995 0.04999726638197899 0.018417563289403915
v -0.04306397587060928 0.052341755479574203 0.02190454676747322
v -0.039775799959897995 0.04999726638197899 0.018417563289403915
v -0.039205316454172134 0.052253853529691696 0.020195074379444122
v -0.039205316454172134 0.052253853529691696 0.020195074379444122
v -0.039775799959897995 0.04999726638197899 0.018417563289403915
v -0.0362931564450264 0.050674255937337875 0.01854340359568596
v -0.039205316454172134 0.052253853529691696 0.020195074379444122
v -0.0362931564450264 0.050674255937337875 0.01854340359568596
v -0.036292046308517456 0.05182154104113579 0.019503511488437653
v -0.03629324585199356 -0.06476834416389465 0.04886073246598244
v -0.040580641478300095 -0.06362023949623108 0.04577747732400894
v -0.03976858779788017 -0.06463685631752014 0.04884271323680878
v -0.05539005622267723 -0.0497228242456913 0.047362055629491806
v -0.05448734015226364 -0.0518932081758976 0.04512719064950943
v -0.05541881546378136 -0.04954195395112038 0.04734758660197258
v -0.05541881546378136 -0.04954195395112038 0.04734758660197258
v -0.05448734015226364 -0.0518932081758976 0.04512719064950943
v -0.05533020570874214 -0.04911288991570473 0.046233393251895905
v -0.05541881546378136 -0.04954195395112038 0.04734758660197258
v -0.05533020570874214 -0.04911288991570473 0.046233393251895905
v -0.05569996312260628 -0.04693600907921791 0.047147247940301895
v -0.05448734015226364 -0.0518932081758976 0.04512719064950943
v -0.05262843146920204 -0.056429896503686905 0.04631946608424187
v -0.05310552939772606 -0.05463365092873573 0.04412296786904335
v -0.05310552939772606 -0.05463365092873573 0.04412296786904335
v -0.05262843146920204 -0.056429896503686905 0.04631946608424187
v -0.051129817962646484 -0.0582582987844944 0.046004705131053925
v -0.05310552939772606 -0.05463365092873573 0.04412296786904335
v -0.051129817962646484 -0.0582582987844944 0.046004705131053925
v -0.051205605268478394 -0.05711070075631142 0.043322160840034485
v -0.051205605268478394 -0.05711070075631142 0.043322160840034485
v -0.051129817962646484 -0.0582582987844944 0.046004705131053925
v -0.0493755079805851 -0.05987054482102394 0.0457732267677784
v -0.051205605268478394 -0.05711070075631142 0.043322160840034485
v -0.0493755079805851 -0.05987054482102394 0.0457732267677784
v -0.0489669106900692 -0.059139762073755264 0.04278987646102905
v -0.0489669106900692 -0.059139762073755264 0.04278987646102905
v -0.0493755079805851 -0.05987054482102394 0.0457732267677784
v -0.047409407794475555 -0.061231378465890884 0.04563163220882416
v -0.0489669106900692 -0.059139762073755264 0.04278987646102905
v -0.047409407794475555 -0.061231378465890884 0.04563163220882416
v -0.046494755893945694 -0.06071576848626137 0.042508117854595184
v -0.0452754907310009 -0.06231153383851051 0.04558571055531502
v -0.04350164160132408 -0.06196743622422218 0.04246972128748894
v -0.046494755893945694 -0.06071576848626137 0.042508117854595184
v -0.04350164160132408 -0.06196743622422218 0.04246972128748894
v -0.0452754907310009 -0.06231153383851051 0.04558571055531502
v -0.04307280108332634 -0.062098804861307144 0.0424860455095768
v -0.04307280108332634 -0.062098804861307144 0.0424860455095768
v -0.0452754907310009 -0.06231153383851051 0.04558571055531502
v -0.040580641478300095 -0.06362023949623108 0.04577747732400894
v -0.04307280108332634 -0.062098804861307144 0.0424860455095768
v -0.040580641478300095 -0.06362023949623108 0.04577747732400894
v -0.04022211208939552 -0.06272348761558533 0.04269520938396454
v -0.04022211208939552 -0.06272348761558533 0.04269520938396454
v -0.040580641478300095 -0.06362023949623108 0.04577747732400894
v -0.03629324585199356 -0.06476834416389465 0.04886073246598244
v -0.04022211208939552 -0.06272348761558533 0.04269520938396454
v -0.03629324585199356 -0.06476834416389465 0.04886073246598244
v -0.036291275173425674 -0.06307858228683472 0.04317287355661392
v -0.03976858779788017 -0.06463685631752014 0.04884271323680878
v -0.040580641478300095 -0.06362023949623108 0.04577747732400894
v -0.04330264776945114 -0.06400498747825623 0.048766668885946274
v -0.04330264776945114 -0.06400498747825623 0.048766668885946274
v -0.040580641478300095 -0.06362023949623108 0.04577747732400894
v -0.0452754907310009 -0.06231153383851051 0.04558571055531502
v -0.04330264776945114 -0.06400498747825623 0.048766668885946274
v -0.0452754907310009 -0.06231153383851051 0.04558571055531502
v -0.04562755301594734 -0.06317242980003357 0.04866919293999672
v -0.046494755893945694 -0.06071576848626137 0.042508117854595184
v -0.047409407794475555 -0.061231378465890884 0.04563163220882416
v -0.0452754907310009 -0.06231153383851051 0.04558571055531502
v -0.0452754907310009 -0.06231153383851051 0.04558571055531502
v -0.047409407794475555 -0.061231378465890884 0.04563163220882416
v -0.046112336218357086 -0.06294718384742737 0.04864317923784256
v -0.0452754907310009 -0.06231153383851051 0.04558571055531502
v -0.046112336218357086 -0.06294718384742737 0.04864317923784256
v -0.04562755301594734 -0.06317242980003357 0.04866919293999672
v -0.055153436958789825 -0.0509706474840641 0.04746394231915474
v -0.05473595857620239 -0.05258641019463539 0.047601278871297836
v -0.05468384176492691 -0.052463117986917496 0.04712283983826637
v -0.05468384176492691 -0.052463117986917496 0.04712283983826637
v -0.05473595857620239 -0.05258641019463539 0.047601278871297836
v -0.05460406467318535 -0.05300698056817055 0.047638051211833954
v -0.05539005622267723 -0.0497228242456913 0.047362055629491806
v -0.055153436958789825 -0.0509706474840641 0.04746394231915474
v -0.05448734015226364 -0.0518932081758976 0.04512719064950943
v -0.05448734015226364 -0.0518932081758976 0.04512719064950943
v -0.055153436958789825 -0.0509706474840641 0.04746394231915474
v -0.05468384176492691 -0.052463117986917496 0.04712283983826637
v -0.05448734015226364 -0.0518932081758976 0.04512719064950943
v -0.05468384176492691 -0.052463117986917496 0.04712283983826637
v -0.05262843146920204 -0.056429896503686905 0.04631946608424187
v -0.05262843146920204 -0.056429896503686905 0.04631946608424187
v -0.05468384176492691 -0.052463117986917496 0.04712283983826637
v -0.05460406467318535 -0.05300698056817055 0.047638051211833954
v -0.05460406467318535 -0.05300698056817055 0.047638051211833954
v -0.053720101714134216 -0.05522662773728371 0.047839369624853134
v -0.05262843146920204 -0.056429896503686905 0.04631946608424187
v -0.05262843146920204 -0.056429896503686905 0.04631946608424187
v -0.053720101714134216 -0.05522662773728371 0.047839369624853134
v -0.05214254930615425 -0.05788222327828407 0.048097021877765656
v -0.05262843146920204 -0.056429896503686905 0.04631946608424187
v -0.05214254930615425 -0.05788222327828407 0.048097021877765656
v -0.051129817962646484 -0.0582582987844944 0.046004705131053925
v -0.051129817962646484 -0.0582582987844944 0.046004705131053925
v -0.05214254930615425 -0.05788222327828407 0.048097021877765656
v -0.05054925009608269 -0.05976242199540138 0.04829116538167
v -0.051129817962646484 -0.0582582987844944 0.046004705131053925
v -0.05054925009608269 -0.05976242199540138 0.04829116538167
v -0.0493755079805851 -0.05987054482102394 0.0457732267677784
v -0.0493755079805851 -0.05987054482102394 0.0457732267677784
v -0.05054925009608269 -0.05976242199540138 0.04829116538167
v -0.04968080297112465 -0.06058138981461525 0.04837888106703758
v -0.0493755079805851 -0.05987054482102394 0.0457732267677784
v -0.04968080297112465 -0.06058138981461525 0.04837888106703758
v -0.047409407794475555 -0.061231378465890884 0.04563163220882416
v -0.047409407794475555 -0.061231378465890884 0.04563163220882416
v -0.04968080297112465 -0.06058138981461525 0.04837888106703758
v -0.04824904724955559 -0.06169888749718666 0.04850170388817787
v -0.047409407794475555 -0.061231378465890884 0.04563163220882416
v -0.04824904724955559 -0.06169888749718666 0.04850170388817787
v -0.046112336218357086 -0.06294718384742737 0.04864317923784256
v -0.05448734015226364 -0.0518932081758976 0.04512719064950943
v -0.05498644337058067 -0.049300823360681534 0.044218018651008606
v -0.05533020570874214 -0.04911288991570473 0.046233393251895905
v -0.0489669106900692 -0.059139762073755264 0.04278987646102905
v -0.04851114749908447 -0.059193018823862076 0.0419405922293663
v -0.051205605268478394 -0.05711070075631142 0.043322160840034485
v -0.04022211208939552 -0.06272348761558533 0.04269520938396454
v -0.036291275173425674 -0.06307858228683472 0.04317287355661392
v -0.04010467976331711 -0.06141418591141701 0.038436923176050186
v -0.036294933408498764 -0.042393092066049576 0.014573193155229092
v -0.03629447892308235 -0.041340772062540054 0.014290534891188145
v -0.040520600974559784 -0.041541848331689835 0.014725136570632458
v -0.03681463003158569 -0.03206116333603859 0.012907193042337894
v -0.037247881293296814 -0.02945760078728199 0.012733633629977703
v -0.03917201608419418 -0.029223205521702766 0.012785227037966251
v -0.05576058477163315 -0.04431334510445595 0.046743616461753845
v -0.05498644337058067 -0.049300823360681534 0.044218018651008606
v -0.05531841516494751 -0.042293790727853775 0.04211193695664406
v -0.05531841516494751 -0.042293790727853775 0.04211193695664406
v -0.05498644337058067 -0.049300823360681534 0.044218018651008606
v -0.05519017577171326 -0.04396325722336769 0.04138617962598801
v -0.05531841516494751 -0.042293790727853775 0.04211193695664406
v -0.05519017577171326 -0.04396325722336769 0.04138617962598801
v -0.055012546479701996 -0.040394458919763565 0.03898086026310921
v -0.05576058477163315 -0.04431334510445595 0.046743616461753845
v -0.05578101426362991 -0.044397298246622086 0.04696643725037575
v -0.05498644337058067 -0.049300823360681534 0.044218018651008606
v -0.05498644337058067 -0.049300823360681534 0.044218018651008606
v -0.05578101426362991 -0.044397298246622086 0.04696643725037575
v -0.05569996312260628 -0.04693600907921791 0.047147247940301895
v -0.05498644337058067 -0.049300823360681534 0.044218018651008606
v -0.05569996312260628 -0.04693600907921791 0.047147247940301895
v -0.05533020570874214 -0.04911288991570473 0.046233393251895905
v -0.054235897958278656 -0.03462893143296242 0.03171170875430107
v -0.05445316061377525 -0.03389996662735939 0.03347373381257057
v -0.05438176169991493 -0.040500614792108536 0.03408469632267952
v -0.05438176169991493 -0.040500614792108536 0.03408469632267952
v -0.05445316061377525 -0.03389996662735939 0.03347373381257057
v -0.05461975932121277 -0.03657609596848488 0.03503457084298134
v -0.05433318763971329 -0.03084406442940235 0.032404351979494095
v -0.05334634333848953 -0.02336716838181019 0.026020199060440063
v -0.05424123629927635 -0.026904704049229622 0.03165271878242493
v -0.05424123629927635 -0.026904704049229622 0.03165271878242493
v -0.05334634333848953 -0.02336716838181019 0.026020199060440063
v -0.05417312681674957 -0.021529080346226692 0.03126687556505203
v -0.052791718393564224 -0.03064301796257496 0.024606242775917053
v -0.05334634333848953 -0.02336716838181019 0.026020199060440063
v -0.054235897958278656 -0.03462893143296242 0.03171170875430107
v -0.054235897958278656 -0.03462893143296242 0.03171170875430107
v -0.05334634333848953 -0.02336716838181019 0.026020199060440063
v -0.05433318763971329 -0.03084406442940235 0.032404351979494095
v -0.054235897958278656 -0.03462893143296242 0.03171170875430107
v -0.05433318763971329 -0.03084406442940235 0.032404351979494095
v -0.05445316061377525 -0.03389996662735939 0.03347373381257057
v -0.05066704377532005 -0.03235066309571266 0.020261794328689575
v -0.050711438059806824 -0.02572876401245594 0.019424449652433395
v -0.052791718393564224 -0.03064301796257496 0.024606242775917053
v -0.052791718393564224 -0.03064301796257496 0.024606242775917053
v -0.050711438059806824 -0.02572876401245594 0.019424449652433395
v -0.05225386470556259 -0.024616213515400887 0.022488150745630264
v -0.052791718393564224 -0.03064301796257496 0.024606242775917053
v -0.05225386470556259 -0.024616213515400887 0.022488150745630264
v -0.05334634333848953 -0.02336716838181019 0.026020199060440063
v -0.04896719008684158 -0.02662387676537037 0.01711376942694187
v -0.04955252259969711 -0.026350559666752815 0.017796969041228294
v -0.05066704377532005 -0.03235066309571266 0.020261794328689575
v -0.05066704377532005 -0.03235066309571266 0.020261794328689575
v -0.04955252259969711 -0.026350559666752815 0.017796969041228294
v -0.049964431673288345 -0.02614334411919117 0.018329253420233727
v -0.05066704377532005 -0.03235066309571266 0.020261794328689575
v -0.049964431673288345 -0.02614334411919117 0.018329253420233727
v -0.050711438059806824 -0.02572876401245594 0.019424449652433395
v -0.04714501276612282 -0.0273516196757555 0.015444359742105007
v -0.0476703941822052 -0.033757034689188004 0.016818441450595856
v -0.044873472303152084 -0.028066696599125862 0.014088503085076809
v -0.044873472303152084 -0.028066696599125862 0.014088503085076809
v -0.0476703941822052 -0.033757034689188004 0.016818441450595856
v -0.04410869628190994 -0.03475988283753395 0.01457855012267828
v -0.044873472303152084 -0.028066696599125862 0.014088503085076809
v -0.04410869628190994 -0.03475988283753395 0.01457855012267828
v -0.044168006628751755 -0.028254332020878792 0.01379022840410471
v -0.044168006628751755 -0.028254332020878792 0.01379022840410471
v -0.04410869628190994 -0.03475988283753395 0.01457855012267828
v -0.043425243347883224 -0.02843642421066761 0.01352741289883852
v -0.03631172329187393 -0.03702983632683754 0.013449047692120075
v -0.03681463003158569 -0.03206116333603859 0.012907193042337894
v -0.0401783287525177 -0.03535423055291176 0.013486665673553944
v -0.0401783287525177 -0.03535423055291176 0.013486665673553944
v -0.03681463003158569 -0.03206116333603859 0.012907193042337894
v -0.03917201608419418 -0.029223205521702766 0.012785227037966251
v -0.0401783287525177 -0.03535423055291176 0.013486665673553944
v -0.03917201608419418 -0.029223205521702766 0.012785227037966251
v -0.04410869628190994 -0.03475988283753395 0.01457855012267828
v -0.04410869628190994 -0.03475988283753395 0.01457855012267828
v -0.03917201608419418 -0.029223205521702766 0.012785227037966251
v -0.04216686636209488 -0.028712095692753792 0.013186736963689327
v -0.04410869628190994 -0.03475988283753395 0.01457855012267828
v -0.04216686636209488 -0.028712095692753792 0.013186736963689327
v -0.043425243347883224 -0.02843642421066761 0.01352741289883852
v -0.03629467636346817 -0.04692373052239418 0.01630423590540886
v -0.036295004189014435 -0.045336876064538956 0.015587481670081615
v -0.04047226905822754 -0.04452643170952797 0.015680504962801933
v -0.036294061690568924 -0.04854810610413551 0.017196830362081528
v -0.0398232564330101 -0.04984349384903908 0.018406782299280167
v -0.03629210963845253 -0.05153993144631386 0.019401084631681442
v -0.03629210963845253 -0.05153993144631386 0.019401084631681442
v -0.0398232564330101 -0.04984349384903908 0.018406782299280167
v -0.039205484092235565 -0.052088622003793716 0.020176701247692108
v -0.03629210963845253 -0.05153993144631386 0.019401084631681442
v -0.039205484092235565 -0.052088622003793716 0.020176701247692108
v -0.03629106283187866 -0.05313894525170326 0.020981840789318085
v -0.03629106283187866 -0.05313894525170326 0.020981840789318085
v -0.039205484092235565 -0.052088622003793716 0.020176701247692108
v -0.03839235380291939 -0.05404180660843849 0.022193748503923416
v -0.03629106283187866 -0.05313894525170326 0.020981840789318085
v -0.03839235380291939 -0.05404180660843849 0.022193748503923416
v -0.03629111498594284 -0.05392790213227272 0.02189665660262108
v -0.03629111498594284 -0.05392790213227272 0.02189665660262108
v -0.03839235380291939 -0.05404180660843849 0.022193748503923416
v -0.03739310801029205 -0.05571380630135536 0.024425078183412552
v -0.03629111498594284 -0.05392790213227272 0.02189665660262108
v -0.03739310801029205 -0.05571380630135536 0.024425078183412552
v -0.03629160672426224 -0.056126270443201065 0.025042667984962463
v -0.03629160672426224 -0.056126270443201065 0.025042667984962463
v -0.03739310801029205 -0.05571380630135536 0.024425078183412552
v -0.03629260137677193 -0.05685291066765785 0.026314079761505127
v -0.03629396855831146 -0.06099260225892067 0.036382947117090225
v -0.03629419580101967 -0.060832682996988297 0.035898081958293915
v -0.038985949009656906 -0.05893901363015175 0.031077615916728973
v -0.038985949009656906 -0.05893901363015175 0.031077615916728973
v -0.03629419580101967 -0.060832682996988297 0.035898081958293915
v -0.03629511594772339 -0.060134176164865494 0.03386876359581947
v -0.038985949009656906 -0.05893901363015175 0.031077615916728973
v -0.03629511594772339 -0.060134176164865494 0.03386876359581947
v -0.03629437834024429 -0.05813941732048988 0.02890148013830185
v -0.03629437834024429 -0.05813941732048988 0.02890148013830185
v -0.04137682914733887 -0.05610019341111183 0.026163063943386078
v -0.038985949009656906 -0.05893901363015175 0.031077615916728973
v -0.038985949009656906 -0.05893901363015175 0.031077615916728973
v -0.04137682914733887 -0.05610019341111183 0.026163063943386078
v -0.040940940380096436 -0.059065643697977066 0.03215919807553291
v -0.038985949009656906 -0.05893901363015175 0.031077615916728973
v -0.040940940380096436 -0.059065643697977066 0.03215919807553291
v -0.03629396855831146 -0.06099260225892067 0.036382947117090225
v -0.03629396855831146 -0.06099260225892067 0.036382947117090225
v -0.040940940380096436 -0.059065643697977066 0.03215919807553291
v -0.04010467976331711 -0.06141418591141701 0.038436923176050186
v -0.03629396855831146 -0.06099260225892067 0.036382947117090225
v -0.04010467976331711 -0.06141418591141701 0.038436923176050186
v -0.03629322722554207 -0.06294125318527222 0.042713508009910583
v -0.03629322722554207 -0.06294125318527222 0.042713508009910583
v -0.04010467976331711 -0.06141418591141701 0.038436923176050186
v -0.036291275173425674 -0.06307858228683472 0.04317287355661392
v -0.04307280108332634 -0.062098804861307144 0.0424860455095768
v -0.043876126408576965 -0.061400000005960464 0.041085515171289444
v -0.04350164160132408 -0.06196743622422218 0.04246972128748894
v -0.04350164160132408 -0.06196743622422218 0.04246972128748894
v -0.043876126408576965 -0.061400000005960464 0.041085515171289444
v -0.046494755893945694 -0.06071576848626137 0.042508117854595184
v -0.04307280108332634 -0.062098804861307144 0.0424860455095768
v -0.04202653467655182 -0.06147465482354164 0.03970232233405113
v -0.043876126408576965 -0.061400000005960464 0.041085515171289444
v -0.043876126408576965 -0.061400000005960464 0.041085515171289444
v -0.04202653467655182 -0.06147465482354164 0.03970232233405113
v -0.04520266503095627 -0.06004664674401283 0.03868703544139862
v -0.043876126408576965 -0.061400000005960464 0.041085515171289444
v -0.04520266503095627 -0.06004664674401283 0.03868703544139862
v -0.046494755893945694 -0.06071576848626137 0.042508117854595184
v -0.05200463533401489 -0.05083385482430458 0.03400778770446777
v -0.05133691802620888 -0.049256447702646255 0.030181296169757843
v -0.05250345170497894 -0.0482671894133091 0.03232530876994133
v -0.05250345170497894 -0.0482671894133091 0.03232530876994133
v -0.05133691802620888 -0.049256447702646255 0.030181296169757843
v -0.052058879286050797 -0.0437186099588871 0.02709577977657318
v -0.05250345170497894 -0.0482671894133091 0.03232530876994133
v -0.052058879286050797 -0.0437186099588871 0.02709577977657318
v -0.05306316539645195 -0.04267686977982521 0.02935955673456192
v -0.03629467636346817 -0.04692373052239418 0.01630423590540886
v -0.04047226905822754 -0.04452643170952797 0.015680504962801933
v -0.04024379700422287 -0.04731294885277748 0.01690536178648472
v -0.04024379700422287 -0.04731294885277748 0.01690536178648472
v -0.04047226905822754 -0.04452643170952797 0.015680504962801933
v -0.044380173087120056 -0.044245246797800064 0.017179518938064575
v -0.04024379700422287 -0.04731294885277748 0.01690536178648472
v -0.044380173087120056 -0.044245246797800064 0.017179518938064575
v -0.04414309561252594 -0.04716110602021217 0.018488876521587372
v -0.04802337661385536 -0.04015502706170082 0.01870223507285118
v -0.044380173087120056 -0.044245246797800064 0.017179518938064575
v -0.04444097727537155 -0.04114193096756935 0.01611666940152645
v -0.04444097727537155 -0.04114193096756935 0.01611666940152645
v -0.044380173087120056 -0.044245246797800064 0.017179518938064575
v -0.04047226905822754 -0.04452643170952797 0.015680504962801933
v -0.04444097727537155 -0.04114193096756935 0.01611666940152645
v -0.04047226905822754 -0.04452643170952797 0.015680504962801933
v -0.040520600974559784 -0.041541848331689835 0.014725136570632458
v -0.040520600974559784 -0.041541848331689835 0.014725136570632458
v -0.04047226905822754 -0.04452643170952797 0.015680504962801933
v -0.036295004189014435 -0.045336876064538956 0.015587481670081615
v -0.040520600974559784 -0.041541848331689835 0.014725136570632458
v -0.036295004189014435 -0.045336876064538956 0.015587481670081615
v -0.036294933408498764 -0.042393092066049576 0.014573193155229092
v -0.04414309561252594 -0.04716110602021217 0.018488876521587372
v -0.044380173087120056 -0.044245246797800064 0.017179518938064575
v -0.0477440319955349 -0.046273890882730484 0.02120581641793251
v -0.0477440319955349 -0.046273890882730484 0.02120581641793251
v -0.044380173087120056 -0.044245246797800064 0.017179518938064575
v -0.04802337661385536 -0.04015502706170082 0.01870223507285118
v -0.0477440319955349 -0.046273890882730484 0.02120581641793251
v -0.04802337661385536 -0.04015502706170082 0.01870223507285118
v -0.05081624537706375 -0.04469320550560951 0.0249459370970726
v -0.05081624537706375 -0.04469320550560951 0.0249459370970726
v -0.04802337661385536 -0.04015502706170082 0.01870223507285118
v -0.051016777753829956 -0.03861067071557045 0.022394616156816483
v -0.05081624537706375 -0.04469320550560951 0.0249459370970726
v -0.051016777753829956 -0.03861067071557045 0.022394616156816483
v -0.052058879286050797 -0.0437186099588871 0.02709577977657318
v -0.052058879286050797 -0.0437186099588871 0.02709577977657318
v -0.051016777753829956 -0.03861067071557045 0.022394616156816483
v -0.05310863256454468 -0.03669608011841774 0.026858747005462646
v -0.052058879286050797 -0.0437186099588871 0.02709577977657318
v -0.05310863256454468 -0.03669608011841774 0.026858747005462646
v -0.05306316539645195 -0.04267686977982521 0.02935955673456192
v -0.03629447892308235 -0.041340772062540054 0.014290534891188145
v -0.03631172329187393 -0.03702983632683754 0.013449047692120075
v -0.040520600974559784 -0.041541848331689835 0.014725136570632458
v -0.040520600974559784 -0.041541848331689835 0.014725136570632458
v -0.03631172329187393 -0.03702983632683754 0.013449047692120075
v -0.0401783287525177 -0.03535423055291176 0.013486665673553944
v -0.040520600974559784 -0.041541848331689835 0.014725136570632458
v -0.0401783287525177 -0.03535423055291176 0.013486665673553944
v -0.04444097727537155 -0.04114193096756935 0.01611666940152645
v -0.04444097727537155 -0.04114193096756935 0.01611666940152645
v -0.0401783287525177 -0.03535423055291176 0.013486665673553944
v -0.04410869628190994 -0.03475988283753395 0.01457855012267828
v -0.04444097727537155 -0.04114193096756935 0.01611666940152645
v -0.04410869628190994 -0.03475988283753395 0.01457855012267828
v -0.04802337661385536 -0.04015502706170082 0.01870223507285118
v -0.04802337661385536 -0.04015502706170082 0.01870223507285118
v -0.04410869628190994 -0.03475988283753395 0.01457855012267828
v -0.0476703941822052 -0.033757034689188004 0.016818441450595856
v -0.04802337661385536 -0.04015502706170082 0.01870223507285118
v -0.0476703941822052 -0.033757034689188004 0.016818441450595856
v -0.051016777753829956 -0.03861067071557045 0.022394616156816483
v -0.04600080847740173 -0.053825829178094864 0.02652619406580925
v -0.04683252424001694 -0.055389318615198135 0.03024253249168396
v -0.04508882761001587 -0.05581576004624367 0.028682511299848557
v -0.04508882761001587 -0.05581576004624367 0.028682511299848557
v -0.04683252424001694 -0.055389318615198135 0.03024253249168396
v -0.04466600343585014 -0.058853957802057266 0.03480314463376999
v -0.04307280108332634 -0.062098804861307144 0.0424860455095768
v -0.04022211208939552 -0.06272348761558533 0.04269520938396454
v -0.04202653467655182 -0.06147465482354164 0.03970232233405113
v -0.04202653467655182 -0.06147465482354164 0.03970232233405113
v -0.04022211208939552 -0.06272348761558533 0.04269520938396454
v -0.04010467976331711 -0.06141418591141701 0.038436923176050186
v -0.04202653467655182 -0.06147465482354164 0.03970232233405113
v -0.04010467976331711 -0.06141418591141701 0.038436923176050186
v -0.04283589497208595 -0.05904105678200722 0.03340071812272072
v -0.04283589497208595 -0.05904105678200722 0.03340071812272072
v -0.04010467976331711 -0.06141418591141701 0.038436923176050186
v -0.040940940380096436 -0.059065643697977066 0.03215919807553291
v -0.04283589497208595 -0.05904105678200722 0.03340071812272072
v -0.040940940380096436 -0.059065643697977066 0.03215919807553291
v -0.0432676263153553 -0.05605122819542885 0.027321085333824158
v -0.0432676263153553 -0.05605122819542885 0.027321085333824158
v -0.040940940380096436 -0.059065643697977066 0.03215919807553291
v -0.04137682914733887 -0.05610019341111183 0.026163063943386078
v -0.0432676263153553 -0.05605122819542885 0.027321085333824158
v -0.04137682914733887 -0.05610019341111183 0.026163063943386078
v -0.042336590588092804 -0.054296258836984634 0.023919105529785156
v -0.04733721539378166 -0.04904556646943092 0.022769205272197723
v -0.05047421529889107 -0.0475257970392704 0.0264560729265213
v -0.046753715723752975 -0.05156857147812843 0.024547133594751358
v -0.046753715723752975 -0.05156857147812843 0.024547133594751358
v -0.05047421529889107 -0.0475257970392704 0.0264560729265213
v -0.04996749013662338 -0.05016595497727394 0.028136394917964935
v -0.046753715723752975 -0.05156857147812843 0.024547133594751358
v -0.04996749013662338 -0.05016595497727394 0.028136394917964935
v -0.04600080847740173 -0.053825829178094864 0.02652619406580925
v -0.04600080847740173 -0.053825829178094864 0.02652619406580925
v -0.04996749013662338 -0.05016595497727394 0.028136394917964935
v -0.04930036887526512 -0.052590493112802505 0.02998233586549759
v -0.04600080847740173 -0.053825829178094864 0.02652619406580925
v -0.04930036887526512 -0.052590493112802505 0.02998233586549759
v -0.04683252424001694 -0.055389318615198135 0.03024253249168396
v -0.04683252424001694 -0.055389318615198135 0.03024253249168396
v -0.04930036887526512 -0.052590493112802505 0.02998233586549759
v -0.04848052188754082 -0.054787907749414444 0.0319807231426239
v -0.04683252424001694 -0.055389318615198135 0.03024253249168396
v -0.04848052188754082 -0.054787907749414444 0.0319807231426239
v -0.04466600343585014 -0.058853957802057266 0.03480314463376999
v -0.04466600343585014 -0.058853957802057266 0.03480314463376999
v -0.04848052188754082 -0.054787907749414444 0.0319807231426239
v -0.04751729965209961 -0.05675697699189186 0.03411254659295082
v -0.04466600343585014 -0.058853957802057266 0.03480314463376999
v -0.04751729965209961 -0.05675697699189186 0.03411254659295082
v -0.0464208647608757 -0.05850518122315407 0.036355625838041306
v -0.0398232564330101 -0.04984349384903908 0.018406782299280167
v -0.04372416064143181 -0.0498262383043766 0.020055420696735382
v -0.039205484092235565 -0.052088622003793716 0.020176701247692108
v -0.039205484092235565 -0.052088622003793716 0.020176701247692108
v -0.04372416064143181 -0.0498262383043766 0.020055420696735382
v -0.043121304363012314 -0.05220768228173256 0.021872486919164658
v -0.039205484092235565 -0.052088622003793716 0.020176701247692108
v -0.043121304363012314 -0.05220768228173256 0.021872486919164658
v -0.03839235380291939 -0.05404180660843849 0.022193748503923416
v -0.03839235380291939 -0.05404180660843849 0.022193748503923416
v -0.043121304363012314 -0.05220768228173256 0.021872486919164658
v -0.042336590588092804 -0.054296258836984634 0.023919105529785156
v -0.03839235380291939 -0.05404180660843849 0.022193748503923416
v -0.042336590588092804 -0.054296258836984634 0.023919105529785156
v -0.03739310801029205 -0.05571380630135536 0.024425078183412552
v -0.03739310801029205 -0.05571380630135536 0.024425078183412552
v -0.042336590588092804 -0.054296258836984634 0.023919105529785156
v -0.04137682914733887 -0.05610019341111183 0.026163063943386078
v -0.03739310801029205 -0.05571380630135536 0.024425078183412552
v -0.04137682914733887 -0.05610019341111183 0.026163063943386078
v -0.03629260137677193 -0.05685291066765785 0.026314079761505127
v -0.03629260137677193 -0.05685291066765785 0.026314079761505127
v -0.04137682914733887 -0.05610019341111183 0.026163063943386078
v -0.03629437834024429 -0.05813941732048988 0.02890148013830185
v -0.04372416064143181 -0.0498262383043766 0.020055420696735382
v -0.04733721539378166 -0.04904556646943092 0.022769205272197723
v -0.043121304363012314 -0.05220768228173256 0.021872486919164658
v -0.043121304363012314 -0.05220768228173256 0.021872486919164658
v -0.04733721539378166 -0.04904556646943092 0.022769205272197723
v -0.046753715723752975 -0.05156857147812843 0.024547133594751358
v -0.043121304363012314 -0.05220768228173256 0.021872486919164658
v -0.046753715723752975 -0.05156857147812843 0.024547133594751358
v -0.042336590588092804 -0.054296258836984634 0.023919105529785156
v -0.042336590588092804 -0.054296258836984634 0.023919105529785156
v -0.046753715723752975 -0.05156857147812843 0.024547133594751358
v -0.04600080847740173 -0.053825829178094864 0.02652619406580925
v -0.042336590588092804 -0.054296258836984634 0.023919105529785156
v -0.04600080847740173 -0.053825829178094864 0.02652619406580925
v -0.0432676263153553 -0.05605122819542885 0.027321085333824158
v -0.0432676263153553 -0.05605122819542885 0.027321085333824158
v -0.04600080847740173 -0.053825829178094864 0.02652619406580925
v -0.04508882761001587 -0.05581576004624367 0.028682511299848557
v -0.0432676263153553 -0.05605122819542885 0.027321085333824158
v -0.04508882761001587 -0.05581576004624367 0.028682511299848557
v -0.04283589497208595 -0.05904105678200722 0.03340071812272072
v -0.04283589497208595 -0.05904105678200722 0.03340071812272072
v -0.04508882761001587 -0.05581576004624367 0.028682511299848557
v -0.04466600343585014 -0.058853957802057266 0.03480314463376999
v -0.04283589497208595 -0.05904105678200722 0.03340071812272072
v -0.04466600343585014 -0.058853957802057266 0.03480314463376999
v -0.04202653467655182 -0.06147465482354164 0.03970232233405113
v -0.04202653467655182 -0.06147465482354164 0.03970232233405113
v -0.04466600343585014 -0.058853957802057266 0.03480314463376999
v -0.0464208647608757 -0.05850518122315407 0.036355625838041306
v -0.04202653467655182 -0.06147465482354164 0.03970232233405113
v -0.0464208647608757 -0.05850518122315407 0.036355625838041306
v -0.04520266503095627 -0.06004664674401283 0.03868703544139862
v -0.04714501276612282 -0.0273516196757555 0.015444359742105007
v -0.04896719008684158 -0.02662387676537037 0.01711376942694187
v -0.0476703941822052 -0.033757034689188004 0.016818441450595856
v -0.0476703941822052 -0.033757034689188004 0.016818441450595856
v -0.04896719008684158 -0.02662387676537037 0.01711376942694187
v -0.05066704377532005 -0.03235066309571266 0.020261794328689575
v -0.0476703941822052 -0.033757034689188004 0.016818441450595856
v -0.05066704377532005 -0.03235066309571266 0.020261794328689575
v -0.051016777753829956 -0.03861067071557045 0.022394616156816483
v -0.051016777753829956 -0.03861067071557045 0.022394616156816483
v -0.05066704377532005 -0.03235066309571266 0.020261794328689575
v -0.052791718393564224 -0.03064301796257496 0.024606242775917053
v -0.051016777753829956 -0.03861067071557045 0.022394616156816483
v -0.052791718393564224 -0.03064301796257496 0.024606242775917053
v -0.05310863256454468 -0.03669608011841774 0.026858747005462646
v -0.05310863256454468 -0.03669608011841774 0.026858747005462646
v -0.052791718393564224 -0.03064301796257496 0.024606242775917053
v -0.054235897958278656 -0.03462893143296242 0.03171170875430107
v -0.05310863256454468 -0.03669608011841774 0.026858747005462646
v -0.054235897958278656 -0.03462893143296242 0.03171170875430107
v -0.05306316539645195 -0.04267686977982521 0.02935955673456192
v -0.05306316539645195 -0.04267686977982521 0.02935955673456192
v -0.054235897958278656 -0.03462893143296242 0.03171170875430107
v -0.05438176169991493 -0.040500614792108536 0.03408469632267952
v -0.05306316539645195 -0.04267686977982521 0.02935955673456192
v -0.05438176169991493 -0.040500614792108536 0.03408469632267952
v -0.05250345170497894 -0.0482671894133091 0.03232530876994133
v -0.05250345170497894 -0.0482671894133091 0.03232530876994133
v -0.05438176169991493 -0.040500614792108536 0.03408469632267952
v -0.05421091616153717 -0.04615641012787819 0.036791179329156876
v -0.05250345170497894 -0.0482671894133091 0.03232530876994133
v -0.05421091616153717 -0.04615641012787819 0.036791179329156876
v -0.05200463533401489 -0.05083385482430458 0.03400778770446777
v -0.05200463533401489 -0.05083385482430458 0.03400778770446777
v -0.05421091616153717 -0.04615641012787819 0.036791179329156876
v -0.05394386127591133 -0.04882330074906349 0.03830716386437416
v -0.05200463533401489 -0.05083385482430458 0.03400778770446777
v -0.05394386127591133 -0.04882330074906349 0.03830716386437416
v -0.05135469511151314 -0.05321813002228737 0.035820480436086655
v -0.05135469511151314 -0.05321813002228737 0.035820480436086655
v -0.05394386127591133 -0.04882330074906349 0.03830716386437416
v -0.05352819338440895 -0.05134481564164162 0.039939213544130325
v -0.05135469511151314 -0.05321813002228737 0.035820480436086655
v -0.05352819338440895 -0.05134481564164162 0.039939213544130325
v -0.05055345967411995 -0.05540749803185463 0.03775474429130554
v -0.05055345967411995 -0.05540749803185463 0.03775474429130554
v -0.05352819338440895 -0.05134481564164162 0.039939213544130325
v -0.05294906720519066 -0.05370030179619789 0.04168756306171417
v -0.05055345967411995 -0.05540749803185463 0.03775474429130554
v -0.05294906720519066 -0.05370030179619789 0.04168756306171417
v -0.049603451043367386 -0.05739787593483925 0.039799053221940994
v -0.049603451043367386 -0.05739787593483925 0.039799053221940994
v -0.05294906720519066 -0.05370030179619789 0.04168756306171417
v -0.05219823122024536 -0.055877868086099625 0.043549325317144394
v -0.05461975932121277 -0.03657609596848488 0.03503457084298134
v -0.05481201782822609 -0.03872767463326454 0.036946430802345276
v -0.05438176169991493 -0.040500614792108536 0.03408469632267952
v -0.05438176169991493 -0.040500614792108536 0.03408469632267952
v -0.05481201782822609 -0.03872767463326454 0.036946430802345276
v -0.055012546479701996 -0.040394458919763565 0.03898086026310921
v -0.05438176169991493 -0.040500614792108536 0.03408469632267952
v -0.055012546479701996 -0.040394458919763565 0.03898086026310921
v -0.05421091616153717 -0.04615641012787819 0.036791179329156876
v -0.05421091616153717 -0.04615641012787819 0.036791179329156876
v -0.055012546479701996 -0.040394458919763565 0.03898086026310921
v -0.05519017577171326 -0.04396325722336769 0.04138617962598801
v -0.05421091616153717 -0.04615641012787819 0.036791179329156876
v -0.05519017577171326 -0.04396325722336769 0.04138617962598801
v -0.05394386127591133 -0.04882330074906349 0.03830716386437416
v -0.05394386127591133 -0.04882330074906349 0.03830716386437416
v -0.05519017577171326 -0.04396325722336769 0.04138617962598801
v -0.05498644337058067 -0.049300823360681534 0.044218018651008606
v -0.05394386127591133 -0.04882330074906349 0.03830716386437416
v -0.05498644337058067 -0.049300823360681534 0.044218018651008606
v -0.05352819338440895 -0.05134481564164162 0.039939213544130325
v -0.05352819338440895 -0.05134481564164162 0.039939213544130325
v -0.05498644337058067 -0.049300823360681534 0.044218018651008606
v -0.05448734015226364 -0.0518932081758976 0.04512719064950943
v -0.05352819338440895 -0.05134481564164162 0.039939213544130325
v -0.05448734015226364 -0.0518932081758976 0.04512719064950943
v -0.05294906720519066 -0.05370030179619789 0.04168756306171417
v -0.05294906720519066 -0.05370030179619789 0.04168756306171417
v -0.05448734015226364 -0.0518932081758976 0.04512719064950943
v -0.05310552939772606 -0.05463365092873573 0.04412296786904335
v -0.05294906720519066 -0.05370030179619789 0.04168756306171417
v -0.05310552939772606 -0.05463365092873573 0.04412296786904335
v -0.05219823122024536 -0.055877868086099625 0.043549325317144394
v -0.05219823122024536 -0.055877868086099625 0.043549325317144394
v -0.05310552939772606 -0.05463365092873573 0.04412296786904335
v -0.051205605268478394 -0.05711070075631142 0.043322160840034485
v -0.05219823122024536 -0.055877868086099625 0.043549325317144394
v -0.051205605268478394 -0.05711070075631142 0.043322160840034485
v -0.049603451043367386 -0.05739787593483925 0.039799053221940994
v -0.049603451043367386 -0.05739787593483925 0.039799053221940994
v -0.051205605268478394 -0.05711070075631142 0.043322160840034485
v -0.04851114749908447 -0.059193018823862076 0.0419405922293663
v -0.0489669106900692 -0.059139762073755264 0.04278987646102905
v -0.046494755893945694 -0.06071576848626137 0.042508117854595184
v -0.04851114749908447 -0.059193018823862076 0.0419405922293663
v -0.04851114749908447 -0.059193018823862076 0.0419405922293663
v -0.046494755893945694 -0.06071576848626137 0.042508117854595184
v -0.04520266503095627 -0.06004664674401283 0.03868703544139862
v -0.04851114749908447 -0.059193018823862076 0.0419405922293663
v -0.04520266503095627 -0.06004664674401283 0.03868703544139862
v -0.049603451043367386 -0.05739787593483925 0.039799053221940994
v -0.049603451043367386 -0.05739787593483925 0.039799053221940994
v -0.04520266503095627 -0.06004664674401283 0.03868703544139862
v -0.0464208647608757 -0.05850518122315407 0.036355625838041306
v -0.049603451043367386 -0.05739787593483925 0.039799053221940994
v -0.0464208647608757 -0.05850518122315407 0.036355625838041306
v -0.05055345967411995 -0.05540749803185463 0.03775474429130554
v -0.05055345967411995 -0.05540749803185463 0.03775474429130554
v -0.0464208647608757 -0.05850518122315407 0.036355625838041306
v -0.04751729965209961 -0.05675697699189186 0.03411254659295082
v -0.05055345967411995 -0.05540749803185463 0.03775474429130554
v -0.04751729965209961 -0.05675697699189186 0.03411254659295082
v -0.05135469511151314 -0.05321813002228737 0.035820480436086655
v -0.05135469511151314 -0.05321813002228737 0.035820480436086655
v -0.04751729965209961 -0.05675697699189186 0.03411254659295082
v -0.04848052188754082 -0.054787907749414444 0.0319807231426239
v -0.05135469511151314 -0.05321813002228737 0.035820480436086655
v -0.04848052188754082 -0.054787907749414444 0.0319807231426239
v -0.05200463533401489 -0.05083385482430458 0.03400778770446777
v -0.05200463533401489 -0.05083385482430458 0.03400778770446777
v -0.04848052188754082 -0.054787907749414444 0.0319807231426239
v -0.04930036887526512 -0.052590493112802505 0.02998233586549759
v -0.05200463533401489 -0.05083385482430458 0.03400778770446777
v -0.04930036887526512 -0.052590493112802505 0.02998233586549759
v -0.05133691802620888 -0.049256447702646255 0.030181296169757843
v -0.05133691802620888 -0.049256447702646255 0.030181296169757843
v -0.04930036887526512 -0.052590493112802505 0.02998233586549759
v -0.04996749013662338 -0.05016595497727394 0.028136394917964935
v -0.05133691802620888 -0.049256447702646255 0.030181296169757843
v -0.04996749013662338 -0.05016595497727394 0.028136394917964935
v -0.052058879286050797 -0.0437186099588871 0.02709577977657318
v -0.052058879286050797 -0.0437186099588871 0.02709577977657318
v -0.04996749013662338 -0.05016595497727394 0.028136394917964935
v -0.05047421529889107 -0.0475257970392704 0.0264560729265213
v -0.052058879286050797 -0.0437186099588871 0.02709577977657318
v -0.05047421529889107 -0.0475257970392704 0.0264560729265213
v -0.05081624537706375 -0.04469320550560951 0.0249459370970726
v -0.05081624537706375 -0.04469320550560951 0.0249459370970726
v -0.05047421529889107 -0.0475257970392704 0.0264560729265213
v -0.04733721539378166 -0.04904556646943092 0.022769205272197723
v -0.05081624537706375 -0.04469320550560951 0.0249459370970726
v -0.04733721539378166 -0.04904556646943092 0.022769205272197723
v -0.0477440319955349 -0.046273890882730484 0.02120581641793251
v -0.0477440319955349 -0.046273890882730484 0.02120581641793251
v -0.04733721539378166 -0.04904556646943092 0.022769205272197723
v -0.04372416064143181 -0.0498262383043766 0.020055420696735382
v -0.0477440319955349 -0.046273890882730484 0.02120581641793251
v -0.04372416064143181 -0.0498262383043766 0.020055420696735382
v -0.04414309561252594 -0.04716110602021217 0.018488876521587372
v -0.04414309561252594 -0.04716110602021217 0.018488876521587372
v -0.04372416064143181 -0.0498262383043766 0.020055420696735382
v -0.0398232564330101 -0.04984349384903908 0.018406782299280167
v -0.04414309561252594 -0.04716110602021217 0.018488876521587372
v -0.0398232564330101 -0.04984349384903908 0.018406782299280167
v -0.04024379700422287 -0.04731294885277748 0.01690536178648472
v -0.04024379700422287 -0.04731294885277748 0.01690536178648472
v -0.0398232564330101 -0.04984349384903908 0.018406782299280167
v -0.036294061690568924 -0.04854810610413551 0.017196830362081528
v -0.04024379700422287 -0.04731294885277748 0.01690536178648472
v -0.036294061690568924 -0.04854810610413551 0.017196830362081528
v -0.03629467636346817 -0.04692373052239418 0.01630423590540886
v 0.042751070111989975 -0.060730669647455215 0.04221086949110031
v 0.041896753013134 -0.06112563982605934 0.04219530150294304
v 0.04229465126991272 -0.062048617750406265 0.04548656567931175
v 0.03756540268659592 -0.06346312165260315 0.04564869776368141
v 0.032083578407764435 -0.06476816534996033 0.04886065423488617
v 0.03558795526623726 -0.06465736031532288 0.04884515702724457
v 0.032081086188554764 -0.063078373670578 0.043173037469387054
v 0.032083578407764435 -0.06476816534996033 0.04886065423488617
v 0.036502204835414886 -0.06266263127326965 0.04254350811243057
v 0.036502204835414886 -0.06266263127326965 0.04254350811243057
v 0.032083578407764435 -0.06476816534996033 0.04886065423488617
v 0.03756540268659592 -0.06346312165260315 0.04564869776368141
v 0.036502204835414886 -0.06266263127326965 0.04254350811243057
v 0.03756540268659592 -0.06346312165260315 0.04564869776368141
v 0.03979213908314705 -0.06190607324242592 0.04224877059459686
v 0.03979213908314705 -0.06190607324242592 0.04224877059459686
v 0.03756540268659592 -0.06346312165260315 0.04564869776368141
v 0.04229465126991272 -0.062048617750406265 0.04548656567931175
v 0.03979213908314705 -0.06190607324242592 0.04224877059459686
v 0.04229465126991272 -0.062048617750406265 0.04548656567931175
v 0.04100654646754265 -0.06148755922913551 0.04220283776521683
v 0.04100654646754265 -0.06148755922913551 0.04220283776521683
v 0.04229465126991272 -0.062048617750406265 0.04548656567931175
v 0.041896753013134 -0.06112563982605934 0.04219530150294304
v 0.050119925290346146 -0.0557597316801548 0.04628680273890495
v 0.047915320843458176 -0.0570586659014225 0.042923178523778915
v 0.04668545350432396 -0.05939510837197304 0.04569815471768379
v 0.04668545350432396 -0.05939510837197304 0.04569815471768379
v 0.047915320843458176 -0.0570586659014225 0.042923178523778915
v 0.04558145999908447 -0.05903467908501625 0.042449187487363815
v 0.04668545350432396 -0.05939510837197304 0.04569815471768379
v 0.04558145999908447 -0.05903467908501625 0.042449187487363815
v 0.042751070111989975 -0.060730669647455215 0.04221086949110031
v 0.05309625715017319 -0.04837939515709877 0.04597552865743637
v 0.051798563450574875 -0.05160892382264137 0.04472443833947182
v 0.05249551311135292 -0.05138242617249489 0.04719597473740578
v 0.05249551311135292 -0.05138242617249489 0.04719597473740578
v 0.051798563450574875 -0.05160892382264137 0.04472443833947182
v 0.05004121735692024 -0.05456066504120827 0.043684616684913635
v 0.05249551311135292 -0.05138242617249489 0.04719597473740578
v 0.05004121735692024 -0.05456066504120827 0.043684616684913635
v 0.050119925290346146 -0.0557597316801548 0.04628680273890495
v 0.050119925290346146 -0.0557597316801548 0.04628680273890495
v 0.05004121735692024 -0.05456066504120827 0.043684616684913635
v 0.04973023757338524 -0.05498305335640907 0.04354666918516159
v 0.050119925290346146 -0.0557597316801548 0.04628680273890495
v 0.04973023757338524 -0.05498305335640907 0.04354666918516159
v 0.047915320843458176 -0.0570586659014225 0.042923178523778915
v 0.05383056402206421 -0.04574728384613991 0.04706191271543503
v 0.05309625715017319 -0.04837939515709877 0.04597552865743637
v 0.053147975355386734 -0.04932192340493202 0.04733065515756607
v 0.053147975355386734 -0.04932192340493202 0.04733065515756607
v 0.05309625715017319 -0.04837939515709877 0.04597552865743637
v 0.05249551311135292 -0.05138242617249489 0.04719597473740578
v 0.053147975355386734 -0.04932192340493202 0.04733065515756607
v 0.05249551311135292 -0.05138242617249489 0.04719597473740578
v 0.05212591215968132 -0.052619341760873795 0.047604549676179886
v 0.05212591215968132 -0.052619341760873795 0.047604549676179886
v 0.05249551311135292 -0.05138242617249489 0.04719597473740578
v 0.050119925290346146 -0.0557597316801548 0.04628680273890495
v 0.05212591215968132 -0.052619341760873795 0.047604549676179886
v 0.050119925290346146 -0.0557597316801548 0.04628680273890495
v 0.05067272484302521 -0.05564067140221596 0.04787883162498474
v 0.05067272484302521 -0.05564067140221596 0.04787883162498474
v 0.050119925290346146 -0.0557597316801548 0.04628680273890495
v 0.048853956162929535 -0.058208320289850235 0.0481305755674839
v 0.048853956162929535 -0.058208320289850235 0.0481305755674839
v 0.050119925290346146 -0.0557597316801548 0.04628680273890495
v 0.04668545350432396 -0.05939510837197304 0.04569815471768379
v 0.048853956162929535 -0.058208320289850235 0.0481305755674839
v 0.04668545350432396 -0.05939510837197304 0.04569815471768379
v 0.04678510129451752 -0.0602729357779026 0.04834611341357231
v 0.042751070111989975 -0.060730669647455215 0.04221086949110031
v 0.04229465126991272 -0.062048617750406265 0.04548656567931175
v 0.04668545350432396 -0.05939510837197304 0.04569815471768379
v 0.04668545350432396 -0.05939510837197304 0.04569815471768379
v 0.04229465126991272 -0.062048617750406265 0.04548656567931175
v 0.044184666126966476 -0.062097255140542984 0.04854661598801613
v 0.04668545350432396 -0.05939510837197304 0.04569815471768379
v 0.044184666126966476 -0.062097255140542984 0.04854661598801613
v 0.04678510129451752 -0.0602729357779026 0.04834611341357231
v 0.03558795526623726 -0.06465736031532288 0.04884515702724457
v 0.03835158050060272 -0.064278244972229 0.048799093812704086
v 0.03756540268659592 -0.06346312165260315 0.04564869776368141
v 0.03756540268659592 -0.06346312165260315 0.04564869776368141
v 0.03835158050060272 -0.064278244972229 0.048799093812704086
v 0.041565634310245514 -0.06334856152534485 0.048689667135477066
v 0.03756540268659592 -0.06346312165260315 0.04564869776368141
v 0.041565634310245514 -0.06334856152534485 0.048689667135477066
v 0.04229465126991272 -0.062048617750406265 0.04548656567931175
v 0.04229465126991272 -0.062048617750406265 0.04548656567931175
v 0.041565634310245514 -0.06334856152534485 0.048689667135477066
v 0.04263359680771828 -0.06289848685264587 0.04863768815994263
v 0.04229465126991272 -0.062048617750406265 0.04548656567931175
v 0.04263359680771828 -0.06289848685264587 0.04863768815994263
v 0.044184666126966476 -0.062097255140542984 0.04854661598801613
v -0.036291275173425674 -0.06307858228683472 0.04317287355661392
v -0.03629324585199356 -0.06476834416389465 0.04886073246598244
v -0.0021050514187663794 -0.06307852268218994 0.04317446053028107
v -0.0021050514187663794 -0.06307852268218994 0.04317446053028107
v -0.03629324585199356 -0.06476834416389465 0.04886073246598244
v 0.0032469239085912704 -0.06477189064025879 0.048873525112867355
v -0.0021050514187663794 -0.06307852268218994 0.04317446053028107
v 0.0032469239085912704 -0.06477189064025879 0.048873525112867355
v 0.032081086188554764 -0.063078373670578 0.043173037469387054
v 0.032081086188554764 -0.063078373670578 0.043173037469387054
v 0.0032469239085912704 -0.06477189064025879 0.048873525112867355
v 0.032083578407764435 -0.06476816534996033 0.04886065423488617
v 0.0529344342648983 -0.03974968567490578 0.03776384890079498
v 0.05315852537751198 -0.041878823190927505 0.04041224345564842
v 0.05375131964683533 -0.03536016121506691 0.03914053365588188
v 0.05348801240324974 -0.04365858808159828 0.04349234700202942
v 0.05391237884759903 -0.04517281427979469 0.04702134057879448
v 0.055451951920986176 -0.03212294355034828 0.046273622661828995
v 0.05348801240324974 -0.04365858808159828 0.04349234700202942
v 0.055451951920986176 -0.03212294355034828 0.046273622661828995
v 0.05315852537751198 -0.041878823190927505 0.04041224345564842
v 0.0529344342648983 -0.03974968567490578 0.03776384890079498
v 0.05375131964683533 -0.03536016121506691 0.03914053365588188
v 0.05282517522573471 -0.037280116230249405 0.035607803612947464
v 0.05477241426706314 -0.024969251826405525 0.039023637771606445
v 0.05292220786213875 -0.03142756596207619 0.03276171162724495
v 0.05375131964683533 -0.03536016121506691 0.03914053365588188
v 0.05375131964683533 -0.03536016121506691 0.03914053365588188
v 0.05292220786213875 -0.03142756596207619 0.03276171162724495
v 0.052824605256319046 -0.034552548080682755 0.03397667035460472
v 0.05375131964683533 -0.03536016121506691 0.03914053365588188
v 0.052824605256319046 -0.034552548080682755 0.03397667035460472
v 0.05282517522573471 -0.037280116230249405 0.035607803612947464
v 0.05574154108762741 0.005653259810060263 0.038912177085876465
v 0.054051581770181656 -0.010636451654136181 0.03114110603928566
v 0.05575501546263695 -0.004678430501371622 0.038910895586013794
v 0.05575501546263695 -0.004678430501371622 0.038910895586013794
v 0.054051581770181656 -0.010636451654136181 0.03114110603928566
v 0.05346790328621864 -0.022374214604496956 0.0314544253051281
v 0.05575501546263695 -0.004678430501371622 0.038910895586013794
v 0.05346790328621864 -0.022374214604496956 0.0314544253051281
v 0.05477241426706314 -0.024969251826405525 0.039023637771606445
v 0.05477241426706314 -0.024969251826405525 0.039023637771606445
v 0.05346790328621864 -0.022374214604496956 0.0314544253051281
v 0.053152766078710556 -0.02717706747353077 0.03185519203543663
v 0.05477241426706314 -0.024969251826405525 0.039023637771606445
v 0.053152766078710556 -0.02717706747353077 0.03185519203543663
v 0.05292220786213875 -0.03142756596207619 0.03276171162724495
v 0.05538170784711838 0.01597881130874157 0.0389530211687088
v 0.053943559527397156 0.013754245825111866 0.031196746975183487
v 0.05574154108762741 0.005653259810060263 0.038912177085876465
v 0.05574154108762741 0.005653259810060263 0.038912177085876465
v 0.053943559527397156 0.013754245825111866 0.031196746975183487
v 0.054222989827394485 0.0011010741582140326 0.031052768230438232
v 0.05574154108762741 0.005653259810060263 0.038912177085876465
v 0.054222989827394485 0.0011010741582140326 0.031052768230438232
v 0.054051581770181656 -0.010636451654136181 0.03114110603928566
v 0.05315321683883667 0.0273438673466444 0.031855322420597076
v 0.05351502075791359 0.021828798577189445 0.03142550215125084
v 0.05538170784711838 0.01597881130874157 0.0389530211687088
v 0.05538170784711838 0.01597881130874157 0.0389530211687088
v 0.05351502075791359 0.021828798577189445 0.03142550215125084
v 0.05384473130106926 0.015979496762156487 0.031248290091753006
v 0.05538170784711838 0.01597881130874157 0.0389530211687088
v 0.05384473130106926 0.015979496762156487 0.031248290091753006
v 0.053943559527397156 0.013754245825111866 0.031196746975183487
v 0.05365906283259392 0.036324601620435715 0.03914928063750267
v 0.053147315979003906 0.0419723205268383 0.0403050035238266
v 0.052929967641830444 0.039847638458013535 0.03769185394048691
v 0.052929967641830444 0.039847638458013535 0.03769185394048691
v 0.052824459969997406 0.03734765574336052 0.03553581237792969
v 0.05365906283259392 0.036324601620435715 0.03914928063750267
v 0.05365906283259392 0.036324601620435715 0.03914928063750267
v 0.052824459969997406 0.03734765574336052 0.03553581237792969
v 0.052825793623924255 0.0346108041703701 0.0339241661131382
v 0.05365906283259392 0.036324601620435715 0.03914928063750267
v 0.052825793623924255 0.0346108041703701 0.0339241661131382
v 0.05538170784711838 0.01597881130874157 0.0389530211687088
v 0.05538170784711838 0.01597881130874157 0.0389530211687088
v 0.052825793623924255 0.0346108041703701 0.0339241661131382
v 0.052926935255527496 0.03148209676146507 0.032730601727962494
v 0.05538170784711838 0.01597881130874157 0.0389530211687088
v 0.052926935255527496 0.03148209676146507 0.032730601727962494
v 0.05315321683883667 0.0273438673466444 0.031855322420597076
v 0.05541648715734482 0.03265627846121788 0.04629039391875267
v 0.05391295254230499 0.045339908450841904 0.04702147841453552
v 0.053473666310310364 0.04376238211989403 0.043365441262722015
v 0.05575501546263695 -0.004678430501371622 0.038910895586013794
v 0.056951723992824554 0.007926789112389088 0.045629870146512985
v 0.05574154108762741 0.005653259810060263 0.038912177085876465
v 0.05574154108762741 0.005653259810060263 0.038912177085876465
v 0.056951723992824554 0.007926789112389088 0.045629870146512985
v 0.05644317343831062 0.019864140078425407 0.04583605006337166
v 0.05574154108762741 0.005653259810060263 0.038912177085876465
v 0.05644317343831062 0.019864140078425407 0.04583605006337166
v 0.05538170784711838 0.01597881130874157 0.0389530211687088
v 0.05538170784711838 0.01597881130874157 0.0389530211687088
v 0.05644317343831062 0.019864140078425407 0.04583605006337166
v 0.05541648715734482 0.03265627846121788 0.04629039391875267
v 0.05538170784711838 0.01597881130874157 0.0389530211687088
v 0.05541648715734482 0.03265627846121788 0.04629039391875267
v 0.05365906283259392 0.036324601620435715 0.03914928063750267
v 0.05365906283259392 0.036324601620435715 0.03914928063750267
v 0.05541648715734482 0.03265627846121788 0.04629039391875267
v 0.053473666310310364 0.04376238211989403 0.043365441262722015
v 0.05365906283259392 0.036324601620435715 0.03914928063750267
v 0.053473666310310364 0.04376238211989403 0.043365441262722015
v 0.053147315979003906 0.0419723205268383 0.0403050035238266
v 0.05315852537751198 -0.041878823190927505 0.04041224345564842
v 0.055451951920986176 -0.03212294355034828 0.046273622661828995
v 0.05375131964683533 -0.03536016121506691 0.03914053365588188
v 0.05375131964683533 -0.03536016121506691 0.03914053365588188
v 0.055451951920986176 -0.03212294355034828 0.046273622661828995
v 0.05645962432026863 -0.01941707916557789 0.045828938484191895
v 0.05375131964683533 -0.03536016121506691 0.03914053365588188
v 0.05645962432026863 -0.01941707916557789 0.045828938484191895
v 0.05477241426706314 -0.024969251826405525 0.039023637771606445
v 0.05477241426706314 -0.024969251826405525 0.039023637771606445
v 0.05645962432026863 -0.01941707916557789 0.045828938484191895
v 0.056547582149505615 -0.01789325661957264 0.045792318880558014
v 0.05477241426706314 -0.024969251826405525 0.039023637771606445
v 0.056547582149505615 -0.01789325661957264 0.045792318880558014
v 0.05575501546263695 -0.004678430501371622 0.038910895586013794
v 0.05575501546263695 -0.004678430501371622 0.038910895586013794
v 0.056547582149505615 -0.01789325661957264 0.045792318880558014
v 0.05700676143169403 -0.004999490920454264 0.04560839757323265
v 0.05575501546263695 -0.004678430501371622 0.038910895586013794
v 0.05700676143169403 -0.004999490920454264 0.04560839757323265
v 0.056951723992824554 0.007926789112389088 0.045629870146512985
v 0.05046140402555466 -0.0363200344145298 0.02643556147813797
v 0.052283160388469696 -0.03435182943940163 0.031404104083776474
v 0.05242527648806572 -0.028272481635212898 0.029131554067134857
v 0.05315852537751198 -0.041878823190927505 0.04041224345564842
v 0.0529344342648983 -0.03974968567490578 0.03776384890079498
v 0.051947496831417084 -0.04043302312493324 0.033753275871276855
v 0.04520609974861145 -0.027067961171269417 0.015546058304607868
v 0.044384051114320755 -0.02707180567085743 0.014924085699021816
v 0.04452715441584587 -0.03258264437317848 0.016248712316155434
v 0.042303670197725296 -0.02709871716797352 0.013773025013506413
v 0.040691401809453964 -0.027131827548146248 0.01321712601929903
v 0.04073160141706467 -0.033269885927438736 0.014152809046208858
v 0.03967371955513954 -0.027154775336384773 0.012981544248759747
v 0.03617442026734352 -0.02722582407295704 0.012631424702703953
v 0.0366351343691349 -0.03356397524476051 0.013210541568696499
v 0.041896753013134 -0.06112563982605934 0.04219530150294304
v 0.042751070111989975 -0.060730669647455215 0.04221086949110031
v 0.043810777366161346 -0.058338526636362076 0.037574321031570435
v 0.047915320843458176 -0.0570586659014225 0.042923178523778915
v 0.047150272876024246 -0.05715847387909889 0.041334133595228195
v 0.04558145999908447 -0.05903467908501625 0.042449187487363815
v 0.05229983106255531 -0.04965868964791298 0.04401072859764099
v 0.05309625715017319 -0.04837939515709877 0.04597552865743637
v 0.052948106080293655 -0.04409388080239296 0.04110090062022209
v 0.052948106080293655 -0.04409388080239296 0.04110090062022209
v 0.05309625715017319 -0.04837939515709877 0.04597552865743637
v 0.05383056402206421 -0.04574728384613991 0.04706191271543503
v 0.0513632632791996 -0.0506916381418705 0.041807182133197784
v 0.05004121735692024 -0.05456066504120827 0.043684616684913635
v 0.051798563450574875 -0.05160892382264137 0.04472443833947182
v 0.05004121735692024 -0.05456066504120827 0.043684616684913635
v 0.0513632632791996 -0.0506916381418705 0.041807182133197784
v 0.04973023757338524 -0.05498305335640907 0.04354666918516159
v 0.04973023757338524 -0.05498305335640907 0.04354666918516159
v 0.0513632632791996 -0.0506916381418705 0.041807182133197784
v 0.050267595797777176 -0.05169043317437172 0.0396156944334507
v 0.04973023757338524 -0.05498305335640907 0.04354666918516159
v 0.050267595797777176 -0.05169043317437172 0.0396156944334507
v 0.047915320843458176 -0.0570586659014225 0.042923178523778915
v 0.047915320843458176 -0.0570586659014225 0.042923178523778915
v 0.050267595797777176 -0.05169043317437172 0.0396156944334507
v 0.04900561645627022 -0.052639249712228775 0.03745221719145775
v 0.047915320843458176 -0.0570586659014225 0.042923178523778915
v 0.04900561645627022 -0.052639249712228775 0.03745221719145775
v 0.047150272876024246 -0.05715847387909889 0.041334133595228195
v 0.035301338881254196 -0.061356816440820694 0.03794848546385765
v 0.032081086188554764 -0.063078373670578 0.043173037469387054
v 0.036502204835414886 -0.06266263127326965 0.04254350811243057
v 0.032081086188554764 -0.063078373670578 0.043173037469387054
v 0.035301338881254196 -0.061356816440820694 0.03794848546385765
v 0.03208465129137039 -0.061368200927972794 0.0375514030456543
v 0.03208465129137039 -0.061368200927972794 0.0375514030456543
v 0.035301338881254196 -0.061356816440820694 0.03794848546385765
v 0.03433588519692421 -0.058685753494501114 0.03033413365483284
v 0.03208465129137039 -0.061368200927972794 0.0375514030456543
v 0.03433588519692421 -0.058685753494501114 0.03033413365483284
v 0.03208466246724129 -0.05877966061234474 0.030360784381628036
v 0.035445407032966614 -0.04887819662690163 0.01767103374004364
v 0.03208190202713013 -0.04918063059449196 0.017591778188943863
v 0.03477560356259346 -0.05127910152077675 0.01936841756105423
v 0.03477560356259346 -0.05127910152077675 0.01936841756105423
v 0.03208190202713013 -0.04918063059449196 0.017591778188943863
v 0.03208142891526222 -0.05202725902199745 0.019845686852931976
v 0.03477560356259346 -0.05127910152077675 0.01936841756105423
v 0.03208142891526222 -0.05202725902199745 0.019845686852931976
v 0.033923160284757614 -0.053361330181360245 0.021332569420337677
v 0.033923160284757614 -0.053361330181360245 0.021332569420337677
v 0.03208142891526222 -0.05202725902199745 0.019845686852931976
v 0.03208209574222565 -0.05313873663544655 0.020982056856155396
v 0.033923160284757614 -0.053361330181360245 0.021332569420337677
v 0.03208209574222565 -0.05313873663544655 0.020982056856155396
v 0.032889701426029205 -0.055136267095804214 0.023530051112174988
v 0.032889701426029205 -0.055136267095804214 0.023530051112174988
v 0.03208209574222565 -0.05313873663544655 0.020982056856155396
v 0.032082799822092056 -0.05437922850251198 0.022469177842140198
v 0.032889701426029205 -0.055136267095804214 0.023530051112174988
v 0.032082799822092056 -0.05437922850251198 0.022469177842140198
v 0.03208388015627861 -0.05655542388558388 0.025778308510780334
v 0.032085102051496506 -0.04246530309319496 0.014597239904105663
v 0.032085057348012924 -0.045537207275629044 0.015671640634536743
v 0.035940177738666534 -0.04616943374276161 0.01625959202647209
v 0.035940177738666534 -0.04616943374276161 0.01625959202647209
v 0.032085057348012924 -0.045537207275629044 0.015671640634536743
v 0.032084956765174866 -0.046252015978097916 0.015983926132321358
v 0.035940177738666534 -0.04616943374276161 0.01625959202647209
v 0.032084956765174866 -0.046252015978097916 0.015983926132321358
v 0.035445407032966614 -0.04887819662690163 0.01767103374004364
v 0.035445407032966614 -0.04887819662690163 0.01767103374004364
v 0.032084956765174866 -0.046252015978097916 0.015983926132321358
v 0.032082922756671906 -0.04837796464562416 0.017091428861021996
v 0.035445407032966614 -0.04887819662690163 0.01767103374004364
v 0.032082922756671906 -0.04837796464562416 0.017091428861021996
v 0.03208190202713013 -0.04918063059449196 0.017591778188943863
v 0.03627655655145645 -0.04319325461983681 0.01513692457228899
v 0.03648004308342934 -0.040026817470788956 0.014287433587014675
v 0.03219598904252052 -0.03930563107132912 0.013838102109730244
v 0.03219598904252052 -0.03930563107132912 0.013838102109730244
v 0.03648004308342934 -0.040026817470788956 0.014287433587014675
v 0.0366351343691349 -0.03356397524476051 0.013210541568696499
v 0.03219598904252052 -0.03930563107132912 0.013838102109730244
v 0.0366351343691349 -0.03356397524476051 0.013210541568696499
v 0.032863549888134 -0.03540128841996193 0.013230965472757816
v 0.03617442026734352 -0.02722582407295704 0.012631424702703953
v 0.035268474370241165 -0.027239950373768806 0.012620599009096622
v 0.0366351343691349 -0.03356397524476051 0.013210541568696499
v 0.0366351343691349 -0.03356397524476051 0.013210541568696499
v 0.035268474370241165 -0.027239950373768806 0.012620599009096622
v 0.034360527992248535 -0.02998840995132923 0.012765052728354931
v 0.0366351343691349 -0.03356397524476051 0.013210541568696499
v 0.034360527992248535 -0.02998840995132923 0.012765052728354931
v 0.032863549888134 -0.03540128841996193 0.013230965472757816
v 0.04520609974861145 -0.027067961171269417 0.015546058304607868
v 0.04452715441584587 -0.03258264437317848 0.016248712316155434
v 0.04646803066134453 -0.027069808915257454 0.016720665618777275
v 0.04646803066134453 -0.027069808915257454 0.016720665618777275
v 0.04452715441584587 -0.03258264437317848 0.016248712316155434
v 0.04790627583861351 -0.031477395445108414 0.019671913236379623
v 0.04646803066134453 -0.027069808915257454 0.016720665618777275
v 0.04790627583861351 -0.031477395445108414 0.019671913236379623
v 0.048347726464271545 -0.027087541297078133 0.019067391753196716
v 0.05282517522573471 -0.037280116230249405 0.035607803612947464
v 0.052824605256319046 -0.034552548080682755 0.03397667035460472
v 0.052283160388469696 -0.03435182943940163 0.031404104083776474
v 0.052283160388469696 -0.03435182943940163 0.031404104083776474
v 0.052824605256319046 -0.034552548080682755 0.03397667035460472
v 0.05292220786213875 -0.03142756596207619 0.03276171162724495
v 0.052283160388469696 -0.03435182943940163 0.031404104083776474
v 0.05292220786213875 -0.03142756596207619 0.03276171162724495
v 0.05242527648806572 -0.028272481635212898 0.029131554067134857
v 0.05242527648806572 -0.028272481635212898 0.029131554067134857
v 0.05292220786213875 -0.03142756596207619 0.03276171162724495
v 0.053152766078710556 -0.02717706747353077 0.03185519203543663
v 0.05242527648806572 -0.028272481635212898 0.029131554067134857
v 0.053152766078710556 -0.02717706747353077 0.03185519203543663
v 0.051654428243637085 -0.027151526883244514 0.02604997158050537
v 0.050280358642339706 -0.04736262932419777 0.03411789610981941
v 0.04900561645627022 -0.052639249712228775 0.03745221719145775
v 0.05132797360420227 -0.0462973453104496 0.03643924370408058
v 0.05132797360420227 -0.0462973453104496 0.03643924370408058
v 0.04900561645627022 -0.052639249712228775 0.03745221719145775
v 0.050267595797777176 -0.05169043317437172 0.0396156944334507
v 0.05132797360420227 -0.0462973453104496 0.03643924370408058
v 0.050267595797777176 -0.05169043317437172 0.0396156944334507
v 0.052948106080293655 -0.04409388080239296 0.04110090062022209
v 0.052948106080293655 -0.04409388080239296 0.04110090062022209
v 0.050267595797777176 -0.05169043317437172 0.0396156944334507
v 0.0513632632791996 -0.0506916381418705 0.041807182133197784
v 0.052948106080293655 -0.04409388080239296 0.04110090062022209
v 0.0513632632791996 -0.0506916381418705 0.041807182133197784
v 0.05229983106255531 -0.04965868964791298 0.04401072859764099
v 0.05229983106255531 -0.04965868964791298 0.04401072859764099
v 0.0513632632791996 -0.0506916381418705 0.041807182133197784
v 0.051798563450574875 -0.05160892382264137 0.04472443833947182
v 0.05229983106255531 -0.04965868964791298 0.04401072859764099
v 0.051798563450574875 -0.05160892382264137 0.04472443833947182
v 0.05309625715017319 -0.04837939515709877 0.04597552865743637
v 0.049052055925130844 -0.048381123691797256 0.0318312905728817
v 0.04764024168252945 -0.049327049404382706 0.02961067482829094
v 0.04600200057029724 -0.054297659546136856 0.033297356218099594
v 0.049052055925130844 -0.048381123691797256 0.0318312905728817
v 0.04600200057029724 -0.054297659546136856 0.033297356218099594
v 0.047579556703567505 -0.053516779094934464 0.0353376679122448
v 0.047579556703567505 -0.053516779094934464 0.0353376679122448
v 0.04600200057029724 -0.054297659546136856 0.033297356218099594
v 0.043810777366161346 -0.058338526636362076 0.037574321031570435
v 0.047579556703567505 -0.053516779094934464 0.0353376679122448
v 0.043810777366161346 -0.058338526636362076 0.037574321031570435
v 0.04553971812129021 -0.05780870094895363 0.039411671459674835
v 0.04553971812129021 -0.05780870094895363 0.039411671459674835
v 0.043810777366161346 -0.058338526636362076 0.037574321031570435
v 0.042751070111989975 -0.060730669647455215 0.04221086949110031
v 0.04553971812129021 -0.05780870094895363 0.039411671459674835
v 0.042751070111989975 -0.060730669647455215 0.04221086949110031
v 0.04558145999908447 -0.05903467908501625 0.042449187487363815
v 0.04600200057029724 -0.054297659546136856 0.033297356218099594
v 0.043208468705415726 -0.05696475878357887 0.033535685390233994
v 0.043810777366161346 -0.058338526636362076 0.037574321031570435
v 0.043810777366161346 -0.058338526636362076 0.037574321031570435
v 0.043208468705415726 -0.05696475878357887 0.033535685390233994
v 0.041992057114839554 -0.058727506548166275 0.03584231436252594
v 0.043810777366161346 -0.058338526636362076 0.037574321031570435
v 0.041992057114839554 -0.058727506548166275 0.03584231436252594
v 0.041896753013134 -0.06112563982605934 0.04219530150294304
v 0.041896753013134 -0.06112563982605934 0.04219530150294304
v 0.041992057114839554 -0.058727506548166275 0.03584231436252594
v 0.04065672680735588 -0.06025827303528786 0.038252320140600204
v 0.041896753013134 -0.06112563982605934 0.04219530150294304
v 0.04065672680735588 -0.06025827303528786 0.038252320140600204
v 0.04100654646754265 -0.06148755922913551 0.04220283776521683
v 0.04100654646754265 -0.06148755922913551 0.04220283776521683
v 0.04065672680735588 -0.06025827303528786 0.038252320140600204
v 0.039214007556438446 -0.06157833710312843 0.04073686525225639
v 0.04100654646754265 -0.06148755922913551 0.04220283776521683
v 0.039214007556438446 -0.06157833710312843 0.04073686525225639
v 0.03979213908314705 -0.06190607324242592 0.04224877059459686
v 0.04065810143947601 -0.055756691843271255 0.027961038053035736
v 0.04429692029953003 -0.05495414510369301 0.03136041387915611
v 0.04167022928595543 -0.05370495095849037 0.02578139305114746
v 0.04167022928595543 -0.05370495095849037 0.02578139305114746
v 0.04429692029953003 -0.05495414510369301 0.03136041387915611
v 0.04524947702884674 -0.05268758907914162 0.029341116547584534
v 0.04167022928595543 -0.05370495095849037 0.02578139305114746
v 0.04524947702884674 -0.05268758907914162 0.029341116547584534
v 0.042531635612249374 -0.05135295167565346 0.023804251104593277
v 0.042531635612249374 -0.05135295167565346 0.023804251104593277
v 0.04524947702884674 -0.05268758907914162 0.029341116547584534
v 0.0460585318505764 -0.05016690865159035 0.02749639004468918
v 0.042531635612249374 -0.05135295167565346 0.023804251104593277
v 0.0460585318505764 -0.05016690865159035 0.02749639004468918
v 0.04323602095246315 -0.04870167747139931 0.02205274999141693
v 0.04065810143947601 -0.055756691843271255 0.027961038053035736
v 0.03950373828411102 -0.05752134695649147 0.03030901774764061
v 0.043208468705415726 -0.05696475878357887 0.033535685390233994
v 0.043208468705415726 -0.05696475878357887 0.033535685390233994
v 0.03950373828411102 -0.05752134695649147 0.03030901774764061
v 0.041992057114839554 -0.058727506548166275 0.03584231436252594
v 0.041992057114839554 -0.058727506548166275 0.03584231436252594
v 0.03950373828411102 -0.05752134695649147 0.03030901774764061
v 0.038217201828956604 -0.059021685272455215 0.032784536480903625
v 0.041992057114839554 -0.058727506548166275 0.03584231436252594
v 0.038217201828956604 -0.059021685272455215 0.032784536480903625
v 0.04065672680735588 -0.06025827303528786 0.038252320140600204
v 0.04065672680735588 -0.06025827303528786 0.038252320140600204
v 0.038217201828956604 -0.059021685272455215 0.032784536480903625
v 0.0368109755218029 -0.060287926346063614 0.03534460440278053
v 0.04065672680735588 -0.06025827303528786 0.038252320140600204
v 0.0368109755218029 -0.060287926346063614 0.03534460440278053
v 0.039214007556438446 -0.06157833710312843 0.04073686525225639
v 0.050142690539360046 -0.027119310572743416 0.022224102169275284
v 0.048347726464271545 -0.027087541297078133 0.019067391753196716
v 0.050575729459524155 -0.030003013089299202 0.024123143404722214
v 0.050575729459524155 -0.030003013089299202 0.024123143404722214
v 0.048347726464271545 -0.027087541297078133 0.019067391753196716
v 0.04790627583861351 -0.031477395445108414 0.019671913236379623
v 0.050575729459524155 -0.030003013089299202 0.024123143404722214
v 0.04790627583861351 -0.031477395445108414 0.019671913236379623
v 0.04780406132340431 -0.0380387045443058 0.02185378223657608
v 0.04780406132340431 -0.0380387045443058 0.02185378223657608
v 0.04790627583861351 -0.031477395445108414 0.019671913236379623
v 0.04452715441584587 -0.03258264437317848 0.016248712316155434
v 0.04780406132340431 -0.0380387045443058 0.02185378223657608
v 0.04452715441584587 -0.03258264437317848 0.016248712316155434
v 0.04440486431121826 -0.03929424658417702 0.01812596619129181
v 0.04440486431121826 -0.03929424658417702 0.01812596619129181
v 0.04452715441584587 -0.03258264437317848 0.016248712316155434
v 0.042523112148046494 -0.03969726338982582 0.016702847555279732
v 0.04440486431121826 -0.03929424658417702 0.01812596619129181
v 0.042523112148046494 -0.03969726338982582 0.016702847555279732
v 0.04189889505505562 -0.046157512813806534 0.01902400329709053
v 0.040691401809453964 -0.027131827548146248 0.01321712601929903
v 0.03967371955513954 -0.027154775336384773 0.012981544248759747
v 0.04073160141706467 -0.033269885927438736 0.014152809046208858
v 0.04073160141706467 -0.033269885927438736 0.014152809046208858
v 0.03967371955513954 -0.027154775336384773 0.012981544248759747
v 0.0366351343691349 -0.03356397524476051 0.013210541568696499
v 0.04073160141706467 -0.033269885927438736 0.014152809046208858
v 0.0366351343691349 -0.03356397524476051 0.013210541568696499
v 0.04056435823440552 -0.039947424083948135 0.015596739016473293
v 0.04056435823440552 -0.039947424083948135 0.015596739016473293
v 0.0366351343691349 -0.03356397524476051 0.013210541568696499
v 0.03648004308342934 -0.040026817470788956 0.014287433587014675
v 0.04056435823440552 -0.039947424083948135 0.015596739016473293
v 0.03648004308342934 -0.040026817470788956 0.014287433587014675
v 0.040330007672309875 -0.04323819652199745 0.01658114790916443
v 0.040330007672309875 -0.04323819652199745 0.01658114790916443
v 0.03648004308342934 -0.040026817470788956 0.014287433587014675
v 0.03627655655145645 -0.04319325461983681 0.01513692457228899
v 0.044384051114320755 -0.02707180567085743 0.014924085699021816
v 0.042303670197725296 -0.02709871716797352 0.013773025013506413
v 0.04452715441584587 -0.03258264437317848 0.016248712316155434
v 0.04452715441584587 -0.03258264437317848 0.016248712316155434
v 0.042303670197725296 -0.02709871716797352 0.013773025013506413
v 0.04073160141706467 -0.033269885927438736 0.014152809046208858
v 0.04452715441584587 -0.03258264437317848 0.016248712316155434
v 0.04073160141706467 -0.033269885927438736 0.014152809046208858
v 0.042523112148046494 -0.03969726338982582 0.016702847555279732
v 0.042523112148046494 -0.03969726338982582 0.016702847555279732
v 0.04073160141706467 -0.033269885927438736 0.014152809046208858
v 0.04056435823440552 -0.039947424083948135 0.015596739016473293
v 0.042523112148046494 -0.03969726338982582 0.016702847555279732
v 0.04056435823440552 -0.039947424083948135 0.015596739016473293
v 0.04189889505505562 -0.046157512813806534 0.01902400329709053
v 0.04189889505505562 -0.046157512813806534 0.01902400329709053
v 0.04056435823440552 -0.039947424083948135 0.015596739016473293
v 0.040330007672309875 -0.04323819652199745 0.01658114790916443
v 0.04189889505505562 -0.046157512813806534 0.01902400329709053
v 0.040330007672309875 -0.04323819652199745 0.01658114790916443
v 0.03995621204376221 -0.04634300246834755 0.0178118497133255
v 0.03995621204376221 -0.04634300246834755 0.0178118497133255
v 0.040330007672309875 -0.04323819652199745 0.01658114790916443
v 0.03627655655145645 -0.04319325461983681 0.01513692457228899
v 0.03208466246724129 -0.05877966061234474 0.030360784381628036
v 0.03433588519692421 -0.058685753494501114 0.03033413365483284
v 0.03208388015627861 -0.05655542388558388 0.025778308510780334
v 0.03208388015627861 -0.05655542388558388 0.025778308510780334
v 0.03433588519692421 -0.058685753494501114 0.03033413365483284
v 0.035670846700668335 -0.05735919252038002 0.027787141501903534
v 0.03208388015627861 -0.05655542388558388 0.025778308510780334
v 0.035670846700668335 -0.05735919252038002 0.027787141501903534
v 0.032889701426029205 -0.055136267095804214 0.023530051112174988
v 0.032889701426029205 -0.055136267095804214 0.023530051112174988
v 0.035670846700668335 -0.05735919252038002 0.027787141501903534
v 0.03685823082923889 -0.055773381143808365 0.02536289393901825
v 0.032889701426029205 -0.055136267095804214 0.023530051112174988
v 0.03685823082923889 -0.055773381143808365 0.02536289393901825
v 0.033923160284757614 -0.053361330181360245 0.021332569420337677
v 0.033923160284757614 -0.053361330181360245 0.021332569420337677
v 0.03685823082923889 -0.055773381143808365 0.02536289393901825
v 0.037883877754211426 -0.053895238786935806 0.023114211857318878
v 0.033923160284757614 -0.053361330181360245 0.021332569420337677
v 0.037883877754211426 -0.053895238786935806 0.023114211857318878
v 0.03477560356259346 -0.05127910152077675 0.01936841756105423
v 0.03477560356259346 -0.05127910152077675 0.01936841756105423
v 0.037883877754211426 -0.053895238786935806 0.023114211857318878
v 0.038741059601306915 -0.051700178533792496 0.021086499094963074
v 0.03477560356259346 -0.05127910152077675 0.01936841756105423
v 0.038741059601306915 -0.051700178533792496 0.021086499094963074
v 0.035445407032966614 -0.04887819662690163 0.01767103374004364
v 0.035445407032966614 -0.04887819662690163 0.01767103374004364
v 0.038741059601306915 -0.051700178533792496 0.021086499094963074
v 0.0394299179315567 -0.04917839542031288 0.019313137978315353
v 0.035445407032966614 -0.04887819662690163 0.01767103374004364
v 0.0394299179315567 -0.04917839542031288 0.019313137978315353
v 0.035940177738666534 -0.04616943374276161 0.01625959202647209
v 0.04998836666345596 -0.0425567664206028 0.02890811860561371
v 0.050280358642339706 -0.04736262932419777 0.03411789610981941
v 0.051947496831417084 -0.04043302312493324 0.033753275871276855
v 0.051947496831417084 -0.04043302312493324 0.033753275871276855
v 0.050280358642339706 -0.04736262932419777 0.03411789610981941
v 0.05132797360420227 -0.0462973453104496 0.03643924370408058
v 0.051947496831417084 -0.04043302312493324 0.033753275871276855
v 0.05132797360420227 -0.0462973453104496 0.03643924370408058
v 0.05315852537751198 -0.041878823190927505 0.04041224345564842
v 0.05315852537751198 -0.041878823190927505 0.04041224345564842
v 0.05132797360420227 -0.0462973453104496 0.03643924370408058
v 0.052948106080293655 -0.04409388080239296 0.04110090062022209
v 0.05315852537751198 -0.041878823190927505 0.04041224345564842
v 0.052948106080293655 -0.04409388080239296 0.04110090062022209
v 0.05348801240324974 -0.04365858808159828 0.04349234700202942
v 0.05348801240324974 -0.04365858808159828 0.04349234700202942
v 0.052948106080293655 -0.04409388080239296 0.04110090062022209
v 0.05383056402206421 -0.04574728384613991 0.04706191271543503
v 0.05348801240324974 -0.04365858808159828 0.04349234700202942
v 0.05383056402206421 -0.04574728384613991 0.04706191271543503
v 0.05391237884759903 -0.04517281427979469 0.04702134057879448
v 0.0529344342648983 -0.03974968567490578 0.03776384890079498
v 0.05282517522573471 -0.037280116230249405 0.035607803612947464
v 0.051947496831417084 -0.04043302312493324 0.033753275871276855
v 0.051947496831417084 -0.04043302312493324 0.033753275871276855
v 0.05282517522573471 -0.037280116230249405 0.035607803612947464
v 0.052283160388469696 -0.03435182943940163 0.031404104083776474
v 0.051947496831417084 -0.04043302312493324 0.033753275871276855
v 0.052283160388469696 -0.03435182943940163 0.031404104083776474
v 0.04998836666345596 -0.0425567664206028 0.02890811860561371
v 0.04998836666345596 -0.0425567664206028 0.02890811860561371
v 0.052283160388469696 -0.03435182943940163 0.031404104083776474
v 0.05046140402555466 -0.0363200344145298 0.02643556147813797
v 0.04998836666345596 -0.0425567664206028 0.02890811860561371
v 0.05046140402555466 -0.0363200344145298 0.02643556147813797
v 0.047225311398506165 -0.04443231597542763 0.02435692772269249
v 0.051654428243637085 -0.027151526883244514 0.02604997158050537
v 0.050142690539360046 -0.027119310572743416 0.022224102169275284
v 0.05242527648806572 -0.028272481635212898 0.029131554067134857
v 0.05242527648806572 -0.028272481635212898 0.029131554067134857
v 0.050142690539360046 -0.027119310572743416 0.022224102169275284
v 0.050575729459524155 -0.030003013089299202 0.024123143404722214
v 0.05242527648806572 -0.028272481635212898 0.029131554067134857
v 0.050575729459524155 -0.030003013089299202 0.024123143404722214
v 0.05046140402555466 -0.0363200344145298 0.02643556147813797
v 0.05046140402555466 -0.0363200344145298 0.02643556147813797
v 0.050575729459524155 -0.030003013089299202 0.024123143404722214
v 0.04780406132340431 -0.0380387045443058 0.02185378223657608
v 0.05046140402555466 -0.0363200344145298 0.02643556147813797
v 0.04780406132340431 -0.0380387045443058 0.02185378223657608
v 0.047225311398506165 -0.04443231597542763 0.02435692772269249
v 0.047225311398506165 -0.04443231597542763 0.02435692772269249
v 0.04780406132340431 -0.0380387045443058 0.02185378223657608
v 0.04440486431121826 -0.03929424658417702 0.01812596619129181
v 0.047225311398506165 -0.04443231597542763 0.02435692772269249
v 0.04440486431121826 -0.03929424658417702 0.01812596619129181
v 0.043780598789453506 -0.045771870762109756 0.020534612238407135
v 0.043780598789453506 -0.045771870762109756 0.020534612238407135
v 0.04440486431121826 -0.03929424658417702 0.01812596619129181
v 0.04189889505505562 -0.046157512813806534 0.01902400329709053
v 0.043780598789453506 -0.045771870762109756 0.020534612238407135
v 0.04189889505505562 -0.046157512813806534 0.01902400329709053
v 0.0394299179315567 -0.04917839542031288 0.019313137978315353
v 0.0394299179315567 -0.04917839542031288 0.019313137978315353
v 0.04189889505505562 -0.046157512813806534 0.01902400329709053
v 0.03995621204376221 -0.04634300246834755 0.0178118497133255
v 0.0394299179315567 -0.04917839542031288 0.019313137978315353
v 0.03995621204376221 -0.04634300246834755 0.0178118497133255
v 0.035940177738666534 -0.04616943374276161 0.01625959202647209
v 0.035940177738666534 -0.04616943374276161 0.01625959202647209
v 0.03995621204376221 -0.04634300246834755 0.0178118497133255
v 0.03627655655145645 -0.04319325461983681 0.01513692457228899
v 0.035940177738666534 -0.04616943374276161 0.01625959202647209
v 0.03627655655145645 -0.04319325461983681 0.01513692457228899
v 0.032085102051496506 -0.04246530309319496 0.014597239904105663
v 0.032085102051496506 -0.04246530309319496 0.014597239904105663
v 0.03627655655145645 -0.04319325461983681 0.01513692457228899
v 0.03219598904252052 -0.03930563107132912 0.013838102109730244
v 0.04065810143947601 -0.055756691843271255 0.027961038053035736
v 0.043208468705415726 -0.05696475878357887 0.033535685390233994
v 0.04429692029953003 -0.05495414510369301 0.03136041387915611
v 0.04429692029953003 -0.05495414510369301 0.03136041387915611
v 0.043208468705415726 -0.05696475878357887 0.033535685390233994
v 0.04600200057029724 -0.054297659546136856 0.033297356218099594
v 0.04429692029953003 -0.05495414510369301 0.03136041387915611
v 0.04600200057029724 -0.054297659546136856 0.033297356218099594
v 0.04524947702884674 -0.05268758907914162 0.029341116547584534
v 0.04524947702884674 -0.05268758907914162 0.029341116547584534
v 0.04600200057029724 -0.054297659546136856 0.033297356218099594
v 0.04764024168252945 -0.049327049404382706 0.02961067482829094
v 0.04524947702884674 -0.05268758907914162 0.029341116547584534
v 0.04764024168252945 -0.049327049404382706 0.02961067482829094
v 0.0460585318505764 -0.05016690865159035 0.02749639004468918
v 0.0460585318505764 -0.05016690865159035 0.02749639004468918
v 0.04764024168252945 -0.049327049404382706 0.02961067482829094
v 0.04671798646450043 -0.04740593209862709 0.025835849344730377
v 0.0460585318505764 -0.05016690865159035 0.02749639004468918
v 0.04671798646450043 -0.04740593209862709 0.025835849344730377
v 0.04323602095246315 -0.04870167747139931 0.02205274999141693
v 0.04558145999908447 -0.05903467908501625 0.042449187487363815
v 0.047150272876024246 -0.05715847387909889 0.041334133595228195
v 0.04553971812129021 -0.05780870094895363 0.039411671459674835
v 0.04553971812129021 -0.05780870094895363 0.039411671459674835
v 0.047150272876024246 -0.05715847387909889 0.041334133595228195
v 0.04900561645627022 -0.052639249712228775 0.03745221719145775
v 0.04553971812129021 -0.05780870094895363 0.039411671459674835
v 0.04900561645627022 -0.052639249712228775 0.03745221719145775
v 0.047579556703567505 -0.053516779094934464 0.0353376679122448
v 0.047579556703567505 -0.053516779094934464 0.0353376679122448
v 0.04900561645627022 -0.052639249712228775 0.03745221719145775
v 0.050280358642339706 -0.04736262932419777 0.03411789610981941
v 0.047579556703567505 -0.053516779094934464 0.0353376679122448
v 0.050280358642339706 -0.04736262932419777 0.03411789610981941
v 0.049052055925130844 -0.048381123691797256 0.0318312905728817
v 0.049052055925130844 -0.048381123691797256 0.0318312905728817
v 0.050280358642339706 -0.04736262932419777 0.03411789610981941
v 0.04998836666345596 -0.0425567664206028 0.02890811860561371
v 0.049052055925130844 -0.048381123691797256 0.0318312905728817
v 0.04998836666345596 -0.0425567664206028 0.02890811860561371
v 0.04764024168252945 -0.049327049404382706 0.02961067482829094
v 0.04764024168252945 -0.049327049404382706 0.02961067482829094
v 0.04998836666345596 -0.0425567664206028 0.02890811860561371
v 0.047225311398506165 -0.04443231597542763 0.02435692772269249
v 0.04764024168252945 -0.049327049404382706 0.02961067482829094
v 0.047225311398506165 -0.04443231597542763 0.02435692772269249
v 0.04671798646450043 -0.04740593209862709 0.025835849344730377
v 0.04671798646450043 -0.04740593209862709 0.025835849344730377
v 0.047225311398506165 -0.04443231597542763 0.02435692772269249
v 0.043780598789453506 -0.045771870762109756 0.020534612238407135
v 0.04671798646450043 -0.04740593209862709 0.025835849344730377
v 0.043780598789453506 -0.045771870762109756 0.020534612238407135
v 0.04323602095246315 -0.04870167747139931 0.02205274999141693
v 0.04323602095246315 -0.04870167747139931 0.02205274999141693
v 0.043780598789453506 -0.045771870762109756 0.020534612238407135
v 0.0394299179315567 -0.04917839542031288 0.019313137978315353
v 0.04323602095246315 -0.04870167747139931 0.02205274999141693
v 0.0394299179315567 -0.04917839542031288 0.019313137978315353
v 0.042531635612249374 -0.05135295167565346 0.023804251104593277
v 0.042531635612249374 -0.05135295167565346 0.023804251104593277
v 0.0394299179315567 -0.04917839542031288 0.019313137978315353
v 0.038741059601306915 -0.051700178533792496 0.021086499094963074
v 0.042531635612249374 -0.05135295167565346 0.023804251104593277
v 0.038741059601306915 -0.051700178533792496 0.021086499094963074
v 0.04167022928595543 -0.05370495095849037 0.02578139305114746
v 0.04167022928595543 -0.05370495095849037 0.02578139305114746
v 0.038741059601306915 -0.051700178533792496 0.021086499094963074
v 0.037883877754211426 -0.053895238786935806 0.023114211857318878
v 0.04167022928595543 -0.05370495095849037 0.02578139305114746
v 0.037883877754211426 -0.053895238786935806 0.023114211857318878
v 0.04065810143947601 -0.055756691843271255 0.027961038053035736
v 0.04065810143947601 -0.055756691843271255 0.027961038053035736
v 0.037883877754211426 -0.053895238786935806 0.023114211857318878
v 0.03685823082923889 -0.055773381143808365 0.02536289393901825
v 0.04065810143947601 -0.055756691843271255 0.027961038053035736
v 0.03685823082923889 -0.055773381143808365 0.02536289393901825
v 0.03950373828411102 -0.05752134695649147 0.03030901774764061
v 0.03950373828411102 -0.05752134695649147 0.03030901774764061
v 0.03685823082923889 -0.055773381143808365 0.02536289393901825
v 0.035670846700668335 -0.05735919252038002 0.027787141501903534
v 0.03950373828411102 -0.05752134695649147 0.03030901774764061
v 0.035670846700668335 -0.05735919252038002 0.027787141501903534
v 0.038217201828956604 -0.059021685272455215 0.032784536480903625
v 0.038217201828956604 -0.059021685272455215 0.032784536480903625
v 0.035670846700668335 -0.05735919252038002 0.027787141501903534
v 0.03433588519692421 -0.058685753494501114 0.03033413365483284
v 0.038217201828956604 -0.059021685272455215 0.032784536480903625
v 0.03433588519692421 -0.058685753494501114 0.03033413365483284
v 0.0368109755218029 -0.060287926346063614 0.03534460440278053
v 0.0368109755218029 -0.060287926346063614 0.03534460440278053
v 0.03433588519692421 -0.058685753494501114 0.03033413365483284
v 0.035301338881254196 -0.061356816440820694 0.03794848546385765
v 0.0368109755218029 -0.060287926346063614 0.03534460440278053
v 0.035301338881254196 -0.061356816440820694 0.03794848546385765
v 0.039214007556438446 -0.06157833710312843 0.04073686525225639
v 0.039214007556438446 -0.06157833710312843 0.04073686525225639
v 0.035301338881254196 -0.061356816440820694 0.03794848546385765
v 0.036502204835414886 -0.06266263127326965 0.04254350811243057
v 0.039214007556438446 -0.06157833710312843 0.04073686525225639
v 0.036502204835414886 -0.06266263127326965 0.04254350811243057
v 0.03979213908314705 -0.06190607324242592 0.04224877059459686
v 0.04452713951468468 0.03274950012564659 0.016248678788542747
v 0.047906264662742615 0.03164425119757652 0.019671868532896042
v 0.047804057598114014 0.038205575197935104 0.0218537375330925
v 0.04186485707759857 0.027273891493678093 0.013596453703939915
v 0.04425389692187309 0.027239589020609856 0.014835008420050144
v 0.04452713951468468 0.03274950012564659 0.016248678788542747
v 0.052824459969997406 0.03734765574336052 0.03553581237792969
v 0.052929967641830444 0.039847638458013535 0.03769185394048691
v 0.051947493106126785 0.04059990867972374 0.03375323489308357
v 0.053473666310310364 0.04376238211989403 0.043365441262722015
v 0.052948106080293655 0.04426078125834465 0.04110086336731911
v 0.053147315979003906 0.0419723205268383 0.0403050035238266
v 0.053473666310310364 0.04376238211989403 0.043365441262722015
v 0.05391295254230499 0.045339908450841904 0.04702147841453552
v 0.052948106080293655 0.04426078125834465 0.04110086336731911
v 0.052948106080293655 0.04426078125834465 0.04110086336731911
v 0.05391295254230499 0.045339908450841904 0.04702147841453552
v 0.05383050814270973 0.045914750546216965 0.04706208407878876
v 0.052948106080293655 0.04426078125834465 0.04110086336731911
v 0.05383050814270973 0.045914750546216965 0.04706208407878876
v 0.05229983106255531 0.049825605005025864 0.044010695070028305
v 0.05229983106255531 0.049825605005025864 0.044010695070028305
v 0.05383050814270973 0.045914750546216965 0.04706208407878876
v 0.053094327449798584 0.04855137690901756 0.045971810817718506
v 0.05229983106255531 0.049825605005025864 0.044010695070028305
v 0.053094327449798584 0.04855137690901756 0.045971810817718506
v 0.0518878772854805 0.05159057304263115 0.044792886823415756
v 0.051947493106126785 0.04059990867972374 0.03375323489308357
v 0.052929967641830444 0.039847638458013535 0.03769185394048691
v 0.05132797360420227 0.04646424576640129 0.0364392027258873
v 0.05295587703585625 0.02734219841659069 0.030925359576940536
v 0.05315321683883667 0.0273438673466444 0.031855322420597076
v 0.052926935255527496 0.03148209676146507 0.032730601727962494
v 0.052824459969997406 0.03734765574336052 0.03553581237792969
v 0.051947493106126785 0.04059990867972374 0.03375323489308357
v 0.052825793623924255 0.0346108041703701 0.0339241661131382
v 0.052825793623924255 0.0346108041703701 0.0339241661131382
v 0.051947493106126785 0.04059990867972374 0.03375323489308357
v 0.052283160388469696 0.03451870009303093 0.03140405938029289
v 0.052825793623924255 0.0346108041703701 0.0339241661131382
v 0.052283160388469696 0.03451870009303093 0.03140405938029289
v 0.052926935255527496 0.03148209676146507 0.032730601727962494
v 0.052926935255527496 0.03148209676146507 0.032730601727962494
v 0.052283160388469696 0.03451870009303093 0.03140405938029289
v 0.051531169563531876 0.027315495535731316 0.025679226964712143
v 0.052926935255527496 0.03148209676146507 0.032730601727962494
v 0.051531169563531876 0.027315495535731316 0.025679226964712143
v 0.05295587703585625 0.02734219841659069 0.030925359576940536
v 0.04765419289469719 0.02724584750831127 0.01810714602470398
v 0.047906264662742615 0.03164425119757652 0.019671868532896042
v 0.04643728956580162 0.027236459776759148 0.016688566654920578
v 0.04643728956580162 0.027236459776759148 0.016688566654920578
v 0.047906264662742615 0.03164425119757652 0.019671868532896042
v 0.04452713951468468 0.03274950012564659 0.016248678788542747
v 0.04643728956580162 0.027236459776759148 0.016688566654920578
v 0.04452713951468468 0.03274950012564659 0.016248678788542747
v 0.04521678015589714 0.02723473124206066 0.015554814599454403
v 0.04521678015589714 0.02723473124206066 0.015554814599454403
v 0.04452713951468468 0.03274950012564659 0.016248678788542747
v 0.04425389692187309 0.027239589020609856 0.014835008420050144
v 0.03663512319326401 0.03373081609606743 0.013210528530180454
v 0.03342418372631073 0.033321525901556015 0.012998313643038273
v 0.038933273404836655 0.027338502928614616 0.01285522524267435
v 0.038933273404836655 0.027338502928614616 0.01285522524267435
v 0.03342418372631073 0.033321525901556015 0.012998313643038273
v 0.03526850789785385 0.027406809851527214 0.012620584107935429
v 0.03648003563284874 0.04019368812441826 0.014287413097918034
v 0.032095856964588165 0.04087262973189354 0.01413618866354227
v 0.032486580312252045 0.03742186352610588 0.013483394868671894
v 0.032095856964588165 0.04087262973189354 0.01413618866354227
v 0.03648003563284874 0.04019368812441826 0.014287413097918034
v 0.0320851169526577 0.043167512863874435 0.014753990806639194
v 0.0320851169526577 0.043167512863874435 0.014753990806639194
v 0.03648003563284874 0.04019368812441826 0.014287413097918034
v 0.036276549100875854 0.04336012527346611 0.0151368984952569
v 0.0320851169526577 0.043167512863874435 0.014753990806639194
v 0.036276549100875854 0.04336012527346611 0.0151368984952569
v 0.032085202634334564 0.044678088277578354 0.01526611763983965
v 0.032085202634334564 0.044678088277578354 0.01526611763983965
v 0.036276549100875854 0.04336012527346611 0.0151368984952569
v 0.035940174013376236 0.04633631929755211 0.016259562224149704
v 0.032085202634334564 0.044678088277578354 0.01526611763983965
v 0.035940174013376236 0.04633631929755211 0.016259562224149704
v 0.035445407032966614 0.04904508218169212 0.017671000212430954
v 0.032084330916404724 0.057705532759428024 0.02763768658041954
v 0.03208133578300476 0.05595242604613304 0.024490445852279663
v 0.032889701426029205 0.055303167551755905 0.0235300175845623
v 0.032889701426029205 0.055303167551755905 0.0235300175845623
v 0.03208133578300476 0.05595242604613304 0.024490445852279663
v 0.03208083659410477 0.05373496934771538 0.021466471254825592
v 0.032889701426029205 0.055303167551755905 0.0235300175845623
v 0.03208083659410477 0.05373496934771538 0.021466471254825592
v 0.033923160284757614 0.05352824553847313 0.021332532167434692
v 0.033923160284757614 0.05352824553847313 0.021332532167434692
v 0.03208083659410477 0.05373496934771538 0.021466471254825592
v 0.03208209574222565 0.05104542896151543 0.018838081508874893
v 0.033923160284757614 0.05352824553847313 0.021332532167434692
v 0.03208209574222565 0.05104542896151543 0.018838081508874893
v 0.03477560356259346 0.05144600197672844 0.019368380308151245
v 0.03477560356259346 0.05144600197672844 0.019368380308151245
v 0.03208209574222565 0.05104542896151543 0.018838081508874893
v 0.03208395093679428 0.049438443034887314 0.017655903473496437
v 0.03477560356259346 0.05144600197672844 0.019368380308151245
v 0.03208395093679428 0.049438443034887314 0.017655903473496437
v 0.035445407032966614 0.04904508218169212 0.017671000212430954
v 0.035445407032966614 0.04904508218169212 0.017671000212430954
v 0.03208395093679428 0.049438443034887314 0.017655903473496437
v 0.0320846326649189 0.04798401519656181 0.016773533076047897
v 0.035445407032966614 0.04904508218169212 0.017671000212430954
v 0.0320846326649189 0.04798401519656181 0.016773533076047897
v 0.032085202634334564 0.044678088277578354 0.01526611763983965
v 0.032077811658382416 0.06045582517981529 0.0343048982322216
v 0.03207807615399361 0.06036233529448509 0.034039951860904694
v 0.03433588147163391 0.058852668851614 0.03033410757780075
v 0.03433588147163391 0.058852668851614 0.03033410757780075
v 0.03207807615399361 0.06036233529448509 0.034039951860904694
v 0.032084640115499496 0.0582684688270092 0.028818663209676743
v 0.03433588147163391 0.058852668851614 0.03033410757780075
v 0.032084640115499496 0.0582684688270092 0.028818663209676743
v 0.03685823082923889 0.05594031140208244 0.025362856686115265
v 0.03655732423067093 0.06282080709934235 0.04253650829195976
v 0.03727307543158531 0.061697330325841904 0.039289433509111404
v 0.039849903434515 0.06205543503165245 0.042245618999004364
v 0.039849903434515 0.06205543503165245 0.042245618999004364
v 0.03727307543158531 0.061697330325841904 0.039289433509111404
v 0.03921400010585785 0.06174526736140251 0.0407368429005146
v 0.039849903434515 0.06205543503165245 0.042245618999004364
v 0.03921400010585785 0.06174526736140251 0.0407368429005146
v 0.041897062212228775 0.06129388138651848 0.042195674031972885
v 0.04663115367293358 0.05593959614634514 0.03730858489871025
v 0.0479918047785759 0.05714964494109154 0.04294496029615402
v 0.04553971439599991 0.05797561630606651 0.03941164165735245
v 0.04553971439599991 0.05797561630606651 0.03941164165735245
v 0.0479918047785759 0.05714964494109154 0.04294496029615402
v 0.04585792496800423 0.058999743312597275 0.042489394545555115
v 0.04553971439599991 0.05797561630606651 0.03941164165735245
v 0.04585792496800423 0.058999743312597275 0.042489394545555115
v 0.04430820047855377 0.059792663902044296 0.04163198173046112
v 0.04069137200713158 0.027298806235194206 0.013217124156653881
v 0.04186485707759857 0.027273891493678093 0.013596453703939915
v 0.04073158651590347 0.03343672677874565 0.014152786694467068
v 0.04073158651590347 0.03343672677874565 0.014152786694467068
v 0.04186485707759857 0.027273891493678093 0.013596453703939915
v 0.04452713951468468 0.03274950012564659 0.016248678788542747
v 0.04073158651590347 0.03343672677874565 0.014152786694467068
v 0.04452713951468468 0.03274950012564659 0.016248678788542747
v 0.044404856860637665 0.039461102336645126 0.018125928938388824
v 0.044404856860637665 0.039461102336645126 0.018125928938388824
v 0.04452713951468468 0.03274950012564659 0.016248678788542747
v 0.047804057598114014 0.038205575197935104 0.0218537375330925
v 0.044404856860637665 0.039461102336645126 0.018125928938388824
v 0.047804057598114014 0.038205575197935104 0.0218537375330925
v 0.04416744410991669 0.0427769236266613 0.01923772692680359
v 0.04416744410991669 0.0427769236266613 0.01923772692680359
v 0.047804057598114014 0.038205575197935104 0.0218537375330925
v 0.047225307673215866 0.044599201530218124 0.024356883019208908
v 0.04416744410991669 0.0427769236266613 0.01923772692680359
v 0.047225307673215866 0.044599201530218124 0.024356883019208908
v 0.043780598789453506 0.04593875631690025 0.020534571260213852
v 0.043780598789453506 0.04593875631690025 0.020534571260213852
v 0.047225307673215866 0.044599201530218124 0.024356883019208908
v 0.04323602095246315 0.048868563026189804 0.022052709013223648
v 0.04323602095246315 0.048868563026189804 0.022052709013223648
v 0.047225307673215866 0.044599201530218124 0.024356883019208908
v 0.04671798646450043 0.04757280275225639 0.025835804641246796
v 0.04323602095246315 0.048868563026189804 0.022052709013223648
v 0.04671798646450043 0.04757280275225639 0.025835804641246796
v 0.042531635612249374 0.05151986703276634 0.023804210126399994
v 0.038933273404836655 0.027338502928614616 0.01285522524267435
v 0.04069137200713158 0.027298806235194206 0.013217124156653881
v 0.03663512319326401 0.03373081609606743 0.013210528530180454
v 0.03663512319326401 0.03373081609606743 0.013210528530180454
v 0.04069137200713158 0.027298806235194206 0.013217124156653881
v 0.04073158651590347 0.03343672677874565 0.014152786694467068
v 0.03663512319326401 0.03373081609606743 0.013210528530180454
v 0.04073158651590347 0.03343672677874565 0.014152786694467068
v 0.04056435078382492 0.04011429473757744 0.015596709214150906
v 0.04056435078382492 0.04011429473757744 0.015596709214150906
v 0.04073158651590347 0.03343672677874565 0.014152786694467068
v 0.044404856860637665 0.039461102336645126 0.018125928938388824
v 0.04056435078382492 0.04011429473757744 0.015596709214150906
v 0.044404856860637665 0.039461102336645126 0.018125928938388824
v 0.04033000022172928 0.043405067175626755 0.016581114381551743
v 0.04033000022172928 0.043405067175626755 0.016581114381551743
v 0.044404856860637665 0.039461102336645126 0.018125928938388824
v 0.04416744410991669 0.0427769236266613 0.01923772692680359
v 0.04033000022172928 0.043405067175626755 0.016581114381551743
v 0.04416744410991669 0.0427769236266613 0.01923772692680359
v 0.03995620831847191 0.04650987312197685 0.017811814323067665
v 0.03995620831847191 0.04650987312197685 0.017811814323067665
v 0.04416744410991669 0.0427769236266613 0.01923772692680359
v 0.043780598789453506 0.04593875631690025 0.020534571260213852
v 0.03995620831847191 0.04650987312197685 0.017811814323067665
v 0.043780598789453506 0.04593875631690025 0.020534571260213852
v 0.0394299142062664 0.04934528097510338 0.01931309700012207
v 0.0394299142062664 0.04934528097510338 0.01931309700012207
v 0.043780598789453506 0.04593875631690025 0.020534571260213852
v 0.04323602095246315 0.048868563026189804 0.022052709013223648
v 0.0394299142062664 0.04934528097510338 0.01931309700012207
v 0.04323602095246315 0.048868563026189804 0.022052709013223648
v 0.038741059601306915 0.05186706408858299 0.02108645811676979
v 0.038741059601306915 0.05186706408858299 0.02108645811676979
v 0.04323602095246315 0.048868563026189804 0.022052709013223648
v 0.042531635612249374 0.05151986703276634 0.023804210126399994
v 0.038741059601306915 0.05186706408858299 0.02108645811676979
v 0.042531635612249374 0.05151986703276634 0.023804210126399994
v 0.037883881479501724 0.0540621392428875 0.023114170879125595
v 0.040119659155607224 0.059125106781721115 0.03423883393406868
v 0.04250320792198181 0.05561896786093712 0.029567144811153412
v 0.04429692029953003 0.05512107536196709 0.03136037662625313
v 0.04429692029953003 0.05512107536196709 0.03136037662625313
v 0.04250320792198181 0.05561896786093712 0.029567144811153412
v 0.04524947702884674 0.0528545044362545 0.029341071844100952
v 0.03208120912313461 0.06323382258415222 0.043135859072208405
v 0.03207993507385254 0.06103953346610069 0.03601910173892975
v 0.0353013314306736 0.06152374669909477 0.03794846683740616
v 0.0353013314306736 0.06152374669909477 0.03794846683740616
v 0.03207993507385254 0.06103953346610069 0.03601910173892975
v 0.036289967596530914 0.05909186229109764 0.03148459270596504
v 0.0353013314306736 0.06152374669909477 0.03794846683740616
v 0.036289967596530914 0.05909186229109764 0.03148459270596504
v 0.038217198103666306 0.059188615530729294 0.03278450667858124
v 0.038217198103666306 0.059188615530729294 0.03278450667858124
v 0.036289967596530914 0.05909186229109764 0.03148459270596504
v 0.0387762226164341 0.056026678532361984 0.026559535413980484
v 0.038217198103666306 0.059188615530729294 0.03278450667858124
v 0.0387762226164341 0.056026678532361984 0.026559535413980484
v 0.04065810143947601 0.05592360720038414 0.027960997074842453
v 0.04065810143947601 0.05592360720038414 0.027960997074842453
v 0.0387762226164341 0.056026678532361984 0.026559535413980484
v 0.04167023301124573 0.05387185141444206 0.025781352072954178
v 0.04429692029953003 0.05512107536196709 0.03136037662625313
v 0.043208468705415726 0.05713167414069176 0.03353564813733101
v 0.040119659155607224 0.059125106781721115 0.03423883393406868
v 0.040119659155607224 0.059125106781721115 0.03423883393406868
v 0.043208468705415726 0.05713167414069176 0.03353564813733101
v 0.041992057114839554 0.05889443680644035 0.035842280834913254
v 0.040119659155607224 0.059125106781721115 0.03423883393406868
v 0.041992057114839554 0.05889443680644035 0.035842280834913254
v 0.03727307543158531 0.061697330325841904 0.039289433509111404
v 0.03727307543158531 0.061697330325841904 0.039289433509111404
v 0.041992057114839554 0.05889443680644035 0.035842280834913254
v 0.04065672308206558 0.06042521819472313 0.038252294063568115
v 0.03727307543158531 0.061697330325841904 0.039289433509111404
v 0.04065672308206558 0.06042521819472313 0.038252294063568115
v 0.03921400010585785 0.06174526736140251 0.0407368429005146
v 0.03921400010585785 0.06174526736140251 0.0407368429005146
v 0.04065672308206558 0.06042521819472313 0.038252294063568115
v 0.043033797293901443 0.060757141560316086 0.042221374809741974
v 0.03921400010585785 0.06174526736140251 0.0407368429005146
v 0.043033797293901443 0.060757141560316086 0.042221374809741974
v 0.041897062212228775 0.06129388138651848 0.042195674031972885
v 0.04671798646450043 0.04757280275225639 0.025835804641246796
v 0.0460585318505764 0.05033380910754204 0.027496349066495895
v 0.042531635612249374 0.05151986703276634 0.023804210126399994
v 0.042531635612249374 0.05151986703276634 0.023804210126399994
v 0.0460585318505764 0.05033380910754204 0.027496349066495895
v 0.04167023301124573 0.05387185141444206 0.025781352072954178
v 0.042531635612249374 0.05151986703276634 0.023804210126399994
v 0.04167023301124573 0.05387185141444206 0.025781352072954178
v 0.037883881479501724 0.0540621392428875 0.023114170879125595
v 0.037883881479501724 0.0540621392428875 0.023114170879125595
v 0.04167023301124573 0.05387185141444206 0.025781352072954178
v 0.0387762226164341 0.056026678532361984 0.026559535413980484
v 0.037883881479501724 0.0540621392428875 0.023114170879125595
v 0.0387762226164341 0.056026678532361984 0.026559535413980484
v 0.03685823082923889 0.05594031140208244 0.025362856686115265
v 0.03685823082923889 0.05594031140208244 0.025362856686115265
v 0.0387762226164341 0.056026678532361984 0.026559535413980484
v 0.036289967596530914 0.05909186229109764 0.03148459270596504
v 0.03685823082923889 0.05594031140208244 0.025362856686115265
v 0.036289967596530914 0.05909186229109764 0.03148459270596504
v 0.03433588147163391 0.058852668851614 0.03033410757780075
v 0.03433588147163391 0.058852668851614 0.03033410757780075
v 0.036289967596530914 0.05909186229109764 0.03148459270596504
v 0.03207993507385254 0.06103953346610069 0.03601910173892975
v 0.03433588147163391 0.058852668851614 0.03033410757780075
v 0.03207993507385254 0.06103953346610069 0.03601910173892975
v 0.032077811658382416 0.06045582517981529 0.0343048982322216
v 0.032084640115499496 0.0582684688270092 0.028818663209676743
v 0.032084330916404724 0.057705532759428024 0.02763768658041954
v 0.03685823082923889 0.05594031140208244 0.025362856686115265
v 0.03685823082923889 0.05594031140208244 0.025362856686115265
v 0.032084330916404724 0.057705532759428024 0.02763768658041954
v 0.032889701426029205 0.055303167551755905 0.0235300175845623
v 0.03685823082923889 0.05594031140208244 0.025362856686115265
v 0.032889701426029205 0.055303167551755905 0.0235300175845623
v 0.037883881479501724 0.0540621392428875 0.023114170879125595
v 0.037883881479501724 0.0540621392428875 0.023114170879125595
v 0.032889701426029205 0.055303167551755905 0.0235300175845623
v 0.033923160284757614 0.05352824553847313 0.021332532167434692
v 0.037883881479501724 0.0540621392428875 0.023114170879125595
v 0.033923160284757614 0.05352824553847313 0.021332532167434692
v 0.038741059601306915 0.05186706408858299 0.02108645811676979
v 0.038741059601306915 0.05186706408858299 0.02108645811676979
v 0.033923160284757614 0.05352824553847313 0.021332532167434692
v 0.03477560356259346 0.05144600197672844 0.019368380308151245
v 0.038741059601306915 0.05186706408858299 0.02108645811676979
v 0.03477560356259346 0.05144600197672844 0.019368380308151245
v 0.0394299142062664 0.04934528097510338 0.01931309700012207
v 0.0394299142062664 0.04934528097510338 0.01931309700012207
v 0.03477560356259346 0.05144600197672844 0.019368380308151245
v 0.035445407032966614 0.04904508218169212 0.017671000212430954
v 0.0394299142062664 0.04934528097510338 0.01931309700012207
v 0.035445407032966614 0.04904508218169212 0.017671000212430954
v 0.03995620831847191 0.04650987312197685 0.017811814323067665
v 0.03995620831847191 0.04650987312197685 0.017811814323067665
v 0.035445407032966614 0.04904508218169212 0.017671000212430954
v 0.035940174013376236 0.04633631929755211 0.016259562224149704
v 0.03995620831847191 0.04650987312197685 0.017811814323067665
v 0.035940174013376236 0.04633631929755211 0.016259562224149704
v 0.04033000022172928 0.043405067175626755 0.016581114381551743
v 0.04033000022172928 0.043405067175626755 0.016581114381551743
v 0.035940174013376236 0.04633631929755211 0.016259562224149704
v 0.036276549100875854 0.04336012527346611 0.0151368984952569
v 0.04033000022172928 0.043405067175626755 0.016581114381551743
v 0.036276549100875854 0.04336012527346611 0.0151368984952569
v 0.04056435078382492 0.04011429473757744 0.015596709214150906
v 0.04056435078382492 0.04011429473757744 0.015596709214150906
v 0.036276549100875854 0.04336012527346611 0.0151368984952569
v 0.03648003563284874 0.04019368812441826 0.014287413097918034
v 0.04056435078382492 0.04011429473757744 0.015596709214150906
v 0.03648003563284874 0.04019368812441826 0.014287413097918034
v 0.03663512319326401 0.03373081609606743 0.013210528530180454
v 0.03663512319326401 0.03373081609606743 0.013210528530180454
v 0.03648003563284874 0.04019368812441826 0.014287413097918034
v 0.032486580312252045 0.03742186352610588 0.013483394868671894
v 0.03663512319326401 0.03373081609606743 0.013210528530180454
v 0.032486580312252045 0.03742186352610588 0.013483394868671894
v 0.03342418372631073 0.033321525901556015 0.012998313643038273
v 0.052929967641830444 0.039847638458013535 0.03769185394048691
v 0.053147315979003906 0.0419723205268383 0.0403050035238266
v 0.05132797360420227 0.04646424576640129 0.0364392027258873
v 0.05132797360420227 0.04646424576640129 0.0364392027258873
v 0.053147315979003906 0.0419723205268383 0.0403050035238266
v 0.052948106080293655 0.04426078125834465 0.04110086336731911
v 0.05132797360420227 0.04646424576640129 0.0364392027258873
v 0.052948106080293655 0.04426078125834465 0.04110086336731911
v 0.05086295306682587 0.049234312027692795 0.037961509078741074
v 0.05086295306682587 0.049234312027692795 0.037961509078741074
v 0.052948106080293655 0.04426078125834465 0.04110086336731911
v 0.05229983106255531 0.049825605005025864 0.044010695070028305
v 0.05086295306682587 0.049234312027692795 0.037961509078741074
v 0.05229983106255531 0.049825605005025864 0.044010695070028305
v 0.050267595797777176 0.051857348531484604 0.03961566090583801
v 0.050267595797777176 0.051857348531484604 0.03961566090583801
v 0.05229983106255531 0.049825605005025864 0.044010695070028305
v 0.0518878772854805 0.05159057304263115 0.044792886823415756
v 0.050267595797777176 0.051857348531484604 0.03961566090583801
v 0.0518878772854805 0.05159057304263115 0.044792886823415756
v 0.04952457919716835 0.054310377687215805 0.041403450071811676
v 0.04952457919716835 0.054310377687215805 0.041403450071811676
v 0.0518878772854805 0.05159057304263115 0.044792886823415756
v 0.05013548210263252 0.05459519848227501 0.04373063147068024
v 0.04952457919716835 0.054310377687215805 0.041403450071811676
v 0.05013548210263252 0.05459519848227501 0.04373063147068024
v 0.04973014444112778 0.055150654166936874 0.0435488298535347
v 0.04585792496800423 0.058999743312597275 0.042489394545555115
v 0.043033797293901443 0.060757141560316086 0.042221374809741974
v 0.04430820047855377 0.059792663902044296 0.04163198173046112
v 0.04430820047855377 0.059792663902044296 0.04163198173046112
v 0.043033797293901443 0.060757141560316086 0.042221374809741974
v 0.04065672308206558 0.06042521819472313 0.038252294063568115
v 0.04430820047855377 0.059792663902044296 0.04163198173046112
v 0.04065672308206558 0.06042521819472313 0.038252294063568115
v 0.04553971439599991 0.05797561630606651 0.03941164165735245
v 0.04553971439599991 0.05797561630606651 0.03941164165735245
v 0.04065672308206558 0.06042521819472313 0.038252294063568115
v 0.041992057114839554 0.05889443680644035 0.035842280834913254
v 0.04553971439599991 0.05797561630606651 0.03941164165735245
v 0.041992057114839554 0.05889443680644035 0.035842280834913254
v 0.04663115367293358 0.05593959614634514 0.03730858489871025
v 0.04663115367293358 0.05593959614634514 0.03730858489871025
v 0.041992057114839554 0.05889443680644035 0.035842280834913254
v 0.043208468705415726 0.05713167414069176 0.03353564813733101
v 0.04663115367293358 0.05593959614634514 0.03730858489871025
v 0.043208468705415726 0.05713167414069176 0.03353564813733101
v 0.047579556703567505 0.05368369445204735 0.03533763065934181
v 0.047579556703567505 0.05368369445204735 0.03533763065934181
v 0.043208468705415726 0.05713167414069176 0.03353564813733101
v 0.04429692029953003 0.05512107536196709 0.03136037662625313
v 0.047579556703567505 0.05368369445204735 0.03533763065934181
v 0.04429692029953003 0.05512107536196709 0.03136037662625313
v 0.048385582864284515 0.05121472105383873 0.03350985795259476
v 0.048385582864284515 0.05121472105383873 0.03350985795259476
v 0.04429692029953003 0.05512107536196709 0.03136037662625313
v 0.04524947702884674 0.0528545044362545 0.029341071844100952
v 0.048385582864284515 0.05121472105383873 0.03350985795259476
v 0.04524947702884674 0.0528545044362545 0.029341071844100952
v 0.049052055925130844 0.04854802414774895 0.03183124586939812
v 0.04973014444112778 0.055150654166936874 0.0435488298535347
v 0.0479918047785759 0.05714964494109154 0.04294496029615402
v 0.04952457919716835 0.054310377687215805 0.041403450071811676
v 0.04952457919716835 0.054310377687215805 0.041403450071811676
v 0.0479918047785759 0.05714964494109154 0.04294496029615402
v 0.04663115367293358 0.05593959614634514 0.03730858489871025
v 0.04952457919716835 0.054310377687215805 0.041403450071811676
v 0.04663115367293358 0.05593959614634514 0.03730858489871025
v 0.050267595797777176 0.051857348531484604 0.03961566090583801
v 0.050267595797777176 0.051857348531484604 0.03961566090583801
v 0.04663115367293358 0.05593959614634514 0.03730858489871025
v 0.047579556703567505 0.05368369445204735 0.03533763065934181
v 0.050267595797777176 0.051857348531484604 0.03961566090583801
v 0.047579556703567505 0.05368369445204735 0.03533763065934181
v 0.05086295306682587 0.049234312027692795 0.037961509078741074
v 0.05086295306682587 0.049234312027692795 0.037961509078741074
v 0.047579556703567505 0.05368369445204735 0.03533763065934181
v 0.048385582864284515 0.05121472105383873 0.03350985795259476
v 0.05086295306682587 0.049234312027692795 0.037961509078741074
v 0.048385582864284515 0.05121472105383873 0.03350985795259476
v 0.05132797360420227 0.04646424576640129 0.0364392027258873
v 0.05132797360420227 0.04646424576640129 0.0364392027258873
v 0.048385582864284515 0.05121472105383873 0.03350985795259476
v 0.049052055925130844 0.04854802414774895 0.03183124586939812
v 0.05132797360420227 0.04646424576640129 0.0364392027258873
v 0.049052055925130844 0.04854802414774895 0.03183124586939812
v 0.051947493106126785 0.04059990867972374 0.03375323489308357
v 0.051947493106126785 0.04059990867972374 0.03375323489308357
v 0.049052055925130844 0.04854802414774895 0.03183124586939812
v 0.04998836666345596 0.0427236370742321 0.028908077627420425
v 0.051947493106126785 0.04059990867972374 0.03375323489308357
v 0.04998836666345596 0.0427236370742321 0.028908077627420425
v 0.052283160388469696 0.03451870009303093 0.03140405938029289
v 0.052283160388469696 0.03451870009303093 0.03140405938029289
v 0.04998836666345596 0.0427236370742321 0.028908077627420425
v 0.05046140030026436 0.0364869050681591 0.02643551304936409
v 0.052283160388469696 0.03451870009303093 0.03140405938029289
v 0.05046140030026436 0.0364869050681591 0.02643551304936409
v 0.051531169563531876 0.027315495535731316 0.025679226964712143
v 0.051531169563531876 0.027315495535731316 0.025679226964712143
v 0.05046140030026436 0.0364869050681591 0.02643551304936409
v 0.05057572200894356 0.03016987256705761 0.024123091250658035
v 0.051531169563531876 0.027315495535731316 0.025679226964712143
v 0.05057572200894356 0.03016987256705761 0.024123091250658035
v 0.050046708434820175 0.027284232899546623 0.022024448961019516
v 0.050046708434820175 0.027284232899546623 0.022024448961019516
v 0.05057572200894356 0.03016987256705761 0.024123091250658035
v 0.04838476702570915 0.02725490741431713 0.019122090190649033
v 0.04765419289469719 0.02724584750831127 0.01810714602470398
v 0.04838476702570915 0.02725490741431713 0.019122090190649033
v 0.047906264662742615 0.03164425119757652 0.019671868532896042
v 0.047906264662742615 0.03164425119757652 0.019671868532896042
v 0.04838476702570915 0.02725490741431713 0.019122090190649033
v 0.05057572200894356 0.03016987256705761 0.024123091250658035
v 0.047906264662742615 0.03164425119757652 0.019671868532896042
v 0.05057572200894356 0.03016987256705761 0.024123091250658035
v 0.047804057598114014 0.038205575197935104 0.0218537375330925
v 0.047804057598114014 0.038205575197935104 0.0218537375330925
v 0.05057572200894356 0.03016987256705761 0.024123091250658035
v 0.05046140030026436 0.0364869050681591 0.02643551304936409
v 0.047804057598114014 0.038205575197935104 0.0218537375330925
v 0.05046140030026436 0.0364869050681591 0.02643551304936409
v 0.047225307673215866 0.044599201530218124 0.024356883019208908
v 0.047225307673215866 0.044599201530218124 0.024356883019208908
v 0.05046140030026436 0.0364869050681591 0.02643551304936409
v 0.04998836666345596 0.0427236370742321 0.028908077627420425
v 0.047225307673215866 0.044599201530218124 0.024356883019208908
v 0.04998836666345596 0.0427236370742321 0.028908077627420425
v 0.04671798646450043 0.04757280275225639 0.025835804641246796
v 0.04671798646450043 0.04757280275225639 0.025835804641246796
v 0.04998836666345596 0.0427236370742321 0.028908077627420425
v 0.049052055925130844 0.04854802414774895 0.03183124586939812
v 0.04671798646450043 0.04757280275225639 0.025835804641246796
v 0.049052055925130844 0.04854802414774895 0.03183124586939812
v 0.0460585318505764 0.05033380910754204 0.027496349066495895
v 0.0460585318505764 0.05033380910754204 0.027496349066495895
v 0.049052055925130844 0.04854802414774895 0.03183124586939812
v 0.04524947702884674 0.0528545044362545 0.029341071844100952
v 0.0460585318505764 0.05033380910754204 0.027496349066495895
v 0.04524947702884674 0.0528545044362545 0.029341071844100952
v 0.04167023301124573 0.05387185141444206 0.025781352072954178
v 0.04167023301124573 0.05387185141444206 0.025781352072954178
v 0.04524947702884674 0.0528545044362545 0.029341071844100952
v 0.04250320792198181 0.05561896786093712 0.029567144811153412
v 0.04167023301124573 0.05387185141444206 0.025781352072954178
v 0.04250320792198181 0.05561896786093712 0.029567144811153412
v 0.04065810143947601 0.05592360720038414 0.027960997074842453
v 0.04065810143947601 0.05592360720038414 0.027960997074842453
v 0.04250320792198181 0.05561896786093712 0.029567144811153412
v 0.040119659155607224 0.059125106781721115 0.03423883393406868
v 0.04065810143947601 0.05592360720038414 0.027960997074842453
v 0.040119659155607224 0.059125106781721115 0.03423883393406868
v 0.038217198103666306 0.059188615530729294 0.03278450667858124
v 0.038217198103666306 0.059188615530729294 0.03278450667858124
v 0.040119659155607224 0.059125106781721115 0.03423883393406868
v 0.03727307543158531 0.061697330325841904 0.039289433509111404
v 0.038217198103666306 0.059188615530729294 0.03278450667858124
v 0.03727307543158531 0.061697330325841904 0.039289433509111404
v 0.0353013314306736 0.06152374669909477 0.03794846683740616
v 0.0353013314306736 0.06152374669909477 0.03794846683740616
v 0.03727307543158531 0.061697330325841904 0.039289433509111404
v 0.03655732423067093 0.06282080709934235 0.04253650829195976
v 0.0353013314306736 0.06152374669909477 0.03794846683740616
v 0.03655732423067093 0.06282080709934235 0.04253650829195976
v 0.03208120912313461 0.06323382258415222 0.043135859072208405
v 0.03208120912313461 0.06323382258415222 0.043135859072208405
v 0.03655732423067093 0.06282080709934235 0.04253650829195976
v 0.032081086188554764 0.06324534118175507 0.043173037469387054
v -0.05466329678893089 -0.04254746809601784 0.029338471591472626
v -0.05596492066979408 -0.04015347734093666 0.034370049834251404
v -0.05579795315861702 -0.034187499433755875 0.03203561529517174
v -0.04301442950963974 -0.05536064878106117 0.023088548332452774
v -0.04193434491753578 -0.05730569735169411 0.02544219046831131
v -0.04607005417346954 -0.05685970559716225 0.02815784141421318
v -0.05249328166246414 -0.02551153488457203 0.019496779888868332
v -0.051408782601356506 -0.02613040991127491 0.017771683633327484
v -0.05212828144431114 -0.03210059180855751 0.01972527801990509
v -0.03629523888230324 -0.03864691033959389 0.012190048582851887
v -0.03629479929804802 -0.041545603424310684 0.01279775332659483
v -0.04088525101542473 -0.041696760803461075 0.013262058608233929
v -0.03629479184746742 -0.042849067598581314 0.013146094046533108
v -0.03629476949572563 -0.04661092534661293 0.0145003916695714
v -0.04063377156853676 -0.047858599573373795 0.015548753552138805
v -0.05633174255490303 -0.051096562296152115 0.04533223435282707
v -0.05660519003868103 -0.04918823018670082 0.04455595090985298
v -0.05596207082271576 -0.050366196781396866 0.04229458048939705
v -0.05566561222076416 -0.021520020440220833 0.031114473938941956
v -0.05494830012321472 -0.023159148171544075 0.026315048336982727
v -0.05573407933115959 -0.02692154236137867 0.03150467202067375
v -0.05573407933115959 -0.02692154236137867 0.03150467202067375
v -0.05494830012321472 -0.023159148171544075 0.026315048336982727
v -0.05582829564809799 -0.030866296961903572 0.0322599895298481
v -0.05594680830836296 -0.03391591086983681 0.033330038189888
v -0.05579795315861702 -0.034187499433755875 0.03203561529517174
v -0.0561089888215065 -0.03657609596848488 0.03488143905997276
v -0.0561089888215065 -0.03657609596848488 0.03488143905997276
v -0.05579795315861702 -0.034187499433755875 0.03203561529517174
v -0.05596492066979408 -0.04015347734093666 0.034370049834251404
v -0.0561089888215065 -0.03657609596848488 0.03488143905997276
v -0.05596492066979408 -0.04015347734093666 0.034370049834251404
v -0.056302595883607864 -0.038731638342142105 0.036792948842048645
v -0.05409807339310646 -0.052642885595560074 0.037867967039346695
v -0.053443003445863724 -0.0567038394510746 0.04334450885653496
v -0.05513114482164383 -0.051523301750421524 0.04006194323301315
v -0.05513114482164383 -0.051523301750421524 0.04006194323301315
v -0.053443003445863724 -0.0567038394510746 0.04334450885653496
v -0.0546921007335186 -0.05483156815171242 0.0439600795507431
v -0.05513114482164383 -0.051523301750421524 0.04006194323301315
v -0.0546921007335186 -0.05483156815171242 0.0439600795507431
v -0.05596207082271576 -0.050366196781396866 0.04229458048939705
v -0.05596207082271576 -0.050366196781396866 0.04229458048939705
v -0.0546921007335186 -0.05483156815171242 0.0439600795507431
v -0.05501341074705124 -0.054253701120615005 0.04416109248995781
v -0.05596207082271576 -0.050366196781396866 0.04229458048939705
v -0.05501341074705124 -0.054253701120615005 0.04416109248995781
v -0.05633174255490303 -0.051096562296152115 0.04533223435282707
v -0.05241014063358307 -0.05737939849495888 0.041632670909166336
v -0.05093151703476906 -0.05823874846100807 0.03969786688685417
v -0.05144161358475685 -0.058931414037942886 0.042701300233602524
v -0.05144161358475685 -0.058931414037942886 0.042701300233602524
v -0.05093151703476906 -0.05823874846100807 0.03969786688685417
v -0.04926450178027153 -0.06070813909173012 0.04228999838232994
v -0.04926450178027153 -0.06070813909173012 0.04228999838232994
v -0.05093151703476906 -0.05823874846100807 0.03969786688685417
v -0.049058884382247925 -0.06085020676255226 0.042262569069862366
v -0.049058884382247925 -0.06085020676255226 0.042262569069862366
v -0.05093151703476906 -0.05823874846100807 0.03969786688685417
v -0.04928120970726013 -0.05898711457848549 0.03784564509987831
v -0.049058884382247925 -0.06085020676255226 0.042262569069862366
v -0.04928120970726013 -0.05898711457848549 0.03784564509987831
v -0.046565935015678406 -0.062290702015161514 0.042052604258060455
v -0.03629423677921295 -0.062360648065805435 0.03574627265334129
v -0.03930574655532837 -0.06031579151749611 0.030546993017196655
v -0.03629428893327713 -0.06176638975739479 0.03399191424250603
v -0.03629428893327713 -0.06176638975739479 0.03399191424250603
v -0.03930574655532837 -0.06031579151749611 0.030546993017196655
v -0.03629444167017937 -0.059431854635477066 0.028117630630731583
v -0.03629475459456444 -0.0479353703558445 0.01513406541198492
v -0.03629472851753235 -0.04991627112030983 0.01628260314464569
v -0.04018421098589897 -0.050598565489053726 0.017150985077023506
v -0.04018421098589897 -0.050598565489053726 0.017150985077023506
v -0.03629472851753235 -0.04991627112030983 0.01628260314464569
v -0.03629467263817787 -0.05282643809914589 0.018541403114795685
v -0.03629523888230324 -0.03864691033959389 0.012190048582851887
v -0.04088525101542473 -0.041696760803461075 0.013262058608233929
v -0.036539722234010696 -0.03432006016373634 0.011602074839174747
v -0.04485591500997543 -0.034673575311899185 0.013243081979453564
v -0.043525394052267075 -0.028652550652623177 0.011995871551334858
v -0.04268603399395943 -0.03502935543656349 0.01246191468089819
v -0.04268603399395943 -0.03502935543656349 0.01246191468089819
v -0.043525394052267075 -0.028652550652623177 0.011995871551334858
v -0.04065404459834099 -0.02913898415863514 0.0114161791279912
v -0.04268603399395943 -0.03502935543656349 0.01246191468089819
v -0.04065404459834099 -0.02913898415863514 0.0114161791279912
v -0.040448691695928574 -0.035280290991067886 0.011988705955445766
v -0.050501104444265366 -0.026566119864583015 0.016595767810940742
v -0.04866773262619972 -0.027291448786854744 0.014751779846847057
v -0.04885603114962578 -0.033613596111536026 0.015831490978598595
v -0.04885603114962578 -0.033613596111536026 0.015831490978598595
v -0.04866773262619972 -0.027291448786854744 0.014751779846847057
v -0.04801538586616516 -0.02751121111214161 0.014231742359697819
v -0.04885603114962578 -0.033613596111536026 0.015831490978598595
v -0.04801538586616516 -0.02751121111214161 0.014231742359697819
v -0.04692563787102699 -0.034203145653009415 0.014363382942974567
v -0.04692563787102699 -0.034203145653009415 0.014363382942974567
v -0.04801538586616516 -0.02751121111214161 0.014231742359697819
v -0.04623507335782051 -0.02803230471909046 0.013097439892590046
v -0.04692563787102699 -0.034203145653009415 0.014363382942974567
v -0.04623507335782051 -0.02803230471909046 0.013097439892590046
v -0.04485591500997543 -0.034673575311899185 0.013243081979453564
v -0.04485591500997543 -0.034673575311899185 0.013243081979453564
v -0.04623507335782051 -0.02803230471909046 0.013097439892590046
v -0.04472905769944191 -0.028399290516972542 0.0124058211222291
v -0.04485591500997543 -0.034673575311899185 0.013243081979453564
v -0.04472905769944191 -0.028399290516972542 0.0124058211222291
v -0.043525394052267075 -0.028652550652623177 0.011995871551334858
v -0.05390779301524162 -0.024423928931355476 0.022619418799877167
v -0.05579795315861702 -0.034187499433755875 0.03203561529517174
v -0.05494830012321472 -0.023159148171544075 0.026315048336982727
v -0.05494830012321472 -0.023159148171544075 0.026315048336982727
v -0.05579795315861702 -0.034187499433755875 0.03203561529517174
v -0.05594680830836296 -0.03391591086983681 0.033330038189888
v -0.05494830012321472 -0.023159148171544075 0.026315048336982727
v -0.05594680830836296 -0.03391591086983681 0.033330038189888
v -0.05582829564809799 -0.030866296961903572 0.0322599895298481
v -0.0405280664563179 -0.06284213066101074 0.03811812400817871
v -0.04464266076683998 -0.06272280216217041 0.04086391255259514
v -0.04207200929522514 -0.06169408932328224 0.03553689643740654
v -0.04207200929522514 -0.06169408932328224 0.03553689643740654
v -0.04464266076683998 -0.06272280216217041 0.04086391255259514
v -0.04611542448401451 -0.06127065792679787 0.038446228951215744
v -0.04207200929522514 -0.06169408932328224 0.03553689643740654
v -0.04611542448401451 -0.06127065792679787 0.038446228951215744
v -0.04352850466966629 -0.06033558025956154 0.03299441561102867
v -0.04352850466966629 -0.06033558025956154 0.03299441561102867
v -0.04611542448401451 -0.06127065792679787 0.038446228951215744
v -0.04747825488448143 -0.05960297957062721 0.036094438284635544
v -0.04352850466966629 -0.06033558025956154 0.03299441561102867
v -0.04747825488448143 -0.05960297957062721 0.036094438284635544
v -0.04487006366252899 -0.05873251333832741 0.03052259236574173
v -0.04607005417346954 -0.05685970559716225 0.02815784141421318
v -0.04487006366252899 -0.05873251333832741 0.03052259236574173
v -0.048708558082580566 -0.05770460143685341 0.033830538392066956
v -0.048708558082580566 -0.05770460143685341 0.033830538392066956
v -0.04487006366252899 -0.05873251333832741 0.03052259236574173
v -0.04747825488448143 -0.05960297957062721 0.036094438284635544
v -0.048708558082580566 -0.05770460143685341 0.033830538392066956
v -0.04747825488448143 -0.05960297957062721 0.036094438284635544
v -0.04928120970726013 -0.05898711457848549 0.03784564509987831
v -0.04928120970726013 -0.05898711457848549 0.03784564509987831
v -0.04747825488448143 -0.05960297957062721 0.036094438284635544
v -0.04611542448401451 -0.06127065792679787 0.038446228951215744
v -0.04928120970726013 -0.05898711457848549 0.03784564509987831
v -0.04611542448401451 -0.06127065792679787 0.038446228951215744
v -0.046565935015678406 -0.062290702015161514 0.042052604258060455
v -0.046565935015678406 -0.062290702015161514 0.042052604258060455
v -0.04611542448401451 -0.06127065792679787 0.038446228951215744
v -0.04464266076683998 -0.06272280216217041 0.04086391255259514
v -0.046565935015678406 -0.062290702015161514 0.042052604258060455
v -0.04464266076683998 -0.06272280216217041 0.04086391255259514
v -0.04363100230693817 -0.06343081593513489 0.042041730135679245
v -0.04363100230693817 -0.06343081593513489 0.042041730135679245
v -0.04464266076683998 -0.06272280216217041 0.04086391255259514
v -0.0405280664563179 -0.06284213066101074 0.03811812400817871
v -0.04363100230693817 -0.06343081593513489 0.042041730135679245
v -0.0405280664563179 -0.06284213066101074 0.03811812400817871
v -0.04044711962342262 -0.06413835287094116 0.04224943369626999
v -0.04044711962342262 -0.06413835287094116 0.04224943369626999
v -0.0405280664563179 -0.06284213066101074 0.03811812400817871
v -0.03629390895366669 -0.0643703043460846 0.04225561022758484
v -0.04044711962342262 -0.06413835287094116 0.04224943369626999
v -0.03629390895366669 -0.0643703043460846 0.04225561022758484
v -0.03629380464553833 -0.06451660394668579 0.04274754971265793
v -0.051416147500276566 -0.0546892024576664 0.03365475311875343
v -0.05069730058312416 -0.05319390073418617 0.029659520834684372
v -0.04978683218359947 -0.05556798353791237 0.03167808800935745
v -0.04978683218359947 -0.05556798353791237 0.03167808800935745
v -0.05069730058312416 -0.05319390073418617 0.029659520834684372
v -0.047104209661483765 -0.054702822118997574 0.025937113910913467
v -0.04607005417346954 -0.05685970559716225 0.02815784141421318
v -0.04193434491753578 -0.05730569735169411 0.02544219046831131
v -0.04487006366252899 -0.05873251333832741 0.03052259236574173
v -0.04487006366252899 -0.05873251333832741 0.03052259236574173
v -0.04193434491753578 -0.05730569735169411 0.02544219046831131
v -0.04068867117166519 -0.05894723907113075 0.027944892644882202
v -0.04487006366252899 -0.05873251333832741 0.03052259236574173
v -0.04068867117166519 -0.05894723907113075 0.027944892644882202
v -0.04352850466966629 -0.06033558025956154 0.03299441561102867
v -0.04352850466966629 -0.06033558025956154 0.03299441561102867
v -0.04068867117166519 -0.05894723907113075 0.027944892644882202
v -0.03930574655532837 -0.06031579151749611 0.030546993017196655
v -0.04352850466966629 -0.06033558025956154 0.03299441561102867
v -0.03930574655532837 -0.06031579151749611 0.030546993017196655
v -0.04207200929522514 -0.06169408932328224 0.03553689643740654
v -0.04207200929522514 -0.06169408932328224 0.03553689643740654
v -0.03930574655532837 -0.06031579151749611 0.030546993017196655
v -0.03629423677921295 -0.062360648065805435 0.03574627265334129
v -0.04207200929522514 -0.06169408932328224 0.03553689643740654
v -0.03629423677921295 -0.062360648065805435 0.03574627265334129
v -0.0405280664563179 -0.06284213066101074 0.03811812400817871
v -0.0405280664563179 -0.06284213066101074 0.03811812400817871
v -0.03629423677921295 -0.062360648065805435 0.03574627265334129
v -0.036294229328632355 -0.06241491809487343 0.03591129183769226
v -0.0405280664563179 -0.06284213066101074 0.03811812400817871
v -0.036294229328632355 -0.06241491809487343 0.03591129183769226
v -0.03629390895366669 -0.0643703043460846 0.04225561022758484
v -0.03951325640082359 -0.05303490534424782 0.019047144800424576
v -0.03863118216395378 -0.05514797940850258 0.02120310813188553
v -0.04173935204744339 -0.05317050591111183 0.019856952130794525
v -0.04173935204744339 -0.05317050591111183 0.019856952130794525
v -0.03863118216395378 -0.05514797940850258 0.02120310813188553
v -0.04390404000878334 -0.05309602990746498 0.020931925624608994
v -0.04173935204744339 -0.05317050591111183 0.019856952130794525
v -0.04390404000878334 -0.05309602990746498 0.020931925624608994
v -0.04504319280385971 -0.04764113202691078 0.017360197380185127
v -0.04504319280385971 -0.04764113202691078 0.017360197380185127
v -0.04390404000878334 -0.05309602990746498 0.020931925624608994
v -0.04710838943719864 -0.04721957817673683 0.018745921552181244
v -0.05078969523310661 -0.045773837715387344 0.022386256605386734
v -0.049777209758758545 -0.05151504650712013 0.025745686143636703
v -0.05142856761813164 -0.05059239640831947 0.027793511748313904
v -0.03629444167017937 -0.059431854635477066 0.028117630630731583
v -0.03930574655532837 -0.06031579151749611 0.030546993017196655
v -0.036294467747211456 -0.058859679847955704 0.026921335607767105
v -0.036294467747211456 -0.058859679847955704 0.026921335607767105
v -0.03930574655532837 -0.06031579151749611 0.030546993017196655
v -0.04068867117166519 -0.05894723907113075 0.027944892644882202
v -0.036294467747211456 -0.058859679847955704 0.026921335607767105
v -0.04068867117166519 -0.05894723907113075 0.027944892644882202
v -0.0375567264854908 -0.05694204941391945 0.023571819067001343
v -0.0375567264854908 -0.05694204941391945 0.023571819067001343
v -0.04068867117166519 -0.05894723907113075 0.027944892644882202
v -0.04193434491753578 -0.05730569735169411 0.02544219046831131
v -0.0375567264854908 -0.05694204941391945 0.023571819067001343
v -0.04193434491753578 -0.05730569735169411 0.02544219046831131
v -0.03863118216395378 -0.05514797940850258 0.02120310813188553
v -0.03863118216395378 -0.05514797940850258 0.02120310813188553
v -0.04193434491753578 -0.05730569735169411 0.02544219046831131
v -0.04301442950963974 -0.05536064878106117 0.023088548332452774
v -0.03863118216395378 -0.05514797940850258 0.02120310813188553
v -0.04301442950963974 -0.05536064878106117 0.023088548332452774
v -0.04390404000878334 -0.05309602990746498 0.020931925624608994
v -0.04390404000878334 -0.05309602990746498 0.020931925624608994
v -0.04301442950963974 -0.05536064878106117 0.023088548332452774
v -0.04598425328731537 -0.05279308930039406 0.022280622273683548
v -0.04390404000878334 -0.05309602990746498 0.020931925624608994
v -0.04598425328731537 -0.05279308930039406 0.022280622273683548
v -0.04710838943719864 -0.04721957817673683 0.018745921552181244
v -0.051408782601356506 -0.02613040991127491 0.017771683633327484
v -0.050501104444265366 -0.026566119864583015 0.016595767810940742
v -0.05212828144431114 -0.03210059180855751 0.01972527801990509
v -0.05212828144431114 -0.03210059180855751 0.01972527801990509
v -0.050501104444265366 -0.026566119864583015 0.016595767810940742
v -0.04885603114962578 -0.033613596111536026 0.015831490978598595
v -0.05212828144431114 -0.03210059180855751 0.01972527801990509
v -0.04885603114962578 -0.033613596111536026 0.015831490978598595
v -0.05252286046743393 -0.03848421946167946 0.021947626024484634
v -0.03629476949572563 -0.04661092534661293 0.0145003916695714
v -0.03629475459456444 -0.0479353703558445 0.01513406541198492
v -0.04063377156853676 -0.047858599573373795 0.015548753552138805
v -0.04063377156853676 -0.047858599573373795 0.015548753552138805
v -0.03629475459456444 -0.0479353703558445 0.01513406541198492
v -0.04018421098589897 -0.050598565489053726 0.017150985077023506
v -0.04063377156853676 -0.047858599573373795 0.015548753552138805
v -0.04018421098589897 -0.050598565489053726 0.017150985077023506
v -0.04287506267428398 -0.04785076156258583 0.01629520393908024
v -0.04504319280385971 -0.04764113202691078 0.017360197380185127
v -0.04287506267428398 -0.04785076156258583 0.01629520393908024
v -0.04173935204744339 -0.05317050591111183 0.019856952130794525
v -0.04173935204744339 -0.05317050591111183 0.019856952130794525
v -0.04287506267428398 -0.04785076156258583 0.01629520393908024
v -0.04018421098589897 -0.050598565489053726 0.017150985077023506
v -0.04173935204744339 -0.05317050591111183 0.019856952130794525
v -0.04018421098589897 -0.050598565489053726 0.017150985077023506
v -0.03951325640082359 -0.05303490534424782 0.019047144800424576
v -0.03951325640082359 -0.05303490534424782 0.019047144800424576
v -0.04018421098589897 -0.050598565489053726 0.017150985077023506
v -0.03629467263817787 -0.05282643809914589 0.018541403114795685
v -0.03951325640082359 -0.05303490534424782 0.019047144800424576
v -0.03629467263817787 -0.05282643809914589 0.018541403114795685
v -0.03863118216395378 -0.05514797940850258 0.02120310813188553
v -0.03863118216395378 -0.05514797940850258 0.02120310813188553
v -0.03629467263817787 -0.05282643809914589 0.018541403114795685
v -0.0362946093082428 -0.05524635687470436 0.021143678575754166
v -0.03863118216395378 -0.05514797940850258 0.02120310813188553
v -0.0362946093082428 -0.05524635687470436 0.021143678575754166
v -0.0375567264854908 -0.05694204941391945 0.023571819067001343
v -0.0375567264854908 -0.05694204941391945 0.023571819067001343
v -0.0362946093082428 -0.05524635687470436 0.021143678575754166
v -0.03629453107714653 -0.05744734779000282 0.024329353123903275
v -0.0375567264854908 -0.05694204941391945 0.023571819067001343
v -0.03629453107714653 -0.05744734779000282 0.024329353123903275
v -0.036294467747211456 -0.058859679847955704 0.026921335607767105
v -0.05078969523310661 -0.045773837715387344 0.022386256605386734
v -0.05252286046743393 -0.03848421946167946 0.021947626024484634
v -0.049293264746665955 -0.04017660394310951 0.017823578789830208
v -0.049293264746665955 -0.04017660394310951 0.017823578789830208
v -0.05252286046743393 -0.03848421946167946 0.021947626024484634
v -0.04885603114962578 -0.033613596111536026 0.015831490978598595
v -0.049293264746665955 -0.04017660394310951 0.017823578789830208
v -0.04885603114962578 -0.033613596111536026 0.015831490978598595
v -0.04737427830696106 -0.040800515562295914 0.016182228922843933
v -0.04737427830696106 -0.040800515562295914 0.016182228922843933
v -0.04885603114962578 -0.033613596111536026 0.015831490978598595
v -0.04692563787102699 -0.034203145653009415 0.014363382942974567
v -0.04737427830696106 -0.040800515562295914 0.016182228922843933
v -0.04692563787102699 -0.034203145653009415 0.014363382942974567
v -0.04530815780162811 -0.041259411722421646 0.014868662692606449
v -0.04530815780162811 -0.041259411722421646 0.014868662692606449
v -0.04692563787102699 -0.034203145653009415 0.014363382942974567
v -0.04485591500997543 -0.034673575311899185 0.013243081979453564
v -0.04530815780162811 -0.041259411722421646 0.014868662692606449
v -0.04485591500997543 -0.034673575311899185 0.013243081979453564
v -0.04313400760293007 -0.041554514318704605 0.013897945173084736
v -0.04313400760293007 -0.041554514318704605 0.013897945173084736
v -0.04485591500997543 -0.034673575311899185 0.013243081979453564
v -0.04268603399395943 -0.03502935543656349 0.01246191468089819
v -0.04313400760293007 -0.041554514318704605 0.013897945173084736
v -0.04268603399395943 -0.03502935543656349 0.01246191468089819
v -0.04088525101542473 -0.041696760803461075 0.013262058608233929
v -0.04088525101542473 -0.041696760803461075 0.013262058608233929
v -0.04268603399395943 -0.03502935543656349 0.01246191468089819
v -0.040448691695928574 -0.035280290991067886 0.011988705955445766
v -0.04088525101542473 -0.041696760803461075 0.013262058608233929
v -0.040448691695928574 -0.035280290991067886 0.011988705955445766
v -0.036539722234010696 -0.03432006016373634 0.011602074839174747
v -0.036539722234010696 -0.03432006016373634 0.011602074839174747
v -0.040448691695928574 -0.035280290991067886 0.011988705955445766
v -0.04065404459834099 -0.02913898415863514 0.0114161791279912
v -0.036539722234010696 -0.03432006016373634 0.011602074839174747
v -0.04065404459834099 -0.02913898415863514 0.0114161791279912
v -0.037252653390169144 -0.02954241819679737 0.01123566273599863
v -0.05287516117095947 -0.04954284802079201 0.029983077198266983
v -0.054090991616249084 -0.048409853130578995 0.0322674885392189
v -0.05445414409041405 -0.045533452183008194 0.03073989227414131
v -0.05445414409041405 -0.045533452183008194 0.03073989227414131
v -0.054090991616249084 -0.048409853130578995 0.0322674885392189
v -0.05507007613778114 -0.047226402908563614 0.03461242839694023
v -0.05737657472491264 -0.04481619969010353 0.04793553054332733
v -0.057348813861608505 -0.04470372572541237 0.04762585088610649
v -0.05709794536232948 -0.047701213508844376 0.0466998852789402
v -0.05709794536232948 -0.047701213508844376 0.0466998852789402
v -0.057348813861608505 -0.04470372572541237 0.04762585088610649
v -0.05687494948506355 -0.04263162985444069 0.04261450096964836
v -0.05709794536232948 -0.047701213508844376 0.0466998852789402
v -0.05687494948506355 -0.04263162985444069 0.04261450096964836
v -0.05676869675517082 -0.04358759894967079 0.04180869460105896
v -0.05676869675517082 -0.04358759894967079 0.04180869460105896
v -0.05687494948506355 -0.04263162985444069 0.04261450096964836
v -0.05657753348350525 -0.04090258851647377 0.03955785185098648
v -0.05676869675517082 -0.04358759894967079 0.04180869460105896
v -0.05657753348350525 -0.04090258851647377 0.03955785185098648
v -0.05637957155704498 -0.04480058327317238 0.03939560428261757
v -0.05637957155704498 -0.04480058327317238 0.03939560428261757
v -0.05657753348350525 -0.04090258851647377 0.03955785185098648
v -0.056302595883607864 -0.038731638342142105 0.036792948842048645
v -0.05637957155704498 -0.04480058327317238 0.03939560428261757
v -0.056302595883607864 -0.038731638342142105 0.036792948842048645
v -0.05582452192902565 -0.04601741209626198 0.036993738263845444
v -0.05582452192902565 -0.04601741209626198 0.036993738263845444
v -0.056302595883607864 -0.038731638342142105 0.036792948842048645
v -0.05596492066979408 -0.04015347734093666 0.034370049834251404
v -0.05582452192902565 -0.04601741209626198 0.036993738263845444
v -0.05596492066979408 -0.04015347734093666 0.034370049834251404
v -0.05507007613778114 -0.047226402908563614 0.03461242839694023
v -0.05507007613778114 -0.047226402908563614 0.03461242839694023
v -0.05596492066979408 -0.04015347734093666 0.034370049834251404
v -0.05466329678893089 -0.04254746809601784 0.029338471591472626
v -0.05507007613778114 -0.047226402908563614 0.03461242839694023
v -0.05466329678893089 -0.04254746809601784 0.029338471591472626
v -0.05445414409041405 -0.045533452183008194 0.03073989227414131
v -0.05142856761813164 -0.05059239640831947 0.027793511748313904
v -0.05197424814105034 -0.047783587127923965 0.02609230950474739
v -0.05078969523310661 -0.045773837715387344 0.022386256605386734
v -0.05078969523310661 -0.045773837715387344 0.022386256605386734
v -0.05197424814105034 -0.047783587127923965 0.02609230950474739
v -0.052333634346723557 -0.044798556715250015 0.024559058248996735
v -0.05078969523310661 -0.045773837715387344 0.022386256605386734
v -0.052333634346723557 -0.044798556715250015 0.024559058248996735
v -0.05252286046743393 -0.03848421946167946 0.021947626024484634
v -0.05252286046743393 -0.03848421946167946 0.021947626024484634
v -0.052333634346723557 -0.044798556715250015 0.024559058248996735
v -0.054693419486284256 -0.03640094771981239 0.026837170124053955
v -0.05252286046743393 -0.03848421946167946 0.021947626024484634
v -0.054693419486284256 -0.03640094771981239 0.026837170124053955
v -0.05212828144431114 -0.03210059180855751 0.01972527801990509
v -0.05212828144431114 -0.03210059180855751 0.01972527801990509
v -0.054693419486284256 -0.03640094771981239 0.026837170124053955
v -0.05435848608613014 -0.030274393036961555 0.024525675922632217
v -0.05142856761813164 -0.05059239640831947 0.027793511748313904
v -0.05287516117095947 -0.04954284802079201 0.029983077198266983
v -0.05197424814105034 -0.047783587127923965 0.02609230950474739
v -0.05197424814105034 -0.047783587127923965 0.02609230950474739
v -0.05287516117095947 -0.04954284802079201 0.029983077198266983
v -0.05445414409041405 -0.045533452183008194 0.03073989227414131
v -0.05197424814105034 -0.047783587127923965 0.02609230950474739
v -0.05445414409041405 -0.045533452183008194 0.03073989227414131
v -0.052333634346723557 -0.044798556715250015 0.024559058248996735
v -0.052333634346723557 -0.044798556715250015 0.024559058248996735
v -0.05445414409041405 -0.045533452183008194 0.03073989227414131
v -0.05466329678893089 -0.04254746809601784 0.029338471591472626
v -0.052333634346723557 -0.044798556715250015 0.024559058248996735
v -0.05466329678893089 -0.04254746809601784 0.029338471591472626
v -0.054693419486284256 -0.03640094771981239 0.026837170124053955
v -0.054693419486284256 -0.03640094771981239 0.026837170124053955
v -0.05466329678893089 -0.04254746809601784 0.029338471591472626
v -0.05579795315861702 -0.034187499433755875 0.03203561529517174
v -0.054693419486284256 -0.03640094771981239 0.026837170124053955
v -0.05579795315861702 -0.034187499433755875 0.03203561529517174
v -0.05435848608613014 -0.030274393036961555 0.024525675922632217
v -0.05435848608613014 -0.030274393036961555 0.024525675922632217
v -0.05579795315861702 -0.034187499433755875 0.03203561529517174
v -0.05390779301524162 -0.024423928931355476 0.022619418799877167
v -0.05435848608613014 -0.030274393036961555 0.024525675922632217
v -0.05390779301524162 -0.024423928931355476 0.022619418799877167
v -0.05212828144431114 -0.03210059180855751 0.01972527801990509
v -0.05212828144431114 -0.03210059180855751 0.01972527801990509
v -0.05390779301524162 -0.024423928931355476 0.022619418799877167
v -0.05281359329819679 -0.025300325825810432 0.020095977932214737
v -0.05212828144431114 -0.03210059180855751 0.01972527801990509
v -0.05281359329819679 -0.025300325825810432 0.020095977932214737
v -0.05249328166246414 -0.02551153488457203 0.019496779888868332
v -0.05144161358475685 -0.058931414037942886 0.042701300233602524
v -0.053443003445863724 -0.0567038394510746 0.04334450885653496
v -0.05241014063358307 -0.05737939849495888 0.041632670909166336
v -0.05241014063358307 -0.05737939849495888 0.041632670909166336
v -0.053443003445863724 -0.0567038394510746 0.04334450885653496
v -0.05409807339310646 -0.052642885595560074 0.037867967039346695
v -0.05241014063358307 -0.05737939849495888 0.041632670909166336
v -0.05409807339310646 -0.052642885595560074 0.037867967039346695
v -0.05093151703476906 -0.05823874846100807 0.03969786688685417
v -0.05093151703476906 -0.05823874846100807 0.03969786688685417
v -0.05409807339310646 -0.052642885595560074 0.037867967039346695
v -0.052858106791973114 -0.05370563641190529 0.035726141184568405
v -0.05093151703476906 -0.05823874846100807 0.03969786688685417
v -0.052858106791973114 -0.05370563641190529 0.035726141184568405
v -0.04928120970726013 -0.05898711457848549 0.03784564509987831
v -0.04928120970726013 -0.05898711457848549 0.03784564509987831
v -0.052858106791973114 -0.05370563641190529 0.035726141184568405
v -0.051416147500276566 -0.0546892024576664 0.03365475311875343
v -0.04928120970726013 -0.05898711457848549 0.03784564509987831
v -0.051416147500276566 -0.0546892024576664 0.03365475311875343
v -0.048708558082580566 -0.05770460143685341 0.033830538392066956
v -0.048708558082580566 -0.05770460143685341 0.033830538392066956
v -0.051416147500276566 -0.0546892024576664 0.03365475311875343
v -0.04978683218359947 -0.05556798353791237 0.03167808800935745
v -0.048708558082580566 -0.05770460143685341 0.033830538392066956
v -0.04978683218359947 -0.05556798353791237 0.03167808800935745
v -0.04607005417346954 -0.05685970559716225 0.02815784141421318
v -0.04607005417346954 -0.05685970559716225 0.02815784141421318
v -0.04978683218359947 -0.05556798353791237 0.03167808800935745
v -0.047104209661483765 -0.054702822118997574 0.025937113910913467
v -0.04607005417346954 -0.05685970559716225 0.02815784141421318
v -0.047104209661483765 -0.054702822118997574 0.025937113910913467
v -0.04301442950963974 -0.05536064878106117 0.023088548332452774
v -0.04301442950963974 -0.05536064878106117 0.023088548332452774
v -0.047104209661483765 -0.054702822118997574 0.025937113910913467
v -0.047952134162187576 -0.052260491997003555 0.023893915116786957
v -0.04301442950963974 -0.05536064878106117 0.023088548332452774
v -0.047952134162187576 -0.052260491997003555 0.023893915116786957
v -0.04598425328731537 -0.05279308930039406 0.022280622273683548
v -0.04598425328731537 -0.05279308930039406 0.022280622273683548
v -0.047952134162187576 -0.052260491997003555 0.023893915116786957
v -0.049036066979169846 -0.04659101739525795 0.02043309435248375
v -0.04598425328731537 -0.05279308930039406 0.022280622273683548
v -0.049036066979169846 -0.04659101739525795 0.02043309435248375
v -0.04710838943719864 -0.04721957817673683 0.018745921552181244
v -0.03629479929804802 -0.041545603424310684 0.01279775332659483
v -0.03629479184746742 -0.042849067598581314 0.013146094046533108
v -0.04088525101542473 -0.041696760803461075 0.013262058608233929
v -0.04088525101542473 -0.041696760803461075 0.013262058608233929
v -0.03629479184746742 -0.042849067598581314 0.013146094046533108
v -0.04063377156853676 -0.047858599573373795 0.015548753552138805
v -0.04088525101542473 -0.041696760803461075 0.013262058608233929
v -0.04063377156853676 -0.047858599573373795 0.015548753552138805
v -0.04313400760293007 -0.041554514318704605 0.013897945173084736
v -0.04313400760293007 -0.041554514318704605 0.013897945173084736
v -0.04063377156853676 -0.047858599573373795 0.015548753552138805
v -0.04287506267428398 -0.04785076156258583 0.01629520393908024
v -0.04313400760293007 -0.041554514318704605 0.013897945173084736
v -0.04287506267428398 -0.04785076156258583 0.01629520393908024
v -0.04530815780162811 -0.041259411722421646 0.014868662692606449
v -0.04530815780162811 -0.041259411722421646 0.014868662692606449
v -0.04287506267428398 -0.04785076156258583 0.01629520393908024
v -0.04504319280385971 -0.04764113202691078 0.017360197380185127
v -0.04530815780162811 -0.041259411722421646 0.014868662692606449
v -0.04504319280385971 -0.04764113202691078 0.017360197380185127
v -0.04737427830696106 -0.040800515562295914 0.016182228922843933
v -0.04737427830696106 -0.040800515562295914 0.016182228922843933
v -0.04504319280385971 -0.04764113202691078 0.017360197380185127
v -0.04710838943719864 -0.04721957817673683 0.018745921552181244
v -0.04737427830696106 -0.040800515562295914 0.016182228922843933
v -0.04710838943719864 -0.04721957817673683 0.018745921552181244
v -0.049293264746665955 -0.04017660394310951 0.017823578789830208
v -0.049293264746665955 -0.04017660394310951 0.017823578789830208
v -0.04710838943719864 -0.04721957817673683 0.018745921552181244
v -0.049036066979169846 -0.04659101739525795 0.02043309435248375
v -0.049293264746665955 -0.04017660394310951 0.017823578789830208
v -0.049036066979169846 -0.04659101739525795 0.02043309435248375
v -0.05078969523310661 -0.045773837715387344 0.022386256605386734
v -0.05078969523310661 -0.045773837715387344 0.022386256605386734
v -0.049036066979169846 -0.04659101739525795 0.02043309435248375
v -0.047952134162187576 -0.052260491997003555 0.023893915116786957
v -0.05078969523310661 -0.045773837715387344 0.022386256605386734
v -0.047952134162187576 -0.052260491997003555 0.023893915116786957
v -0.049777209758758545 -0.05151504650712013 0.025745686143636703
v -0.049777209758758545 -0.05151504650712013 0.025745686143636703
v -0.047952134162187576 -0.052260491997003555 0.023893915116786957
v -0.047104209661483765 -0.054702822118997574 0.025937113910913467
v -0.049777209758758545 -0.05151504650712013 0.025745686143636703
v -0.047104209661483765 -0.054702822118997574 0.025937113910913467
v -0.05142856761813164 -0.05059239640831947 0.027793511748313904
v -0.05142856761813164 -0.05059239640831947 0.027793511748313904
v -0.047104209661483765 -0.054702822118997574 0.025937113910913467
v -0.05069730058312416 -0.05319390073418617 0.029659520834684372
v -0.05142856761813164 -0.05059239640831947 0.027793511748313904
v -0.05069730058312416 -0.05319390073418617 0.029659520834684372
v -0.05287516117095947 -0.04954284802079201 0.029983077198266983
v -0.05287516117095947 -0.04954284802079201 0.029983077198266983
v -0.05069730058312416 -0.05319390073418617 0.029659520834684372
v -0.051416147500276566 -0.0546892024576664 0.03365475311875343
v -0.05287516117095947 -0.04954284802079201 0.029983077198266983
v -0.051416147500276566 -0.0546892024576664 0.03365475311875343
v -0.054090991616249084 -0.048409853130578995 0.0322674885392189
v -0.054090991616249084 -0.048409853130578995 0.0322674885392189
v -0.051416147500276566 -0.0546892024576664 0.03365475311875343
v -0.052858106791973114 -0.05370563641190529 0.035726141184568405
v -0.054090991616249084 -0.048409853130578995 0.0322674885392189
v -0.052858106791973114 -0.05370563641190529 0.035726141184568405
v -0.05507007613778114 -0.047226402908563614 0.03461242839694023
v -0.05507007613778114 -0.047226402908563614 0.03461242839694023
v -0.052858106791973114 -0.05370563641190529 0.035726141184568405
v -0.05409807339310646 -0.052642885595560074 0.037867967039346695
v -0.05507007613778114 -0.047226402908563614 0.03461242839694023
v -0.05409807339310646 -0.052642885595560074 0.037867967039346695
v -0.05582452192902565 -0.04601741209626198 0.036993738263845444
v -0.05582452192902565 -0.04601741209626198 0.036993738263845444
v -0.05409807339310646 -0.052642885595560074 0.037867967039346695
v -0.05513114482164383 -0.051523301750421524 0.04006194323301315
v -0.05582452192902565 -0.04601741209626198 0.036993738263845444
v -0.05513114482164383 -0.051523301750421524 0.04006194323301315
v -0.05637957155704498 -0.04480058327317238 0.03939560428261757
v -0.05637957155704498 -0.04480058327317238 0.03939560428261757
v -0.05513114482164383 -0.051523301750421524 0.04006194323301315
v -0.05596207082271576 -0.050366196781396866 0.04229458048939705
v -0.05637957155704498 -0.04480058327317238 0.03939560428261757
v -0.05596207082271576 -0.050366196781396866 0.04229458048939705
v -0.05676869675517082 -0.04358759894967079 0.04180869460105896
v -0.05676869675517082 -0.04358759894967079 0.04180869460105896
v -0.05596207082271576 -0.050366196781396866 0.04229458048939705
v -0.05660519003868103 -0.04918823018670082 0.04455595090985298
v -0.05676869675517082 -0.04358759894967079 0.04180869460105896
v -0.05660519003868103 -0.04918823018670082 0.04455595090985298
v -0.05709794536232948 -0.047701213508844376 0.0466998852789402
v -0.05709794536232948 -0.047701213508844376 0.0466998852789402
v -0.05660519003868103 -0.04918823018670082 0.04455595090985298
v -0.05633174255490303 -0.051096562296152115 0.04533223435282707
v -0.04297535866498947 0.04163616523146629 0.013904246501624584
v -0.04515495523810387 0.04132085666060448 0.014894197694957256
v -0.045143019407987595 0.044604476541280746 0.016011932864785194
v -0.04679872840642929 0.03421802446246147 0.014404426328837872
v -0.04876251891255379 0.03360963985323906 0.015901584178209305
v -0.04919847100973129 0.04019826278090477 0.01790195144712925
v -0.056562088429927826 0.040982436388731 0.039422471076250076
v -0.05685919150710106 0.04272350296378136 0.042454227805137634
v -0.05677199363708496 0.04360639676451683 0.04179176688194275
v -0.05732659623026848 0.04478512331843376 0.04739634320139885
v -0.057376645505428314 0.04498269781470299 0.047935571521520615
v -0.05727795884013176 0.046348657459020615 0.04734252020716667
v -0.051598407328128815 0.05894623324275017 0.04274146631360054
v -0.0498485304415226 0.06025804206728935 0.04185737296938896
v -0.05102914199233055 0.05829983577132225 0.03969625011086464
v -0.04106424003839493 0.029088271781802177 0.011480120010674
v -0.043048400431871414 0.02873353473842144 0.011897341348230839
v -0.04470546171069145 0.0347076915204525 0.01325999666005373
v -0.053878892213106155 0.02435898594558239 0.02264263480901718
v -0.05494167283177376 0.02307879738509655 0.0263344906270504
v -0.05437790974974632 0.030217928811907768 0.024691089987754822
v -0.05437790974974632 0.030217928811907768 0.024691089987754822
v -0.05494167283177376 0.02307879738509655 0.0263344906270504
v -0.055815909057855606 0.03416607901453972 0.0321786142885685
v -0.053878892213106155 0.02435898594558239 0.02264263480901718
v -0.05437790974974632 0.030217928811907768 0.024691089987754822
v -0.0527183823287487 0.025275496765971184 0.02003854513168335
v -0.0527183823287487 0.025275496765971184 0.02003854513168335
v -0.05437790974974632 0.030217928811907768 0.024691089987754822
v -0.05210570991039276 0.03206435963511467 0.01985541731119156
v -0.0527183823287487 0.025275496765971184 0.02003854513168335
v -0.05210570991039276 0.03206435963511467 0.01985541731119156
v -0.05243613198399544 0.025459466502070427 0.019523628056049347
v -0.04828277975320816 0.027361808344721794 0.014548114500939846
v -0.050393082201480865 0.026536790654063225 0.016601623967289925
v -0.05210570991039276 0.03206435963511467 0.01985541731119156
v -0.05210570991039276 0.03206435963511467 0.01985541731119156
v -0.050393082201480865 0.026536790654063225 0.016601623967289925
v -0.05137643963098526 0.02606394700706005 0.017860475927591324
v -0.05210570991039276 0.03206435963511467 0.01985541731119156
v -0.05137643963098526 0.02606394700706005 0.017860475927591324
v -0.05243613198399544 0.025459466502070427 0.019523628056049347
v -0.04074849933385849 0.0449804924428463 0.014254509471356869
v -0.03629476577043533 0.04488171264529228 0.013745150528848171
v -0.04074516147375107 0.0417969785630703 0.013256129808723927
v -0.04074516147375107 0.0417969785630703 0.013256129808723927
v -0.03629476577043533 0.04488171264529228 0.013745150528848171
v -0.03629477322101593 0.04174370691180229 0.01280545350164175
v -0.04074516147375107 0.0417969785630703 0.013256129808723927
v -0.03629477322101593 0.04174370691180229 0.01280545350164175
v -0.03629481792449951 0.040620531886816025 0.012544008903205395
v -0.040149666368961334 0.0507475845515728 0.01716272346675396
v -0.036294739693403244 0.048462431877851486 0.015323665924370289
v -0.04055624455213547 0.04799225553870201 0.015553637407720089
v -0.04055624455213547 0.04799225553870201 0.015553637407720089
v -0.036294739693403244 0.048462431877851486 0.015323665924370289
v -0.03629474714398384 0.04759412631392479 0.014879412017762661
v -0.04055624455213547 0.04799225553870201 0.015553637407720089
v -0.03629474714398384 0.04759412631392479 0.014879412017762661
v -0.04074849933385849 0.0449804924428463 0.014254509471356869
v -0.04074849933385849 0.0449804924428463 0.014254509471356869
v -0.03629474714398384 0.04759412631392479 0.014879412017762661
v -0.036294758319854736 0.04629391059279442 0.014291771687567234
v -0.04074849933385849 0.0449804924428463 0.014254509471356869
v -0.036294758319854736 0.04629391059279442 0.014291771687567234
v -0.03629476577043533 0.04488171264529228 0.013745150528848171
v -0.03629443421959877 0.05877196416258812 0.026417020708322525
v -0.03629446029663086 0.05821136757731438 0.025365736335515976
v -0.037658125162124634 0.057124074548482895 0.023607831448316574
v -0.037658125162124634 0.057124074548482895 0.023607831448316574
v -0.03629446029663086 0.05821136757731438 0.025365736335515976
v -0.036294545978307724 0.05622300133109093 0.02220994234085083
v -0.037658125162124634 0.057124074548482895 0.023607831448316574
v -0.036294545978307724 0.05622300133109093 0.02220994234085083
v -0.03868843615055084 0.055320870131254196 0.021230347454547882
v -0.03868843615055084 0.055320870131254196 0.021230347454547882
v -0.036294545978307724 0.05622300133109093 0.02220994234085083
v -0.03629463165998459 0.05374644324183464 0.019268039613962173
v -0.03868843615055084 0.055320870131254196 0.021230347454547882
v -0.03629463165998459 0.05374644324183464 0.019268039613962173
v -0.03952453285455704 0.053196992725133896 0.01906633749604225
v -0.03952453285455704 0.053196992725133896 0.01906633749604225
v -0.03629463165998459 0.05374644324183464 0.019268039613962173
v -0.03629468008875847 0.05193854495882988 0.017629947513341904
v -0.03952453285455704 0.053196992725133896 0.01906633749604225
v -0.03629468008875847 0.05193854495882988 0.017629947513341904
v -0.040149666368961334 0.0507475845515728 0.01716272346675396
v -0.040149666368961334 0.0507475845515728 0.01716272346675396
v -0.03629468008875847 0.05193854495882988 0.017629947513341904
v -0.03629469498991966 0.05136184021830559 0.01717878133058548
v -0.040149666368961334 0.0507475845515728 0.01716272346675396
v -0.03629469498991966 0.05136184021830559 0.01717878133058548
v -0.036294739693403244 0.048462431877851486 0.015323665924370289
v -0.038054075092077255 0.06457656621932983 0.04251330345869064
v -0.03629380464553833 0.06468352675437927 0.042747534811496735
v -0.036293864250183105 0.06459967792034149 0.04246513172984123
v -0.038054075092077255 0.06457656621932983 0.04251330345869064
v -0.036293864250183105 0.06459967792034149 0.04246513172984123
v -0.040689852088689804 0.06300464272499084 0.03817947581410408
v -0.04480228200554848 0.06284460425376892 0.04090679809451103
v -0.04428393021225929 0.06338824331760406 0.042026277631521225
v -0.04277627170085907 0.06300662457942963 0.03947966918349266
v -0.04277627170085907 0.06300662457942963 0.03947966918349266
v -0.04428393021225929 0.06338824331760406 0.042026277631521225
v -0.04110149294137955 0.06419768929481506 0.04219353199005127
v -0.04993176460266113 0.06038456782698631 0.0423918142914772
v -0.047349609434604645 0.06205740198493004 0.04209490492939949
v -0.04624667391180992 0.06137936934828758 0.03847486525774002
v -0.05205398425459862 0.056129615753889084 0.03764744848012924
v -0.05383359640836716 0.0563378743827343 0.043514519929885864
v -0.05102914199233055 0.05829983577132225 0.03969625011086464
v -0.05102914199233055 0.05829983577132225 0.03969625011086464
v -0.05383359640836716 0.0563378743827343 0.043514519929885864
v -0.05216395854949951 0.05837443098425865 0.042897846549749374
v -0.05102914199233055 0.05829983577132225 0.03969625011086464
v -0.05216395854949951 0.05837443098425865 0.042897846549749374
v -0.051598407328128815 0.05894623324275017 0.04274146631360054
v -0.05517330393195152 0.051549237221479416 0.04004087671637535
v -0.0556027851998806 0.05320551618933678 0.04459714889526367
v -0.05457457900047302 0.054092567414045334 0.04176108539104462
v -0.05457457900047302 0.054092567414045334 0.04176108539104462
v -0.0556027851998806 0.05320551618933678 0.04459714889526367
v -0.05419450253248215 0.055806245654821396 0.04368818178772926
v -0.05685919150710106 0.04272350296378136 0.042454227805137634
v -0.05732659623026848 0.04478512331843376 0.04739634320139885
v -0.05677199363708496 0.04360639676451683 0.04179176688194275
v -0.05677199363708496 0.04360639676451683 0.04179176688194275
v -0.05732659623026848 0.04478512331843376 0.04739634320139885
v -0.05727795884013176 0.046348657459020615 0.04734252020716667
v -0.05677199363708496 0.04360639676451683 0.04179176688194275
v -0.05727795884013176 0.046348657459020615 0.04734252020716667
v -0.05662459507584572 0.04920494183897972 0.044515397399663925
v -0.05662459507584572 0.04920494183897972 0.044515397399663925
v -0.05727795884013176 0.046348657459020615 0.04734252020716667
v -0.056702468544244766 0.04992295429110527 0.04585779085755348
v -0.05662459507584572 0.04920494183897972 0.044515397399663925
v -0.056702468544244766 0.04992295429110527 0.04585779085755348
v -0.05648050084710121 0.05076686665415764 0.04552329331636429
v -0.05584722012281418 0.04603547975420952 0.03700655698776245
v -0.05598168075084686 0.04015740379691124 0.034447479993104935
v -0.056292738765478134 0.03879665955901146 0.03668538108468056
v -0.05566304549574852 0.021426616236567497 0.031105082482099533
v -0.055731531232595444 0.02694093994796276 0.03148619458079338
v -0.05494167283177376 0.02307879738509655 0.0263344906270504
v -0.05494167283177376 0.02307879738509655 0.0263344906270504
v -0.055731531232595444 0.02694093994796276 0.03148619458079338
v -0.055835820734500885 0.03133049234747887 0.03234149515628815
v -0.05494167283177376 0.02307879738509655 0.0263344906270504
v -0.055835820734500885 0.03133049234747887 0.03234149515628815
v -0.055815909057855606 0.03416607901453972 0.0321786142885685
v -0.055815909057855606 0.03416607901453972 0.0321786142885685
v -0.055835820734500885 0.03133049234747887 0.03234149515628815
v -0.05595766752958298 0.034293483942747116 0.03342769294977188
v -0.055815909057855606 0.03416607901453972 0.0321786142885685
v -0.05595766752958298 0.034293483942747116 0.03342769294977188
v -0.05598168075084686 0.04015740379691124 0.034447479993104935
v -0.05598168075084686 0.04015740379691124 0.034447479993104935
v -0.05595766752958298 0.034293483942747116 0.03342769294977188
v -0.0561031736433506 0.03663141652941704 0.034800201654434204
v -0.05598168075084686 0.04015740379691124 0.034447479993104935
v -0.0561031736433506 0.03663141652941704 0.034800201654434204
v -0.056292738765478134 0.03879665955901146 0.03668538108468056
v -0.04919847100973129 0.04019826278090477 0.01790195144712925
v -0.04876251891255379 0.03360963985323906 0.015901584178209305
v -0.05250288546085358 0.03847615048289299 0.022079646587371826
v -0.04515495523810387 0.04132085666060448 0.014894197694957256
v -0.04297535866498947 0.04163616523146629 0.013904246501624584
v -0.042528100311756134 0.03508200868964195 0.012461650185286999
v -0.042528100311756134 0.03508200868964195 0.012461650185286999
v -0.04297535866498947 0.04163616523146629 0.013904246501624584
v -0.04030464589595795 0.03534984216094017 0.01197913009673357
v -0.042528100311756134 0.03508200868964195 0.012461650185286999
v -0.04030464589595795 0.03534984216094017 0.01197913009673357
v -0.03997517749667168 0.029254285618662834 0.0113463019952178
v -0.03997517749667168 0.029254285618662834 0.0113463019952178
v -0.04030464589595795 0.03534984216094017 0.01197913009673357
v -0.036426544189453125 0.03557881340384483 0.01172176655381918
v -0.03997517749667168 0.029254285618662834 0.0113463019952178
v -0.036426544189453125 0.03557881340384483 0.01172176655381918
v -0.037252649664878845 0.029591990634799004 0.011229156516492367
v -0.052318256348371506 0.044819992035627365 0.024652138352394104
v -0.048960838466882706 0.046641986817121506 0.02049834653735161
v -0.04917614907026291 0.04347990080714226 0.019103217869997025
v -0.048960838466882706 0.046641986817121506 0.02049834653735161
v -0.052318256348371506 0.044819992035627365 0.024652138352394104
v -0.04854249581694603 0.04961271211504936 0.022109538316726685
v -0.04854249581694603 0.04961271211504936 0.022109538316726685
v -0.052318256348371506 0.044819992035627365 0.024652138352394104
v -0.05196670442819595 0.04781967028975487 0.026161707937717438
v -0.04854249581694603 0.04961271211504936 0.022109538316726685
v -0.05196670442819595 0.04781967028975487 0.026161707937717438
v -0.04792041704058647 0.052341800183057785 0.02393939718604088
v -0.03997517749667168 0.029254285618662834 0.0113463019952178
v -0.04106424003839493 0.029088271781802177 0.011480120010674
v -0.042528100311756134 0.03508200868964195 0.012461650185286999
v -0.042528100311756134 0.03508200868964195 0.012461650185286999
v -0.04106424003839493 0.029088271781802177 0.011480120010674
v -0.04470546171069145 0.0347076915204525 0.01325999666005373
v -0.042528100311756134 0.03508200868964195 0.012461650185286999
v -0.04470546171069145 0.0347076915204525 0.01325999666005373
v -0.04515495523810387 0.04132085666060448 0.014894197694957256
v -0.04515495523810387 0.04132085666060448 0.014894197694957256
v -0.04470546171069145 0.0347076915204525 0.01325999666005373
v -0.04724465683102608 0.04084145650267601 0.016232555732131004
v -0.04515495523810387 0.04132085666060448 0.014894197694957256
v -0.04724465683102608 0.04084145650267601 0.016232555732131004
v -0.045143019407987595 0.044604476541280746 0.016011932864785194
v -0.045143019407987595 0.044604476541280746 0.016011932864785194
v -0.04724465683102608 0.04084145650267601 0.016232555732131004
v -0.04917614907026291 0.04347990080714226 0.019103217869997025
v -0.045143019407987595 0.044604476541280746 0.016011932864785194
v -0.04917614907026291 0.04347990080714226 0.019103217869997025
v -0.04493044689297676 0.04773300513625145 0.017390847206115723
v -0.04493044689297676 0.04773300513625145 0.017390847206115723
v -0.04917614907026291 0.04347990080714226 0.019103217869997025
v -0.048960838466882706 0.046641986817121506 0.02049834653735161
v -0.04493044689297676 0.04773300513625145 0.017390847206115723
v -0.048960838466882706 0.046641986817121506 0.02049834653735161
v -0.044503353536129 0.050621893256902695 0.01904478669166565
v -0.044503353536129 0.050621893256902695 0.01904478669166565
v -0.048960838466882706 0.046641986817121506 0.02049834653735161
v -0.04854249581694603 0.04961271211504936 0.022109538316726685
v -0.044503353536129 0.050621893256902695 0.01904478669166565
v -0.04854249581694603 0.04961271211504936 0.022109538316726685
v -0.04386049881577492 0.05321818217635155 0.0209643691778183
v -0.04386049881577492 0.05321818217635155 0.0209643691778183
v -0.04854249581694603 0.04961271211504936 0.022109538316726685
v -0.04792041704058647 0.052341800183057785 0.02393939718604088
v -0.04386049881577492 0.05321818217635155 0.0209643691778183
v -0.04792041704058647 0.052341800183057785 0.02393939718604088
v -0.04301100969314575 0.05549627169966698 0.023122310638427734
v -0.04983298107981682 0.055642616003751755 0.03169843927025795
v -0.048781249672174454 0.05779048427939415 0.033847033977508545
v -0.04564983770251274 0.060178231447935104 0.034497495740652084
v -0.04564983770251274 0.060178231447935104 0.034497495740652084
v -0.048781249672174454 0.05779048427939415 0.033847033977508545
v -0.04757987707853317 0.059699978679418564 0.03611389920115471
v -0.04564983770251274 0.060178231447935104 0.034497495740652084
v -0.04757987707853317 0.059699978679418564 0.03611389920115471
v -0.04277627170085907 0.06300662457942963 0.03947966918349266
v -0.04277627170085907 0.06300662457942963 0.03947966918349266
v -0.04757987707853317 0.059699978679418564 0.03611389920115471
v -0.04624667391180992 0.06137936934828758 0.03847486525774002
v -0.04277627170085907 0.06300662457942963 0.03947966918349266
v -0.04624667391180992 0.06137936934828758 0.03847486525774002
v -0.04480228200554848 0.06284460425376892 0.04090679809451103
v -0.04480228200554848 0.06284460425376892 0.04090679809451103
v -0.04624667391180992 0.06137936934828758 0.03847486525774002
v -0.047349609434604645 0.06205740198493004 0.04209490492939949
v -0.04480228200554848 0.06284460425376892 0.04090679809451103
v -0.047349609434604645 0.06205740198493004 0.04209490492939949
v -0.04428393021225929 0.06338824331760406 0.042026277631521225
v -0.04710182175040245 0.054798390716314316 0.025974858552217484
v -0.0461004376411438 0.056968893855810165 0.02819114550948143
v -0.044070784002542496 0.057322051376104355 0.026727017015218735
v -0.044070784002542496 0.057322051376104355 0.026727017015218735
v -0.0461004376411438 0.056968893855810165 0.02819114550948143
v -0.04362823814153671 0.060471054166555405 0.033032119274139404
v -0.044070784002542496 0.057322051376104355 0.026727017015218735
v -0.04362823814153671 0.060471054166555405 0.033032119274139404
v -0.041545018553733826 0.06056968495249748 0.0317317470908165
v -0.041545018553733826 0.06056968495249748 0.0317317470908165
v -0.04362823814153671 0.060471054166555405 0.033032119274139404
v -0.040689852088689804 0.06300464272499084 0.03817947581410408
v -0.041545018553733826 0.06056968495249748 0.0317317470908165
v -0.040689852088689804 0.06300464272499084 0.03817947581410408
v -0.036424972116947174 0.06259571015834808 0.035952188074588776
v -0.036424972116947174 0.06259571015834808 0.035952188074588776
v -0.040689852088689804 0.06300464272499084 0.03817947581410408
v -0.036293864250183105 0.06459967792034149 0.04246513172984123
v -0.036424972116947174 0.06259571015834808 0.035952188074588776
v -0.036293864250183105 0.06459967792034149 0.04246513172984123
v -0.03629416599869728 0.06265738606452942 0.03614179790019989
v -0.05196670442819595 0.04781967028975487 0.026161707937717438
v -0.05143389478325844 0.05064232274889946 0.02784142643213272
v -0.04792041704058647 0.052341800183057785 0.02393939718604088
v -0.04792041704058647 0.052341800183057785 0.02393939718604088
v -0.05143389478325844 0.05064232274889946 0.02784142643213272
v -0.04710182175040245 0.054798390716314316 0.025974858552217484
v -0.04792041704058647 0.052341800183057785 0.02393939718604088
v -0.04710182175040245 0.054798390716314316 0.025974858552217484
v -0.04301100969314575 0.05549627169966698 0.023122310638427734
v -0.04301100969314575 0.05549627169966698 0.023122310638427734
v -0.04710182175040245 0.054798390716314316 0.025974858552217484
v -0.044070784002542496 0.057322051376104355 0.026727017015218735
v -0.04301100969314575 0.05549627169966698 0.023122310638427734
v -0.044070784002542496 0.057322051376104355 0.026727017015218735
v -0.04197213426232338 0.05745362862944603 0.025478772819042206
v -0.04197213426232338 0.05745362862944603 0.025478772819042206
v -0.044070784002542496 0.057322051376104355 0.026727017015218735
v -0.041545018553733826 0.06056968495249748 0.0317317470908165
v -0.04197213426232338 0.05745362862944603 0.025478772819042206
v -0.041545018553733826 0.06056968495249748 0.0317317470908165
v -0.03942219540476799 0.0604860894382 0.030597109347581863
v -0.03942219540476799 0.0604860894382 0.030597109347581863
v -0.041545018553733826 0.06056968495249748 0.0317317470908165
v -0.036424972116947174 0.06259571015834808 0.035952188074588776
v -0.03942219540476799 0.0604860894382 0.030597109347581863
v -0.036424972116947174 0.06259571015834808 0.035952188074588776
v -0.03629434108734131 0.06042581424117088 0.030010927468538284
v -0.03629434108734131 0.06042581424117088 0.030010927468538284
v -0.036424972116947174 0.06259571015834808 0.035952188074588776
v -0.03629416599869728 0.06265738606452942 0.03614179790019989
v -0.03629434108734131 0.06042581424117088 0.030010927468538284
v -0.0362943597137928 0.060096245259046555 0.029232319444417953
v -0.03942219540476799 0.0604860894382 0.030597109347581863
v -0.03942219540476799 0.0604860894382 0.030597109347581863
v -0.0362943597137928 0.060096245259046555 0.029232319444417953
v -0.03629443421959877 0.05877196416258812 0.026417020708322525
v -0.03942219540476799 0.0604860894382 0.030597109347581863
v -0.03629443421959877 0.05877196416258812 0.026417020708322525
v -0.04197213426232338 0.05745362862944603 0.025478772819042206
v -0.04197213426232338 0.05745362862944603 0.025478772819042206
v -0.03629443421959877 0.05877196416258812 0.026417020708322525
v -0.037658125162124634 0.057124074548482895 0.023607831448316574
v -0.04197213426232338 0.05745362862944603 0.025478772819042206
v -0.037658125162124634 0.057124074548482895 0.023607831448316574
v -0.04301100969314575 0.05549627169966698 0.023122310638427734
v -0.04301100969314575 0.05549627169966698 0.023122310638427734
v -0.037658125162124634 0.057124074548482895 0.023607831448316574
v -0.03868843615055084 0.055320870131254196 0.021230347454547882
v -0.04301100969314575 0.05549627169966698 0.023122310638427734
v -0.03868843615055084 0.055320870131254196 0.021230347454547882
v -0.04386049881577492 0.05321818217635155 0.0209643691778183
v -0.04386049881577492 0.05321818217635155 0.0209643691778183
v -0.03868843615055084 0.055320870131254196 0.021230347454547882
v -0.03952453285455704 0.053196992725133896 0.01906633749604225
v -0.04386049881577492 0.05321818217635155 0.0209643691778183
v -0.03952453285455704 0.053196992725133896 0.01906633749604225
v -0.044503353536129 0.050621893256902695 0.01904478669166565
v -0.044503353536129 0.050621893256902695 0.01904478669166565
v -0.03952453285455704 0.053196992725133896 0.01906633749604225
v -0.040149666368961334 0.0507475845515728 0.01716272346675396
v -0.044503353536129 0.050621893256902695 0.01904478669166565
v -0.040149666368961334 0.0507475845515728 0.01716272346675396
v -0.04493044689297676 0.04773300513625145 0.017390847206115723
v -0.04493044689297676 0.04773300513625145 0.017390847206115723
v -0.040149666368961334 0.0507475845515728 0.01716272346675396
v -0.04055624455213547 0.04799225553870201 0.015553637407720089
v -0.04493044689297676 0.04773300513625145 0.017390847206115723
v -0.04055624455213547 0.04799225553870201 0.015553637407720089
v -0.045143019407987595 0.044604476541280746 0.016011932864785194
v -0.045143019407987595 0.044604476541280746 0.016011932864785194
v -0.04055624455213547 0.04799225553870201 0.015553637407720089
v -0.04074849933385849 0.0449804924428463 0.014254509471356869
v -0.045143019407987595 0.044604476541280746 0.016011932864785194
v -0.04074849933385849 0.0449804924428463 0.014254509471356869
v -0.04297535866498947 0.04163616523146629 0.013904246501624584
v -0.04297535866498947 0.04163616523146629 0.013904246501624584
v -0.04074849933385849 0.0449804924428463 0.014254509471356869
v -0.04074516147375107 0.0417969785630703 0.013256129808723927
v -0.04297535866498947 0.04163616523146629 0.013904246501624584
v -0.04074516147375107 0.0417969785630703 0.013256129808723927
v -0.04030464589595795 0.03534984216094017 0.01197913009673357
v -0.04030464589595795 0.03534984216094017 0.01197913009673357
v -0.04074516147375107 0.0417969785630703 0.013256129808723927
v -0.03629481792449951 0.040620531886816025 0.012544008903205395
v -0.04030464589595795 0.03534984216094017 0.01197913009673357
v -0.03629481792449951 0.040620531886816025 0.012544008903205395
v -0.036426544189453125 0.03557881340384483 0.01172176655381918
v -0.056292738765478134 0.03879665955901146 0.03668538108468056
v -0.056562088429927826 0.040982436388731 0.039422471076250076
v -0.05584722012281418 0.04603547975420952 0.03700655698776245
v -0.05584722012281418 0.04603547975420952 0.03700655698776245
v -0.056562088429927826 0.040982436388731 0.039422471076250076
v -0.05677199363708496 0.04360639676451683 0.04179176688194275
v -0.05584722012281418 0.04603547975420952 0.03700655698776245
v -0.05677199363708496 0.04360639676451683 0.04179176688194275
v -0.05559113994240761 0.04885398969054222 0.03845755010843277
v -0.05559113994240761 0.04885398969054222 0.03845755010843277
v -0.05677199363708496 0.04360639676451683 0.04179176688194275
v -0.05662459507584572 0.04920494183897972 0.044515397399663925
v -0.05559113994240761 0.04885398969054222 0.03845755010843277
v -0.05662459507584572 0.04920494183897972 0.044515397399663925
v -0.05517330393195152 0.051549237221479416 0.04004087671637535
v -0.05517330393195152 0.051549237221479416 0.04004087671637535
v -0.05662459507584572 0.04920494183897972 0.044515397399663925
v -0.05648050084710121 0.05076686665415764 0.04552329331636429
v -0.05517330393195152 0.051549237221479416 0.04004087671637535
v -0.05648050084710121 0.05076686665415764 0.04552329331636429
v -0.0556027851998806 0.05320551618933678 0.04459714889526367
v -0.051598407328128815 0.05894623324275017 0.04274146631360054
v -0.04993176460266113 0.06038456782698631 0.0423918142914772
v -0.0498485304415226 0.06025804206728935 0.04185737296938896
v -0.0498485304415226 0.06025804206728935 0.04185737296938896
v -0.04993176460266113 0.06038456782698631 0.0423918142914772
v -0.04624667391180992 0.06137936934828758 0.03847486525774002
v -0.0498485304415226 0.06025804206728935 0.04185737296938896
v -0.04624667391180992 0.06137936934828758 0.03847486525774002
v -0.05102914199233055 0.05829983577132225 0.03969625011086464
v -0.05102914199233055 0.05829983577132225 0.03969625011086464
v -0.04624667391180992 0.06137936934828758 0.03847486525774002
v -0.04757987707853317 0.059699978679418564 0.03611389920115471
v -0.05102914199233055 0.05829983577132225 0.03969625011086464
v -0.04757987707853317 0.059699978679418564 0.03611389920115471
v -0.05205398425459862 0.056129615753889084 0.03764744848012924
v -0.05205398425459862 0.056129615753889084 0.03764744848012924
v -0.04757987707853317 0.059699978679418564 0.03611389920115471
v -0.048781249672174454 0.05779048427939415 0.033847033977508545
v -0.05205398425459862 0.056129615753889084 0.03764744848012924
v -0.048781249672174454 0.05779048427939415 0.033847033977508545
v -0.05291247367858887 0.05375222489237785 0.0357261523604393
v -0.05291247367858887 0.05375222489237785 0.0357261523604393
v -0.048781249672174454 0.05779048427939415 0.033847033977508545
v -0.04983298107981682 0.055642616003751755 0.03169843927025795
v -0.05291247367858887 0.05375222489237785 0.0357261523604393
v -0.04983298107981682 0.055642616003751755 0.03169843927025795
v -0.05360037833452225 0.05118131265044212 0.033943258225917816
v -0.04564983770251274 0.060178231447935104 0.034497495740652084
v -0.04803209751844406 0.05639911815524101 0.02985859289765358
v -0.04983298107981682 0.055642616003751755 0.03169843927025795
v -0.04983298107981682 0.055642616003751755 0.03169843927025795
v -0.04803209751844406 0.05639911815524101 0.02985859289765358
v -0.05072068050503731 0.05325665697455406 0.02969057857990265
v -0.04983298107981682 0.055642616003751755 0.03169843927025795
v -0.05072068050503731 0.05325665697455406 0.02969057857990265
v -0.05360037833452225 0.05118131265044212 0.033943258225917816
v -0.05360037833452225 0.05118131265044212 0.033943258225917816
v -0.05072068050503731 0.05325665697455406 0.02969057857990265
v -0.05289555713534355 0.049580734223127365 0.03002697229385376
v -0.05360037833452225 0.05118131265044212 0.033943258225917816
v -0.05289555713534355 0.049580734223127365 0.03002697229385376
v -0.05411933735013008 0.04843823239207268 0.03230387344956398
v -0.05411933735013008 0.04843823239207268 0.03230387344956398
v -0.05289555713534355 0.049580734223127365 0.03002697229385376
v -0.05364060401916504 0.04371897503733635 0.026996251195669174
v -0.05250288546085358 0.03847615048289299 0.022079646587371826
v -0.05471554398536682 0.03637891635298729 0.026996366679668427
v -0.05364060401916504 0.04371897503733635 0.026996251195669174
v -0.05364060401916504 0.04371897503733635 0.026996251195669174
v -0.05471554398536682 0.03637891635298729 0.026996366679668427
v -0.05468326434493065 0.04255286976695061 0.02943803369998932
v -0.05364060401916504 0.04371897503733635 0.026996251195669174
v -0.05468326434493065 0.04255286976695061 0.02943803369998932
v -0.05411933735013008 0.04843823239207268 0.03230387344956398
v -0.044698238372802734 0.028378842398524284 0.012452696450054646
v -0.04582259804010391 0.028100071474909782 0.012962576933205128
v -0.04679872840642929 0.03421802446246147 0.014404426328837872
v -0.04679872840642929 0.03421802446246147 0.014404426328837872
v -0.04582259804010391 0.028100071474909782 0.012962576933205128
v -0.04828277975320816 0.027361808344721794 0.014548114500939846
v -0.04679872840642929 0.03421802446246147 0.014404426328837872
v -0.04828277975320816 0.027361808344721794 0.014548114500939846
v -0.04876251891255379 0.03360963985323906 0.015901584178209305
v -0.04876251891255379 0.03360963985323906 0.015901584178209305
v -0.04828277975320816 0.027361808344721794 0.014548114500939846
v -0.05210570991039276 0.03206435963511467 0.01985541731119156
v -0.04876251891255379 0.03360963985323906 0.015901584178209305
v -0.05210570991039276 0.03206435963511467 0.01985541731119156
v -0.05250288546085358 0.03847615048289299 0.022079646587371826
v -0.05250288546085358 0.03847615048289299 0.022079646587371826
v -0.05210570991039276 0.03206435963511467 0.01985541731119156
v -0.05437790974974632 0.030217928811907768 0.024691089987754822
v -0.05250288546085358 0.03847615048289299 0.022079646587371826
v -0.05437790974974632 0.030217928811907768 0.024691089987754822
v -0.05471554398536682 0.03637891635298729 0.026996366679668427
v -0.05471554398536682 0.03637891635298729 0.026996366679668427
v -0.05437790974974632 0.030217928811907768 0.024691089987754822
v -0.055815909057855606 0.03416607901453972 0.0321786142885685
v -0.05471554398536682 0.03637891635298729 0.026996366679668427
v -0.055815909057855606 0.03416607901453972 0.0321786142885685
v -0.05468326434493065 0.04255286976695061 0.02943803369998932
v -0.05468326434493065 0.04255286976695061 0.02943803369998932
v -0.055815909057855606 0.03416607901453972 0.0321786142885685
v -0.05598168075084686 0.04015740379691124 0.034447479993104935
v -0.05468326434493065 0.04255286976695061 0.02943803369998932
v -0.05598168075084686 0.04015740379691124 0.034447479993104935
v -0.05411933735013008 0.04843823239207268 0.03230387344956398
v -0.05411933735013008 0.04843823239207268 0.03230387344956398
v -0.05598168075084686 0.04015740379691124 0.034447479993104935
v -0.05584722012281418 0.04603547975420952 0.03700655698776245
v -0.05411933735013008 0.04843823239207268 0.03230387344956398
v -0.05584722012281418 0.04603547975420952 0.03700655698776245
v -0.05360037833452225 0.05118131265044212 0.033943258225917816
v -0.05360037833452225 0.05118131265044212 0.033943258225917816
v -0.05584722012281418 0.04603547975420952 0.03700655698776245
v -0.05559113994240761 0.04885398969054222 0.03845755010843277
v -0.05360037833452225 0.05118131265044212 0.033943258225917816
v -0.05559113994240761 0.04885398969054222 0.03845755010843277
v -0.05291247367858887 0.05375222489237785 0.0357261523604393
v -0.05291247367858887 0.05375222489237785 0.0357261523604393
v -0.05559113994240761 0.04885398969054222 0.03845755010843277
v -0.05517330393195152 0.051549237221479416 0.04004087671637535
v -0.05291247367858887 0.05375222489237785 0.0357261523604393
v -0.05517330393195152 0.051549237221479416 0.04004087671637535
v -0.05205398425459862 0.056129615753889084 0.03764744848012924
v -0.05205398425459862 0.056129615753889084 0.03764744848012924
v -0.05517330393195152 0.051549237221479416 0.04004087671637535
v -0.05457457900047302 0.054092567414045334 0.04176108539104462
v -0.05205398425459862 0.056129615753889084 0.03764744848012924
v -0.05457457900047302 0.054092567414045334 0.04176108539104462
v -0.05383359640836716 0.0563378743827343 0.043514519929885864
v -0.05383359640836716 0.0563378743827343 0.043514519929885864
v -0.05457457900047302 0.054092567414045334 0.04176108539104462
v -0.05419450253248215 0.055806245654821396 0.04368818178772926
v -0.043048400431871414 0.02873353473842144 0.011897341348230839
v -0.044698238372802734 0.028378842398524284 0.012452696450054646
v -0.04470546171069145 0.0347076915204525 0.01325999666005373
v -0.04470546171069145 0.0347076915204525 0.01325999666005373
v -0.044698238372802734 0.028378842398524284 0.012452696450054646
v -0.04679872840642929 0.03421802446246147 0.014404426328837872
v -0.04470546171069145 0.0347076915204525 0.01325999666005373
v -0.04679872840642929 0.03421802446246147 0.014404426328837872
v -0.04724465683102608 0.04084145650267601 0.016232555732131004
v -0.04724465683102608 0.04084145650267601 0.016232555732131004
v -0.04679872840642929 0.03421802446246147 0.014404426328837872
v -0.04919847100973129 0.04019826278090477 0.01790195144712925
v -0.04724465683102608 0.04084145650267601 0.016232555732131004
v -0.04919847100973129 0.04019826278090477 0.01790195144712925
v -0.04917614907026291 0.04347990080714226 0.019103217869997025
v -0.04917614907026291 0.04347990080714226 0.019103217869997025
v -0.04919847100973129 0.04019826278090477 0.01790195144712925
v -0.05250288546085358 0.03847615048289299 0.022079646587371826
v -0.04917614907026291 0.04347990080714226 0.019103217869997025
v -0.05250288546085358 0.03847615048289299 0.022079646587371826
v -0.052318256348371506 0.044819992035627365 0.024652138352394104
v -0.052318256348371506 0.044819992035627365 0.024652138352394104
v -0.05250288546085358 0.03847615048289299 0.022079646587371826
v -0.05364060401916504 0.04371897503733635 0.026996251195669174
v -0.052318256348371506 0.044819992035627365 0.024652138352394104
v -0.05364060401916504 0.04371897503733635 0.026996251195669174
v -0.05196670442819595 0.04781967028975487 0.026161707937717438
v -0.05196670442819595 0.04781967028975487 0.026161707937717438
v -0.05364060401916504 0.04371897503733635 0.026996251195669174
v -0.05289555713534355 0.049580734223127365 0.03002697229385376
v -0.05196670442819595 0.04781967028975487 0.026161707937717438
v -0.05289555713534355 0.049580734223127365 0.03002697229385376
v -0.05143389478325844 0.05064232274889946 0.02784142643213272
v -0.05143389478325844 0.05064232274889946 0.02784142643213272
v -0.05289555713534355 0.049580734223127365 0.03002697229385376
v -0.05072068050503731 0.05325665697455406 0.02969057857990265
v -0.05143389478325844 0.05064232274889946 0.02784142643213272
v -0.05072068050503731 0.05325665697455406 0.02969057857990265
v -0.04710182175040245 0.054798390716314316 0.025974858552217484
v -0.04710182175040245 0.054798390716314316 0.025974858552217484
v -0.05072068050503731 0.05325665697455406 0.02969057857990265
v -0.04803209751844406 0.05639911815524101 0.02985859289765358
v -0.04710182175040245 0.054798390716314316 0.025974858552217484
v -0.04803209751844406 0.05639911815524101 0.02985859289765358
v -0.0461004376411438 0.056968893855810165 0.02819114550948143
v -0.0461004376411438 0.056968893855810165 0.02819114550948143
v -0.04803209751844406 0.05639911815524101 0.02985859289765358
v -0.04564983770251274 0.060178231447935104 0.034497495740652084
v -0.0461004376411438 0.056968893855810165 0.02819114550948143
v -0.04564983770251274 0.060178231447935104 0.034497495740652084
v -0.04362823814153671 0.060471054166555405 0.033032119274139404
v -0.04362823814153671 0.060471054166555405 0.033032119274139404
v -0.04564983770251274 0.060178231447935104 0.034497495740652084
v -0.04277627170085907 0.06300662457942963 0.03947966918349266
v -0.04362823814153671 0.060471054166555405 0.033032119274139404
v -0.04277627170085907 0.06300662457942963 0.03947966918349266
v -0.040689852088689804 0.06300464272499084 0.03817947581410408
v -0.040689852088689804 0.06300464272499084 0.03817947581410408
v -0.04277627170085907 0.06300662457942963 0.03947966918349266
v -0.04110149294137955 0.06419768929481506 0.04219353199005127
v -0.040689852088689804 0.06300464272499084 0.03817947581410408
v -0.04110149294137955 0.06419768929481506 0.04219353199005127
v -0.038054075092077255 0.06457656621932983 0.04251330345869064
v 0.03236742690205574 0.03841012343764305 0.012120907194912434
v 0.032116156071424484 0.04081135615706444 0.012586032040417194
v 0.03671034425497055 0.04029708728194237 0.012792210094630718
v 0.05410902202129364 0.05008133873343468 0.04520499333739281
v 0.0543745681643486 0.04933991655707359 0.04549473896622658
v 0.053736668080091476 0.050144221633672714 0.043696656823158264
v 0.03944634273648262 0.027479765936732292 0.01142118964344263
v 0.04125721752643585 0.03340968117117882 0.012720723636448383
v 0.0434090681374073 0.033140670508146286 0.013702473603188992
v 0.04125721752643585 0.03340968117117882 0.012720723636448383
v 0.03944634273648262 0.027479765936732292 0.01142118964344263
v 0.03903825208544731 0.03357158228754997 0.012068293057382107
v 0.03903825208544731 0.03357158228754997 0.012068293057382107
v 0.03944634273648262 0.027479765936732292 0.01142118964344263
v 0.03666360303759575 0.027476487681269646 0.011152616702020168
v 0.03903825208544731 0.03357158228754997 0.012068293057382107
v 0.03666360303759575 0.027476487681269646 0.011152616702020168
v 0.03677758201956749 0.033640023320913315 0.011695723049342632
v 0.03677758201956749 0.033640023320913315 0.011695723049342632
v 0.03666360303759575 0.027476487681269646 0.011152616702020168
v 0.035275042057037354 0.02747654728591442 0.011120584793388844
v 0.03677758201956749 0.033640023320913315 0.011695723049342632
v 0.035275042057037354 0.02747654728591442 0.011120584793388844
v 0.03337922692298889 0.033642467111349106 0.011520321480929852
v 0.046750281006097794 0.027477381750941277 0.014921761117875576
v 0.04526306688785553 0.027477024123072624 0.013730895705521107
v 0.045462287962436676 0.032754238694906235 0.01504144910722971
v 0.045462287962436676 0.032754238694906235 0.01504144910722971
v 0.04526306688785553 0.027477024123072624 0.013730895705521107
v 0.04449760913848877 0.02747669629752636 0.01323541160672903
v 0.045462287962436676 0.032754238694906235 0.01504144910722971
v 0.04449760913848877 0.02747669629752636 0.01323541160672903
v 0.0434090681374073 0.033140670508146286 0.013702473603188992
v 0.0434090681374073 0.033140670508146286 0.013702473603188992
v 0.04449760913848877 0.02747669629752636 0.01323541160672903
v 0.042276449501514435 0.027477292343974113 0.01216591615229845
v 0.0434090681374073 0.033140670508146286 0.013702473603188992
v 0.042276449501514435 0.027477292343974113 0.01216591615229845
v 0.03944634273648262 0.027479765936732292 0.01142118964344263
v 0.04912908747792244 0.03162265941500664 0.018758468329906464
v 0.04886765778064728 0.027476606890559196 0.017257899045944214
v 0.046750281006097794 0.027477381750941277 0.014921761117875576
v 0.053757257759571075 0.03446700796484947 0.03104056790471077
v 0.05264882743358612 0.02748355083167553 0.02436516433954239
v 0.05196451395750046 0.03009520284831524 0.023495271801948547
v 0.05196451395750046 0.03009520284831524 0.023495271801948547
v 0.05264882743358612 0.02748355083167553 0.02436516433954239
v 0.05093308538198471 0.02748107723891735 0.02048887312412262
v 0.05196451395750046 0.03009520284831524 0.023495271801948547
v 0.05093308538198471 0.02748107723891735 0.02048887312412262
v 0.04886765778064728 0.027476606890559196 0.017257899045944214
v 0.05461679399013519 0.02747681550681591 0.031555578112602234
v 0.054026760160923004 0.0274790208786726 0.02893819659948349
v 0.054390620440244675 0.03162863478064537 0.03242912515997887
v 0.054390620440244675 0.03162863478064537 0.03242912515997887
v 0.054026760160923004 0.0274790208786726 0.02893819659948349
v 0.05264882743358612 0.02748355083167553 0.02436516433954239
v 0.054390620440244675 0.03162863478064537 0.03242912515997887
v 0.05264882743358612 0.02748355083167553 0.02436516433954239
v 0.05428871139883995 0.03476796671748161 0.03362371772527695
v 0.05428871139883995 0.03476796671748161 0.03362371772527695
v 0.05264882743358612 0.02748355083167553 0.02436516433954239
v 0.053757257759571075 0.03446700796484947 0.03104056790471077
v 0.05428871139883995 0.03476796671748161 0.03362371772527695
v 0.053757257759571075 0.03446700796484947 0.03104056790471077
v 0.05428450182080269 0.037521835416555405 0.035240449011325836
v 0.05428450182080269 0.037521835416555405 0.035240449011325836
v 0.053757257759571075 0.03446700796484947 0.03104056790471077
v 0.05341442674398422 0.04065791890025139 0.033389363437891006
v 0.05428450182080269 0.037521835416555405 0.035240449011325836
v 0.05341442674398422 0.04065791890025139 0.033389363437891006
v 0.05438879132270813 0.040021609514951706 0.037385210394859314
v 0.0543745681643486 0.04933991655707359 0.04549473896622658
v 0.05540342628955841 0.045651402324438095 0.04700559750199318
v 0.053736668080091476 0.050144221633672714 0.043696656823158264
v 0.053736668080091476 0.050144221633672714 0.043696656823158264
v 0.05540342628955841 0.045651402324438095 0.04700559750199318
v 0.05493231490254402 0.04396648332476616 0.04307594895362854
v 0.053736668080091476 0.050144221633672714 0.043696656823158264
v 0.05493231490254402 0.04396648332476616 0.04307594895362854
v 0.054427701979875565 0.04435272142291069 0.040819600224494934
v 0.054427701979875565 0.04435272142291069 0.040819600224494934
v 0.05493231490254402 0.04396648332476616 0.04307594895362854
v 0.05460721626877785 0.04216773435473442 0.04001075401902199
v 0.04627560079097748 0.06046467646956444 0.0419781394302845
v 0.04891270026564598 0.05825478956103325 0.04246993362903595
v 0.04822831600904465 0.05827179178595543 0.040891192853450775
v 0.04822831600904465 0.05827179178595543 0.040891192853450775
v 0.04891270026564598 0.05825478956103325 0.04246993362903595
v 0.04988603666424751 0.05722598358988762 0.04275016114115715
v 0.03208888694643974 0.05782584473490715 0.024686992168426514
v 0.03294266760349274 0.056481655687093735 0.02259865775704384
v 0.032087959349155426 0.05636027082800865 0.022402159869670868
v 0.032087959349155426 0.05636027082800865 0.022402159869670868
v 0.03294266760349274 0.056481655687093735 0.02259865775704384
v 0.032087333500385284 0.05558605119585991 0.02136172726750374
v 0.03567389026284218 0.04971769079566002 0.016338912770152092
v 0.03208369016647339 0.05193854495882988 0.017629949375987053
v 0.03495695814490318 0.0523185096681118 0.018155496567487717
v 0.03495695814490318 0.0523185096681118 0.018155496567487717
v 0.03208369016647339 0.05193854495882988 0.017629949375987053
v 0.032084591686725616 0.05286739394068718 0.01842615194618702
v 0.032087333500385284 0.05558605119585991 0.02136172726750374
v 0.03294266760349274 0.056481655687093735 0.02259865775704384
v 0.032084591686725616 0.05286739394068718 0.01842615194618702
v 0.032084591686725616 0.05286739394068718 0.01842615194618702
v 0.03294266760349274 0.056481655687093735 0.02259865775704384
v 0.03404299542307854 0.054572608321905136 0.020258519798517227
v 0.032084591686725616 0.05286739394068718 0.01842615194618702
v 0.03404299542307854 0.054572608321905136 0.020258519798517227
v 0.03495695814490318 0.0523185096681118 0.018155496567487717
v 0.03209402784705162 0.04305575415492058 0.013157530687749386
v 0.032085247337818146 0.04611955210566521 0.014219415374100208
v 0.036193713545799255 0.04679779335856438 0.01484034862369299
v 0.036193713545799255 0.04679779335856438 0.01484034862369299
v 0.032085247337818146 0.04611955210566521 0.014219415374100208
v 0.03208450973033905 0.04663359746336937 0.014436955563724041
v 0.036193713545799255 0.04679779335856438 0.01484034862369299
v 0.03208450973033905 0.04663359746336937 0.014436955563724041
v 0.03567389026284218 0.04971769079566002 0.016338912770152092
v 0.03567389026284218 0.04971769079566002 0.016338912770152092
v 0.03208450973033905 0.04663359746336937 0.014436955563724041
v 0.03208274394273758 0.04994320496916771 0.016192344948649406
v 0.03567389026284218 0.04971769079566002 0.016338912770152092
v 0.03208274394273758 0.04994320496916771 0.016192344948649406
v 0.03208369016647339 0.05193854495882988 0.017629949375987053
v 0.052762724459171295 0.04671303555369377 0.03604691103100777
v 0.05161478742957115 0.05238073691725731 0.03919953107833862
v 0.05276181921362877 0.05127617344260216 0.041442640125751495
v 0.05276181921362877 0.05127617344260216 0.041442640125751495
v 0.05161478742957115 0.05238073691725731 0.03919953107833862
v 0.051156800240278244 0.05564206466078758 0.043227456510066986
v 0.05276181921362877 0.05127617344260216 0.041442640125751495
v 0.051156800240278244 0.05564206466078758 0.043227456510066986
v 0.05300610512495041 0.05260683223605156 0.0442592091858387
v 0.05438879132270813 0.040021609514951706 0.037385210394859314
v 0.05341442674398422 0.04065791890025139 0.033389363437891006
v 0.05460721626877785 0.04216773435473442 0.04001075401902199
v 0.05460721626877785 0.04216773435473442 0.04001075401902199
v 0.05341442674398422 0.04065791890025139 0.033389363437891006
v 0.052762724459171295 0.04671303555369377 0.03604691103100777
v 0.05460721626877785 0.04216773435473442 0.04001075401902199
v 0.052762724459171295 0.04671303555369377 0.03604691103100777
v 0.054427701979875565 0.04435272142291069 0.040819600224494934
v 0.054427701979875565 0.04435272142291069 0.040819600224494934
v 0.052762724459171295 0.04671303555369377 0.03604691103100777
v 0.05276181921362877 0.05127617344260216 0.041442640125751495
v 0.054427701979875565 0.04435272142291069 0.040819600224494934
v 0.05276181921362877 0.05127617344260216 0.041442640125751495
v 0.053736668080091476 0.050144221633672714 0.043696656823158264
v 0.053736668080091476 0.050144221633672714 0.043696656823158264
v 0.05276181921362877 0.05127617344260216 0.041442640125751495
v 0.05300610512495041 0.05260683223605156 0.0442592091858387
v 0.053736668080091476 0.050144221633672714 0.043696656823158264
v 0.05300610512495041 0.05260683223605156 0.0442592091858387
v 0.05410902202129364 0.05008133873343468 0.04520499333739281
v 0.0496693029999733 0.051797982305288315 0.03298230841755867
v 0.04710901156067848 0.05530918762087822 0.03273124620318413
v 0.04878149554133415 0.0544237457215786 0.03482027351856232
v 0.04878149554133415 0.0544237457215786 0.03482027351856232
v 0.04710901156067848 0.05530918762087822 0.03273124620318413
v 0.0446547195315361 0.05964013561606407 0.03707173466682434
v 0.04988603666424751 0.05722598358988762 0.04275016114115715
v 0.05028744414448738 0.053438153117895126 0.03698483854532242
v 0.04822831600904465 0.05827179178595543 0.040891192853450775
v 0.04822831600904465 0.05827179178595543 0.040891192853450775
v 0.05028744414448738 0.053438153117895126 0.03698483854532242
v 0.04650753363966942 0.059020038694143295 0.03893669694662094
v 0.04822831600904465 0.05827179178595543 0.040891192853450775
v 0.04650753363966942 0.059020038694143295 0.03893669694662094
v 0.04627560079097748 0.06046467646956444 0.0419781394302845
v 0.04627560079097748 0.06046467646956444 0.0419781394302845
v 0.04650753363966942 0.059020038694143295 0.03893669694662094
v 0.04331327602267265 0.062217336148023605 0.041761141270399094
v 0.040076516568660736 0.05001884326338768 0.018126308917999268
v 0.039311930537223816 0.052742522209882736 0.020003505051136017
v 0.0414251908659935 0.05263565108180046 0.02132510021328926
v 0.0414251908659935 0.05263565108180046 0.02132510021328926
v 0.039311930537223816 0.052742522209882736 0.020003505051136017
v 0.03835039213299751 0.055115725845098495 0.022149506956338882
v 0.0414251908659935 0.05263565108180046 0.02132510021328926
v 0.03835039213299751 0.055115725845098495 0.022149506956338882
v 0.043469469994306564 0.05229386314749718 0.022915609180927277
v 0.03208322823047638 0.06468358635902405 0.042747221887111664
v 0.03543965145945549 0.0629456639289856 0.037490930408239365
v 0.0320880189538002 0.062262844294309616 0.034952081739902496
v 0.0320880189538002 0.062262844294309616 0.034952081739902496
v 0.03543965145945549 0.0629456639289856 0.037490930408239365
v 0.037068985402584076 0.06184239313006401 0.034835685044527054
v 0.0320880189538002 0.062262844294309616 0.034952081739902496
v 0.037068985402584076 0.06184239313006401 0.034835685044527054
v 0.034456491470336914 0.06021052226424217 0.029704704880714417
v 0.034456491470336914 0.06021052226424217 0.029704704880714417
v 0.037068985402584076 0.06184239313006401 0.034835685044527054
v 0.03861773759126663 0.06051665171980858 0.03221150115132332
v 0.034456491470336914 0.06021052226424217 0.029704704880714417
v 0.03861773759126663 0.06051665171980858 0.03221150115132332
v 0.035899121314287186 0.05882081016898155 0.027058247476816177
v 0.035899121314287186 0.05882081016898155 0.027058247476816177
v 0.03861773759126663 0.06051665171980858 0.03221150115132332
v 0.04005754739046097 0.05892516300082207 0.02966168522834778
v 0.035899121314287186 0.05882081016898155 0.027058247476816177
v 0.04005754739046097 0.05892516300082207 0.02966168522834778
v 0.03720574453473091 0.05713513121008873 0.024519752711057663
v 0.03720574453473091 0.05713513121008873 0.024519752711057663
v 0.04005754739046097 0.05892516300082207 0.02966168522834778
v 0.04136132448911667 0.05703483149409294 0.02723320946097374
v 0.03720574453473091 0.05713513121008873 0.024519752711057663
v 0.04136132448911667 0.05703483149409294 0.02723320946097374
v 0.03835039213299751 0.055115725845098495 0.022149506956338882
v 0.03835039213299751 0.055115725845098495 0.022149506956338882
v 0.04136132448911667 0.05703483149409294 0.02723320946097374
v 0.04250502586364746 0.05482565984129906 0.02497156336903572
v 0.03835039213299751 0.055115725845098495 0.022149506956338882
v 0.04250502586364746 0.05482565984129906 0.02497156336903572
v 0.043469469994306564 0.05229386314749718 0.022915609180927277
v 0.03208322823047638 0.06468358635902405 0.042747221887111664
v 0.03660209849476814 0.06426586210727692 0.042117733508348465
v 0.03543965145945549 0.0629456639289856 0.037490930408239365
v 0.03543965145945549 0.0629456639289856 0.037490930408239365
v 0.03660209849476814 0.06426586210727692 0.042117733508348465
v 0.03960657864809036 0.06312517821788788 0.04029523581266403
v 0.03543965145945549 0.0629456639289856 0.037490930408239365
v 0.03960657864809036 0.06312517821788788 0.04029523581266403
v 0.037068985402584076 0.06184239313006401 0.034835685044527054
v 0.037068985402584076 0.06184239313006401 0.034835685044527054
v 0.03960657864809036 0.06312517821788788 0.04029523581266403
v 0.04120378941297531 0.061737146228551865 0.0377698577940464
v 0.037068985402584076 0.06184239313006401 0.034835685044527054
v 0.04120378941297531 0.061737146228551865 0.0377698577940464
v 0.03861773759126663 0.06051665171980858 0.03221150115132332
v 0.03861773759126663 0.06051665171980858 0.03221150115132332
v 0.04120378941297531 0.061737146228551865 0.0377698577940464
v 0.04269913583993912 0.06010904535651207 0.03531644120812416
v 0.03861773759126663 0.06051665171980858 0.03221150115132332
v 0.04269913583993912 0.06010904535651207 0.03531644120812416
v 0.04005754739046097 0.05892516300082207 0.02966168522834778
v 0.04005754739046097 0.05892516300082207 0.02966168522834778
v 0.04269913583993912 0.06010904535651207 0.03531644120812416
v 0.04406893998384476 0.05822136625647545 0.03296542167663574
v 0.04005754739046097 0.05892516300082207 0.02966168522834778
v 0.04406893998384476 0.05822136625647545 0.03296542167663574
v 0.04136132448911667 0.05703483149409294 0.02723320946097374
v 0.04136132448911667 0.05703483149409294 0.02723320946097374
v 0.04406893998384476 0.05822136625647545 0.03296542167663574
v 0.04529298096895218 0.05606379732489586 0.03074638545513153
v 0.04136132448911667 0.05703483149409294 0.02723320946097374
v 0.04529298096895218 0.05606379732489586 0.03074638545513153
v 0.04250502586364746 0.05482565984129906 0.02497156336903572
v 0.04250502586364746 0.05482565984129906 0.02497156336903572
v 0.04529298096895218 0.05606379732489586 0.03074638545513153
v 0.046355240046978 0.05363623425364494 0.02868512272834778
v 0.04250502586364746 0.05482565984129906 0.02497156336903572
v 0.046355240046978 0.05363623425364494 0.02868512272834778
v 0.043469469994306564 0.05229386314749718 0.022915609180927277
v 0.046750281006097794 0.027477381750941277 0.014921761117875576
v 0.045462287962436676 0.032754238694906235 0.01504144910722971
v 0.04912908747792244 0.03162265941500664 0.018758468329906464
v 0.04912908747792244 0.03162265941500664 0.018758468329906464
v 0.045462287962436676 0.032754238694906235 0.01504144910722971
v 0.049067556858062744 0.03829978033900261 0.021014202386140823
v 0.04912908747792244 0.03162265941500664 0.018758468329906464
v 0.049067556858062744 0.03829978033900261 0.021014202386140823
v 0.05186908692121506 0.036508288234472275 0.025863751769065857
v 0.0496693029999733 0.051797982305288315 0.03298230841755867
v 0.05039355158805847 0.04898260161280632 0.03129838407039642
v 0.04724465683102608 0.05094998702406883 0.026800714433193207
v 0.04724465683102608 0.05094998702406883 0.026800714433193207
v 0.05039355158805847 0.04898260161280632 0.03129838407039642
v 0.04795585945248604 0.04802870377898216 0.02510260045528412
v 0.04724465683102608 0.05094998702406883 0.026800714433193207
v 0.04795585945248604 0.04802870377898216 0.02510260045528412
v 0.04424210265278816 0.04945484921336174 0.021092426031827927
v 0.04424210265278816 0.04945484921336174 0.021092426031827927
v 0.04795585945248604 0.04802870377898216 0.02510260045528412
v 0.044818803668022156 0.0463462732732296 0.01951216533780098
v 0.04424210265278816 0.04945484921336174 0.021092426031827927
v 0.044818803668022156 0.0463462732732296 0.01951216533780098
v 0.04277663305401802 0.04676837846636772 0.017872650176286697
v 0.040076516568660736 0.05001884326338768 0.018126308917999268
v 0.03567389026284218 0.04971769079566002 0.016338912770152092
v 0.039311930537223816 0.052742522209882736 0.020003505051136017
v 0.039311930537223816 0.052742522209882736 0.020003505051136017
v 0.03567389026284218 0.04971769079566002 0.016338912770152092
v 0.03495695814490318 0.0523185096681118 0.018155496567487717
v 0.039311930537223816 0.052742522209882736 0.020003505051136017
v 0.03495695814490318 0.0523185096681118 0.018155496567487717
v 0.03835039213299751 0.055115725845098495 0.022149506956338882
v 0.03835039213299751 0.055115725845098495 0.022149506956338882
v 0.03495695814490318 0.0523185096681118 0.018155496567487717
v 0.03404299542307854 0.054572608321905136 0.020258519798517227
v 0.03835039213299751 0.055115725845098495 0.022149506956338882
v 0.03404299542307854 0.054572608321905136 0.020258519798517227
v 0.03720574453473091 0.05713513121008873 0.024519752711057663
v 0.03720574453473091 0.05713513121008873 0.024519752711057663
v 0.03404299542307854 0.054572608321905136 0.020258519798517227
v 0.03294266760349274 0.056481655687093735 0.02259865775704384
v 0.03720574453473091 0.05713513121008873 0.024519752711057663
v 0.03294266760349274 0.056481655687093735 0.02259865775704384
v 0.035899121314287186 0.05882081016898155 0.027058247476816177
v 0.035899121314287186 0.05882081016898155 0.027058247476816177
v 0.03294266760349274 0.056481655687093735 0.02259865775704384
v 0.03208888694643974 0.05782584473490715 0.024686992168426514
v 0.035899121314287186 0.05882081016898155 0.027058247476816177
v 0.03208888694643974 0.05782584473490715 0.024686992168426514
v 0.034456491470336914 0.06021052226424217 0.029704704880714417
v 0.034456491470336914 0.06021052226424217 0.029704704880714417
v 0.03208888694643974 0.05782584473490715 0.024686992168426514
v 0.03208933770656586 0.06018073484301567 0.02942885458469391
v 0.034456491470336914 0.06021052226424217 0.029704704880714417
v 0.03208933770656586 0.06018073484301567 0.02942885458469391
v 0.0320880189538002 0.062262844294309616 0.034952081739902496
v 0.03660209849476814 0.06426586210727692 0.042117733508348465
v 0.04001902788877487 0.06350332498550415 0.041816920042037964
v 0.03960657864809036 0.06312517821788788 0.04029523581266403
v 0.03960657864809036 0.06312517821788788 0.04029523581266403
v 0.04001902788877487 0.06350332498550415 0.041816920042037964
v 0.04151375591754913 0.06299532949924469 0.04175851494073868
v 0.03960657864809036 0.06312517821788788 0.04029523581266403
v 0.04151375591754913 0.06299532949924469 0.04175851494073868
v 0.04120378941297531 0.061737146228551865 0.0377698577940464
v 0.04120378941297531 0.061737146228551865 0.0377698577940464
v 0.04151375591754913 0.06299532949924469 0.04175851494073868
v 0.04190127179026604 0.06284387409687042 0.041751962155103683
v 0.04120378941297531 0.061737146228551865 0.0377698577940464
v 0.04190127179026604 0.06284387409687042 0.041751962155103683
v 0.04269913583993912 0.06010904535651207 0.03531644120812416
v 0.04269913583993912 0.06010904535651207 0.03531644120812416
v 0.04190127179026604 0.06284387409687042 0.041751962155103683
v 0.0446547195315361 0.05964013561606407 0.03707173466682434
v 0.04269913583993912 0.06010904535651207 0.03531644120812416
v 0.0446547195315361 0.05964013561606407 0.03707173466682434
v 0.04406893998384476 0.05822136625647545 0.03296542167663574
v 0.04406893998384476 0.05822136625647545 0.03296542167663574
v 0.0446547195315361 0.05964013561606407 0.03707173466682434
v 0.04710901156067848 0.05530918762087822 0.03273124620318413
v 0.04406893998384476 0.05822136625647545 0.03296542167663574
v 0.04710901156067848 0.05530918762087822 0.03273124620318413
v 0.04529298096895218 0.05606379732489586 0.03074638545513153
v 0.04529298096895218 0.05606379732489586 0.03074638545513153
v 0.04710901156067848 0.05530918762087822 0.03273124620318413
v 0.0496693029999733 0.051797982305288315 0.03298230841755867
v 0.04529298096895218 0.05606379732489586 0.03074638545513153
v 0.0496693029999733 0.051797982305288315 0.03298230841755867
v 0.046355240046978 0.05363623425364494 0.02868512272834778
v 0.046355240046978 0.05363623425364494 0.02868512272834778
v 0.0496693029999733 0.051797982305288315 0.03298230841755867
v 0.04724465683102608 0.05094998702406883 0.026800714433193207
v 0.046355240046978 0.05363623425364494 0.02868512272834778
v 0.04724465683102608 0.05094998702406883 0.026800714433193207
v 0.043469469994306564 0.05229386314749718 0.022915609180927277
v 0.043469469994306564 0.05229386314749718 0.022915609180927277
v 0.04724465683102608 0.05094998702406883 0.026800714433193207
v 0.04424210265278816 0.04945484921336174 0.021092426031827927
v 0.043469469994306564 0.05229386314749718 0.022915609180927277
v 0.04424210265278816 0.04945484921336174 0.021092426031827927
v 0.0414251908659935 0.05263565108180046 0.02132510021328926
v 0.0414251908659935 0.05263565108180046 0.02132510021328926
v 0.04424210265278816 0.04945484921336174 0.021092426031827927
v 0.04277663305401802 0.04676837846636772 0.017872650176286697
v 0.0414251908659935 0.05263565108180046 0.02132510021328926
v 0.04277663305401802 0.04676837846636772 0.017872650176286697
v 0.040076516568660736 0.05001884326338768 0.018126308917999268
v 0.040076516568660736 0.05001884326338768 0.018126308917999268
v 0.04277663305401802 0.04676837846636772 0.017872650176286697
v 0.040640100836753845 0.04697732254862785 0.016543913632631302
v 0.040076516568660736 0.05001884326338768 0.018126308917999268
v 0.040640100836753845 0.04697732254862785 0.016543913632631302
v 0.03567389026284218 0.04971769079566002 0.016338912770152092
v 0.03567389026284218 0.04971769079566002 0.016338912770152092
v 0.040640100836753845 0.04697732254862785 0.016543913632631302
v 0.03843796253204346 0.046980153769254684 0.015537233091890812
v 0.03567389026284218 0.04971769079566002 0.016338912770152092
v 0.03843796253204346 0.046980153769254684 0.015537233091890812
v 0.036193713545799255 0.04679779335856438 0.01484034862369299
v 0.03337922692298889 0.033642467111349106 0.011520321480929852
v 0.03236742690205574 0.03841012343764305 0.012120907194912434
v 0.03677758201956749 0.033640023320913315 0.011695723049342632
v 0.03677758201956749 0.033640023320913315 0.011695723049342632
v 0.03236742690205574 0.03841012343764305 0.012120907194912434
v 0.03671034425497055 0.04029708728194237 0.012792210094630718
v 0.03677758201956749 0.033640023320913315 0.011695723049342632
v 0.03671034425497055 0.04029708728194237 0.012792210094630718
v 0.03903825208544731 0.03357158228754997 0.012068293057382107
v 0.03903825208544731 0.03357158228754997 0.012068293057382107
v 0.03671034425497055 0.04029708728194237 0.012792210094630718
v 0.03898321092128754 0.04034237191081047 0.013352819718420506
v 0.03903825208544731 0.03357158228754997 0.012068293057382107
v 0.03898321092128754 0.04034237191081047 0.013352819718420506
v 0.04125721752643585 0.03340968117117882 0.012720723636448383
v 0.04125721752643585 0.03340968117117882 0.012720723636448383
v 0.03898321092128754 0.04034237191081047 0.013352819718420506
v 0.04121178016066551 0.04025263711810112 0.01423176284879446
v 0.04125721752643585 0.03340968117117882 0.012720723636448383
v 0.04121178016066551 0.04025263711810112 0.01423176284879446
v 0.0434090681374073 0.033140670508146286 0.013702473603188992
v 0.0434090681374073 0.033140670508146286 0.013702473603188992
v 0.04121178016066551 0.04025263711810112 0.01423176284879446
v 0.0433686263859272 0.040009018033742905 0.015450376085937023
v 0.0434090681374073 0.033140670508146286 0.013702473603188992
v 0.0433686263859272 0.040009018033742905 0.015450376085937023
v 0.045462287962436676 0.032754238694906235 0.01504144910722971
v 0.045462287962436676 0.032754238694906235 0.01504144910722971
v 0.0433686263859272 0.040009018033742905 0.015450376085937023
v 0.04542085900902748 0.03960041329264641 0.017005516216158867
v 0.045462287962436676 0.032754238694906235 0.01504144910722971
v 0.04542085900902748 0.03960041329264641 0.017005516216158867
v 0.049067556858062744 0.03829978033900261 0.021014202386140823
v 0.049067556858062744 0.03829978033900261 0.021014202386140823
v 0.04542085900902748 0.03960041329264641 0.017005516216158867
v 0.04848991334438324 0.04490950331091881 0.02358764037489891
v 0.049067556858062744 0.03829978033900261 0.021014202386140823
v 0.04848991334438324 0.04490950331091881 0.02358764037489891
v 0.05186908692121506 0.036508288234472275 0.025863751769065857
v 0.05186908692121506 0.036508288234472275 0.025863751769065857
v 0.04848991334438324 0.04490950331091881 0.02358764037489891
v 0.05138761177659035 0.04290885850787163 0.028365369886159897
v 0.04886765778064728 0.027476606890559196 0.017257899045944214
v 0.04912908747792244 0.03162265941500664 0.018758468329906464
v 0.05196451395750046 0.03009520284831524 0.023495271801948547
v 0.05196451395750046 0.03009520284831524 0.023495271801948547
v 0.04912908747792244 0.03162265941500664 0.018758468329906464
v 0.05186908692121506 0.036508288234472275 0.025863751769065857
v 0.05196451395750046 0.03009520284831524 0.023495271801948547
v 0.05186908692121506 0.036508288234472275 0.025863751769065857
v 0.053757257759571075 0.03446700796484947 0.03104056790471077
v 0.053757257759571075 0.03446700796484947 0.03104056790471077
v 0.05186908692121506 0.036508288234472275 0.025863751769065857
v 0.05138761177659035 0.04290885850787163 0.028365369886159897
v 0.053757257759571075 0.03446700796484947 0.03104056790471077
v 0.05138761177659035 0.04290885850787163 0.028365369886159897
v 0.05341442674398422 0.04065791890025139 0.033389363437891006
v 0.05341442674398422 0.04065791890025139 0.033389363437891006
v 0.05138761177659035 0.04290885850787163 0.028365369886159897
v 0.05167549476027489 0.04786975309252739 0.033658433705568314
v 0.05341442674398422 0.04065791890025139 0.033389363437891006
v 0.05167549476027489 0.04786975309252739 0.033658433705568314
v 0.052762724459171295 0.04671303555369377 0.03604691103100777
v 0.052762724459171295 0.04671303555369377 0.03604691103100777
v 0.05167549476027489 0.04786975309252739 0.033658433705568314
v 0.05028744414448738 0.053438153117895126 0.03698483854532242
v 0.052762724459171295 0.04671303555369377 0.03604691103100777
v 0.05028744414448738 0.053438153117895126 0.03698483854532242
v 0.05161478742957115 0.05238073691725731 0.03919953107833862
v 0.05161478742957115 0.05238073691725731 0.03919953107833862
v 0.05028744414448738 0.053438153117895126 0.03698483854532242
v 0.04988603666424751 0.05722598358988762 0.04275016114115715
v 0.05161478742957115 0.05238073691725731 0.03919953107833862
v 0.04988603666424751 0.05722598358988762 0.04275016114115715
v 0.051156800240278244 0.05564206466078758 0.043227456510066986
v 0.032116156071424484 0.04081135615706444 0.012586032040417194
v 0.03209402784705162 0.04305575415492058 0.013157530687749386
v 0.03671034425497055 0.04029708728194237 0.012792210094630718
v 0.03671034425497055 0.04029708728194237 0.012792210094630718
v 0.03209402784705162 0.04305575415492058 0.013157530687749386
v 0.036193713545799255 0.04679779335856438 0.01484034862369299
v 0.03671034425497055 0.04029708728194237 0.012792210094630718
v 0.036193713545799255 0.04679779335856438 0.01484034862369299
v 0.03898321092128754 0.04034237191081047 0.013352819718420506
v 0.03898321092128754 0.04034237191081047 0.013352819718420506
v 0.036193713545799255 0.04679779335856438 0.01484034862369299
v 0.03843796253204346 0.046980153769254684 0.015537233091890812
v 0.03898321092128754 0.04034237191081047 0.013352819718420506
v 0.03843796253204346 0.046980153769254684 0.015537233091890812
v 0.04121178016066551 0.04025263711810112 0.01423176284879446
v 0.04121178016066551 0.04025263711810112 0.01423176284879446
v 0.03843796253204346 0.046980153769254684 0.015537233091890812
v 0.040640100836753845 0.04697732254862785 0.016543913632631302
v 0.04121178016066551 0.04025263711810112 0.01423176284879446
v 0.040640100836753845 0.04697732254862785 0.016543913632631302
v 0.0433686263859272 0.040009018033742905 0.015450376085937023
v 0.0433686263859272 0.040009018033742905 0.015450376085937023
v 0.040640100836753845 0.04697732254862785 0.016543913632631302
v 0.04277663305401802 0.04676837846636772 0.017872650176286697
v 0.0433686263859272 0.040009018033742905 0.015450376085937023
v 0.04277663305401802 0.04676837846636772 0.017872650176286697
v 0.04542085900902748 0.03960041329264641 0.017005516216158867
v 0.04542085900902748 0.03960041329264641 0.017005516216158867
v 0.04277663305401802 0.04676837846636772 0.017872650176286697
v 0.044818803668022156 0.0463462732732296 0.01951216533780098
v 0.04542085900902748 0.03960041329264641 0.017005516216158867
v 0.044818803668022156 0.0463462732732296 0.01951216533780098
v 0.04848991334438324 0.04490950331091881 0.02358764037489891
v 0.04848991334438324 0.04490950331091881 0.02358764037489891
v 0.044818803668022156 0.0463462732732296 0.01951216533780098
v 0.04795585945248604 0.04802870377898216 0.02510260045528412
v 0.04848991334438324 0.04490950331091881 0.02358764037489891
v 0.04795585945248604 0.04802870377898216 0.02510260045528412
v 0.05138761177659035 0.04290885850787163 0.028365369886159897
v 0.05138761177659035 0.04290885850787163 0.028365369886159897
v 0.04795585945248604 0.04802870377898216 0.02510260045528412
v 0.05039355158805847 0.04898260161280632 0.03129838407039642
v 0.05138761177659035 0.04290885850787163 0.028365369886159897
v 0.05039355158805847 0.04898260161280632 0.03129838407039642
v 0.05167549476027489 0.04786975309252739 0.033658433705568314
v 0.05167549476027489 0.04786975309252739 0.033658433705568314
v 0.05039355158805847 0.04898260161280632 0.03129838407039642
v 0.0496693029999733 0.051797982305288315 0.03298230841755867
v 0.05167549476027489 0.04786975309252739 0.033658433705568314
v 0.0496693029999733 0.051797982305288315 0.03298230841755867
v 0.05028744414448738 0.053438153117895126 0.03698483854532242
v 0.05028744414448738 0.053438153117895126 0.03698483854532242
v 0.0496693029999733 0.051797982305288315 0.03298230841755867
v 0.04878149554133415 0.0544237457215786 0.03482027351856232
v 0.05028744414448738 0.053438153117895126 0.03698483854532242
v 0.04878149554133415 0.0544237457215786 0.03482027351856232
v 0.04650753363966942 0.059020038694143295 0.03893669694662094
v 0.04650753363966942 0.059020038694143295 0.03893669694662094
v 0.04878149554133415 0.0544237457215786 0.03482027351856232
v 0.0446547195315361 0.05964013561606407 0.03707173466682434
v 0.04650753363966942 0.059020038694143295 0.03893669694662094
v 0.0446547195315361 0.05964013561606407 0.03707173466682434
v 0.04331327602267265 0.062217336148023605 0.041761141270399094
v 0.04331327602267265 0.062217336148023605 0.041761141270399094
v 0.0446547195315361 0.05964013561606407 0.03707173466682434
v 0.04190127179026604 0.06284387409687042 0.041751962155103683
v 0.0463552251458168 -0.05346933379769325 0.028685156255960464
v 0.04529296234250069 -0.055896881967782974 0.03074641525745392
v 0.041361305862665176 -0.05686793103814125 0.027233242988586426
v 0.041361305862665176 -0.05686793103814125 0.027233242988586426
v 0.04529296234250069 -0.055896881967782974 0.03074641525745392
v 0.040057532489299774 -0.05875826254487038 0.029661715030670166
v 0.04250501096248627 -0.05465877428650856 0.024971600621938705
v 0.04346945136785507 -0.05212697759270668 0.02291564643383026
v 0.04724464192986488 -0.050783101469278336 0.026800747960805893
v 0.03898320719599724 -0.040175531059503555 0.013352842070162296
v 0.041211776435375214 -0.040085796266794205 0.01423178892582655
v 0.04101087152957916 -0.04351884499192238 0.015256623737514019
v 0.0434090718626976 -0.03297385945916176 0.01370249968022108
v 0.045462291687726974 -0.03258741274476051 0.015041478909552097
v 0.04542085528373718 -0.03943357244133949 0.017005547881126404
v 0.054929543286561966 -0.04379091039299965 0.04305890575051308
v 0.054427698254585266 -0.04418585076928139 0.04081962630152702
v 0.05460432171821594 -0.04199439659714699 0.04000195115804672
v 0.05410899221897125 -0.049914274364709854 0.04520420730113983
v 0.05307139456272125 -0.052309636026620865 0.04430622234940529
v 0.05373666062951088 -0.04997730627655983 0.043696679174900055
v 0.04784476011991501 -0.027310164645314217 0.01602432131767273
v 0.04881630837917328 -0.027309807017445564 0.017191031947731972
v 0.04912908747792244 -0.03145581856369972 0.018758505582809448
v 0.05375725403428078 -0.03430015221238136 0.031040601432323456
v 0.053191207349300385 -0.027310552075505257 0.025957640260457993
v 0.054616525769233704 -0.02730998583137989 0.031555600464344025
v 0.04190126433968544 -0.027312250807881355 0.012032085098326206
v 0.043023716658353806 -0.027309568598866463 0.012470432557165623
v 0.0434090718626976 -0.03297385945916176 0.01370249968022108
v 0.0434090718626976 -0.03297385945916176 0.01370249968022108
v 0.043023716658353806 -0.027309568598866463 0.012470432557165623
v 0.045551612973213196 -0.027310075238347054 0.013937153853476048
v 0.0434090718626976 -0.03297385945916176 0.01370249968022108
v 0.045551612973213196 -0.027310075238347054 0.013937153853476048
v 0.045462291687726974 -0.03258741274476051 0.015041478909552097
v 0.045462291687726974 -0.03258741274476051 0.015041478909552097
v 0.045551612973213196 -0.027310075238347054 0.013937153853476048
v 0.04784476011991501 -0.027310164645314217 0.01602432131767273
v 0.03677758201956749 -0.03347319737076759 0.011695736087858677
v 0.03296294063329697 -0.035135481506586075 0.011690582148730755
v 0.034358877688646317 -0.030096175149083138 0.011269082315266132
v 0.03495694324374199 -0.052151624113321304 0.01815553568303585
v 0.032085493206977844 -0.049618009477853775 0.016094300895929337
v 0.035673875361680984 -0.04955080524086952 0.016338948160409927
v 0.035673875361680984 -0.04955080524086952 0.016338948160409927
v 0.032085493206977844 -0.049618009477853775 0.016094300895929337
v 0.03208501636981964 -0.04793522134423256 0.01513433177024126
v 0.035673875361680984 -0.04955080524086952 0.016338948160409927
v 0.03208501636981964 -0.04793522134423256 0.01513433177024126
v 0.03619370609521866 -0.046630922704935074 0.014840380288660526
v 0.03619370609521866 -0.046630922704935074 0.014840380288660526
v 0.03208501636981964 -0.04793522134423256 0.01513433177024126
v 0.032084859907627106 -0.046299997717142105 0.014363613910973072
v 0.03619370609521866 -0.046630922704935074 0.014840380288660526
v 0.032084859907627106 -0.046299997717142105 0.014363613910973072
v 0.036529552191495895 -0.04345545545220375 0.01366655807942152
v 0.036529552191495895 -0.04345545545220375 0.01366655807942152
v 0.032084859907627106 -0.046299997717142105 0.014363613910973072
v 0.0320836566388607 -0.042374853044748306 0.013011435978114605
v 0.036529552191495895 -0.04345545545220375 0.01366655807942152
v 0.0320836566388607 -0.042374853044748306 0.013011435978114605
v 0.03671034052968025 -0.040130261331796646 0.01279223058372736
v 0.03671034052968025 -0.040130261331796646 0.01279223058372736
v 0.0320836566388607 -0.042374853044748306 0.013011435978114605
v 0.03208855539560318 -0.041544023901224136 0.012796415947377682
v 0.03671034052968025 -0.040130261331796646 0.01279223058372736
v 0.03208855539560318 -0.041544023901224136 0.012796415947377682
v 0.032247912138700485 -0.03911266103386879 0.012275458313524723
v 0.03720572590827942 -0.056968215852975845 0.024519789963960648
v 0.032084401696920395 -0.057567570358514786 0.024530325084924698
v 0.032942648977041245 -0.05631474032998085 0.022598695009946823
v 0.032942648977041245 -0.05631474032998085 0.022598695009946823
v 0.032084401696920395 -0.057567570358514786 0.024530325084924698
v 0.03208498656749725 -0.05532771721482277 0.021244369447231293
v 0.032942648977041245 -0.05631474032998085 0.022598695009946823
v 0.03208498656749725 -0.05532771721482277 0.021244369447231293
v 0.034042976796627045 -0.05440569296479225 0.020258557051420212
v 0.034042976796627045 -0.05440569296479225 0.020258557051420212
v 0.03208498656749725 -0.05532771721482277 0.021244369447231293
v 0.03208502009510994 -0.055192116647958755 0.021074824035167694
v 0.034042976796627045 -0.05440569296479225 0.020258557051420212
v 0.03208502009510994 -0.055192116647958755 0.021074824035167694
v 0.03495694324374199 -0.052151624113321304 0.01815553568303585
v 0.03495694324374199 -0.052151624113321304 0.01815553568303585
v 0.03208502009510994 -0.055192116647958755 0.021074824035167694
v 0.03208460658788681 -0.05269953981041908 0.01842721924185753
v 0.03495694324374199 -0.052151624113321304 0.01815553568303585
v 0.03208460658788681 -0.05269953981041908 0.01842721924185753
v 0.032085493206977844 -0.049618009477853775 0.016094300895929337
v 0.03208492696285248 -0.05885935202240944 0.026921499520540237
v 0.03589910641312599 -0.05865389481186867 0.027058277279138565
v 0.03208436444401741 -0.05972752347588539 0.02877316251397133
v 0.03208436444401741 -0.05972752347588539 0.02877316251397133
v 0.03589910641312599 -0.05865389481186867 0.027058277279138565
v 0.03445647656917572 -0.06004360690712929 0.029704730957746506
v 0.03208436444401741 -0.05972752347588539 0.02877316251397133
v 0.03445647656917572 -0.06004360690712929 0.029704730957746506
v 0.032084446400403976 -0.06178751960396767 0.034051455557346344
v 0.04772677272558212 -0.05666956678032875 0.03680860251188278
v 0.049046821892261505 -0.05795443430542946 0.042505357414484024
v 0.04650752246379852 -0.05885312333703041 0.038936715573072433
v 0.04650752246379852 -0.05885312333703041 0.038936715573072433
v 0.049046821892261505 -0.05795443430542946 0.042505357414484024
v 0.046491801738739014 -0.060142580419778824 0.04200650006532669
v 0.04650752246379852 -0.05885312333703041 0.038936715573072433
v 0.046491801738739014 -0.060142580419778824 0.04200650006532669
v 0.045132674276828766 -0.060799453407526016 0.04118861258029938
v 0.054427698254585266 -0.04418585076928139 0.04081962630152702
v 0.054929543286561966 -0.04379091039299965 0.04305890575051308
v 0.05373666062951088 -0.04997730627655983 0.043696679174900055
v 0.05410899221897125 -0.049914274364709854 0.04520420730113983
v 0.05373666062951088 -0.04997730627655983 0.043696679174900055
v 0.05435842275619507 -0.04921970143914223 0.045475419610738754
v 0.05435842275619507 -0.04921970143914223 0.045475419610738754
v 0.05373666062951088 -0.04997730627655983 0.043696679174900055
v 0.054929543286561966 -0.04379091039299965 0.04305890575051308
v 0.05435842275619507 -0.04921970143914223 0.045475419610738754
v 0.054929543286561966 -0.04379091039299965 0.04305890575051308
v 0.05540342628955841 -0.045484576374292374 0.047005586326122284
v 0.0527627170085907 -0.04654613509774208 0.036046940833330154
v 0.053414419293403625 -0.040491048246622086 0.033389393240213394
v 0.054388172924518585 -0.039859626442193985 0.037390369921922684
v 0.054616525769233704 -0.02730998583137989 0.031555600464344025
v 0.05438965931534767 -0.031452033668756485 0.03242727741599083
v 0.05375725403428078 -0.03430015221238136 0.031040601432323456
v 0.05375725403428078 -0.03430015221238136 0.031040601432323456
v 0.05438965931534767 -0.031452033668756485 0.03242727741599083
v 0.0542876236140728 -0.03459358587861061 0.03362031280994415
v 0.05375725403428078 -0.03430015221238136 0.031040601432323456
v 0.0542876236140728 -0.03459358587861061 0.03362031280994415
v 0.053414419293403625 -0.040491048246622086 0.033389393240213394
v 0.053414419293403625 -0.040491048246622086 0.033389393240213394
v 0.0542876236140728 -0.03459358587861061 0.03362031280994415
v 0.054284363985061646 -0.037344757467508316 0.03523297235369682
v 0.053414419293403625 -0.040491048246622086 0.033389393240213394
v 0.054284363985061646 -0.037344757467508316 0.03523297235369682
v 0.054388172924518585 -0.039859626442193985 0.037390369921922684
v 0.04784476011991501 -0.027310164645314217 0.01602432131767273
v 0.04912908747792244 -0.03145581856369972 0.018758505582809448
v 0.045462291687726974 -0.03258741274476051 0.015041478909552097
v 0.045462291687726974 -0.03258741274476051 0.015041478909552097
v 0.04912908747792244 -0.03145581856369972 0.018758505582809448
v 0.049067553132772446 -0.038132939487695694 0.02101423591375351
v 0.045462291687726974 -0.03258741274476051 0.015041478909552097
v 0.049067553132772446 -0.038132939487695694 0.02101423591375351
v 0.04542085528373718 -0.03943357244133949 0.017005547881126404
v 0.041211776435375214 -0.040085796266794205 0.01423178892582655
v 0.03898320719599724 -0.040175531059503555 0.013352842070162296
v 0.03903825208544731 -0.03340474143624306 0.01206830982118845
v 0.03903825208544731 -0.03340474143624306 0.01206830982118845
v 0.03898320719599724 -0.040175531059503555 0.013352842070162296
v 0.03677758201956749 -0.03347319737076759 0.011695736087858677
v 0.03903825208544731 -0.03340474143624306 0.01206830982118845
v 0.03677758201956749 -0.03347319737076759 0.011695736087858677
v 0.03666352108120918 -0.02730974741280079 0.011152640916407108
v 0.03666352108120918 -0.02730974741280079 0.011152640916407108
v 0.03677758201956749 -0.03347319737076759 0.011695736087858677
v 0.034358877688646317 -0.030096175149083138 0.011269082315266132
v 0.03666352108120918 -0.02730974741280079 0.011152640916407108
v 0.034358877688646317 -0.030096175149083138 0.011269082315266132
v 0.03527502343058586 -0.02730974741280079 0.011120584793388844
v 0.03907489776611328 -0.027313264086842537 0.011363468132913113
v 0.04190126433968544 -0.027312250807881355 0.012032085098326206
v 0.04125721752643585 -0.033242855221033096 0.012720745988190174
v 0.04125721752643585 -0.033242855221033096 0.012720745988190174
v 0.04190126433968544 -0.027312250807881355 0.012032085098326206
v 0.0434090718626976 -0.03297385945916176 0.01370249968022108
v 0.04125721752643585 -0.033242855221033096 0.012720745988190174
v 0.0434090718626976 -0.03297385945916176 0.01370249968022108
v 0.0433686226606369 -0.03984219208359718 0.01545040588825941
v 0.0433686226606369 -0.03984219208359718 0.01545040588825941
v 0.0434090718626976 -0.03297385945916176 0.01370249968022108
v 0.04542085528373718 -0.03943357244133949 0.017005547881126404
v 0.0433686226606369 -0.03984219208359718 0.01545040588825941
v 0.04542085528373718 -0.03943357244133949 0.017005547881126404
v 0.045205675065517426 -0.04286420717835426 0.018162943422794342
v 0.045205675065517426 -0.04286420717835426 0.018162943422794342
v 0.04542085528373718 -0.03943357244133949 0.017005547881126404
v 0.049067553132772446 -0.038132939487695694 0.02101423591375351
v 0.045205675065517426 -0.04286420717835426 0.018162943422794342
v 0.049067553132772446 -0.038132939487695694 0.02101423591375351
v 0.048489902168512344 -0.0447426475584507 0.023587677627801895
v 0.04724464192986488 -0.050783101469278336 0.026800747960805893
v 0.04346945136785507 -0.05212697759270668 0.02291564643383026
v 0.047955844551324844 -0.047861818224191666 0.025102633982896805
v 0.047955844551324844 -0.047861818224191666 0.025102633982896805
v 0.04346945136785507 -0.05212697759270668 0.02291564643383026
v 0.04424208775162697 -0.04928797855973244 0.02109246328473091
v 0.047955844551324844 -0.047861818224191666 0.025102633982896805
v 0.04424208775162697 -0.04928797855973244 0.02109246328473091
v 0.048489902168512344 -0.0447426475584507 0.023587677627801895
v 0.048489902168512344 -0.0447426475584507 0.023587677627801895
v 0.04424208775162697 -0.04928797855973244 0.02109246328473091
v 0.04481879249215126 -0.04617941752076149 0.019512202590703964
v 0.048489902168512344 -0.0447426475584507 0.023587677627801895
v 0.04481879249215126 -0.04617941752076149 0.019512202590703964
v 0.045205675065517426 -0.04286420717835426 0.018162943422794342
v 0.03666352108120918 -0.02730974741280079 0.011152640916407108
v 0.03907489776611328 -0.027313264086842537 0.011363468132913113
v 0.03903825208544731 -0.03340474143624306 0.01206830982118845
v 0.03903825208544731 -0.03340474143624306 0.01206830982118845
v 0.03907489776611328 -0.027313264086842537 0.011363468132913113
v 0.04125721752643585 -0.033242855221033096 0.012720745988190174
v 0.03903825208544731 -0.03340474143624306 0.01206830982118845
v 0.04125721752643585 -0.033242855221033096 0.012720745988190174
v 0.041211776435375214 -0.040085796266794205 0.01423178892582655
v 0.041211776435375214 -0.040085796266794205 0.01423178892582655
v 0.04125721752643585 -0.033242855221033096 0.012720745988190174
v 0.0433686226606369 -0.03984219208359718 0.01545040588825941
v 0.041211776435375214 -0.040085796266794205 0.01423178892582655
v 0.0433686226606369 -0.03984219208359718 0.01545040588825941
v 0.04101087152957916 -0.04351884499192238 0.015256623737514019
v 0.04101087152957916 -0.04351884499192238 0.015256623737514019
v 0.0433686226606369 -0.03984219208359718 0.01545040588825941
v 0.045205675065517426 -0.04286420717835426 0.018162943422794342
v 0.04101087152957916 -0.04351884499192238 0.015256623737514019
v 0.045205675065517426 -0.04286420717835426 0.018162943422794342
v 0.04064008966088295 -0.04681048169732094 0.016543947160243988
v 0.04064008966088295 -0.04681048169732094 0.016543947160243988
v 0.045205675065517426 -0.04286420717835426 0.018162943422794342
v 0.04481879249215126 -0.04617941752076149 0.019512202590703964
v 0.04064008966088295 -0.04681048169732094 0.016543947160243988
v 0.04481879249215126 -0.04617941752076149 0.019512202590703964
v 0.04007650166749954 -0.04985195770859718 0.018126346170902252
v 0.04007650166749954 -0.04985195770859718 0.018126346170902252
v 0.04481879249215126 -0.04617941752076149 0.019512202590703964
v 0.04424208775162697 -0.04928797855973244 0.02109246328473091
v 0.04007650166749954 -0.04985195770859718 0.018126346170902252
v 0.04424208775162697 -0.04928797855973244 0.02109246328473091
v 0.039311911910772324 -0.052575621753931046 0.020003542304039
v 0.039311911910772324 -0.052575621753931046 0.020003542304039
v 0.04424208775162697 -0.04928797855973244 0.02109246328473091
v 0.04346945136785507 -0.05212697759270668 0.02291564643383026
v 0.039311911910772324 -0.052575621753931046 0.020003542304039
v 0.04346945136785507 -0.05212697759270668 0.02291564643383026
v 0.03835037723183632 -0.054948840290308 0.022149544209241867
v 0.03835037723183632 -0.054948840290308 0.022149544209241867
v 0.04346945136785507 -0.05212697759270668 0.02291564643383026
v 0.04250501096248627 -0.05465877428650856 0.024971600621938705
v 0.03835037723183632 -0.054948840290308 0.022149544209241867
v 0.04250501096248627 -0.05465877428650856 0.024971600621938705
v 0.03720572590827942 -0.056968215852975845 0.024519789963960648
v 0.04406892508268356 -0.058054450899362564 0.03296545147895813
v 0.042699120938777924 -0.059942129999399185 0.03531646355986595
v 0.04067652300000191 -0.06023934856057167 0.033690836280584335
v 0.04067652300000191 -0.06023934856057167 0.033690836280584335
v 0.042699120938777924 -0.059942129999399185 0.03531646355986595
v 0.03752796724438667 -0.06293892860412598 0.038838595151901245
v 0.03752796724438667 -0.06293892860412598 0.038838595151901245
v 0.042699120938777924 -0.059942129999399185 0.03531646355986595
v 0.041203778237104416 -0.06157023087143898 0.037769872695207596
v 0.03752796724438667 -0.06293892860412598 0.038838595151901245
v 0.041203778237104416 -0.06157023087143898 0.037769872695207596
v 0.039606571197509766 -0.0629582405090332 0.04029524698853493
v 0.039606571197509766 -0.0629582405090332 0.04029524698853493
v 0.041203778237104416 -0.06157023087143898 0.037769872695207596
v 0.04354340210556984 -0.06193685904145241 0.04176782816648483
v 0.039606571197509766 -0.0629582405090332 0.04029524698853493
v 0.04354340210556984 -0.06193685904145241 0.04176782816648483
v 0.04190145060420036 -0.0626772940158844 0.04175197333097458
v 0.04529296234250069 -0.055896881967782974 0.03074641525745392
v 0.04406892508268356 -0.058054450899362564 0.03296545147895813
v 0.040057532489299774 -0.05875826254487038 0.029661715030670166
v 0.040057532489299774 -0.05875826254487038 0.029661715030670166
v 0.04406892508268356 -0.058054450899362564 0.03296545147895813
v 0.04067652300000191 -0.06023934856057167 0.033690836280584335
v 0.040057532489299774 -0.05875826254487038 0.029661715030670166
v 0.04067652300000191 -0.06023934856057167 0.033690836280584335
v 0.03861772269010544 -0.060349736362695694 0.03221152722835541
v 0.03861772269010544 -0.060349736362695694 0.03221152722835541
v 0.04067652300000191 -0.06023934856057167 0.033690836280584335
v 0.03752796724438667 -0.06293892860412598 0.038838595151901245
v 0.03861772269010544 -0.060349736362695694 0.03221152722835541
v 0.03752796724438667 -0.06293892860412598 0.038838595151901245
v 0.03543964400887489 -0.06277871131896973 0.03749094158411026
v 0.04190145060420036 -0.0626772940158844 0.04175197333097458
v 0.04047061875462532 -0.06319504976272583 0.041794002056121826
v 0.039606571197509766 -0.0629582405090332 0.04029524698853493
v 0.039606571197509766 -0.0629582405090332 0.04029524698853493
v 0.04047061875462532 -0.06319504976272583 0.041794002056121826
v 0.0371348038315773 -0.06401240825653076 0.042058687657117844
v 0.039606571197509766 -0.0629582405090332 0.04029524698853493
v 0.0371348038315773 -0.06401240825653076 0.042058687657117844
v 0.03752796724438667 -0.06293892860412598 0.038838595151901245
v 0.03752796724438667 -0.06293892860412598 0.038838595151901245
v 0.0371348038315773 -0.06401240825653076 0.042058687657117844
v 0.03208323195576668 -0.06451660394668579 0.04274722933769226
v 0.03752796724438667 -0.06293892860412598 0.038838595151901245
v 0.03208323195576668 -0.06451660394668579 0.04274722933769226
v 0.03543964400887489 -0.06277871131896973 0.03749094158411026
v 0.03543964400887489 -0.06277871131896973 0.03749094158411026
v 0.03208323195576668 -0.06451660394668579 0.04274722933769226
v 0.032084446400403976 -0.06178751960396767 0.034051455557346344
v 0.03543964400887489 -0.06277871131896973 0.03749094158411026
v 0.032084446400403976 -0.06178751960396767 0.034051455557346344
v 0.03861772269010544 -0.060349736362695694 0.03221152722835541
v 0.03861772269010544 -0.060349736362695694 0.03221152722835541
v 0.032084446400403976 -0.06178751960396767 0.034051455557346344
v 0.03445647656917572 -0.06004360690712929 0.029704730957746506
v 0.03861772269010544 -0.060349736362695694 0.03221152722835541
v 0.03445647656917572 -0.06004360690712929 0.029704730957746506
v 0.040057532489299774 -0.05875826254487038 0.029661715030670166
v 0.040057532489299774 -0.05875826254487038 0.029661715030670166
v 0.03445647656917572 -0.06004360690712929 0.029704730957746506
v 0.03589910641312599 -0.05865389481186867 0.027058277279138565
v 0.040057532489299774 -0.05875826254487038 0.029661715030670166
v 0.03589910641312599 -0.05865389481186867 0.027058277279138565
v 0.041361305862665176 -0.05686793103814125 0.027233242988586426
v 0.03720572590827942 -0.056968215852975845 0.024519789963960648
v 0.032942648977041245 -0.05631474032998085 0.022598695009946823
v 0.03835037723183632 -0.054948840290308 0.022149544209241867
v 0.03835037723183632 -0.054948840290308 0.022149544209241867
v 0.032942648977041245 -0.05631474032998085 0.022598695009946823
v 0.034042976796627045 -0.05440569296479225 0.020258557051420212
v 0.03835037723183632 -0.054948840290308 0.022149544209241867
v 0.034042976796627045 -0.05440569296479225 0.020258557051420212
v 0.039311911910772324 -0.052575621753931046 0.020003542304039
v 0.039311911910772324 -0.052575621753931046 0.020003542304039
v 0.034042976796627045 -0.05440569296479225 0.020258557051420212
v 0.03495694324374199 -0.052151624113321304 0.01815553568303585
v 0.039311911910772324 -0.052575621753931046 0.020003542304039
v 0.03495694324374199 -0.052151624113321304 0.01815553568303585
v 0.04007650166749954 -0.04985195770859718 0.018126346170902252
v 0.04007650166749954 -0.04985195770859718 0.018126346170902252
v 0.03495694324374199 -0.052151624113321304 0.01815553568303585
v 0.035673875361680984 -0.04955080524086952 0.016338948160409927
v 0.04007650166749954 -0.04985195770859718 0.018126346170902252
v 0.035673875361680984 -0.04955080524086952 0.016338948160409927
v 0.04064008966088295 -0.04681048169732094 0.016543947160243988
v 0.04064008966088295 -0.04681048169732094 0.016543947160243988
v 0.035673875361680984 -0.04955080524086952 0.016338948160409927
v 0.03619370609521866 -0.046630922704935074 0.014840380288660526
v 0.04064008966088295 -0.04681048169732094 0.016543947160243988
v 0.03619370609521866 -0.046630922704935074 0.014840380288660526
v 0.04101087152957916 -0.04351884499192238 0.015256623737514019
v 0.04101087152957916 -0.04351884499192238 0.015256623737514019
v 0.03619370609521866 -0.046630922704935074 0.014840380288660526
v 0.036529552191495895 -0.04345545545220375 0.01366655807942152
v 0.04101087152957916 -0.04351884499192238 0.015256623737514019
v 0.036529552191495895 -0.04345545545220375 0.01366655807942152
v 0.03898320719599724 -0.040175531059503555 0.013352842070162296
v 0.03898320719599724 -0.040175531059503555 0.013352842070162296
v 0.036529552191495895 -0.04345545545220375 0.01366655807942152
v 0.03671034052968025 -0.040130261331796646 0.01279223058372736
v 0.03898320719599724 -0.040175531059503555 0.013352842070162296
v 0.03671034052968025 -0.040130261331796646 0.01279223058372736
v 0.03677758201956749 -0.03347319737076759 0.011695736087858677
v 0.03677758201956749 -0.03347319737076759 0.011695736087858677
v 0.03671034052968025 -0.040130261331796646 0.01279223058372736
v 0.032247912138700485 -0.03911266103386879 0.012275458313524723
v 0.03677758201956749 -0.03347319737076759 0.011695736087858677
v 0.032247912138700485 -0.03911266103386879 0.012275458313524723
v 0.03296294063329697 -0.035135481506586075 0.011690582148730755
v 0.054388172924518585 -0.039859626442193985 0.037390369921922684
v 0.05460432171821594 -0.04199439659714699 0.04000195115804672
v 0.0527627170085907 -0.04654613509774208 0.036046940833330154
v 0.0527627170085907 -0.04654613509774208 0.036046940833330154
v 0.05460432171821594 -0.04199439659714699 0.04000195115804672
v 0.054427698254585266 -0.04418585076928139 0.04081962630152702
v 0.0527627170085907 -0.04654613509774208 0.036046940833330154
v 0.054427698254585266 -0.04418585076928139 0.04081962630152702
v 0.05226314812898636 -0.04944432154297829 0.03755449876189232
v 0.05226314812898636 -0.04944432154297829 0.03755449876189232
v 0.054427698254585266 -0.04418585076928139 0.04081962630152702
v 0.05373666062951088 -0.04997730627655983 0.043696679174900055
v 0.05226314812898636 -0.04944432154297829 0.03755449876189232
v 0.05373666062951088 -0.04997730627655983 0.043696679174900055
v 0.051614776253700256 -0.052213821560144424 0.03919955715537071
v 0.051614776253700256 -0.052213821560144424 0.03919955715537071
v 0.05373666062951088 -0.04997730627655983 0.043696679174900055
v 0.05307139456272125 -0.052309636026620865 0.04430622234940529
v 0.051614776253700256 -0.052213821560144424 0.03919955715537071
v 0.05307139456272125 -0.052309636026620865 0.04430622234940529
v 0.05079690366983414 -0.054825279861688614 0.04098707064986229
v 0.05079690366983414 -0.054825279861688614 0.04098707064986229
v 0.05307139456272125 -0.052309636026620865 0.04430622234940529
v 0.05129078030586243 -0.055289123207330704 0.04328754171729088
v 0.046491801738739014 -0.060142580419778824 0.04200650006532669
v 0.04354340210556984 -0.06193685904145241 0.04176782816648483
v 0.045132674276828766 -0.060799453407526016 0.04118861258029938
v 0.045132674276828766 -0.060799453407526016 0.04118861258029938
v 0.04354340210556984 -0.06193685904145241 0.04176782816648483
v 0.041203778237104416 -0.06157023087143898 0.037769872695207596
v 0.045132674276828766 -0.060799453407526016 0.04118861258029938
v 0.041203778237104416 -0.06157023087143898 0.037769872695207596
v 0.04650752246379852 -0.05885312333703041 0.038936715573072433
v 0.04650752246379852 -0.05885312333703041 0.038936715573072433
v 0.041203778237104416 -0.06157023087143898 0.037769872695207596
v 0.042699120938777924 -0.059942129999399185 0.03531646355986595
v 0.04650752246379852 -0.05885312333703041 0.038936715573072433
v 0.042699120938777924 -0.059942129999399185 0.03531646355986595
v 0.04772677272558212 -0.05666956678032875 0.03680860251188278
v 0.04772677272558212 -0.05666956678032875 0.03680860251188278
v 0.042699120938777924 -0.059942129999399185 0.03531646355986595
v 0.04406892508268356 -0.058054450899362564 0.03296545147895813
v 0.04772677272558212 -0.05666956678032875 0.03680860251188278
v 0.04406892508268356 -0.058054450899362564 0.03296545147895813
v 0.04878148064017296 -0.0542568601667881 0.034820299595594406
v 0.04878148064017296 -0.0542568601667881 0.034820299595594406
v 0.04406892508268356 -0.058054450899362564 0.03296545147895813
v 0.04529296234250069 -0.055896881967782974 0.03074641525745392
v 0.04878148064017296 -0.0542568601667881 0.034820299595594406
v 0.04529296234250069 -0.055896881967782974 0.03074641525745392
v 0.0496692918241024 -0.05163109675049782 0.03298233821988106
v 0.0496692918241024 -0.05163109675049782 0.03298233821988106
v 0.04529296234250069 -0.055896881967782974 0.03074641525745392
v 0.0463552251458168 -0.05346933379769325 0.028685156255960464
v 0.0496692918241024 -0.05163109675049782 0.03298233821988106
v 0.0463552251458168 -0.05346933379769325 0.028685156255960464
v 0.050393540412187576 -0.04881573095917702 0.03129841759800911
v 0.05129078030586243 -0.055289123207330704 0.04328754171729088
v 0.049046821892261505 -0.05795443430542946 0.042505357414484024
v 0.05079690366983414 -0.054825279861688614 0.04098707064986229
v 0.05079690366983414 -0.054825279861688614 0.04098707064986229
v 0.049046821892261505 -0.05795443430542946 0.042505357414484024
v 0.04772677272558212 -0.05666956678032875 0.03680860251188278
v 0.05079690366983414 -0.054825279861688614 0.04098707064986229
v 0.04772677272558212 -0.05666956678032875 0.03680860251188278
v 0.051614776253700256 -0.052213821560144424 0.03919955715537071
v 0.051614776253700256 -0.052213821560144424 0.03919955715537071
v 0.04772677272558212 -0.05666956678032875 0.03680860251188278
v 0.04878148064017296 -0.0542568601667881 0.034820299595594406
v 0.051614776253700256 -0.052213821560144424 0.03919955715537071
v 0.04878148064017296 -0.0542568601667881 0.034820299595594406
v 0.05226314812898636 -0.04944432154297829 0.03755449876189232
v 0.05226314812898636 -0.04944432154297829 0.03755449876189232
v 0.04878148064017296 -0.0542568601667881 0.034820299595594406
v 0.0496692918241024 -0.05163109675049782 0.03298233821988106
v 0.05226314812898636 -0.04944432154297829 0.03755449876189232
v 0.0496692918241024 -0.05163109675049782 0.03298233821988106
v 0.0527627170085907 -0.04654613509774208 0.036046940833330154
v 0.0527627170085907 -0.04654613509774208 0.036046940833330154
v 0.0496692918241024 -0.05163109675049782 0.03298233821988106
v 0.050393540412187576 -0.04881573095917702 0.03129841759800911
v 0.0527627170085907 -0.04654613509774208 0.036046940833330154
v 0.050393540412187576 -0.04881573095917702 0.03129841759800911
v 0.053414419293403625 -0.040491048246622086 0.033389393240213394
v 0.053414419293403625 -0.040491048246622086 0.033389393240213394
v 0.050393540412187576 -0.04881573095917702 0.03129841759800911
v 0.05138760432600975 -0.042741987854242325 0.028365403413772583
v 0.053414419293403625 -0.040491048246622086 0.033389393240213394
v 0.05138760432600975 -0.042741987854242325 0.028365403413772583
v 0.05375725403428078 -0.03430015221238136 0.031040601432323456
v 0.05375725403428078 -0.03430015221238136 0.031040601432323456
v 0.05138760432600975 -0.042741987854242325 0.028365403413772583
v 0.05186908319592476 -0.036341432482004166 0.02586378902196884
v 0.05375725403428078 -0.03430015221238136 0.031040601432323456
v 0.05186908319592476 -0.036341432482004166 0.02586378902196884
v 0.053191207349300385 -0.027310552075505257 0.025957640260457993
v 0.053191207349300385 -0.027310552075505257 0.025957640260457993
v 0.05186908319592476 -0.036341432482004166 0.02586378902196884
v 0.051964517682790756 -0.029928358271718025 0.023495309054851532
v 0.053191207349300385 -0.027310552075505257 0.025957640260457993
v 0.051964517682790756 -0.029928358271718025 0.023495309054851532
v 0.05167393386363983 -0.02731064148247242 0.02198372781276703
v 0.05167393386363983 -0.02731064148247242 0.02198372781276703
v 0.051964517682790756 -0.029928358271718025 0.023495309054851532
v 0.04988393560051918 -0.027310075238347054 0.018703624606132507
v 0.04881630837917328 -0.027309807017445564 0.017191031947731972
v 0.04988393560051918 -0.027310075238347054 0.018703624606132507
v 0.04912908747792244 -0.03145581856369972 0.018758505582809448
v 0.04912908747792244 -0.03145581856369972 0.018758505582809448
v 0.04988393560051918 -0.027310075238347054 0.018703624606132507
v 0.051964517682790756 -0.029928358271718025 0.023495309054851532
v 0.04912908747792244 -0.03145581856369972 0.018758505582809448
v 0.051964517682790756 -0.029928358271718025 0.023495309054851532
v 0.049067553132772446 -0.038132939487695694 0.02101423591375351
v 0.049067553132772446 -0.038132939487695694 0.02101423591375351
v 0.051964517682790756 -0.029928358271718025 0.023495309054851532
v 0.05186908319592476 -0.036341432482004166 0.02586378902196884
v 0.049067553132772446 -0.038132939487695694 0.02101423591375351
v 0.05186908319592476 -0.036341432482004166 0.02586378902196884
v 0.048489902168512344 -0.0447426475584507 0.023587677627801895
v 0.048489902168512344 -0.0447426475584507 0.023587677627801895
v 0.05186908319592476 -0.036341432482004166 0.02586378902196884
v 0.05138760432600975 -0.042741987854242325 0.028365403413772583
v 0.048489902168512344 -0.0447426475584507 0.023587677627801895
v 0.05138760432600975 -0.042741987854242325 0.028365403413772583
v 0.047955844551324844 -0.047861818224191666 0.025102633982896805
v 0.047955844551324844 -0.047861818224191666 0.025102633982896805
v 0.05138760432600975 -0.042741987854242325 0.028365403413772583
v 0.050393540412187576 -0.04881573095917702 0.03129841759800911
v 0.047955844551324844 -0.047861818224191666 0.025102633982896805
v 0.050393540412187576 -0.04881573095917702 0.03129841759800911
v 0.04724464192986488 -0.050783101469278336 0.026800747960805893
v 0.04724464192986488 -0.050783101469278336 0.026800747960805893
v 0.050393540412187576 -0.04881573095917702 0.03129841759800911
v 0.0463552251458168 -0.05346933379769325 0.028685156255960464
v 0.04724464192986488 -0.050783101469278336 0.026800747960805893
v 0.0463552251458168 -0.05346933379769325 0.028685156255960464
v 0.04250501096248627 -0.05465877428650856 0.024971600621938705
v 0.04250501096248627 -0.05465877428650856 0.024971600621938705
v 0.0463552251458168 -0.05346933379769325 0.028685156255960464
v 0.041361305862665176 -0.05686793103814125 0.027233242988586426
v 0.04250501096248627 -0.05465877428650856 0.024971600621938705
v 0.041361305862665176 -0.05686793103814125 0.027233242988586426
v 0.03720572590827942 -0.056968215852975845 0.024519789963960648
v 0.03720572590827942 -0.056968215852975845 0.024519789963960648
v 0.041361305862665176 -0.05686793103814125 0.027233242988586426
v 0.03589910641312599 -0.05865389481186867 0.027058277279138565
v 0.03720572590827942 -0.056968215852975845 0.024519789963960648
v 0.03589910641312599 -0.05865389481186867 0.027058277279138565
v 0.032084401696920395 -0.057567570358514786 0.024530325084924698
v 0.032084401696920395 -0.057567570358514786 0.024530325084924698
v 0.03589910641312599 -0.05865389481186867 0.027058277279138565
v 0.03208492696285248 -0.05885935202240944 0.026921499520540237
v -0.03629380464553833 -0.06451660394668579 0.04274754971265793
v 0.03208323195576668 -0.06451660394668579 0.04274722933769226
v 0.03208322823047638 -0.06470748782157898 0.043390270322561264
v -0.03629368171095848 -0.06732326745986938 0.0521916039288044
v -0.03629380464553833 -0.06451660394668579 0.04274754971265793
v 0.030779389664530754 -0.067332923412323 0.05219332501292229
v 0.030779389664530754 -0.067332923412323 0.05219332501292229
v -0.03629380464553833 -0.06451660394668579 0.04274754971265793
v 0.03208322823047638 -0.06470748782157898 0.043390270322561264
v 0.030779389664530754 -0.067332923412323 0.05219332501292229
v 0.03208322823047638 -0.06470748782157898 0.043390270322561264
v 0.03208320587873459 -0.06731915473937988 0.052191685885190964
v -0.05752362310886383 -0.04755068197846413 0.050200995057821274
v -0.05686653405427933 -0.05153081193566322 0.04915127530694008
v -0.057069968432188034 -0.05165499821305275 0.05053097382187843
v -0.04044711962342262 -0.06413835287094116 0.04224943369626999
v -0.03629380464553833 -0.06451660394668579 0.04274754971265793
v -0.03629368171095848 -0.06732326745986938 0.0521916039288044
v -0.046565935015678406 -0.062290702015161514 0.042052604258060455
v -0.04363100230693817 -0.06343081593513489 0.042041730135679245
v -0.04516710340976715 -0.06450361013412476 0.04702451080083847
v -0.04516710340976715 -0.06450361013412476 0.04702451080083847
v -0.04363100230693817 -0.06343081593513489 0.042041730135679245
v -0.04044711962342262 -0.06413835287094116 0.04224943369626999
v -0.04516710340976715 -0.06450361013412476 0.04702451080083847
v -0.04044711962342262 -0.06413835287094116 0.04224943369626999
v -0.040236808359622955 -0.06568971276283264 0.04726384952664375
v -0.040236808359622955 -0.06568971276283264 0.04726384952664375
v -0.04044711962342262 -0.06413835287094116 0.04224943369626999
v -0.03629368171095848 -0.06732326745986938 0.0521916039288044
v -0.05212768539786339 -0.0600319541990757 0.047431692481040955
v -0.04926450178027153 -0.06070813909173012 0.04228999838232994
v -0.049612462520599365 -0.06216296926140785 0.04714813828468323
v -0.049612462520599365 -0.06216296926140785 0.04714813828468323
v -0.04926450178027153 -0.06070813909173012 0.04228999838232994
v -0.049058884382247925 -0.06085020676255226 0.042262569069862366
v -0.049612462520599365 -0.06216296926140785 0.04714813828468323
v -0.049058884382247925 -0.06085020676255226 0.042262569069862366
v -0.046565935015678406 -0.062290702015161514 0.042052604258060455
v -0.055166006088256836 -0.055938396602869034 0.04818218573927879
v -0.053443003445863724 -0.0567038394510746 0.04334450885653496
v -0.05212768539786339 -0.0600319541990757 0.047431692481040955
v -0.05212768539786339 -0.0600319541990757 0.047431692481040955
v -0.053443003445863724 -0.0567038394510746 0.04334450885653496
v -0.05144161358475685 -0.058931414037942886 0.042701300233602524
v -0.05212768539786339 -0.0600319541990757 0.047431692481040955
v -0.05144161358475685 -0.058931414037942886 0.042701300233602524
v -0.04926450178027153 -0.06070813909173012 0.04228999838232994
v -0.05686653405427933 -0.05153081193566322 0.04915127530694008
v -0.05501341074705124 -0.054253701120615005 0.04416109248995781
v -0.055166006088256836 -0.055938396602869034 0.04818218573927879
v -0.055166006088256836 -0.055938396602869034 0.04818218573927879
v -0.05501341074705124 -0.054253701120615005 0.04416109248995781
v -0.0546921007335186 -0.05483156815171242 0.0439600795507431
v -0.055166006088256836 -0.055938396602869034 0.04818218573927879
v -0.0546921007335186 -0.05483156815171242 0.0439600795507431
v -0.053443003445863724 -0.0567038394510746 0.04334450885653496
v -0.0575721338391304 -0.045575980097055435 0.05005556717514992
v -0.05737657472491264 -0.04481619969010353 0.04793553054332733
v -0.05752362310886383 -0.04755068197846413 0.050200995057821274
v -0.05752362310886383 -0.04755068197846413 0.050200995057821274
v -0.05737657472491264 -0.04481619969010353 0.04793553054332733
v -0.05709794536232948 -0.047701213508844376 0.0466998852789402
v -0.05752362310886383 -0.04755068197846413 0.050200995057821274
v -0.05709794536232948 -0.047701213508844376 0.0466998852789402
v -0.05686653405427933 -0.05153081193566322 0.04915127530694008
v -0.05686653405427933 -0.05153081193566322 0.04915127530694008
v -0.05709794536232948 -0.047701213508844376 0.0466998852789402
v -0.05633174255490303 -0.051096562296152115 0.04533223435282707
v -0.05686653405427933 -0.05153081193566322 0.04915127530694008
v -0.05633174255490303 -0.051096562296152115 0.04533223435282707
v -0.05501341074705124 -0.054253701120615005 0.04416109248995781
v -0.057069968432188034 -0.05165499821305275 0.05053097382187843
v -0.05686653405427933 -0.05153081193566322 0.04915127530694008
v -0.056190043687820435 -0.05499411001801491 0.0508296899497509
v -0.056190043687820435 -0.05499411001801491 0.0508296899497509
v -0.05686653405427933 -0.05153081193566322 0.04915127530694008
v -0.055166006088256836 -0.055938396602869034 0.04818218573927879
v -0.056190043687820435 -0.05499411001801491 0.0508296899497509
v -0.055166006088256836 -0.055938396602869034 0.04818218573927879
v -0.05550583451986313 -0.05670735612511635 0.050993602722883224
v -0.05550583451986313 -0.05670735612511635 0.050993602722883224
v -0.055166006088256836 -0.055938396602869034 0.04818218573927879
v -0.054715596139431 -0.05826166644692421 0.05114925280213356
v -0.054715596139431 -0.05826166644692421 0.05114925280213356
v -0.055166006088256836 -0.055938396602869034 0.04818218573927879
v -0.05212768539786339 -0.0600319541990757 0.047431692481040955
v -0.054715596139431 -0.05826166644692421 0.05114925280213356
v -0.05212768539786339 -0.0600319541990757 0.047431692481040955
v -0.05279510095715523 -0.06100988760590553 0.05144045874476433
v -0.05279510095715523 -0.06100988760590553 0.05144045874476433
v -0.05212768539786339 -0.0600319541990757 0.047431692481040955
v -0.049612462520599365 -0.06216296926140785 0.04714813828468323
v -0.05279510095715523 -0.06100988760590553 0.05144045874476433
v -0.049612462520599365 -0.06216296926140785 0.04714813828468323
v -0.05054927244782448 -0.06319022178649902 0.051687050610780716
v -0.046565935015678406 -0.062290702015161514 0.042052604258060455
v -0.04516710340976715 -0.06450361013412476 0.04702451080083847
v -0.049612462520599365 -0.06216296926140785 0.04714813828468323
v -0.049612462520599365 -0.06216296926140785 0.04714813828468323
v -0.04516710340976715 -0.06450361013412476 0.04702451080083847
v -0.04772192984819412 -0.06502199172973633 0.05190501734614372
v -0.049612462520599365 -0.06216296926140785 0.04714813828468323
v -0.04772192984819412 -0.06502199172973633 0.05190501734614372
v -0.05054927244782448 -0.06319022178649902 0.051687050610780716
v -0.03629368171095848 -0.06732326745986938 0.0521916039288044
v -0.04115651920437813 -0.06703144311904907 0.05215442553162575
v -0.040236808359622955 -0.06568971276283264 0.04726384952664375
v -0.040236808359622955 -0.06568971276283264 0.04726384952664375
v -0.04115651920437813 -0.06703144311904907 0.05215442553162575
v -0.04454966261982918 -0.06629657745361328 0.0520617701113224
v -0.040236808359622955 -0.06568971276283264 0.04726384952664375
v -0.04454966261982918 -0.06629657745361328 0.0520617701113224
v -0.04516710340976715 -0.06450361013412476 0.04702451080083847
v -0.04516710340976715 -0.06450361013412476 0.04702451080083847
v -0.04454966261982918 -0.06629657745361328 0.0520617701113224
v -0.04575352743268013 -0.06589102745056152 0.05201150104403496
v -0.04516710340976715 -0.06450361013412476 0.04702451080083847
v -0.04575352743268013 -0.06589102745056152 0.05201150104403496
v -0.04772192984819412 -0.06502199172973633 0.05190501734614372
v -0.05737657472491264 -0.04481619969010353 0.04793553054332733
v -0.0575721338391304 -0.045575980097055435 0.05005556717514992
v -0.057579949498176575 -0.042286697775125504 0.04983210191130638
v -0.05737657472491264 -0.04481619969010353 0.04793553054332733
v -0.057579949498176575 -0.042286697775125504 0.04983210191130638
v -0.057348813861608505 -0.04470372572541237 0.04762585088610649
v -0.05750623345375061 -0.028949620202183723 0.049136802554130554
v -0.05594680830836296 -0.03391591086983681 0.033330038189888
v -0.0561089888215065 -0.03657609596848488 0.03488143905997276
v -0.0561089888215065 -0.03657609596848488 0.03488143905997276
v -0.056302595883607864 -0.038731638342142105 0.036792948842048645
v -0.05750623345375061 -0.028949620202183723 0.049136802554130554
v -0.05750623345375061 -0.028949620202183723 0.049136802554130554
v -0.056302595883607864 -0.038731638342142105 0.036792948842048645
v -0.05657753348350525 -0.04090258851647377 0.03955785185098648
v -0.05750623345375061 -0.028949620202183723 0.049136802554130554
v -0.05657753348350525 -0.04090258851647377 0.03955785185098648
v -0.057579949498176575 -0.042286697775125504 0.04983210191130638
v -0.057579949498176575 -0.042286697775125504 0.04983210191130638
v -0.05657753348350525 -0.04090258851647377 0.03955785185098648
v -0.05687494948506355 -0.04263162985444069 0.04261450096964836
v -0.057579949498176575 -0.042286697775125504 0.04983210191130638
v -0.05687494948506355 -0.04263162985444069 0.04261450096964836
v -0.057348813861608505 -0.04470372572541237 0.04762585088610649
v -0.05564658343791962 -0.019533516839146614 0.031047876924276352
v -0.05566561222076416 -0.021520020440220833 0.031114473938941956
v -0.05750623345375061 -0.028949620202183723 0.049136802554130554
v -0.05566561222076416 -0.021520020440220833 0.031114473938941956
v -0.05573407933115959 -0.02692154236137867 0.03150467202067375
v -0.05750623345375061 -0.028949620202183723 0.049136802554130554
v -0.05750623345375061 -0.028949620202183723 0.049136802554130554
v -0.05573407933115959 -0.02692154236137867 0.03150467202067375
v -0.05582829564809799 -0.030866296961903572 0.0322599895298481
v -0.05750623345375061 -0.028949620202183723 0.049136802554130554
v -0.05582829564809799 -0.030866296961903572 0.0322599895298481
v -0.05594680830836296 -0.03391591086983681 0.033330038189888
v -0.05732540041208267 8.308646647492424e-05 0.04858790710568428
v -0.05553904548287392 8.302686183014885e-05 0.030749831348657608
v -0.057359401136636734 -0.01036438625305891 0.04865357652306557
v -0.057359401136636734 -0.01036438625305891 0.04865357652306557
v -0.05553904548287392 8.302686183014885e-05 0.030749831348657608
v -0.05564658343791962 -0.019533516839146614 0.031047876924276352
v -0.057359401136636734 -0.01036438625305891 0.04865357652306557
v -0.05564658343791962 -0.019533516839146614 0.031047876924276352
v -0.05736695975065231 -0.011604848317801952 0.04867049679160118
v -0.05736695975065231 -0.011604848317801952 0.04867049679160118
v -0.05564658343791962 -0.019533516839146614 0.031047876924276352
v -0.05750623345375061 -0.028949620202183723 0.049136802554130554
v -0.05553904548287392 8.302686183014885e-05 0.030749831348657608
v -0.05732540041208267 8.308646647492424e-05 0.04858790710568428
v -0.05564441159367561 0.01947563700377941 0.031041495501995087
v -0.05564441159367561 0.01947563700377941 0.031041495501995087
v -0.05732540041208267 8.308646647492424e-05 0.04858790710568428
v -0.057431552559137344 0.020342467352747917 0.048844851553440094
v -0.05746304988861084 0.02403530292212963 0.048952870070934296
v -0.055731531232595444 0.02694093994796276 0.03148619458079338
v -0.057431552559137344 0.020342467352747917 0.048844851553440094
v -0.057431552559137344 0.020342467352747917 0.048844851553440094
v -0.055731531232595444 0.02694093994796276 0.03148619458079338
v -0.05566304549574852 0.021426616236567497 0.031105082482099533
v -0.057431552559137344 0.020342467352747917 0.048844851553440094
v -0.05566304549574852 0.021426616236567497 0.031105082482099533
v -0.05564441159367561 0.01947563700377941 0.031041495501995087
v -0.0561031736433506 0.03663141652941704 0.034800201654434204
v -0.05595766752958298 0.034293483942747116 0.03342769294977188
v -0.05746304988861084 0.02403530292212963 0.048952870070934296
v -0.05746304988861084 0.02403530292212963 0.048952870070934296
v -0.05595766752958298 0.034293483942747116 0.03342769294977188
v -0.055835820734500885 0.03133049234747887 0.03234149515628815
v -0.05746304988861084 0.02403530292212963 0.048952870070934296
v -0.055835820734500885 0.03133049234747887 0.03234149515628815
v -0.055731531232595444 0.02694093994796276 0.03148619458079338
v -0.05757211893796921 0.04574243351817131 0.05005558207631111
v -0.057376645505428314 0.04498269781470299 0.047935571521520615
v -0.05757598951458931 0.03982023522257805 0.04966895654797554
v -0.05757598951458931 0.03982023522257805 0.04966895654797554
v -0.057376645505428314 0.04498269781470299 0.047935571521520615
v -0.05732659623026848 0.04478512331843376 0.04739634320139885
v -0.05732659623026848 0.04478512331843376 0.04739634320139885
v -0.05685919150710106 0.04272350296378136 0.042454227805137634
v -0.05757598951458931 0.03982023522257805 0.04966895654797554
v -0.05757598951458931 0.03982023522257805 0.04966895654797554
v -0.05685919150710106 0.04272350296378136 0.042454227805137634
v -0.056562088429927826 0.040982436388731 0.039422471076250076
v -0.05757598951458931 0.03982023522257805 0.04966895654797554
v -0.056562088429927826 0.040982436388731 0.039422471076250076
v -0.05746304988861084 0.02403530292212963 0.048952870070934296
v -0.05746304988861084 0.02403530292212963 0.048952870070934296
v -0.056562088429927826 0.040982436388731 0.039422471076250076
v -0.056292738765478134 0.03879665955901146 0.03668538108468056
v -0.05746304988861084 0.02403530292212963 0.048952870070934296
v -0.056292738765478134 0.03879665955901146 0.03668538108468056
v -0.0561031736433506 0.03663141652941704 0.034800201654434204
v -0.05727795884013176 0.046348657459020615 0.04734252020716667
v -0.057376645505428314 0.04498269781470299 0.047935571521520615
v -0.05757211893796921 0.04574243351817131 0.05005558207631111
v -0.05740196257829666 0.04943982884287834 0.05033488944172859
v -0.05681135877966881 0.05303831025958061 0.05063685402274132
v -0.05686653405427933 0.05169762298464775 0.04915127530694008
v -0.040236808359622955 0.06585653126239777 0.04726384952664375
v -0.04516710340976715 0.06467044353485107 0.04702451080083847
v -0.04414594918489456 0.06658041477203369 0.05207662656903267
v -0.0541800782084465 0.05931350216269493 0.051240671426057816
v -0.052217889577150345 0.06181922182440758 0.05151171609759331
v -0.05212768539786339 0.06019878014922142 0.047431692481040955
v -0.05212768539786339 0.06019878014922142 0.047431692481040955
v -0.052217889577150345 0.06181922182440758 0.05151171609759331
v -0.04991079866886139 0.06384436786174774 0.05174419656395912
v -0.05212768539786339 0.06019878014922142 0.047431692481040955
v -0.04991079866886139 0.06384436786174774 0.05174419656395912
v -0.049612462520599365 0.06232981011271477 0.04714813828468323
v -0.049612462520599365 0.06232981011271477 0.04714813828468323
v -0.04991079866886139 0.06384436786174774 0.05174419656395912
v -0.046957191079854965 0.06555977463722229 0.05195023491978645
v -0.049612462520599365 0.06232981011271477 0.04714813828468323
v -0.046957191079854965 0.06555977463722229 0.05195023491978645
v -0.04516710340976715 0.06467044353485107 0.04702451080083847
v -0.04516710340976715 0.06467044353485107 0.04702451080083847
v -0.046957191079854965 0.06555977463722229 0.05195023491978645
v -0.04575304687023163 0.06605793535709381 0.05201157554984093
v -0.04516710340976715 0.06467044353485107 0.04702451080083847
v -0.04575304687023163 0.06605793535709381 0.05201157554984093
v -0.04414594918489456 0.06658041477203369 0.05207662656903267
v -0.055166006088256836 0.056105222553014755 0.04818218573927879
v -0.05550539866089821 0.05687643215060234 0.05099393054842949
v -0.0541800782084465 0.05931350216269493 0.051240671426057816
v -0.05686653405427933 0.05169762298464775 0.04915127530694008
v -0.05681135877966881 0.05303831025958061 0.05063685402274132
v -0.055166006088256836 0.056105222553014755 0.04818218573927879
v -0.055166006088256836 0.056105222553014755 0.04818218573927879
v -0.05681135877966881 0.05303831025958061 0.05063685402274132
v -0.05570805445313454 0.05641390010714531 0.05094889923930168
v -0.055166006088256836 0.056105222553014755 0.04818218573927879
v -0.05570805445313454 0.05641390010714531 0.05094889923930168
v -0.05550539866089821 0.05687643215060234 0.05099393054842949
v -0.05740196257829666 0.04943982884287834 0.05033488944172859
v -0.05686653405427933 0.05169762298464775 0.04915127530694008
v -0.05757211893796921 0.04574243351817131 0.05005558207631111
v -0.05757211893796921 0.04574243351817131 0.05005558207631111
v -0.05686653405427933 0.05169762298464775 0.04915127530694008
v -0.056702468544244766 0.04992295429110527 0.04585779085755348
v -0.05757211893796921 0.04574243351817131 0.05005558207631111
v -0.056702468544244766 0.04992295429110527 0.04585779085755348
v -0.05727795884013176 0.046348657459020615 0.04734252020716667
v -0.05383359640836716 0.0563378743827343 0.043514519929885864
v -0.05419450253248215 0.055806245654821396 0.04368818178772926
v -0.055166006088256836 0.056105222553014755 0.04818218573927879
v -0.055166006088256836 0.056105222553014755 0.04818218573927879
v -0.05419450253248215 0.055806245654821396 0.04368818178772926
v -0.0556027851998806 0.05320551618933678 0.04459714889526367
v -0.055166006088256836 0.056105222553014755 0.04818218573927879
v -0.0556027851998806 0.05320551618933678 0.04459714889526367
v -0.05686653405427933 0.05169762298464775 0.04915127530694008
v -0.05686653405427933 0.05169762298464775 0.04915127530694008
v -0.0556027851998806 0.05320551618933678 0.04459714889526367
v -0.05648050084710121 0.05076686665415764 0.04552329331636429
v -0.05686653405427933 0.05169762298464775 0.04915127530694008
v -0.05648050084710121 0.05076686665415764 0.04552329331636429
v -0.056702468544244766 0.04992295429110527 0.04585779085755348
v -0.0541800782084465 0.05931350216269493 0.051240671426057816
v -0.05212768539786339 0.06019878014922142 0.047431692481040955
v -0.055166006088256836 0.056105222553014755 0.04818218573927879
v -0.055166006088256836 0.056105222553014755 0.04818218573927879
v -0.05212768539786339 0.06019878014922142 0.047431692481040955
v -0.05216395854949951 0.05837443098425865 0.042897846549749374
v -0.055166006088256836 0.056105222553014755 0.04818218573927879
v -0.05216395854949951 0.05837443098425865 0.042897846549749374
v -0.05383359640836716 0.0563378743827343 0.043514519929885864
v -0.038054075092077255 0.06457656621932983 0.04251330345869064
v -0.04110149294137955 0.06419768929481506 0.04219353199005127
v -0.040236808359622955 0.06585653126239777 0.04726384952664375
v -0.040236808359622955 0.06585653126239777 0.04726384952664375
v -0.04110149294137955 0.06419768929481506 0.04219353199005127
v -0.04428393021225929 0.06338824331760406 0.042026277631521225
v -0.040236808359622955 0.06585653126239777 0.04726384952664375
v -0.04428393021225929 0.06338824331760406 0.042026277631521225
v -0.04516710340976715 0.06467044353485107 0.04702451080083847
v -0.04516710340976715 0.06467044353485107 0.04702451080083847
v -0.04428393021225929 0.06338824331760406 0.042026277631521225
v -0.047349609434604645 0.06205740198493004 0.04209490492939949
v -0.04516710340976715 0.06467044353485107 0.04702451080083847
v -0.047349609434604645 0.06205740198493004 0.04209490492939949
v -0.049612462520599365 0.06232981011271477 0.04714813828468323
v -0.049612462520599365 0.06232981011271477 0.04714813828468323
v -0.047349609434604645 0.06205740198493004 0.04209490492939949
v -0.04993176460266113 0.06038456782698631 0.0423918142914772
v -0.049612462520599365 0.06232981011271477 0.04714813828468323
v -0.04993176460266113 0.06038456782698631 0.0423918142914772
v -0.05212768539786339 0.06019878014922142 0.047431692481040955
v -0.05212768539786339 0.06019878014922142 0.047431692481040955
v -0.04993176460266113 0.06038456782698631 0.0423918142914772
v -0.051598407328128815 0.05894623324275017 0.04274146631360054
v -0.05212768539786339 0.06019878014922142 0.047431692481040955
v -0.051598407328128815 0.05894623324275017 0.04274146631360054
v -0.05216395854949951 0.05837443098425865 0.042897846549749374
v -0.03629380464553833 0.06468352675437927 0.042747534811496735
v -0.038054075092077255 0.06457656621932983 0.04251330345869064
v -0.03629368171095848 0.0674901008605957 0.0521916039288044
v -0.03629368171095848 0.0674901008605957 0.0521916039288044
v -0.038054075092077255 0.06457656621932983 0.04251330345869064
v -0.040236808359622955 0.06585653126239777 0.04726384952664375
v -0.03629368171095848 0.0674901008605957 0.0521916039288044
v -0.040236808359622955 0.06585653126239777 0.04726384952664375
v -0.04063400253653526 0.06726580858230591 0.05216306820511818
v -0.04063400253653526 0.06726580858230591 0.05216306820511818
v -0.040236808359622955 0.06585653126239777 0.04726384952664375
v -0.04414594918489456 0.06658041477203369 0.05207662656903267
v 0.0320831798017025 0.06748439371585846 0.05219169333577156
v 0.03208322823047638 0.06468358635902405 0.042747221887111664
v 0.030779359862208366 0.06749820709228516 0.05219333991408348
v 0.030779359862208366 0.06749820709228516 0.05219333991408348
v 0.03208322823047638 0.06468358635902405 0.042747221887111664
v -0.03629380464553833 0.06468352675437927 0.042747534811496735
v 0.030779359862208366 0.06749820709228516 0.05219333991408348
v -0.03629380464553833 0.06468352675437927 0.042747534811496735
v -0.03629368171095848 0.0674901008605957 0.0521916039288044
v 0.05578887462615967 0.04676276072859764 0.05012952908873558
v 0.054627981036901474 0.05112932249903679 0.04896914213895798
v 0.05479937419295311 0.051605384796857834 0.05051292106509209
v 0.04331327602267265 0.062217336148023605 0.041761141270399094
v 0.04190127179026604 0.06284387409687042 0.041751962155103683
v 0.042497094720602036 0.06426027417182922 0.04684043303132057
v 0.037513867020606995 0.06564214825630188 0.04702196642756462
v 0.0320831798017025 0.06748439371585846 0.05219169333577156
v 0.03424523025751114 0.06738714873790741 0.05217849835753441
v 0.03208322823047638 0.06468358635902405 0.042747221887111664
v 0.0320831798017025 0.06748439371585846 0.05219169333577156
v 0.03660209849476814 0.06426586210727692 0.042117733508348465
v 0.03660209849476814 0.06426586210727692 0.042117733508348465
v 0.0320831798017025 0.06748439371585846 0.05219169333577156
v 0.037513867020606995 0.06564214825630188 0.04702196642756462
v 0.03660209849476814 0.06426586210727692 0.042117733508348465
v 0.037513867020606995 0.06564214825630188 0.04702196642756462
v 0.04001902788877487 0.06350332498550415 0.041816920042037964
v 0.04001902788877487 0.06350332498550415 0.041816920042037964
v 0.037513867020606995 0.06564214825630188 0.04702196642756462
v 0.042497094720602036 0.06426027417182922 0.04684043303132057
v 0.04001902788877487 0.06350332498550415 0.041816920042037964
v 0.042497094720602036 0.06426027417182922 0.04684043303132057
v 0.04151375591754913 0.06299532949924469 0.04175851494073868
v 0.04151375591754913 0.06299532949924469 0.04175851494073868
v 0.042497094720602036 0.06426027417182922 0.04684043303132057
v 0.04190127179026604 0.06284387409687042 0.041751962155103683
v 0.04331327602267265 0.062217336148023605 0.041761141270399094
v 0.04731226712465286 0.06154325231909752 0.047019895166158676
v 0.04627560079097748 0.06046467646956444 0.0419781394302845
v 0.04627560079097748 0.06046467646956444 0.0419781394302845
v 0.04731226712465286 0.06154325231909752 0.047019895166158676
v 0.04927675053477287 0.05985761806368828 0.047243453562259674
v 0.04627560079097748 0.06046467646956444 0.0419781394302845
v 0.04927675053477287 0.05985761806368828 0.047243453562259674
v 0.04891270026564598 0.05825478956103325 0.04246993362903595
v 0.04891270026564598 0.05825478956103325 0.04246993362903595
v 0.04927675053477287 0.05985761806368828 0.047243453562259674
v 0.04988603666424751 0.05722598358988762 0.04275016114115715
v 0.04988603666424751 0.05722598358988762 0.04275016114115715
v 0.04927675053477287 0.05985761806368828 0.047243453562259674
v 0.052475590258836746 0.05581289157271385 0.04795625060796738
v 0.04988603666424751 0.05722598358988762 0.04275016114115715
v 0.052475590258836746 0.05581289157271385 0.04795625060796738
v 0.051156800240278244 0.05564206466078758 0.043227456510066986
v 0.051156800240278244 0.05564206466078758 0.043227456510066986
v 0.052475590258836746 0.05581289157271385 0.04795625060796738
v 0.05300610512495041 0.05260683223605156 0.0442592091858387
v 0.05300610512495041 0.05260683223605156 0.0442592091858387
v 0.052475590258836746 0.05581289157271385 0.04795625060796738
v 0.054627981036901474 0.05112932249903679 0.04896914213895798
v 0.05300610512495041 0.05260683223605156 0.0442592091858387
v 0.054627981036901474 0.05112932249903679 0.04896914213895798
v 0.05410902202129364 0.05008133873343468 0.04520499333739281
v 0.05410902202129364 0.05008133873343468 0.04520499333739281
v 0.054627981036901474 0.05112932249903679 0.04896914213895798
v 0.0543745681643486 0.04933991655707359 0.04549473896622658
v 0.0543745681643486 0.04933991655707359 0.04549473896622658
v 0.054627981036901474 0.05112932249903679 0.04896914213895798
v 0.05578887462615967 0.04676276072859764 0.05012952908873558
v 0.0543745681643486 0.04933991655707359 0.04549473896622658
v 0.05578887462615967 0.04676276072859764 0.05012952908873558
v 0.05540342628955841 0.045651402324438095 0.04700559750199318
v 0.05479937419295311 0.051605384796857834 0.05051292106509209
v 0.054627981036901474 0.05112932249903679 0.04896914213895798
v 0.05353652313351631 0.05511082336306572 0.050825025886297226
v 0.05353652313351631 0.05511082336306572 0.050825025886297226
v 0.054627981036901474 0.05112932249903679 0.04896914213895798
v 0.052475590258836746 0.05581289157271385 0.04795625060796738
v 0.05353652313351631 0.05511082336306572 0.050825025886297226
v 0.052475590258836746 0.05581289157271385 0.04795625060796738
v 0.05280541256070137 0.05660432204604149 0.050967369228601456
v 0.05280541256070137 0.05660432204604149 0.050967369228601456
v 0.052475590258836746 0.05581289157271385 0.04795625060796738
v 0.051755692809820175 0.05835568532347679 0.05114176496863365
v 0.051755692809820175 0.05835568532347679 0.05114176496863365
v 0.052475590258836746 0.05581289157271385 0.04795625060796738
v 0.04927675053477287 0.05985761806368828 0.047243453562259674
v 0.051755692809820175 0.05835568532347679 0.05114176496863365
v 0.04927675053477287 0.05985761806368828 0.047243453562259674
v 0.04992230236530304 0.060692425817251205 0.051387589424848557
v 0.04992230236530304 0.060692425817251205 0.051387589424848557
v 0.04927675053477287 0.05985761806368828 0.047243453562259674
v 0.04731226712465286 0.06154325231909752 0.047019895166158676
v 0.04992230236530304 0.060692425817251205 0.051387589424848557
v 0.04731226712465286 0.06154325231909752 0.047019895166158676
v 0.04739093780517578 0.06298832595348358 0.051644470542669296
v 0.04331327602267265 0.062217336148023605 0.041761141270399094
v 0.042497094720602036 0.06426027417182922 0.04684043303132057
v 0.04731226712465286 0.06154325231909752 0.047019895166158676
v 0.04731226712465286 0.06154325231909752 0.047019895166158676
v 0.042497094720602036 0.06426027417182922 0.04684043303132057
v 0.04487781971693039 0.06459316611289978 0.0518331341445446
v 0.04731226712465286 0.06154325231909752 0.047019895166158676
v 0.04487781971693039 0.06459316611289978 0.0518331341445446
v 0.04739093780517578 0.06298832595348358 0.051644470542669296
v 0.03424523025751114 0.06738714873790741 0.05217849835753441
v 0.038099437952041626 0.06691457331180573 0.052118610590696335
v 0.037513867020606995 0.06564214825630188 0.04702196642756462
v 0.037513867020606995 0.06564214825630188 0.04702196642756462
v 0.038099437952041626 0.06691457331180573 0.052118610590696335
v 0.04158152639865875 0.06601376831531525 0.05200611427426338
v 0.037513867020606995 0.06564214825630188 0.04702196642756462
v 0.04158152639865875 0.06601376831531525 0.05200611427426338
v 0.042497094720602036 0.06426027417182922 0.04684043303132057
v 0.042497094720602036 0.06426027417182922 0.04684043303132057
v 0.04158152639865875 0.06601376831531525 0.05200611427426338
v 0.04300506040453911 0.06547954678535461 0.05194041505455971
v 0.042497094720602036 0.06426027417182922 0.04684043303132057
v 0.04300506040453911 0.06547954678535461 0.05194041505455971
v 0.04487781971693039 0.06459316611289978 0.0518331341445446
v 0.05841770023107529 -0.02110055275261402 0.04886997118592262
v 0.05803504213690758 -0.02635514922440052 0.04903751239180565
v 0.05644842982292175 -0.026353778317570686 0.04038410633802414
v 0.05540342628955841 0.045651402324438095 0.04700559750199318
v 0.05578887462615967 0.04676276072859764 0.05012952908873558
v 0.05742299556732178 0.03326704725623131 0.04931933805346489
v 0.05428450182080269 0.037521835416555405 0.035240449011325836
v 0.05438879132270813 0.040021609514951706 0.037385210394859314
v 0.05579471215605736 0.033303555101156235 0.04045575112104416
v 0.05579471215605736 0.033303555101156235 0.04045575112104416
v 0.05438879132270813 0.040021609514951706 0.037385210394859314
v 0.05460721626877785 0.04216773435473442 0.04001075401902199
v 0.05579471215605736 0.033303555101156235 0.04045575112104416
v 0.05460721626877785 0.04216773435473442 0.04001075401902199
v 0.05493231490254402 0.04396648332476616 0.04307594895362854
v 0.05461679399013519 0.02747681550681591 0.031555578112602234
v 0.054390620440244675 0.03162863478064537 0.03242912515997887
v 0.05579471215605736 0.033303555101156235 0.04045575112104416
v 0.05579471215605736 0.033303555101156235 0.04045575112104416
v 0.054390620440244675 0.03162863478064537 0.03242912515997887
v 0.05428871139883995 0.03476796671748161 0.03362371772527695
v 0.05579471215605736 0.033303555101156235 0.04045575112104416
v 0.05428871139883995 0.03476796671748161 0.03362371772527695
v 0.05428450182080269 0.037521835416555405 0.035240449011325836
v 0.05461679399013519 0.02747681550681591 0.031555578112602234
v 0.05579471215605736 0.033303555101156235 0.04045575112104416
v 0.0548550970852375 0.0238399188965559 0.031213682144880295
v 0.0548550970852375 0.0238399188965559 0.031213682144880295
v 0.05579471215605736 0.033303555101156235 0.04045575112104416
v 0.05721501633524895 0.015080717392265797 0.04029740393161774
v 0.0548550970852375 0.0238399188965559 0.031213682144880295
v 0.05721501633524895 0.015080717392265797 0.04029740393161774
v 0.05529303103685379 0.016452131792902946 0.030956894159317017
v 0.05529303103685379 0.016452131792902946 0.030956894159317017
v 0.05721501633524895 0.015080717392265797 0.04029740393161774
v 0.05754360556602478 0.004728702362626791 0.0402609147131443
v 0.05529303103685379 0.016452131792902946 0.030956894159317017
v 0.05754360556602478 0.004728702362626791 0.0402609147131443
v 0.05568159371614456 0.002942559774965048 0.030756041407585144
v 0.05568159371614456 0.002942559774965048 0.030756041407585144
v 0.05754360556602478 0.004728702362626791 0.0402609147131443
v 0.057525672018527985 -0.0056284391321241856 0.04026317223906517
v 0.05568159371614456 0.002942559774965048 0.030756041407585144
v 0.057525672018527985 -0.0056284391321241856 0.04026317223906517
v 0.05553129315376282 -0.010328802280128002 0.03083299845457077
v 0.05553129315376282 -0.010328802280128002 0.03083299845457077
v 0.057525672018527985 -0.0056284391321241856 0.04026317223906517
v 0.05496073141694069 -0.022063883021473885 0.03113573044538498
v 0.05496073141694069 -0.022063883021473885 0.03113573044538498
v 0.057525672018527985 -0.0056284391321241856 0.04026317223906517
v 0.05644842982292175 -0.026353778317570686 0.04038410633802414
v 0.05496073141694069 -0.022063883021473885 0.03113573044538498
v 0.05644842982292175 -0.026353778317570686 0.04038410633802414
v 0.054616525769233704 -0.02730998583137989 0.031555600464344025
v 0.054284363985061646 -0.037344757467508316 0.03523297235369682
v 0.0542876236140728 -0.03459358587861061 0.03362031280994415
v 0.05644842982292175 -0.026353778317570686 0.04038410633802414
v 0.05644842982292175 -0.026353778317570686 0.04038410633802414
v 0.0542876236140728 -0.03459358587861061 0.03362031280994415
v 0.05438965931534767 -0.031452033668756485 0.03242727741599083
v 0.05644842982292175 -0.026353778317570686 0.04038410633802414
v 0.05438965931534767 -0.031452033668756485 0.03242727741599083
v 0.054616525769233704 -0.02730998583137989 0.031555600464344025
v 0.05803504213690758 -0.02635514922440052 0.04903751239180565
v 0.05460432171821594 -0.04199439659714699 0.04000195115804672
v 0.05644842982292175 -0.026353778317570686 0.04038410633802414
v 0.05644842982292175 -0.026353778317570686 0.04038410633802414
v 0.05460432171821594 -0.04199439659714699 0.04000195115804672
v 0.054388172924518585 -0.039859626442193985 0.037390369921922684
v 0.05644842982292175 -0.026353778317570686 0.04038410633802414
v 0.054388172924518585 -0.039859626442193985 0.037390369921922684
v 0.054284363985061646 -0.037344757467508316 0.03523297235369682
v 0.05636807903647423 -0.04229233041405678 0.049832288175821304
v 0.05578868091106415 -0.046595845371484756 0.050129491835832596
v 0.05540342628955841 -0.045484576374292374 0.047005586326122284
v 0.05803504213690758 -0.02635514922440052 0.04903751239180565
v 0.057214487344026566 -0.03509676828980446 0.04941688850522041
v 0.05460432171821594 -0.04199439659714699 0.04000195115804672
v 0.05460432171821594 -0.04199439659714699 0.04000195115804672
v 0.057214487344026566 -0.03509676828980446 0.04941688850522041
v 0.05636807903647423 -0.04229233041405678 0.049832288175821304
v 0.05460432171821594 -0.04199439659714699 0.04000195115804672
v 0.05636807903647423 -0.04229233041405678 0.049832288175821304
v 0.054929543286561966 -0.04379091039299965 0.04305890575051308
v 0.054929543286561966 -0.04379091039299965 0.04305890575051308
v 0.05636807903647423 -0.04229233041405678 0.049832288175821304
v 0.05540342628955841 -0.045484576374292374 0.047005586326122284
v 0.05841770023107529 -0.02110055275261402 0.04886997118592262
v 0.05644842982292175 -0.026353778317570686 0.04038410633802414
v 0.058938898146152496 -0.010365965776145458 0.04865361377596855
v 0.058938898146152496 -0.010365965776145458 0.04865361377596855
v 0.05644842982292175 -0.026353778317570686 0.04038410633802414
v 0.057525672018527985 -0.0056284391321241856 0.04026317223906517
v 0.058938898146152496 -0.010365965776145458 0.04865361377596855
v 0.057525672018527985 -0.0056284391321241856 0.04026317223906517
v 0.05900147929787636 -0.008195760659873486 0.048628807067871094
v 0.05900147929787636 -0.008195760659873486 0.048628807067871094
v 0.057525672018527985 -0.0056284391321241856 0.04026317223906517
v 0.05754360556602478 0.004728702362626791 0.0402609147131443
v 0.05900147929787636 -0.008195760659873486 0.048628807067871094
v 0.05754360556602478 0.004728702362626791 0.0402609147131443
v 0.059051238000392914 0.006112304981797934 0.04860939458012581
v 0.059051238000392914 0.006112304981797934 0.04860939458012581
v 0.05754360556602478 0.004728702362626791 0.0402609147131443
v 0.05721501633524895 0.015080717392265797 0.04029740393161774
v 0.059051238000392914 0.006112304981797934 0.04860939458012581
v 0.05721501633524895 0.015080717392265797 0.04029740393161774
v 0.058526426553726196 0.01952802948653698 0.048823799937963486
v 0.058526426553726196 0.01952802948653698 0.048823799937963486
v 0.05721501633524895 0.015080717392265797 0.04029740393161774
v 0.058226726949214935 0.02404033951461315 0.048952970653772354
v 0.058226726949214935 0.02404033951461315 0.048952970653772354
v 0.05721501633524895 0.015080717392265797 0.04029740393161774
v 0.05579471215605736 0.033303555101156235 0.04045575112104416
v 0.058226726949214935 0.02404033951461315 0.048952970653772354
v 0.05579471215605736 0.033303555101156235 0.04045575112104416
v 0.05742299556732178 0.03326704725623131 0.04931933805346489
v 0.05742299556732178 0.03326704725623131 0.04931933805346489
v 0.05579471215605736 0.033303555101156235 0.04045575112104416
v 0.05493231490254402 0.04396648332476616 0.04307594895362854
v 0.05742299556732178 0.03326704725623131 0.04931933805346489
v 0.05493231490254402 0.04396648332476616 0.04307594895362854
v 0.05540342628955841 0.045651402324438095 0.04700559750199318
v 0.03406110778450966 -0.06722891330718994 0.052181947976350784
v 0.03208320587873459 -0.06731915473937988 0.052191685885190964
v 0.03208322823047638 -0.06470748782157898 0.043390270322561264
v 0.03406110778450966 -0.06722891330718994 0.052181947976350784
v 0.03208322823047638 -0.06470748782157898 0.043390270322561264
v 0.038279347121715546 -0.06670865416526794 0.052114348858594894
v 0.038279347121715546 -0.06670865416526794 0.052114348858594894
v 0.03208322823047638 -0.06470748782157898 0.043390270322561264
v 0.037513867020606995 -0.06547519564628601 0.04702196642756462
v 0.038279347121715546 -0.06670865416526794 0.052114348858594894
v 0.037513867020606995 -0.06547519564628601 0.04702196642756462
v 0.0415889210999012 -0.06584036350250244 0.05200766399502754
v 0.0415889210999012 -0.06584036350250244 0.05200766399502754
v 0.037513867020606995 -0.06547519564628601 0.04702196642756462
v 0.042497094720602036 -0.06409332156181335 0.04684043303132057
v 0.0415889210999012 -0.06584036350250244 0.05200766399502754
v 0.042497094720602036 -0.06409332156181335 0.04684043303132057
v 0.04300350323319435 -0.06530901789665222 0.05194126442074776
v 0.04300350323319435 -0.06530901789665222 0.05194126442074776
v 0.042497094720602036 -0.06409332156181335 0.04684043303132057
v 0.0448254831135273 -0.06444975733757019 0.05183626338839531
v 0.0448254831135273 -0.06444975733757019 0.05183626338839531
v 0.042497094720602036 -0.06409332156181335 0.04684043303132057
v 0.04731226712465286 -0.06137630715966225 0.047019895166158676
v 0.0448254831135273 -0.06444975733757019 0.05183626338839531
v 0.04731226712465286 -0.06137630715966225 0.047019895166158676
v 0.04736970365047455 -0.06283417344093323 0.05164719000458717
v 0.04736970365047455 -0.06283417344093323 0.05164719000458717
v 0.04731226712465286 -0.06137630715966225 0.047019895166158676
v 0.04927675053477287 -0.05969065800309181 0.047243453562259674
v 0.04736970365047455 -0.06283417344093323 0.05164719000458717
v 0.04927675053477287 -0.05969065800309181 0.047243453562259674
v 0.049843162298202515 -0.06060853973031044 0.051396336406469345
v 0.049843162298202515 -0.06060853973031044 0.051396336406469345
v 0.04927675053477287 -0.05969065800309181 0.047243453562259674
v 0.051841508597135544 -0.05805632844567299 0.051126617938280106
v 0.051841508597135544 -0.05805632844567299 0.051126617938280106
v 0.04927675053477287 -0.05969065800309181 0.047243453562259674
v 0.052475590258836746 -0.05564594641327858 0.04795625060796738
v 0.051841508597135544 -0.05805632844567299 0.051126617938280106
v 0.052475590258836746 -0.05564594641327858 0.04795625060796738
v 0.052804552018642426 -0.05643678084015846 0.05096696689724922
v 0.052804552018642426 -0.05643678084015846 0.05096696689724922
v 0.052475590258836746 -0.05564594641327858 0.04795625060796738
v 0.05361805483698845 -0.05475771799683571 0.05080785974860191
v 0.05361805483698845 -0.05475771799683571 0.05080785974860191
v 0.052475590258836746 -0.05564594641327858 0.04795625060796738
v 0.054627981036901474 -0.05096239224076271 0.04896914213895798
v 0.05361805483698845 -0.05475771799683571 0.05080785974860191
v 0.054627981036901474 -0.05096239224076271 0.04896914213895798
v 0.05483173206448555 -0.05131957307457924 0.050498563796281815
v 0.054627981036901474 -0.05096239224076271 0.04896914213895798
v 0.05410899221897125 -0.049914274364709854 0.04520420730113983
v 0.05435842275619507 -0.04921970143914223 0.045475419610738754
v 0.05483173206448555 -0.05131957307457924 0.050498563796281815
v 0.054627981036901474 -0.05096239224076271 0.04896914213895798
v 0.05578868091106415 -0.046595845371484756 0.050129491835832596
v 0.05578868091106415 -0.046595845371484756 0.050129491835832596
v 0.054627981036901474 -0.05096239224076271 0.04896914213895798
v 0.05435842275619507 -0.04921970143914223 0.045475419610738754
v 0.05578868091106415 -0.046595845371484756 0.050129491835832596
v 0.05435842275619507 -0.04921970143914223 0.045475419610738754
v 0.05540342628955841 -0.045484576374292374 0.047005586326122284
v 0.05410899221897125 -0.049914274364709854 0.04520420730113983
v 0.054627981036901474 -0.05096239224076271 0.04896914213895798
v 0.05307139456272125 -0.052309636026620865 0.04430622234940529
v 0.05307139456272125 -0.052309636026620865 0.04430622234940529
v 0.054627981036901474 -0.05096239224076271 0.04896914213895798
v 0.052475590258836746 -0.05564594641327858 0.04795625060796738
v 0.05307139456272125 -0.052309636026620865 0.04430622234940529
v 0.052475590258836746 -0.05564594641327858 0.04795625060796738
v 0.05129078030586243 -0.055289123207330704 0.04328754171729088
v 0.05129078030586243 -0.055289123207330704 0.04328754171729088
v 0.052475590258836746 -0.05564594641327858 0.04795625060796738
v 0.04927675053477287 -0.05969065800309181 0.047243453562259674
v 0.05129078030586243 -0.055289123207330704 0.04328754171729088
v 0.04927675053477287 -0.05969065800309181 0.047243453562259674
v 0.049046821892261505 -0.05795443430542946 0.042505357414484024
v 0.049046821892261505 -0.05795443430542946 0.042505357414484024
v 0.04927675053477287 -0.05969065800309181 0.047243453562259674
v 0.04731226712465286 -0.06137630715966225 0.047019895166158676
v 0.049046821892261505 -0.05795443430542946 0.042505357414484024
v 0.04731226712465286 -0.06137630715966225 0.047019895166158676
v 0.046491801738739014 -0.060142580419778824 0.04200650006532669
v 0.046491801738739014 -0.060142580419778824 0.04200650006532669
v 0.04731226712465286 -0.06137630715966225 0.047019895166158676
v 0.04354340210556984 -0.06193685904145241 0.04176782816648483
v 0.04354340210556984 -0.06193685904145241 0.04176782816648483
v 0.04731226712465286 -0.06137630715966225 0.047019895166158676
v 0.042497094720602036 -0.06409332156181335 0.04684043303132057
v 0.04354340210556984 -0.06193685904145241 0.04176782816648483
v 0.042497094720602036 -0.06409332156181335 0.04684043303132057
v 0.04190145060420036 -0.0626772940158844 0.04175197333097458
v 0.04190145060420036 -0.0626772940158844 0.04175197333097458
v 0.042497094720602036 -0.06409332156181335 0.04684043303132057
v 0.04047061875462532 -0.06319504976272583 0.041794002056121826
v 0.04047061875462532 -0.06319504976272583 0.041794002056121826
v 0.042497094720602036 -0.06409332156181335 0.04684043303132057
v 0.037513867020606995 -0.06547519564628601 0.04702196642756462
v 0.04047061875462532 -0.06319504976272583 0.041794002056121826
v 0.037513867020606995 -0.06547519564628601 0.04702196642756462
v 0.0371348038315773 -0.06401240825653076 0.042058687657117844
v 0.0371348038315773 -0.06401240825653076 0.042058687657117844
v 0.037513867020606995 -0.06547519564628601 0.04702196642756462
v 0.03208322823047638 -0.06470748782157898 0.043390270322561264
v 0.0371348038315773 -0.06401240825653076 0.042058687657117844
v 0.03208322823047638 -0.06470748782157898 0.043390270322561264
v 0.03208323195576668 -0.06451660394668579 0.04274722933769226
v 0.049412503838539124 -0.056082163006067276 0.05093282088637352
v 0.047711193561553955 -0.05829233303666115 0.05115224048495293
v 0.049843162298202515 -0.06060853973031044 0.051396336406469345
v 0.049843162298202515 -0.06060853973031044 0.051396336406469345
v 0.047711193561553955 -0.05829233303666115 0.05115224048495293
v 0.04736970365047455 -0.06283417344093323 0.05164719000458717
v 0.047711193561553955 -0.05829233303666115 0.05115224048495293
v 0.04639541357755661 -0.05957121029496193 0.051285263150930405
v 0.04736970365047455 -0.06283417344093323 0.05164719000458717
v 0.04736970365047455 -0.06283417344093323 0.05164719000458717
v 0.04639541357755661 -0.05957121029496193 0.051285263150930405
v 0.04547792300581932 -0.06030980125069618 0.05136417970061302
v 0.04736970365047455 -0.06283417344093323 0.05164719000458717
v 0.04547792300581932 -0.06030980125069618 0.05136417970061302
v 0.0448254831135273 -0.06444975733757019 0.05183626338839531
v 0.0448254831135273 -0.06444975733757019 0.05183626338839531
v 0.04547792300581932 -0.06030980125069618 0.05136417970061302
v 0.04321133717894554 -0.06173715367913246 0.05152112618088722
v 0.0448254831135273 -0.06444975733757019 0.05183626338839531
v 0.04321133717894554 -0.06173715367913246 0.05152112618088722
v 0.04300350323319435 -0.06530901789665222 0.05194126442074776
v 0.04300350323319435 -0.06530901789665222 0.05194126442074776
v 0.04321133717894554 -0.06173715367913246 0.05152112618088722
v 0.04034935683012009 -0.06294050812721252 0.05165806785225868
v -0.04115651920437813 -0.06703144311904907 0.05215442553162575
v -0.03629368171095848 -0.06732326745986938 0.0521916039288044
v -0.03629365935921669 -0.06407469511032104 0.05179367586970329
v -0.03629365935921669 -0.06407469511032104 0.05179367586970329
v -0.03629368171095848 -0.06732326745986938 0.0521916039288044
v 0.030779389664530754 -0.067332923412323 0.05219332501292229
v -0.03629365935921669 -0.06407469511032104 0.05179367586970329
v 0.030779389664530754 -0.067332923412323 0.05219332501292229
v 0.032070230692625046 -0.06407442688941956 0.05179102346301079
v 0.032070230692625046 -0.06407442688941956 0.05179102346301079
v 0.030779389664530754 -0.067332923412323 0.05219332501292229
v 0.03208320587873459 -0.06731915473937988 0.052191685885190964
v 0.032070230692625046 -0.06407442688941956 0.05179102346301079
v 0.03208320587873459 -0.06731915473937988 0.052191685885190964
v 0.035681821405887604 -0.06390184164047241 0.051770489662885666
v 0.035681821405887604 -0.06390184164047241 0.051770489662885666
v 0.03208320587873459 -0.06731915473937988 0.052191685885190964
v 0.03406110778450966 -0.06722891330718994 0.052181947976350784
v 0.035681821405887604 -0.06390184164047241 0.051770489662885666
v 0.03406110778450966 -0.06722891330718994 0.052181947976350784
v 0.0390574149787426 -0.06331443786621094 0.05170148238539696
v 0.0390574149787426 -0.06331443786621094 0.05170148238539696
v 0.03406110778450966 -0.06722891330718994 0.052181947976350784
v 0.038279347121715546 -0.06670865416526794 0.052114348858594894
v 0.0390574149787426 -0.06331443786621094 0.05170148238539696
v 0.038279347121715546 -0.06670865416526794 0.052114348858594894
v 0.04034935683012009 -0.06294050812721252 0.05165806785225868
v 0.04034935683012009 -0.06294050812721252 0.05165806785225868
v 0.038279347121715546 -0.06670865416526794 0.052114348858594894
v 0.0415889210999012 -0.06584036350250244 0.05200766399502754
v 0.04034935683012009 -0.06294050812721252 0.05165806785225868
v 0.0415889210999012 -0.06584036350250244 0.05200766399502754
v 0.04300350323319435 -0.06530901789665222 0.05194126442074776
v -0.03629365935921669 -0.06407469511032104 0.05179367586970329
v -0.03964535519480705 -0.06394699215888977 0.05177583917975426
v -0.04115651920437813 -0.06703144311904907 0.05215442553162575
v -0.04115651920437813 -0.06703144311904907 0.05215442553162575
v -0.03964535519480705 -0.06394699215888977 0.05177583917975426
v -0.040110066533088684 -0.0639001727104187 0.051770295947790146
v -0.04115651920437813 -0.06703144311904907 0.05215442553162575
v -0.040110066533088684 -0.0639001727104187 0.051770295947790146
v -0.04454966261982918 -0.06629657745361328 0.0520617701113224
v -0.04454966261982918 -0.06629657745361328 0.0520617701113224
v -0.040110066533088684 -0.0639001727104187 0.051770295947790146
v -0.04308159649372101 -0.06335130333900452 0.05170578137040138
v -0.04454966261982918 -0.06629657745361328 0.0520617701113224
v -0.04308159649372101 -0.06335130333900452 0.05170578137040138
v -0.04575352743268013 -0.06589102745056152 0.05201150104403496
v -0.04575352743268013 -0.06589102745056152 0.05201150104403496
v -0.04308159649372101 -0.06335130333900452 0.05170578137040138
v -0.04490642994642258 -0.06274637579917908 0.05163569375872612
v -0.04575352743268013 -0.06589102745056152 0.05201150104403496
v -0.04490642994642258 -0.06274637579917908 0.05163569375872612
v -0.04772192984819412 -0.06502199172973633 0.05190501734614372
v -0.04772192984819412 -0.06502199172973633 0.05190501734614372
v -0.04490642994642258 -0.06274637579917908 0.05163569375872612
v -0.05054927244782448 -0.06319022178649902 0.051687050610780716
v -0.054345548152923584 -0.010364475660026073 0.04865328222513199
v -0.057359401136636734 -0.01036438625305891 0.04865357652306557
v -0.05736695975065231 -0.011604848317801952 0.04867049679160118
v -0.04490642994642258 -0.06274637579917908 0.05163569375872612
v -0.04746439680457115 -0.06142750754952431 0.051486577838659286
v -0.05054927244782448 -0.06319022178649902 0.051687050610780716
v -0.05054927244782448 -0.06319022178649902 0.051687050610780716
v -0.04746439680457115 -0.06142750754952431 0.051486577838659286
v -0.04938279464840889 -0.05993518605828285 0.05132396146655083
v -0.05054927244782448 -0.06319022178649902 0.051687050610780716
v -0.04938279464840889 -0.05993518605828285 0.05132396146655083
v -0.05279510095715523 -0.06100988760590553 0.05144045874476433
v -0.05279510095715523 -0.06100988760590553 0.05144045874476433
v -0.04938279464840889 -0.05993518605828285 0.05132396146655083
v -0.04995167255401611 -0.059377316385507584 0.05126480385661125
v -0.05279510095715523 -0.06100988760590553 0.05144045874476433
v -0.04995167255401611 -0.059377316385507584 0.05126480385661125
v -0.054715596139431 -0.05826166644692421 0.05114925280213356
v -0.054715596139431 -0.05826166644692421 0.05114925280213356
v -0.04995167255401611 -0.059377316385507584 0.05126480385661125
v -0.05124688893556595 -0.05782860890030861 0.05110511556267738
v -0.054715596139431 -0.05826166644692421 0.05114925280213356
v -0.05124688893556595 -0.05782860890030861 0.05110511556267738
v -0.05550583451986313 -0.05670735612511635 0.050993602722883224
v -0.05550583451986313 -0.05670735612511635 0.050993602722883224
v -0.05124688893556595 -0.05782860890030861 0.05110511556267738
v -0.052428919821977615 -0.0559082068502903 0.05091610178351402
v -0.05550583451986313 -0.05670735612511635 0.050993602722883224
v -0.052428919821977615 -0.0559082068502903 0.05091610178351402
v -0.056190043687820435 -0.05499411001801491 0.0508296899497509
v -0.056190043687820435 -0.05499411001801491 0.0508296899497509
v -0.052428919821977615 -0.0559082068502903 0.05091610178351402
v -0.053549617528915405 -0.05317592993378639 0.050663623958826065
v -0.056190043687820435 -0.05499411001801491 0.0508296899497509
v -0.053549617528915405 -0.05317592993378639 0.050663623958826065
v -0.057069968432188034 -0.05165499821305275 0.05053097382187843
v -0.057069968432188034 -0.05165499821305275 0.05053097382187843
v -0.053549617528915405 -0.05317592993378639 0.050663623958826065
v -0.05380832403898239 -0.05227026715874672 0.05058404430747032
v -0.057069968432188034 -0.05165499821305275 0.05053097382187843
v -0.05380832403898239 -0.05227026715874672 0.05058404430747032
v -0.05752362310886383 -0.04755068197846413 0.050200995057821274
v -0.05752362310886383 -0.04755068197846413 0.050200995057821274
v -0.05380832403898239 -0.05227026715874672 0.05058404430747032
v -0.05438552051782608 -0.04898545518517494 0.05031190440058708
v -0.05752362310886383 -0.04755068197846413 0.050200995057821274
v -0.05438552051782608 -0.04898545518517494 0.05031190440058708
v -0.0575721338391304 -0.045575980097055435 0.05005556717514992
v -0.0575721338391304 -0.045575980097055435 0.05005556717514992
v -0.05438552051782608 -0.04898545518517494 0.05031190440058708
v -0.054559167474508286 -0.04543689265847206 0.05004682019352913
v -0.0575721338391304 -0.045575980097055435 0.05005556717514992
v -0.054559167474508286 -0.04543689265847206 0.05004682019352913
v -0.057579949498176575 -0.042286697775125504 0.04983210191130638
v -0.057579949498176575 -0.042286697775125504 0.04983210191130638
v -0.054559167474508286 -0.04543689265847206 0.05004682019352913
v -0.05456625297665596 -0.04228675737977028 0.04983162507414818
v -0.057579949498176575 -0.042286697775125504 0.04983210191130638
v -0.05456625297665596 -0.04228675737977028 0.04983162507414818
v -0.05750623345375061 -0.028949620202183723 0.049136802554130554
v -0.05750623345375061 -0.028949620202183723 0.049136802554130554
v -0.05456625297665596 -0.04228675737977028 0.04983162507414818
v -0.054519977420568466 -0.03240999951958656 0.04928596317768097
v -0.05750623345375061 -0.028949620202183723 0.049136802554130554
v -0.054519977420568466 -0.03240999951958656 0.04928596317768097
v -0.05736695975065231 -0.011604848317801952 0.04867049679160118
v -0.05736695975065231 -0.011604848317801952 0.04867049679160118
v -0.054519977420568466 -0.03240999951958656 0.04928596317768097
v -0.054411061108112335 -0.019374551251530647 0.04882409796118736
v -0.05736695975065231 -0.011604848317801952 0.04867049679160118
v -0.054411061108112335 -0.019374551251530647 0.04882409796118736
v -0.054345548152923584 -0.010364475660026073 0.04865328222513199
v -0.05444926396012306 0.02403533272445202 0.04895288124680519
v -0.05746304988861084 0.02403530292212963 0.048952870070934296
v -0.057431552559137344 0.020342467352747917 0.048844851553440094
v -0.057359401136636734 -0.01036438625305891 0.04865357652306557
v -0.054345548152923584 -0.010364475660026073 0.04865328222513199
v -0.05732540041208267 8.308646647492424e-05 0.04858790710568428
v -0.05732540041208267 8.308646647492424e-05 0.04858790710568428
v -0.054345548152923584 -0.010364475660026073 0.04865328222513199
v -0.054312124848365784 8.299705950776115e-05 0.04858790710568428
v -0.05732540041208267 8.308646647492424e-05 0.04858790710568428
v -0.054312124848365784 8.299705950776115e-05 0.04858790710568428
v -0.057431552559137344 0.020342467352747917 0.048844851553440094
v -0.057431552559137344 0.020342467352747917 0.048844851553440094
v -0.054312124848365784 8.299705950776115e-05 0.04858790710568428
v -0.05436202883720398 0.013130632229149342 0.04869112744927406
v -0.057431552559137344 0.020342467352747917 0.048844851553440094
v -0.05436202883720398 0.013130632229149342 0.04869112744927406
v -0.05444926396012306 0.02403533272445202 0.04895288124680519
v -0.05444926396012306 0.02403533272445202 0.04895288124680519
v -0.054467618465423584 0.02617013268172741 0.04902491718530655
v -0.05746304988861084 0.02403530292212963 0.048952870070934296
v -0.05746304988861084 0.02403530292212963 0.048952870070934296
v -0.054467618465423584 0.02617013268172741 0.04902491718530655
v -0.05449550226330757 0.029486073181033134 0.04915143549442291
v -0.05746304988861084 0.02403530292212963 0.048952870070934296
v -0.05449550226330757 0.029486073181033134 0.04915143549442291
v -0.05757598951458931 0.03982023522257805 0.04966895654797554
v -0.05757598951458931 0.03982023522257805 0.04966895654797554
v -0.05449550226330757 0.029486073181033134 0.04915143549442291
v -0.05455920845270157 0.045604538172483444 0.05004700645804405
v -0.05757598951458931 0.03982023522257805 0.04966895654797554
v -0.05455920845270157 0.045604538172483444 0.05004700645804405
v -0.05757211893796921 0.04574243351817131 0.05005558207631111
v -0.05757211893796921 0.04574243351817131 0.05005558207631111
v -0.05455920845270157 0.045604538172483444 0.05004700645804405
v -0.05740196257829666 0.04943982884287834 0.05033488944172859
v -0.05740196257829666 0.04943982884287834 0.05033488944172859
v -0.05455920845270157 0.045604538172483444 0.05004700645804405
v -0.05431379750370979 0.04977331683039665 0.05036159232258797
v -0.05740196257829666 0.04943982884287834 0.05033488944172859
v -0.05431379750370979 0.04977331683039665 0.05036159232258797
v -0.05681135877966881 0.05303831025958061 0.05063685402274132
v -0.05681135877966881 0.05303831025958061 0.05063685402274132
v -0.05431379750370979 0.04977331683039665 0.05036159232258797
v -0.05357589200139046 0.05325834080576897 0.05065632984042168
v -0.05681135877966881 0.05303831025958061 0.05063685402274132
v -0.05357589200139046 0.05325834080576897 0.05065632984042168
v -0.05570805445313454 0.05641390010714531 0.05094889923930168
v -0.05570805445313454 0.05641390010714531 0.05094889923930168
v -0.05357589200139046 0.05325834080576897 0.05065632984042168
v -0.052946921437978745 0.05497778579592705 0.050812628120183945
v -0.05570805445313454 0.05641390010714531 0.05094889923930168
v -0.052946921437978745 0.05497778579592705 0.050812628120183945
v -0.05550539866089821 0.05687643215060234 0.05099393054842949
v -0.05550539866089821 0.05687643215060234 0.05099393054842949
v -0.052946921437978745 0.05497778579592705 0.050812628120183945
v -0.05214035138487816 0.05660608038306236 0.050967540591955185
v -0.05550539866089821 0.05687643215060234 0.05099393054842949
v -0.05214035138487816 0.05660608038306236 0.050967540591955185
v -0.0541800782084465 0.05931350216269493 0.051240671426057816
v -0.0541800782084465 0.05931350216269493 0.051240671426057816
v -0.05214035138487816 0.05660608038306236 0.050967540591955185
v -0.0515311136841774 0.057588811963796616 0.0510643906891346
v -0.0541800782084465 0.05931350216269493 0.051240671426057816
v -0.0515311136841774 0.057588811963796616 0.0510643906891346
v -0.052217889577150345 0.06181922182440758 0.05151171609759331
v -0.0515311136841774 0.057588811963796616 0.0510643906891346
v -0.05021977052092552 0.05925823375582695 0.0512348897755146
v -0.052217889577150345 0.06181922182440758 0.05151171609759331
v -0.052217889577150345 0.06181922182440758 0.05151171609759331
v -0.05021977052092552 0.05925823375582695 0.0512348897755146
v -0.04995086416602135 0.059544991701841354 0.05126495286822319
v -0.052217889577150345 0.06181922182440758 0.05151171609759331
v -0.04995086416602135 0.059544991701841354 0.05126495286822319
v -0.04991079866886139 0.06384436786174774 0.05174419656395912
v -0.04991079866886139 0.06384436786174774 0.05174419656395912
v -0.04995086416602135 0.059544991701841354 0.05126495286822319
v -0.048125799745321274 0.06113855168223381 0.05143628641963005
v -0.04991079866886139 0.06384436786174774 0.05174419656395912
v -0.048125799745321274 0.06113855168223381 0.05143628641963005
v -0.046957191079854965 0.06555977463722229 0.05195023491978645
v -0.046957191079854965 0.06555977463722229 0.05195023491978645
v -0.048125799745321274 0.06113855168223381 0.05143628641963005
v -0.04636181890964508 0.062241192907094955 0.051559168845415115
v -0.046957191079854965 0.06555977463722229 0.05195023491978645
v -0.04636181890964508 0.062241192907094955 0.051559168845415115
v -0.04575304687023163 0.06605793535709381 0.05201157554984093
v -0.04575304687023163 0.06605793535709381 0.05201157554984093
v -0.04636181890964508 0.062241192907094955 0.051559168845415115
v -0.04372619464993477 0.06333133578300476 0.0516841746866703
v -0.04575304687023163 0.06605793535709381 0.05201157554984093
v -0.04372619464993477 0.06333133578300476 0.0516841746866703
v -0.04414594918489456 0.06658041477203369 0.05207662656903267
v -0.04414594918489456 0.06658041477203369 0.05207662656903267
v -0.04372619464993477 0.06333133578300476 0.0516841746866703
v -0.04285084456205368 0.0635785311460495 0.0517130009829998
v -0.04414594918489456 0.06658041477203369 0.05207662656903267
v -0.04285084456205368 0.0635785311460495 0.0517130009829998
v -0.04063400253653526 0.06726580858230591 0.05216306820511818
v -0.04063400253653526 0.06726580858230591 0.05216306820511818
v -0.04285084456205368 0.0635785311460495 0.0517130009829998
v -0.03970211744308472 0.06410865485668182 0.051775407046079636
v -0.04063400253653526 0.06726580858230591 0.05216306820511818
v -0.03970211744308472 0.06410865485668182 0.051775407046079636
v -0.03629368171095848 0.0674901008605957 0.0521916039288044
v -0.03629368171095848 0.0674901008605957 0.0521916039288044
v -0.03970211744308472 0.06410865485668182 0.051775407046079636
v -0.036293014883995056 0.06424164772033691 0.05179386958479881
v -0.03629368171095848 0.0674901008605957 0.0521916039288044
v -0.036293014883995056 0.06424164772033691 0.05179386958479881
v 0.030779359862208366 0.06749820709228516 0.05219333991408348
v 0.030779359862208366 0.06749820709228516 0.05219333991408348
v -0.036293014883995056 0.06424164772033691 0.05179386958479881
v 0.03207255154848099 0.06424093246459961 0.05179102346301079
v 0.04739093780517578 0.06298832595348358 0.051644470542669296
v 0.04487781971693039 0.06459316611289978 0.0518331341445446
v 0.04273891821503639 0.06214338168501854 0.05154811963438988
v 0.04273891821503639 0.06214338168501854 0.05154811963438988
v 0.04487781971693039 0.06459316611289978 0.0518331341445446
v 0.04300506040453911 0.06547954678535461 0.05194041505455971
v 0.04273891821503639 0.06214338168501854 0.05154811963438988
v 0.04300506040453911 0.06547954678535461 0.05194041505455971
v 0.03969740495085716 0.06330782175064087 0.05168144777417183
v 0.03969740495085716 0.06330782175064087 0.05168144777417183
v 0.04300506040453911 0.06547954678535461 0.05194041505455971
v 0.04158152639865875 0.06601376831531525 0.05200611427426338
v 0.03969740495085716 0.06330782175064087 0.05168144777417183
v 0.04158152639865875 0.06601376831531525 0.05200611427426338
v 0.037421468645334244 0.06383022665977478 0.05174252763390541
v 0.037421468645334244 0.06383022665977478 0.05174252763390541
v 0.04158152639865875 0.06601376831531525 0.05200611427426338
v 0.038099437952041626 0.06691457331180573 0.052118610590696335
v 0.037421468645334244 0.06383022665977478 0.05174252763390541
v 0.038099437952041626 0.06691457331180573 0.052118610590696335
v 0.03350144252181053 0.0642128586769104 0.05178776755928993
v 0.03350144252181053 0.0642128586769104 0.05178776755928993
v 0.038099437952041626 0.06691457331180573 0.052118610590696335
v 0.03424523025751114 0.06738714873790741 0.05217849835753441
v 0.03350144252181053 0.0642128586769104 0.05178776755928993
v 0.03424523025751114 0.06738714873790741 0.05217849835753441
v 0.03207255154848099 0.06424093246459961 0.05179102346301079
v 0.03207255154848099 0.06424093246459961 0.05179102346301079
v 0.03424523025751114 0.06738714873790741 0.05217849835753441
v 0.0320831798017025 0.06748439371585846 0.05219169333577156
v 0.03207255154848099 0.06424093246459961 0.05179102346301079
v 0.0320831798017025 0.06748439371585846 0.05219169333577156
v 0.030779359862208366 0.06749820709228516 0.05219333991408348
v 0.04273891821503639 0.06214338168501854 0.05154811963438988
v 0.045069705694913864 0.06077222153544426 0.05139625445008278
v 0.04739093780517578 0.06298832595348358 0.051644470542669296
v 0.04739093780517578 0.06298832595348358 0.051644470542669296
v 0.045069705694913864 0.06077222153544426 0.05139625445008278
v 0.046328261494636536 0.0597960464656353 0.051291462033987045
v 0.04739093780517578 0.06298832595348358 0.051644470542669296
v 0.046328261494636536 0.0597960464656353 0.051291462033987045
v 0.04992230236530304 0.060692425817251205 0.051387589424848557
v 0.04992230236530304 0.060692425817251205 0.051387589424848557
v 0.046328261494636536 0.0597960464656353 0.051291462033987045
v 0.04737512022256851 0.058814745396375656 0.05118885263800621
v 0.04992230236530304 0.060692425817251205 0.051387589424848557
v 0.04737512022256851 0.058814745396375656 0.05118885263800621
v 0.051755692809820175 0.05835568532347679 0.05114176496863365
v 0.051755692809820175 0.05835568532347679 0.05114176496863365
v 0.04737512022256851 0.058814745396375656 0.05118885263800621
v 0.04906513914465904 0.05676713213324547 0.0509832389652729
v 0.051755692809820175 0.05835568532347679 0.05114176496863365
v 0.04906513914465904 0.05676713213324547 0.0509832389652729
v 0.05280541256070137 0.05660432204604149 0.050967369228601456
v 0.05280541256070137 0.05660432204604149 0.050967369228601456
v 0.04906513914465904 0.05676713213324547 0.0509832389652729
v 0.05058892071247101 0.0541265569627285 0.05073432996869087
v 0.05280541256070137 0.05660432204604149 0.050967369228601456
v 0.05058892071247101 0.0541265569627285 0.05073432996869087
v 0.05353652313351631 0.05511082336306572 0.050825025886297226
v 0.05353652313351631 0.05511082336306572 0.050825025886297226
v 0.05058892071247101 0.0541265569627285 0.05073432996869087
v 0.05105943977832794 0.053055133670568466 0.050638336688280106
v 0.05353652313351631 0.05511082336306572 0.050825025886297226
v 0.05105943977832794 0.053055133670568466 0.050638336688280106
v 0.05479937419295311 0.051605384796857834 0.05051292106509209
v 0.05479937419295311 0.051605384796857834 0.05051292106509209
v 0.05105943977832794 0.053055133670568466 0.050638336688280106
v 0.052122827619314194 0.04973485693335533 0.050358500331640244
v 0.05479937419295311 0.051605384796857834 0.05051292106509209
v 0.052122827619314194 0.04973485693335533 0.050358500331640244
v 0.05578887462615967 0.04676276072859764 0.05012952908873558
v 0.052122827619314194 0.04973485693335533 0.050358500331640244
v 0.0527997650206089 0.04612351581454277 0.050085071474313736
v 0.05578887462615967 0.04676276072859764 0.05012952908873558
v 0.05578887462615967 0.04676276072859764 0.05012952908873558
v 0.0527997650206089 0.04612351581454277 0.050085071474313736
v 0.05300239473581314 0.04465704783797264 0.04997925087809563
v 0.05578887462615967 0.04676276072859764 0.05012952908873558
v 0.05300239473581314 0.04465704783797264 0.04997925087809563
v 0.05742299556732178 0.03326704725623131 0.04931933805346489
v 0.05742299556732178 0.03326704725623131 0.04931933805346489
v 0.05300239473581314 0.04465704783797264 0.04997925087809563
v 0.05447481945157051 0.03211132809519768 0.04926471784710884
v 0.05742299556732178 0.03326704725623131 0.04931933805346489
v 0.05447481945157051 0.03211132809519768 0.04926471784710884
v 0.058226726949214935 0.02404033951461315 0.048952970653772354
v 0.058226726949214935 0.02404033951461315 0.048952970653772354
v 0.05447481945157051 0.03211132809519768 0.04926471784710884
v 0.05517120286822319 0.024039773270487785 0.04895302280783653
v 0.058226726949214935 0.02404033951461315 0.048952970653772354
v 0.05517120286822319 0.024039773270487785 0.04895302280783653
v 0.058526426553726196 0.01952802948653698 0.048823799937963486
v 0.058526426553726196 0.01952802948653698 0.048823799937963486
v 0.05517120286822319 0.024039773270487785 0.04895302280783653
v 0.05547817051410675 0.019457606598734856 0.04882202297449112
v 0.058526426553726196 0.01952802948653698 0.048823799937963486
v 0.05547817051410675 0.019457606598734856 0.04882202297449112
v 0.059051238000392914 0.006112304981797934 0.04860939458012581
v 0.059051238000392914 0.006112304981797934 0.04860939458012581
v 0.05547817051410675 0.019457606598734856 0.04882202297449112
v 0.05601097643375397 0.005735842045396566 0.04860660433769226
v 0.059051238000392914 0.006112304981797934 0.04860939458012581
v 0.05601097643375397 0.005735842045396566 0.04860660433769226
v 0.05900147929787636 -0.008195760659873486 0.048628807067871094
v 0.05900147929787636 -0.008195760659873486 0.048628807067871094
v 0.05601097643375397 0.005735842045396566 0.04860660433769226
v 0.05597909539937973 -0.00715038413181901 0.04861876368522644
v 0.05900147929787636 -0.008195760659873486 0.048628807067871094
v 0.05597909539937973 -0.00715038413181901 0.04861876368522644
v 0.058938898146152496 -0.010365965776145458 0.04865361377596855
v 0.058938898146152496 -0.010365965776145458 0.04865361377596855
v 0.05597909539937973 -0.00715038413181901 0.04861876368522644
v 0.05589058995246887 -0.010366561822593212 0.048653312027454376
v 0.058938898146152496 -0.010365965776145458 0.04865361377596855
v 0.05589058995246887 -0.010366561822593212 0.048653312027454376
v 0.05841770023107529 -0.02110055275261402 0.04886997118592262
v 0.05841770023107529 -0.02110055275261402 0.04886997118592262
v 0.05589058995246887 -0.010366561822593212 0.048653312027454376
v 0.05539803206920624 -0.020576270297169685 0.04885556548833847
v 0.049843162298202515 -0.06060853973031044 0.051396336406469345
v 0.051841508597135544 -0.05805632844567299 0.051126617938280106
v 0.049412503838539124 -0.056082163006067276 0.05093282088637352
v 0.049412503838539124 -0.056082163006067276 0.05093282088637352
v 0.051841508597135544 -0.05805632844567299 0.051126617938280106
v 0.052804552018642426 -0.05643678084015846 0.05096696689724922
v 0.049412503838539124 -0.056082163006067276 0.05093282088637352
v 0.052804552018642426 -0.05643678084015846 0.05096696689724922
v 0.05095845088362694 -0.05313235893845558 0.050659749656915665
v 0.05095845088362694 -0.05313235893845558 0.050659749656915665
v 0.052804552018642426 -0.05643678084015846 0.05096696689724922
v 0.05361805483698845 -0.05475771799683571 0.05080785974860191
v 0.05095845088362694 -0.05313235893845558 0.050659749656915665
v 0.05361805483698845 -0.05475771799683571 0.05080785974860191
v 0.052068304270505905 -0.0497862733900547 0.05037591978907585
v 0.052068304270505905 -0.0497862733900547 0.05037591978907585
v 0.05361805483698845 -0.05475771799683571 0.05080785974860191
v 0.05483173206448555 -0.05131957307457924 0.050498563796281815
v 0.052068304270505905 -0.0497862733900547 0.05037591978907585
v 0.05483173206448555 -0.05131957307457924 0.050498563796281815
v 0.052798740565776825 -0.04595470800995827 0.0500827394425869
v 0.052798740565776825 -0.04595470800995827 0.0500827394425869
v 0.05483173206448555 -0.05131957307457924 0.050498563796281815
v 0.05578868091106415 -0.046595845371484756 0.050129491835832596
v 0.052798740565776825 -0.04595470800995827 0.0500827394425869
v 0.05578868091106415 -0.046595845371484756 0.050129491835832596
v 0.05329323559999466 -0.042292628437280655 0.04983200505375862
v 0.05329323559999466 -0.042292628437280655 0.04983200505375862
v 0.05578868091106415 -0.046595845371484756 0.050129491835832596
v 0.05636807903647423 -0.04229233041405678 0.049832288175821304
v 0.05329323559999466 -0.042292628437280655 0.04983200505375862
v 0.05636807903647423 -0.04229233041405678 0.049832288175821304
v 0.05433545634150505 -0.033321563154459 0.04932883009314537
v 0.05433545634150505 -0.033321563154459 0.04932883009314537
v 0.05636807903647423 -0.04229233041405678 0.049832288175821304
v 0.057214487344026566 -0.03509676828980446 0.04941688850522041
v 0.05433545634150505 -0.033321563154459 0.04932883009314537
v 0.057214487344026566 -0.03509676828980446 0.04941688850522041
v 0.05539803206920624 -0.020576270297169685 0.04885556548833847
v 0.05539803206920624 -0.020576270297169685 0.04885556548833847
v 0.057214487344026566 -0.03509676828980446 0.04941688850522041
v 0.05803504213690758 -0.02635514922440052 0.04903751239180565
v 0.05539803206920624 -0.020576270297169685 0.04885556548833847
v 0.05803504213690758 -0.02635514922440052 0.04903751239180565
v 0.05841770023107529 -0.02110055275261402 0.04886997118592262
v -0.043279629200696945 0.01538675744086504 0.012608655728399754
v -0.04470992088317871 0.010623660869896412 0.012836788780987263
v -0.04465422406792641 0.010852214880287647 0.011244083754718304
v -0.03464449569582939 0.029923899099230766 0.012751377187669277
v -0.03698845952749252 0.02704748325049877 0.012605967931449413
v -0.0378401055932045 0.025870470330119133 0.011053246445953846
v -0.0378401055932045 0.025870470330119133 0.011053246445953846
v -0.03698845952749252 0.02704748325049877 0.012605967931449413
v -0.03729211166501045 0.02663695625960827 0.01258776243776083
v -0.0378401055932045 0.025870470330119133 0.011053246445953846
v -0.03729211166501045 0.02663695625960827 0.01258776243776083
v -0.03757968172430992 0.026238976046442986 0.012570408172905445
v -0.03757968172430992 0.026238976046442986 0.012570408172905445
v -0.037824228405952454 0.025893179699778557 0.012555521912872791
v -0.0378401055932045 0.025870470330119133 0.011053246445953846
v -0.0378401055932045 0.025870470330119133 0.011053246445953846
v -0.037824228405952454 0.025893179699778557 0.012555521912872791
v -0.03896478936076164 0.024182317778468132 0.012498161755502224
v -0.0378401055932045 0.025870470330119133 0.011053246445953846
v -0.03896478936076164 0.024182317778468132 0.012498161755502224
v -0.04044708237051964 0.021668104454874992 0.010959369130432606
v -0.04044708237051964 0.021668104454874992 0.010959369130432606
v -0.03896478936076164 0.024182317778468132 0.012498161755502224
v -0.0408073253929615 0.020995615050196648 0.012466619722545147
v -0.04044708237051964 0.021668104454874992 0.010959369130432606
v -0.0408073253929615 0.020995615050196648 0.012466619722545147
v -0.04080740734934807 0.02099546603858471 0.010958817787468433
v -0.04080740734934807 0.02099546603858471 0.010958817787468433
v -0.0408073253929615 0.020995615050196648 0.012466619722545147
v -0.04135492816567421 0.019917277619242668 0.012476765550673008
v -0.04080740734934807 0.02099546603858471 0.010958817787468433
v -0.04135492816567421 0.019917277619242668 0.012476765550673008
v -0.04257039353251457 0.01722150854766369 0.011015220545232296
v -0.04257039353251457 0.01722150854766369 0.011015220545232296
v -0.04135492816567421 0.019917277619242668 0.012476765550673008
v -0.043279629200696945 0.01538675744086504 0.012608655728399754
v -0.04257039353251457 0.01722150854766369 0.011015220545232296
v -0.043279629200696945 0.01538675744086504 0.012608655728399754
v -0.04388156905770302 0.013606932945549488 0.011134407483041286
v -0.04388156905770302 0.013606932945549488 0.011134407483041286
v -0.043279629200696945 0.01538675744086504 0.012608655728399754
v -0.04465422406792641 0.010852214880287647 0.011244083754718304
v -0.045957051217556 0.0007393634296022356 0.01317982655018568
v -0.04596183821558952 8.287785021821037e-05 0.01318113412708044
v -0.04596183821558952 8.311626879731193e-05 0.011520867235958576
v -0.045957051217556 0.0007393634296022356 0.01317982655018568
v -0.04596183821558952 8.311626879731193e-05 0.011520867235958576
v -0.04560805857181549 0.005714622791856527 0.013066123239696026
v -0.04560805857181549 0.005714622791856527 0.013066123239696026
v -0.04596183821558952 8.311626879731193e-05 0.011520867235958576
v -0.04579945653676987 0.0039024031721055508 0.011479347012937069
v -0.04560805857181549 0.005714622791856527 0.013066123239696026
v -0.04579945653676987 0.0039024031721055508 0.011479347012937069
v -0.04470992088317871 0.010623660869896412 0.012836788780987263
v -0.04470992088317871 0.010623660869896412 0.012836788780987263
v -0.04579945653676987 0.0039024031721055508 0.011479347012937069
v -0.045113705098629 0.008778569288551807 0.011326556093990803
v -0.04470992088317871 0.010623660869896412 0.012836788780987263
v -0.045113705098629 0.008778569288551807 0.011326556093990803
v -0.04465422406792641 0.010852214880287647 0.011244083754718304
v -0.04465421289205551 -0.010686191730201244 0.011233783327043056
v -0.04555539786815643 -0.00595140689983964 0.01141378004103899
v -0.045777179300785065 -0.003989430610090494 0.013113976456224918
v -0.045777179300785065 -0.003989430610090494 0.013113976456224918
v -0.04555539786815643 -0.00595140689983964 0.01141378004103899
v -0.04596183821558952 8.287785021821037e-05 0.01318113412708044
v -0.04596183821558952 8.287785021821037e-05 0.01318113412708044
v -0.04555539786815643 -0.00595140689983964 0.01141378004103899
v -0.04594982787966728 -0.0009565377258695662 0.01151690911501646
v -0.04596183821558952 8.287785021821037e-05 0.01318113412708044
v -0.04594982787966728 -0.0009565377258695662 0.01151690911501646
v -0.04596183821558952 8.311626879731193e-05 0.011520867235958576
v -0.045777179300785065 -0.003989430610090494 0.013113976456224918
v -0.04507216811180115 -0.008820834569633007 0.012908237986266613
v -0.04465421289205551 -0.010686191730201244 0.011233783327043056
v -0.04465421289205551 -0.010686191730201244 0.011233783327043056
v -0.04507216811180115 -0.008820834569633007 0.012908237986266613
v -0.0446542464196682 -0.010686072520911694 0.012812652625143528
v -0.04465421289205551 -0.010686191730201244 0.011233783327043056
v -0.0446542464196682 -0.010686072520911694 0.012812652625143528
v -0.04461274668574333 -0.010853084735572338 0.01122694369405508
v -0.04461274668574333 -0.010853084735572338 0.01122694369405508
v -0.0446542464196682 -0.010686072520911694 0.012812652625143528
v -0.04312572628259659 -0.015639783814549446 0.011046045459806919
v -0.0446542464196682 -0.010686072520911694 0.012812652625143528
v -0.043825291097164154 -0.013618233613669872 0.012666664086282253
v -0.04312572628259659 -0.015639783814549446 0.011046045459806919
v -0.04312572628259659 -0.015639783814549446 0.011046045459806919
v -0.043825291097164154 -0.013618233613669872 0.012666664086282253
v -0.04256376996636391 -0.017071546986699104 0.012528692372143269
v -0.04312572628259659 -0.015639783814549446 0.011046045459806919
v -0.04256376996636391 -0.017071546986699104 0.012528692372143269
v -0.04114905744791031 -0.02016511745750904 0.010954889468848705
v -0.04114905744791031 -0.02016511745750904 0.010954889468848705
v -0.04256376996636391 -0.017071546986699104 0.012528692372143269
v -0.04080742597579956 -0.02082938142120838 0.012459737248718739
v -0.04114905744791031 -0.02016511745750904 0.010954889468848705
v -0.04080742597579956 -0.02082938142120838 0.012459737248718739
v -0.04080731049180031 -0.020829619839787483 0.010952734388411045
v -0.04080731049180031 -0.020829619839787483 0.010952734388411045
v -0.04080742597579956 -0.02082938142120838 0.012459737248718739
v -0.04045042768120766 -0.021495940163731575 0.01245949324220419
v -0.04080731049180031 -0.020829619839787483 0.010952734388411045
v -0.04045042768120766 -0.021495940163731575 0.01245949324220419
v -0.038706373423337936 -0.024419011548161507 0.011006292887032032
v -0.038706373423337936 -0.024419011548161507 0.011006292887032032
v -0.04045042768120766 -0.021495940163731575 0.01245949324220419
v -0.037854332476854324 -0.025684090331196785 0.012553795240819454
v -0.038706373423337936 -0.024419011548161507 0.011006292887032032
v -0.037854332476854324 -0.025684090331196785 0.012553795240819454
v -0.037866778671741486 -0.025666268542408943 0.011051696725189686
v -0.037866778671741486 -0.025666268542408943 0.011051696725189686
v -0.037854332476854324 -0.025684090331196785 0.012553795240819454
v -0.0375240296125412 -0.026150675490498543 0.011072413064539433
v -0.0375240296125412 -0.026150675490498543 0.011072413064539433
v -0.037854332476854324 -0.025684090331196785 0.012553795240819454
v -0.03635961934924126 -0.02770182676613331 0.011142163537442684
v -0.03635961934924126 -0.02770182676613331 0.011142163537442684
v -0.037854332476854324 -0.025684090331196785 0.012553795240819454
v -0.03553324565291405 -0.028723539784550667 0.012694495730102062
v -0.03635961934924126 -0.02770182676613331 0.011142163537442684
v -0.03553324565291405 -0.028723539784550667 0.012694495730102062
v -0.0346444733440876 -0.029757888987660408 0.011248906143009663
v -0.0346444733440876 -0.029757888987660408 0.011248906143009663
v -0.03553324565291405 -0.028723539784550667 0.012694495730102062
v -0.034644726663827896 -0.02975759096443653 0.012751421891152859
v -0.0346444733440876 -0.029757888987660408 0.011248906143009663
v -0.034644726663827896 -0.02975759096443653 0.012751421891152859
v -0.03249220550060272 -0.03202361240983009 0.011398996226489544
v -0.03249220550060272 -0.03202361240983009 0.011398996226489544
v -0.034644726663827896 -0.02975759096443653 0.012751421891152859
v -0.03357313945889473 -0.030925096943974495 0.012824402190744877
v -0.03249220550060272 -0.03202361240983009 0.011398996226489544
v -0.03357313945889473 -0.030925096943974495 0.012824402190744877
v -0.029243173077702522 -0.03491935506463051 0.011665706522762775
v -0.029243173077702522 -0.03491935506463051 0.011665706522762775
v -0.03357313945889473 -0.030925096943974495 0.012824402190744877
v -0.02925613708794117 -0.03490886464715004 0.013173763640224934
v -0.029243173077702522 -0.03491935506463051 0.011665706522762775
v -0.02925613708794117 -0.03490886464715004 0.013173763640224934
v -0.02652367390692234 -0.03695199266076088 0.011921417899429798
v -0.02652367390692234 -0.03695199266076088 0.011921417899429798
v -0.02925613708794117 -0.03490886464715004 0.013173763640224934
v -0.026523124426603317 -0.03695238009095192 0.013436906971037388
v -0.02652367390692234 -0.03695199266076088 0.011921417899429798
v -0.026523124426603317 -0.03695238009095192 0.013436906971037388
v -0.023885395377874374 -0.03864050284028053 0.012188923545181751
v -0.023885395377874374 -0.03864050284028053 0.012188923545181751
v -0.026523124426603317 -0.03695238009095192 0.013436906971037388
v -0.022862032055854797 -0.039228323847055435 0.013822960667312145
v -0.023885395377874374 -0.03864050284028053 0.012188923545181751
v -0.022862032055854797 -0.039228323847055435 0.013822960667312145
v -0.0180515069514513 -0.041545603424310684 0.01279775332659483
v -0.0180515069514513 -0.041545603424310684 0.01279775332659483
v -0.022862032055854797 -0.039228323847055435 0.013822960667312145
v -0.016919231042265892 -0.041992638260126114 0.014464358799159527
v -0.0180515069514513 -0.041545603424310684 0.01279775332659483
v -0.016919231042265892 -0.041992638260126114 0.014464358799159527
v -0.016919376328587532 -0.04199257865548134 0.012911318801343441
v -0.016919376328587532 -0.04199257865548134 0.012911318801343441
v -0.016919231042265892 -0.041992638260126114 0.014464358799159527
v -0.013928846456110477 -0.043008241802453995 0.013192341662943363
v -0.013928846456110477 -0.043008241802453995 0.013192341662943363
v -0.016919231042265892 -0.041992638260126114 0.014464358799159527
v -0.015823252499103546 -0.04239213839173317 0.014576167799532413
v -0.013928846456110477 -0.043008241802453995 0.013192341662943363
v -0.015823252499103546 -0.04239213839173317 0.014576167799532413
v -0.006434767972677946 -0.04458293691277504 0.013698522932827473
v -0.0006857988773845136 -0.04491612687706947 0.013817847706377506
v 0.0009305296116508543 -0.044877175241708755 0.015406264923512936
v 0.00362496729940176 -0.04468259587883949 0.013733741827309132
v 0.00362496729940176 -0.04468259587883949 0.013733741827309132
v 0.0009305296116508543 -0.044877175241708755 0.015406264923512936
v 0.004463434685021639 -0.04458874836564064 0.015296748839318752
v 0.00362496729940176 -0.04468259587883949 0.013733741827309132
v 0.004463434685021639 -0.04458874836564064 0.015296748839318752
v 0.004463199991732836 -0.04458877816796303 0.013700575567781925
v -0.015823252499103546 -0.04239213839173317 0.014576167799532413
v -0.009649738669395447 -0.04407036677002907 0.015109199099242687
v -0.006434767972677946 -0.04458293691277504 0.013698522932827473
v -0.006434767972677946 -0.04458293691277504 0.013698522932827473
v -0.009649738669395447 -0.04407036677002907 0.015109199099242687
v -0.006387707311660051 -0.04458865895867348 0.015296720899641514
v -0.006434767972677946 -0.04458293691277504 0.013698522932827473
v -0.006387707311660051 -0.04458865895867348 0.015296720899641514
v -0.0006857988773845136 -0.04491612687706947 0.013817847706377506
v -0.0006857988773845136 -0.04491612687706947 0.013817847706377506
v -0.006387707311660051 -0.04458865895867348 0.015296720899641514
v -0.0033019143156707287 -0.044856104999780655 0.015398132614791393
v -0.0006857988773845136 -0.04491612687706947 0.013817847706377506
v -0.0033019143156707287 -0.044856104999780655 0.015398132614791393
v 0.0009305296116508543 -0.044877175241708755 0.015406264923512936
v 0.004463199991732836 -0.04458877816796303 0.013700575567781925
v 0.004463434685021639 -0.04458874836564064 0.015296748839318752
v 0.009995486587285995 -0.04356256499886513 0.013360192067921162
v 0.009995486587285995 -0.04356256499886513 0.013360192067921162
v 0.004463434685021639 -0.04458874836564064 0.015296748839318752
v 0.006560467183589935 -0.04428381100296974 0.015185012482106686
v 0.009995486587285995 -0.04356256499886513 0.013360192067921162
v 0.006560467183589935 -0.04428381100296974 0.015185012482106686
v 0.01499599777162075 -0.041992489248514175 0.012911288999021053
v 0.006560467183589935 -0.04428381100296974 0.015185012482106686
v 0.013899575918912888 -0.04239213839173317 0.014576167799532413
v 0.01499599777162075 -0.041992489248514175 0.012911288999021053
v 0.01499599777162075 -0.041992489248514175 0.012911288999021053
v 0.013899575918912888 -0.04239213839173317 0.014576167799532413
v 0.014995554462075233 -0.041992638260126114 0.014464358799159527
v 0.01499599777162075 -0.041992489248514175 0.012911288999021053
v 0.014995554462075233 -0.041992638260126114 0.014464358799159527
v 0.016127830371260643 -0.041545603424310684 0.01279775332659483
v 0.016127830371260643 -0.041545603424310684 0.01279775332659483
v 0.014995554462075233 -0.041992638260126114 0.014464358799159527
v 0.020064400508999825 -0.039702627807855606 0.012387570925056934
v 0.020064400508999825 -0.039702627807855606 0.012387570925056934
v 0.014995554462075233 -0.041992638260126114 0.014464358799159527
v 0.020928718149662018 -0.03923368826508522 0.013824007473886013
v 0.020064400508999825 -0.039702627807855606 0.012387570925056934
v 0.020928718149662018 -0.03923368826508522 0.013824007473886013
v 0.02460046112537384 -0.036951694637537 0.011921373195946217
v 0.02460046112537384 -0.036951694637537 0.011921373195946217
v 0.020928718149662018 -0.03923368826508522 0.013824007473886013
v 0.02459944412112236 -0.03695238009095192 0.013436906971037388
v 0.02460046112537384 -0.036951694637537 0.011921373195946217
v 0.02459944412112236 -0.03695238009095192 0.013436906971037388
v 0.02559155970811844 -0.03624764457345009 0.011825310997664928
v 0.02559155970811844 -0.03624764457345009 0.011825310997664928
v 0.02459944412112236 -0.03695238009095192 0.013436906971037388
v 0.02733246050775051 -0.03490886464715004 0.013173763640224934
v 0.02559155970811844 -0.03624764457345009 0.011825310997664928
v 0.02733246050775051 -0.03490886464715004 0.013173763640224934
v 0.030568530783057213 -0.03202361240983009 0.011398996226489544
v 0.030568530783057213 -0.03202361240983009 0.011398996226489544
v 0.02733246050775051 -0.03490886464715004 0.013173763640224934
v 0.03166816383600235 -0.030905427411198616 0.012823083437979221
v 0.030568530783057213 -0.03202361240983009 0.011398996226489544
v 0.03166816383600235 -0.030905427411198616 0.012823083437979221
v 0.03272103890776634 -0.02975762076675892 0.011248891241848469
v 0.03272103890776634 -0.02975762076675892 0.011248891241848469
v 0.03166816383600235 -0.030905427411198616 0.012823083437979221
v 0.032721057534217834 -0.02975759096443653 0.012751421891152859
v 0.03272103890776634 -0.02975762076675892 0.011248891241848469
v 0.032721057534217834 -0.02975759096443653 0.012751421891152859
v 0.033208511769771576 -0.029198171570897102 0.01121761929243803
v 0.033208511769771576 -0.029198171570897102 0.01121761929243803
v 0.032721057534217834 -0.02975759096443653 0.012751421891152859
v 0.03362231329083443 -0.02870825119316578 0.01269370038062334
v 0.033208511769771576 -0.029198171570897102 0.01121761929243803
v 0.03362231329083443 -0.02870825119316578 0.01269370038062334
v 0.03443603217601776 -0.027701707556843758 0.011142159812152386
v 0.03443603217601776 -0.027701707556843758 0.011142159812152386
v 0.03362231329083443 -0.02870825119316578 0.01269370038062334
v 0.03454599902033806 -0.027561040595173836 0.012637143023312092
v 0.03443603217601776 -0.027701707556843758 0.011142159812152386
v 0.03454599902033806 -0.027561040595173836 0.012637143023312092
v 0.03553718328475952 -0.026238473132252693 0.011076218448579311
v 0.03553718328475952 -0.026238473132252693 0.011076218448579311
v 0.03454599902033806 -0.027561040595173836 0.012637143023312092
v 0.03543378412723541 -0.02638128586113453 0.012583873234689236
v 0.03553718328475952 -0.026238473132252693 0.011076218448579311
v 0.03543378412723541 -0.02638128586113453 0.012583873234689236
v 0.035703904926776886 -0.02600574679672718 0.011066029779613018
v 0.03543378412723541 -0.02638128586113453 0.012583873234689236
v 0.03565782681107521 -0.02607038803398609 0.012570108287036419
v 0.035703904926776886 -0.02600574679672718 0.011066029779613018
v 0.035703904926776886 -0.02600574679672718 0.011066029779613018
v 0.03565782681107521 -0.02607038803398609 0.012570108287036419
v 0.03635459020733833 -0.025066228583455086 0.012530728243291378
v 0.035703904926776886 -0.02600574679672718 0.011066029779613018
v 0.03635459020733833 -0.025066228583455086 0.012530728243291378
v 0.03837566450238228 -0.02177015133202076 0.010931015945971012
v 0.03837566450238228 -0.02177015133202076 0.010931015945971012
v 0.03635459020733833 -0.025066228583455086 0.012530728243291378
v 0.03889862075448036 -0.020801039412617683 0.012417525984346867
v 0.03837566450238228 -0.02177015133202076 0.010931015945971012
v 0.03889862075448036 -0.020801039412617683 0.012417525984346867
v 0.03888365253806114 -0.020829590037465096 0.010913717560470104
v 0.03888365253806114 -0.020829590037465096 0.010913717560470104
v 0.03889862075448036 -0.020801039412617683 0.012417525984346867
v 0.04054539278149605 -0.01729944534599781 0.010884511284530163
v 0.04054539278149605 -0.01729944534599781 0.010884511284530163
v 0.03889862075448036 -0.020801039412617683 0.012417525984346867
v 0.04096553474664688 -0.01626002974808216 0.012398631311953068
v 0.04054539278149605 -0.01729944534599781 0.010884511284530163
v 0.04096553474664688 -0.01626002974808216 0.012398631311953068
v 0.04202833026647568 -0.013215306214988232 0.01090033259242773
v 0.04202833026647568 -0.013215306214988232 0.01090033259242773
v 0.04096553474664688 -0.01626002974808216 0.012398631311953068
v 0.042551640421152115 -0.011387678794562817 0.012451154179871082
v 0.04202833026647568 -0.013215306214988232 0.01090033259242773
v 0.042551640421152115 -0.011387678794562817 0.012451154179871082
v 0.04273055121302605 -0.010686161927878857 0.010926446877419949
v 0.04273055121302605 -0.010686161927878857 0.010926446877419949
v 0.042551640421152115 -0.011387678794562817 0.012451154179871082
v 0.04273054748773575 -0.010686161927878857 0.012462402693927288
v 0.04273055121302605 -0.010686161927878857 0.010926446877419949
v 0.04273054748773575 -0.010686161927878857 0.012462402693927288
v 0.043243810534477234 -0.008334877900779247 0.010955684818327427
v 0.043243810534477234 -0.008334877900779247 0.010955684818327427
v 0.04273054748773575 -0.010686161927878857 0.012462402693927288
v 0.043553903698921204 -0.006500961724668741 0.012533742003142834
v 0.043243810534477234 -0.008334877900779247 0.010955684818327427
v 0.043553903698921204 -0.006500961724668741 0.012533742003142834
v 0.04390377923846245 -0.0033921324647963047 0.01100709568709135
v 0.04390377923846245 -0.0033921324647963047 0.01100709568709135
v 0.043553903698921204 -0.006500961724668741 0.012533742003142834
v 0.0440107099711895 -0.0014886284479871392 0.012586536817252636
v 0.04390377923846245 -0.0033921324647963047 0.01100709568709135
v 0.0440107099711895 -0.0014886284479871392 0.012586536817252636
v 0.04403816536068916 8.302685455419123e-05 0.011016608215868473
v 0.04403816536068916 8.302685455419123e-05 0.011016608215868473
v 0.0440107099711895 -0.0014886284479871392 0.012586536817252636
v 0.04403816536068916 8.305665687657893e-05 0.012588185258209705
v 0.04403816536068916 8.302685455419123e-05 0.011016608215868473
v 0.04403816536068916 8.305665687657893e-05 0.012588185258209705
v 0.0440111942589283 0.001640764414332807 0.011012227274477482
v 0.0440111942589283 0.001640764414332807 0.011012227274477482
v 0.04403816536068916 8.305665687657893e-05 0.012588185258209705
v 0.04390476271510124 0.003545460756868124 0.012566008605062962
v 0.0440111942589283 0.001640764414332807 0.011012227274477482
v 0.04390476271510124 0.003545460756868124 0.012566008605062962
v 0.04355582594871521 0.006653991993516684 0.010968576185405254
v 0.04355582594871521 0.006653991993516684 0.010968576185405254
v 0.04390476271510124 0.003545460756868124 0.012566008605062962
v 0.04324744641780853 0.00848176795989275 0.012492100708186626
v 0.04355582594871521 0.006653991993516684 0.010968576185405254
v 0.04324744641780853 0.00848176795989275 0.012492100708186626
v 0.04273054748773575 0.010852214880287647 0.010918761603534222
v 0.04273054748773575 0.010852214880287647 0.010918761603534222
v 0.04324744641780853 0.00848176795989275 0.012492100708186626
v 0.042730558663606644 0.01085218507796526 0.012453516013920307
v 0.04273054748773575 0.010852214880287647 0.010918761603534222
v 0.042730558663606644 0.01085218507796526 0.012453516013920307
v 0.042554400861263275 0.011543271131813526 0.010911493562161922
v 0.042554400861263275 0.011543271131813526 0.010911493562161922
v 0.042730558663606644 0.01085218507796526 0.012453516013920307
v 0.04203507676720619 0.013359514065086842 0.01241972018033266
v 0.042554400861263275 0.011543271131813526 0.010911493562161922
v 0.04203507676720619 0.013359514065086842 0.01241972018033266
v 0.04096727818250656 0.016421614214777946 0.010882037691771984
v 0.04096727818250656 0.016421614214777946 0.010882037691771984
v 0.04203507676720619 0.013359514065086842 0.01241972018033266
v 0.04051244258880615 0.017543969675898552 0.012393700890243053
v 0.04096727818250656 0.016421614214777946 0.010882037691771984
v 0.04051244258880615 0.017543969675898552 0.012393700890243053
v 0.038897961378097534 0.020968345925211906 0.010912875644862652
v 0.038897961378097534 0.020968345925211906 0.010912875644862652
v 0.04051244258880615 0.017543969675898552 0.012393700890243053
v 0.03888365253806114 0.020995615050196648 0.012417537160217762
v 0.038897961378097534 0.020968345925211906 0.010912875644862652
v 0.03888365253806114 0.020995615050196648 0.012417537160217762
v 0.03888368234038353 0.020995555445551872 0.01091331522911787
v 0.03888368234038353 0.020995555445551872 0.01091331522911787
v 0.03888365253806114 0.020995615050196648 0.012417537160217762
v 0.03833610191941261 0.022007254883646965 0.012435468845069408
v 0.03888368234038353 0.020995555445551872 0.01091331522911787
v 0.03833610191941261 0.022007254883646965 0.012435468845069408
v 0.03635130822658539 0.02523714117705822 0.011029456742107868
v 0.03635130822658539 0.02523714117705822 0.011029456742107868
v 0.03833610191941261 0.022007254883646965 0.012435468845069408
v 0.03565831854939461 0.026235727593302727 0.012570050545036793
v 0.03635130822658539 0.02523714117705822 0.011029456742107868
v 0.03565831854939461 0.026235727593302727 0.012570050545036793
v 0.03570316731929779 0.026172814890742302 0.011066053993999958
v 0.03565831854939461 0.026235727593302727 0.012570050545036793
v 0.03537824749946594 0.026618776842951775 0.012586998753249645
v 0.03570316731929779 0.026172814890742302 0.011066053993999958
v 0.03570316731929779 0.026172814890742302 0.011066053993999958
v 0.03537824749946594 0.026618776842951775 0.012586998753249645
v 0.03506478667259216 0.02704748325049877 0.012605967931449413
v 0.03570316731929779 0.026172814890742302 0.011066053993999958
v 0.03506478667259216 0.02704748325049877 0.012605967931449413
v 0.033582258969545364 0.028922317549586296 0.011194155551493168
v 0.033582258969545364 0.028922317549586296 0.011194155551493168
v 0.03506478667259216 0.02704748325049877 0.012605967931449413
v 0.03272083029150963 0.029923899099230766 0.012751375325024128
v 0.033582258969545364 0.028922317549586296 0.011194155551493168
v 0.03272083029150963 0.029923899099230766 0.012751375325024128
v 0.03272102773189545 0.02992367558181286 0.011248833499848843
v 0.03272102773189545 0.02992367558181286 0.011248833499848843
v 0.03272083029150963 0.029923899099230766 0.012751375325024128
v 0.031265247613191605 0.0314902625977993 0.01134804729372263
v 0.031265247613191605 0.0314902625977993 0.01134804729372263
v 0.03272083029150963 0.029923899099230766 0.012751375325024128
v 0.031165027990937233 0.03159276768565178 0.012859058566391468
v 0.031265247613191605 0.0314902625977993 0.01134804729372263
v 0.031165027990937233 0.03159276768565178 0.012859058566391468
v 0.026337336748838425 0.03585667535662651 0.011754983104765415
v 0.026337336748838425 0.03585667535662651 0.011754983104765415
v 0.031165027990937233 0.03159276768565178 0.012859058566391468
v 0.026662103831768036 0.035606499761343 0.013235551305115223
v 0.026337336748838425 0.03585667535662651 0.011754983104765415
v 0.026662103831768036 0.035606499761343 0.013235551305115223
v 0.024600137025117874 0.037117939442396164 0.011921265162527561
v 0.024600137025117874 0.037117939442396164 0.011921265162527561
v 0.026662103831768036 0.035606499761343 0.013235551305115223
v 0.024600038304924965 0.03711801394820213 0.013436694629490376
v 0.024600137025117874 0.037117939442396164 0.011921265162527561
v 0.024600038304924965 0.03711801394820213 0.013436694629490376
v 0.020830251276493073 0.0394543819129467 0.01230687741190195
v 0.020830251276493073 0.0394543819129467 0.01230687741190195
v 0.024600038304924965 0.03711801394820213 0.013436694629490376
v 0.021525278687477112 0.03906160220503807 0.013759228400886059
v 0.020830251276493073 0.0394543819129467 0.01230687741190195
v 0.021525278687477112 0.03906160220503807 0.013759228400886059
v 0.015706036239862442 0.04188231751322746 0.012840167619287968
v 0.015706036239862442 0.04188231751322746 0.012840167619287968
v 0.021525278687477112 0.03906160220503807 0.013759228400886059
v 0.01595352217555046 0.04178277775645256 0.014363686554133892
v 0.015706036239862442 0.04188231751322746 0.012840167619287968
v 0.01595352217555046 0.04178277775645256 0.014363686554133892
v 0.014995681121945381 0.04215862974524498 0.012911059893667698
v 0.014995681121945381 0.04215862974524498 0.012911059893667698
v 0.01595352217555046 0.04178277775645256 0.014363686554133892
v 0.01499565877020359 0.042158644646406174 0.014464062638580799
v 0.014995681121945381 0.04215862974524498 0.012911059893667698
v 0.01499565877020359 0.042158644646406174 0.014464062638580799
v 0.010996347293257713 0.043465059250593185 0.013278751634061337
v 0.010996347293257713 0.043465059250593185 0.013278751634061337
v 0.01499565877020359 0.042158644646406174 0.014464062638580799
v 0.01203036680817604 0.043166693300008774 0.01475683692842722
v 0.010996347293257713 0.043465059250593185 0.013278751634061337
v 0.01203036680817604 0.043166693300008774 0.01475683692842722
v 0.006749166175723076 0.04441743716597557 0.013583882711827755
v 0.006749166175723076 0.04441743716597557 0.013583882711827755
v 0.01203036680817604 0.043166693300008774 0.01475683692842722
v 0.004788172896951437 0.044714149087667465 0.015281233005225658
v 0.006749166175723076 0.04441743716597557 0.013583882711827755
v 0.004788172896951437 0.044714149087667465 0.015281233005225658
v 0.00446369918063283 0.0447547547519207 0.013700197450816631
v 0.00446369918063283 0.0447547547519207 0.013700197450816631
v 0.004788172896951437 0.044714149087667465 0.015281233005225658
v 0.004462476819753647 0.04475490376353264 0.015296402387320995
v 0.00446369918063283 0.0447547547519207 0.013700197450816631
v 0.004462476819753647 0.04475490376353264 0.015296402387320995
v -0.0008516352390870452 0.045082878321409225 0.013817735947668552
v -0.0008516352390870452 0.045082878321409225 0.013817735947668552
v 0.004462476819753647 0.04475490376353264 0.015296402387320995
v -0.002572853583842516 0.04505416378378868 0.015410098247230053
v -0.0008516352390870452 0.045082878321409225 0.013817735947668552
v -0.002572853583842516 0.04505416378378868 0.015410098247230053
v -0.006566012278199196 0.04473268613219261 0.013692452572286129
v -0.0378401055932045 0.025870470330119133 0.011053246445953846
v -0.03562648966908455 0.02877729944884777 0.011186697520315647
v -0.03464449569582939 0.029923899099230766 0.012751377187669277
v -0.03464449569582939 0.029923899099230766 0.012751377187669277
v -0.03562648966908455 0.02877729944884777 0.011186697520315647
v -0.03464468568563461 0.029923690482974052 0.011248835362493992
v -0.03464449569582939 0.029923899099230766 0.012751377187669277
v -0.03464468568563461 0.029923690482974052 0.011248835362493992
v -0.03305995091795921 0.031622063368558884 0.012861154042184353
v -0.03305995091795921 0.031622063368558884 0.012861154042184353
v -0.03464468568563461 0.029923690482974052 0.011248835362493992
v -0.033188920468091965 0.0314902625977993 0.01134804729372263
v -0.03305995091795921 0.031622063368558884 0.012861154042184353
v -0.033188920468091965 0.0314902625977993 0.01134804729372263
v -0.028585780411958694 0.035606499761343 0.013235551305115223
v -0.028585780411958694 0.035606499761343 0.013235551305115223
v -0.033188920468091965 0.0314902625977993 0.01134804729372263
v -0.02825918234884739 0.03585807606577873 0.011755152605473995
v -0.028585780411958694 0.035606499761343 0.013235551305115223
v -0.02825918234884739 0.03585807606577873 0.011755152605473995
v -0.026524286717176437 0.0371176116168499 0.01343663688749075
v -0.026524286717176437 0.0371176116168499 0.01343663688749075
v -0.02825918234884739 0.03585807606577873 0.011755152605473995
v -0.026523813605308533 0.037117939442396164 0.011921265162527561
v -0.026524286717176437 0.0371176116168499 0.01343663688749075
v -0.026523813605308533 0.037117939442396164 0.011921265162527561
v -0.025185588747262955 0.038006749004125595 0.013574427925050259
v -0.025185588747262955 0.038006749004125595 0.013574427925050259
v -0.026523813605308533 0.037117939442396164 0.011921265162527561
v -0.02275392785668373 0.0394543819129467 0.01230687741190195
v -0.025185588747262955 0.038006749004125595 0.013574427925050259
v -0.02275392785668373 0.0394543819129467 0.01230687741190195
v -0.019743753597140312 0.04097604379057884 0.01416307408362627
v -0.019743753597140312 0.04097604379057884 0.01416307408362627
v -0.02275392785668373 0.0394543819129467 0.01230687741190195
v -0.016936812549829483 0.04215201362967491 0.01290933322161436
v -0.019743753597140312 0.04097604379057884 0.01416307408362627
v -0.016936812549829483 0.04215201362967491 0.01290933322161436
v -0.01691972091794014 0.042158495634794235 0.014464021660387516
v -0.01691972091794014 0.042158495634794235 0.014464021660387516
v -0.016936812549829483 0.04215201362967491 0.01290933322161436
v -0.016919070854783058 0.04215874895453453 0.012911087833344936
v -0.01691972091794014 0.042158495634794235 0.014464021660387516
v -0.016919070854783058 0.04215874895453453 0.012911087833344936
v -0.0139540433883667 0.043166693300008774 0.01475683692842722
v -0.0139540433883667 0.043166693300008774 0.01475683692842722
v -0.016919070854783058 0.04215874895453453 0.012911087833344936
v -0.010790332220494747 0.04399658367037773 0.013444923795759678
v -0.0139540433883667 0.043166693300008774 0.01475683692842722
v -0.010790332220494747 0.04399658367037773 0.013444923795759678
v -0.007513356860727072 0.04460355266928673 0.0152404410764575
v -0.007513356860727072 0.04460355266928673 0.0152404410764575
v -0.010790332220494747 0.04399658367037773 0.013444923795759678
v -0.006566012278199196 0.04473268613219261 0.013692452572286129
v -0.007513356860727072 0.04460355266928673 0.0152404410764575
v -0.006566012278199196 0.04473268613219261 0.013692452572286129
v -0.006386567838490009 0.04475484415888786 0.015296383760869503
v -0.006386567838490009 0.04475484415888786 0.015296383760869503
v -0.006566012278199196 0.04473268613219261 0.013692452572286129
v -0.002572853583842516 0.04505416378378868 0.015410098247230053
usemtl material_DefaultMaterial
f 1 2 3
f 4 5 6
f 7 8 9
f 10 11 12
f 13 14 15
f 16 17 18
f 19 20 21
f 22 23 24
f 25 26 27
f 28 29 30
f 31 32 33
f 34 35 36
f 37 38 39
f 40 41 42
f 43 44 45
f 46 47 48
f 49 50 51
f 52 53 54
f 55 56 57
f 58 59 60
f 61 62 63
f 64 65 66
f 67 68 69
f 70 71 72
f 73 74 75
f 76 77 78
f 79 80 81
f 82 83 84
f 85 86 87
f 88 89 90
f 91 92 93
f 94 95 96
f 97 98 99
f 100 101 102
f 103 104 105
f 106 107 108
f 109 110 111
f 112 113 114
f 115 116 117
f 118 119 120
f 121 122 123
f 124 125 126
f 127 128 129
f 130 131 132
f 133 134 135
f 136 137 138
f 139 140 141
f 142 143 144
f 145 146 147
f 148 149 150
f 151 152 153
f 154 155 156
f 157 158 159
f 160 161 162
f 163 164 165
f 166 167 168
f 169 170 171
f 172 173 174
f 175 176 177
f 178 179 180
f 181 182 183
f 184 185 186
f 187 188 189
f 190 191 192
f 193 194 195
f 196 197 198
f 199 200 201
f 202 203 204
f 205 206 207
f 208 209 210
f 211 212 213
f 214 215 216
f 217 218 219
f 220 221 222
f 223 224 225
f 226 227 228
f 229 230 231
f 232 233 234
f 235 236 237
f 238 239 240
f 241 242 243
f 244 245 246
f 247 248 249
f 250 251 252
f 253 254 255
f 256 257 258
f 259 260 261
f 262 263 264
f 265 266 267
f 268 269 270
f 271 272 273
f 274 275 276
f 277 278 279
f 280 281 282
f 283 284 285
f 286 287 288
f 289 290 291
f 292 293 294
f 295 296 297
f 298 299 300
f 301 302 303
f 304 305 306
f 307 308 309
f 310 311 312
f 313 314 315
f 316 317 318
f 319 320 321
f 322 323 324
f 325 326 327
f 328 329 330
f 331 332 333
f 334 335 336
f 337 338 339
f 340 341 342
f 343 344 345
f 346 347 348
f 349 350 351
f 352 353 354
f 355 356 357
f 358 359 360
f 361 362 363
f 364 365 366
f 367 368 369
f 370 371 372
f 373 374 375
f 376 377 378
f 379 380 381
f 382 383 384
f 385 386 387
f 388 389 390
f 391 392 393
f 394 395 396
f 397 398 399
f 400 401 402
f 403 404 405
f 406 407 408
f 409 410 411
f 412 413 414
f 415 416 417
f 418 419 420
f 421 422 423
f 424 425 426
f 427 428 429
f 430 431 432
f 433 434 435
f 436 437 438
f 439 440 441
f 442 443 444
f 445 446 447
f 448 449 450
f 451 452 453
f 454 455 456
f 457 458 459
f 460 461 462
f 463 464 465
f 466 467 468
f 469 470 471
f 472 473 474
f 475 476 477
f 478 479 480
f 481 482 483
f 484 485 486
f 487 488 489
f 490 491 492
f 493 494 495
f 496 497 498
f 499 500 501
f 502 503 504
f 505 506 507
f 508 509 510
f 511 512 513
f 514 515 516
f 517 518 519
f 520 521 522
f 523 524 525
f 526 527 528
f 529 530 531
f 532 533 534
f 535 536 537
f 538 539 540
f 541 542 543
f 544 545 546
f 547 548 549
f 550 551 552
f 553 554 555
f 556 557 558
f 559 560 561
f 562 563 564
f 565 566 567
f 568 569 570
f 571 572 573
f 574 575 576
f 577 578 579
f 580 581 582
f 583 584 585
f 586 587 588
f 589 590 591
f 592 593 594
f 595 596 597
f 598 599 600
f 601 602 603
f 604 605 606
f 607 608 609
f 610 611 612
f 613 614 615
f 616 617 618
f 619 620 621
f 622 623 624
f 625 626 627
f 628 629 630
f 631 632 633
f 634 635 636
f 637 638 639
f 640 641 642
f 643 644 645
f 646 647 648
f 649 650 651
f 652 653 654
f 655 656 657
f 658 659 660
f 661 662 663
f 664 665 666
f 667 668 669
f 670 671 672
f 673 674 675
f 676 677 678
f 679 680 681
f 682 683 684
f 685 686 687
f 688 689 690
f 691 692 693
f 694 695 696
f 697 698 699
f 700 701 702
f 703 704 705
f 706 707 708
f 709 710 711
f 712 713 714
f 715 716 717
f 718 719 720
f 721 722 723
f 724 725 726
f 727 728 729
f 730 731 732
f 733 734 735
f 736 737 738
f 739 740 741
f 742 743 744
f 745 746 747
f 748 749 750
f 751 752 753
f 754 755 756
f 757 758 759
f 760 761 762
f 763 764 765
f 766 767 768
f 769 770 771
f 772 773 774
f 775 776 777
f 778 779 780
f 781 782 783
f 784 785 786
f 787 788 789
f 790 791 792
f 793 794 795
f 796 797 798
f 799 800 801
f 802 803 804
f 805 806 807
f 808 809 810
f 811 812 813
f 814 815 816
f 817 818 819
f 820 821 822
f 823 824 825
f 826 827 828
f 829 830 831
f 832 833 834
f 835 836 837
f 838 839 840
f 841 842 843
f 844 845 846
f 847 848 849
f 850 851 852
f 853 854 855
f 856 857 858
f 859 860 861
f 862 863 864
f 865 866 867
f 868 869 870
f 871 872 873
f 874 875 876
f 877 878 879
f 880 881 882
f 883 884 885
f 886 887 888
f 889 890 891
f 892 893 894
f 895 896 897
f 898 899 900
f 901 902 903
f 904 905 906
f 907 908 909
f 910 911 912
f 913 914 915
f 916 917 918
f 919 920 921
f 922 923 924
f 925 926 927
f 928 929 930
f 931 932 933
f 934 935 936
f 937 938 939
f 940 941 942
f 943 944 945
f 946 947 948
f 949 950 951
f 952 953 954
f 955 956 957
f 958 959 960
f 961 962 963
f 964 965 966
f 967 968 969
f 970 971 972
f 973 974 975
f 976 977 978
f 979 980 981
f 982 983 984
f 985 986 987
f 988 989 990
f 991 992 993
f 994 995 996
f 997 998 999
f 1000 1001 1002
f 1003 1004 1005
f 1006 1007 1008
f 1009 1010 1011
f 1012 1013 1014
f 1015 1016 1017
f 1018 1019 1020
f 1021 1022 1023
f 1024 1025 1026
f 1027 1028 1029
f 1030 1031 1032
f 1033 1034 1035
f 1036 1037 1038
f 1039 1040 1041
f 1042 1043 1044
f 1045 1046 1047
f 1048 1049 1050
f 1051 1052 1053
f 1054 1055 1056
f 1057 1058 1059
f 1060 1061 1062
f 1063 1064 1065
f 1066 1067 1068
f 1069 1070 1071
f 1072 1073 1074
f 1075 1076 1077
f 1078 1079 1080
f 1081 1082 1083
f 1084 1085 1086
f 1087 1088 1089
f 1090 1091 1092
f 1093 1094 1095
f 1096 1097 1098
f 1099 1100 1101
f 1102 1103 1104
f 1105 1106 1107
f 1108 1109 1110
f 1111 1112 1113
f 1114 1115 1116
f 1117 1118 1119
f 1120 1121 1122
f 1123 1124 1125
f 1126 1127 1128
f 1129 1130 1131
f 1132 1133 1134
f 1135 1136 1137
f 1138 1139 1140
f 1141 1142 1143
f 1144 1145 1146
f 1147 1148 1149
f 1150 1151 1152
f 1153 1154 1155
f 1156 1157 1158
f 1159 1160 1161
f 1162 1163 1164
f 1165 1166 1167
f 1168 1169 1170
f 1171 1172 1173
f 1174 1175 1176
f 1177 1178 1179
f 1180 1181 1182
f 1183 1184 1185
f 1186 1187 1188
f 1189 1190 1191
f 1192 1193 1194
f 1195 1196 1197
f 1198 1199 1200
f 1201 1202 1203
f 1204 1205 1206
f 1207 1208 1209
f 1210 1211 1212
f 1213 1214 1215
f 1216 1217 1218
f 1219 1220 1221
f 1222 1223 1224
f 1225 1226 1227
f 1228 1229 1230
f 1231 1232 1233
f 1234 1235 1236
f 1237 1238 1239
f 1240 1241 1242
f 1243 1244 1245
f 1246 1247 1248
f 1249 1250 1251
f 1252 1253 1254
f 1255 1256 1257
f 1258 1259 1260
f 1261 1262 1263
f 1264 1265 1266
f 1267 1268 1269
f 1270 1271 1272
f 1273 1274 1275
f 1276 1277 1278
f 1279 1280 1281
f 1282 1283 1284
f 1285 1286 1287
f 1288 1289 1290
f 1291 1292 1293
f 1294 1295 1296
f 1297 1298 1299
f 1300 1301 1302
f 1303 1304 1305
f 1306 1307 1308
f 1309 1310 1311
f 1312 1313 1314
f 1315 1316 1317
f 1318 1319 1320
f 1321 1322 1323
f 1324 1325 1326
f 1327 1328 1329
f 1330 1331 1332
f 1333 1334 1335
f 1336 1337 1338
f 1339 1340 1341
f 1342 1343 1344
f 1345 1346 1347
f 1348 1349 1350
f 1351 1352 1353
f 1354 1355 1356
f 1357 1358 1359
f 1360 1361 1362
f 1363 1364 1365
f 1366 1367 1368
f 1369 1370 1371
f 1372 1373 1374
f 1375 1376 1377
f 1378 1379 1380
f 1381 1382 1383
f 1384 1385 1386
f 1387 1388 1389
f 1390 1391 1392
f 1393 1394 1395
f 1396 1397 1398
f 1399 1400 1401
f 1402 1403 1404
f 1405 1406 1407
f 1408 1409 1410
f 1411 1412 1413
f 1414 1415 1416
f 1417 1418 1419
f 1420 1421 1422
f 1423 1424 1425
f 1426 1427 1428
f 1429 1430 1431
f 1432 1433 1434
f 1435 1436 1437
f 1438 1439 1440
f 1441 1442 1443
f 1444 1445 1446
f 1447 1448 1449
f 1450 1451 1452
f 1453 1454 1455
f 1456 1457 1458
f 1459 1460 1461
f 1462 1463 1464
f 1465 1466 1467
f 1468 1469 1470
f 1471 1472 1473
f 1474 1475 1476
f 1477 1478 1479
f 1480 1481 1482
f 1483 1484 1485
f 1486 1487 1488
f 1489 1490 1491
f 1492 1493 1494
f 1495 1496 1497
f 1498 1499 1500
f 1501 1502 1503
f 1504 1505 1506
f 1507 1508 1509
f 1510 1511 1512
f 1513 1514 1515
f 1516 1517 1518
f 1519 1520 1521
f 1522 1523 1524
f 1525 1526 1527
f 1528 1529 1530
f 1531 1532 1533
f 1534 1535 1536
f 1537 1538 1539
f 1540 1541 1542
f 1543 1544 1545
f 1546 1547 1548
f 1549 1550 1551
f 1552 1553 1554
f 1555 1556 1557
f 1558 1559 1560
f 1561 1562 1563
f 1564 1565 1566
f 1567 1568 1569
f 1570 1571 1572
f 1573 1574 1575
f 1576 1577 1578
f 1579 1580 1581
f 1582 1583 1584
f 1585 1586 1587
f 1588 1589 1590
f 1591 1592 1593
f 1594 1595 1596
f 1597 1598 1599
f 1600 1601 1602
f 1603 1604 1605
f 1606 1607 1608
f 1609 1610 1611
f 1612 1613 1614
f 1615 1616 1617
f 1618 1619 1620
f 1621 1622 1623
f 1624 1625 1626
f 1627 1628 1629
f 1630 1631 1632
f 1633 1634 1635
f 1636 1637 1638
f 1639 1640 1641
f 1642 1643 1644
f 1645 1646 1647
f 1648 1649 1650
f 1651 1652 1653
f 1654 1655 1656
f 1657 1658 1659
f 1660 1661 1662
f 1663 1664 1665
f 1666 1667 1668
f 1669 1670 1671
f 1672 1673 1674
f 1675 1676 1677
f 1678 1679 1680
f 1681 1682 1683
f 1684 1685 1686
f 1687 1688 1689
f 1690 1691 1692
f 1693 1694 1695
f 1696 1697 1698
f 1699 1700 1701
f 1702 1703 1704
f 1705 1706 1707
f 1708 1709 1710
f 1711 1712 1713
f 1714 1715 1716
f 1717 1718 1719
f 1720 1721 1722
f 1723 1724 1725
f 1726 1727 1728
f 1729 1730 1731
f 1732 1733 1734
f 1735 1736 1737
f 1738 1739 1740
f 1741 1742 1743
f 1744 1745 1746
f 1747 1748 1749
f 1750 1751 1752
f 1753 1754 1755
f 1756 1757 1758
f 1759 1760 1761
f 1762 1763 1764
f 1765 1766 1767
f 1768 1769 1770
f 1771 1772 1773
f 1774 1775 1776
f 1777 1778 1779
f 1780 1781 1782
f 1783 1784 1785
f 1786 1787 1788
f 1789 1790 1791
f 1792 1793 1794
f 1795 1796 1797
f 1798 1799 1800
f 1801 1802 1803
f 1804 1805 1806
f 1807 1808 1809
f 1810 1811 1812
f 1813 1814 1815
f 1816 1817 1818
f 1819 1820 1821
f 1822 1823 1824
f 1825 1826 1827
f 1828 1829 1830
f 1831 1832 1833
f 1834 1835 1836
f 1837 1838 1839
f 1840 1841 1842
f 1843 1844 1845
f 1846 1847 1848
f 1849 1850 1851
f 1852 1853 1854
f 1855 1856 1857
f 1858 1859 1860
f 1861 1862 1863
f 1864 1865 1866
f 1867 1868 1869
f 1870 1871 1872
f 1873 1874 1875
f 1876 1877 1878
f 1879 1880 1881
f 1882 1883 1884
f 1885 1886 1887
f 1888 1889 1890
f 1891 1892 1893
f 1894 1895 1896
f 1897 1898 1899
f 1900 1901 1902
f 1903 1904 1905
f 1906 1907 1908
f 1909 1910 1911
f 1912 1913 1914
f 1915 1916 1917
f 1918 1919 1920
f 1921 1922 1923
f 1924 1925 1926
f 1927 1928 1929
f 1930 1931 1932
f 1933 1934 1935
f 1936 1937 1938
f 1939 1940 1941
f 1942 1943 1944
f 1945 1946 1947
f 1948 1949 1950
f 1951 1952 1953
f 1954 1955 1956
f 1957 1958 1959
f 1960 1961 1962
f 1963 1964 1965
f 1966 1967 1968
f 1969 1970 1971
f 1972 1973 1974
f 1975 1976 1977
f 1978 1979 1980
f 1981 1982 1983
f 1984 1985 1986
f 1987 1988 1989
f 1990 1991 1992
f 1993 1994 1995
f 1996 1997 1998
f 1999 2000 2001
f 2002 2003 2004
f 2005 2006 2007
f 2008 2009 2010
f 2011 2012 2013
f 2014 2015 2016
f 2017 2018 2019
f 2020 2021 2022
f 2023 2024 2025
f 2026 2027 2028
f 2029 2030 2031
f 2032 2033 2034
f 2035 2036 2037
f 2038 2039 2040
f 2041 2042 2043
f 2044 2045 2046
f 2047 2048 2049
f 2050 2051 2052
f 2053 2054 2055
f 2053 2055 2056
f 2057 2058 2059
f 2060 2061 2062
f 2063 2064 2065
f 2066 2067 2068
f 2069 2070 2071
f 2072 2073 2074
f 2075 2076 2077
f 2078 2079 2080
f 2081 2082 2083
f 2084 2085 2086
f 2087 2088 2089
f 2090 2091 2092
f 2093 2094 2095
f 2096 2097 2098
f 2099 2100 2101
f 2102 2103 2104
f 2105 2106 2107
f 2108 2109 2110
f 2111 2112 2113
f 2114 2115 2116
f 2117 2118 2119
f 2120 2121 2122
f 2123 2124 2125
f 2126 2127 2128
f 2129 2130 2131
f 2132 2133 2134
f 2135 2136 2137
f 2138 2139 2140
f 2141 2142 2143
f 2144 2145 2146
f 2147 2148 2149
f 2150 2151 2152
f 2153 2154 2155
f 2156 2157 2158
f 2159 2160 2161
f 2162 2163 2164
f 2165 2166 2167
f 2168 2169 2170
f 2171 2172 2173
f 2174 2175 2176
f 2177 2178 2179
f 2180 2181 2182
f 2183 2184 2185
f 2186 2187 2188
f 2189 2190 2191
f 2192 2193 2194
f 2195 2196 2197
f 2198 2199 2200
f 2201 2202 2203
f 2204 2205 2206
f 2207 2208 2209
f 2210 2211 2212
f 2213 2214 2215
f 2216 2217 2218
f 2219 2220 2221
f 2222 2223 2224
f 2225 2226 2227
f 2228 2229 2230
f 2231 2232 2233
f 2234 2235 2236
f 2237 2238 2239
f 2240 2241 2242
f 2243 2244 2245
f 2246 2247 2248
f 2249 2250 2251
f 2252 2253 2254
f 2255 2256 2257
f 2258 2259 2260
f 2261 2262 2263
f 2264 2265 2266
f 2267 2268 2269
f 2270 2271 2272
f 2273 2274 2275
f 2276 2277 2278
f 2279 2280 2281
f 2282 2283 2284
f 2285 2286 2287
f 2288 2289 2290
f 2291 2292 2293
f 2294 2295 2296
f 2297 2298 2299
f 2300 2301 2302
f 2303 2304 2305
f 2306 2307 2308
f 2309 2310 2311
f 2312 2313 2314
f 2315 2316 2317
f 2318 2319 2320
f 2321 2322 2323
f 2324 2325 2326
f 2327 2328 2329
f 2330 2331 2332
f 2333 2334 2335
f 2336 2337 2338
f 2339 2340 2341
f 2342 2343 2344
f 2345 2346 2347
f 2348 2349 2350
f 2351 2352 2353
f 2354 2355 2356
f 2357 2358 2359
f 2360 2361 2362
f 2363 2364 2365
f 2366 2367 2368
f 2369 2370 2371
f 2372 2373 2374
f 2375 2376 2377
f 2378 2379 2380
f 2381 2382 2383
f 2384 2385 2386
f 2387 2388 2389
f 2390 2391 2392
f 2393 2394 2395
f 2396 2397 2398
f 2399 2400 2401
f 2402 2403 2404
f 2405 2406 2407
f 2408 2409 2410
f 2411 2412 2413
f 2414 2415 2416
f 2417 2418 2419
f 2420 2421 2422
f 2423 2424 2425
f 2426 2427 2428
f 2429 2430 2431
f 2432 2433 2434
f 2435 2436 2437
f 2438 2439 2440
f 2441 2442 2443
f 2444 2445 2446
f 2447 2448 2449
f 2450 2451 2452
f 2453 2454 2455
f 2456 2457 2458
f 2459 2460 2461
f 2462 2463 2464
f 2465 2466 2467
f 2468 2469 2470
f 2471 2472 2473
f 2474 2475 2476
f 2477 2478 2479
f 2480 2481 2482
f 2483 2484 2485
f 2486 2487 2488
f 2489 2490 2491
f 2492 2493 2494
f 2495 2496 2497
f 2498 2499 2500
f 2501 2502 2503
f 2504 2505 2506
f 2507 2508 2509
f 2510 2511 2512
f 2513 2514 2515
f 2516 2517 2518
f 2519 2520 2521
f 2522 2523 2524
f 2525 2526 2527
f 2528 2529 2530
f 2531 2532 2533
f 2534 2535 2536
f 2537 2538 2539
f 2540 2541 2542
f 2543 2544 2545
f 2546 2547 2548
f 2549 2550 2551
f 2552 2553 2554
f 2555 2556 2557
f 2558 2559 2560
f 2561 2562 2563
f 2564 2565 2566
f 2567 2568 2569
f 2570 2571 2572
f 2573 2574 2575
f 2576 2577 2578
f 2579 2580 2581
f 2582 2583 2584
f 2585 2586 2587
f 2588 2589 2590
f 2591 2592 2593
f 2594 2595 2596
f 2597 2598 2599
f 2600 2601 2602
f 2603 2604 2605
f 2606 2607 2608
f 2609 2610 2611
f 2612 2613 2614
f 2615 2616 2617
f 2618 2619 2620
f 2621 2622 2623
f 2624 2625 2626
f 2627 2628 2629
f 2630 2631 2632
f 2633 2634 2635
f 2636 2637 2638
f 2639 2640 2641
f 2642 2643 2644
f 2645 2646 2647
f 2648 2649 2650
f 2651 2652 2653
f 2654 2655 2656
f 2657 2658 2659
f 2660 2661 2662
f 2663 2664 2665
f 2666 2667 2668
f 2669 2670 2671
f 2672 2673 2674
f 2675 2676 2677
f 2678 2679 2680
f 2681 2682 2683
f 2684 2685 2686
f 2687 2688 2689
f 2690 2691 2692
f 2693 2694 2695
f 2696 2697 2698
f 2699 2700 2701
f 2702 2703 2704
f 2705 2706 2707
f 2708 2709 2710
f 2711 2712 2713
f 2714 2715 2716
f 2717 2718 2719
f 2720 2721 2722
f 2723 2724 2725
f 2726 2727 2728
f 2729 2730 2731
f 2732 2733 2734
f 2735 2736 2737
f 2738 2739 2740
f 2741 2742 2743
f 2744 2745 2746
f 2747 2748 2749
f 2750 2751 2752
f 2753 2754 2755
f 2756 2757 2758
f 2759 2760 2761
f 2762 2763 2764
f 2765 2766 2767
f 2768 2769 2770
f 2771 2772 2773
f 2774 2775 2776
f 2777 2778 2779
f 2780 2781 2782
f 2783 2784 2785
f 2786 2787 2788
f 2789 2790 2791
f 2792 2793 2794
f 2795 2796 2797
f 2798 2799 2800
f 2801 2802 2803
f 2804 2805 2806
f 2807 2808 2809
f 2810 2811 2812
f 2813 2814 2815
f 2816 2817 2818
f 2819 2820 2821
f 2822 2823 2824
f 2825 2826 2827
f 2828 2829 2830
f 2831 2832 2833
f 2834 2835 2836
f 2837 2838 2839
f 2840 2841 2842
f 2843 2844 2845
f 2846 2847 2848
f 2849 2850 2851
f 2852 2853 2854
f 2855 2856 2857
f 2858 2859 2860
f 2861 2862 2863
f 2864 2865 2866
f 2867 2868 2869
f 2870 2871 2872
f 2873 2874 2875
f 2876 2877 2878
f 2879 2880 2881
f 2882 2883 2884
f 2885 2886 2887
f 2888 2889 2890
f 2891 2892 2893
f 2894 2895 2896
f 2897 2898 2899
f 2900 2901 2902
f 2903 2904 2905
f 2906 2907 2908
f 2909 2910 2911
f 2912 2913 2914
f 2915 2916 2917
f 2918 2919 2920
f 2921 2922 2923
f 2924 2925 2926
f 2927 2928 2929
f 2930 2931 2932
f 2933 2934 2935
f 2936 2937 2938
f 2939 2940 2941
f 2942 2943 2944
f 2945 2946 2947
f 2948 2949 2950
f 2951 2952 2953
f 2954 2955 2956
f 2957 2958 2959
f 2960 2961 2962
f 2963 2964 2965
f 2966 2967 2968
f 2969 2970 2971
f 2972 2973 2974
f 2975 2976 2977
f 2978 2979 2980
f 2981 2982 2983
f 2984 2985 2986
f 2987 2988 2989
f 2990 2991 2992
f 2993 2994 2995
f 2996 2997 2998
f 2999 3000 3001
f 3002 3003 3004
f 3005 3006 3007
f 3008 3009 3010
f 3011 3012 3013
f 3014 3015 3016
f 3017 3018 3019
f 3020 3021 3022
f 3023 3024 3025
f 3026 3027 3028
f 3029 3030 3031
f 3032 3033 3034
f 3035 3036 3037
f 3038 3039 3040
f 3041 3042 3043
f 3044 3045 3046
f 3047 3048 3049
f 3050 3051 3052
f 3053 3054 3055
f 3056 3057 3058
f 3059 3060 3061
f 3062 3063 3064
f 3065 3066 3067
f 3068 3069 3070
f 3071 3072 3073
f 3074 3075 3076
f 3077 3078 3079
f 3080 3081 3082
f 3083 3084 3085
f 3086 3087 3088
f 3089 3090 3091
f 3092 3093 3094
f 3095 3096 3097
f 3098 3099 3100
f 3101 3102 3103
f 3104 3105 3106
f 3107 3108 3109
f 3110 3111 3112
f 3113 3114 3115
f 3116 3117 3118
f 3119 3120 3121
f 3122 3123 3124
f 3125 3126 3127
f 3128 3129 3130
f 3131 3132 3133
f 3134 3135 3136
f 3137 3138 3139
f 3140 3141 3142
f 3143 3144 3145
f 3146 3147 3148
f 3149 3150 3151
f 3152 3153 3154
f 3155 3156 3157
f 3158 3159 3160
f 3161 3162 3163
f 3164 3165 3166
f 3167 3168 3169
f 3170 3171 3172
f 3173 3174 3175
f 3176 3177 3178
f 3179 3180 3181
f 3182 3183 3184
f 3185 3186 3187
f 3188 3189 3190
f 3191 3192 3193
f 3194 3195 3196
f 3197 3198 3199
f 3200 3201 3202
f 3203 3204 3205
f 3206 3207 3208
f 3209 3210 3211
f 3212 3213 3214
f 3215 3216 3217
f 3218 3219 3220
f 3221 3222 3223
f 3224 3225 3226
f 3227 3228 3229
f 3230 3231 3232
f 3233 3234 3235
f 3236 3237 3238
f 3239 3240 3241
f 3242 3243 3244
f 3245 3246 3247
f 3248 3249 3250
f 3251 3252 3253
f 3254 3255 3256
f 3257 3258 3259
f 3260 3261 3262
f 3263 3264 3265
f 3266 3267 3268
f 3269 3270 3271
f 3272 3273 3274
f 3275 3276 3277
f 3278 3279 3280
f 3281 3282 3283
f 3284 3285 3286
f 3287 3288 3289
f 3290 3291 3292
f 3293 3294 3295
f 3296 3297 3298
f 3299 3300 3301
f 3302 3303 3304
f 3305 3306 3307
f 3308 3309 3310
f 3311 3312 3313
f 3314 3315 3316
f 3317 3318 3319
f 3320 3321 3322
f 3323 3324 3325
f 3326 3327 3328
f 3329 3330 3331
f 3332 3333 3334
f 3335 3336 3337
f 3338 3339 3340
f 3341 3342 3343
f 3344 3345 3346
f 3347 3348 3349
f 3350 3351 3352
f 3353 3354 3355
f 3356 3357 3358
f 3359 3360 3361
f 3362 3363 3364
f 3365 3366 3367
f 3368 3369 3370
f 3371 3372 3373
f 3374 3375 3376
f 3377 3378 3379
f 3380 3381 3382
f 3383 3384 3385
f 3386 3387 3388
f 3389 3390 3391
f 3392 3393 3394
f 3395 3396 3397
f 3398 3399 3400
f 3401 3402 3403
f 3404 3405 3406
f 3407 3408 3409
f 3410 3411 3412
f 3413 3414 3415
f 3416 3417 3418
f 3419 3420 3421
f 3422 3423 3424
f 3425 3426 3427
f 3428 3429 3430
f 3431 3432 3433
f 3434 3435 3436
f 3437 3438 3439
f 3440 3441 3442
f 3443 3444 3445
f 3446 3447 3448
f 3449 3450 3451
f 3452 3453 3454
f 3455 3456 3457
f 3458 3459 3460
f 3461 3462 3463
f 3464 3465 3466
f 3467 3468 3469
f 3470 3471 3472
f 3473 3474 3475
f 3476 3477 3478
f 3479 3480 3481
f 3482 3483 3484
f 3485 3486 3487
f 3488 3489 3490
f 3491 3492 3493
f 3494 3495 3496
f 3497 3498 3499
f 3500 3501 3502
f 3503 3504 3505
f 3506 3507 3508
f 3509 3510 3511
f 3512 3513 3514
f 3515 3516 3517
f 3518 3519 3520
f 3521 3522 3523
f 3524 3525 3526
f 3527 3528 3529
f 3530 3531 3532
f 3533 3534 3535
f 3536 3537 3538
f 3539 3540 3541
f 3542 3543 3544
f 3545 3546 3547
f 3548 3549 3550
f 3551 3552 3553
f 3554 3555 3556
f 3557 3558 3559
f 3560 3561 3562
f 3563 3564 3565
f 3566 3567 3568
f 3569 3570 3571
f 3572 3573 3574
f 3575 3576 3577
f 3578 3579 3580
f 3581 3582 3583
f 3584 3585 3586
f 3587 3588 3589
f 3590 3591 3592
f 3593 3594 3595
f 3596 3597 3598
f 3599 3600 3601
f 3602 3603 3604
f 3605 3606 3607
f 3608 3609 3610
f 3611 3612 3613
f 3614 3615 3616
f 3617 3618 3619
f 3620 3621 3622
f 3623 3624 3625
f 3626 3627 3628
f 3629 3630 3631
f 3632 3633 3634
f 3635 3636 3637
f 3638 3639 3640
f 3641 3642 3643
f 3644 3645 3646
f 3647 3648 3649
f 3650 3651 3652
f 3653 3654 3655
f 3656 3657 3658
f 3659 3660 3661
f 3662 3663 3664
f 3665 3666 3667
f 3668 3669 3670
f 3671 3672 3673
f 3674 3675 3676
f 3677 3678 3679
f 3680 3681 3682
f 3683 3684 3685
f 3686 3687 3688
f 3689 3690 3691
f 3692 3693 3694
f 3695 3696 3697
f 3698 3699 3700
f 3701 3702 3703
f 3704 3705 3706
f 3707 3708 3709
f 3710 3711 3712
f 3713 3714 3715
f 3716 3717 3718
f 3719 3720 3721
f 3722 3723 3724
f 3725 3726 3727
f 3728 3729 3730
f 3731 3732 3733
f 3734 3735 3736
f 3737 3738 3739
f 3740 3741 3742
f 3743 3744 3745
f 3746 3747 3748
f 3749 3750 3751
f 3752 3753 3754
f 3755 3756 3757
f 3758 3759 3760
f 3761 3762 3763
f 3764 3765 3766
f 3767 3768 3769
f 3770 3771 3772
f 3773 3774 3775
f 3776 3777 3778
f 3779 3780 3781
f 3782 3783 3784
f 3785 3786 3787
f 3788 3789 3790
f 3791 3792 3793
f 3794 3795 3796
f 3797 3798 3799
f 3800 3801 3802
f 3803 3804 3805
f 3806 3807 3808
f 3809 3810 3811
f 3812 3813 3814
f 3815 3816 3817
f 3818 3819 3820
f 3821 3822 3823
f 3824 3825 3826
f 3827 3828 3829
f 3830 3831 3832
f 3833 3834 3835
f 3836 3837 3838
f 3839 3840 3841
f 3842 3843 3844
f 3845 3846 3847
f 3848 3849 3850
f 3851 3852 3853
f 3854 3855 3856
f 3857 3858 3859
f 3860 3861 3862
f 3863 3864 3865
f 3866 3867 3868
f 3869 3870 3871
f 3872 3873 3874
f 3875 3876 3877
f 3878 3879 3880
f 3881 3882 3883
f 3884 3885 3886
f 3887 3888 3889
f 3890 3891 3892
f 3893 3894 3895
f 3896 3897 3898
f 3899 3900 3901
f 3902 3903 3904
f 3905 3906 3907
f 3908 3909 3910
f 3911 3912 3913
f 3914 3915 3916
f 3917 3918 3919
f 3920 3921 3922
f 3923 3924 3925
f 3926 3927 3928
f 3929 3930 3931
f 3932 3933 3934
f 3935 3936 3937
f 3938 3939 3940
f 3941 3942 3943
f 3944 3945 3946
f 3947 3948 3949
f 3950 3951 3952
f 3953 3954 3955
f 3956 3957 3958
f 3959 3960 3961
f 3962 3963 3964
f 3965 3966 3967
f 3968 3969 3970
f 3971 3972 3973
f 3974 3975 3976
f 3977 3978 3979
f 3980 3981 3982
f 3983 3984 3985
f 3986 3987 3988
f 3989 3990 3991
f 3992 3993 3994
f 3995 3996 3997
f 3998 3999 4000
f 4001 4002 4003
f 4004 4005 4006
f 4007 4008 4009
f 4010 4011 4012
f 4013 4014 4015
f 4016 4017 4018
f 4019 4020 4021
f 4022 4023 4024
f 4025 4026 4027
f 4028 4029 4030
f 4031 4032 4033
f 4034 4035 4036
f 4037 4038 4039
f 4040 4041 4042
f 4043 4044 4045
f 4046 4047 4048
f 4049 4050 4051
f 4052 4053 4054
f 4055 4056 4057
f 4058 4059 4060
f 4061 4062 4063
f 4064 4065 4066
f 4067 4068 4069
f 4070 4071 4072
f 4073 4074 4075
f 4076 4077 4078
f 4079 4080 4081
f 4082 4083 4084
f 4085 4086 4087
f 4088 4089 4090
f 4091 4092 4093
f 4094 4095 4096
f 4097 4098 4099
f 4100 4101 4102
f 4103 4104 4105
f 4106 4107 4108
f 4109 4110 4111
f 4112 4113 4114
f 4115 4116 4117
f 4118 4119 4120
f 4121 4122 4123
f 4124 4125 4126
f 4127 4128 4129
f 4130 4131 4132
f 4133 4134 4135
f 4136 4137 4138
f 4139 4140 4141
f 4142 4143 4144
f 4145 4146 4147
f 4148 4149 4150
f 4151 4152 4153
f 4154 4155 4156
f 4157 4158 4159
f 4160 4161 4162
f 4163 4164 4165
f 4166 4167 4168
f 4169 4170 4171
f 4172 4173 4174
f 4175 4176 4177
f 4178 4179 4180
f 4181 4182 4183
f 4184 4185 4186
f 4187 4188 4189
f 4190 4191 4192
f 4193 4194 4195
f 4196 4197 4198
f 4199 4200 4201
f 4202 4203 4204
f 4205 4206 4207
f 4208 4209 4210
f 4211 4212 4213
f 4214 4215 4216
f 4217 4218 4219
f 4220 4221 4222
f 4223 4224 4225
f 4226 4227 4228
f 4229 4230 4231
f 4232 4233 4234
f 4235 4236 4237
f 4238 4239 4240
f 4241 4242 4243
f 4244 4245 4246
f 4247 4248 4249
f 4250 4251 4252
f 4253 4254 4255
f 4256 4257 4258
f 4259 4260 4261
f 4262 4263 4264
f 4265 4266 4267
f 4268 4269 4270
f 4271 4272 4273
f 4274 4275 4276
f 4277 4278 4279
f 4280 4281 4282
f 4283 4284 4285
f 4286 4287 4288
f 4289 4290 4291
f 4292 4293 4294
f 4295 4296 4297
f 4298 4299 4300
f 4301 4302 4303
f 4304 4305 4306
f 4307 4308 4309
f 4310 4311 4312
f 4313 4314 4315
f 4316 4317 4318
f 4319 4320 4321
f 4322 4323 4324
f 4325 4326 4327
f 4328 4329 4330
f 4331 4332 4333
f 4334 4335 4336
f 4337 4338 4339
f 4340 4341 4342
f 4343 4344 4345
f 4346 4347 4348
f 4349 4350 4351
f 4352 4353 4354
f 4355 4356 4357
f 4358 4359 4360
f 4361 4362 4363
f 4364 4365 4366
f 4367 4368 4369
f 4370 4371 4372
f 4373 4374 4375
f 4376 4377 4378
f 4379 4380 4381
f 4382 4383 4384
f 4385 4386 4387
f 4388 4389 4390
f 4391 4392 4393
f 4394 4395 4396
f 4397 4398 4399
f 4400 4401 4402
f 4403 4404 4405
f 4406 4407 4408
f 4409 4410 4411
f 4412 4413 4414
f 4415 4416 4417
f 4418 4419 4420
f 4421 4422 4423
f 4424 4425 4426
f 4427 4428 4429
f 4430 4431 4432
f 4433 4434 4435
f 4436 4437 4438
f 4439 4440 4441
f 4442 4443 4444
f 4445 4446 4447
f 4448 4449 4450
f 4451 4452 4453
f 4454 4455 4456
f 4457 4458 4459
f 4460 4461 4462
f 4463 4464 4465
f 4466 4467 4468
f 4469 4470 4471
f 4472 4473 4474
f 4475 4476 4477
f 4478 4479 4480
f 4481 4482 4483
f 4484 4485 4486
f 4487 4488 4489
f 4490 4491 4492
f 4493 4494 4495
f 4496 4497 4498
f 4499 4500 4501
f 4502 4503 4504
f 4505 4506 4507
f 4508 4509 4510
f 4511 4512 4513
f 4514 4515 4516
f 4517 4518 4519
f 4520 4521 4522
f 4523 4524 4525
f 4526 4527 4528
f 4529 4530 4531
f 4532 4533 4534
f 4535 4536 4537
f 4538 4539 4540
f 4541 4542 4543
f 4544 4545 4546
f 4547 4548 4549
f 4550 4551 4552
f 4553 4554 4555
f 4556 4557 4558
f 4559 4560 4561
f 4562 4563 4564
f 4565 4566 4567
f 4568 4569 4570
f 4571 4572 4573
f 4574 4575 4576
f 4577 4578 4579
f 4580 4581 4582
f 4583 4584 4585
f 4586 4587 4588
f 4589 4590 4591
f 4592 4593 4594
f 4595 4596 4597
f 4598 4599 4600
f 4601 4602 4603
f 4604 4605 4606
f 4607 4608 4609
f 4610 4611 4612
f 4613 4614 4615
f 4616 4617 4618
f 4619 4620 4621
f 4622 4623 4624
f 4625 4626 4627
f 4628 4629 4630
f 4631 4632 4633
f 4634 4635 4636
f 4637 4638 4639
f 4640 4641 4642
f 4643 4644 4645
f 4646 4647 4648
f 4649 4650 4651
f 4652 4653 4654
f 4655 4656 4657
f 4658 4659 4660
f 4661 4662 4663
f 4664 4665 4666
f 4667 4668 4669
f 4670 4671 4672
f 4673 4674 4675
f 4676 4677 4678
f 4679 4680 4681
f 4682 4683 4684
f 4685 4686 4687
f 4688 4689 4690
f 4691 4692 4693
f 4694 4695 4696
f 4697 4698 4699
f 4700 4701 4702
f 4703 4704 4705
f 4706 4707 4708
f 4709 4710 4711
f 4712 4713 4714
f 4715 4716 4717
f 4718 4719 4720
f 4721 4722 4723
f 4724 4725 4726
f 4727 4728 4729
f 4730 4731 4732
f 4733 4734 4735
f 4736 4737 4738
f 4739 4740 4741
f 4742 4743 4744
f 4745 4746 4747
f 4748 4749 4750
f 4751 4752 4753
f 4754 4755 4756
f 4757 4758 4759
f 4760 4761 4762
f 4763 4764 4765
f 4766 4767 4768
f 4769 4770 4771
f 4772 4773 4774
f 4775 4776 4777
f 4778 4779 4780
f 4781 4782 4783
f 4784 4785 4786
f 4787 4788 4789
f 4790 4791 4792
f 4793 4794 4795
f 4796 4797 4798
f 4799 4800 4801
f 4802 4803 4804
f 4805 4806 4807
f 4808 4809 4810
f 4811 4812 4813
f 4814 4815 4816
f 4817 4818 4819
f 4820 4821 4822
f 4823 4824 4825
f 4826 4827 4828
f 4829 4830 4831
f 4832 4833 4834
f 4835 4836 4837
f 4838 4839 4840
f 4841 4842 4843
f 4844 4845 4846
f 4847 4848 4849
f 4850 4851 4852
f 4853 4854 4855
f 4856 4857 4858
f 4859 4860 4861
f 4862 4863 4864
f 4865 4866 4867
f 4868 4869 4870
f 4871 4872 4873
f 4874 4875 4876
f 4877 4878 4879
f 4880 4881 4882
f 4883 4884 4885
f 4886 4887 4888
f 4889 4890 4891
f 4892 4893 4894
f 4895 4896 4897
f 4898 4899 4900
f 4901 4902 4903
f 4904 4905 4906
f 4907 4908 4909
f 4910 4911 4912
f 4913 4914 4915
f 4916 4917 4918
f 4919 4920 4921
f 4922 4923 4924
f 4925 4926 4927
f 4928 4929 4930
f 4931 4932 4933
f 4934 4935 4936
f 4937 4938 4939
f 4940 4941 4942
f 4943 4944 4945
f 4946 4947 4948
f 4949 4950 4951
f 4952 4953 4954
f 4955 4956 4957
f 4958 4959 4960
f 4961 4962 4963
f 4964 4965 4966
f 4967 4968 4969
f 4970 4971 4972
f 4973 4974 4975
f 4976 4977 4978
f 4979 4980 4981
f 4982 4983 4984
f 4985 4986 4987
f 4988 4989 4990
f 4991 4992 4993
f 4994 4995 4996
f 4997 4998 4999
f 5000 5001 5002
f 5003 5004 5005
f 5006 5007 5008
f 5009 5010 5011
f 5012 5013 5014
f 5015 5016 5017
f 5018 5019 5020
f 5021 5022 5023
f 5024 5025 5026
f 5027 5028 5029
f 5030 5031 5032
f 5033 5034 5035
f 5036 5037 5038
f 5039 5040 5041
f 5042 5043 5044
f 5045 5046 5047
f 5048 5049 5050
f 5051 5052 5053
f 5054 5055 5056
f 5057 5058 5059
f 5060 5061 5062
f 5063 5064 5065
f 5066 5067 5068
f 5069 5070 5071
f 5072 5073 5074
f 5075 5076 5077
f 5078 5079 5080
f 5081 5082 5083
f 5084 5085 5086
f 5087 5088 5089
f 5090 5091 5092
f 5093 5094 5095
f 5096 5097 5098
f 5099 5100 5101
f 5102 5103 5104
f 5105 5106 5107
f 5108 5109 5110
f 5111 5112 5113
f 5114 5115 5116
f 5117 5118 5119
f 5120 5121 5122
f 5123 5124 5125
f 5126 5127 5128
f 5129 5130 5131
f 5132 5133 5134
f 5135 5136 5137
f 5138 5139 5140
f 5141 5142 5143
f 5144 5145 5146
f 5147 5148 5149
f 5150 5151 5152
f 5153 5154 5155
f 5156 5157 5158
f 5159 5160 5161
f 5162 5163 5164
f 5165 5166 5167
f 5168 5169 5170
f 5171 5172 5173
f 5174 5175 5176
f 5177 5178 5179
f 5180 5181 5182
f 5183 5184 5185
f 5186 5187 5188
f 5189 5190 5191
f 5192 5193 5194
f 5195 5196 5197
f 5198 5199 5200
f 5201 5202 5203
f 5204 5205 5206
f 5207 5208 5209
f 5210 5211 5212
f 5213 5214 5215
f 5216 5217 5218
f 5219 5220 5221
f 5222 5223 5224
f 5225 5226 5227
f 5228 5229 5230
f 5231 5232 5233
f 5234 5235 5236
f 5237 5238 5239
f 5240 5241 5242
f 5243 5244 5245
f 5246 5247 5248
f 5249 5250 5251
f 5252 5253 5254
f 5255 5256 5257
f 5258 5259 5260
f 5261 5262 5263
f 5264 5265 5266
f 5267 5268 5269
f 5270 5271 5272
f 5273 5274 5275
f 5276 5277 5278
f 5279 5280 5281
f 5282 5283 5284
f 5285 5286 5287
f 5288 5289 5290
f 5291 5292 5293
f 5294 5295 5296
f 5297 5298 5299
f 5300 5301 5302
f 5303 5304 5305
f 5306 5307 5308
f 5309 5310 5311
f 5312 5313 5314
f 5315 5316 5317
f 5318 5319 5320
f 5321 5322 5323
f 5324 5325 5326
f 5327 5328 5329
f 5330 5331 5332
f 5333 5334 5335
f 5336 5337 5338
f 5339 5340 5341
f 5342 5343 5344
f 5345 5346 5347
f 5348 5349 5350
f 5351 5352 5353
f 5354 5355 5356
f 5357 5358 5359
f 5360 5361 5362
f 5363 5364 5365
f 5366 5367 5368
f 5369 5370 5371
f 5372 5373 5374
f 5375 5376 5377
f 5378 5379 5380
f 5381 5382 5383
f 5384 5385 5386
f 5387 5388 5389
f 5390 5391 5392
f 5393 5394 5395
f 5396 5397 5398
f 5399 5400 5401
f 5402 5403 5404
f 5405 5406 5407
f 5408 5409 5410
f 5411 5412 5413
f 5414 5415 5416
f 5417 5418 5419
f 5420 5421 5422
f 5423 5424 5425
f 5426 5427 5428
f 5429 5430 5431
f 5432 5433 5434
f 5435 5436 5437
f 5438 5439 5440
f 5441 5442 5443
f 5444 5445 5446
f 5447 5448 5449
f 5450 5451 5452
f 5453 5454 5455
f 5456 5457 5458
f 5459 5460 5461
f 5462 5463 5464
f 5465 5466 5467
f 5468 5469 5470
f 5471 5472 5473
f 5474 5475 5476
f 5477 5478 5479
f 5480 5481 5482
f 5483 5484 5485
f 5486 5487 5488
f 5489 5490 5491
f 5492 5493 5494
f 5495 5496 5497
f 5498 5499 5500
f 5501 5502 5503
f 5504 5505 5506
f 5507 5508 5509
f 5510 5511 5512
f 5513 5514 5515
f 5516 5517 5518
f 5519 5520 5521
f 5522 5523 5524
f 5525 5526 5527
f 5528 5529 5530
f 5531 5532 5533
f 5534 5535 5536
f 5537 5538 5539
f 5540 5541 5542
f 5543 5544 5545
f 5546 5547 5548
f 5549 5550 5551
f 5552 5553 5554
f 5555 5556 5557
f 5558 5559 5560
f 5561 5562 5563
f 5564 5565 5566
f 5567 5568 5569
f 5570 5571 5572
f 5573 5574 5575
f 5576 5577 5578
f 5579 5580 5581
f 5582 5583 5584
f 5585 5586 5587
f 5588 5589 5590
f 5591 5592 5593
f 5594 5595 5596
f 5597 5598 5599
f 5600 5601 5602
f 5603 5604 5605
f 5606 5607 5608
f 5609 5610 5611
f 5612 5613 5614
f 5615 5616 5617
f 5618 5619 5620
f 5621 5622 5623
f 5624 5625 5626
f 5627 5628 5629
f 5630 5631 5632
f 5633 5634 5635
f 5636 5637 5638
f 5639 5640 5641
f 5642 5643 5644
f 5645 5646 5647
f 5648 5649 5650
f 5651 5652 5653
f 5654 5655 5656
f 5657 5658 5659
f 5660 5661 5662
f 5663 5664 5665
f 5666 5667 5668
f 5669 5670 5671
f 5672 5673 5674
f 5675 5676 5677
f 5678 5679 5680
f 5681 5682 5683
f 5684 5685 5686
f 5687 5688 5689
f 5690 5691 5692
f 5693 5694 5695
f 5696 5697 5698
f 5699 5700 5701
f 5702 5703 5704
f 5705 5706 5707
f 5708 5709 5710
f 5711 5712 5713
f 5714 5715 5716
f 5717 5718 5719
f 5720 5721 5722
f 5723 5724 5725
f 5726 5727 5728
f 5729 5730 5731
f 5732 5733 5734
f 5735 5736 5737
f 5738 5739 5740
f 5741 5742 5743
f 5744 5745 5746
f 5747 5748 5749
f 5750 5751 5752
f 5753 5754 5755
f 5756 5757 5758
f 5759 5760 5761
f 5762 5763 5764
f 5765 5766 5767
f 5768 5769 5770
f 5771 5772 5773
f 5774 5775 5776
f 5777 5778 5779
f 5780 5781 5782
f 5783 5784 5785
f 5786 5787 5788
f 5789 5790 5791
f 5792 5793 5794
f 5795 5796 5797
f 5798 5799 5800
f 5801 5802 5803
f 5804 5805 5806
f 5807 5808 5809
f 5810 5811 5812
f 5813 5814 5815
f 5816 5817 5818
f 5819 5820 5821
f 5822 5823 5824
f 5825 5826 5827
f 5828 5829 5830
f 5831 5832 5833
f 5834 5835 5836
f 5837 5838 5839
f 5840 5841 5842
f 5843 5844 5845
f 5846 5847 5848
f 5849 5850 5851
f 5852 5853 5854
f 5855 5856 5857
f 5858 5859 5860
f 5861 5862 5863
f 5864 5865 5866
f 5867 5868 5869
f 5870 5871 5872
f 5873 5874 5875
f 5876 5877 5878
f 5879 5880 5881
f 5882 5883 5884
f 5885 5886 5887
f 5888 5889 5890
f 5891 5892 5893
f 5894 5895 5896
f 5897 5898 5899
f 5900 5901 5902
f 5903 5904 5905
f 5906 5907 5908
f 5909 5910 5911
f 5912 5913 5914
f 5915 5916 5917
f 5918 5919 5920
f 5921 5922 5923
f 5924 5925 5926
f 5927 5928 5929
f 5930 5931 5932
f 5933 5934 5935
f 5936 5937 5938
f 5939 5940 5941
f 5942 5943 5944
f 5945 5946 5947
f 5948 5949 5950
f 5951 5952 5953
f 5954 5955 5956
f 5957 5958 5959
f 5960 5961 5962
f 5963 5964 5965
f 5966 5967 5968
f 5969 5970 5971
f 5972 5973 5974
f 5975 5976 5977
f 5978 5979 5980
f 5981 5982 5983
f 5984 5985 5986
f 5987 5988 5989
f 5990 5991 5992
f 5993 5994 5995
f 5996 5997 5998
f 5999 6000 6001
f 6002 6003 6004
f 6005 6006 6007
f 6008 6009 6010
f 6011 6012 6013
f 6014 6015 6016
f 6017 6018 6019
f 6020 6021 6022
f 6023 6024 6025
f 6026 6027 6028
f 6029 6030 6031
f 6032 6033 6034
f 6035 6036 6037
f 6038 6039 6040
f 6041 6042 6043
f 6044 6045 6046
f 6047 6048 6049
f 6050 6051 6052
f 6053 6054 6055
f 6056 6057 6058
f 6059 6060 6061
f 6062 6063 6064
f 6065 6066 6067
f 6068 6069 6070
f 6071 6072 6073
f 6074 6075 6076
f 6077 6078 6079
f 6080 6081 6082
f 6083 6084 6085
f 6086 6087 6088
f 6089 6090 6091
f 6092 6093 6094
f 6095 6096 6097
f 6098 6099 6100
f 6101 6102 6103
f 6104 6105 6106
f 6107 6108 6109
f 6110 6111 6112
f 6113 6114 6115
f 6116 6117 6118
f 6119 6120 6121
f 6122 6123 6124
f 6125 6126 6127
f 6128 6129 6130
f 6131 6132 6133
f 6134 6135 6136
f 6137 6138 6139
f 6140 6141 6142
f 6143 6144 6145
f 6146 6147 6148
f 6149 6150 6151
f 6152 6153 6154
f 6155 6156 6157
f 6158 6159 6160
f 6161 6162 6163
f 6164 6165 6166
f 6167 6168 6169
f 6170 6171 6172
f 6173 6174 6175
f 6176 6177 6178
f 6179 6180 6181
f 6182 6183 6184
f 6185 6186 6187
f 6188 6189 6190
f 6191 6192 6193
f 6194 6195 6196
f 6197 6198 6199
f 6200 6201 6202
f 6203 6204 6205
f 6206 6207 6208
f 6209 6210 6211
f 6212 6213 6214
f 6215 6216 6217
f 6218 6219 6220
f 6221 6222 6223
f 6224 6225 6226
f 6227 6228 6229
f 6230 6231 6232
f 6233 6234 6235
f 6236 6237 6238
f 6239 6240 6241
f 6242 6243 6244
f 6245 6246 6247
f 6248 6249 6250
f 6251 6252 6253
f 6254 6255 6256
f 6257 6258 6259
f 6260 6261 6262
f 6263 6264 6265
f 6266 6267 6268
f 6269 6270 6271
f 6272 6273 6274
f 6275 6276 6277
f 6278 6279 6280
f 6281 6282 6283
f 6284 6285 6286
f 6287 6288 6289
f 6290 6291 6292
f 6293 6294 6295
f 6296 6297 6298
f 6299 6300 6301
f 6302 6303 6304
f 6305 6306 6307
f 6308 6309 6310
f 6311 6312 6313
f 6314 6315 6316
f 6317 6318 6319
f 6320 6321 6322
f 6323 6324 6325
f 6326 6327 6328
f 6329 6330 6331
f 6332 6333 6334
f 6335 6336 6337
f 6338 6339 6340
f 6341 6342 6343
f 6344 6345 6346
f 6347 6348 6349
f 6350 6351 6352
f 6353 6354 6355
f 6356 6357 6358
f 6359 6360 6361
f 6362 6363 6364
f 6365 6366 6367
f 6368 6369 6370
f 6371 6372 6373
f 6374 6375 6376
f 6377 6378 6379
f 6380 6381 6382
f 6383 6384 6385
f 6386 6387 6388
f 6389 6390 6391
f 6392 6393 6394
f 6395 6396 6397
f 6398 6399 6400
f 6401 6402 6403
f 6404 6405 6406
f 6407 6408 6409
f 6410 6411 6412
f 6413 6414 6415
f 6416 6417 6418
f 6419 6420 6421
f 6422 6423 6424
f 6425 6426 6427
f 6428 6429 6430
f 6431 6432 6433
f 6434 6435 6436
f 6437 6438 6439
f 6440 6441 6442
f 6443 6444 6445
f 6446 6447 6448
f 6449 6450 6451
f 6452 6453 6454
f 6455 6456 6457
f 6458 6459 6460
f 6461 6462 6463
f 6464 6465 6466
f 6467 6468 6469
f 6470 6471 6472
f 6473 6474 6475
f 6476 6477 6478
f 6479 6480 6481
f 6482 6483 6484
f 6485 6486 6487
f 6488 6489 6490
f 6491 6492 6493
f 6494 6495 6496
f 6497 6498 6499
f 6500 6501 6502
f 6503 6504 6505
f 6506 6507 6508
f 6509 6510 6511
f 6512 6513 6514
f 6515 6516 6517
f 6518 6519 6520
f 6521 6522 6523
f 6524 6525 6526
f 6527 6528 6529
f 6530 6531 6532
f 6533 6534 6535
f 6536 6537 6538
f 6539 6540 6541
f 6542 6543 6544
f 6545 6546 6547
f 6548 6549 6550
f 6551 6552 6553
f 6554 6555 6556
f 6557 6558 6559
f 6560 6561 6562
f 6563 6564 6565
f 6566 6567 6568
f 6569 6570 6571
f 6572 6573 6574
f 6575 6576 6577
f 6578 6579 6580
f 6581 6582 6583
f 6584 6585 6586
f 6587 6588 6589
f 6590 6591 6592
f 6593 6594 6595
f 6596 6597 6598
f 6599 6600 6601
f 6602 6603 6604
f 6605 6606 6607
f 6608 6609 6610
f 6611 6612 6613
f 6614 6615 6616
f 6617 6618 6619
f 6620 6621 6622
f 6623 6624 6625
f 6626 6627 6628
f 6629 6630 6631
f 6632 6633 6634
f 6635 6636 6637
f 6638 6639 6640
f 6641 6642 6643
f 6644 6645 6646
f 6647 6648 6649
f 6650 6651 6652
f 6653 6654 6655
f 6656 6657 6658
f 6659 6660 6661
f 6662 6663 6664
f 6665 6666 6667
f 6668 6669 6670
f 6671 6672 6673
f 6674 6675 6676
f 6677 6678 6679
f 6680 6681 6682
f 6683 6684 6685
f 6686 6687 6688
f 6689 6690 6691
f 6692 6693 6694
f 6695 6696 6697
f 6698 6699 6700
f 6701 6702 6703
f 6704 6705 6706
f 6707 6708 6709
f 6710 6711 6712
f 6713 6714 6715
f 6716 6717 6718
f 6719 6720 6721
f 6722 6723 6724
f 6725 6726 6727
f 6728 6729 6730
f 6731 6732 6733
f 6734 6735 6736
f 6737 6738 6739
f 6740 6741 6742
f 6743 6744 6745
f 6746 6747 6748
f 6749 6750 6751
f 6752 6753 6754
f 6755 6756 6757
f 6758 6759 6760
f 6761 6762 6763
f 6764 6765 6766
f 6767 6768 6769
f 6770 6771 6772
f 6773 6774 6775
f 6776 6777 6778
f 6779 6780 6781
f 6782 6783 6784
f 6785 6786 6787
f 6788 6789 6790
f 6791 6792 6793
f 6794 6795 6796
f 6797 6798 6799
f 6800 6801 6802
f 6803 6804 6805
f 6806 6807 6808
f 6809 6810 6811
f 6812 6813 6814
f 6815 6816 6817
f 6818 6819 6820
f 6821 6822 6823
f 6824 6825 6826
f 6827 6828 6829
f 6830 6831 6832
f 6833 6834 6835
f 6836 6837 6838
f 6839 6840 6841
f 6842 6843 6844
f 6845 6846 6847
f 6848 6849 6850
f 6851 6852 6853
f 6854 6855 6856
f 6857 6858 6859
f 6860 6861 6862
f 6863 6864 6865
f 6866 6867 6868
f 6869 6870 6871
f 6872 6873 6874
f 6875 6876 6877
f 6878 6879 6880
f 6881 6882 6883
f 6884 6885 6886
f 6887 6888 6889
f 6890 6891 6892
f 6893 6894 6895
f 6896 6897 6898
f 6899 6900 6901
f 6902 6903 6904
f 6905 6906 6907
f 6908 6909 6910
f 6911 6912 6913
f 6914 6915 6916
f 6917 6918 6919
f 6920 6921 6922
f 6923 6924 6925
f 6926 6927 6928
f 6929 6930 6931
f 6932 6933 6934
f 6935 6936 6937
f 6938 6939 6940
f 6941 6942 6943
f 6944 6945 6946
f 6947 6948 6949
f 6950 6951 6952
f 6953 6954 6955
f 6956 6957 6958
f 6959 6960 6961
f 6962 6963 6964
f 6965 6966 6967
f 6968 6969 6970
f 6971 6972 6973
f 6974 6975 6976
f 6977 6978 6979
f 6980 6981 6982
f 6983 6984 6985
f 6986 6987 6988
f 6989 6990 6991
f 6992 6993 6994
f 6995 6996 6997
f 6998 6999 7000
f 7001 7002 7003
f 7004 7005 7006
f 7007 7008 7009
f 7010 7011 7012
f 7013 7014 7015
f 7016 7017 7018
f 7019 7020 7021
f 7022 7023 7024
f 7025 7026 7027
f 7028 7029 7030
f 7031 7032 7033
f 7034 7035 7036
f 7037 7038 7039
f 7040 7041 7042
f 7043 7044 7045
f 7046 7047 7048
f 7049 7050 7051
f 7052 7053 7054
f 7055 7056 7057
f 7058 7059 7060
f 7061 7062 7063
f 7064 7065 7066
f 7067 7068 7069
f 7070 7071 7072
f 7073 7074 7075
f 7076 7077 7078
f 7079 7080 7081
f 7082 7083 7084
f 7085 7086 7087
f 7088 7089 7090
f 7091 7092 7093
f 7094 7095 7096
f 7097 7098 7099
f 7100 7101 7102
f 7103 7104 7105
f 7106 7107 7108
f 7109 7110 7111
f 7112 7113 7114
f 7115 7116 7117
f 7118 7119 7120
f 7121 7122 7123
f 7124 7125 7126
f 7127 7128 7129
f 7130 7131 7132
f 7133 7134 7135
f 7136 7137 7138
f 7139 7140 7141
f 7142 7143 7144
f 7145 7146 7147
f 7148 7149 7150
f 7151 7152 7153
f 7154 7155 7156
f 7157 7158 7159
f 7160 7161 7162
f 7163 7164 7165
f 7166 7167 7168
f 7169 7170 7171
f 7172 7173 7174
f 7175 7176 7177
f 7178 7179 7180
f 7181 7182 7183
f 7184 7185 7186
f 7187 7188 7189
f 7190 7191 7192
f 7193 7194 7195
f 7196 7197 7198
f 7199 7200 7201
f 7202 7203 7204
f 7205 7206 7207
f 7208 7209 7210
f 7211 7212 7213
f 7214 7215 7216
f 7217 7218 7219
f 7220 7221 7222
f 7223 7224 7225
f 7226 7227 7228
f 7229 7230 7231
f 7232 7233 7234
f 7235 7236 7237
f 7238 7239 7240
f 7241 7242 7243
f 7244 7245 7246
f 7247 7248 7249
f 7250 7251 7252
f 7253 7254 7255
f 7256 7257 7258
f 7259 7260 7261
f 7262 7263 7264
f 7265 7266 7267
f 7268 7269 7270
f 7271 7272 7273
f 7274 7275 7276
f 7277 7278 7279
f 7280 7281 7282
f 7283 7284 7285
f 7286 7287 7288
f 7289 7290 7291
f 7292 7293 7294
f 7295 7296 7297
f 7298 7299 7300
f 7301 7302 7303
f 7304 7305 7306
f 7307 7308 7309
f 7310 7311 7312
f 7313 7314 7315
f 7316 7317 7318
f 7319 7320 7321
f 7322 7323 7324
f 7325 7326 7327
f 7328 7329 7330
f 7331 7332 7333
f 7334 7335 7336
f 7337 7338 7339
f 7340 7341 7342
f 7343 7344 7345
f 7346 7347 7348
f 7349 7350 7351
f 7352 7353 7354
f 7355 7356 7357
f 7358 7359 7360
f 7361 7362 7363
f 7364 7365 7366
f 7367 7368 7369
f 7370 7371 7372
f 7373 7374 7375
f 7376 7377 7378
f 7379 7380 7381
f 7382 7383 7384
f 7385 7386 7387
f 7388 7389 7390
f 7391 7392 7393
f 7394 7395 7396
f 7397 7398 7399
f 7400 7401 7402
f 7403 7404 7405
f 7406 7407 7408
f 7409 7410 7411
f 7412 7413 7414
f 7415 7416 7417
f 7418 7419 7420
f 7421 7422 7423
f 7424 7425 7426
f 7427 7428 7429
f 7430 7431 7432
f 7433 7434 7435
f 7436 7437 7438
f 7439 7440 7441
f 7442 7443 7444
f 7445 7446 7447
f 7448 7449 7450
f 7451 7452 7453
f 7454 7455 7456
f 7457 7458 7459
f 7460 7461 7462
f 7463 7464 7465
f 7466 7467 7468
f 7469 7470 7471
f 7472 7473 7474
f 7475 7476 7477
f 7478 7479 7480
f 7481 7482 7483
f 7484 7485 7486
f 7487 7488 7489
f 7490 7491 7492
f 7493 7494 7495
f 7496 7497 7498
f 7499 7500 7501
f 7502 7503 7504
f 7505 7506 7507
f 7508 7509 7510
f 7511 7512 7513
f 7514 7515 7516
f 7517 7518 7519
f 7520 7521 7522
f 7523 7524 7525
f 7526 7527 7528
f 7529 7530 7531
f 7532 7533 7534
f 7535 7536 7537
f 7538 7539 7540
f 7541 7542 7543
f 7544 7545 7546
f 7547 7548 7549
f 7550 7551 7552
f 7553 7554 7555
f 7556 7557 7558
f 7559 7560 7561
f 7562 7563 7564
f 7565 7566 7567
f 7568 7569 7570
f 7571 7572 7573
f 7574 7575 7576
f 7577 7578 7579
f 7580 7581 7582
f 7583 7584 7585
f 7586 7587 7588
f 7589 7590 7591
f 7592 7593 7594
f 7595 7596 7597
f 7598 7599 7600
f 7601 7602 7603
f 7604 7605 7606
f 7607 7608 7609
f 7610 7611 7612
f 7613 7614 7615
f 7616 7617 7618
f 7619 7620 7621
f 7622 7623 7624
f 7625 7626 7627
f 7628 7629 7630
f 7631 7632 7633
f 7634 7635 7636
f 7637 7638 7639
f 7640 7641 7642
f 7643 7644 7645
f 7646 7647 7648
f 7649 7650 7651
f 7652 7653 7654
f 7655 7656 7657
f 7658 7659 7660
f 7661 7662 7663
f 7664 7665 7666
f 7667 7668 7669
f 7670 7671 7672
f 7673 7674 7675
f 7676 7677 7678
f 7679 7680 7681
f 7682 7683 7684
f 7685 7686 7687
f 7688 7689 7690
f 7691 7692 7693
f 7694 7695 7696
f 7697 7698 7699
f 7700 7701 7702
f 7703 7704 7705
f 7706 7707 7708
f 7709 7710 7711
f 7712 7713 7714
f 7715 7716 7717
f 7718 7719 7720
f 7721 7722 7723
f 7724 7725 7726
f 7727 7728 7729
f 7730 7731 7732
f 7733 7734 7735
f 7736 7737 7738
f 7739 7740 7741
f 7742 7743 7744
f 7745 7746 7747
f 7748 7749 7750
f 7751 7752 7753
f 7754 7755 7756
f 7757 7758 7759
f 7760 7761 7762
f 7763 7764 7765
f 7766 7767 7768
f 7769 7770 7771
f 7772 7773 7774
f 7775 7776 7777
f 7778 7779 7780
f 7781 7782 7783
f 7784 7785 7786
f 7787 7788 7789
f 7790 7791 7792
f 7793 7794 7795
f 7796 7797 7798
f 7799 7800 7801
f 7802 7803 7804
f 7805 7806 7807
f 7808 7809 7810
f 7811 7812 7813
f 7814 7815 7816
f 7817 7818 7819
f 7820 7821 7822
f 7823 7824 7825
f 7826 7827 7828
f 7829 7830 7831
f 7832 7833 7834
f 7835 7836 7837
f 7838 7839 7840
f 7841 7842 7843
f 7844 7845 7846
f 7847 7848 7849
f 7850 7851 7852
f 7853 7854 7855
f 7856 7857 7858
f 7859 7860 7861
f 7862 7863 7864
f 7865 7866 7867
f 7868 7869 7870
f 7871 7872 7873
f 7874 7875 7876
f 7877 7878 7879
f 7880 7881 7882
f 7883 7884 7885
f 7886 7887 7888
f 7889 7890 7891
f 7892 7893 7894
f 7895 7896 7897
f 7898 7899 7900
f 7901 7902 7903
f 7904 7905 7906
f 7907 7908 7909
f 7910 7911 7912
f 7913 7914 7915
f 7916 7917 7918
f 7919 7920 7921
f 7922 7923 7924
f 7925 7926 7927
f 7928 7929 7930
f 7931 7932 7933
f 7934 7935 7936
f 7937 7938 7939
f 7940 7941 7942
f 7943 7944 7945
f 7946 7947 7948
f 7949 7950 7951
f 7952 7953 7954
f 7955 7956 7957
f 7958 7959 7960
f 7961 7962 7963
f 7964 7965 7966
f 7967 7968 7969
f 7970 7971 7972
f 7973 7974 7975
f 7976 7977 7978
f 7979 7980 7981
f 7982 7983 7984
f 7985 7986 7987
f 7988 7989 7990
f 7991 7992 7993
f 7994 7995 7996
f 7997 7998 7999
f 8000 8001 8002
f 8003 8004 8005
f 8006 8007 8008
f 8009 8010 8011
f 8012 8013 8014
f 8015 8016 8017
f 8018 8019 8020
f 8021 8022 8023
f 8024 8025 8026
f 8027 8028 8029
f 8030 8031 8032
f 8033 8034 8035
f 8036 8037 8038
f 8039 8040 8041
f 8042 8043 8044
f 8045 8046 8047
f 8048 8049 8050
f 8051 8052 8053
f 8054 8055 8056
f 8057 8058 8059
f 8060 8061 8062
f 8063 8064 8065
f 8066 8067 8068
f 8069 8070 8071
f 8072 8073 8074
f 8075 8076 8077
f 8078 8079 8080
f 8081 8082 8083
f 8084 8085 8086
f 8087 8088 8089
f 8090 8091 8092
f 8093 8094 8095
f 8096 8097 8098
f 8099 8100 8101
f 8102 8103 8104
f 8105 8106 8107
f 8108 8109 8110
f 8111 8112 8113
f 8114 8115 8116
f 8117 8118 8119
f 8120 8121 8122
f 8123 8124 8125
f 8126 8127 8128
f 8129 8130 8131
f 8132 8133 8134
f 8135 8136 8137
f 8138 8139 8140
f 8141 8142 8143
f 8144 8145 8146
f 8147 8148 8149
f 8150 8151 8152
f 8153 8154 8155
f 8156 8157 8158
f 8159 8160 8161
f 8162 8163 8164
f 8165 8166 8167
f 8168 8169 8170
f 8171 8172 8173
f 8174 8175 8176
f 8177 8178 8179
f 8180 8181 8182
f 8183 8184 8185
f 8186 8187 8188
f 8189 8190 8191
f 8192 8193 8194
f 8195 8196 8197
f 8198 8199 8200
f 8201 8202 8203
f 8204 8205 8206
f 8207 8208 8209
f 8210 8211 8212
f 8213 8214 8215
f 8216 8217 8218
f 8219 8220 8221
f 8222 8223 8224
f 8225 8226 8227
f 8228 8229 8230
f 8231 8232 8233
f 8234 8235 8236
f 8237 8238 8239
f 8240 8241 8242
f 8243 8244 8245
f 8246 8247 8248
f 8249 8250 8251
f 8252 8253 8254
f 8255 8256 8257
f 8258 8259 8260
f 8261 8262 8263
f 8264 8265 8266
f 8267 8268 8269
f 8270 8271 8272
f 8273 8274 8275
f 8276 8277 8278
f 8279 8280 8281
f 8282 8283 8284
f 8285 8286 8287
f 8288 8289 8290
f 8291 8292 8293
f 8294 8295 8296
f 8297 8298 8299
f 8300 8301 8302
f 8303 8304 8305
f 8306 8307 8308
f 8309 8310 8311
f 8312 8313 8314
f 8315 8316 8317
f 8318 8319 8320
f 8321 8322 8323
f 8324 8325 8326
f 8327 8328 8329
f 8330 8331 8332
f 8333 8334 8335
f 8336 8337 8338
f 8339 8340 8341
f 8342 8343 8344
f 8345 8346 8347
f 8348 8349 8350
f 8351 8352 8353
f 8354 8355 8356
f 8357 8358 8359
f 8360 8361 8362
f 8363 8364 8365
f 8366 8367 8368
f 8369 8370 8371
f 8372 8373 8374
f 8375 8376 8377
f 8378 8379 8380
f 8381 8382 8383
f 8384 8385 8386
f 8387 8388 8389
f 8390 8391 8392
f 8393 8394 8395
f 8396 8397 8398
f 8399 8400 8401
f 8402 8403 8404
f 8405 8406 8407
f 8408 8409 8410
f 8411 8412 8413
f 8414 8415 8416
f 8417 8418 8419
f 8420 8421 8422
f 8423 8424 8425
f 8426 8427 8428
f 8429 8430 8431
f 8432 8433 8434
f 8435 8436 8437
f 8438 8439 8440
f 8441 8442 8443
f 8444 8445 8446
f 8447 8448 8449
f 8450 8451 8452
f 8453 8454 8455
f 8456 8457 8458
f 8459 8460 8461
f 8462 8463 8464
f 8465 8466 8467
f 8468 8469 8470
f 8471 8472 8473
f 8474 8475 8476
f 8477 8478 8479
f 8480 8481 8482
f 8483 8484 8485
f 8486 8487 8488
f 8489 8490 8491
f 8492 8493 8494
f 8495 8496 8497
f 8498 8499 8500
f 8501 8502 8503
f 8504 8505 8506
f 8507 8508 8509
f 8510 8511 8512
f 8513 8514 8515
f 8516 8517 8518
f 8519 8520 8521
f 8522 8523 8524
f 8525 8526 8527
f 8528 8529 8530
f 8531 8532 8533
f 8534 8535 8536
f 8537 8538 8539
f 8540 8541 8542
f 8543 8544 8545
f 8546 8547 8548
f 8549 8550 8551
f 8552 8553 8554
f 8555 8556 8557
f 8558 8559 8560
f 8561 8562 8563
f 8564 8565 8566
f 8567 8568 8569
f 8570 8571 8572
f 8573 8574 8575
f 8576 8577 8578
f 8579 8580 8581
f 8582 8583 8584
f 8585 8586 8587
f 8588 8589 8590
f 8591 8592 8593
f 8594 8595 8596
f 8597 8598 8599
f 8600 8601 8602
f 8603 8604 8605
f 8606 8607 8608
f 8609 8610 8611
f 8612 8613 8614
f 8615 8616 8617
f 8618 8619 8620
f 8621 8622 8623
f 8624 8625 8626
f 8627 8628 8629
f 8630 8631 8632
f 8633 8634 8635
f 8636 8637 8638
f 8639 8640 8641
f 8642 8643 8644
f 8645 8646 8647
f 8648 8649 8650
f 8651 8652 8653
f 8654 8655 8656
f 8657 8658 8659
f 8660 8661 8662
f 8663 8664 8665
f 8666 8667 8668
f 8669 8670 8671
f 8672 8673 8674
f 8675 8676 8677
f 8678 8679 8680
f 8681 8682 8683
f 8684 8685 8686
f 8687 8688 8689
f 8690 8691 8692
f 8693 8694 8695
f 8696 8697 8698
f 8699 8700 8701
f 8702 8703 8704
f 8705 8706 8707
f 8708 8709 8710
f 8711 8712 8713
f 8714 8715 8716
f 8717 8718 8719
f 8720 8721 8722
f 8723 8724 8725
f 8726 8727 8728
f 8729 8730 8731
f 8732 8733 8734
f 8735 8736 8737
f 8738 8739 8740
f 8741 8742 8743
f 8744 8745 8746
f 8747 8748 8749
f 8750 8751 8752
f 8753 8754 8755
f 8756 8757 8758
f 8759 8760 8761
f 8762 8763 8764
f 8765 8766 8767
f 8768 8769 8770
f 8771 8772 8773
f 8774 8775 8776
f 8777 8778 8779
f 8780 8781 8782
f 8783 8784 8785
f 8786 8787 8788
f 8789 8790 8791
f 8792 8793 8794
f 8795 8796 8797
f 8798 8799 8800
f 8801 8802 8803
f 8804 8805 8806
f 8807 8808 8809
f 8810 8811 8812
f 8813 8814 8815
f 8816 8817 8818
f 8819 8820 8821
f 8822 8823 8824
f 8825 8826 8827
f 8828 8829 8830
f 8831 8832 8833
f 8834 8835 8836
f 8837 8838 8839
f 8840 8841 8842
f 8843 8844 8845
f 8846 8847 8848
f 8849 8850 8851
f 8852 8853 8854
f 8855 8856 8857
f 8858 8859 8860
f 8861 8862 8863
f 8864 8865 8866
f 8867 8868 8869
f 8870 8871 8872
f 8873 8874 8875
f 8876 8877 8878
f 8879 8880 8881
f 8882 8883 8884
f 8885 8886 8887
f 8888 8889 8890
f 8891 8892 8893
f 8894 8895 8896
f 8897 8898 8899
f 8900 8901 8902
f 8903 8904 8905
f 8906 8907 8908
f 8909 8910 8911
f 8912 8913 8914
f 8915 8916 8917
f 8918 8919 8920
f 8921 8922 8923
f 8924 8925 8926
f 8927 8928 8929
f 8930 8931 8932
f 8933 8934 8935
f 8936 8937 8938
f 8939 8940 8941
f 8942 8943 8944
f 8945 8946 8947
f 8948 8949 8950
f 8951 8952 8953
f 8954 8955 8956
f 8957 8958 8959
f 8960 8961 8962
f 8963 8964 8965
f 8966 8967 8968
f 8969 8970 8971
f 8972 8973 8974
f 8975 8976 8977
f 8978 8979 8980
f 8981 8982 8983
f 8984 8985 8986
f 8987 8988 8989
f 8990 8991 8992
f 8993 8994 8995
f 8996 8997 8998
f 8999 9000 9001
f 9002 9003 9004
f 9005 9006 9007
f 9008 9009 9010
f 9011 9012 9013
f 9014 9015 9016
f 9017 9018 9019
f 9020 9021 9022
