mtllib waist_yaw_link_visuals.mtl
v 0.042368583381175995 0.0033422857522964478 0.015852071344852448
v 0.041283562779426575 0.010095586068928242 0.003852212568745017
v 0.0412837378680706 0.01009536162018776 0.01585221290588379
v 0.0412837378680706 0.01009536162018776 0.01585221290588379
v 0.041283562779426575 0.010095586068928242 0.003852212568745017
v 0.03912949562072754 0.016587190330028534 0.003852365305647254
v 0.03912966698408127 0.016586964949965477 0.015852365642786026
v 0.03912966698408127 0.016586964949965477 0.015852365642786026
v 0.03912949562072754 0.016587190330028534 0.003852365305647254
v 0.03596199303865433 0.022649191319942474 0.003852524794638157
v 0.035962168127298355 0.022648967802524567 0.01585252583026886
v 0.035962168127298355 0.022648967802524567 0.01585252583026886
v 0.03596199303865433 0.022649191319942474 0.003852524794638157
v 0.031863097101449966 0.02812459133565426 0.0038526870775967836
v 0.031863272190093994 0.028124365955591202 0.015852687880396843
v 0.031863272190093994 0.028124365955591202 0.015852687880396843
v 0.031863097101449966 0.02812459133565426 0.0038526870775967836
v 0.026938965544104576 0.03287157416343689 0.003852847497910261
v 0.026939140632748604 0.03287135064601898 0.015852848067879677
v 0.026939140632748604 0.03287135064601898 0.015852848067879677
v 0.026938965544104576 0.03287157416343689 0.003852847497910261
v 0.02131713181734085 0.036767199635505676 0.003853002330288291
v 0.02131730690598488 0.03676697611808777 0.015853002667427063
v 0.02131730690598488 0.03676697611808777 0.015853002667427063
v 0.02131713181734085 0.036767199635505676 0.003853002330288291
v 0.015143195167183876 0.03971057012677193 0.0038531473837792873
v 0.015143370255827904 0.03971034660935402 0.015853147953748703
v 0.015143370255827904 0.03971034660935402 0.015853147953748703
v 0.015143195167183876 0.03971057012677193 0.0038531473837792873
v 0.008577059954404831 0.041625458747148514 0.0038532789330929518
v 0.008577235043048859 0.041625235229730606 0.01585327833890915
v 0.008577235043048859 0.041625235229730606 0.01585327833890915
v 0.008577059954404831 0.041625458747148514 0.0038532789330929518
v 0.0017887853318825364 0.042462270706892014 0.0038533934857696295
v 0.0017889603041112423 0.04246204346418381 0.0158533938229084
v 0.0017889603041112423 0.04246204346418381 0.0158533938229084
v 0.0017887853318825364 0.042462270706892014 0.0038533934857696295
v -0.005045816767960787 0.042199328541755676 0.0038534882478415966
v -0.005045641679316759 0.04219910129904747 0.015853488817811012
v -0.005045641679316759 0.04219910129904747 0.015853488817811012
v -0.005045816767960787 0.042199328541755676 0.0038534882478415966
v -0.011749733239412308 0.04084343835711479 0.003853560658171773
v -0.01174955815076828 0.040843214839696884 0.015853561460971832
v -0.01174955815076828 0.040843214839696884 0.015853561460971832
v -0.011749733239412308 0.04084343835711479 0.003853560658171773
v -0.01814933679997921 0.03842972591519356 0.0038536088541150093
v -0.018149161711335182 0.03842950239777565 0.015853609889745712
v -0.018149161711335182 0.03842950239777565 0.015853609889745712
v -0.01814933679997921 0.03842972591519356 0.0038536088541150093
v -0.02407888136804104 0.03502070531249046 0.0038536316715180874
v -0.02407870627939701 0.035020481795072556 0.015853632241487503
v -0.02407870627939701 0.035020481795072556 0.015853632241487503
v -0.02407888136804104 0.03502070531249046 0.0038536316715180874
v -0.0293847918510437 0.030704662203788757 0.0038536281790584326
v -0.029384616762399673 0.0307044368237257 0.015853628516197205
v -0.029384616762399673 0.0307044368237257 0.015853628516197205
v -0.0293847918510437 0.030704662203788757 0.0038536281790584326
v -0.03392965346574783 0.025593383237719536 0.003853599075227976
v -0.033929478377103806 0.02559315785765648 0.015853598713874817
v -0.033929478377103806 0.02559315785765648 0.015853598713874817
v -0.03392965346574783 0.025593383237719536 0.003853599075227976
v -0.03759574890136719 0.019819246605038643 0.003853544360026717
v -0.03759557381272316 0.019819021224975586 0.01585354469716549
v -0.03759557381272316 0.019819021224975586 0.01585354469716549
v -0.03759574890136719 0.019819246605038643 0.003853544360026717
v -0.040288135409355164 0.013531800359487534 0.0038534661289304495
v -0.040287960320711136 0.013531575910747051 0.01585346646606922
v -0.040287960320711136 0.013531575910747051 0.01585346646606922
v -0.040288135409355164 0.013531800359487534 0.0038534661289304495
v -0.04193707928061485 0.006893885787576437 0.0038533660117536783
v -0.041936904191970825 0.006893661338835955 0.015853365883231163
v -0.041936904191970825 0.006893661338835955 0.015853365883231163
v -0.04193707928061485 0.006893885787576437 0.0038533660117536783
v -0.04249987378716469 7.742027810309082e-05 0.0038532468024641275
v -0.04249969869852066 7.719590212218463e-05 0.015853246673941612
v -0.04249969869852066 7.719590212218463e-05 0.015853246673941612
v -0.04249987378716469 7.742027810309082e-05 0.0038532468024641275
v -0.04196194186806679 -0.006741051096469164 0.0038531115278601646
v -0.04196176677942276 -0.006741275545209646 0.015853112563490868
v -0.04196176677942276 -0.006741275545209646 0.015853112563490868
v -0.04196194186806679 -0.006741051096469164 0.0038531115278601646
v -0.0403372123837471 -0.013384935446083546 0.0038529636804014444
v -0.04033703729510307 -0.013385159894824028 0.01585296355187893
v -0.04033703729510307 -0.013385159894824028 0.01585296355187893
v -0.0403372123837471 -0.013384935446083546 0.0038529636804014444
v -0.03766777738928795 -0.019682157784700394 0.0038528069853782654
v -0.03766760230064392 -0.01968238316476345 0.015852807089686394
v -0.03766760230064392 -0.01968238316476345 0.015852807089686394
v -0.03766777738928795 -0.019682157784700394 0.0038528069853782654
v -0.03402275964617729 -0.025469625368714333 0.0038526456337422132
v -0.034022584557533264 -0.02546984888613224 0.01585264503955841
v -0.034022584557533264 -0.02546984888613224 0.01585264503955841
v -0.03402275964617729 -0.025469625368714333 0.0038526456337422132
v -0.0294965673238039 -0.030597444623708725 0.00385248358361423
v -0.029496392235159874 -0.030597668141126633 0.015852482989430428
v -0.029496392235159874 -0.030597668141126633 0.015852482989430428
v -0.0294965673238039 -0.030597444623708725 0.00385248358361423
v -0.024206431582570076 -0.034932807087898254 0.003852325491607189
v -0.02420625649392605 -0.03493303060531616 0.015852326527237892
v -0.02420625649392605 -0.03493303060531616 0.015852326527237892
v -0.024206431582570076 -0.034932807087898254 0.003852325491607189
v -0.01828935742378235 -0.03836343064904213 0.0038521750830113888
v -0.01828918233513832 -0.038363657891750336 0.015852175652980804
v -0.01828918233513832 -0.038363657891750336 0.015852175652980804
v -0.01828935742378235 -0.03836343064904213 0.0038521750830113888
v -0.011898599565029144 -0.040800463408231735 0.003852036315947771
v -0.011898424476385117 -0.04080068692564964 0.015852035954594612
v -0.011898424476385117 -0.04080068692564964 0.015852035954594612
v -0.011898599565029144 -0.040800463408231735 0.003852036315947771
v -0.005199671722948551 -0.04218078777194023 0.0038519129157066345
v -0.005199497099965811 -0.04218101128935814 0.015851913020014763
v -0.005199497099965811 -0.04218101128935814 0.015851913020014763
v -0.005199671722948551 -0.04218078777194023 0.0038519129157066345
v 0.0016339262947440147 -0.04246865585446358 0.0038518079090863466
v 0.0016341011505573988 -0.042468879371881485 0.015851808711886406
v 0.0016341011505573988 -0.042468879371881485 0.015851808711886406
v 0.0016339262947440147 -0.04246865585446358 0.0038518079090863466
v 0.008425207808613777 -0.041656605899333954 0.0038517238572239876
v 0.00842538196593523 -0.04165682941675186 0.01585172489285469
v 0.00842538196593523 -0.04165682941675186 0.01585172489285469
v 0.008425207808613777 -0.041656605899333954 0.0038517238572239876
v 0.014998281374573708 -0.039765674620866776 0.0038516635540872812
v 0.014998456463217735 -0.03976589813828468 0.015851663425564766
v 0.014998456463217735 -0.03976589813828468 0.015851663425564766
v 0.014998281374573708 -0.039765674620866776 0.0038516635540872812
v 0.021182909607887268 -0.03684483468532562 0.003851627930998802
v 0.021183084696531296 -0.03684505820274353 0.01585162803530693
v 0.021183084696531296 -0.03684505820274353 0.01585162803530693
v 0.021182909607887268 -0.03684483468532562 0.003851627930998802
v 0.026818914338946342 -0.03296973928809166 0.0038516181521117687
v 0.02681908942759037 -0.03296996280550957 0.015851618722081184
v 0.02681908942759037 -0.03296996280550957 0.015851618722081184
v 0.026818914338946342 -0.03296973928809166 0.0038516181521117687
v 0.031760323792696 -0.028240742161870003 0.003851634683087468
v 0.03176049888134003 -0.02824096567928791 0.015851635485887527
v 0.03176049888134003 -0.02824096567928791 0.015851635485887527
v 0.031760323792696 -0.028240742161870003 0.003851634683087468
v 0.03587915748357773 -0.02278032898902893 0.003851676592603326
v 0.035879332572221756 -0.02278055250644684 0.01585167646408081
v 0.035879332572221756 -0.02278055250644684 0.01585167646408081
v 0.03587915748357773 -0.02278032898902893 0.003851676592603326
v 0.03906874358654022 -0.016729917377233505 0.003851743182167411
v 0.03906891867518425 -0.016730140894651413 0.015851743519306183
v 0.03906891867518425 -0.016730140894651413 0.015851743519306183
v 0.03906874358654022 -0.016729917377233505 0.003851743182167411
v 0.04124647006392479 -0.010246211662888527 0.0038518328219652176
v 0.04124664515256882 -0.01024643611162901 0.015851832926273346
v 0.04124664515256882 -0.01024643611162901 0.015851832926273346
v 0.04124647006392479 -0.010246211662888527 0.0038518328219652176
v 0.04235593602061272 -0.0034971367567777634 0.003851942718029022
v 0.042356111109256744 -0.0034973612055182457 0.01585194282233715
v 0.042356111109256744 -0.0034973612055182457 0.01585194282233715
v 0.04235593602061272 -0.0034971367567777634 0.003851942718029022
v 0.04236840829253197 0.00334251020103693 0.003852070542052388
v 0.042368583381175995 0.0033422857522964478 0.015852071344852448
v 0.04236840829253197 0.00334251020103693 0.003852070542052388
v 0.005853128619492054 -0.023790916427969933 0.015852095559239388
v 0.014998456463217735 -0.03976589813828468 0.015851663425564766
v 0.010830570943653584 -0.02197650447487831 0.015852056443691254
v 0.021183084696531296 -0.03684505820274353 0.01585162803530693
v 0.01530159916728735 -0.019134510308504105 0.01585204526782036
v 0.02681908942759037 -0.03296996280550957 0.015851618722081184
v 0.019057152792811394 -0.015397821553051472 0.015852060168981552
v -0.009737786836922169 -0.02248186618089676 0.015852347016334534
v -0.011898424476385117 -0.04080068692564964 0.015852035954594612
v -0.004677244927734137 -0.02404964528977871 0.015852244570851326
v -0.005199497099965811 -0.04218101128935814 0.015851913020014763
v 0.0006020110449753702 -0.024492904543876648 0.01585215888917446
v 0.0016341011505573988 -0.042468879371881485 0.015851808711886406
v 0.00842538196593523 -0.04165682941675186 0.01585172489285469
v -0.021357405930757523 -0.012004520744085312 0.015852712094783783
v -0.034022584557533264 -0.02546984888613224 0.01585264503955841
v -0.018277522176504135 -0.016315128654241562 0.015852587297558784
v -0.029496392235159874 -0.030597668141126633 0.015852482989430428
v -0.014342990703880787 -0.01986287347972393 0.015852464362978935
v -0.02420625649392605 -0.03493303060531616 0.015852326527237892
v -0.01828918233513832 -0.038363657891750336 0.015852175652980804
v -0.024267083033919334 0.003368314355611801 0.015853043645620346
v -0.04249969869852066 7.719590212218463e-05 0.015853246673941612
v -0.024423876777291298 -0.0019271967466920614 0.015852946788072586
v -0.04196176677942276 -0.006741275545209646 0.015853112563490868
v -0.023438628762960434 -0.0071326084434986115 0.015852835029363632
v -0.04033703729510307 -0.013385159894824028 0.01585296355187893
v -0.03766760230064392 -0.01968238316476345 0.015852807089686394
v -0.020609742030501366 0.013246552087366581 0.015853174030780792
v -0.03759557381272316 0.019819021224975586 0.01585354469716549
v -0.02297557331621647 0.00850631296634674 0.015853120014071465
v -0.040287960320711136 0.013531575910747051 0.01585346646606922
v -0.041936904191970825 0.006893661338835955 0.015853365883231163
v -0.008390574716031551 0.02301805280148983 0.01585317775607109
v -0.018149161711335182 0.03842950239777565 0.015853609889745712
v -0.013142666779458523 0.02067612111568451 0.01585320383310318
v -0.02407870627939701 0.035020481795072556 0.015853632241487503
v -0.01728021167218685 0.01736738346517086 0.01585320197045803
v -0.029384616762399673 0.0307044368237257 0.015853628516197205
v -0.033929478377103806 0.02559315785765648 0.015853598713874817
v 0.0072504798881709576 0.023402350023388863 0.01585295796394348
v 0.008577235043048859 0.041625235229730606 0.01585327833890915
v 0.002050095936283469 0.02441379800438881 0.015853052958846092
v 0.0017889603041112423 0.04246204346418381 0.0158533938229084
v -0.003246137872338295 0.024283671751618385 0.01585312746465206
v -0.005045641679316759 0.04219910129904747 0.015853488817811012
v -0.01174955815076828 0.040843214839696884 0.015853561460971832
v 0.01993478089570999 0.014242725446820259 0.01585260219871998
v 0.031863272190093994 0.028124365955591202 0.015852687880396843
v 0.016406895592808723 0.018195070326328278 0.015852726995944977
v 0.026939140632748604 0.03287135064601898 0.015852848067879677
v 0.012111851014196873 0.02129662223160267 0.015852848067879677
v 0.02131730690598488 0.03676697611808777 0.015853002667427063
v 0.015143370255827904 0.03971034660935402 0.015853147953748703
v 0.03176049888134003 -0.02824096567928791 0.015851635485887527
v 0.035879332572221756 -0.02278055250644684 0.01585167646408081
v 0.02192162349820137 -0.010941161774098873 0.015852101147174835
v 0.03906891867518425 -0.016730140894651413 0.015851743519306183
v 0.023761076852679253 -0.005972917657345533 0.015852168202400208
v 0.04124664515256882 -0.01024643611162901 0.015851832926273346
v 0.024489499628543854 -0.0007254021475091577 0.01585225574672222
v 0.042356111109256744 -0.0034973612055182457 0.01585194282233715
v 0.024424338713288307 0.0019266038434579968 0.01585230603814125
v 0.042368583381175995 0.0033422857522964478 0.015852071344852448
v 0.024072829633951187 0.0045560188591480255 0.01585236005485058
v 0.0412837378680706 0.01009536162018776 0.01585221290588379
v 0.022530551999807358 0.009624391794204712 0.01585247740149498
v 0.03912966698408127 0.016586964949965477 0.015852365642786026
v 0.035962168127298355 0.022648967802524567 0.01585252583026886
v 0.003246425185352564 -0.024284040555357933 0.0038521243259310722
v 0.0016339262947440147 -0.04246865585446358 0.0038518079090863466
v -0.0020498086232692003 -0.024414166808128357 0.003852199064567685
v -0.005199671722948551 -0.04218078777194023 0.0038519129157066345
v -0.007250192575156689 -0.02340271882712841 0.0038522938266396523
v -0.011898599565029144 -0.040800463408231735 0.003852036315947771
v -0.012111563235521317 -0.021296989172697067 0.003852404188364744
v 0.017280498519539833 -0.017367752268910408 0.0038520488888025284
v 0.026818914338946342 -0.03296973928809166 0.0038516181521117687
v 0.013142953626811504 -0.020676489919424057 0.0038520474918186665
v 0.021182909607887268 -0.03684483468532562 0.003851627930998802
v 0.008390862494707108 -0.02301841974258423 0.0038520728703588247
v 0.014998281374573708 -0.039765674620866776 0.0038516635540872812
v 0.008425207808613777 -0.041656605899333954 0.0038517238572239876
v 0.024267369881272316 -0.0033686826936900616 0.0038522088434547186
v 0.04124647006392479 -0.010246211662888527 0.0038518328219652176
v 0.0229758620262146 -0.008506681770086288 0.0038521315436810255
v 0.03906874358654022 -0.016729917377233505 0.003851743182167411
v 0.020610030740499496 -0.013246919959783554 0.003852077526971698
v 0.03587915748357773 -0.02278032898902893 0.003851676592603326
v 0.031760323792696 -0.028240742161870003 0.003851634683087468
v -0.024489210918545723 0.0007250336930155754 0.003852996276691556
v -0.024424051865935326 -0.001926972297951579 0.003852945752441883
v -0.04196194186806679 -0.006741051096469164 0.0038531115278601646
v -0.024072542786598206 -0.004556387197226286 0.0038528915029019117
v -0.0403372123837471 -0.013384935446083546 0.0038529636804014444
v -0.022530265152454376 -0.009624759666621685 0.00385277415625751
v -0.01828935742378235 -0.03836343064904213 0.0038521750830113888
v -0.024206431582570076 -0.034932807087898254 0.003852325491607189
v -0.016406608745455742 -0.018195439130067825 0.003852524794638157
v -0.0294965673238039 -0.030597444623708725 0.00385248358361423
v -0.01993449404835701 -0.014243094250559807 0.0038526500575244427
v -0.03402275964617729 -0.025469625368714333 0.0038526456337422132
v -0.03766777738928795 -0.019682157784700394 0.0038528069853782654
v 0.021357692778110504 0.012004151940345764 0.003852538764476776
v 0.03912949562072754 0.016587190330028534 0.003852365305647254
v 0.023438915610313416 0.007132239639759064 0.003852417226880789
v 0.041283562779426575 0.010095586068928242 0.003852212568745017
v 0.02442416362464428 0.0019268282921984792 0.0038523057010024786
v 0.04236840829253197 0.00334251020103693 0.003852070542052388
v 0.04235593602061272 -0.0034971367567777634 0.003851942718029022
v 0.009738074615597725 0.02248149737715721 0.003852904075756669
v 0.02131713181734085 0.036767199635505676 0.003853002330288291
v 0.014343278482556343 0.019862506538629532 0.0038527878932654858
v 0.026938965544104576 0.03287157416343689 0.003852847497910261
v 0.018277809023857117 0.016314759850502014 0.0038526642601937056
v 0.031863097101449966 0.02812459133565426 0.0038526870775967836
v 0.03596199303865433 0.022649191319942474 0.003852524794638157
v -0.005852841306477785 0.023790547624230385 0.003853155765682459
v -0.005045816767960787 0.042199328541755676 0.0038534882478415966
v -0.0006017236737534404 0.0244925357401371 0.003853092435747385
v 0.0017887853318825364 0.042462270706892014 0.0038533934857696295
v 0.0046775322407484055 0.02404927648603916 0.0038530072197318077
v 0.008577059954404831 0.041625458747148514 0.0038532789330929518
v 0.015143195167183876 0.03971057012677193 0.0038531473837792873
v -0.019056865945458412 0.015397452749311924 0.003853191388770938
v -0.0293847918510437 0.030704662203788757 0.0038536281790584326
v -0.015301312319934368 0.019134143367409706 0.0038532065227627754
v -0.02407888136804104 0.03502070531249046 0.0038536316715180874
v -0.010830283164978027 0.021976135671138763 0.0038531944155693054
v -0.01814933679997921 0.03842972591519356 0.0038536088541150093
v -0.011749733239412308 0.04084343835711479 0.003853560658171773
v -0.04249987378716469 7.742027810309082e-05 0.0038532468024641275
v -0.04193707928061485 0.006893885787576437 0.0038533660117536783
v -0.02376079000532627 0.005972549319267273 0.00385308382101357
v -0.040288135409355164 0.013531800359487534 0.0038534661289304495
v -0.02192133665084839 0.010940792970359325 0.0038531499449163675
v -0.03759574890136719 0.019819246605038643 0.003853544360026717
v -0.03392965346574783 0.025593383237719536 0.003853599075227976
v -0.0244892630726099 0.0007250991184264421 0.00035299634328112006
v -0.024424102157354355 -0.0019269068725407124 0.0003529457899276167
v -0.024424051865935326 -0.001926972297951579 0.003852945752441883
v -0.024424051865935326 -0.001926972297951579 0.003852945752441883
v -0.024424102157354355 -0.0019269068725407124 0.0003529457899276167
v -0.024072542786598206 -0.004556387197226286 0.0038528915029019117
v -0.024072593078017235 -0.004556322004646063 0.0003528915112838149
v -0.024072542786598206 -0.004556387197226286 0.0038528915029019117
v -0.024072593078017235 -0.004556322004646063 0.0003528915112838149
v -0.022530317306518555 -0.009624694474041462 0.0003527742519509047
v -0.022530265152454376 -0.009624759666621685 0.00385277415625751
v -0.022530265152454376 -0.009624759666621685 0.00385277415625751
v -0.022530317306518555 -0.009624694474041462 0.0003527742519509047
v -0.01993454620242119 -0.014243028126657009 0.00035265006590634584
v -0.01993449404835701 -0.014243094250559807 0.0038526500575244427
v -0.01993449404835701 -0.014243094250559807 0.0038526500575244427
v -0.01993454620242119 -0.014243028126657009 0.00035265006590634584
v -0.01640665903687477 -0.018195373937487602 0.0003525247157085687
v -0.016406608745455742 -0.018195439130067825 0.003852524794638157
v -0.016406608745455742 -0.018195439130067825 0.003852524794638157
v -0.01640665903687477 -0.018195373937487602 0.0003525247157085687
v -0.01211161445826292 -0.021296923980116844 0.000352404109435156
v -0.012111563235521317 -0.021296989172697067 0.003852404188364744
v -0.012111563235521317 -0.021296989172697067 0.003852404188364744
v -0.01211161445826292 -0.021296923980116844 0.000352404109435156
v -0.0072502437978982925 -0.023402653634548187 0.0003522938350215554
v -0.007250192575156689 -0.02340271882712841 0.0038522938266396523
v -0.007250192575156689 -0.02340271882712841 0.0038522938266396523
v -0.0072502437978982925 -0.023402653634548187 0.0003522938350215554
v -0.0020498596131801605 -0.024414101615548134 0.00035219910205341876
v -0.0020498086232692003 -0.024414166808128357 0.003852199064567685
v -0.0020498086232692003 -0.024414166808128357 0.003852199064567685
v -0.0020498596131801605 -0.024414101615548134 0.00035219910205341876
v 0.00324637396261096 -0.02428397536277771 0.00035212430520914495
v 0.003246425185352564 -0.024284040555357933 0.0038521243259310722
v 0.003246425185352564 -0.024284040555357933 0.0038521243259310722
v 0.00324637396261096 -0.02428397536277771 0.00035212430520914495
v 0.008390811271965504 -0.023018354550004005 0.00035207296605221927
v 0.008390862494707108 -0.02301841974258423 0.0038520728703588247
v 0.008390862494707108 -0.02301841974258423 0.0038520728703588247
v 0.008390811271965504 -0.023018354550004005 0.00035207296605221927
v 0.0131429024040699 -0.020676424726843834 0.0003520474710967392
v 0.013142953626811504 -0.020676489919424057 0.0038520474918186665
v 0.013142953626811504 -0.020676489919424057 0.0038520474918186665
v 0.0131429024040699 -0.020676424726843834 0.0003520474710967392
v 0.017280448228120804 -0.017367687076330185 0.0003520490135997534
v 0.017280498519539833 -0.017367752268910408 0.0038520488888025284
v 0.017280498519539833 -0.017367752268910408 0.0038520488888025284
v 0.017280448228120804 -0.017367687076330185 0.0003520490135997534
v 0.020609978586435318 -0.013246854767203331 0.0003520775062497705
v 0.020610030740499496 -0.013246919959783554 0.003852077526971698
v 0.020610030740499496 -0.013246919959783554 0.003852077526971698
v 0.020609978586435318 -0.013246854767203331 0.0003520775062497705
v 0.02297580987215042 -0.00850661564618349 0.00035213163937442005
v 0.0229758620262146 -0.008506681770086288 0.0038521315436810255
v 0.0229758620262146 -0.008506681770086288 0.0038521315436810255
v 0.02297580987215042 -0.00850661564618349 0.00035213163937442005
v 0.024267317727208138 -0.003368617268279195 0.0003522088809404522
v 0.024267369881272316 -0.0033686826936900616 0.0038522088434547186
v 0.024267369881272316 -0.0033686826936900616 0.0038522088434547186
v 0.024267317727208138 -0.003368617268279195 0.0003522088809404522
v 0.02442411333322525 0.001926893717609346 0.0003523056220728904
v 0.02442416362464428 0.0019268282921984792 0.0038523057010024786
v 0.02442416362464428 0.0019268282921984792 0.0038523057010024786
v 0.02442411333322525 0.001926893717609346 0.0003523056220728904
v 0.023438865318894386 0.007132305298000574 0.00035241732257418334
v 0.023438915610313416 0.007132239639759064 0.003852417226880789
v 0.023438915610313416 0.007132239639759064 0.003852417226880789
v 0.023438865318894386 0.007132305298000574 0.00035241732257418334
v 0.021357640624046326 0.012004218064248562 0.00035253874375484884
v 0.021357692778110504 0.012004151940345764 0.003852538764476776
v 0.021357692778110504 0.012004151940345764 0.003852538764476776
v 0.021357640624046326 0.012004218064248562 0.00035253874375484884
v 0.018277758732438087 0.016314825043082237 0.00035266426857560873
v 0.018277809023857117 0.016314759850502014 0.0038526642601937056
v 0.018277809023857117 0.016314759850502014 0.0038526642601937056
v 0.018277758732438087 0.016314825043082237 0.00035266426857560873
v 0.01434322725981474 0.019862571731209755 0.00035278795985504985
v 0.014343278482556343 0.019862506538629532 0.0038527878932654858
v 0.014343278482556343 0.019862506538629532 0.0038527878932654858
v 0.01434322725981474 0.019862571731209755 0.00035278795985504985
v 0.009738023392856121 0.022481562569737434 0.0003529040841385722
v 0.009738074615597725 0.02248149737715721 0.003852904075756669
v 0.009738074615597725 0.02248149737715721 0.003852904075756669
v 0.009738023392856121 0.022481562569737434 0.0003529040841385722
v 0.004677481483668089 0.024049343541264534 0.00035300716990604997
v 0.0046775322407484055 0.02404927648603916 0.0038530072197318077
v 0.0046775322407484055 0.02404927648603916 0.0038530072197318077
v 0.004677481483668089 0.024049343541264534 0.00035300716990604997
v -0.0006017747218720615 0.024492602795362473 0.0003530924441292882
v -0.0006017236737534404 0.0244925357401371 0.003853092435747385
v -0.0006017236737534404 0.0244925357401371 0.003853092435747385
v -0.0006017747218720615 0.024492602795362473 0.0003530924441292882
v -0.005852892529219389 0.023790612816810608 0.0003531558904796839
v -0.005852841306477785 0.023790547624230385 0.003853155765682459
v -0.005852841306477785 0.023790547624230385 0.003853155765682459
v -0.005852892529219389 0.023790612816810608 0.0003531558904796839
v -0.010830334387719631 0.021976200863718987 0.0003531945403665304
v -0.010830283164978027 0.021976135671138763 0.0038531944155693054
v -0.010830283164978027 0.021976135671138763 0.0038531944155693054
v -0.010830334387719631 0.021976200863718987 0.0003531945403665304
v -0.015301362611353397 0.01913420855998993 0.0003532065893523395
v -0.015301312319934368 0.019134143367409706 0.0038532065227627754
v -0.015301312319934368 0.019134143367409706 0.0038532065227627754
v -0.015301362611353397 0.01913420855998993 0.0003532065893523395
v -0.01905691623687744 0.015397517941892147 0.00035319148446433246
v -0.019056865945458412 0.015397452749311924 0.003853191388770938
v -0.019056865945458412 0.015397452749311924 0.003853191388770938
v -0.01905691623687744 0.015397517941892147 0.00035319148446433246
v -0.021921386942267418 0.010940858162939548 0.00035314992419444025
v -0.02192133665084839 0.010940792970359325 0.0038531499449163675
v -0.02192133665084839 0.010940792970359325 0.0038531499449163675
v -0.021921386942267418 0.010940858162939548 0.00035314992419444025
v -0.0237608402967453 0.005972614977508783 0.000353083829395473
v -0.02376079000532627 0.005972549319267273 0.00385308382101357
v -0.02376079000532627 0.005972549319267273 0.00385308382101357
v -0.0237608402967453 0.005972614977508783 0.000353083829395473
v -0.0244892630726099 0.0007250991184264421 0.00035299634328112006
v -0.024489210918545723 0.0007250336930155754 0.003852996276691556
v -0.024489210918545723 0.0007250336930155754 0.003852996276691556
v -0.022530317306518555 -0.009624694474041462 0.0003527742519509047
v -0.024072593078017235 -0.004556322004646063 0.0003528915112838149
v 5.148098392027123e-09 -6.590382017890306e-09 0.00035262570600025356
v -0.024424102157354355 -0.0019269068725407124 0.0003529457899276167
v -0.0244892630726099 0.0007250991184264421 0.00035299634328112006
v -0.01211161445826292 -0.021296923980116844 0.000352404109435156
v -0.01640665903687477 -0.018195373937487602 0.0003525247157085687
v -0.01993454620242119 -0.014243028126657009 0.00035265006590634584
v 0.00324637396261096 -0.02428397536277771 0.00035212430520914495
v -0.0020498596131801605 -0.024414101615548134 0.00035219910205341876
v -0.0072502437978982925 -0.023402653634548187 0.0003522938350215554
v 0.017280448228120804 -0.017367687076330185 0.0003520490135997534
v 0.0131429024040699 -0.020676424726843834 0.0003520474710967392
v 0.008390811271965504 -0.023018354550004005 0.00035207296605221927
v 0.024267317727208138 -0.003368617268279195 0.0003522088809404522
v 0.02297580987215042 -0.00850661564618349 0.00035213163937442005
v 0.020609978586435318 -0.013246854767203331 0.0003520775062497705
v 0.021357640624046326 0.012004218064248562 0.00035253874375484884
v 0.023438865318894386 0.007132305298000574 0.00035241732257418334
v 0.02442411333322525 0.001926893717609346 0.0003523056220728904
v 0.009738023392856121 0.022481562569737434 0.0003529040841385722
v 0.01434322725981474 0.019862571731209755 0.00035278795985504985
v 0.018277758732438087 0.016314825043082237 0.00035266426857560873
v -0.005852892529219389 0.023790612816810608 0.0003531558904796839
v -0.0006017747218720615 0.024492602795362473 0.0003530924441292882
v 0.004677481483668089 0.024049343541264534 0.00035300716990604997
v -0.01905691623687744 0.015397517941892147 0.00035319148446433246
v -0.015301362611353397 0.01913420855998993 0.0003532065893523395
v -0.010830334387719631 0.021976200863718987 0.0003531945403665304
v -0.0237608402967453 0.005972614977508783 0.000353083829395473
v -0.021921386942267418 0.010940858162939548 0.00035314992419444025
v 0.024072879925370216 0.004555953666567802 0.01935235969722271
v 0.024424389004707336 0.00192653841804713 0.019352305680513382
v 0.024424338713288307 0.0019266038434579968 0.01585230603814125
v 0.024424338713288307 0.0019266038434579968 0.01585230603814125
v 0.024424389004707336 0.00192653841804713 0.019352305680513382
v 0.024489499628543854 -0.0007254021475091577 0.01585225574672222
v 0.024489549919962883 -0.0007254675729200244 0.019352255389094353
v 0.024489499628543854 -0.0007254021475091577 0.01585225574672222
v 0.024489549919962883 -0.0007254675729200244 0.019352255389094353
v 0.02376112900674343 -0.005972983315587044 0.01935216784477234
v 0.023761076852679253 -0.005972917657345533 0.015852168202400208
v 0.023761076852679253 -0.005972917657345533 0.015852168202400208
v 0.02376112900674343 -0.005972983315587044 0.01935216784477234
v 0.0219216737896204 -0.010941226966679096 0.019352100789546967
v 0.02192162349820137 -0.010941161774098873 0.015852101147174835
v 0.02192162349820137 -0.010941161774098873 0.015852101147174835
v 0.0219216737896204 -0.010941226966679096 0.019352100789546967
v 0.019057203084230423 -0.015397886745631695 0.019352059811353683
v 0.019057152792811394 -0.015397821553051472 0.015852060168981552
v 0.019057152792811394 -0.015397821553051472 0.015852060168981552
v 0.019057203084230423 -0.015397886745631695 0.019352059811353683
v 0.015301650390028954 -0.019134577363729477 0.01935204491019249
v 0.01530159916728735 -0.019134510308504105 0.01585204526782036
v 0.01530159916728735 -0.019134510308504105 0.01585204526782036
v 0.015301650390028954 -0.019134577363729477 0.01935204491019249
v 0.010830622166395187 -0.021976569667458534 0.019352056086063385
v 0.010830570943653584 -0.02197650447487831 0.015852056443691254
v 0.010830570943653584 -0.02197650447487831 0.015852056443691254
v 0.010830622166395187 -0.021976569667458534 0.019352056086063385
v 0.005853179842233658 -0.023790981620550156 0.01935209520161152
v 0.005853128619492054 -0.023790916427969933 0.015852095559239388
v 0.005853128619492054 -0.023790916427969933 0.015852095559239388
v 0.005853179842233658 -0.023790981620550156 0.01935209520161152
v 0.0006020620348863304 -0.02449296973645687 0.019352158531546593
v 0.0006020110449753702 -0.024492904543876648 0.01585215888917446
v 0.0006020110449753702 -0.024492904543876648 0.01585215888917446
v 0.0006020620348863304 -0.02449296973645687 0.019352158531546593
v -0.00467719417065382 -0.024049710482358932 0.019352244213223457
v -0.004677244927734137 -0.02404964528977871 0.015852244570851326
v -0.004677244927734137 -0.02404964528977871 0.015852244570851326
v -0.00467719417065382 -0.024049710482358932 0.019352244213223457
v -0.00973773654550314 -0.022481931373476982 0.019352346658706665
v -0.009737786836922169 -0.02248186618089676 0.015852347016334534
v -0.009737786836922169 -0.02248186618089676 0.015852347016334534
v -0.00973773654550314 -0.022481931373476982 0.019352346658706665
v -0.014342939481139183 -0.019862940534949303 0.019352464005351067
v -0.014342990703880787 -0.01986287347972393 0.015852464362978935
v -0.014342990703880787 -0.01986287347972393 0.015852464362978935
v -0.014342939481139183 -0.019862940534949303 0.019352464005351067
v -0.018277471885085106 -0.016315193846821785 0.019352586939930916
v -0.018277522176504135 -0.016315128654241562 0.015852587297558784
v -0.018277522176504135 -0.016315128654241562 0.015852587297558784
v -0.018277471885085106 -0.016315193846821785 0.019352586939930916
v -0.021357353776693344 -0.012004585936665535 0.019352711737155914
v -0.021357405930757523 -0.012004520744085312 0.015852712094783783
v -0.021357405930757523 -0.012004520744085312 0.015852712094783783
v -0.021357353776693344 -0.012004585936665535 0.019352711737155914
v -0.023438578471541405 -0.0071326736360788345 0.019352834671735764
v -0.023438628762960434 -0.0071326084434986115 0.015852835029363632
v -0.023438628762960434 -0.0071326084434986115 0.015852835029363632
v -0.023438578471541405 -0.0071326736360788345 0.019352834671735764
v -0.02442382462322712 -0.0019272621721029282 0.019352946430444717
v -0.024423876777291298 -0.0019271967466920614 0.015852946788072586
v -0.024423876777291298 -0.0019271967466920614 0.015852946788072586
v -0.02442382462322712 -0.0019272621721029282 0.019352946430444717
v -0.024267030879855156 0.0033682489302009344 0.019353043287992477
v -0.024267083033919334 0.003368314355611801 0.015853043645620346
v -0.024267083033919334 0.003368314355611801 0.015853043645620346
v -0.024267030879855156 0.0033682489302009344 0.019353043287992477
v -0.02297552302479744 0.008506247773766518 0.019353119656443596
v -0.02297557331621647 0.00850631296634674 0.015853120014071465
v -0.02297557331621647 0.00850631296634674 0.015853120014071465
v -0.02297552302479744 0.008506247773766518 0.019353119656443596
v -0.020609691739082336 0.013246485963463783 0.019353173673152924
v -0.020609742030501366 0.013246552087366581 0.015853174030780792
v -0.020609742030501366 0.013246552087366581 0.015853174030780792
v -0.020609691739082336 0.013246485963463783 0.019353173673152924
v -0.017280159518122673 0.017367318272590637 0.019353201612830162
v -0.01728021167218685 0.01736738346517086 0.01585320197045803
v -0.01728021167218685 0.01736738346517086 0.01585320197045803
v -0.017280159518122673 0.017367318272590637 0.019353201612830162
v -0.013142615556716919 0.020676055923104286 0.01935320347547531
v -0.013142666779458523 0.02067612111568451 0.01585320383310318
v -0.013142666779458523 0.02067612111568451 0.01585320383310318
v -0.013142615556716919 0.020676055923104286 0.01935320347547531
v -0.008390523493289948 0.023017985746264458 0.019353177398443222
v -0.008390574716031551 0.02301805280148983 0.01585317775607109
v -0.008390574716031551 0.02301805280148983 0.01585317775607109
v -0.008390523493289948 0.023017985746264458 0.019353177398443222
v -0.003246086649596691 0.024283606559038162 0.019353127107024193
v -0.003246137872338295 0.024283671751618385 0.01585312746465206
v -0.003246137872338295 0.024283671751618385 0.01585312746465206
v -0.003246086649596691 0.024283606559038162 0.019353127107024193
v 0.0020501469261944294 0.024413732811808586 0.019353052601218224
v 0.002050095936283469 0.02441379800438881 0.015853052958846092
v 0.002050095936283469 0.02441379800438881 0.015853052958846092
v 0.0020501469261944294 0.024413732811808586 0.019353052601218224
v 0.007250531110912561 0.02340228483080864 0.019352957606315613
v 0.0072504798881709576 0.023402350023388863 0.01585295796394348
v 0.0072504798881709576 0.023402350023388863 0.01585295796394348
v 0.007250531110912561 0.02340228483080864 0.019352957606315613
v 0.012111902236938477 0.021296555176377296 0.019352847710251808
v 0.012111851014196873 0.02129662223160267 0.015852848067879677
v 0.012111851014196873 0.02129662223160267 0.015852848067879677
v 0.012111902236938477 0.021296555176377296 0.019352847710251808
v 0.016406947746872902 0.018195005133748055 0.019352726638317108
v 0.016406895592808723 0.018195070326328278 0.015852726995944977
v 0.016406895592808723 0.018195070326328278 0.015852726995944977
v 0.016406947746872902 0.018195005133748055 0.019352726638317108
v 0.01993483304977417 0.014242660254240036 0.01935260184109211
v 0.01993478089570999 0.014242725446820259 0.01585260219871998
v 0.01993478089570999 0.014242725446820259 0.01585260219871998
v 0.01993483304977417 0.014242660254240036 0.01935260184109211
v 0.022530604153871536 0.009624325670301914 0.01935247704386711
v 0.022530551999807358 0.009624391794204712 0.01585247740149498
v 0.022530551999807358 0.009624391794204712 0.01585247740149498
v 0.022530604153871536 0.009624325670301914 0.01935247704386711
v 0.024072879925370216 0.004555953666567802 0.01935235969722271
v 0.024072829633951187 0.0045560188591480255 0.01585236005485058
v 0.024072829633951187 0.0045560188591480255 0.01585236005485058
v 0.02376112900674343 -0.005972983315587044 0.01935216784477234
v 0.024489549919962883 -0.0007254675729200244 0.019352255389094353
v 2.8218030934112903e-07 -3.618519883730187e-07 0.01935262605547905
v 0.024424389004707336 0.00192653841804713 0.019352305680513382
v 0.024072879925370216 0.004555953666567802 0.01935235969722271
v 0.015301650390028954 -0.019134577363729477 0.01935204491019249
v 0.019057203084230423 -0.015397886745631695 0.019352059811353683
v 0.0219216737896204 -0.010941226966679096 0.019352100789546967
v 0.0006020620348863304 -0.02449296973645687 0.019352158531546593
v 0.005853179842233658 -0.023790981620550156 0.01935209520161152
v 0.010830622166395187 -0.021976569667458534 0.019352056086063385
v -0.014342939481139183 -0.019862940534949303 0.019352464005351067
v -0.00973773654550314 -0.022481931373476982 0.019352346658706665
v -0.00467719417065382 -0.024049710482358932 0.019352244213223457
v -0.023438578471541405 -0.0071326736360788345 0.019352834671735764
v -0.021357353776693344 -0.012004585936665535 0.019352711737155914
v -0.018277471885085106 -0.016315193846821785 0.019352586939930916
v -0.02297552302479744 0.008506247773766518 0.019353119656443596
v -0.024267030879855156 0.0033682489302009344 0.019353043287992477
v -0.02442382462322712 -0.0019272621721029282 0.019352946430444717
v -0.013142615556716919 0.020676055923104286 0.01935320347547531
v -0.017280159518122673 0.017367318272590637 0.019353201612830162
v -0.020609691739082336 0.013246485963463783 0.019353173673152924
v 0.0020501469261944294 0.024413732811808586 0.019353052601218224
v -0.003246086649596691 0.024283606559038162 0.019353127107024193
v -0.008390523493289948 0.023017985746264458 0.019353177398443222
v 0.016406947746872902 0.018195005133748055 0.019352726638317108
v 0.012111902236938477 0.021296555176377296 0.019352847710251808
v 0.007250531110912561 0.02340228483080864 0.019352957606315613
v 0.022530604153871536 0.009624325670301914 0.01935247704386711
v 0.01993483304977417 0.014242660254240036 0.01935260184109211
v 0.028532741591334343 0.022745732218027115 0.03635942190885544
v 0.02804519049823284 0.023283304646611214 0.036100007593631744
v 0.02853265032172203 0.023225247859954834 0.03641757741570473
v 0.02853265032172203 0.023225247859954834 0.03641757741570473
v 0.02804519049823284 0.023283304646611214 0.036100007593631744
v 0.02804509736597538 0.02379016950726509 0.036224864423274994
v 0.028532562777400017 0.02369425632059574 0.03653310611844063
v 0.028532562777400017 0.02369425632059574 0.03653310611844063
v 0.02804509736597538 0.02379016950726509 0.036224864423274994
v 0.028045006096363068 0.02427828684449196 0.036409903317689896
v 0.0285324789583683 0.02414591982960701 0.036704324185848236
v 0.0285324789583683 0.02414591982960701 0.036704324185848236
v 0.028045006096363068 0.02427828684449196 0.036409903317689896
v 0.028044922277331352 0.024740543216466904 0.03665243089199066
v 0.028532400727272034 0.02457365207374096 0.03692873939871788
v 0.028532400727272034 0.02457365207374096 0.03692873939871788
v 0.028044922277331352 0.024740543216466904 0.03665243089199066
v 0.028044844046235085 0.02517019584774971 0.036948904395103455
v 0.028532329946756363 0.024971215054392815 0.037203073501586914
v 0.028532329946756363 0.024971215054392815 0.037203073501586914
v 0.028044844046235085 0.02517019584774971 0.036948904395103455
v 0.028044775128364563 0.025560978800058365 0.037295009940862656
v 0.02853226475417614 0.02533281221985817 0.03752332925796509
v 0.02853226475417614 0.02533281221985817 0.03752332925796509
v 0.028044775128364563 0.025560978800058365 0.037295009940862656
v 0.02804471366107464 0.02590719424188137 0.03768569603562355
v 0.028532210737466812 0.02565317042171955 0.03788483515381813
v 0.028532210737466812 0.02565317042171955 0.03788483515381813
v 0.02804471366107464 0.02590719424188137 0.03768569603562355
v 0.02804466336965561 0.026203792542219162 0.03811526298522949
v 0.02853216417133808 0.025927618145942688 0.03828231990337372
v 0.02853216417133808 0.025927618145942688 0.03828231990337372
v 0.02804466336965561 0.026203792542219162 0.03811526298522949
v 0.028044624254107475 0.026446452364325523 0.038577448576688766
v 0.028532126918435097 0.026152152568101883 0.038709986954927444
v 0.028532126918435097 0.026152152568101883 0.038709986954927444
v 0.028044624254107475 0.026446452364325523 0.038577448576688766
v 0.028044596314430237 0.026631629094481468 0.039065513759851456
v 0.028532100841403008 0.026323501020669937 0.039161600172519684
v 0.028532100841403008 0.026323501020669937 0.039161600172519684
v 0.028044596314430237 0.026631629094481468 0.039065513759851456
v 0.028044579550623894 0.02675662934780121 0.0395723432302475
v 0.028532085940241814 0.026439163833856583 0.039630576968193054
v 0.028532085940241814 0.026439163833856583 0.039630576968193054
v 0.028044579550623894 0.02675662934780121 0.0395723432302475
v 0.028044575825333595 0.0268196240067482 0.040090542286634445
v 0.028532082214951515 0.026497455313801765 0.04011007398366928
v 0.028532082214951515 0.026497455313801765 0.04011007398366928
v 0.028044575825333595 0.0268196240067482 0.040090542286634445
v 0.028044583275914192 0.02681969851255417 0.04061255604028702
v 0.028532087802886963 0.026497524231672287 0.04059310257434845
v 0.028532087802886963 0.026497524231672287 0.04059310257434845
v 0.028044583275914192 0.02681969851255417 0.04061255604028702
v 0.028044603765010834 0.026756851002573967 0.04113077372312546
v 0.028532106429338455 0.026439370587468147 0.04107261821627617
v 0.028532106429338455 0.026439370587468147 0.04107261821627617
v 0.028044603765010834 0.026756851002573967 0.04113077372312546
v 0.02804463356733322 0.026631996035575867 0.041637640446424484
v 0.028532136231660843 0.026323840022087097 0.04154162481427193
v 0.028532136231660843 0.026323840022087097 0.04154162481427193
v 0.02804463356733322 0.026631996035575867 0.041637640446424484
v 0.028044676408171654 0.026446957141160965 0.04212575778365135
v 0.028532175347208977 0.02615262195467949 0.041993290185928345
v 0.028532175347208977 0.02615262195467949 0.041993290185928345
v 0.028044676408171654 0.026446957141160965 0.04212575778365135
v 0.028044728562235832 0.026204431429505348 0.0425880141556263
v 0.028532223775982857 0.025928208604454994 0.042421020567417145
v 0.028532223775982857 0.025928208604454994 0.042421020567417145
v 0.028044728562235832 0.026204431429505348 0.0425880141556263
v 0.028044791892170906 0.025907954201102257 0.0430176667869091
v 0.028532281517982483 0.02565387263894081 0.042818583548069
v 0.028532281517982483 0.02565387263894081 0.042818583548069
v 0.028044791892170906 0.025907954201102257 0.0430176667869091
v 0.028044864535331726 0.025561848655343056 0.04340844973921776
v 0.028532348573207855 0.025333618745207787 0.043180182576179504
v 0.028532348573207855 0.025333618745207787 0.043180182576179504
v 0.028044864535331726 0.025561848655343056 0.04340844973921776
v 0.028044942766427994 0.02517116442322731 0.043754663318395615
v 0.028532421216368675 0.024972112849354744 0.04350053891539574
v 0.028532421216368675 0.024972112849354744 0.04350053891539574
v 0.028044942766427994 0.02517116442322731 0.043754663318395615
v 0.02804502844810486 0.02474159747362137 0.044051263481378555
v 0.028532501310110092 0.024574626237154007 0.04377498850226402
v 0.028532501310110092 0.024574626237154007 0.04377498850226402
v 0.02804502844810486 0.02474159747362137 0.044051263481378555
v 0.02804512158036232 0.024279411882162094 0.04429392144083977
v 0.028532585129141808 0.02414695918560028 0.04399952292442322
v 0.028532585129141808 0.02414695918560028 0.04399952292442322
v 0.02804512158036232 0.024279411882162094 0.04429392144083977
v 0.02804521657526493 0.023791344836354256 0.04447909817099571
v 0.02853267453610897 0.023695344105362892 0.04417087137699127
v 0.02853267453610897 0.023695344105362892 0.04417087137699127
v 0.02804521657526493 0.023791344836354256 0.04447909817099571
v 0.02804531529545784 0.023284517228603363 0.0446041002869606
v 0.028532765805721283 0.02322636917233467 0.04428653419017792
v 0.028532765805721283 0.02322636917233467 0.04428653419017792
v 0.02804531529545784 0.023284517228603363 0.0446041002869606
v 0.02804541401565075 0.022766318172216415 0.04466709494590759
v 0.028532857075333595 0.022746870294213295 0.04434482380747795
v 0.028532857075333595 0.022746870294213295 0.04434482380747795
v 0.02804541401565075 0.022766318172216415 0.04466709494590759
v 0.028045514598488808 0.022244302555918694 0.04466716945171356
v 0.028532950207591057 0.022263843566179276 0.04434489458799362
v 0.028532950207591057 0.022263843566179276 0.04434489458799362
v 0.028045514598488808 0.022244302555918694 0.04466716945171356
v 0.028045611456036568 0.021726084873080254 0.04460432007908821
v 0.02853303961455822 0.021784327924251556 0.04428673908114433
v 0.02853303961455822 0.021784327924251556 0.04428673908114433
v 0.028045611456036568 0.021726084873080254 0.04460432007908821
v 0.02804570645093918 0.021219221875071526 0.04447946697473526
v 0.028533127158880234 0.02131531946361065 0.04417121037840843
v 0.028533127158880234 0.02131531946361065 0.04417121037840843
v 0.02804570645093918 0.021219221875071526 0.04447946697473526
v 0.02804579772055149 0.02073110267519951 0.04429442808032036
v 0.02853321097791195 0.02086365595459938 0.043999992311000824
v 0.02853321097791195 0.02086365595459938 0.043999992311000824
v 0.02804579772055149 0.02073110267519951 0.04429442808032036
v 0.028045881539583206 0.020268846303224564 0.04405190050601959
v 0.028533289209008217 0.02043592371046543 0.04377557709813118
v 0.028533289209008217 0.02043592371046543 0.04377557709813118
v 0.028045881539583206 0.020268846303224564 0.04405190050601959
v 0.028045959770679474 0.019839195534586906 0.0437554232776165
v 0.028533361852169037 0.020038360729813576 0.043501242995262146
v 0.028533361852169037 0.020038360729813576 0.043501242995262146
v 0.028045959770679474 0.019839195534586906 0.0437554232776165
v 0.028046028688549995 0.01944841258227825 0.0434093177318573
v 0.02853342518210411 0.01967676356434822 0.04318098723888397
v 0.02853342518210411 0.01967676356434822 0.04318098723888397
v 0.028046028688549995 0.01944841258227825 0.0434093177318573
v 0.02804608829319477 0.019102197140455246 0.043018635362386703
v 0.028533481061458588 0.01935640536248684 0.04281948134303093
v 0.028533481061458588 0.01935640536248684 0.04281948134303093
v 0.02804608829319477 0.019102197140455246 0.043018635362386703
v 0.0280461385846138 0.018805596977472305 0.04258906841278076
v 0.02853352762758732 0.019081957638263702 0.04242199659347534
v 0.02853352762758732 0.019081957638263702 0.04242199659347534
v 0.0280461385846138 0.018805596977472305 0.04258906841278076
v 0.028046177700161934 0.018562939018011093 0.04212688282132149
v 0.028533564880490303 0.018857423216104507 0.041994329541921616
v 0.028533564880490303 0.018857423216104507 0.041994329541921616
v 0.028046177700161934 0.018562939018011093 0.04212688282132149
v 0.028046205639839172 0.01837776042521 0.0416388139128685
v 0.028533590957522392 0.018686074763536453 0.04154271259903908
v 0.028533590957522392 0.018686074763536453 0.04154271259903908
v 0.028046205639839172 0.01837776042521 0.0416388139128685
v 0.028046222403645515 0.018252762034535408 0.041131988167762756
v 0.028533605858683586 0.018570411950349808 0.041073739528656006
v 0.028533605858683586 0.018570411950349808 0.041073739528656006
v 0.028046222403645515 0.018252762034535408 0.041131988167762756
v 0.028046227991580963 0.018189765512943268 0.04061378538608551
v 0.028533609583973885 0.018512120470404625 0.04059424251317978
v 0.028533609583973885 0.018512120470404625 0.04059424251317978
v 0.028046227991580963 0.018189765512943268 0.04061378538608551
v 0.028046220541000366 0.0181896910071373 0.04009177163243294
v 0.028533602133393288 0.018512051552534103 0.04011121392250061
v 0.028533602133393288 0.018512051552534103 0.04011121392250061
v 0.028046220541000366 0.0181896910071373 0.04009177163243294
v 0.028046200051903725 0.0182525385171175 0.0395735539495945
v 0.028533585369586945 0.018570205196738243 0.03963169828057289
v 0.028533585369586945 0.018570205196738243 0.03963169828057289
v 0.028046200051903725 0.0182525385171175 0.0395735539495945
v 0.028046168386936188 0.0183773934841156 0.03906669095158577
v 0.028533555567264557 0.018685735762119293 0.03916269168257713
v 0.028533555567264557 0.018685735762119293 0.03916269168257713
v 0.028046168386936188 0.0183773934841156 0.03906669095158577
v 0.028046127408742905 0.018562432378530502 0.0385785736143589
v 0.028533516451716423 0.0188569538295269 0.038711026310920715
v 0.028533516451716423 0.0188569538295269 0.038711026310920715
v 0.028046127408742905 0.018562432378530502 0.0385785736143589
v 0.028046073392033577 0.01880495995283127 0.03811631724238396
v 0.028533468022942543 0.019081367179751396 0.038283295929431915
v 0.028533468022942543 0.019081367179751396 0.038283295929431915
v 0.028046073392033577 0.01880495995283127 0.03811631724238396
v 0.028046010062098503 0.01910143718123436 0.03768666461110115
v 0.028533410280942917 0.01935570314526558 0.03788572922348976
v 0.028533410280942917 0.01935570314526558 0.03788572922348976
v 0.028046010062098503 0.01910143718123436 0.03768666461110115
v 0.028045939281582832 0.01944754086434841 0.037295881658792496
v 0.028533343225717545 0.019675957038998604 0.037524133920669556
v 0.028533343225717545 0.019675957038998604 0.037524133920669556
v 0.028045939281582832 0.01944754086434841 0.037295881658792496
v 0.028045859187841415 0.019838225096464157 0.03694966435432434
v 0.028533268719911575 0.020037462934851646 0.037203773856163025
v 0.028533268719911575 0.020037462934851646 0.037203773856163025
v 0.028045859187841415 0.019838225096464157 0.03694966435432434
v 0.02804577350616455 0.0202677920460701 0.0366530679166317
v 0.028533190488815308 0.020434949547052383 0.03692932799458504
v 0.028533190488815308 0.020434949547052383 0.03692932799458504
v 0.02804577350616455 0.0202677920460701 0.0366530679166317
v 0.02804568223655224 0.020729979500174522 0.036410409957170486
v 0.028533104807138443 0.02086261659860611 0.03670479357242584
v 0.028533104807138443 0.02086261659860611 0.03670479357242584
v 0.02804568223655224 0.020729979500174522 0.036410409957170486
v 0.028045587241649628 0.02121804468333721 0.03622522950172424
v 0.02853301726281643 0.021314231678843498 0.03653344511985779
v 0.02853301726281643 0.021314231678843498 0.03653344511985779
v 0.028045587241649628 0.02121804468333721 0.03622522950172424
v 0.02804548852145672 0.021724872291088104 0.03610023111104965
v 0.028532925993204117 0.02178320661187172 0.03641778230667114
v 0.028532925993204117 0.02178320661187172 0.03641778230667114
v 0.02804548852145672 0.021724872291088104 0.03610023111104965
v 0.02804538793861866 0.0222430732101202 0.03603723645210266
v 0.028532832860946655 0.022262705489993095 0.03635948896408081
v 0.028532832860946655 0.022262705489993095 0.03635948896408081
v 0.02804538793861866 0.0222430732101202 0.03603723645210266
v 0.02804528921842575 0.022765086963772774 0.03603716194629669
v 0.028532741591334343 0.022745732218027115 0.03635942190885544
v 0.02804528921842575 0.022765086963772774 0.03603716194629669
v 0.02804528921842575 0.022765086963772774 0.03603716194629669
v 0.027523379772901535 0.02333071082830429 0.035840585827827454
v 0.02804519049823284 0.023283304646611214 0.036100007593631744
v 0.02804519049823284 0.023283304646611214 0.036100007593631744
v 0.027523379772901535 0.02333071082830429 0.035840585827827454
v 0.027523279190063477 0.0238684993237257 0.03597305715084076
v 0.02804509736597538 0.02379016950726509 0.036224864423274994
v 0.02804509736597538 0.02379016950726509 0.036224864423274994
v 0.027523279190063477 0.0238684993237257 0.03597305715084076
v 0.027523182332515717 0.024386398494243622 0.03616938367486
v 0.028045006096363068 0.02427828684449196 0.036409903317689896
v 0.028045006096363068 0.02427828684449196 0.036409903317689896
v 0.027523182332515717 0.024386398494243622 0.03616938367486
v 0.027523092925548553 0.024876857176423073 0.03642670810222626
v 0.028044922277331352 0.024740543216466904 0.03665243089199066
v 0.028044922277331352 0.024740543216466904 0.03665243089199066
v 0.027523092925548553 0.024876857176423073 0.03642670810222626
v 0.027523010969161987 0.025332722812891006 0.03674127534031868
v 0.028044844046235085 0.02517019584774971 0.036948904395103455
v 0.028044844046235085 0.02517019584774971 0.036948904395103455
v 0.027523010969161987 0.025332722812891006 0.03674127534031868
v 0.027522936463356018 0.025747347623109818 0.03710849583148956
v 0.028044775128364563 0.025560978800058365 0.037295009940862656
v 0.028044775128364563 0.025560978800058365 0.037295009940862656
v 0.027522936463356018 0.025747347623109818 0.03710849583148956
v 0.027522873133420944 0.02611468732357025 0.03752301633358002
v 0.02804471366107464 0.02590719424188137 0.03768569603562355
v 0.02804471366107464 0.02590719424188137 0.03768569603562355
v 0.027522873133420944 0.02611468732357025 0.03752301633358002
v 0.027522819116711617 0.02642938308417797 0.03797879070043564
v 0.02804466336965561 0.026203792542219162 0.03811526298522949
v 0.02804466336965561 0.026203792542219162 0.03811526298522949
v 0.027522819116711617 0.02642938308417797 0.03797879070043564
v 0.027522778138518333 0.02668684534728527 0.03846917673945427
v 0.028044624254107475 0.026446452364325523 0.038577448576688766
v 0.028044624254107475 0.026446452364325523 0.038577448576688766
v 0.027522778138518333 0.02668684534728527 0.03846917673945427
v 0.027522748336195946 0.0268833227455616 0.03898702189326286
v 0.028044596314430237 0.026631629094481468 0.039065513759851456
v 0.028044596314430237 0.026631629094481468 0.039065513759851456
v 0.027522748336195946 0.0268833227455616 0.03898702189326286
v 0.027522731572389603 0.027015946805477142 0.03952477127313614
v 0.028044579550623894 0.02675662934780121 0.0395723432302475
v 0.028044579550623894 0.02675662934780121 0.0395723432302475
v 0.027522731572389603 0.027015946805477142 0.03952477127313614
v 0.027522725984454155 0.027082787826657295 0.04007458686828613
v 0.028044575825333595 0.0268196240067482 0.040090542286634445
v 0.028044575825333595 0.0268196240067482 0.040090542286634445
v 0.027522725984454155 0.027082787826657295 0.04007458686828613
v 0.027522733435034752 0.027082866057753563 0.040628451853990555
v 0.028044583275914192 0.02681969851255417 0.04061255604028702
v 0.028044583275914192 0.02681969851255417 0.04061255604028702
v 0.027522733435034752 0.027082866057753563 0.040628451853990555
v 0.027522755786776543 0.027016183361411095 0.04117828607559204
v 0.028044603765010834 0.026756851002573967 0.04113077372312546
v 0.028044603765010834 0.026756851002573967 0.04113077372312546
v 0.027522755786776543 0.027016183361411095 0.04117828607559204
v 0.02752278745174408 0.02688371203839779 0.0417160764336586
v 0.02804463356733322 0.026631996035575867 0.041637640446424484
v 0.02804463356733322 0.026631996035575867 0.041637640446424484
v 0.02752278745174408 0.02688371203839779 0.0417160764336586
v 0.02752283215522766 0.02668738178908825 0.04223397374153137
v 0.028044676408171654 0.026446957141160965 0.04212575778365135
v 0.028044676408171654 0.026446957141160965 0.04212575778365135
v 0.02752283215522766 0.02668738178908825 0.04223397374153137
v 0.027522889897227287 0.02643005922436714 0.04272443428635597
v 0.028044728562235832 0.026204431429505348 0.0425880141556263
v 0.028044728562235832 0.026204431429505348 0.0425880141556263
v 0.027522889897227287 0.02643005922436714 0.04272443428635597
v 0.02752295508980751 0.02611549384891987 0.043180301785469055
v 0.028044791892170906 0.025907954201102257 0.0430176667869091
v 0.028044791892170906 0.025907954201102257 0.0430176667869091
v 0.02752295508980751 0.02611549384891987 0.043180301785469055
v 0.02752303145825863 0.025748273357748985 0.043594926595687866
v 0.028044864535331726 0.025561848655343056 0.04340844973921776
v 0.028044864535331726 0.025561848655343056 0.04340844973921776
v 0.02752303145825863 0.025748273357748985 0.043594926595687866
v 0.027523115277290344 0.02533375285565853 0.043962262570858
v 0.028044942766427994 0.02517116442322731 0.043754663318395615
v 0.028044942766427994 0.02517116442322731 0.043754663318395615
v 0.027523115277290344 0.02533375285565853 0.043962262570858
v 0.027523206546902657 0.02487797662615776 0.04427696019411087
v 0.02804502844810486 0.02474159747362137 0.044051263481378555
v 0.02804502844810486 0.02474159747362137 0.044051263481378555
v 0.027523206546902657 0.02487797662615776 0.04427696019411087
v 0.027523305267095566 0.02438759058713913 0.04453442245721817
v 0.02804512158036232 0.024279411882162094 0.04429392144083977
v 0.02804512158036232 0.024279411882162094 0.04429392144083977
v 0.027523305267095566 0.02438759058713913 0.04453442245721817
v 0.027523405849933624 0.023869747295975685 0.04473089799284935
v 0.02804521657526493 0.023791344836354256 0.04447909817099571
v 0.02804521657526493 0.023791344836354256 0.04447909817099571
v 0.027523405849933624 0.023869747295975685 0.04473089799284935
v 0.02752351015806198 0.02333199605345726 0.04486352577805519
v 0.02804531529545784 0.023284517228603363 0.0446041002869606
v 0.02804531529545784 0.023284517228603363 0.0446041002869606
v 0.02752351015806198 0.02333199605345726 0.04486352577805519
v 0.027523616328835487 0.022782180458307266 0.044930364936590195
v 0.02804541401565075 0.022766318172216415 0.04466709494590759
v 0.02804541401565075 0.022766318172216415 0.04466709494590759
v 0.027523616328835487 0.022782180458307266 0.044930364936590195
v 0.027523722499608994 0.022228315472602844 0.04493044316768646
v 0.028045514598488808 0.022244302555918694 0.04466716945171356
v 0.028045514598488808 0.022244302555918694 0.04466716945171356
v 0.027523722499608994 0.022228315472602844 0.04493044316768646
v 0.0275238249450922 0.021678481251001358 0.044863760471343994
v 0.028045611456036568 0.021726084873080254 0.04460432007908821
v 0.028045611456036568 0.021726084873080254 0.04460432007908821
v 0.0275238249450922 0.021678481251001358 0.044863760471343994
v 0.02752392552793026 0.02114069275557995 0.04473128914833069
v 0.02804570645093918 0.021219221875071526 0.04447946697473526
v 0.02804570645093918 0.021219221875071526 0.04447946697473526
v 0.02752392552793026 0.02114069275557995 0.04473128914833069
v 0.02752402238547802 0.020622793585062027 0.04453495889902115
v 0.02804579772055149 0.02073110267519951 0.04429442808032036
v 0.02804579772055149 0.02073110267519951 0.04429442808032036
v 0.02752402238547802 0.020622793585062027 0.04453495889902115
v 0.027524111792445183 0.020132334902882576 0.04427763447165489
v 0.028045881539583206 0.020268846303224564 0.04405190050601959
v 0.028045881539583206 0.020268846303224564 0.04405190050601959
v 0.027524111792445183 0.020132334902882576 0.04427763447165489
v 0.02752419374883175 0.019676467403769493 0.04396307095885277
v 0.028045959770679474 0.019839195534586906 0.0437554232776165
v 0.028045959770679474 0.019839195534586906 0.0437554232776165
v 0.02752419374883175 0.019676467403769493 0.04396307095885277
v 0.02752426639199257 0.019261842593550682 0.043595850467681885
v 0.028046028688549995 0.01944841258227825 0.0434093177318573
v 0.028046028688549995 0.01944841258227825 0.0434093177318573
v 0.02752426639199257 0.019261842593550682 0.043595850467681885
v 0.027524331584572792 0.018894504755735397 0.04318132996559143
v 0.02804608829319477 0.019102197140455246 0.043018635362386703
v 0.02804608829319477 0.019102197140455246 0.043018635362386703
v 0.027524331584572792 0.018894504755735397 0.04318132996559143
v 0.02752438373863697 0.018579808995127678 0.04272555187344551
v 0.0280461385846138 0.018805596977472305 0.04258906841278076
v 0.0280461385846138 0.018805596977472305 0.04258906841278076
v 0.02752438373863697 0.018579808995127678 0.04272555187344551
v 0.027524426579475403 0.01832234486937523 0.04223516583442688
v 0.028046177700161934 0.018562939018011093 0.04212688282132149
v 0.028046177700161934 0.018562939018011093 0.04212688282132149
v 0.027524426579475403 0.01832234486937523 0.04223516583442688
v 0.02752445638179779 0.01812586933374405 0.041717324405908585
v 0.028046205639839172 0.01837776042521 0.0416388139128685
v 0.028046205639839172 0.01837776042521 0.0416388139128685
v 0.02752445638179779 0.01812586933374405 0.041717324405908585
v 0.027524473145604134 0.017993243411183357 0.04117957130074501
v 0.028046222403645515 0.018252762034535408 0.041131988167762756
v 0.028046222403645515 0.018252762034535408 0.041131988167762756
v 0.027524473145604134 0.017993243411183357 0.04117957130074501
v 0.02752447873353958 0.017926404252648354 0.040629755705595016
v 0.028046227991580963 0.018189765512943268 0.04061378538608551
v 0.028046227991580963 0.018189765512943268 0.04061378538608551
v 0.02752447873353958 0.017926404252648354 0.040629755705595016
v 0.027524469420313835 0.017926326021552086 0.04007589444518089
v 0.028046220541000366 0.0181896910071373 0.04009177163243294
v 0.028046220541000366 0.0181896910071373 0.04009177163243294
v 0.027524469420313835 0.017926326021552086 0.04007589444518089
v 0.027524448931217194 0.017993008717894554 0.03952605649828911
v 0.028046200051903725 0.0182525385171175 0.0395735539495945
v 0.028046200051903725 0.0182525385171175 0.0395735539495945
v 0.027524448931217194 0.017993008717894554 0.03952605649828911
v 0.027524417266249657 0.01812548004090786 0.03898826986551285
v 0.028046168386936188 0.0183773934841156 0.03906669095158577
v 0.028046168386936188 0.0183773934841156 0.03906669095158577
v 0.027524417266249657 0.01812548004090786 0.03898826986551285
v 0.027524370700120926 0.01832180842757225 0.03847036883234978
v 0.028046127408742905 0.018562432378530502 0.0385785736143589
v 0.028046127408742905 0.018562432378530502 0.0385785736143589
v 0.027524370700120926 0.01832180842757225 0.03847036883234978
v 0.02752431482076645 0.018579132854938507 0.037979912012815475
v 0.028046073392033577 0.01880495995283127 0.03811631724238396
v 0.028046073392033577 0.01880495995283127 0.03811631724238396
v 0.02752431482076645 0.018579132854938507 0.037979912012815475
v 0.027524249628186226 0.01889369823038578 0.03752404451370239
v 0.028046010062098503 0.01910143718123436 0.03768666461110115
v 0.028046010062098503 0.01910143718123436 0.03768666461110115
v 0.027524249628186226 0.01889369823038578 0.03752404451370239
v 0.027524173259735107 0.019260918721556664 0.03710941970348358
v 0.028045939281582832 0.01944754086434841 0.037295881658792496
v 0.028045939281582832 0.01944754086434841 0.037295881658792496
v 0.027524173259735107 0.019260918721556664 0.03710941970348358
v 0.027524089440703392 0.019675439223647118 0.03674208000302315
v 0.028045859187841415 0.019838225096464157 0.03694966435432434
v 0.028045859187841415 0.019838225096464157 0.03694966435432434
v 0.027524089440703392 0.019675439223647118 0.03674208000302315
v 0.02752399630844593 0.020131215453147888 0.03642738610506058
v 0.02804577350616455 0.0202677920460701 0.0366530679166317
v 0.02804577350616455 0.0202677920460701 0.0366530679166317
v 0.02752399630844593 0.020131215453147888 0.03642738610506058
v 0.02752389945089817 0.02062160149216652 0.03616992384195328
v 0.02804568223655224 0.020729979500174522 0.036410409957170486
v 0.02804568223655224 0.020729979500174522 0.036410409957170486
v 0.02752389945089817 0.02062160149216652 0.03616992384195328
v 0.027523798868060112 0.021139444783329964 0.0359734445810318
v 0.028045587241649628 0.02121804468333721 0.03622522950172424
v 0.028045587241649628 0.02121804468333721 0.03622522950172424
v 0.027523798868060112 0.021139444783329964 0.0359734445810318
v 0.027523694559931755 0.02167719602584839 0.03584082052111626
v 0.02804548852145672 0.021724872291088104 0.03610023111104965
v 0.02804548852145672 0.021724872291088104 0.03610023111104965
v 0.027523694559931755 0.02167719602584839 0.03584082052111626
v 0.02752358838915825 0.022227011620998383 0.03577398136258125
v 0.02804538793861866 0.0222430732101202 0.03603723645210266
v 0.02804538793861866 0.0222430732101202 0.03603723645210266
v 0.02752358838915825 0.022227011620998383 0.03577398136258125
v 0.027523482218384743 0.022780874744057655 0.035773903131484985
v 0.02804528921842575 0.022765086963772774 0.03603716194629669
v 0.027523482218384743 0.022780874744057655 0.035773903131484985
v 0.027523482218384743 0.022780874744057655 0.035773903131484985
v 0.026974350214004517 0.023366814479231834 0.035642851144075394
v 0.027523379772901535 0.02333071082830429 0.035840585827827454
v 0.027523379772901535 0.02333071082830429 0.035840585827827454
v 0.026974350214004517 0.023366814479231834 0.035642851144075394
v 0.02697424404323101 0.023928174749016762 0.0357811264693737
v 0.027523279190063477 0.0238684993237257 0.03597305715084076
v 0.027523279190063477 0.0238684993237257 0.03597305715084076
v 0.02697424404323101 0.023928174749016762 0.0357811264693737
v 0.0269741453230381 0.02446877397596836 0.03598606213927269
v 0.027523182332515717 0.024386398494243622 0.03616938367486
v 0.027523182332515717 0.024386398494243622 0.03616938367486
v 0.0269741453230381 0.02446877397596836 0.03598606213927269
v 0.02697405032813549 0.024980729445815086 0.03625466302037239
v 0.027523092925548553 0.024876857176423073 0.03642670810222626
v 0.027523092925548553 0.024876857176423073 0.03642670810222626
v 0.02697405032813549 0.024980729445815086 0.03625466302037239
v 0.026973964646458626 0.02545657567679882 0.03658301755785942
v 0.027523010969161987 0.025332722812891006 0.03674127534031868
v 0.027523010969161987 0.025332722812891006 0.03674127534031868
v 0.026973964646458626 0.02545657567679882 0.03658301755785942
v 0.026973888278007507 0.025889374315738678 0.03696633130311966
v 0.027522936463356018 0.025747347623109818 0.03710849583148956
v 0.027522936463356018 0.025747347623109818 0.03710849583148956
v 0.026973888278007507 0.025889374315738678 0.03696633130311966
v 0.026973821222782135 0.026272812858223915 0.03739902377128601
v 0.027522873133420944 0.02611468732357025 0.03752301633358002
v 0.027522873133420944 0.02611468732357025 0.03752301633358002
v 0.026973821222782135 0.026272812858223915 0.03739902377128601
v 0.026973765343427658 0.02660130150616169 0.03787477687001228
v 0.027522819116711617 0.02642938308417797 0.03797879070043564
v 0.027522819116711617 0.02642938308417797 0.03797879070043564
v 0.026973765343427658 0.02660130150616169 0.03787477687001228
v 0.026973722502589226 0.02687004953622818 0.03838665410876274
v 0.027522778138518333 0.02668684534728527 0.03846917673945427
v 0.027522778138518333 0.02668684534728527 0.03846917673945427
v 0.026973722502589226 0.02687004953622818 0.03838665410876274
v 0.02697369083762169 0.027075137943029404 0.038927193731069565
v 0.027522748336195946 0.0268833227455616 0.03898702189326286
v 0.027522748336195946 0.0268833227455616 0.03898702189326286
v 0.02697369083762169 0.027075137943029404 0.038927193731069565
v 0.026973672211170197 0.027213575318455696 0.03948851674795151
v 0.027522731572389603 0.027015946805477142 0.03952477127313614
v 0.027522731572389603 0.027015946805477142 0.03952477127313614
v 0.026973672211170197 0.027213575318455696 0.03948851674795151
v 0.026973668485879898 0.02728334441781044 0.04006243124604225
v 0.027522725984454155 0.027082787826657295 0.04007458686828613
v 0.027522725984454155 0.027082787826657295 0.04007458686828613
v 0.026973668485879898 0.02728334441781044 0.04006243124604225
v 0.026973675936460495 0.027283426374197006 0.04064057022333145
v 0.027522733435034752 0.027082866057753563 0.040628451853990555
v 0.027522733435034752 0.027082866057753563 0.040628451853990555
v 0.026973675936460495 0.027283426374197006 0.04064057022333145
v 0.026973698288202286 0.027213821187615395 0.04121450334787369
v 0.027522755786776543 0.027016183361411095 0.04117828607559204
v 0.027522755786776543 0.027016183361411095 0.04117828607559204
v 0.026973698288202286 0.027213821187615395 0.04121450334787369
v 0.026973731815814972 0.027075543999671936 0.041775863617658615
v 0.02752278745174408 0.02688371203839779 0.0417160764336586
v 0.02752278745174408 0.02688371203839779 0.0417160764336586
v 0.026973731815814972 0.027075543999671936 0.041775863617658615
v 0.026973780244588852 0.02687060832977295 0.042316462844610214
v 0.02752283215522766 0.02668738178908825 0.04223397374153137
v 0.02752283215522766 0.02668738178908825 0.04223397374153137
v 0.026973780244588852 0.02687060832977295 0.042316462844610214
v 0.026973837986588478 0.02660200744867325 0.04282841831445694
v 0.027522889897227287 0.02643005922436714 0.04272443428635597
v 0.027522889897227287 0.02643005922436714 0.04272443428635597
v 0.026973837986588478 0.02660200744867325 0.04282841831445694
v 0.026973906904459 0.026273654773831367 0.043304264545440674
v 0.02752295508980751 0.02611549384891987 0.043180301785469055
v 0.02752295508980751 0.02611549384891987 0.043180301785469055
v 0.026973906904459 0.026273654773831367 0.043304264545440674
v 0.026973986998200417 0.02589033916592598 0.04373706504702568
v 0.02752303145825863 0.025748273357748985 0.043594926595687866
v 0.02752303145825863 0.025748273357748985 0.043594926595687866
v 0.026973986998200417 0.02589033916592598 0.04373706504702568
v 0.02697407454252243 0.025457650423049927 0.04412050172686577
v 0.027523115277290344 0.02533375285565853 0.043962262570858
v 0.027523115277290344 0.02533375285565853 0.043962262570858
v 0.02697407454252243 0.025457650423049927 0.04412050172686577
v 0.02697416953742504 0.024981897324323654 0.04444899037480354
v 0.027523206546902657 0.02487797662615776 0.04427696019411087
v 0.027523206546902657 0.02487797662615776 0.04427696019411087
v 0.02697416953742504 0.024981897324323654 0.04444899037480354
v 0.02697427198290825 0.024470018222928047 0.04471774026751518
v 0.027523305267095566 0.02438759058713913 0.04453442245721817
v 0.027523305267095566 0.02438759058713913 0.04453442245721817
v 0.02697427198290825 0.024470018222928047 0.04471774026751518
v 0.026974378153681755 0.023929476737976074 0.044922828674316406
v 0.027523405849933624 0.023869747295975685 0.04473089799284935
v 0.027523405849933624 0.023869747295975685 0.04473089799284935
v 0.026974378153681755 0.023929476737976074 0.044922828674316406
v 0.02697448618710041 0.02336815744638443 0.04506126418709755
v 0.02752351015806198 0.02333199605345726 0.04486352577805519
v 0.02752351015806198 0.02333199605345726 0.04486352577805519
v 0.02697448618710041 0.02336815744638443 0.04506126418709755
v 0.026974597945809364 0.022794242948293686 0.04513103514909744
v 0.027523616328835487 0.022782180458307266 0.044930364936590195
v 0.027523616328835487 0.022782180458307266 0.044930364936590195
v 0.026974597945809364 0.022794242948293686 0.04513103514909744
v 0.02697470784187317 0.022216102108359337 0.04513111710548401
v 0.027523722499608994 0.022228315472602844 0.04493044316768646
v 0.027523722499608994 0.022228315472602844 0.04493044316768646
v 0.02697470784187317 0.022216102108359337 0.04513111710548401
v 0.026974815875291824 0.02164216712117195 0.04506151005625725
v 0.0275238249450922 0.021678481251001358 0.044863760471343994
v 0.0275238249450922 0.021678481251001358 0.044863760471343994
v 0.026974815875291824 0.02164216712117195 0.04506151005625725
v 0.02697492018342018 0.021080808714032173 0.04492323473095894
v 0.02752392552793026 0.02114069275557995 0.04473128914833069
v 0.02752392552793026 0.02114069275557995 0.04473128914833069
v 0.02697492018342018 0.021080808714032173 0.04492323473095894
v 0.02697502076625824 0.020540209487080574 0.04471829906105995
v 0.02752402238547802 0.020622793585062027 0.04453495889902115
v 0.02752402238547802 0.020622793585062027 0.04453495889902115
v 0.02697502076625824 0.020540209487080574 0.04471829906105995
v 0.0269751138985157 0.02002825401723385 0.04444969817996025
v 0.027524111792445183 0.020132334902882576 0.04427763447165489
v 0.027524111792445183 0.020132334902882576 0.04427763447165489
v 0.0269751138985157 0.02002825401723385 0.04444969817996025
v 0.026975199580192566 0.019552407786250114 0.04412134364247322
v 0.02752419374883175 0.019676467403769493 0.04396307095885277
v 0.02752419374883175 0.019676467403769493 0.04396307095885277
v 0.026975199580192566 0.019552407786250114 0.04412134364247322
v 0.026975275948643684 0.019119609147310257 0.043738026171922684
v 0.02752426639199257 0.019261842593550682 0.043595850467681885
v 0.02752426639199257 0.019261842593550682 0.043595850467681885
v 0.026975275948643684 0.019119609147310257 0.043738026171922684
v 0.026975343003869057 0.01873616874217987 0.04330533742904663
v 0.027524331584572792 0.018894504755735397 0.04318132996559143
v 0.027524331584572792 0.018894504755735397 0.04318132996559143
v 0.026975343003869057 0.01873616874217987 0.04330533742904663
v 0.026975398883223534 0.018407680094242096 0.04282958433032036
v 0.02752438373863697 0.018579808995127678 0.04272555187344551
v 0.02752438373863697 0.018579808995127678 0.04272555187344551
v 0.026975398883223534 0.018407680094242096 0.04282958433032036
v 0.026975443586707115 0.018138932064175606 0.0423177070915699
v 0.027524426579475403 0.01832234486937523 0.04223516583442688
v 0.027524426579475403 0.01832234486937523 0.04223516583442688
v 0.026975443586707115 0.018138932064175606 0.0423177070915699
v 0.026975473389029503 0.01793384552001953 0.04177716746926308
v 0.02752445638179779 0.01812586933374405 0.041717324405908585
v 0.02752445638179779 0.01812586933374405 0.041717324405908585
v 0.026975473389029503 0.01793384552001953 0.04177716746926308
v 0.026975492015480995 0.01779540628194809 0.041215844452381134
v 0.027524473145604134 0.017993243411183357 0.04117957130074501
v 0.027524473145604134 0.017993243411183357 0.04117957130074501
v 0.026975492015480995 0.01779540628194809 0.041215844452381134
v 0.026975497603416443 0.017725637182593346 0.04064192995429039
v 0.02752447873353958 0.017926404252648354 0.040629755705595016
v 0.02752447873353958 0.017926404252648354 0.040629755705595016
v 0.026975497603416443 0.017725637182593346 0.04064192995429039
v 0.026975488290190697 0.01772555522620678 0.04006379097700119
v 0.027524469420313835 0.017926326021552086 0.04007589444518089
v 0.027524469420313835 0.017926326021552086 0.04007589444518089
v 0.026975488290190697 0.01772555522620678 0.04006379097700119
v 0.026975467801094055 0.01779516041278839 0.039489857852458954
v 0.027524448931217194 0.017993008717894554 0.03952605649828911
v 0.027524448931217194 0.017993008717894554 0.03952605649828911
v 0.026975467801094055 0.01779516041278839 0.039489857852458954
v 0.02697543241083622 0.017933439463377 0.038928497582674026
v 0.027524417266249657 0.01812548004090786 0.03898826986551285
v 0.027524417266249657 0.01812548004090786 0.03898826986551285
v 0.02697543241083622 0.017933439463377 0.038928497582674026
v 0.02697538584470749 0.018138373270630836 0.03838789835572243
v 0.027524370700120926 0.01832180842757225 0.03847036883234978
v 0.027524370700120926 0.01832180842757225 0.03847036883234978
v 0.02697538584470749 0.018138373270630836 0.03838789835572243
v 0.026975326240062714 0.018406974151730537 0.0378759428858757
v 0.02752431482076645 0.018579132854938507 0.037979912012815475
v 0.02752431482076645 0.018579132854938507 0.037979912012815475
v 0.026975326240062714 0.018406974151730537 0.0378759428858757
v 0.026975257322192192 0.018735326826572418 0.03740009665489197
v 0.027524249628186226 0.01889369823038578 0.03752404451370239
v 0.027524249628186226 0.01889369823038578 0.03752404451370239
v 0.026975257322192192 0.018735326826572418 0.03740009665489197
v 0.026975179091095924 0.019118644297122955 0.03696729615330696
v 0.027524173259735107 0.019260918721556664 0.03710941970348358
v 0.027524173259735107 0.019260918721556664 0.03710941970348358
v 0.026975179091095924 0.019118644297122955 0.03696729615330696
v 0.02697508968412876 0.019551333039999008 0.03658385947346687
v 0.027524089440703392 0.019675439223647118 0.03674208000302315
v 0.027524089440703392 0.019675439223647118 0.03674208000302315
v 0.02697508968412876 0.019551333039999008 0.03658385947346687
v 0.02697499468922615 0.02002708613872528 0.0362553708255291
v 0.02752399630844593 0.020131215453147888 0.03642738610506058
v 0.02752399630844593 0.020131215453147888 0.03642738610506058
v 0.02697499468922615 0.02002708613872528 0.0362553708255291
v 0.026974894106388092 0.020538965240120888 0.03598662093281746
v 0.02752389945089817 0.02062160149216652 0.03616992384195328
v 0.02752389945089817 0.02062160149216652 0.03616992384195328
v 0.026974894106388092 0.020538965240120888 0.03598662093281746
v 0.026974787935614586 0.02107950486242771 0.035781532526016235
v 0.027523798868060112 0.021139444783329964 0.0359734445810318
v 0.027523798868060112 0.021139444783329964 0.0359734445810318
v 0.026974787935614586 0.02107950486242771 0.035781532526016235
v 0.02697467803955078 0.021640826016664505 0.03564309701323509
v 0.027523694559931755 0.02167719602584839 0.03584082052111626
v 0.027523694559931755 0.02167719602584839 0.03584082052111626
v 0.02697467803955078 0.021640826016664505 0.03564309701323509
v 0.026974568143486977 0.02221474051475525 0.0355733260512352
v 0.02752358838915825 0.022227011620998383 0.03577398136258125
v 0.02752358838915825 0.022227011620998383 0.03577398136258125
v 0.026974568143486977 0.02221474051475525 0.0355733260512352
v 0.026974458247423172 0.02279287949204445 0.03557324409484863
v 0.027523482218384743 0.022780874744057655 0.035773903131484985
v 0.026974458247423172 0.02279287949204445 0.03557324409484863
v 0.026974458247423172 0.02279287949204445 0.03557324409484863
v 0.026405610144138336 0.023391123861074448 0.03550950810313225
v 0.026974350214004517 0.023366814479231834 0.035642851144075394
v 0.026974350214004517 0.023366814479231834 0.035642851144075394
v 0.026405610144138336 0.023391123861074448 0.03550950810313225
v 0.02640550211071968 0.023968378081917763 0.03565170243382454
v 0.02697424404323101 0.023928174749016762 0.0357811264693737
v 0.02697424404323101 0.023928174749016762 0.0357811264693737
v 0.02640550211071968 0.023968378081917763 0.03565170243382454
v 0.026405399665236473 0.02452428638935089 0.03586243838071823
v 0.0269741453230381 0.02446877397596836 0.03598606213927269
v 0.0269741453230381 0.02446877397596836 0.03598606213927269
v 0.026405399665236473 0.02452428638935089 0.03586243838071823
v 0.026405302807688713 0.02505073882639408 0.03613864630460739
v 0.02697405032813549 0.024980729445815086 0.03625466302037239
v 0.02697405032813549 0.024980729445815086 0.03625466302037239
v 0.026405302807688713 0.02505073882639408 0.03613864630460739
v 0.0264052152633667 0.025540059432387352 0.036476295441389084
v 0.026973964646458626 0.02545657567679882 0.03658301755785942
v 0.026973964646458626 0.02545657567679882 0.03658301755785942
v 0.0264052152633667 0.025540059432387352 0.036476295441389084
v 0.026405135169625282 0.025985112413764 0.03687046840786934
v 0.026973888278007507 0.025889374315738678 0.03696633130311966
v 0.026973888278007507 0.025889374315738678 0.03696633130311966
v 0.026405135169625282 0.025985112413764 0.03687046840786934
v 0.02640506625175476 0.026379408314824104 0.03731540963053703
v 0.026973821222782135 0.026272812858223915 0.03739902377128601
v 0.026973821222782135 0.026272812858223915 0.03739902377128601
v 0.02640506625175476 0.026379408314824104 0.03731540963053703
v 0.026405010372400284 0.02671719901263714 0.037804633378982544
v 0.026973765343427658 0.02660130150616169 0.03787477687001228
v 0.026973765343427658 0.02660130150616169 0.03787477687001228
v 0.026405010372400284 0.02671719901263714 0.037804633378982544
v 0.026404965668916702 0.026993557810783386 0.03833100572228432
v 0.026973722502589226 0.02687004953622818 0.03838665410876274
v 0.026973722502589226 0.02687004953622818 0.03838665410876274
v 0.026404965668916702 0.026993557810783386 0.03833100572228432
v 0.026404932141304016 0.027204452082514763 0.03888685256242752
v 0.02697369083762169 0.027075137943029404 0.038927193731069565
v 0.02697369083762169 0.027075137943029404 0.038927193731069565
v 0.026404932141304016 0.027204452082514763 0.03888685256242752
v 0.026404913514852524 0.027346810325980186 0.0394640676677227
v 0.026973672211170197 0.027213575318455696 0.03948851674795151
v 0.026973672211170197 0.027213575318455696 0.03948851674795151
v 0.026404913514852524 0.027346810325980186 0.0394640676677227
v 0.026404909789562225 0.027418555691838264 0.04005423188209534
v 0.026973668485879898 0.02728334441781044 0.04006243124604225
v 0.026973668485879898 0.02728334441781044 0.04006243124604225
v 0.026404909789562225 0.027418555691838264 0.04005423188209534
v 0.026404917240142822 0.02741863951086998 0.04064874351024628
v 0.026973675936460495 0.027283426374197006 0.04064057022333145
v 0.026973675936460495 0.027283426374197006 0.04064057022333145
v 0.026404917240142822 0.02741863951086998 0.04064874351024628
v 0.026404939591884613 0.027347063645720482 0.0412389300763607
v 0.026973698288202286 0.027213821187615395 0.04121450334787369
v 0.026973698288202286 0.027213821187615395 0.04121450334787369
v 0.026404939591884613 0.027347063645720482 0.0412389300763607
v 0.02640497498214245 0.02720486931502819 0.04181618615984917
v 0.026973731815814972 0.027075543999671936 0.041775863617658615
v 0.026973731815814972 0.027075543999671936 0.041775863617658615
v 0.02640497498214245 0.02720486931502819 0.04181618615984917
v 0.02640502341091633 0.0269941333681345 0.042372092604637146
v 0.026973780244588852 0.02687060832977295 0.042316462844610214
v 0.026973780244588852 0.02687060832977295 0.042316462844610214
v 0.02640502341091633 0.0269941333681345 0.042372092604637146
v 0.026405083015561104 0.02671792544424534 0.04289854317903519
v 0.026973837986588478 0.02660200744867325 0.04282841831445694
v 0.026973837986588478 0.02660200744867325 0.04282841831445694
v 0.026405083015561104 0.02671792544424534 0.04289854317903519
v 0.026405155658721924 0.026380274444818497 0.04338786378502846
v 0.026973906904459 0.026273654773831367 0.043304264545440674
v 0.026973906904459 0.026273654773831367 0.043304264545440674
v 0.026405155658721924 0.026380274444818497 0.04338786378502846
v 0.02640523761510849 0.02598610520362854 0.043832916766405106
v 0.026973986998200417 0.02589033916592598 0.04373706504702568
v 0.026973986998200417 0.02589033916592598 0.04373706504702568
v 0.02640523761510849 0.02598610520362854 0.043832916766405106
v 0.026405327022075653 0.025541163980960846 0.04422721639275551
v 0.02697407454252243 0.025457650423049927 0.04412050172686577
v 0.02697407454252243 0.025457650423049927 0.04412050172686577
v 0.026405327022075653 0.025541163980960846 0.04422721639275551
v 0.026405425742268562 0.025051938369870186 0.04456500709056854
v 0.02697416953742504 0.024981897324323654 0.04444899037480354
v 0.02697416953742504 0.024981897324323654 0.04444899037480354
v 0.026405425742268562 0.025051938369870186 0.04456500709056854
v 0.02640553005039692 0.024525566026568413 0.04484136402606964
v 0.02697427198290825 0.024470018222928047 0.04471774026751518
v 0.02697427198290825 0.024470018222928047 0.04471774026751518
v 0.02640553005039692 0.024525566026568413 0.04484136402606964
v 0.026405638083815575 0.02396971918642521 0.04505226016044617
v 0.026974378153681755 0.023929476737976074 0.044922828674316406
v 0.026974378153681755 0.023929476737976074 0.044922828674316406
v 0.026405638083815575 0.02396971918642521 0.04505226016044617
v 0.026405751705169678 0.023392504081130028 0.04519461467862129
v 0.02697448618710041 0.02336815744638443 0.04506126418709755
v 0.02697448618710041 0.02336815744638443 0.04506126418709755
v 0.026405751705169678 0.023392504081130028 0.04519461467862129
v 0.02640586346387863 0.022802338004112244 0.04526636004447937
v 0.026974597945809364 0.022794242948293686 0.04513103514909744
v 0.026974597945809364 0.022794242948293686 0.04513103514909744
v 0.02640586346387863 0.022802338004112244 0.04526636004447937
v 0.026405977085232735 0.022207828238606453 0.045266445726156235
v 0.02697470784187317 0.022216102108359337 0.04513111710548401
v 0.02697470784187317 0.022216102108359337 0.04513111710548401
v 0.026405977085232735 0.022207828238606453 0.045266445726156235
v 0.02640608884394169 0.021617641672492027 0.04519486799836159
v 0.026974815875291824 0.02164216712117195 0.04506151005625725
v 0.026974815875291824 0.02164216712117195 0.04506151005625725
v 0.02640608884394169 0.021617641672492027 0.04519486799836159
v 0.026406196877360344 0.021040387451648712 0.045052677392959595
v 0.02697492018342018 0.021080808714032173 0.04492323473095894
v 0.02697492018342018 0.021080808714032173 0.04492323473095894
v 0.026406196877360344 0.021040387451648712 0.045052677392959595
v 0.02640629932284355 0.020484479144215584 0.044841937720775604
v 0.02697502076625824 0.020540209487080574 0.04471829906105995
v 0.02697502076625824 0.020540209487080574 0.04471829906105995
v 0.02640629932284355 0.020484479144215584 0.044841937720775604
v 0.02640639618039131 0.019958026707172394 0.044565729796886444
v 0.0269751138985157 0.02002825401723385 0.04444969817996025
v 0.0269751138985157 0.02002825401723385 0.04444969817996025
v 0.02640639618039131 0.019958026707172394 0.044565729796886444
v 0.026406483724713326 0.019468706101179123 0.04422808066010475
v 0.026975199580192566 0.019552407786250114 0.04412134364247322
v 0.026975199580192566 0.019552407786250114 0.04412134364247322
v 0.026406483724713326 0.019468706101179123 0.04422808066010475
v 0.026406563818454742 0.019023653119802475 0.043833911418914795
v 0.026975275948643684 0.019119609147310257 0.043738026171922684
v 0.026975275948643684 0.019119609147310257 0.043738026171922684
v 0.026406563818454742 0.019023653119802475 0.043833911418914795
v 0.026406632736325264 0.01862935721874237 0.0433889701962471
v 0.026975343003869057 0.01873616874217987 0.04330533742904663
v 0.026975343003869057 0.01873616874217987 0.04330533742904663
v 0.026406632736325264 0.01862935721874237 0.0433889701962471
v 0.02640668861567974 0.018291566520929337 0.04289974644780159
v 0.026975398883223534 0.018407680094242096 0.04282958433032036
v 0.026975398883223534 0.018407680094242096 0.04282958433032036
v 0.02640668861567974 0.018291566520929337 0.04289974644780159
v 0.026406733319163322 0.01801520772278309 0.04237337037920952
v 0.026975443586707115 0.018138932064175606 0.0423177070915699
v 0.026975443586707115 0.018138932064175606 0.0423177070915699
v 0.026406733319163322 0.01801520772278309 0.04237337037920952
v 0.02640676684677601 0.017804313451051712 0.041817523539066315
v 0.026975473389029503 0.01793384552001953 0.04177716746926308
v 0.026975473389029503 0.01793384552001953 0.04177716746926308
v 0.02640676684677601 0.017804313451051712 0.041817523539066315
v 0.0264067854732275 0.01766195520758629 0.04124030843377113
v 0.026975492015480995 0.01779540628194809 0.041215844452381134
v 0.026975492015480995 0.01779540628194809 0.041215844452381134
v 0.0264067854732275 0.01766195520758629 0.04124030843377113
v 0.0264067891985178 0.01759020984172821 0.0406501442193985
v 0.026975497603416443 0.017725637182593346 0.04064192995429039
v 0.026975497603416443 0.017725637182593346 0.04064192995429039
v 0.0264067891985178 0.01759020984172821 0.0406501442193985
v 0.026406781747937202 0.017590126022696495 0.04005563259124756
v 0.026975488290190697 0.01772555522620678 0.04006379097700119
v 0.026975488290190697 0.01772555522620678 0.04006379097700119
v 0.026406781747937202 0.017590126022696495 0.04005563259124756
v 0.02640675939619541 0.017661701887845993 0.03946544975042343
v 0.026975467801094055 0.01779516041278839 0.039489857852458954
v 0.026975467801094055 0.01779516041278839 0.039489857852458954
v 0.02640675939619541 0.017661701887845993 0.03946544975042343
v 0.026406724005937576 0.017803896218538284 0.03888819366693497
v 0.02697543241083622 0.017933439463377 0.038928497582674026
v 0.02697543241083622 0.017933439463377 0.038928497582674026
v 0.026406724005937576 0.017803896218538284 0.03888819366693497
v 0.026406675577163696 0.018014632165431976 0.03833228722214699
v 0.02697538584470749 0.018138373270630836 0.03838789835572243
v 0.02697538584470749 0.018138373270630836 0.03838789835572243
v 0.026406675577163696 0.018014632165431976 0.03833228722214699
v 0.02640661410987377 0.018290840089321136 0.03780583292245865
v 0.026975326240062714 0.018406974151730537 0.0378759428858757
v 0.026975326240062714 0.018406974151730537 0.0378759428858757
v 0.02640661410987377 0.018290840089321136 0.03780583292245865
v 0.0264065433293581 0.018628491088747978 0.03731651231646538
v 0.026975257322192192 0.018735326826572418 0.03740009665489197
v 0.026975257322192192 0.018735326826572418 0.03740009665489197
v 0.0264065433293581 0.018628491088747978 0.03731651231646538
v 0.026406461372971535 0.019022660329937935 0.03687145933508873
v 0.026975179091095924 0.019118644297122955 0.03696729615330696
v 0.026975179091095924 0.019118644297122955 0.03696729615330696
v 0.026406461372971535 0.019022660329937935 0.03687145933508873
v 0.02640637196600437 0.01946760155260563 0.036477163434028625
v 0.02697508968412876 0.019551333039999008 0.03658385947346687
v 0.02697508968412876 0.019551333039999008 0.03658385947346687
v 0.02640637196600437 0.01946760155260563 0.036477163434028625
v 0.026406273245811462 0.01995682716369629 0.03613937273621559
v 0.02697499468922615 0.02002708613872528 0.0362553708255291
v 0.02697499468922615 0.02002708613872528 0.0362553708255291
v 0.026406273245811462 0.01995682716369629 0.03613937273621559
v 0.026406168937683105 0.020483199506998062 0.03586301580071449
v 0.026974894106388092 0.020538965240120888 0.03598662093281746
v 0.026974894106388092 0.020538965240120888 0.03598662093281746
v 0.026406168937683105 0.020483199506998062 0.03586301580071449
v 0.02640606090426445 0.021039046347141266 0.03565211966633797
v 0.026974787935614586 0.02107950486242771 0.035781532526016235
v 0.026974787935614586 0.02107950486242771 0.035781532526016235
v 0.02640606090426445 0.021039046347141266 0.03565211966633797
v 0.026405947282910347 0.021616261452436447 0.03550976142287254
v 0.02697467803955078 0.021640826016664505 0.03564309701323509
v 0.02697467803955078 0.021640826016664505 0.03564309701323509
v 0.026405947282910347 0.021616261452436447 0.03550976142287254
v 0.026405833661556244 0.02220642752945423 0.035438016057014465
v 0.026974568143486977 0.02221474051475525 0.0355733260512352
v 0.026974568143486977 0.02221474051475525 0.0355733260512352
v 0.026405833661556244 0.02220642752945423 0.035438016057014465
v 0.02640572190284729 0.022800937294960022 0.0354379303753376
v 0.026974458247423172 0.02279287949204445 0.03557324409484863
v 0.02640572190284729 0.022800937294960022 0.0354379303753376
v 0.02640572190284729 0.022800937294960022 0.0354379303753376
v 0.025824936106801033 0.023403305560350418 0.03544238209724426
v 0.026405610144138336 0.023391123861074448 0.03550950810313225
v 0.026405610144138336 0.023391123861074448 0.03550950810313225
v 0.025824936106801033 0.023403305560350418 0.03544238209724426
v 0.02582482621073723 0.02398856356739998 0.03558654710650444
v 0.02640550211071968 0.023968378081917763 0.03565170243382454
v 0.02640550211071968 0.023968378081917763 0.03565170243382454
v 0.02582482621073723 0.02398856356739998 0.03558654710650444
v 0.02582472190260887 0.024552177637815475 0.035800207406282425
v 0.026405399665236473 0.02452428638935089 0.03586243838071823
v 0.026405399665236473 0.02452428638935089 0.03586243838071823
v 0.02582472190260887 0.024552177637815475 0.035800207406282425
v 0.02582462504506111 0.025085927918553352 0.036080241203308105
v 0.026405302807688713 0.02505073882639408 0.03613864630460739
v 0.026405302807688713 0.02505073882639408 0.03613864630460739
v 0.02582462504506111 0.025085927918553352 0.036080241203308105
v 0.02582453563809395 0.025582032278180122 0.036422573029994965
v 0.0264052152633667 0.025540059432387352 0.036476295441389084
v 0.0264052152633667 0.025540059432387352 0.036476295441389084
v 0.02582453563809395 0.025582032278180122 0.036422573029994965
v 0.02582445554435253 0.026033254340291023 0.036822207272052765
v 0.026405135169625282 0.025985112413764 0.03687046840786934
v 0.026405135169625282 0.025985112413764 0.03687046840786934
v 0.02582445554435253 0.026033254340291023 0.036822207272052765
v 0.02582438662648201 0.02643301710486412 0.03727331757545471
v 0.02640506625175476 0.026379408314824104 0.03731540963053703
v 0.02640506625175476 0.026379408314824104 0.03731540963053703
v 0.02582438662648201 0.02643301710486412 0.03727331757545471
v 0.025824328884482384 0.02677549049258232 0.03776932507753372
v 0.026405010372400284 0.02671719901263714 0.037804633378982544
v 0.026405010372400284 0.02671719901263714 0.037804633378982544
v 0.025824328884482384 0.02677549049258232 0.03776932507753372
v 0.025824282318353653 0.027055678889155388 0.03830299526453018
v 0.026404965668916702 0.026993557810783386 0.03833100572228432
v 0.026404965668916702 0.026993557810783386 0.03833100572228432
v 0.025824282318353653 0.027055678889155388 0.03830299526453018
v 0.025824250653386116 0.027269499376416206 0.038866546005010605
v 0.026404932141304016 0.027204452082514763 0.03888685256242752
v 0.026404932141304016 0.027204452082514763 0.03888685256242752
v 0.025824250653386116 0.027269499376416206 0.038866546005010605
v 0.025824230164289474 0.027413830161094666 0.03945176303386688
v 0.026404913514852524 0.027346810325980186 0.0394640676677227
v 0.026404913514852524 0.027346810325980186 0.0394640676677227
v 0.025824230164289474 0.027413830161094666 0.03945176303386688
v 0.025824226438999176 0.027486568316817284 0.04005011171102524
v 0.026404909789562225 0.027418555691838264 0.04005423188209534
v 0.026404909789562225 0.027418555691838264 0.04005423188209534
v 0.025824226438999176 0.027486568316817284 0.04005011171102524
v 0.025824233889579773 0.027486655861139297 0.040652863681316376
v 0.026404917240142822 0.02741863951086998 0.04064874351024628
v 0.026404917240142822 0.02741863951086998 0.04064874351024628
v 0.025824233889579773 0.027486655861139297 0.040652863681316376
v 0.025824256241321564 0.02741408720612526 0.041251230984926224
v 0.026404939591884613 0.027347063645720482 0.0412389300763607
v 0.026404939591884613 0.027347063645720482 0.0412389300763607
v 0.025824256241321564 0.02741408720612526 0.041251230984926224
v 0.02582429349422455 0.027269922196865082 0.041836488991975784
v 0.02640497498214245 0.02720486931502819 0.04181618615984917
v 0.02640497498214245 0.02720486931502819 0.04181618615984917
v 0.02582429349422455 0.027269922196865082 0.041836488991975784
v 0.02582434192299843 0.027056263759732246 0.04240010306239128
v 0.02640502341091633 0.0269941333681345 0.042372092604637146
v 0.02640502341091633 0.0269941333681345 0.042372092604637146
v 0.02582434192299843 0.027056263759732246 0.04240010306239128
v 0.025824403390288353 0.026776226237416267 0.04293385148048401
v 0.026405083015561104 0.02671792544424534 0.04289854317903519
v 0.026405083015561104 0.02671792544424534 0.04289854317903519
v 0.025824403390288353 0.026776226237416267 0.04293385148048401
v 0.025824476033449173 0.026433894410729408 0.04342995584011078
v 0.026405155658721924 0.026380274444818497 0.04338786378502846
v 0.026405155658721924 0.026380274444818497 0.04338786378502846
v 0.025824476033449173 0.026433894410729408 0.04342995584011078
v 0.02582455798983574 0.026034260168671608 0.04388118162751198
v 0.02640523761510849 0.02598610520362854 0.043832916766405106
v 0.02640523761510849 0.02598610520362854 0.043832916766405106
v 0.02582455798983574 0.026034260168671608 0.04388118162751198
v 0.02582464925944805 0.02558315172791481 0.044280942529439926
v 0.026405327022075653 0.025541163980960846 0.04422721639275551
v 0.026405327022075653 0.025541163980960846 0.04422721639275551
v 0.02582464925944805 0.02558315172791481 0.044280942529439926
v 0.02582474984228611 0.0250871442258358 0.04462341591715813
v 0.026405425742268562 0.025051938369870186 0.04456500709056854
v 0.026405425742268562 0.025051938369870186 0.04456500709056854
v 0.02582474984228611 0.0250871442258358 0.04462341591715813
v 0.025824856013059616 0.02455347403883934 0.04490360617637634
v 0.02640553005039692 0.024525566026568413 0.04484136402606964
v 0.02640553005039692 0.024525566026568413 0.04484136402606964
v 0.025824856013059616 0.02455347403883934 0.04490360617637634
v 0.02582496590912342 0.023989921435713768 0.04511742293834686
v 0.026405638083815575 0.02396971918642521 0.04505226016044617
v 0.026405638083815575 0.02396971918642521 0.04505226016044617
v 0.02582496590912342 0.023989921435713768 0.04511742293834686
v 0.025825079530477524 0.02340470440685749 0.04526175558567047
v 0.026405751705169678 0.023392504081130028 0.04519461467862129
v 0.026405751705169678 0.023392504081130028 0.04519461467862129
v 0.025825079530477524 0.02340470440685749 0.04526175558567047
v 0.025825195014476776 0.022806357592344284 0.04533449560403824
v 0.02640586346387863 0.022802338004112244 0.04526636004447937
v 0.02640586346387863 0.022802338004112244 0.04526636004447937
v 0.025825195014476776 0.022806357592344284 0.04533449560403824
v 0.02582530863583088 0.022203605622053146 0.0453345812857151
v 0.026405977085232735 0.022207828238606453 0.045266445726156235
v 0.026405977085232735 0.022207828238606453 0.045266445726156235
v 0.02582530863583088 0.022203605622053146 0.0453345812857151
v 0.025825422257184982 0.0216052383184433 0.045262012630701065
v 0.02640608884394169 0.021617641672492027 0.04519486799836159
v 0.02640608884394169 0.021617641672492027 0.04519486799836159
v 0.025825422257184982 0.0216052383184433 0.045262012630701065
v 0.025825532153248787 0.021019980311393738 0.04511784762144089
v 0.026406196877360344 0.021040387451648712 0.045052677392959595
v 0.026406196877360344 0.021040387451648712 0.045052677392959595
v 0.025825532153248787 0.021019980311393738 0.04511784762144089
v 0.025825636461377144 0.02045636624097824 0.0449041873216629
v 0.02640629932284355 0.020484479144215584 0.044841937720775604
v 0.02640629932284355 0.020484479144215584 0.044841937720775604
v 0.025825636461377144 0.02045636624097824 0.0449041873216629
v 0.025825733318924904 0.019922615960240364 0.04462415352463722
v 0.02640639618039131 0.019958026707172394 0.044565729796886444
v 0.02640639618039131 0.019958026707172394 0.044565729796886444
v 0.025825733318924904 0.019922615960240364 0.04462415352463722
v 0.025825822725892067 0.019426513463258743 0.04428182169795036
v 0.026406483724713326 0.019468706101179123 0.04422808066010475
v 0.026406483724713326 0.019468706101179123 0.04422808066010475
v 0.025825822725892067 0.019426513463258743 0.04428182169795036
v 0.025825902819633484 0.018975289538502693 0.04388218745589256
v 0.026406563818454742 0.019023653119802475 0.043833911418914795
v 0.026406563818454742 0.019023653119802475 0.043833911418914795
v 0.025825902819633484 0.018975289538502693 0.04388218745589256
v 0.025825971737504005 0.018575526773929596 0.043431077152490616
v 0.026406632736325264 0.01862935721874237 0.0433889701962471
v 0.026406632736325264 0.01862935721874237 0.0433889701962471
v 0.025825971737504005 0.018575526773929596 0.043431077152490616
v 0.02582603134214878 0.018233053386211395 0.042935069650411606
v 0.02640668861567974 0.018291566520929337 0.04289974644780159
v 0.02640668861567974 0.018291566520929337 0.04289974644780159
v 0.02582603134214878 0.018233053386211395 0.042935069650411606
v 0.025826076045632362 0.01795286498963833 0.042401399463415146
v 0.026406733319163322 0.01801520772278309 0.04237337037920952
v 0.026406733319163322 0.01801520772278309 0.04237337037920952
v 0.025826076045632362 0.01795286498963833 0.042401399463415146
v 0.0258261077105999 0.01773904636502266 0.04183784872293472
v 0.02640676684677601 0.017804313451051712 0.041817523539066315
v 0.02640676684677601 0.017804313451051712 0.041817523539066315
v 0.0258261077105999 0.01773904636502266 0.04183784872293472
v 0.02582612819969654 0.01759471371769905 0.041252631694078445
v 0.0264067854732275 0.01766195520758629 0.04124030843377113
v 0.0264067854732275 0.01766195520758629 0.04124030843377113
v 0.02582612819969654 0.01759471371769905 0.041252631694078445
v 0.02582613192498684 0.017521975561976433 0.04065428301692009
v 0.0264067891985178 0.01759020984172821 0.0406501442193985
v 0.0264067891985178 0.01759020984172821 0.0406501442193985
v 0.02582613192498684 0.017521975561976433 0.04065428301692009
v 0.025826124474406242 0.017521889880299568 0.04005153104662895
v 0.026406781747937202 0.017590126022696495 0.04005563259124756
v 0.026406781747937202 0.017590126022696495 0.04005563259124756
v 0.025826124474406242 0.017521889880299568 0.04005153104662895
v 0.02582610212266445 0.017594458535313606 0.039453163743019104
v 0.02640675939619541 0.017661701887845993 0.03946544975042343
v 0.02640675939619541 0.017661701887845993 0.03946544975042343
v 0.02582610212266445 0.017594458535313606 0.039453163743019104
v 0.025826064869761467 0.017738621681928635 0.03886790573596954
v 0.026406724005937576 0.017803896218538284 0.03888819366693497
v 0.026406724005937576 0.017803896218538284 0.03888819366693497
v 0.025826064869761467 0.017738621681928635 0.03886790573596954
v 0.025826016440987587 0.01795228011906147 0.03830429166555405
v 0.026406675577163696 0.018014632165431976 0.03833228722214699
v 0.026406675577163696 0.018014632165431976 0.03833228722214699
v 0.025826016440987587 0.01795228011906147 0.03830429166555405
v 0.025825954973697662 0.01823231764137745 0.03777054324746132
v 0.02640661410987377 0.018290840089321136 0.03780583292245865
v 0.02640661410987377 0.018290840089321136 0.03780583292245865
v 0.025825954973697662 0.01823231764137745 0.03777054324746132
v 0.025825882330536842 0.018574649468064308 0.03727443888783455
v 0.0264065433293581 0.018628491088747978 0.03731651231646538
v 0.0264065433293581 0.018628491088747978 0.03731651231646538
v 0.025825882330536842 0.018574649468064308 0.03727443888783455
v 0.025825800374150276 0.01897428371012211 0.03682321310043335
v 0.026406461372971535 0.019022660329937935 0.03687145933508873
v 0.026406461372971535 0.019022660329937935 0.03687145933508873
v 0.025825800374150276 0.01897428371012211 0.03682321310043335
v 0.025825709104537964 0.019425392150878906 0.0364234521985054
v 0.02640637196600437 0.01946760155260563 0.036477163434028625
v 0.02640637196600437 0.01946760155260563 0.036477163434028625
v 0.025825709104537964 0.019425392150878906 0.0364234521985054
v 0.025825608521699905 0.019921399652957916 0.0360809788107872
v 0.026406273245811462 0.01995682716369629 0.03613937273621559
v 0.026406273245811462 0.01995682716369629 0.03613937273621559
v 0.025825608521699905 0.019921399652957916 0.0360809788107872
v 0.0258255023509264 0.020455069839954376 0.035800788551568985
v 0.026406168937683105 0.020483199506998062 0.03586301580071449
v 0.026406168937683105 0.020483199506998062 0.03586301580071449
v 0.0258255023509264 0.020455069839954376 0.035800788551568985
v 0.025825392454862595 0.02101862244307995 0.035586971789598465
v 0.02640606090426445 0.021039046347141266 0.03565211966633797
v 0.02640606090426445 0.021039046347141266 0.03565211966633797
v 0.025825392454862595 0.02101862244307995 0.035586971789598465
v 0.02582527883350849 0.021603839471936226 0.03544263914227486
v 0.026405947282910347 0.021616261452436447 0.03550976142287254
v 0.026405947282910347 0.021616261452436447 0.03550976142287254
v 0.02582527883350849 0.021603839471936226 0.03544263914227486
v 0.02582516334950924 0.022202186286449432 0.03536989912390709
v 0.026405833661556244 0.02220642752945423 0.035438016057014465
v 0.026405833661556244 0.02220642752945423 0.035438016057014465
v 0.02582516334950924 0.022202186286449432 0.03536989912390709
v 0.025825049728155136 0.02280493825674057 0.035369813442230225
v 0.02640572190284729 0.022800937294960022 0.0354379303753376
v 0.025825049728155136 0.02280493825674057 0.035369813442230225
v 0.025825049728155136 0.02280493825674057 0.035369813442230225
v 0.02524026855826378 0.023403193801641464 0.03544238954782486
v 0.025824936106801033 0.023403305560350418 0.03544238209724426
v 0.025824936106801033 0.023403305560350418 0.03544238209724426
v 0.02524026855826378 0.023403193801641464 0.03544238954782486
v 0.025240160524845123 0.023988451808691025 0.03558655455708504
v 0.02582482621073723 0.02398856356739998 0.03558654710650444
v 0.02582482621073723 0.02398856356739998 0.03558654710650444
v 0.025240160524845123 0.023988451808691025 0.03558655455708504
v 0.025240056216716766 0.02455206587910652 0.03580021485686302
v 0.02582472190260887 0.024552177637815475 0.035800207406282425
v 0.02582472190260887 0.024552177637815475 0.035800207406282425
v 0.025240056216716766 0.02455206587910652 0.03580021485686302
v 0.025239957496523857 0.0250858161598444 0.036080252379179
v 0.02582462504506111 0.025085927918553352 0.036080241203308105
v 0.02582462504506111 0.025085927918553352 0.036080241203308105
v 0.025239957496523857 0.0250858161598444 0.036080252379179
v 0.025239868089556694 0.02558192051947117 0.03642258420586586
v 0.02582453563809395 0.025582032278180122 0.036422573029994965
v 0.02582453563809395 0.025582032278180122 0.036422573029994965
v 0.025239868089556694 0.02558192051947117 0.03642258420586586
v 0.025239787995815277 0.02603314258158207 0.03682221844792366
v 0.02582445554435253 0.026033254340291023 0.036822207272052765
v 0.02582445554435253 0.026033254340291023 0.036822207272052765
v 0.025239787995815277 0.02603314258158207 0.03682221844792366
v 0.025239719077944756 0.026432907208800316 0.03727332502603531
v 0.02582438662648201 0.02643301710486412 0.03727331757545471
v 0.02582438662648201 0.02643301710486412 0.03727331757545471
v 0.025239719077944756 0.026432907208800316 0.03727332502603531
v 0.02523966133594513 0.026775378733873367 0.03776933252811432
v 0.025824328884482384 0.02677549049258232 0.03776932507753372
v 0.025824328884482384 0.02677549049258232 0.03776932507753372
v 0.02523966133594513 0.026775378733873367 0.03776933252811432
v 0.0252396147698164 0.027055568993091583 0.03830300271511078
v 0.025824282318353653 0.027055678889155388 0.03830299526453018
v 0.025824282318353653 0.027055678889155388 0.03830299526453018
v 0.0252396147698164 0.027055568993091583 0.03830300271511078
v 0.02523958310484886 0.027269387617707253 0.0388665571808815
v 0.025824250653386116 0.027269499376416206 0.038866546005010605
v 0.025824250653386116 0.027269499376416206 0.038866546005010605
v 0.02523958310484886 0.027269387617707253 0.0388665571808815
v 0.02523956261575222 0.02741371840238571 0.03945177420973778
v 0.025824230164289474 0.027413830161094666 0.03945176303386688
v 0.025824230164289474 0.027413830161094666 0.03945176303386688
v 0.02523956261575222 0.02741371840238571 0.03945177420973778
v 0.02523955889046192 0.02748645842075348 0.040050119161605835
v 0.025824226438999176 0.027486568316817284 0.04005011171102524
v 0.025824226438999176 0.027486568316817284 0.04005011171102524
v 0.02523955889046192 0.02748645842075348 0.040050119161605835
v 0.02523956634104252 0.027486544102430344 0.04065287113189697
v 0.025824233889579773 0.027486655861139297 0.040652863681316376
v 0.025824233889579773 0.027486655861139297 0.040652863681316376
v 0.02523956634104252 0.027486544102430344 0.04065287113189697
v 0.02523959055542946 0.027413975447416306 0.04125123843550682
v 0.025824256241321564 0.02741408720612526 0.041251230984926224
v 0.025824256241321564 0.02741408720612526 0.041251230984926224
v 0.02523959055542946 0.027413975447416306 0.04125123843550682
v 0.025239625945687294 0.027269810438156128 0.04183649644255638
v 0.02582429349422455 0.027269922196865082 0.041836488991975784
v 0.02582429349422455 0.027269922196865082 0.041836488991975784
v 0.025239625945687294 0.027269810438156128 0.04183649644255638
v 0.025239674374461174 0.027056152001023293 0.04240011051297188
v 0.02582434192299843 0.027056263759732246 0.04240010306239128
v 0.02582434192299843 0.027056263759732246 0.04240010306239128
v 0.025239674374461174 0.027056152001023293 0.04240011051297188
v 0.0252397358417511 0.026776116341352463 0.042933862656354904
v 0.025824403390288353 0.026776226237416267 0.04293385148048401
v 0.025824403390288353 0.026776226237416267 0.04293385148048401
v 0.0252397358417511 0.026776116341352463 0.042933862656354904
v 0.02523980848491192 0.026433784514665604 0.043429967015981674
v 0.025824476033449173 0.026433894410729408 0.04342995584011078
v 0.025824476033449173 0.026433894410729408 0.04342995584011078
v 0.02523980848491192 0.026433784514665604 0.043429967015981674
v 0.025239890441298485 0.026034150272607803 0.043881189078092575
v 0.02582455798983574 0.026034260168671608 0.04388118162751198
v 0.02582455798983574 0.026034260168671608 0.04388118162751198
v 0.025239890441298485 0.026034150272607803 0.043881189078092575
v 0.025239983573555946 0.025583039969205856 0.04428094998002052
v 0.02582464925944805 0.02558315172791481 0.044280942529439926
v 0.02582464925944805 0.02558315172791481 0.044280942529439926
v 0.025239983573555946 0.025583039969205856 0.04428094998002052
v 0.025240082293748856 0.025087034329771996 0.044623423367738724
v 0.02582474984228611 0.0250871442258358 0.04462341591715813
v 0.02582474984228611 0.0250871442258358 0.04462341591715813
v 0.025240082293748856 0.025087034329771996 0.044623423367738724
v 0.025240188464522362 0.024553362280130386 0.04490361362695694
v 0.025824856013059616 0.02455347403883934 0.04490360617637634
v 0.025824856013059616 0.02455347403883934 0.04490360617637634
v 0.025240188464522362 0.024553362280130386 0.04490361362695694
v 0.025240298360586166 0.023989809677004814 0.04511743411421776
v 0.02582496590912342 0.023989921435713768 0.04511742293834686
v 0.02582496590912342 0.023989921435713768 0.04511742293834686
v 0.025240298360586166 0.023989809677004814 0.04511743411421776
v 0.02524041198194027 0.023404594510793686 0.04526176303625107
v 0.025825079530477524 0.02340470440685749 0.04526175558567047
v 0.025825079530477524 0.02340470440685749 0.04526175558567047
v 0.02524041198194027 0.023404594510793686 0.04526176303625107
v 0.025240527465939522 0.02280624769628048 0.045334503054618835
v 0.025825195014476776 0.022806357592344284 0.04533449560403824
v 0.025825195014476776 0.022806357592344284 0.04533449560403824
v 0.025240527465939522 0.02280624769628048 0.045334503054618835
v 0.025240641087293625 0.022203495725989342 0.0453345887362957
v 0.02582530863583088 0.022203605622053146 0.0453345812857151
v 0.02582530863583088 0.022203605622053146 0.0453345812857151
v 0.025240641087293625 0.022203495725989342 0.0453345887362957
v 0.025240754708647728 0.021605126559734344 0.04526202008128166
v 0.025825422257184982 0.0216052383184433 0.045262012630701065
v 0.025825422257184982 0.0216052383184433 0.045262012630701065
v 0.025240754708647728 0.021605126559734344 0.04526202008128166
v 0.025240864604711533 0.021019868552684784 0.045117855072021484
v 0.025825532153248787 0.021019980311393738 0.04511784762144089
v 0.025825532153248787 0.021019980311393738 0.04511784762144089
v 0.025240864604711533 0.021019868552684784 0.045117855072021484
v 0.02524096891283989 0.020456256344914436 0.0449041984975338
v 0.025825636461377144 0.02045636624097824 0.0449041873216629
v 0.025825636461377144 0.02045636624097824 0.0449041873216629
v 0.02524096891283989 0.020456256344914436 0.0449041984975338
v 0.02524106577038765 0.01992250606417656 0.04462416097521782
v 0.025825733318924904 0.019922615960240364 0.04462415352463722
v 0.025825733318924904 0.019922615960240364 0.04462415352463722
v 0.02524106577038765 0.01992250606417656 0.04462416097521782
v 0.025241155177354813 0.01942640170454979 0.04428182914853096
v 0.025825822725892067 0.019426513463258743 0.04428182169795036
v 0.025825822725892067 0.019426513463258743 0.04428182169795036
v 0.025241155177354813 0.01942640170454979 0.04428182914853096
v 0.02524123527109623 0.01897517777979374 0.04388219490647316
v 0.025825902819633484 0.018975289538502693 0.04388218745589256
v 0.025825902819633484 0.018975289538502693 0.04388218745589256
v 0.02524123527109623 0.01897517777979374 0.04388219490647316
v 0.02524130418896675 0.018575415015220642 0.04343108460307121
v 0.025825971737504005 0.018575526773929596 0.043431077152490616
v 0.025825971737504005 0.018575526773929596 0.043431077152490616
v 0.02524130418896675 0.018575415015220642 0.04343108460307121
v 0.025241363793611526 0.01823294162750244 0.0429350771009922
v 0.02582603134214878 0.018233053386211395 0.042935069650411606
v 0.02582603134214878 0.018233053386211395 0.042935069650411606
v 0.025241363793611526 0.01823294162750244 0.0429350771009922
v 0.025241408497095108 0.017952753230929375 0.04240140691399574
v 0.025826076045632362 0.01795286498963833 0.042401399463415146
v 0.025826076045632362 0.01795286498963833 0.042401399463415146
v 0.025241408497095108 0.017952753230929375 0.04240140691399574
v 0.025241442024707794 0.017738934606313705 0.04183785617351532
v 0.0258261077105999 0.01773904636502266 0.04183784872293472
v 0.0258261077105999 0.01773904636502266 0.04183784872293472
v 0.025241442024707794 0.017738934606313705 0.04183785617351532
v 0.025241460651159286 0.017594601958990097 0.04125263914465904
v 0.02582612819969654 0.01759471371769905 0.041252631694078445
v 0.02582612819969654 0.01759471371769905 0.041252631694078445
v 0.025241460651159286 0.017594601958990097 0.04125263914465904
v 0.025241466239094734 0.01752186380326748 0.04065429046750069
v 0.02582613192498684 0.017521975561976433 0.04065428301692009
v 0.02582613192498684 0.017521975561976433 0.04065428301692009
v 0.025241466239094734 0.01752186380326748 0.04065429046750069
v 0.025241456925868988 0.017521778121590614 0.04005153849720955
v 0.025826124474406242 0.017521889880299568 0.04005153104662895
v 0.025826124474406242 0.017521889880299568 0.04005153104662895
v 0.025241456925868988 0.017521778121590614 0.04005153849720955
v 0.025241434574127197 0.017594346776604652 0.0394531711935997
v 0.02582610212266445 0.017594458535313606 0.039453163743019104
v 0.02582610212266445 0.017594458535313606 0.039453163743019104
v 0.025241434574127197 0.017594346776604652 0.0394531711935997
v 0.025241397321224213 0.01773851178586483 0.03886791318655014
v 0.025826064869761467 0.017738621681928635 0.03886790573596954
v 0.025826064869761467 0.017738621681928635 0.03886790573596954
v 0.025241397321224213 0.01773851178586483 0.03886791318655014
v 0.025241348892450333 0.017952170222997665 0.038304299116134644
v 0.025826016440987587 0.01795228011906147 0.03830429166555405
v 0.025826016440987587 0.01795228011906147 0.03830429166555405
v 0.025241348892450333 0.017952170222997665 0.038304299116134644
v 0.025241287425160408 0.018232205882668495 0.037770550698041916
v 0.025825954973697662 0.01823231764137745 0.03777054324746132
v 0.025825954973697662 0.01823231764137745 0.03777054324746132
v 0.025241287425160408 0.018232205882668495 0.037770550698041916
v 0.025241214781999588 0.018574537709355354 0.037274446338415146
v 0.025825882330536842 0.018574649468064308 0.03727443888783455
v 0.025825882330536842 0.018574649468064308 0.03727443888783455
v 0.025241214781999588 0.018574537709355354 0.037274446338415146
v 0.025241132825613022 0.018974171951413155 0.036823224276304245
v 0.025825800374150276 0.01897428371012211 0.03682321310043335
v 0.025825800374150276 0.01897428371012211 0.03682321310043335
v 0.025241132825613022 0.018974171951413155 0.036823224276304245
v 0.02524104155600071 0.0194252822548151 0.036423459649086
v 0.025825709104537964 0.019425392150878906 0.0364234521985054
v 0.025825709104537964 0.019425392150878906 0.0364234521985054
v 0.02524104155600071 0.0194252822548151 0.036423459649086
v 0.02524094097316265 0.019921287894248962 0.0360809862613678
v 0.025825608521699905 0.019921399652957916 0.0360809788107872
v 0.025825608521699905 0.019921399652957916 0.0360809788107872
v 0.02524094097316265 0.019921287894248962 0.0360809862613678
v 0.025240836665034294 0.020454958081245422 0.03580079972743988
v 0.0258255023509264 0.020455069839954376 0.035800788551568985
v 0.0258255023509264 0.020455069839954376 0.035800788551568985
v 0.025240836665034294 0.020454958081245422 0.03580079972743988
v 0.02524072490632534 0.021018510684370995 0.03558697924017906
v 0.025825392454862595 0.02101862244307995 0.035586971789598465
v 0.025825392454862595 0.02101862244307995 0.035586971789598465
v 0.02524072490632534 0.021018510684370995 0.03558697924017906
v 0.025240611284971237 0.021603727713227272 0.035442646592855453
v 0.02582527883350849 0.021603839471936226 0.03544263914227486
v 0.02582527883350849 0.021603839471936226 0.03544263914227486
v 0.025240611284971237 0.021603727713227272 0.035442646592855453
v 0.025240497663617134 0.02220207452774048 0.035369910299777985
v 0.02582516334950924 0.022202186286449432 0.03536989912390709
v 0.02582516334950924 0.022202186286449432 0.03536989912390709
v 0.025240497663617134 0.02220207452774048 0.035369910299777985
v 0.025240382179617882 0.022804826498031616 0.03536982461810112
v 0.025825049728155136 0.02280493825674057 0.035369813442230225
v 0.025240382179617882 0.022804826498031616 0.03536982461810112
v 0.025240382179617882 0.022804826498031616 0.03536982461810112
v 0.024659601971507072 0.023390790447592735 0.03550953418016434
v 0.02524026855826378 0.023403193801641464 0.03544238954782486
v 0.02524026855826378 0.023403193801641464 0.03544238954782486
v 0.024659601971507072 0.023390790447592735 0.03550953418016434
v 0.024659493938088417 0.0239680465310812 0.03565172851085663
v 0.025240160524845123 0.023988451808691025 0.03558655455708504
v 0.025240160524845123 0.023988451808691025 0.03558655455708504
v 0.024659493938088417 0.0239680465310812 0.03565172851085663
v 0.02465939149260521 0.02452395297586918 0.03586246445775032
v 0.025240056216716766 0.02455206587910652 0.03580021485686302
v 0.025240056216716766 0.02455206587910652 0.03580021485686302
v 0.02465939149260521 0.02452395297586918 0.03586246445775032
v 0.02465929463505745 0.02505040541291237 0.03613867238163948
v 0.025239957496523857 0.0250858161598444 0.036080252379179
v 0.025239957496523857 0.0250858161598444 0.036080252379179
v 0.02465929463505745 0.02505040541291237 0.03613867238163948
v 0.024659207090735435 0.02553972601890564 0.03647632151842117
v 0.025239868089556694 0.02558192051947117 0.03642258420586586
v 0.025239868089556694 0.02558192051947117 0.03642258420586586
v 0.024659207090735435 0.02553972601890564 0.03647632151842117
v 0.02465912699699402 0.025984779000282288 0.03687049075961113
v 0.025239787995815277 0.02603314258158207 0.03682221844792366
v 0.025239787995815277 0.02603314258158207 0.03682221844792366
v 0.02465912699699402 0.025984779000282288 0.03687049075961113
v 0.024659059941768646 0.02637907676398754 0.03731543570756912
v 0.025239719077944756 0.026432907208800316 0.03727332502603531
v 0.025239719077944756 0.026432907208800316 0.03727332502603531
v 0.024659059941768646 0.02637907676398754 0.03731543570756912
v 0.02465900219976902 0.026716867461800575 0.03780465945601463
v 0.02523966133594513 0.026775378733873367 0.03776933252811432
v 0.02523966133594513 0.026775378733873367 0.03776933252811432
v 0.02465900219976902 0.026716867461800575 0.03780465945601463
v 0.02465895749628544 0.026993224397301674 0.038331031799316406
v 0.0252396147698164 0.027055568993091583 0.03830300271511078
v 0.0252396147698164 0.027055568993091583 0.03830300271511078
v 0.02465895749628544 0.026993224397301674 0.038331031799316406
v 0.0246589258313179 0.0272041205316782 0.03888687863945961
v 0.02523958310484886 0.027269387617707253 0.0388665571808815
v 0.02523958310484886 0.027269387617707253 0.0388665571808815
v 0.0246589258313179 0.0272041205316782 0.03888687863945961
v 0.02465890720486641 0.027346476912498474 0.03946409374475479
v 0.02523956261575222 0.02741371840238571 0.03945177420973778
v 0.02523956261575222 0.02741371840238571 0.03945177420973778
v 0.02465890720486641 0.027346476912498474 0.03946409374475479
v 0.02465890161693096 0.027418222278356552 0.040054257959127426
v 0.02523955889046192 0.02748645842075348 0.040050119161605835
v 0.02523955889046192 0.02748645842075348 0.040050119161605835
v 0.02465890161693096 0.027418222278356552 0.040054257959127426
v 0.02465890906751156 0.027418306097388268 0.040648769587278366
v 0.02523956634104252 0.027486544102430344 0.04065287113189697
v 0.02523956634104252 0.027486544102430344 0.04065287113189697
v 0.02465890906751156 0.027418306097388268 0.040648769587278366
v 0.02465893141925335 0.02734673023223877 0.04123895615339279
v 0.02523959055542946 0.027413975447416306 0.04125123843550682
v 0.02523959055542946 0.027413975447416306 0.04125123843550682
v 0.02465893141925335 0.02734673023223877 0.04123895615339279
v 0.024658966809511185 0.027204537764191628 0.041816212236881256
v 0.025239625945687294 0.027269810438156128 0.04183649644255638
v 0.025239625945687294 0.027269810438156128 0.04183649644255638
v 0.024658966809511185 0.027204537764191628 0.041816212236881256
v 0.024659015238285065 0.026993799954652786 0.042372118681669235
v 0.025239674374461174 0.027056152001023293 0.04240011051297188
v 0.025239674374461174 0.027056152001023293 0.04240011051297188
v 0.024659015238285065 0.026993799954652786 0.042372118681669235
v 0.02465907670557499 0.026717592030763626 0.042898569256067276
v 0.0252397358417511 0.026776116341352463 0.042933862656354904
v 0.0252397358417511 0.026776116341352463 0.042933862656354904
v 0.02465907670557499 0.026717592030763626 0.042898569256067276
v 0.02465914748609066 0.026379941031336784 0.04338788986206055
v 0.02523980848491192 0.026433784514665604 0.043429967015981674
v 0.02523980848491192 0.026433784514665604 0.043429967015981674
v 0.02465914748609066 0.026379941031336784 0.04338788986206055
v 0.024659229442477226 0.025985771790146828 0.043832942843437195
v 0.025239890441298485 0.026034150272607803 0.043881189078092575
v 0.025239890441298485 0.026034150272607803 0.043881189078092575
v 0.024659229442477226 0.025985771790146828 0.043832942843437195
v 0.02465931884944439 0.025540830567479134 0.0442272387444973
v 0.025239983573555946 0.025583039969205856 0.04428094998002052
v 0.025239983573555946 0.025583039969205856 0.04428094998002052
v 0.02465931884944439 0.025540830567479134 0.0442272387444973
v 0.0246594175696373 0.025051606819033623 0.04456502944231033
v 0.025240082293748856 0.025087034329771996 0.044623423367738724
v 0.025240082293748856 0.025087034329771996 0.044623423367738724
v 0.0246594175696373 0.025051606819033623 0.04456502944231033
v 0.024659521877765656 0.0245252326130867 0.04484139010310173
v 0.025240188464522362 0.024553362280130386 0.04490361362695694
v 0.025240188464522362 0.024553362280130386 0.04490361362695694
v 0.024659521877765656 0.0245252326130867 0.04484139010310173
v 0.02465963177382946 0.023969385772943497 0.04505228251218796
v 0.025240298360586166 0.023989809677004814 0.04511743411421776
v 0.025240298360586166 0.023989809677004814 0.04511743411421776
v 0.02465963177382946 0.023969385772943497 0.04505228251218796
v 0.024659743532538414 0.023392170667648315 0.04519464075565338
v 0.02524041198194027 0.023404594510793686 0.04526176303625107
v 0.02524041198194027 0.023404594510793686 0.04526176303625107
v 0.024659743532538414 0.023392170667648315 0.04519464075565338
v 0.024659857153892517 0.02280200645327568 0.04526638612151146
v 0.025240527465939522 0.02280624769628048 0.045334503054618835
v 0.025240527465939522 0.02280624769628048 0.045334503054618835
v 0.024659857153892517 0.02280200645327568 0.04526638612151146
v 0.02465996891260147 0.02220749482512474 0.045266471803188324
v 0.025240641087293625 0.022203495725989342 0.0453345887362957
v 0.025240641087293625 0.022203495725989342 0.0453345887362957
v 0.02465996891260147 0.02220749482512474 0.045266471803188324
v 0.024660080671310425 0.021617310121655464 0.04519489407539368
v 0.025240754708647728 0.021605126559734344 0.04526202008128166
v 0.025240754708647728 0.021605126559734344 0.04526202008128166
v 0.024660080671310425 0.021617310121655464 0.04519489407539368
v 0.02466018870472908 0.021040054038167 0.045052699744701385
v 0.025240864604711533 0.021019868552684784 0.045117855072021484
v 0.025240864604711533 0.021019868552684784 0.045117855072021484
v 0.02466018870472908 0.021040054038167 0.045052699744701385
v 0.024660291150212288 0.02048414759337902 0.044841963797807693
v 0.02524096891283989 0.020456256344914436 0.0449041984975338
v 0.02524096891283989 0.020456256344914436 0.0449041984975338
v 0.024660291150212288 0.02048414759337902 0.044841963797807693
v 0.024660388007760048 0.01995769515633583 0.04456575587391853
v 0.02524106577038765 0.01992250606417656 0.04462416097521782
v 0.02524106577038765 0.01992250606417656 0.04462416097521782
v 0.024660388007760048 0.01995769515633583 0.04456575587391853
v 0.024660475552082062 0.01946837455034256 0.04422810673713684
v 0.025241155177354813 0.01942640170454979 0.04428182914853096
v 0.025241155177354813 0.01942640170454979 0.04428182914853096
v 0.024660475552082062 0.01946837455034256 0.04422810673713684
v 0.02466055564582348 0.019023321568965912 0.043833937495946884
v 0.02524123527109623 0.01897517777979374 0.04388219490647316
v 0.02524123527109623 0.01897517777979374 0.04388219490647316
v 0.02466055564582348 0.019023321568965912 0.043833937495946884
v 0.024660624563694 0.018629023805260658 0.04338899627327919
v 0.02524130418896675 0.018575415015220642 0.04343108460307121
v 0.02524130418896675 0.018575415015220642 0.04343108460307121
v 0.024660624563694 0.018629023805260658 0.04338899627327919
v 0.024660680443048477 0.018291233107447624 0.04289976879954338
v 0.025241363793611526 0.01823294162750244 0.0429350771009922
v 0.025241363793611526 0.01823294162750244 0.0429350771009922
v 0.024660680443048477 0.018291233107447624 0.04289976879954338
v 0.024660727009177208 0.018014876171946526 0.04237339645624161
v 0.025241408497095108 0.017952753230929375 0.04240140691399574
v 0.025241408497095108 0.017952753230929375 0.04240140691399574
v 0.024660727009177208 0.018014876171946526 0.04237339645624161
v 0.024660758674144745 0.01780398003757 0.041817549616098404
v 0.025241442024707794 0.017738934606313705 0.04183785617351532
v 0.025241442024707794 0.017738934606313705 0.04183785617351532
v 0.024660758674144745 0.01780398003757 0.041817549616098404
v 0.024660777300596237 0.017661621794104576 0.04124033451080322
v 0.025241460651159286 0.017594601958990097 0.04125263914465904
v 0.025241460651159286 0.017594601958990097 0.04125263914465904
v 0.024660777300596237 0.017661621794104576 0.04124033451080322
v 0.024660782888531685 0.017589878290891647 0.04065017029643059
v 0.025241466239094734 0.01752186380326748 0.04065429046750069
v 0.025241466239094734 0.01752186380326748 0.04065429046750069
v 0.024660782888531685 0.017589878290891647 0.04065017029643059
v 0.02466077357530594 0.017589794471859932 0.04005565866827965
v 0.025241456925868988 0.017521778121590614 0.04005153849720955
v 0.025241456925868988 0.017521778121590614 0.04005153849720955
v 0.02466077357530594 0.017589794471859932 0.04005565866827965
v 0.024660751223564148 0.01766137033700943 0.03946547210216522
v 0.025241434574127197 0.017594346776604652 0.0394531711935997
v 0.025241434574127197 0.017594346776604652 0.0394531711935997
v 0.024660751223564148 0.01766137033700943 0.03946547210216522
v 0.024660715833306313 0.017803562805056572 0.038888219743967056
v 0.025241397321224213 0.01773851178586483 0.03886791318655014
v 0.025241397321224213 0.01773851178586483 0.03886791318655014
v 0.024660715833306313 0.017803562805056572 0.038888219743967056
v 0.024660667404532433 0.018014300614595413 0.03833230957388878
v 0.025241348892450333 0.017952170222997665 0.038304299116134644
v 0.025241348892450333 0.017952170222997665 0.038304299116134644
v 0.024660667404532433 0.018014300614595413 0.03833230957388878
v 0.024660607799887657 0.018290508538484573 0.03780585899949074
v 0.025241287425160408 0.018232205882668495 0.037770550698041916
v 0.025241287425160408 0.018232205882668495 0.037770550698041916
v 0.024660607799887657 0.018290508538484573 0.03780585899949074
v 0.024660535156726837 0.018628157675266266 0.03731653839349747
v 0.025241214781999588 0.018574537709355354 0.037274446338415146
v 0.025241214781999588 0.018574537709355354 0.037274446338415146
v 0.024660535156726837 0.018628157675266266 0.03731653839349747
v 0.02466045506298542 0.019022328779101372 0.03687148541212082
v 0.025241132825613022 0.018974171951413155 0.036823224276304245
v 0.025241132825613022 0.018974171951413155 0.036823224276304245
v 0.02466045506298542 0.019022328779101372 0.03687148541212082
v 0.024660363793373108 0.019467270001769066 0.036477189511060715
v 0.02524104155600071 0.0194252822548151 0.036423459649086
v 0.02524104155600071 0.0194252822548151 0.036423459649086
v 0.024660363793373108 0.019467270001769066 0.036477189511060715
v 0.0246602650731802 0.019956493750214577 0.03613939881324768
v 0.02524094097316265 0.019921287894248962 0.0360809862613678
v 0.02524094097316265 0.019921287894248962 0.0360809862613678
v 0.0246602650731802 0.019956493750214577 0.03613939881324768
v 0.024660160765051842 0.0204828679561615 0.035863038152456284
v 0.025240836665034294 0.020454958081245422 0.03580079972743988
v 0.025240836665034294 0.020454958081245422 0.03580079972743988
v 0.024660160765051842 0.0204828679561615 0.035863038152456284
v 0.024660052731633186 0.021038714796304703 0.035652145743370056
v 0.02524072490632534 0.021018510684370995 0.03558697924017906
v 0.02524072490632534 0.021018510684370995 0.03558697924017906
v 0.024660052731633186 0.021038714796304703 0.035652145743370056
v 0.024659940972924232 0.021615929901599884 0.03550978749990463
v 0.025240611284971237 0.021603727713227272 0.035442646592855453
v 0.025240611284971237 0.021603727713227272 0.035442646592855453
v 0.024659940972924232 0.021615929901599884 0.03550978749990463
v 0.02465982735157013 0.02220609411597252 0.035438042134046555
v 0.025240497663617134 0.02220207452774048 0.035369910299777985
v 0.025240497663617134 0.02220207452774048 0.035369910299777985
v 0.02465982735157013 0.02220609411597252 0.035438042134046555
v 0.024659713730216026 0.02280060574412346 0.03543795645236969
v 0.025240382179617882 0.022804826498031616 0.03536982461810112
v 0.024659713730216026 0.02280060574412346 0.03543795645236969
v 0.024659713730216026 0.02280060574412346 0.03543795645236969
v 0.024090874940156937 0.02336626499891281 0.03564289212226868
v 0.024659601971507072 0.023390790447592735 0.03550953418016434
v 0.024659601971507072 0.023390790447592735 0.03550953418016434
v 0.024090874940156937 0.02336626499891281 0.03564289212226868
v 0.02409077063202858 0.02392762526869774 0.035781171172857285
v 0.024659493938088417 0.0239680465310812 0.03565172851085663
v 0.024659493938088417 0.0239680465310812 0.03565172851085663
v 0.02409077063202858 0.02392762526869774 0.035781171172857285
v 0.02409067004919052 0.024468224495649338 0.03598610311746597
v 0.02465939149260521 0.02452395297586918 0.03586246445775032
v 0.02465939149260521 0.02452395297586918 0.03586246445775032
v 0.02409067004919052 0.024468224495649338 0.03598610311746597
v 0.02409057691693306 0.024980179965496063 0.03625470772385597
v 0.02465929463505745 0.02505040541291237 0.03613867238163948
v 0.02465929463505745 0.02505040541291237 0.03613867238163948
v 0.02409057691693306 0.024980179965496063 0.03625470772385597
v 0.024090491235256195 0.025456026196479797 0.036583058536052704
v 0.024659207090735435 0.02553972601890564 0.03647632151842117
v 0.024659207090735435 0.02553972601890564 0.03647632151842117
v 0.024090491235256195 0.025456026196479797 0.036583058536052704
v 0.024090414866805077 0.025888824835419655 0.03696637600660324
v 0.02465912699699402 0.025984779000282288 0.03687049075961113
v 0.02465912699699402 0.025984779000282288 0.03687049075961113
v 0.024090414866805077 0.025888824835419655 0.03696637600660324
v 0.024090347811579704 0.026272263377904892 0.037399064749479294
v 0.024659059941768646 0.02637907676398754 0.03731543570756912
v 0.024659059941768646 0.02637907676398754 0.03731543570756912
v 0.024090347811579704 0.026272263377904892 0.037399064749479294
v 0.024090291932225227 0.026600752025842667 0.037874817848205566
v 0.02465900219976902 0.026716867461800575 0.03780465945601463
v 0.02465900219976902 0.026716867461800575 0.03780465945601463
v 0.024090291932225227 0.026600752025842667 0.037874817848205566
v 0.024090249091386795 0.026869500055909157 0.038386695086956024
v 0.02465895749628544 0.026993224397301674 0.038331031799316406
v 0.02465895749628544 0.026993224397301674 0.038331031799316406
v 0.024090249091386795 0.026869500055909157 0.038386695086956024
v 0.024090217426419258 0.02707458846271038 0.038927238434553146
v 0.0246589258313179 0.0272041205316782 0.03888687863945961
v 0.0246589258313179 0.0272041205316782 0.03888687863945961
v 0.024090217426419258 0.02707458846271038 0.038927238434553146
v 0.024090198799967766 0.027213025838136673 0.03948855772614479
v 0.02465890720486641 0.027346476912498474 0.03946409374475479
v 0.02465890720486641 0.027346476912498474 0.03946409374475479
v 0.024090198799967766 0.027213025838136673 0.03948855772614479
v 0.024090193212032318 0.027282794937491417 0.040062472224235535
v 0.02465890161693096 0.027418222278356552 0.040054257959127426
v 0.02465890161693096 0.027418222278356552 0.040054257959127426
v 0.024090193212032318 0.027282794937491417 0.040062472224235535
v 0.024090202525258064 0.027282876893877983 0.040640611201524734
v 0.02465890906751156 0.027418306097388268 0.040648769587278366
v 0.02465890906751156 0.027418306097388268 0.040648769587278366
v 0.024090202525258064 0.027282876893877983 0.040640611201524734
v 0.024090224876999855 0.02721327170729637 0.04121454432606697
v 0.02465893141925335 0.02734673023223877 0.04123895615339279
v 0.02465893141925335 0.02734673023223877 0.04123895615339279
v 0.024090224876999855 0.02721327170729637 0.04121454432606697
v 0.02409025840461254 0.027074994519352913 0.0417759045958519
v 0.024658966809511185 0.027204537764191628 0.041816212236881256
v 0.024658966809511185 0.027204537764191628 0.041816212236881256
v 0.02409025840461254 0.027074994519352913 0.0417759045958519
v 0.024090304970741272 0.026870060712099075 0.0423165038228035
v 0.024659015238285065 0.026993799954652786 0.042372118681669235
v 0.024659015238285065 0.026993799954652786 0.042372118681669235
v 0.024090304970741272 0.026870060712099075 0.0423165038228035
v 0.024090364575386047 0.026601457968354225 0.04282845929265022
v 0.02465907670557499 0.026717592030763626 0.042898569256067276
v 0.02465907670557499 0.026717592030763626 0.042898569256067276
v 0.024090364575386047 0.026601457968354225 0.04282845929265022
v 0.02409043349325657 0.026273105293512344 0.04330430552363396
v 0.02465914748609066 0.026379941031336784 0.04338788986206055
v 0.02465914748609066 0.026379941031336784 0.04338788986206055
v 0.02409043349325657 0.026273105293512344 0.04330430552363396
v 0.024090513586997986 0.025889789685606956 0.043737106025218964
v 0.024659229442477226 0.025985771790146828 0.043832942843437195
v 0.024659229442477226 0.025985771790146828 0.043832942843437195
v 0.024090513586997986 0.025889789685606956 0.043737106025218964
v 0.02409060113132 0.025457100942730904 0.04412054270505905
v 0.02465931884944439 0.025540830567479134 0.0442272387444973
v 0.02465931884944439 0.025540830567479134 0.0442272387444973
v 0.02409060113132 0.025457100942730904 0.04412054270505905
v 0.02409069612622261 0.02498134784400463 0.044449031352996826
v 0.0246594175696373 0.025051606819033623 0.04456502944231033
v 0.0246594175696373 0.025051606819033623 0.04456502944231033
v 0.02409069612622261 0.02498134784400463 0.044449031352996826
v 0.024090798571705818 0.024469468742609024 0.044717781245708466
v 0.024659521877765656 0.0245252326130867 0.04484139010310173
v 0.024659521877765656 0.0245252326130867 0.04484139010310173
v 0.024090798571705818 0.024469468742609024 0.044717781245708466
v 0.024090902879834175 0.02392892725765705 0.04492286965250969
v 0.02465963177382946 0.023969385772943497 0.04505228251218796
v 0.02465963177382946 0.023969385772943497 0.04505228251218796
v 0.024090902879834175 0.02392892725765705 0.04492286965250969
v 0.02409101277589798 0.023367607966065407 0.04506130516529083
v 0.024659743532538414 0.023392170667648315 0.04519464075565338
v 0.024659743532538414 0.023392170667648315 0.04519464075565338
v 0.02409101277589798 0.023367607966065407 0.04506130516529083
v 0.024091122671961784 0.022793693467974663 0.045131076127290726
v 0.024659857153892517 0.02280200645327568 0.04526638612151146
v 0.024659857153892517 0.02280200645327568 0.04526638612151146
v 0.024091122671961784 0.022793693467974663 0.045131076127290726
v 0.02409123256802559 0.022215552628040314 0.04513115808367729
v 0.02465996891260147 0.02220749482512474 0.045266471803188324
v 0.02465996891260147 0.02220749482512474 0.045266471803188324
v 0.02409123256802559 0.022215552628040314 0.04513115808367729
v 0.024091340601444244 0.021641619503498077 0.04506155475974083
v 0.024660080671310425 0.021617310121655464 0.04519489407539368
v 0.024660080671310425 0.021617310121655464 0.04519489407539368
v 0.024091340601444244 0.021641619503498077 0.04506155475974083
v 0.02409144677221775 0.02108025923371315 0.04492327570915222
v 0.02466018870472908 0.021040054038167 0.045052699744701385
v 0.02466018870472908 0.021040054038167 0.045052699744701385
v 0.02409144677221775 0.02108025923371315 0.04492327570915222
v 0.02409154549241066 0.02053966000676155 0.044718340039253235
v 0.024660291150212288 0.02048414759337902 0.044841963797807693
v 0.024660291150212288 0.02048414759337902 0.044841963797807693
v 0.02409154549241066 0.02053966000676155 0.044718340039253235
v 0.02409164048731327 0.020027704536914825 0.044449739158153534
v 0.024660388007760048 0.01995769515633583 0.04456575587391853
v 0.024660388007760048 0.01995769515633583 0.04456575587391853
v 0.02409164048731327 0.020027704536914825 0.044449739158153534
v 0.024091726168990135 0.01955185830593109 0.044121384620666504
v 0.024660475552082062 0.01946837455034256 0.04422810673713684
v 0.024660475552082062 0.01946837455034256 0.04422810673713684
v 0.024091726168990135 0.01955185830593109 0.044121384620666504
v 0.024091802537441254 0.019119059666991234 0.043738070875406265
v 0.02466055564582348 0.019023321568965912 0.043833937495946884
v 0.02466055564582348 0.019023321568965912 0.043833937495946884
v 0.024091802537441254 0.019119059666991234 0.043738070875406265
v 0.024091869592666626 0.018735619261860847 0.04330538213253021
v 0.024660624563694 0.018629023805260658 0.04338899627327919
v 0.024660624563694 0.018629023805260658 0.04338899627327919
v 0.024091869592666626 0.018735619261860847 0.04330538213253021
v 0.024091925472021103 0.018407130613923073 0.04282962903380394
v 0.024660680443048477 0.018291233107447624 0.04289976879954338
v 0.024660680443048477 0.018291233107447624 0.04289976879954338
v 0.024091925472021103 0.018407130613923073 0.04282962903380394
v 0.024091968312859535 0.018138384446501732 0.042317748069763184
v 0.024660727009177208 0.018014876171946526 0.04237339645624161
v 0.024660727009177208 0.018014876171946526 0.04237339645624161
v 0.024091968312859535 0.018138384446501732 0.042317748069763184
v 0.024091999977827072 0.017933296039700508 0.04177720844745636
v 0.024660758674144745 0.01780398003757 0.041817549616098404
v 0.024660758674144745 0.01780398003757 0.041817549616098404
v 0.024091999977827072 0.017933296039700508 0.04177720844745636
v 0.024092018604278564 0.017794856801629066 0.041215889155864716
v 0.024660777300596237 0.017661621794104576 0.04124033451080322
v 0.024660777300596237 0.017661621794104576 0.04124033451080322
v 0.024092018604278564 0.017794856801629066 0.041215889155864716
v 0.024092022329568863 0.017725089564919472 0.04064197465777397
v 0.024660782888531685 0.017589878290891647 0.04065017029643059
v 0.024660782888531685 0.017589878290891647 0.04065017029643059
v 0.024092022329568863 0.017725089564919472 0.04064197465777397
v 0.024092014878988266 0.017725005745887756 0.04006383195519447
v 0.02466077357530594 0.017589794471859932 0.04005565866827965
v 0.02466077357530594 0.017589794471859932 0.04005565866827965
v 0.024092014878988266 0.017725005745887756 0.04006383195519447
v 0.024091992527246475 0.017794610932469368 0.03948989883065224
v 0.024660751223564148 0.01766137033700943 0.03946547210216522
v 0.024660751223564148 0.01766137033700943 0.03946547210216522
v 0.024091992527246475 0.017794610932469368 0.03948989883065224
v 0.02409195899963379 0.017932889983057976 0.03892853856086731
v 0.024660715833306313 0.017803562805056572 0.038888219743967056
v 0.024660715833306313 0.017803562805056572 0.038888219743967056
v 0.02409195899963379 0.017932889983057976 0.03892853856086731
v 0.02409191243350506 0.018137823790311813 0.03838793933391571
v 0.024660667404532433 0.018014300614595413 0.03833230957388878
v 0.024660667404532433 0.018014300614595413 0.03833230957388878
v 0.02409191243350506 0.018137823790311813 0.03838793933391571
v 0.024091852828860283 0.018406426534056664 0.037875983864068985
v 0.024660607799887657 0.018290508538484573 0.03780585899949074
v 0.024660607799887657 0.018290508538484573 0.03780585899949074
v 0.024091852828860283 0.018406426534056664 0.037875983864068985
v 0.02409178391098976 0.018734779208898544 0.03740013763308525
v 0.024660535156726837 0.018628157675266266 0.03731653839349747
v 0.024660535156726837 0.018628157675266266 0.03731653839349747
v 0.02409178391098976 0.018734779208898544 0.03740013763308525
v 0.024091703817248344 0.019118094816803932 0.03696734085679054
v 0.02466045506298542 0.019022328779101372 0.03687148541212082
v 0.02466045506298542 0.019022328779101372 0.03687148541212082
v 0.024091703817248344 0.019118094816803932 0.03696734085679054
v 0.02409161627292633 0.019550783559679985 0.036583900451660156
v 0.024660363793373108 0.019467270001769066 0.036477189511060715
v 0.024660363793373108 0.019467270001769066 0.036477189511060715
v 0.02409161627292633 0.019550783559679985 0.036583900451660156
v 0.02409152127802372 0.020026536658406258 0.03625541180372238
v 0.0246602650731802 0.019956493750214577 0.03613939881324768
v 0.0246602650731802 0.019956493750214577 0.03613939881324768
v 0.02409152127802372 0.020026536658406258 0.03625541180372238
v 0.024091418832540512 0.020538415759801865 0.03598666563630104
v 0.024660160765051842 0.0204828679561615 0.035863038152456284
v 0.024660160765051842 0.0204828679561615 0.035863038152456284
v 0.024091418832540512 0.020538415759801865 0.03598666563630104
v 0.024091312661767006 0.02107895538210869 0.03578157722949982
v 0.024660052731633186 0.021038714796304703 0.035652145743370056
v 0.024660052731633186 0.021038714796304703 0.035652145743370056
v 0.024091312661767006 0.02107895538210869 0.03578157722949982
v 0.02409120462834835 0.021640276536345482 0.035643137991428375
v 0.024659940972924232 0.021615929901599884 0.03550978749990463
v 0.024659940972924232 0.021615929901599884 0.03550978749990463
v 0.02409120462834835 0.021640276536345482 0.035643137991428375
v 0.024091094732284546 0.022214191034436226 0.03557337075471878
v 0.02465982735157013 0.02220609411597252 0.035438042134046555
v 0.02465982735157013 0.02220609411597252 0.035438042134046555
v 0.024091094732284546 0.022214191034436226 0.03557337075471878
v 0.02409098483622074 0.022792330011725426 0.035573285073041916
v 0.024659713730216026 0.02280060574412346 0.03543795645236969
v 0.02409098483622074 0.022792330011725426 0.035573285073041916
v 0.02409098483622074 0.022792330011725426 0.035573285073041916
v 0.02354186587035656 0.023329952731728554 0.03584064170718193
v 0.024090874940156937 0.02336626499891281 0.03564289212226868
v 0.024090874940156937 0.02336626499891281 0.03564289212226868
v 0.02354186587035656 0.023329952731728554 0.03584064170718193
v 0.0235417652875185 0.023867741227149963 0.035973113030195236
v 0.02409077063202858 0.02392762526869774 0.035781171172857285
v 0.02409077063202858 0.02392762526869774 0.035781171172857285
v 0.0235417652875185 0.023867741227149963 0.035973113030195236
v 0.02354167029261589 0.024385640397667885 0.036169443279504776
v 0.02409067004919052 0.024468224495649338 0.03598610311746597
v 0.02409067004919052 0.024468224495649338 0.03598610311746597
v 0.02354167029261589 0.024385640397667885 0.036169443279504776
v 0.023541579023003578 0.024876099079847336 0.03642676770687103
v 0.02409057691693306 0.024980179965496063 0.03625470772385597
v 0.02409057691693306 0.024980179965496063 0.03625470772385597
v 0.023541579023003578 0.024876099079847336 0.03642676770687103
v 0.023541497066617012 0.02533196471631527 0.03674133121967316
v 0.024090491235256195 0.025456026196479797 0.036583058536052704
v 0.024090491235256195 0.025456026196479797 0.036583058536052704
v 0.023541497066617012 0.02533196471631527 0.03674133121967316
v 0.023541424423456192 0.02574658952653408 0.03710855171084404
v 0.024090414866805077 0.025888824835419655 0.03696637600660324
v 0.024090414866805077 0.025888824835419655 0.03696637600660324
v 0.023541424423456192 0.02574658952653408 0.03710855171084404
v 0.02354135923087597 0.026113929226994514 0.03752307593822479
v 0.024090347811579704 0.026272263377904892 0.037399064749479294
v 0.024090347811579704 0.026272263377904892 0.037399064749479294
v 0.02354135923087597 0.026113929226994514 0.03752307593822479
v 0.02354130707681179 0.026428624987602234 0.037978850305080414
v 0.024090291932225227 0.026600752025842667 0.037874817848205566
v 0.024090291932225227 0.026600752025842667 0.037874817848205566
v 0.02354130707681179 0.026428624987602234 0.037978850305080414
v 0.023541264235973358 0.026686087250709534 0.038469236344099045
v 0.024090249091386795 0.026869500055909157 0.038386695086956024
v 0.024090249091386795 0.026869500055909157 0.038386695086956024
v 0.023541264235973358 0.026686087250709534 0.038469236344099045
v 0.02354123443365097 0.026882564648985863 0.03898707777261734
v 0.024090217426419258 0.02707458846271038 0.038927238434553146
v 0.024090217426419258 0.02707458846271038 0.038927238434553146
v 0.02354123443365097 0.026882564648985863 0.03898707777261734
v 0.023541217669844627 0.027015188708901405 0.039524830877780914
v 0.024090198799967766 0.027213025838136673 0.03948855772614479
v 0.024090198799967766 0.027213025838136673 0.03948855772614479
v 0.023541217669844627 0.027015188708901405 0.039524830877780914
v 0.02354121208190918 0.02708202786743641 0.04007464647293091
v 0.024090193212032318 0.027282794937491417 0.040062472224235535
v 0.024090193212032318 0.027282794937491417 0.040062472224235535
v 0.02354121208190918 0.02708202786743641 0.04007464647293091
v 0.023541221395134926 0.027082107961177826 0.04062851145863533
v 0.024090202525258064 0.027282876893877983 0.040640611201524734
v 0.024090202525258064 0.027282876893877983 0.040640611201524734
v 0.023541221395134926 0.027082107961177826 0.04062851145863533
v 0.023541241884231567 0.027015425264835358 0.041178345680236816
v 0.024090224876999855 0.02721327170729637 0.04121454432606697
v 0.024090224876999855 0.02721327170729637 0.04121454432606697
v 0.023541241884231567 0.027015425264835358 0.041178345680236816
v 0.023541275411844254 0.026882953941822052 0.04171613231301308
v 0.02409025840461254 0.027074994519352913 0.0417759045958519
v 0.02409025840461254 0.027074994519352913 0.0417759045958519
v 0.023541275411844254 0.026882953941822052 0.04171613231301308
v 0.023541320115327835 0.026686623692512512 0.04223403334617615
v 0.024090304970741272 0.026870060712099075 0.0423165038228035
v 0.024090304970741272 0.026870060712099075 0.0423165038228035
v 0.023541320115327835 0.026686623692512512 0.04223403334617615
v 0.023541375994682312 0.026429301127791405 0.04272449389100075
v 0.024090364575386047 0.026601457968354225 0.04282845929265022
v 0.024090364575386047 0.026601457968354225 0.04282845929265022
v 0.023541375994682312 0.026429301127791405 0.04272449389100075
v 0.023541443049907684 0.02611473575234413 0.04318035766482353
v 0.02409043349325657 0.026273105293512344 0.04330430552363396
v 0.02409043349325657 0.026273105293512344 0.04330430552363396
v 0.023541443049907684 0.02611473575234413 0.04318035766482353
v 0.023541517555713654 0.02574751526117325 0.04359498247504234
v 0.024090513586997986 0.025889789685606956 0.043737106025218964
v 0.024090513586997986 0.025889789685606956 0.043737106025218964
v 0.023541517555713654 0.02574751526117325 0.04359498247504234
v 0.023541603237390518 0.025332992896437645 0.04396232217550278
v 0.02409060113132 0.025457100942730904 0.04412054270505905
v 0.02409060113132 0.025457100942730904 0.04412054270505905
v 0.023541603237390518 0.025332992896437645 0.04396232217550278
v 0.02354169450700283 0.024877216666936874 0.04427701607346535
v 0.02409069612622261 0.02498134784400463 0.044449031352996826
v 0.02409069612622261 0.02498134784400463 0.044449031352996826
v 0.02354169450700283 0.024877216666936874 0.04427701607346535
v 0.02354179136455059 0.024386832490563393 0.044534482061862946
v 0.024090798571705818 0.024469468742609024 0.044717781245708466
v 0.024090798571705818 0.024469468742609024 0.044717781245708466
v 0.02354179136455059 0.024386832490563393 0.044534482061862946
v 0.02354189194738865 0.023868989199399948 0.044730957597494125
v 0.024090902879834175 0.02392892725765705 0.04492286965250969
v 0.024090902879834175 0.02392892725765705 0.04492286965250969
v 0.02354189194738865 0.023868989199399948 0.044730957597494125
v 0.023541996255517006 0.023331237956881523 0.04486358165740967
v 0.02409101277589798 0.023367607966065407 0.04506130516529083
v 0.02409101277589798 0.023367607966065407 0.04506130516529083
v 0.023541996255517006 0.023331237956881523 0.04486358165740967
v 0.023542102426290512 0.02278142236173153 0.04493042081594467
v 0.024091122671961784 0.022793693467974663 0.045131076127290726
v 0.024091122671961784 0.022793693467974663 0.045131076127290726
v 0.023542102426290512 0.02278142236173153 0.04493042081594467
v 0.023542208597064018 0.022227557376027107 0.04493049904704094
v 0.02409123256802559 0.022215552628040314 0.04513115808367729
v 0.02409123256802559 0.022215552628040314 0.04513115808367729
v 0.023542208597064018 0.022227557376027107 0.04493049904704094
v 0.023542312905192375 0.02167772315442562 0.04486382007598877
v 0.024091340601444244 0.021641619503498077 0.04506155475974083
v 0.024091340601444244 0.021641619503498077 0.04506155475974083
v 0.023542312905192375 0.02167772315442562 0.04486382007598877
v 0.023542411625385284 0.02113993465900421 0.044731345027685165
v 0.02409144677221775 0.02108025923371315 0.04492327570915222
v 0.02409144677221775 0.02108025923371315 0.04492327570915222
v 0.023542411625385284 0.02113993465900421 0.044731345027685165
v 0.023542508482933044 0.02062203362584114 0.044535018503665924
v 0.02409154549241066 0.02053966000676155 0.044718340039253235
v 0.02409154549241066 0.02053966000676155 0.044718340039253235
v 0.023542508482933044 0.02062203362584114 0.044535018503665924
v 0.023542597889900208 0.02013157494366169 0.04427769407629967
v 0.02409164048731327 0.020027704536914825 0.044449739158153534
v 0.02409164048731327 0.020027704536914825 0.044449739158153534
v 0.023542597889900208 0.02013157494366169 0.04427769407629967
v 0.023542679846286774 0.019675709307193756 0.043963126838207245
v 0.024091726168990135 0.01955185830593109 0.044121384620666504
v 0.024091726168990135 0.01955185830593109 0.044121384620666504
v 0.023542679846286774 0.019675709307193756 0.043963126838207245
v 0.023542754352092743 0.019261084496974945 0.04359590634703636
v 0.024091802537441254 0.019119059666991234 0.043738070875406265
v 0.024091802537441254 0.019119059666991234 0.043738070875406265
v 0.023542754352092743 0.019261084496974945 0.04359590634703636
v 0.023542817682027817 0.01889374665915966 0.04318138584494591
v 0.024091869592666626 0.018735619261860847 0.04330538213253021
v 0.024091869592666626 0.018735619261860847 0.04330538213253021
v 0.023542817682027817 0.01889374665915966 0.04318138584494591
v 0.023542871698737144 0.01857905089855194 0.042725611478090286
v 0.024091925472021103 0.018407130613923073 0.04282962903380394
v 0.024091925472021103 0.018407130613923073 0.04282962903380394
v 0.023542871698737144 0.01857905089855194 0.042725611478090286
v 0.023542912676930428 0.018321586772799492 0.042235225439071655
v 0.024091968312859535 0.018138384446501732 0.042317748069763184
v 0.024091968312859535 0.018138384446501732 0.042317748069763184
v 0.023542912676930428 0.018321586772799492 0.042235225439071655
v 0.023542942479252815 0.018125109374523163 0.04171738028526306
v 0.024091999977827072 0.017933296039700508 0.04177720844745636
v 0.024091999977827072 0.017933296039700508 0.04177720844745636
v 0.023542942479252815 0.018125109374523163 0.04171738028526306
v 0.023542961105704308 0.01799248531460762 0.041179630905389786
v 0.024092018604278564 0.017794856801629066 0.041215889155864716
v 0.024092018604278564 0.017794856801629066 0.041215889155864716
v 0.023542961105704308 0.01799248531460762 0.041179630905389786
v 0.023542964830994606 0.017925646156072617 0.04062981531023979
v 0.024092022329568863 0.017725089564919472 0.04064197465777397
v 0.024092022329568863 0.017725089564919472 0.04064197465777397
v 0.023542964830994606 0.017925646156072617 0.04062981531023979
v 0.02354295738041401 0.01792556792497635 0.04007595032453537
v 0.024092014878988266 0.017725005745887756 0.04006383195519447
v 0.024092014878988266 0.017725005745887756 0.04006383195519447
v 0.02354295738041401 0.01792556792497635 0.04007595032453537
v 0.023542936891317368 0.017992248758673668 0.039526116102933884
v 0.024091992527246475 0.017794610932469368 0.03948989883065224
v 0.024091992527246475 0.017794610932469368 0.03948989883065224
v 0.023542936891317368 0.017992248758673668 0.039526116102933884
v 0.02354290336370468 0.018124721944332123 0.038988325744867325
v 0.02409195899963379 0.017932889983057976 0.03892853856086731
v 0.02409195899963379 0.017932889983057976 0.03892853856086731
v 0.02354290336370468 0.018124721944332123 0.038988325744867325
v 0.0235428586602211 0.018321050330996513 0.03847042843699455
v 0.02409191243350506 0.018137823790311813 0.03838793933391571
v 0.02409191243350506 0.018137823790311813 0.03838793933391571
v 0.0235428586602211 0.018321050330996513 0.03847042843699455
v 0.023542802780866623 0.01857837475836277 0.03797996789216995
v 0.024091852828860283 0.018406426534056664 0.037875983864068985
v 0.024091852828860283 0.018406426534056664 0.037875983864068985
v 0.023542802780866623 0.01857837475836277 0.03797996789216995
v 0.02354273572564125 0.018892940133810043 0.03752410411834717
v 0.02409178391098976 0.018734779208898544 0.03740013763308525
v 0.02409178391098976 0.018734779208898544 0.03740013763308525
v 0.02354273572564125 0.018892940133810043 0.03752410411834717
v 0.023542659357190132 0.019260160624980927 0.03710947930812836
v 0.024091703817248344 0.019118094816803932 0.03696734085679054
v 0.024091703817248344 0.019118094816803932 0.03696734085679054
v 0.023542659357190132 0.019260160624980927 0.03710947930812836
v 0.023542575538158417 0.01967468112707138 0.03674213960766792
v 0.02409161627292633 0.019550783559679985 0.036583900451660156
v 0.02409161627292633 0.019550783559679985 0.036583900451660156
v 0.023542575538158417 0.01967468112707138 0.03674213960766792
v 0.023542484268546104 0.02013045735657215 0.036427441984415054
v 0.02409152127802372 0.020026536658406258 0.03625541180372238
v 0.02409152127802372 0.020026536658406258 0.03625541180372238
v 0.023542484268546104 0.02013045735657215 0.036427441984415054
v 0.023542387410998344 0.020620841532945633 0.036169979721307755
v 0.024091418832540512 0.020538415759801865 0.03598666563630104
v 0.024091418832540512 0.020538415759801865 0.03598666563630104
v 0.023542387410998344 0.020620841532945633 0.036169979721307755
v 0.023542284965515137 0.021138686686754227 0.035973504185676575
v 0.024091312661767006 0.02107895538210869 0.03578157722949982
v 0.024091312661767006 0.02107895538210869 0.03578157722949982
v 0.023542284965515137 0.021138686686754227 0.035973504185676575
v 0.02354218065738678 0.021676436066627502 0.03584088012576103
v 0.02409120462834835 0.021640276536345482 0.035643137991428375
v 0.02409120462834835 0.021640276536345482 0.035643137991428375
v 0.02354218065738678 0.021676436066627502 0.03584088012576103
v 0.023542074486613274 0.022226253524422646 0.03577404096722603
v 0.024091094732284546 0.022214191034436226 0.03557337075471878
v 0.024091094732284546 0.022214191034436226 0.03557337075471878
v 0.023542074486613274 0.022226253524422646 0.03577404096722603
v 0.023541970178484917 0.02278011664748192 0.03577395901083946
v 0.02409098483622074 0.022792330011725426 0.035573285073041916
v 0.023541970178484917 0.02278011664748192 0.03577395901083946
v 0.023541970178484917 0.02278011664748192 0.03577395901083946
v 0.023020079359412193 0.02328234724700451 0.036100082099437714
v 0.02354186587035656 0.023329952731728554 0.03584064170718193
v 0.02354186587035656 0.023329952731728554 0.03584064170718193
v 0.023020079359412193 0.02328234724700451 0.036100082099437714
v 0.023019984364509583 0.023789212107658386 0.036224935203790665
v 0.0235417652875185 0.023867741227149963 0.035973113030195236
v 0.0235417652875185 0.023867741227149963 0.035973113030195236
v 0.023019984364509583 0.023789212107658386 0.036224935203790665
v 0.02301989495754242 0.024277331307530403 0.036409977823495865
v 0.02354167029261589 0.024385640397667885 0.036169443279504776
v 0.02354167029261589 0.024385640397667885 0.036169443279504776
v 0.02301989495754242 0.024277331307530403 0.036409977823495865
v 0.023019809275865555 0.0247395858168602 0.03665250167250633
v 0.023541579023003578 0.024876099079847336 0.03642676770687103
v 0.023541579023003578 0.024876099079847336 0.03642676770687103
v 0.023019809275865555 0.0247395858168602 0.03665250167250633
v 0.023019732907414436 0.025169238448143005 0.036948978900909424
v 0.023541497066617012 0.02533196471631527 0.03674133121967316
v 0.023541497066617012 0.02533196471631527 0.03674133121967316
v 0.023019732907414436 0.025169238448143005 0.036948978900909424
v 0.023019662126898766 0.02556002140045166 0.037295084446668625
v 0.023541424423456192 0.02574658952653408 0.03710855171084404
v 0.023541424423456192 0.02574658952653408 0.03710855171084404
v 0.023019662126898766 0.02556002140045166 0.037295084446668625
v 0.02301960252225399 0.025906236842274666 0.03768576681613922
v 0.02354135923087597 0.026113929226994514 0.03752307593822479
v 0.02354135923087597 0.026113929226994514 0.03752307593822479
v 0.02301960252225399 0.025906236842274666 0.03768576681613922
v 0.02301955223083496 0.026202837005257607 0.03811533376574516
v 0.02354130707681179 0.026428624987602234 0.037978850305080414
v 0.02354130707681179 0.026428624987602234 0.037978850305080414
v 0.02301955223083496 0.026202837005257607 0.03811533376574516
v 0.023019513115286827 0.02644549496471882 0.038577523082494736
v 0.023541264235973358 0.026686087250709534 0.038469236344099045
v 0.023541264235973358 0.026686087250709534 0.038469236344099045
v 0.023019513115286827 0.02644549496471882 0.038577523082494736
v 0.02301948517560959 0.026630673557519913 0.039065588265657425
v 0.02354123443365097 0.026882564648985863 0.03898707777261734
v 0.02354123443365097 0.026882564648985863 0.03898707777261734
v 0.02301948517560959 0.026630673557519913 0.039065588265657425
v 0.023019468411803246 0.026755671948194504 0.03957241773605347
v 0.023541217669844627 0.027015188708901405 0.039524830877780914
v 0.023541217669844627 0.027015188708901405 0.039524830877780914
v 0.023019468411803246 0.026755671948194504 0.03957241773605347
v 0.023019464686512947 0.026818666607141495 0.040090616792440414
v 0.02354121208190918 0.02708202786743641 0.04007464647293091
v 0.02354121208190918 0.02708202786743641 0.04007464647293091
v 0.023019464686512947 0.026818666607141495 0.040090616792440414
v 0.023019472137093544 0.026818741112947464 0.04061263054609299
v 0.023541221395134926 0.027082107961177826 0.04062851145863533
v 0.023541221395134926 0.027082107961177826 0.04062851145863533
v 0.023019472137093544 0.026818741112947464 0.04061263054609299
v 0.023019490763545036 0.026755893602967262 0.04113084822893143
v 0.023541241884231567 0.027015425264835358 0.041178345680236816
v 0.023541241884231567 0.027015425264835358 0.041178345680236816
v 0.023019490763545036 0.026755893602967262 0.04113084822893143
v 0.023019522428512573 0.02663104049861431 0.041637711226940155
v 0.023541275411844254 0.026882953941822052 0.04171613231301308
v 0.023541275411844254 0.026882953941822052 0.04171613231301308
v 0.023019522428512573 0.02663104049861431 0.041637711226940155
v 0.023019565269351006 0.02644599974155426 0.04212583228945732
v 0.023541320115327835 0.026686623692512512 0.04223403334617615
v 0.023541320115327835 0.026686623692512512 0.04223403334617615
v 0.023019565269351006 0.02644599974155426 0.04212583228945732
v 0.023019617423415184 0.026203474029898643 0.04258808493614197
v 0.023541375994682312 0.026429301127791405 0.04272449389100075
v 0.023541375994682312 0.026429301127791405 0.04272449389100075
v 0.023019617423415184 0.026203474029898643 0.04258808493614197
v 0.023019680753350258 0.025906996801495552 0.043017737567424774
v 0.023541443049907684 0.02611473575234413 0.04318035766482353
v 0.023541443049907684 0.02611473575234413 0.04318035766482353
v 0.023019680753350258 0.025906996801495552 0.043017737567424774
v 0.02301975153386593 0.0255608931183815 0.04340852051973343
v 0.023541517555713654 0.02574751526117325 0.04359498247504234
v 0.023541517555713654 0.02574751526117325 0.04359498247504234
v 0.02301975153386593 0.0255608931183815 0.04340852051973343
v 0.023019831627607346 0.025170208886265755 0.043754737824201584
v 0.023541603237390518 0.025332992896437645 0.04396232217550278
v 0.023541603237390518 0.025332992896437645 0.04396232217550278
v 0.023019831627607346 0.025170208886265755 0.043754737824201584
v 0.02301991730928421 0.024740640074014664 0.044051337987184525
v 0.02354169450700283 0.024877216666936874 0.04427701607346535
v 0.02354169450700283 0.024877216666936874 0.04427701607346535
v 0.02301991730928421 0.024740640074014664 0.044051337987184525
v 0.023020008578896523 0.02427845448255539 0.04429399594664574
v 0.02354179136455059 0.024386832490563393 0.044534482061862946
v 0.02354179136455059 0.024386832490563393 0.044534482061862946
v 0.023020008578896523 0.02427845448255539 0.04429399594664574
v 0.023020105436444283 0.02379038743674755 0.04447917267680168
v 0.02354189194738865 0.023868989199399948 0.044730957597494125
v 0.02354189194738865 0.023868989199399948 0.044730957597494125
v 0.023020105436444283 0.02379038743674755 0.04447917267680168
v 0.023020202293992043 0.02328355982899666 0.04460417106747627
v 0.023541996255517006 0.023331237956881523 0.04486358165740967
v 0.023541996255517006 0.023331237956881523 0.04486358165740967
v 0.023020202293992043 0.02328355982899666 0.04460417106747627
v 0.0230203028768301 0.02276536077260971 0.04466716945171356
v 0.023542102426290512 0.02278142236173153 0.04493042081594467
v 0.023542102426290512 0.02278142236173153 0.04493042081594467
v 0.0230203028768301 0.02276536077260971 0.04466716945171356
v 0.02302040159702301 0.02224334515631199 0.04466724023222923
v 0.023542208597064018 0.022227557376027107 0.04493049904704094
v 0.023542208597064018 0.022227557376027107 0.04493049904704094
v 0.02302040159702301 0.02224334515631199 0.04466724023222923
v 0.02302050031721592 0.02172512747347355 0.04460439458489418
v 0.023542312905192375 0.02167772315442562 0.04486382007598877
v 0.023542312905192375 0.02167772315442562 0.04486382007598877
v 0.02302050031721592 0.02172512747347355 0.04460439458489418
v 0.02302059531211853 0.02121826447546482 0.04447954148054123
v 0.023542411625385284 0.02113993465900421 0.044731345027685165
v 0.023542411625385284 0.02113993465900421 0.044731345027685165
v 0.02302059531211853 0.02121826447546482 0.04447954148054123
v 0.023020684719085693 0.020730145275592804 0.04429449886083603
v 0.023542508482933044 0.02062203362584114 0.044535018503665924
v 0.023542508482933044 0.02062203362584114 0.044535018503665924
v 0.023020684719085693 0.020730145275592804 0.04429449886083603
v 0.02302076853811741 0.02026788890361786 0.04405197501182556
v 0.023542597889900208 0.02013157494366169 0.04427769407629967
v 0.023542597889900208 0.02013157494366169 0.04427769407629967
v 0.02302076853811741 0.02026788890361786 0.04405197501182556
v 0.023020846769213676 0.0198382381349802 0.04375549778342247
v 0.023542679846286774 0.019675709307193756 0.043963126838207245
v 0.023542679846286774 0.019675709307193756 0.043963126838207245
v 0.023020846769213676 0.0198382381349802 0.04375549778342247
v 0.023020915687084198 0.019447455182671547 0.04340939223766327
v 0.023542754352092743 0.019261084496974945 0.04359590634703636
v 0.023542754352092743 0.019261084496974945 0.04359590634703636
v 0.023020915687084198 0.019447455182671547 0.04340939223766327
v 0.023020977154374123 0.01910123974084854 0.04301870986819267
v 0.023542817682027817 0.01889374665915966 0.04318138584494591
v 0.023542817682027817 0.01889374665915966 0.04318138584494591
v 0.023020977154374123 0.01910123974084854 0.04301870986819267
v 0.023021027445793152 0.0188046395778656 0.04258913919329643
v 0.023542871698737144 0.01857905089855194 0.042725611478090286
v 0.023542871698737144 0.01857905089855194 0.042725611478090286
v 0.023021027445793152 0.0188046395778656 0.04258913919329643
v 0.023021066561341286 0.01856198161840439 0.04212695360183716
v 0.023542912676930428 0.018321586772799492 0.042235225439071655
v 0.023542912676930428 0.018321586772799492 0.042235225439071655
v 0.023021066561341286 0.01856198161840439 0.04212695360183716
v 0.023021094501018524 0.018376803025603294 0.04163888841867447
v 0.023542942479252815 0.018125109374523163 0.04171738028526306
v 0.023542942479252815 0.018125109374523163 0.04171738028526306
v 0.023021094501018524 0.018376803025603294 0.04163888841867447
v 0.023021111264824867 0.018251804634928703 0.04113205894827843
v 0.023542961105704308 0.01799248531460762 0.041179630905389786
v 0.023542961105704308 0.01799248531460762 0.041179630905389786
v 0.023021111264824867 0.018251804634928703 0.04113205894827843
v 0.023021114990115166 0.018188808113336563 0.04061385989189148
v 0.023542964830994606 0.017925646156072617 0.04062981531023979
v 0.023542964830994606 0.017925646156072617 0.04062981531023979
v 0.023021114990115166 0.018188808113336563 0.04061385989189148
v 0.02302110753953457 0.018188733607530594 0.04009184613823891
v 0.02354295738041401 0.01792556792497635 0.04007595032453537
v 0.02354295738041401 0.01792556792497635 0.04007595032453537
v 0.02302110753953457 0.018188733607530594 0.04009184613823891
v 0.023021088913083076 0.018251582980155945 0.03957362845540047
v 0.023542936891317368 0.017992248758673668 0.039526116102933884
v 0.023542936891317368 0.017992248758673668 0.039526116102933884
v 0.023021088913083076 0.018251582980155945 0.03957362845540047
v 0.02302105724811554 0.018376436084508896 0.03906676545739174
v 0.02354290336370468 0.018124721944332123 0.038988325744867325
v 0.02354290336370468 0.018124721944332123 0.038988325744867325
v 0.02302105724811554 0.018376436084508896 0.03906676545739174
v 0.023021014407277107 0.018561474978923798 0.03857864439487457
v 0.0235428586602211 0.018321050330996513 0.03847042843699455
v 0.0235428586602211 0.018321050330996513 0.03847042843699455
v 0.023021014407277107 0.018561474978923798 0.03857864439487457
v 0.02302096225321293 0.018804002553224564 0.038116391748189926
v 0.023542802780866623 0.01857837475836277 0.03797996789216995
v 0.023542802780866623 0.01857837475836277 0.03797996789216995
v 0.02302096225321293 0.018804002553224564 0.038116391748189926
v 0.023020898923277855 0.019100479781627655 0.03768673911690712
v 0.02354273572564125 0.018892940133810043 0.03752410411834717
v 0.02354273572564125 0.018892940133810043 0.03752410411834717
v 0.023020898923277855 0.019100479781627655 0.03768673911690712
v 0.023020828142762184 0.019446583464741707 0.037295956164598465
v 0.023542659357190132 0.019260160624980927 0.03710947930812836
v 0.023542659357190132 0.019260160624980927 0.03710947930812836
v 0.023020828142762184 0.019446583464741707 0.037295956164598465
v 0.023020748049020767 0.019837267696857452 0.03694973886013031
v 0.023542575538158417 0.01967468112707138 0.03674213960766792
v 0.023542575538158417 0.01967468112707138 0.03674213960766792
v 0.023020748049020767 0.019837267696857452 0.03694973886013031
v 0.023020662367343903 0.020266834646463394 0.03665313869714737
v 0.023542484268546104 0.02013045735657215 0.036427441984415054
v 0.023542484268546104 0.02013045735657215 0.036427441984415054
v 0.023020662367343903 0.020266834646463394 0.03665313869714737
v 0.02302056923508644 0.020729022100567818 0.03641048073768616
v 0.023542387410998344 0.020620841532945633 0.036169979721307755
v 0.023542387410998344 0.020620841532945633 0.036169979721307755
v 0.02302056923508644 0.020729022100567818 0.03641048073768616
v 0.02302047424018383 0.021217087283730507 0.03622530400753021
v 0.023542284965515137 0.021138686686754227 0.035973504185676575
v 0.023542284965515137 0.021138686686754227 0.035973504185676575
v 0.02302047424018383 0.021217087283730507 0.03622530400753021
v 0.02302037551999092 0.02172391675412655 0.03610030561685562
v 0.02354218065738678 0.021676436066627502 0.03584088012576103
v 0.02354218065738678 0.021676436066627502 0.03584088012576103
v 0.02302037551999092 0.02172391675412655 0.03610030561685562
v 0.023020276799798012 0.022242115810513496 0.03603730723261833
v 0.023542074486613274 0.022226253524422646 0.03577404096722603
v 0.023542074486613274 0.022226253524422646 0.03577404096722603
v 0.023020276799798012 0.022242115810513496 0.03603730723261833
v 0.023020176216959953 0.02276412956416607 0.03603723272681236
v 0.023541970178484917 0.02278011664748192 0.03577395901083946
v 0.023020176216959953 0.02276412956416607 0.03603723272681236
v 0.023020176216959953 0.02276412956416607 0.03603723272681236
v 0.02253265120089054 0.023224104195833206 0.03641766309738159
v 0.023020079359412193 0.02328234724700451 0.036100082099437714
v 0.023020079359412193 0.02328234724700451 0.036100082099437714
v 0.02253265120089054 0.023224104195833206 0.03641766309738159
v 0.022532563656568527 0.023693112656474113 0.03653319180011749
v 0.023019984364509583 0.023789212107658386 0.036224935203790665
v 0.023019984364509583 0.023789212107658386 0.036224935203790665
v 0.022532563656568527 0.023693112656474113 0.03653319180011749
v 0.022532479837536812 0.024144776165485382 0.0367044135928154
v 0.02301989495754242 0.024277331307530403 0.036409977823495865
v 0.02301989495754242 0.024277331307530403 0.036409977823495865
v 0.022532479837536812 0.024144776165485382 0.0367044135928154
v 0.022532401606440544 0.02457250840961933 0.036928825080394745
v 0.023019809275865555 0.0247395858168602 0.03665250167250633
v 0.023019809275865555 0.0247395858168602 0.03665250167250633
v 0.022532401606440544 0.02457250840961933 0.036928825080394745
v 0.022532328963279724 0.024970071390271187 0.03720315918326378
v 0.023019732907414436 0.025169238448143005 0.036948978900909424
v 0.023019732907414436 0.025169238448143005 0.036948978900909424
v 0.022532328963279724 0.024970071390271187 0.03720315918326378
v 0.02253226563334465 0.025331668555736542 0.03752341493964195
v 0.023019662126898766 0.02556002140045166 0.037295084446668625
v 0.023019662126898766 0.02556002140045166 0.037295084446668625
v 0.02253226563334465 0.025331668555736542 0.03752341493964195
v 0.022532209753990173 0.025652026757597923 0.037884920835494995
v 0.02301960252225399 0.025906236842274666 0.03768576681613922
v 0.02301960252225399 0.025906236842274666 0.03768576681613922
v 0.022532209753990173 0.025652026757597923 0.037884920835494995
v 0.022532163187861443 0.02592647448182106 0.03828240558505058
v 0.02301955223083496 0.026202837005257607 0.03811533376574516
v 0.02301955223083496 0.026202837005257607 0.03811533376574516
v 0.022532163187861443 0.02592647448182106 0.03828240558505058
v 0.022532125934958458 0.026151010766625404 0.03871007263660431
v 0.023019513115286827 0.02644549496471882 0.038577523082494736
v 0.023019513115286827 0.02644549496471882 0.038577523082494736
v 0.022532125934958458 0.026151010766625404 0.03871007263660431
v 0.022532101720571518 0.02632235921919346 0.03916168957948685
v 0.02301948517560959 0.026630673557519913 0.039065588265657425
v 0.02301948517560959 0.026630673557519913 0.039065588265657425
v 0.022532101720571518 0.02632235921919346 0.03916168957948685
v 0.022532084956765175 0.026438022032380104 0.03963066264986992
v 0.023019468411803246 0.026755671948194504 0.03957241773605347
v 0.023019468411803246 0.026755671948194504 0.03957241773605347
v 0.022532084956765175 0.026438022032380104 0.03963066264986992
v 0.022532081231474876 0.026496311649680138 0.040110163390636444
v 0.023019464686512947 0.026818666607141495 0.040090616792440414
v 0.023019464686512947 0.026818666607141495 0.040090616792440414
v 0.022532081231474876 0.026496311649680138 0.040110163390636444
v 0.022532088682055473 0.02649638243019581 0.04059319198131561
v 0.023019472137093544 0.026818741112947464 0.04061263054609299
v 0.023019472137093544 0.026818741112947464 0.04061263054609299
v 0.022532088682055473 0.02649638243019581 0.04059319198131561
v 0.022532107308506966 0.02643822692334652 0.04107270389795303
v 0.023019490763545036 0.026755893602967262 0.04113084822893143
v 0.023019490763545036 0.026755893602967262 0.04113084822893143
v 0.022532107308506966 0.02643822692334652 0.04107270389795303
v 0.022532135248184204 0.02632269822061062 0.04154171422123909
v 0.023019522428512573 0.02663104049861431 0.041637711226940155
v 0.023019522428512573 0.02663104049861431 0.041637711226940155
v 0.022532135248184204 0.02632269822061062 0.04154171422123909
v 0.022532174363732338 0.02615147829055786 0.04199337586760521
v 0.023019565269351006 0.02644599974155426 0.04212583228945732
v 0.023019565269351006 0.02644599974155426 0.04212583228945732
v 0.022532174363732338 0.02615147829055786 0.04199337586760521
v 0.022532222792506218 0.025927064940333366 0.04242110997438431
v 0.023019617423415184 0.026203474029898643 0.04258808493614197
v 0.023019617423415184 0.026203474029898643 0.04258808493614197
v 0.022532222792506218 0.025927064940333366 0.04242110997438431
v 0.022532282397150993 0.025652730837464333 0.04281867295503616
v 0.023019680753350258 0.025906996801495552 0.043017737567424774
v 0.023019680753350258 0.025906996801495552 0.043017737567424774
v 0.022532282397150993 0.025652730837464333 0.04281867295503616
v 0.022532347589731216 0.02533247508108616 0.04318026825785637
v 0.02301975153386593 0.0255608931183815 0.04340852051973343
v 0.02301975153386593 0.0255608931183815 0.04340852051973343
v 0.022532347589731216 0.02533247508108616 0.04318026825785637
v 0.022532422095537186 0.024970969185233116 0.0435006283223629
v 0.023019831627607346 0.025170208886265755 0.043754737824201584
v 0.023019831627607346 0.025170208886265755 0.043754737824201584
v 0.022532422095537186 0.024970969185233116 0.0435006283223629
v 0.022532500326633453 0.02457348443567753 0.04377507418394089
v 0.02301991730928421 0.024740640074014664 0.044051337987184525
v 0.02301991730928421 0.024740640074014664 0.044051337987184525
v 0.022532500326633453 0.02457348443567753 0.04377507418394089
v 0.022532586008310318 0.024145815521478653 0.04399961233139038
v 0.023020008578896523 0.02427845448255539 0.04429399594664574
v 0.023020008578896523 0.02427845448255539 0.04429399594664574
v 0.022532586008310318 0.024145815521478653 0.04399961233139038
v 0.022532673552632332 0.023694202303886414 0.044170960783958435
v 0.023020105436444283 0.02379038743674755 0.04447917267680168
v 0.023020105436444283 0.02379038743674755 0.04447917267680168
v 0.022532673552632332 0.023694202303886414 0.044170960783958435
v 0.022532764822244644 0.023225225508213043 0.04428662359714508
v 0.023020202293992043 0.02328355982899666 0.04460417106747627
v 0.023020202293992043 0.02328355982899666 0.04460417106747627
v 0.022532764822244644 0.023225225508213043 0.04428662359714508
v 0.022532857954502106 0.022745728492736816 0.044344913214445114
v 0.0230203028768301 0.02276536077260971 0.04466716945171356
v 0.0230203028768301 0.02276536077260971 0.04466716945171356
v 0.022532857954502106 0.022745728492736816 0.044344913214445114
v 0.022532949224114418 0.022262699902057648 0.044344980269670486
v 0.02302040159702301 0.02224334515631199 0.04466724023222923
v 0.02302040159702301 0.02224334515631199 0.04466724023222923
v 0.022532949224114418 0.022262699902057648 0.044344980269670486
v 0.02253304049372673 0.021783186122775078 0.044286828488111496
v 0.02302050031721592 0.02172512747347355 0.04460439458489418
v 0.02302050031721592 0.02172512747347355 0.04460439458489418
v 0.02253304049372673 0.021783186122775078 0.044286828488111496
v 0.022533128038048744 0.02131417766213417 0.044171299785375595
v 0.02302059531211853 0.02121826447546482 0.04447954148054123
v 0.02302059531211853 0.02121826447546482 0.04447954148054123
v 0.022533128038048744 0.02131417766213417 0.044171299785375595
v 0.02253321185708046 0.020862514153122902 0.04400007799267769
v 0.023020684719085693 0.020730145275592804 0.04429449886083603
v 0.023020684719085693 0.020730145275592804 0.04429449886083603
v 0.02253321185708046 0.020862514153122902 0.04400007799267769
v 0.022533290088176727 0.020434781908988953 0.04377566650509834
v 0.02302076853811741 0.02026788890361786 0.04405197501182556
v 0.02302076853811741 0.02026788890361786 0.04405197501182556
v 0.022533290088176727 0.020434781908988953 0.04377566650509834
v 0.022533360868692398 0.020037218928337097 0.04350133240222931
v 0.023020846769213676 0.0198382381349802 0.04375549778342247
v 0.023020846769213676 0.0198382381349802 0.04375549778342247
v 0.022533360868692398 0.020037218928337097 0.04350133240222931
v 0.02253342606127262 0.019675621762871742 0.043181076645851135
v 0.023020915687084198 0.019447455182671547 0.04340939223766327
v 0.023020915687084198 0.019447455182671547 0.04340939223766327
v 0.02253342606127262 0.019675621762871742 0.043181076645851135
v 0.022533481940627098 0.01935526356101036 0.04281957074999809
v 0.023020977154374123 0.01910123974084854 0.04301870986819267
v 0.023020977154374123 0.01910123974084854 0.04301870986819267
v 0.022533481940627098 0.01935526356101036 0.04281957074999809
v 0.02253352850675583 0.019080815836787224 0.042422086000442505
v 0.023021027445793152 0.0188046395778656 0.04258913919329643
v 0.023021027445793152 0.0188046395778656 0.04258913919329643
v 0.02253352850675583 0.019080815836787224 0.042422086000442505
v 0.022533563897013664 0.01885627955198288 0.04199441522359848
v 0.023021066561341286 0.01856198161840439 0.04212695360183716
v 0.023021066561341286 0.01856198161840439 0.04212695360183716
v 0.022533563897013664 0.01885627955198288 0.04199441522359848
v 0.022533589974045753 0.018684931099414825 0.04154280200600624
v 0.023021094501018524 0.018376803025603294 0.04163888841867447
v 0.023021094501018524 0.018376803025603294 0.04163888841867447
v 0.022533589974045753 0.018684931099414825 0.04154280200600624
v 0.022533604875206947 0.01856926828622818 0.04107382521033287
v 0.023021111264824867 0.018251804634928703 0.04113205894827843
v 0.023021111264824867 0.018251804634928703 0.04113205894827843
v 0.022533604875206947 0.01856926828622818 0.04107382521033287
v 0.022533610463142395 0.018510976806282997 0.040594328194856644
v 0.023021114990115166 0.018188808113336563 0.04061385989189148
v 0.023021114990115166 0.018188808113336563 0.04061385989189148
v 0.022533610463142395 0.018510976806282997 0.040594328194856644
v 0.022533603012561798 0.018510907888412476 0.040111299604177475
v 0.02302110753953457 0.018188733607530594 0.04009184613823891
v 0.02302110753953457 0.018188733607530594 0.04009184613823891
v 0.022533603012561798 0.018510907888412476 0.040111299604177475
v 0.022533584386110306 0.018569063395261765 0.039631787687540054
v 0.023021088913083076 0.018251582980155945 0.03957362845540047
v 0.023021088913083076 0.018251582980155945 0.03957362845540047
v 0.022533584386110306 0.018569063395261765 0.039631787687540054
v 0.022533556446433067 0.018684592097997665 0.039162777364254
v 0.02302105724811554 0.018376436084508896 0.03906676545739174
v 0.02302105724811554 0.018376436084508896 0.03906676545739174
v 0.022533556446433067 0.018684592097997665 0.039162777364254
v 0.022533517330884933 0.018855812028050423 0.03871111571788788
v 0.023021014407277107 0.018561474978923798 0.03857864439487457
v 0.023021014407277107 0.018561474978923798 0.03857864439487457
v 0.022533517330884933 0.018855812028050423 0.03871111571788788
v 0.022533467039465904 0.019080225378274918 0.03828338161110878
v 0.02302096225321293 0.018804002553224564 0.038116391748189926
v 0.02302096225321293 0.018804002553224564 0.038116391748189926
v 0.022533467039465904 0.019080225378274918 0.03828338161110878
v 0.022533409297466278 0.01935455948114395 0.037885818630456924
v 0.023020898923277855 0.019100479781627655 0.03768673911690712
v 0.023020898923277855 0.019100479781627655 0.03768673911690712
v 0.022533409297466278 0.01935455948114395 0.037885818630456924
v 0.022533344104886055 0.019674815237522125 0.03752421960234642
v 0.023020828142762184 0.019446583464741707 0.037295956164598465
v 0.023020828142762184 0.019446583464741707 0.037295956164598465
v 0.022533344104886055 0.019674815237522125 0.03752421960234642
v 0.022533269599080086 0.020036321133375168 0.03720386326313019
v 0.023020748049020767 0.019837267696857452 0.03694973886013031
v 0.023020748049020767 0.019837267696857452 0.03694973886013031
v 0.022533269599080086 0.020036321133375168 0.03720386326313019
v 0.02253318950533867 0.020433805882930756 0.0369294136762619
v 0.023020662367343903 0.020266834646463394 0.03665313869714737
v 0.023020662367343903 0.020266834646463394 0.03665313869714737
v 0.02253318950533867 0.020433805882930756 0.0369294136762619
v 0.022533105686306953 0.02086147479712963 0.03670487925410271
v 0.02302056923508644 0.020729022100567818 0.03641048073768616
v 0.02302056923508644 0.020729022100567818 0.03641048073768616
v 0.022533105686306953 0.02086147479712963 0.03670487925410271
v 0.02253301627933979 0.02131308801472187 0.03653353080153465
v 0.02302047424018383 0.021217087283730507 0.03622530400753021
v 0.02302047424018383 0.021217087283730507 0.03622530400753021
v 0.02253301627933979 0.02131308801472187 0.03653353080153465
v 0.022532925009727478 0.02178206481039524 0.03641786798834801
v 0.02302037551999092 0.02172391675412655 0.03610030561685562
v 0.02302037551999092 0.02172391675412655 0.03610030561685562
v 0.022532925009727478 0.02178206481039524 0.03641786798834801
v 0.022532833740115166 0.022261561825871468 0.036359578371047974
v 0.023020276799798012 0.022242115810513496 0.03603730723261833
v 0.023020276799798012 0.022242115810513496 0.03603730723261833
v 0.022532833740115166 0.022261561825871468 0.036359578371047974
v 0.022532740607857704 0.022744590416550636 0.0363595075905323
v 0.023020176216959953 0.02276412956416607 0.03603723272681236
v 0.022532740607857704 0.022744590416550636 0.0363595075905323
v 0.02253292314708233 0.021876638755202293 0.03741849958896637
v 0.02253279834985733 0.022521967068314552 0.0373523011803627
v 0.022532833740115166 0.022261561825871468 0.036359578371047974
v 0.022532563656568527 0.023779917508363724 0.03763726353645325
v 0.022532563656568527 0.023693112656474113 0.03653319180011749
v 0.02253267727792263 0.023166438564658165 0.03742637857794762
v 0.02253265120089054 0.023224104195833206 0.03641766309738159
v 0.022532740607857704 0.022744590416550636 0.0363595075905323
v 0.02253246307373047 0.024333719164133072 0.03797509893774986
v 0.022532401606440544 0.02457250840961933 0.036928825080394745
v 0.022532479837536812 0.024144776165485382 0.0367044135928154
v 0.022533072158694267 0.021528394892811775 0.04318930208683014
v 0.02253304049372673 0.021783186122775078 0.044286828488111496
v 0.022532954812049866 0.022161079570651054 0.043332621455192566
v 0.022532949224114418 0.022262699902057648 0.044344980269670486
v 0.022532830014824867 0.02280978113412857 0.04333658516407013
v 0.022533180192112923 0.020941313356161118 0.042913321405649185
v 0.02253321185708046 0.020862514153122902 0.04400007799267769
v 0.022533128038048744 0.02131417766213417 0.044171299785375595
v 0.022533416748046875 0.01954025588929653 0.040819503366947174
v 0.022533589974045753 0.018684931099414825 0.04154280200600624
v 0.022533394396305084 0.019709985703229904 0.041445616632699966
v 0.022533563897013664 0.01885627955198288 0.04199441522359848
v 0.022533344104886055 0.020010342821478844 0.042020611464977264
v 0.022533413022756577 0.01950909197330475 0.040171537548303604
v 0.022533610463142395 0.018510976806282997 0.040594328194856644
v 0.022533604875206947 0.01856926828622818 0.04107382521033287
v 0.022532273083925247 0.025500182062387466 0.0402081273496151
v 0.022532084956765175 0.026438022032380104 0.03963066264986992
v 0.022532282397150993 0.025399142876267433 0.03956732898950577
v 0.022532101720571518 0.02632235921919346 0.03916168957948685
v 0.022532319650053978 0.02516271360218525 0.038963232189416885
v 0.02253248728811741 0.02455340325832367 0.04254279285669327
v 0.022532282397150993 0.025652730837464333 0.04281867295503616
v 0.022532399743795395 0.02497638389468193 0.04205093905329704
v 0.022532222792506218 0.025927064940333366 0.04242110997438431
v 0.022532332688570023 0.02528374083340168 0.04147965833544731
v 0.022532591596245766 0.02403457835316658 0.042932216078042984
v 0.022532422095537186 0.024970969185233116 0.0435006283223629
v 0.022532347589731216 0.02533247508108616 0.04318026825785637
v 0.022532707080245018 0.023444168269634247 0.04320100322365761
v 0.022532586008310318 0.024145815521478653 0.04399961233139038
v 0.022532500326633453 0.02457348443567753 0.04377507418394089
v 0.022532857954502106 0.022745728492736816 0.044344913214445114
v 0.022532764822244644 0.023225225508213043 0.04428662359714508
v 0.022532673552632332 0.023694202303886414 0.044170960783958435
v 0.022533273324370384 0.02042728289961815 0.04251759126782417
v 0.022533360868692398 0.020037218928337097 0.04350133240222931
v 0.022533290088176727 0.020434781908988953 0.04377566650509834
v 0.02253352850675583 0.019080815836787224 0.042422086000442505
v 0.022533481940627098 0.01935526356101036 0.04281957074999809
v 0.02253342606127262 0.019675621762871742 0.043181076645851135
v 0.02253338322043419 0.019617950543761253 0.039532020688056946
v 0.022533584386110306 0.018569063395261765 0.039631787687540054
v 0.022533603012561798 0.018510907888412476 0.040111299604177475
v 0.022533154115080833 0.020702742040157318 0.03795292228460312
v 0.022533344104886055 0.019674815237522125 0.03752421960234642
v 0.022533250972628593 0.02022906206548214 0.03839615732431412
v 0.022533409297466278 0.01935455948114395 0.037885818630456924
v 0.022533327341079712 0.019861740991473198 0.03893085941672325
v 0.02253304235637188 0.02126063033938408 0.0376218780875206
v 0.02253318950533867 0.020433805882930756 0.0369294136762619
v 0.022533269599080086 0.020036321133375168 0.03720386326313019
v 0.022532925009727478 0.02178206481039524 0.03641786798834801
v 0.02253301627933979 0.02131308801472187 0.03653353080153465
v 0.022533105686306953 0.02086147479712963 0.03670487925410271
v 0.022532379254698753 0.0248019490391016 0.038424085825681686
v 0.02253226563334465 0.025331668555736542 0.03752341493964195
v 0.022532328963279724 0.024970071390271187 0.03720315918326378
v 0.022532125934958458 0.026151010766625404 0.03871007263660431
v 0.022532163187861443 0.02592647448182106 0.03828240558505058
v 0.022532209753990173 0.025652026757597923 0.037884920835494995
v 0.022532174363732338 0.02615147829055786 0.04199337586760521
v 0.022532135248184204 0.02632269822061062 0.04154171422123909
v 0.02253228984773159 0.02546110562980175 0.040855661034584045
v 0.022532107308506966 0.02643822692334652 0.04107270389795303
v 0.022532278671860695 0.025498198345303535 0.040532954037189484
v 0.022532088682055473 0.02649638243019581 0.04059319198131561
v 0.022532081231474876 0.026496311649680138 0.040110163390636444
v 0.022533467039465904 0.019080225378274918 0.03828338161110878
v 0.022533517330884933 0.018855812028050423 0.03871111571788788
v 0.022533556446433067 0.018684592097997665 0.039162777364254
v 0.028533414006233215 0.019510235637426376 0.04017144814133644
v 0.028533417731523514 0.01954139955341816 0.04081941395998001
v 0.028533609583973885 0.018512120470404625 0.04059424251317978
v 0.02853246219456196 0.0243348628282547 0.0379750095307827
v 0.028532562777400017 0.02378106117248535 0.037637174129486084
v 0.028532400727272034 0.02457365207374096 0.03692873939871788
v 0.02853267639875412 0.023167580366134644 0.037426289170980453
v 0.028532562777400017 0.02369425632059574 0.03653310611844063
v 0.0285324789583683 0.02414591982960701 0.036704324185848236
v 0.02853292226791382 0.02187778241932392 0.037418413907289505
v 0.028532832860946655 0.022262705489993095 0.03635948896408081
v 0.02853279747068882 0.02252311073243618 0.03735221549868584
v 0.028532741591334343 0.022745732218027115 0.03635942190885544
v 0.02853265032172203 0.023225247859954834 0.03641757741570473
v 0.028533602133393288 0.018512051552534103 0.04011121392250061
v 0.028533585369586945 0.018570205196738243 0.03963169828057289
v 0.02853338234126568 0.01961909420788288 0.03953193500638008
v 0.028533272445201874 0.020428426563739777 0.04251750186085701
v 0.028533481061458588 0.01935640536248684 0.04281948134303093
v 0.028533345088362694 0.020011484622955322 0.0420205220580101
v 0.02853352762758732 0.019081957638263702 0.04242199659347534
v 0.028533393517136574 0.019711127504706383 0.0414455309510231
v 0.02853318117558956 0.020942455157637596 0.04291323572397232
v 0.028533361852169037 0.020038360729813576 0.043501242995262146
v 0.02853342518210411 0.01967676356434822 0.04318098723888397
v 0.028532708063721657 0.023445311933755875 0.043200913816690445
v 0.028532765805721283 0.02322636917233467 0.04428653419017792
v 0.028532830998301506 0.0228109247982502 0.043336495757102966
v 0.028532857075333595 0.022746870294213295 0.04434482380747795
v 0.028532953932881355 0.022162223234772682 0.0433325357735157
v 0.028532590717077255 0.024035722017288208 0.04293212667107582
v 0.028532585129141808 0.02414695918560028 0.04399952292442322
v 0.02853267453610897 0.023695344105362892 0.04417087137699127
v 0.028533564880490303 0.018857423216104507 0.041994329541921616
v 0.028533590957522392 0.018686074763536453 0.04154271259903908
v 0.028533605858683586 0.018570411950349808 0.041073739528656006
v 0.028533073142170906 0.021529538556933403 0.043189212679862976
v 0.02853321097791195 0.02086365595459938 0.043999992311000824
v 0.028533289209008217 0.02043592371046543 0.04377557709813118
v 0.028532950207591057 0.022263843566179276 0.04434489458799362
v 0.02853303961455822 0.021784327924251556 0.04428673908114433
v 0.028533127158880234 0.02131531946361065 0.04417121037840843
v 0.02853304333984852 0.021261772140860558 0.037621788680553436
v 0.02853301726281643 0.021314231678843498 0.03653344511985779
v 0.028532925993204117 0.02178320661187172 0.03641778230667114
v 0.0285324864089489 0.024554546922445297 0.042542703449726105
v 0.028532421216368675 0.024972112849354744 0.04350053891539574
v 0.028532501310110092 0.024574626237154007 0.04377498850226402
v 0.028532398864626884 0.02497752755880356 0.04205085337162018
v 0.028532281517982483 0.02565387263894081 0.042818583548069
v 0.028532348573207855 0.025333618745207787 0.043180182576179504
v 0.02853228896856308 0.02546224743127823 0.04085557535290718
v 0.028532136231660843 0.026323840022087097 0.04154162481427193
v 0.028532331809401512 0.025284884497523308 0.04147957265377045
v 0.028532175347208977 0.02615262195467949 0.041993290185928345
v 0.028532223775982857 0.025928208604454994 0.042421020567417145
v 0.028533153235912323 0.020703885704278946 0.037952836602926254
v 0.028533190488815308 0.020434949547052383 0.03692932799458504
v 0.028533104807138443 0.02086261659860611 0.03670479357242584
v 0.028533250093460083 0.020230205729603767 0.03839607164263725
v 0.028533343225717545 0.019675957038998604 0.037524133920669556
v 0.028533268719911575 0.020037462934851646 0.037203773856163025
v 0.028533555567264557 0.018685735762119293 0.03916269168257713
v 0.028533516451716423 0.0188569538295269 0.038711026310920715
v 0.02853332832455635 0.019862882792949677 0.03893077000975609
v 0.028533468022942543 0.019081367179751396 0.038283295929431915
v 0.028533410280942917 0.01935570314526558 0.03788572922348976
v 0.028532272204756737 0.025501323863863945 0.040208037942647934
v 0.028532087802886963 0.026497524231672287 0.04059310257434845
v 0.028532106429338455 0.026439370587468147 0.04107261821627617
v 0.028532283380627632 0.025400284677743912 0.0395672433078289
v 0.028532085940241814 0.026439163833856583 0.039630576968193054
v 0.028532082214951515 0.026497455313801765 0.04011007398366928
v 0.028532380238175392 0.02480309270322323 0.03842400014400482
v 0.02853216417133808 0.025927618145942688 0.03828231990337372
v 0.028532318770885468 0.025163857266306877 0.03896314650774002
v 0.028532126918435097 0.026152152568101883 0.038709986954927444
v 0.028532100841403008 0.026323501020669937 0.039161600172519684
v 0.028532329946756363 0.024971215054392815 0.037203073501586914
v 0.02853226475417614 0.02533281221985817 0.03752332925796509
v 0.028532210737466812 0.02565317042171955 0.03788483515381813
v 0.022532332688570023 0.02528374083340168 0.04147965833544731
v 0.02253228984773159 0.02546110562980175 0.040855661034584045
v 0.02853228896856308 0.02546224743127823 0.04085557535290718
v 0.02853228896856308 0.02546224743127823 0.04085557535290718
v 0.02253228984773159 0.02546110562980175 0.040855661034584045
v 0.022532278671860695 0.025498198345303535 0.040532954037189484
v 0.02853228896856308 0.02546224743127823 0.04085557535290718
v 0.022532278671860695 0.025498198345303535 0.040532954037189484
v 0.028532272204756737 0.025501323863863945 0.040208037942647934
v 0.028532272204756737 0.025501323863863945 0.040208037942647934
v 0.022532278671860695 0.025498198345303535 0.040532954037189484
v 0.022532273083925247 0.025500182062387466 0.0402081273496151
v 0.028532272204756737 0.025501323863863945 0.040208037942647934
v 0.022532273083925247 0.025500182062387466 0.0402081273496151
v 0.028532283380627632 0.025400284677743912 0.0395672433078289
v 0.022532282397150993 0.025399142876267433 0.03956732898950577
v 0.028532283380627632 0.025400284677743912 0.0395672433078289
v 0.022532282397150993 0.025399142876267433 0.03956732898950577
v 0.028532318770885468 0.025163857266306877 0.03896314650774002
v 0.022532319650053978 0.02516271360218525 0.038963232189416885
v 0.028532318770885468 0.025163857266306877 0.03896314650774002
v 0.022532319650053978 0.02516271360218525 0.038963232189416885
v 0.028532380238175392 0.02480309270322323 0.03842400014400482
v 0.022532379254698753 0.0248019490391016 0.038424085825681686
v 0.028532380238175392 0.02480309270322323 0.03842400014400482
v 0.022532379254698753 0.0248019490391016 0.038424085825681686
v 0.02853246219456196 0.0243348628282547 0.0379750095307827
v 0.02253246307373047 0.024333719164133072 0.03797509893774986
v 0.02853246219456196 0.0243348628282547 0.0379750095307827
v 0.02253246307373047 0.024333719164133072 0.03797509893774986
v 0.028532562777400017 0.02378106117248535 0.037637174129486084
v 0.022532563656568527 0.023779917508363724 0.03763726353645325
v 0.028532562777400017 0.02378106117248535 0.037637174129486084
v 0.022532563656568527 0.023779917508363724 0.03763726353645325
v 0.02853267639875412 0.023167580366134644 0.037426289170980453
v 0.02253267727792263 0.023166438564658165 0.03742637857794762
v 0.02853267639875412 0.023167580366134644 0.037426289170980453
v 0.02253267727792263 0.023166438564658165 0.03742637857794762
v 0.02853279747068882 0.02252311073243618 0.03735221549868584
v 0.02253279834985733 0.022521967068314552 0.0373523011803627
v 0.02853279747068882 0.02252311073243618 0.03735221549868584
v 0.02253279834985733 0.022521967068314552 0.0373523011803627
v 0.02853292226791382 0.02187778241932392 0.037418413907289505
v 0.02253292314708233 0.021876638755202293 0.03741849958896637
v 0.02853292226791382 0.02187778241932392 0.037418413907289505
v 0.02253292314708233 0.021876638755202293 0.03741849958896637
v 0.02853304333984852 0.021261772140860558 0.037621788680553436
v 0.02253304235637188 0.02126063033938408 0.0376218780875206
v 0.02853304333984852 0.021261772140860558 0.037621788680553436
v 0.02253304235637188 0.02126063033938408 0.0376218780875206
v 0.028533153235912323 0.020703885704278946 0.037952836602926254
v 0.022533154115080833 0.020702742040157318 0.03795292228460312
v 0.028533153235912323 0.020703885704278946 0.037952836602926254
v 0.022533154115080833 0.020702742040157318 0.03795292228460312
v 0.028533250093460083 0.020230205729603767 0.03839607164263725
v 0.022533250972628593 0.02022906206548214 0.03839615732431412
v 0.028533250093460083 0.020230205729603767 0.03839607164263725
v 0.022533250972628593 0.02022906206548214 0.03839615732431412
v 0.02853332832455635 0.019862882792949677 0.03893077000975609
v 0.022533327341079712 0.019861740991473198 0.03893085941672325
v 0.02853332832455635 0.019862882792949677 0.03893077000975609
v 0.022533327341079712 0.019861740991473198 0.03893085941672325
v 0.02853338234126568 0.01961909420788288 0.03953193500638008
v 0.02253338322043419 0.019617950543761253 0.039532020688056946
v 0.02853338234126568 0.01961909420788288 0.03953193500638008
v 0.02253338322043419 0.019617950543761253 0.039532020688056946
v 0.028533414006233215 0.019510235637426376 0.04017144814133644
v 0.022533413022756577 0.01950909197330475 0.040171537548303604
v 0.028533414006233215 0.019510235637426376 0.04017144814133644
v 0.022533413022756577 0.01950909197330475 0.040171537548303604
v 0.028533417731523514 0.01954139955341816 0.04081941395998001
v 0.022533416748046875 0.01954025588929653 0.040819503366947174
v 0.028533417731523514 0.01954139955341816 0.04081941395998001
v 0.022533416748046875 0.01954025588929653 0.040819503366947174
v 0.028533393517136574 0.019711127504706383 0.0414455309510231
v 0.022533394396305084 0.019709985703229904 0.041445616632699966
v 0.028533393517136574 0.019711127504706383 0.0414455309510231
v 0.022533394396305084 0.019709985703229904 0.041445616632699966
v 0.028533345088362694 0.020011484622955322 0.0420205220580101
v 0.022533344104886055 0.020010342821478844 0.042020611464977264
v 0.028533345088362694 0.020011484622955322 0.0420205220580101
v 0.022533344104886055 0.020010342821478844 0.042020611464977264
v 0.028533272445201874 0.020428426563739777 0.04251750186085701
v 0.022533273324370384 0.02042728289961815 0.04251759126782417
v 0.028533272445201874 0.020428426563739777 0.04251750186085701
v 0.022533273324370384 0.02042728289961815 0.04251759126782417
v 0.02853318117558956 0.020942455157637596 0.04291323572397232
v 0.022533180192112923 0.020941313356161118 0.042913321405649185
v 0.02853318117558956 0.020942455157637596 0.04291323572397232
v 0.022533180192112923 0.020941313356161118 0.042913321405649185
v 0.028533073142170906 0.021529538556933403 0.043189212679862976
v 0.022533072158694267 0.021528394892811775 0.04318930208683014
v 0.028533073142170906 0.021529538556933403 0.043189212679862976
v 0.022533072158694267 0.021528394892811775 0.04318930208683014
v 0.028532953932881355 0.022162223234772682 0.0433325357735157
v 0.022532954812049866 0.022161079570651054 0.043332621455192566
v 0.028532953932881355 0.022162223234772682 0.0433325357735157
v 0.022532954812049866 0.022161079570651054 0.043332621455192566
v 0.028532830998301506 0.0228109247982502 0.043336495757102966
v 0.022532830014824867 0.02280978113412857 0.04333658516407013
v 0.028532830998301506 0.0228109247982502 0.043336495757102966
v 0.022532830014824867 0.02280978113412857 0.04333658516407013
v 0.028532708063721657 0.023445311933755875 0.043200913816690445
v 0.022532707080245018 0.023444168269634247 0.04320100322365761
v 0.028532708063721657 0.023445311933755875 0.043200913816690445
v 0.022532707080245018 0.023444168269634247 0.04320100322365761
v 0.028532590717077255 0.024035722017288208 0.04293212667107582
v 0.022532591596245766 0.02403457835316658 0.042932216078042984
v 0.028532590717077255 0.024035722017288208 0.04293212667107582
v 0.022532591596245766 0.02403457835316658 0.042932216078042984
v 0.0285324864089489 0.024554546922445297 0.042542703449726105
v 0.02253248728811741 0.02455340325832367 0.04254279285669327
v 0.0285324864089489 0.024554546922445297 0.042542703449726105
v 0.02253248728811741 0.02455340325832367 0.04254279285669327
v 0.028532398864626884 0.02497752755880356 0.04205085337162018
v 0.022532399743795395 0.02497638389468193 0.04205093905329704
v 0.028532398864626884 0.02497752755880356 0.04205085337162018
v 0.022532399743795395 0.02497638389468193 0.04205093905329704
v 0.028532331809401512 0.025284884497523308 0.04147957265377045
v 0.022532332688570023 0.02528374083340168 0.04147965833544731
v 0.028532331809401512 0.025284884497523308 0.04147957265377045
v -0.025398530066013336 -0.015005330555140972 0.026352716609835625
v -0.025398632511496544 -0.015005200169980526 0.019352715462446213
v -0.022658420726656914 -0.018890392035245895 0.01935260370373726
v -0.025398530066013336 -0.015005330555140972 0.026352716609835625
v -0.022658420726656914 -0.018890392035245895 0.01935260370373726
v -0.022879213094711304 -0.01862236298620701 0.026352612301707268
v -0.022879213094711304 -0.01862236298620701 0.026352612301707268
v -0.022658420726656914 -0.018890392035245895 0.01935260370373726
v -0.019329681992530823 -0.022284939885139465 0.019352490082383156
v -0.022879213094711304 -0.01862236298620701 0.026352612301707268
v -0.019329681992530823 -0.022284939885139465 0.019352490082383156
v -0.019523989409208298 -0.022114939987659454 0.026352496817708015
v -0.019523989409208298 -0.022114939987659454 0.026352496817708015
v -0.019329681992530823 -0.022284939885139465 0.019352490082383156
v -0.015498878434300423 -0.02510068193078041 0.0193523820489645
v -0.019523989409208298 -0.022114939987659454 0.026352496817708015
v -0.015498878434300423 -0.02510068193078041 0.0193523820489645
v -0.015642529353499413 -0.025011476129293442 0.02635238692164421
v -0.015642529353499413 -0.025011476129293442 0.02635238692164421
v -0.015498878434300423 -0.02510068193078041 0.0193523820489645
v -0.01126550417393446 -0.02726447954773903 0.019352279603481293
v -0.015642529353499413 -0.025011476129293442 0.02635238692164421
v -0.01126550417393446 -0.02726447954773903 0.019352279603481293
v -0.011339450255036354 -0.027233893051743507 0.026352282613515854
v -0.011339450255036354 -0.027233893051743507 0.026352282613515854
v -0.01126550417393446 -0.02726447954773903 0.019352279603481293
v -0.006739519070833921 -0.028720129281282425 0.01935218647122383
v -0.011339450255036354 -0.027233893051743507 0.026352282613515854
v -0.006739519070833921 -0.028720129281282425 0.01935218647122383
v -0.00673073111101985 -0.02872229740023613 0.026352187618613243
v -0.00673073111101985 -0.02872229740023613 0.026352187618613243
v -0.006739519070833921 -0.028720129281282425 0.01935218647122383
v -0.0020384779199957848 -0.029429826885461807 0.019352104514837265
v -0.00673073111101985 -0.02872229740023613 0.026352187618613243
v -0.0020384779199957848 -0.029429826885461807 0.019352104514837265
v -0.0019405903294682503 -0.029436569660902023 0.026352103799581528
v -0.0019405903294682503 -0.029436569660902023 0.026352103799581528
v -0.0020384779199957848 -0.029429826885461807 0.019352104514837265
v 0.002715517533943057 -0.029375137761235237 0.019352037459611893
v -0.0019405903294682503 -0.029436569660902023 0.026352103799581528
v 0.002715517533943057 -0.029375137761235237 0.019352037459611893
v 0.002901865169405937 -0.029357457533478737 0.026352034881711006
v 0.002901865169405937 -0.029357457533478737 0.026352034881711006
v 0.002715517533943057 -0.029375137761235237 0.019352037459611893
v 0.007398989051580429 -0.028557483106851578 0.019351983442902565
v 0.002901865169405937 -0.029357457533478737 0.026352034881711006
v 0.007398989051580429 -0.028557483106851578 0.019351983442902565
v 0.00766611797735095 -0.02848709560930729 0.02635198086500168
v 0.00766611797735095 -0.02848709560930729 0.02635198086500168
v 0.007398989051580429 -0.028557483106851578 0.019351983442902565
v 0.011890290305018425 -0.02699809893965721 0.01935194805264473
v 0.00766611797735095 -0.02848709560930729 0.02635198086500168
v 0.011890290305018425 -0.02699809893965721 0.01935194805264473
v 0.011890391819179058 -0.026998229324817657 0.026351947337388992
v 0.02553943730890751 -0.0134955495595932 0.022152001038193703
v 0.025539418682456017 -0.01349552534520626 0.020852001383900642
v 0.026789501309394836 -0.013830248266458511 0.022151976823806763
v 0.026789482682943344 -0.013830224052071571 0.020851977169513702
v 0.026789501309394836 -0.013830248266458511 0.022151976823806763
v 0.026789482682943344 -0.013830224052071571 0.020851977169513702
v 0.027704738080501556 -0.0147451376542449 0.022151945158839226
v 0.027704719454050064 -0.014745112508535385 0.020851945504546165
v 0.027704738080501556 -0.0147451376542449 0.022151945158839226
v 0.027704719454050064 -0.014745112508535385 0.020851945504546165
v 0.02803991362452507 -0.015995074063539505 0.022151917219161987
v 0.028039894998073578 -0.015995049849152565 0.020851917564868927
v 0.02803991362452507 -0.015995074063539505 0.022151917219161987
v 0.028039894998073578 -0.015995049849152565 0.020851917564868927
v 0.02770521491765976 -0.017245136201381683 0.022151898592710495
v 0.027705196291208267 -0.017245111986994743 0.020851898938417435
v 0.02770521491765976 -0.017245136201381683 0.022151898592710495
v 0.027705196291208267 -0.017245111986994743 0.020851898938417435
v 0.026790326461195946 -0.018160374835133553 0.022151894867420197
v 0.026790305972099304 -0.018160350620746613 0.020851895213127136
v 0.026790326461195946 -0.018160374835133553 0.022151894867420197
v 0.026790305972099304 -0.018160350620746613 0.020851895213127136
v 0.025540390983223915 -0.018495550379157066 0.02215190790593624
v 0.025540372356772423 -0.018495526164770126 0.02085190825164318
v 0.025540390983223915 -0.018495550379157066 0.02215190790593624
v 0.025540372356772423 -0.018495526164770126 0.02085190825164318
v 0.024290326982736588 -0.018160849809646606 0.02215193212032318
v 0.024290306493639946 -0.018160825595259666 0.02085193246603012
v 0.024290326982736588 -0.018160849809646606 0.02215193212032318
v 0.024290306493639946 -0.018160825595259666 0.02085193246603012
v 0.02337508834898472 -0.017245961353182793 0.02215196192264557
v 0.023375069722533226 -0.017245937138795853 0.02085196226835251
v 0.02337508834898472 -0.017245961353182793 0.02215196192264557
v 0.023375069722533226 -0.017245937138795853 0.02085196226835251
v 0.023039912804961205 -0.015996025875210762 0.022151989862322807
v 0.023039894178509712 -0.015996001660823822 0.020851990208029747
v 0.023039912804961205 -0.015996025875210762 0.022151989862322807
v 0.023039894178509712 -0.015996001660823822 0.020851990208029747
v 0.023374611511826515 -0.014745961874723434 0.0221520084887743
v 0.023374592885375023 -0.014745937660336494 0.02085200883448124
v 0.023374611511826515 -0.014745961874723434 0.0221520084887743
v 0.023374592885375023 -0.014745937660336494 0.02085200883448124
v 0.024289501830935478 -0.01383072417229414 0.022152012214064598
v 0.024289483204483986 -0.0138306999579072 0.020852012559771538
v 0.024289501830935478 -0.01383072417229414 0.022152012214064598
v 0.024289483204483986 -0.0138306999579072 0.020852012559771538
v 0.02553943730890751 -0.0134955495595932 0.022152001038193703
v 0.025539418682456017 -0.01349552534520626 0.020852001383900642
v 0.018536388874053955 0.0025031166151165962 0.022152401506900787
v 0.018536370247602463 0.00250314106233418 0.020852401852607727
v 0.019786452874541283 0.002168418373912573 0.022152377292513847
v 0.01978643424808979 0.002168442588299513 0.020852377638220787
v 0.019786452874541283 0.002168418373912573 0.022152377292513847
v 0.01978643424808979 0.002168442588299513 0.020852377638220787
v 0.020701691508293152 0.0012535291025415063 0.02215234749019146
v 0.02070167288184166 0.0012535534333437681 0.0208523478358984
v 0.020701691508293152 0.0012535291025415063 0.02215234749019146
v 0.02070167288184166 0.0012535534333437681 0.0208523478358984
v 0.021036867052316666 3.592974735511234e-06 0.02215231955051422
v 0.021036848425865173 3.6172821182844928e-06 0.02085231803357601
v 0.021036867052316666 3.592974735511234e-06 0.02215231955051422
v 0.021036848425865173 3.6172821182844928e-06 0.02085231803357601
v 0.020702168345451355 -0.0012464707251638174 0.02215230092406273
v 0.020702149718999863 -0.0012464465107768774 0.02085230126976967
v 0.020702168345451355 -0.0012464707251638174 0.02215230092406273
v 0.020702149718999863 -0.0012464465107768774 0.02085230126976967
v 0.019787278026342392 -0.0021617086604237556 0.02215229719877243
v 0.0197872593998909 -0.002161684213206172 0.02085229754447937
v 0.019787278026342392 -0.0021617086604237556 0.02215229719877243
v 0.0197872593998909 -0.002161684213206172 0.02085229754447937
v 0.01853734254837036 -0.002496883040294051 0.022152308374643326
v 0.01853732205927372 -0.002496858825907111 0.020852308720350266
v 0.01853734254837036 -0.002496883040294051 0.022152308374643326
v 0.01853732205927372 -0.002496858825907111 0.020852308720350266
v 0.017287278547883034 -0.002162184799090028 0.022152332589030266
v 0.01728725992143154 -0.002162160584703088 0.020852332934737206
v 0.017287278547883034 -0.002162184799090028 0.022152332589030266
v 0.01728725992143154 -0.002162160584703088 0.020852332934737206
v 0.016372041776776314 -0.001247295644134283 0.022152364253997803
v 0.01637202315032482 -0.0012472713133320212 0.020852362737059593
v 0.016372041776776314 -0.001247295644134283 0.022152364253997803
v 0.01637202315032482 -0.0012472713133320212 0.020852362737059593
v 0.0160368662327528 2.6405409698782023e-06 0.02215239219367504
v 0.016036847606301308 2.664848352651461e-06 0.02085239253938198
v 0.0160368662327528 2.6405409698782023e-06 0.02215239219367504
v 0.016036847606301308 2.664848352651461e-06 0.02085239253938198
v 0.01637156493961811 0.0012527042999863625 0.022152410820126534
v 0.01637154631316662 0.0012527286307886243 0.020852411165833473
v 0.01637156493961811 0.0012527042999863625 0.022152410820126534
v 0.01637154631316662 0.0012527286307886243 0.020852411165833473
v 0.017286455258727074 0.0021679422352463007 0.022152414545416832
v 0.017286434769630432 0.0021679664496332407 0.02085241489112377
v 0.017286455258727074 0.0021679422352463007 0.022152414545416832
v 0.017286434769630432 0.0021679664496332407 0.02085241489112377
v 0.018536388874053955 0.0025031166151165962 0.022152401506900787
v 0.018536370247602463 0.00250314106233418 0.020852401852607727
v 0.03253639116883278 0.0025057834573090076 0.02215219847857952
v 0.03253636881709099 0.0025058076716959476 0.02085219882428646
v 0.03378645330667496 0.0021710852161049843 0.02215217426419258
v 0.033786434680223465 0.0021711094304919243 0.02085217274725437
v 0.03378645330667496 0.0021710852161049843 0.02215217426419258
v 0.033786434680223465 0.0021711094304919243 0.02085217274725437
v 0.03470169007778168 0.0012561959447339177 0.022152142599225044
v 0.034701671451330185 0.0012562202755361795 0.020852142944931984
v 0.03470169007778168 0.0012561959447339177 0.022152142599225044
v 0.034701671451330185 0.0012562202755361795 0.020852142944931984
v 0.03503686562180519 6.259788733586902e-06 0.022152114659547806
v 0.0350368469953537 6.284095888986485e-06 0.020852115005254745
v 0.03503686562180519 6.259788733586902e-06 0.022152114659547806
v 0.0350368469953537 6.284095888986485e-06 0.020852115005254745
v 0.03470216691493988 -0.0012438039993867278 0.022152096033096313
v 0.03470214828848839 -0.001243779668584466 0.020852096378803253
v 0.03470216691493988 -0.0012438039993867278 0.022152096033096313
v 0.03470214828848839 -0.001243779668584466 0.020852096378803253
v 0.03378727659583092 -0.0021590418182313442 0.022152092307806015
v 0.033787257969379425 -0.0021590176038444042 0.020852092653512955
v 0.03378727659583092 -0.0021590418182313442 0.022152092307806015
v 0.033787257969379425 -0.0021590176038444042 0.020852092653512955
v 0.03253734111785889 -0.0024942164309322834 0.02215210534632206
v 0.032537322491407394 -0.0024941919837146997 0.02085210382938385
v 0.03253734111785889 -0.0024942164309322834 0.02215210534632206
v 0.032537322491407394 -0.0024941919837146997 0.02085210382938385
v 0.03128727898001671 -0.0021595179568976164 0.022152129560709
v 0.031287260353565216 -0.0021594937425106764 0.02085212990641594
v 0.03128727898001671 -0.0021595179568976164 0.022152129560709
v 0.031287260353565216 -0.0021594937425106764 0.02085212990641594
v 0.03037204220890999 -0.0012446288019418716 0.022152159363031387
v 0.030372021719813347 -0.0012446044711396098 0.020852159708738327
v 0.03037204220890999 -0.0012446288019418716 0.022152159363031387
v 0.030372021719813347 -0.0012446044711396098 0.020852159708738327
v 0.030036866664886475 5.30735496795387e-06 0.022152187302708626
v 0.030036848038434982 5.331662578100804e-06 0.020852187648415565
v 0.030036866664886475 5.30735496795387e-06 0.022152187302708626
v 0.030036848038434982 5.331662578100804e-06 0.020852187648415565
v 0.030371565371751785 0.0012553711421787739 0.022152205929160118
v 0.030371546745300293 0.0012553953565657139 0.020852206274867058
v 0.030371565371751785 0.0012553711421787739 0.022152205929160118
v 0.030371546745300293 0.0012553953565657139 0.020852206274867058
v 0.03128645569086075 0.0021706088446080685 0.022152209654450417
v 0.031286437064409256 0.002170633291825652 0.020852210000157356
v 0.03128645569086075 0.0021706088446080685 0.022152209654450417
v 0.031286437064409256 0.002170633291825652 0.020852210000157356
v 0.03253639116883278 0.0025057834573090076 0.02215219847857952
v 0.03253636881709099 0.0025058076716959476 0.02085219882428646
v 0.025533342733979225 0.018504450097680092 0.022152598947286606
v 0.025533324107527733 0.018504474312067032 0.020852599292993546
v 0.026783404871821404 0.01816975139081478 0.022152574732899666
v 0.02678338624536991 0.01816977560520172 0.020852575078606606
v 0.026783404871821404 0.01816975139081478 0.022152574732899666
v 0.02678338624536991 0.01816977560520172 0.020852575078606606
v 0.027698643505573273 0.017254861071705818 0.022152544930577278
v 0.02769862487912178 0.017254885286092758 0.020852545276284218
v 0.027698643505573273 0.017254861071705818 0.022152544930577278
v 0.02769862487912178 0.017254885286092758 0.020852545276284218
v 0.028033819049596786 0.016004927456378937 0.02215251699090004
v 0.028033798560500145 0.016004951670765877 0.02085251547396183
v 0.028033819049596786 0.016004927456378937 0.02215251699090004
v 0.028033798560500145 0.016004951670765877 0.02085251547396183
v 0.027699118480086327 0.014754862524569035 0.022152498364448547
v 0.027699099853634834 0.014754886738955975 0.020852496847510338
v 0.027699118480086327 0.014754862524569035 0.022152498364448547
v 0.027699099853634834 0.014754886738955975 0.020852496847510338
v 0.026784230023622513 0.01383962482213974 0.02215249463915825
v 0.02678421139717102 0.01383964903652668 0.02085249312222004
v 0.026784230023622513 0.01383962482213974 0.02215249463915825
v 0.02678421139717102 0.01383964903652668 0.02085249312222004
v 0.025534294545650482 0.0135044502094388 0.022152505815029144
v 0.02553427591919899 0.01350447442382574 0.020852506160736084
v 0.025534294545650482 0.0135044502094388 0.022152505815029144
v 0.02553427591919899 0.01350447442382574 0.020852506160736084
v 0.024284230545163155 0.013839147984981537 0.022152530029416084
v 0.024284211918711662 0.013839172199368477 0.020852530375123024
v 0.024284230545163155 0.013839147984981537 0.022152530029416084
v 0.024284211918711662 0.013839172199368477 0.020852530375123024
v 0.023368991911411285 0.014754037372767925 0.02215256169438362
v 0.023368973284959793 0.014754061587154865 0.02085256017744541
v 0.023368991911411285 0.014754037372767925 0.02215256169438362
v 0.023368973284959793 0.014754061587154865 0.02085256017744541
v 0.02303381823003292 0.01600397378206253 0.02215258963406086
v 0.02303379774093628 0.01600399799644947 0.02085258811712265
v 0.02303381823003292 0.01600397378206253 0.02215258963406086
v 0.02303379774093628 0.01600399799644947 0.02085258811712265
v 0.02336851693689823 0.017254037782549858 0.022152608260512352
v 0.02336849831044674 0.017254061996936798 0.020852606743574142
v 0.02336851693689823 0.017254037782549858 0.022152608260512352
v 0.02336849831044674 0.017254061996936798 0.020852606743574142
v 0.024283405393362045 0.018169274553656578 0.02215261198580265
v 0.024283386766910553 0.018169298768043518 0.02085261046886444
v 0.024283405393362045 0.018169274553656578 0.02215261198580265
v 0.024283386766910553 0.018169298768043518 0.02085261046886444
v 0.025533342733979225 0.018504450097680092 0.022152598947286606
v 0.025533324107527733 0.018504474312067032 0.020852599292993546
v -0.013332659378647804 0.006872004829347134 0.024352949112653732
v -0.013332732953131199 0.0068720984272658825 0.019352948293089867
v -0.011291434057056904 0.009873525239527225 0.02435297518968582
v -0.011291506700217724 0.009873618371784687 0.019352974370121956
v -0.011291434057056904 0.009873525239527225 0.02435297518968582
v -0.011291506700217724 0.009873618371784687 0.019352974370121956
v -0.008588976226747036 0.012296836823225021 0.02435298077762127
v -0.008589048869907856 0.012296929955482483 0.019352979958057404
v -0.008588976226747036 0.012296836823225021 0.02435298077762127
v -0.008589048869907856 0.012296929955482483 0.019352979958057404
v -0.005383537150919437 0.01400003395974636 0.024352965876460075
v -0.005383610259741545 0.014000128023326397 0.01935296505689621
v -0.005383537150919437 0.01400003395974636 0.024352965876460075
v -0.005383610259741545 0.014000128023326397 0.01935296505689621
v -0.0018628238467499614 0.014883380383253098 0.02435293048620224
v -0.001862896722741425 0.014883474446833134 0.019352931529283524
v -0.0018628238467499614 0.014883380383253098 0.02435293048620224
v -0.001862896722741425 0.014883474446833134 0.019352931529283524
v 0.0017669948283582926 0.014895147643983364 0.02435287833213806
v 0.001766921952366829 0.014895240776240826 0.019352879375219345
v 0.0017669948283582926 0.014895147643983364 0.02435287833213806
v 0.001766921952366829 0.014895240776240826 0.019352879375219345
v 0.005293361376971006 0.014034646563231945 0.02435281127691269
v 0.005293288268148899 0.014034739695489407 0.019352810457348824
v 0.020316453650593758 -0.003690464189276099 0.0193522609770298
v 0.020534442737698555 -0.0037714506033807993 0.019352255389094353
v 0.018537605181336403 -0.004096830729395151 0.019352279603481293
v -0.012133588083088398 -0.0028869756497442722 0.0193527489900589
v -0.013226069509983063 -0.003941631875932217 0.0193527452647686
v -0.015106680803000927 -0.0037782397121191025 0.019352775067090988
v -0.011650500819087029 0.01538583729416132 0.01935308240354061
v -0.008589048869907856 0.012296929955482483 0.019352979958057404
v -0.01164949405938387 0.010100271552801132 0.019352983683347702
v -0.011291506700217724 0.009873618371784687 0.019352974370121956
v -0.013332732953131199 0.0068720984272658825 0.019352948293089867
v -0.017011601477861404 -0.0017286024522036314 0.01935284212231636
v -0.016549717634916306 -3.5144068988302024e-06 0.0193528663367033
v -0.01510739978402853 -3.2396658298239345e-06 0.01935284584760666
v 0.012728382833302021 0.011757767759263515 0.019352659583091736
v 0.013190923258662224 0.010032856836915016 0.019352620467543602
v 0.009981799870729446 0.010104391723871231 0.019352668896317482
v 0.017903950065374374 0.008770966902375221 0.01935252919793129
v 0.019166497513651848 0.010033994913101196 0.019352534785866737
v 0.020531799644231796 0.010106401517987251 0.019352516159415245
v 0.019632861018180847 -0.011752326972782612 0.01935211941599846
v 0.020536599680781364 -0.015099301934242249 0.01935204304754734
v 0.01917097717523575 -0.013477415777742863 0.01935209333896637
v 0.017908429726958275 -0.014740443788468838 0.01935208961367607
v 0.017907291650772095 -0.008764868602156639 0.019352201372385025
v 0.016182202845811844 -0.00830298475921154 0.01935223489999771
v 0.013584905304014683 -0.006200626492500305 0.01935231126844883
v 0.014457291923463345 -0.008765526115894318 0.019352251663804054
v 0.013194745406508446 -0.010028554126620293 0.019352246075868607
v 0.0161835178732872 -0.01520298421382904 0.019352106377482414
v 0.02053665556013584 -0.015384867787361145 0.019352039322257042
v 0.013586655259132385 -0.015386192128062248 0.0193521399050951
v 0.0144584309309721 -0.014741101302206516 0.0193521399050951
v 0.013586600311100483 -0.015100626274943352 0.019352145493030548
v 0.01319540198892355 -0.013478553853929043 0.019352180883288383
v 0.00998660083860159 -0.015101311728358269 0.019352197647094727
v 0.012732861563563347 -0.011753642000257969 0.019352219998836517
v 0.019628383219242096 0.011759081855416298 0.019352559000253677
v 0.01916583999991417 0.013483994640409946 0.01935259811580181
v 0.020530791953206062 0.015391967259347439 0.019352614879608154
v 0.017902811989188194 0.014746541157364845 0.019352640956640244
v 0.016177725046873093 0.015208425000309944 0.01935267448425293
v 0.01358079258352518 0.015390642918646336 0.019352715462446213
v 0.014452814124524593 0.014745884574949741 0.019352691248059273
v 0.01319026667624712 0.013482856564223766 0.019352685660123825
v 0.013582541607320309 0.00620507774874568 0.019352544099092484
v 0.014453952200710773 0.008770309388637543 0.01935257948935032
v 0.01617904007434845 0.008308425545692444 0.019352545961737633
v 0.02053254283964634 0.006206401623785496 0.019352441653609276
v 0.009982542134821415 0.006204392295330763 0.019352596253156662
v 0.009980793111026287 0.015389957465231419 0.01935276761651039
v -0.015108581632375717 0.006199612747877836 0.01935296133160591
v -0.017012258991599083 0.0017213975079357624 0.019352905452251434
v -0.018275287002325058 0.0029839444905519485 0.019352948293089867
v -0.02000037394464016 0.0034458283334970474 0.019352981820702553
v -0.023449718952178955 -4.8287656682077795e-06 0.01935296691954136
v -0.03499991074204445 0.0009993702406063676 0.01935315504670143
v -0.022987833246588707 0.0017202591989189386 0.019352992996573448
v -0.034568943083286285 0.004571990575641394 0.019353214651346207
v -0.021725285798311234 0.0029832874424755573 0.019352998584508896
v -0.019999060779809952 -0.00345417158678174 0.019352853298187256
v -0.018274148926138878 -0.0029916304629296064 0.019352836534380913
v -0.021724147722125053 -0.0029922877438366413 0.019352886825799942
v -0.034567199647426605 -0.004585884045809507 0.019353043287992477
v -0.02298717573285103 -0.0017297406448051333 0.019352927803993225
v -0.03499952703714371 -0.001013428089208901 0.019353117793798447
v -0.03499971702694893 -7.028887921478599e-06 0.01935313642024994
v -0.0027264344971626997 -0.019022012129426003 0.01935230940580368
v -0.003188975155353546 -0.01729710027575493 0.019352348521351814
v 0.009986655786633492 -0.015386877581477165 0.01935219205915928
v -0.011644638143479824 -0.015390998683869839 0.0193525068461895
v -0.009164550341665745 -0.01729823835194111 0.019352436065673828
v -0.011643514968454838 -0.02128814533352852 0.019352396950125694
v -0.009626434184610844 -0.01902332715690136 0.01935240998864174
v -0.009163892827928066 -0.020748239010572433 0.019352370873093605
v -0.004452003166079521 -0.016034552827477455 0.019352391362190247
v -0.006177091505378485 -0.015572668984532356 0.019352424889802933
v -0.007902002893388271 -0.016035210341215134 0.019352441653609276
v -0.01126550417393446 -0.02726447954773903 0.019352279603481293
v -0.007900864817202091 -0.022010786458849907 0.019352329894900322
v -0.006739519070833921 -0.028720129281282425 0.01935218647122383
v -0.006175777409225702 -0.022472668439149857 0.019352296367287636
v -0.0020384779199957848 -0.029429826885461807 0.019352104514837265
v -0.004450865089893341 -0.02201012894511223 0.019352279603481293
v 0.002715517533943057 -0.029375137761235237 0.019352037459611893
v -0.0031883178744465113 -0.020747100934386253 0.01935228519141674
v 0.007398989051580429 -0.028557483106851578 0.019351983442902565
v 0.009987778961658478 -0.02128402516245842 0.019352082163095474
v 0.011890290305018425 -0.02699809893965721 0.01935194805264473
v 0.013587778434157372 -0.021283339709043503 0.019352030009031296
v 0.006993746850639582 0.012405678629875183 0.019352756440639496
v 0.0063100410625338554 0.01339403074234724 0.019352784380316734
v 0.005293288268148899 0.014034739695489407 0.019352810457348824
v 0.001766921952366829 0.014895240776240826 0.019352879375219345
v -0.001862896722741425 0.014883474446833134 0.019352931529283524
v -0.005383610259741545 0.014000128023326397 0.01935296505689621
v 0.007234686985611916 0.011228290386497974 0.019352730363607407
v 0.007234901189804077 0.010103868320584297 0.019352709874510765
v 0.007235643919557333 0.006203868892043829 0.019352635368704796
v 0.004236349370330572 0.0025004451163113117 0.019352611154317856
v 0.005736272782087326 0.0029026546981185675 0.019352596253156662
v 0.009983723983168602 1.5398600226035342e-06 0.01935248076915741
v 0.006834140047430992 0.0040009403601288795 0.01935259997844696
v 0.007235778030008078 0.00550101650878787 0.01935262233018875
v 0.006315143313258886 -0.01339234970510006 0.01935228332877159
v 0.006998472847044468 -0.01240373682230711 0.019352292641997337
v 0.007238964084535837 -0.011226257309317589 0.01935230940580368
v 0.009984905831515789 -0.0062013124115765095 0.019352363422513008
v -0.011287744157016277 -0.009878643788397312 0.019352605566382408
v -0.008584363386034966 -0.012300925329327583 0.019352521747350693
v -0.011644692160189152 -0.015105432830750942 0.019352512434124947
v -0.005378276109695435 -0.014002901501953602 0.019352441653609276
v -0.0018572262488305569 -0.014884906820952892 0.019352374598383904
v 0.0017725966172292829 -0.01489529013633728 0.019352320581674576
v 0.0052986349910497665 -0.014033446088433266 0.01935228519141674
v -0.015106218867003918 -0.006206091959029436 0.019352730363607407
v -0.013662152923643589 -0.005396157503128052 0.01935272477567196
v 0.004237302113324404 -0.0024995547719299793 0.019352518022060394
v -0.011647569015622139 -2.580613909231033e-06 0.01935279555618763
v -0.010665558278560638 0.0024976064451038837 0.019352827221155167
v -0.010664605535566807 -0.0025023934431374073 0.019352734088897705
v 0.00723800715059042 -0.006201835814863443 0.01935240440070629
v 0.007237873040139675 -0.005498983431607485 0.019352417439222336
v 0.009984442964196205 -0.003773460164666176 0.01935240998864174
v 0.00683566415682435 -0.003999060019850731 0.019352450966835022
v 0.005737378727644682 -0.0029011929873377085 0.019352488219738007
v 0.039032887667417526 0.02200707420706749 0.019352467730641365
v 0.029530808329582214 0.016917599365115166 0.019352510571479797
v 0.028738798573613167 0.01856142096221447 0.01935255341231823
v 0.032959938049316406 0.026665175333619118 0.019352642819285393
v 0.03537193685770035 0.025666629895567894 0.019352590665221214
v 0.037443310022354126 0.02407783828675747 0.01935252919793129
v 0.04003235325217247 0.01959545537829399 0.01935240812599659
v 0.04037358611822128 0.017007330432534218 0.019352354109287262
v 0.02953115664422512 0.01509292796254158 0.01935247704386711
v 0.040373895317316055 0.015395747497677803 0.019352324306964874
v 0.028739772737026215 0.0134488046169281 0.01935245841741562
v 0.04037490114569664 0.010110181756317616 0.019352225586771965
v 0.02153639867901802 0.016916075721383095 0.0193526279181242
v 0.021536746993660927 0.015091405250132084 0.019352594390511513
v 0.022328754886984825 0.01344758365303278 0.01935255154967308
v 0.02375555783510208 0.012310191057622433 0.019352508708834648
v 0.02553490176796913 0.010107354260981083 0.019352441653609276
v 0.025534559041261673 0.011904502287507057 0.019352475181221962
v 0.02731340378522873 0.012310869060456753 0.01935245841741562
v 0.030371682718396187 0.027005424723029137 0.019352687522768974
v 0.02731199748814106 0.019698813557624817 0.019352596253156662
v 0.02553168311715126 0.027004502713680267 0.019352758303284645
v 0.025532996281981468 0.020104501396417618 0.019352629780769348
v 0.020528580993413925 0.02700354903936386 0.019352830946445465
v 0.023754151538014412 0.019698135554790497 0.01935264840722084
v 0.022327780723571777 0.018560199066996574 0.01935264654457569
v 0.04037800803780556 -0.006195522844791412 0.01935192197561264
v 0.04037970304489136 -0.015095522627234459 0.01935175433754921
v 0.029536904767155647 -0.015082400292158127 0.019351912662386894
v 0.040379755198955536 -0.015381088480353355 0.019351748749613762
v 0.029537251219153404 -0.016907071694731712 0.019351879134774208
v 0.025540653616189957 -0.020095497369766235 0.01935187727212906
v 0.027319500222802162 -0.019689131528139114 0.019351858645677567
v 0.039041269570589066 -0.02199292555451393 0.019351644441485405
v 0.028745869174599648 -0.018551195040345192 0.019351860508322716
v 0.04003981500864029 -0.01958092674612999 0.019351676106452942
v 0.04038006439805031 -0.01699267141520977 0.019351718947291374
v 0.025540880858898163 -0.021281063556671143 0.019351854920387268
v 0.023761654272675514 -0.019689807668328285 0.019351910799741745
v 0.020537778735160828 -0.0212820153683424 0.019351927563548088
v 0.022334851324558258 -0.018552415072917938 0.019351953640580177
v 0.02154284343123436 -0.016908593475818634 0.01935199461877346
v 0.02233387716114521 -0.013439799658954144 0.019352048635482788
v 0.020534904673695564 -0.006199302617460489 0.01935221068561077
v 0.01917031966149807 -0.010027416050434113 0.019352158531546593
v 0.0287448950111866 -0.013438578695058823 0.019351955503225327
v 0.027318092063069344 -0.012301186099648476 0.01935199648141861
v 0.0255380067974329 -0.006198349874466658 0.01935213804244995
v 0.0255390927195549 -0.0118954973295331 0.019352030009031296
v 0.023760246112942696 -0.012301864102482796 0.019352048635482788
v 0.030757198110222816 0.0036994691472500563 0.019352246075868607
v 0.02933082915842533 0.002561533357948065 0.019352246075868607
v 0.025535644963383675 0.006207354832440615 0.019352369010448456
v 0.025536825880408287 4.502519004745409e-06 0.019352253526449203
v 0.03253604471683502 0.004105835687369108 0.019352227449417114
v 0.040375642478466034 0.006210181396454573 0.019352152943611145
v 0.034315045922994614 0.0037001469172537327 0.019352193921804428
v 0.04037754237651825 -0.0037676705978810787 0.019351966679096222
v 0.036534201353788376 -0.0009057384449988604 0.019352076575160027
v 0.040376823395490646 7.329341769946041e-06 0.019352037459611893
v 0.03653385490179062 0.0009189331321977079 0.019352110102772713
v 0.03574184700846672 0.0025627545546740294 0.019352152943611145
v 0.030758606269955635 -0.003688475117087364 0.019352108240127563
v 0.03253760561347008 -0.00409416388720274 0.019352074712514877
v 0.034316450357437134 -0.0036877973470836878 0.019352056086063385
v 0.03574281930923462 -0.0025498615577816963 0.019352056086063385
v 0.02933180332183838 -0.002551082754507661 0.019352151080965996
v 0.02553754486143589 -0.003770497627556324 0.019352182745933533
v 0.02853979356586933 -0.0009072612738236785 0.01935219205915928
v 0.028539447113871574 0.0009174103033728898 0.019352227449417114
v 0.013583723455667496 2.2256119791563833e-06 0.01935242861509323
v 0.015330829657614231 0.0025588665157556534 0.019352449104189873
v 0.018536044284701347 0.004103168845176697 0.01935243234038353
v 0.016757197678089142 0.0036968025378882885 0.019352450966835022
v 0.021742820739746094 -0.0025525283999741077 0.0193522609770298
v 0.02253420278429985 -0.0009084052871912718 0.019352279603481293
v 0.022533856332302094 0.0009162663482129574 0.019352314993739128
v 0.021741848438978195 0.0025600879453122616 0.01935235597193241
v 0.02031504549086094 0.0036974800750613213 0.019352398812770844
v 0.0145394466817379 0.0009147435193881392 0.01935243047773838
v 0.014539794996380806 -0.0009099281160160899 0.019352396950125694
v 0.013584442436695099 -0.003772774478420615 0.01935235783457756
v 0.01675860583782196 -0.0036911419592797756 0.01935231313109398
v 0.015331803821027279 -0.0025537495967000723 0.019352354109287262
v -0.009633680805563927 0.019018935039639473 0.019353121519088745
v -0.00917113944888115 0.01729402132332325 0.01935308240354061
v -0.009171796962618828 0.020744021981954575 0.019353147596120834
v -0.011666917242109776 0.027094407007098198 0.01935330219566822
v -0.007909249514341354 0.02200704999268055 0.019353153184056282
v -0.011275890283286572 0.027259461581707 0.01935330033302307
v -0.006184338126331568 0.022469589486718178 0.01935313642024994
v -0.006750460248440504 0.028716836124658585 0.019353261217474937
v -0.004459249787032604 0.022007707506418228 0.019353102892637253
v -0.0031955644953995943 0.01729515939950943 0.019352994859218597
v -0.002733680885285139 0.01902024820446968 0.019353020936250687
v -0.0031962215434759855 0.020745160058140755 0.01935306005179882
v -0.007908111438155174 0.016031473875045776 0.019353041425347328
v -0.006183024030178785 0.015569590963423252 0.019353007897734642
v -0.004458111710846424 0.016032131388783455 0.0193529911339283
v -0.01511033158749342 0.015385177917778492 0.01935313455760479
v -0.015508440323174 0.02509405091404915 0.019353320822119713
v -0.025404347106814384 0.01499479915946722 0.01935327611863613
v -0.022665616124868393 0.01888103410601616 0.019353309646248817
v -0.019338170066475868 0.022276850417256355 0.01935332454741001
v -0.028581425547599792 0.01330497395247221 0.019353291019797325
v -0.01510932482779026 0.010099612176418304 0.01935303397476673
v -0.031264614313840866 0.010907093062996864 0.019353285431861877
v -0.03329949453473091 0.007939161732792854 0.019353259354829788
v -0.025398632511496544 -0.015005200169980526 0.019352715462446213
v -0.028576353564858437 -0.013316585682332516 0.01935279369354248
v -0.03126045688986778 -0.010919727385044098 0.019352877512574196
v -0.03329646587371826 -0.007952570915222168 0.01935296319425106
v -0.015498878434300423 -0.02510068193078041 0.0193523820489645
v -0.019329681992530823 -0.022284939885139465 0.019352490082383156
v -0.015103345736861229 -0.021288804709911346 0.019352447241544724
v -0.022658420726656914 -0.018890392035245895 0.01935260370373726
v -0.015104468911886215 -0.015391657128930092 0.019352559000253677
v -0.015104522928595543 -0.015106091275811195 0.019352562725543976
v -0.013330113142728806 -0.006877901032567024 0.019352691248059273
v 0.025541968643665314 -0.026995496824383736 0.019351748749613762
v 0.02053886651992798 -0.026996450498700142 0.019351821392774582
v 0.013588866218924522 -0.026997774839401245 0.01935192197561264
v 0.03745247796177864 -0.02406429499387741 0.01935162954032421
v 0.03538171574473381 -0.02565387636423111 0.01935162954032421
v 0.03297009319067001 -0.026653340086340904 0.019351646304130554
v 0.03038196824491024 -0.026994574815034866 0.01935167796909809
v 0.013578580692410469 0.027002226561307907 0.019352933391928673
v 0.011880003847181797 0.02700190246105194 0.019352957606315613
v 0.007388108875602484 0.028559576719999313 0.019353052601218224
v 0.00270432629622519 0.02937544696033001 0.01935313642024994
v -0.0020496894139796495 0.029428323730826378 0.01935320533812046
v 0.021542495116591454 -0.015083923004567623 0.019352030009031296
v -0.01366420742124319 0.005390228237956762 0.019352925941348076
v -0.013227569870650768 0.003935868851840496 0.01935289241373539
v -0.012134687043726444 0.0028816289268434048 0.019352857023477554
v -0.006183074787259102 0.016219496726989746 0.024353019893169403
v -0.011325470171868801 0.015607953071594238 0.024353083223104477
v 0.004325482994318008 0.015610934235155582 0.02435285411775112
v 0.011241029016673565 -0.023998314514756203 0.02435201220214367
v 0.01421336829662323 -0.023997748270630836 0.024351969361305237
v 0.014212732203304768 -0.020658312365412712 0.02435203269124031
v 0.029014507308602333 -0.01641680672764778 0.024351894855499268
v 0.03253987058997154 -0.015604822896420956 0.024351859465241432
v 0.03253971412777901 -0.014772109687328339 0.024351874366402626
v 0.021809691563248634 -0.0012374181533232331 0.024352284148335457
v 0.02085832692682743 -0.0026162697467952967 0.02435227297246456
v 0.020509982481598854 -0.006224400829523802 0.024352209642529488
v 0.03337385505437851 0.003404198447242379 0.02435220219194889
v 0.03485732898116112 0.002625972032546997 0.024352166801691055
v 0.040375713258981705 0.006235088221728802 0.02435215376317501
v 0.035809218883514404 0.0012474829563871026 0.02435212768614292
v 0.040378082543611526 -0.006220616400241852 0.024351920932531357
v 0.0360114611685276 -0.000415474089095369 0.024352092295885086
v 0.035417720675468445 -0.00198193546384573 0.024352071806788445
v 0.030215470120310783 0.0026250879745930433 0.024352233856916428
v 0.031698644161224365 0.0034038792364299297 0.02435222640633583
v 0.03253571316599846 0.006233594845980406 0.024352267384529114
v 0.03416401892900467 -0.003093043575063348 0.024352069944143295
v 0.032537564635276794 -0.0034942575730383396 0.02435208670794964
v 0.03253808245062828 -0.006222109775990248 0.02435203455388546
v 0.030910957604646683 -0.0030936633702367544 0.024352116510272026
v 0.021416964009404182 0.0019918507896363735 0.02435235120356083
v 0.02926410548388958 0.0012462361482903361 0.024352222681045532
v 0.022011298686265945 0.00042561584268696606 0.024352312088012695
v 0.02906249649822712 -0.00041679778951220214 0.024352194741368294
v 0.02965683303773403 -0.0019830327946692705 0.02435215562582016
v 0.032534658908843994 0.011753096245229244 0.02435237169265747
v 0.02841467224061489 0.014016730710864067 0.02435247413814068
v 0.027160972356796265 0.012905622832477093 0.02435247041285038
v 0.022059449926018715 0.015581868588924408 0.02435259521007538
v 0.02050582319498062 0.015614015981554985 0.02435261942446232
v 0.022653784602880478 0.01401563361287117 0.024352557957172394
v 0.020506558939814568 0.01175080519169569 0.0243525467813015
v 0.023907911032438278 0.012905002571642399 0.02435251884162426
v 0.02553451806306839 0.012504409067332745 0.024352487176656723
v 0.02900841273367405 0.015583192929625511 0.02435249462723732
v 0.0325339250266552 0.015616307966411114 0.02435244247317314
v 0.02880617044866085 0.017246149480342865 0.024352528154850006
v 0.03253232687711716 0.024005742743611336 0.024352600798010826
v 0.027854280546307564 0.01862463727593422 0.02435256727039814
v 0.022261057049036026 0.01724490150809288 0.024352623149752617
v 0.02321242168545723 0.018623754382133484 0.02435263618826866
v 0.02050422504544258 0.02400345169007778 0.024352775886654854
v 0.02469559758901596 0.01940254494547844 0.024352628737688065
v 0.026370806619524956 0.019402865320444107 0.024352604523301125
v 0.032540831714868546 -0.020654821768403053 0.02435176447033882
v 0.028420768678188324 -0.017983268946409225 0.024351874366402626
v 0.02716706693172455 -0.019094375893473625 0.024351872503757477
v 0.025540612637996674 -0.019495591521263123 0.02435188926756382
v 0.023914005607366562 -0.01909499615430832 0.024351919069886208
v 0.02051273174583912 -0.020657112821936607 0.02435193955898285
v 0.02265988104045391 -0.017984366044402122 0.02435195818543434
v 0.020511770620942116 -0.01560711394995451 0.02435203455388546
v 0.02226715162396431 -0.014755097217857838 0.024352025240659714
v 0.023218516260385513 -0.013376245275139809 0.02435203641653061
v 0.024701694026589394 -0.012597453780472279 0.02435203082859516
v 0.02637690305709839 -0.012597134336829185 0.024352004751563072
v 0.027860375121235847 -0.013375361450016499 0.024351969361305237
v 0.028812265023589134 -0.014753850176930428 0.024351930245757103
v 0.020507609471678734 0.006231303326785564 0.02435244247317314
v 0.017578916624188423 0.00933372788131237 0.0243525430560112
v 0.014207610860466957 0.006230103317648172 0.024352535605430603
v 0.01617898792028427 0.008958331309258938 0.024352557957172394
v 0.014778917655348778 0.009333194233477116 0.024352584034204483
v 0.018603060394525528 0.013158793561160564 0.024352600798010826
v 0.018978456035256386 0.011758864857256413 0.02435256913304329
v 0.018603593111038208 0.010358793660998344 0.024352548643946648
v 0.013753318227827549 0.013157869689166546 0.024352671578526497
v 0.01477799378335476 0.014182936400175095 0.024352675303816795
v 0.014205822721123695 0.01561281643807888 0.02435271069407463
v 0.01617792248725891 0.014558331109583378 0.02435266226530075
v 0.017577992752194405 0.01418347004801035 0.024352634325623512
v 0.005293361376971006 0.014034646563231945 0.02435281127691269
v 0.0063101137056946754 0.013393937610089779 0.02435278333723545
v 0.006993819959461689 0.012405585497617722 0.024352755397558212
v 0.007234759628772736 0.011228197254240513 0.024352729320526123
v 0.013378455303609371 0.011757798492908478 0.024352651089429855
v 0.00723480386659503 0.01099563017487526 0.024352725595235825
v 0.012034804560244083 0.010996544733643532 0.024352656677365303
v 0.013753850944340229 0.010357869789004326 0.02435261942446232
v 0.012035712599754333 0.006229689810425043 0.02435256727039814
v 0.013758329674601555 -0.013153539970517159 0.0243521798402071
v 0.014211611822247505 -0.014775601215660572 0.024352142587304115
v 0.014783396385610104 -0.014178216457366943 0.024352144449949265
v 0.01618346758186817 -0.014553077518939972 0.024352118372917175
v 0.017583394423127174 -0.014177682809531689 0.02435210347175598
v 0.020511610433459282 -0.014774400740861893 0.024352051317691803
v 0.01860807277262211 -0.01315261609852314 0.02435210905969143
v 0.018982933834195137 -0.011752544902265072 0.02435212954878807
v 0.0137577960267663 -0.010353540070354939 0.02435223199427128
v 0.014782472513616085 -0.009328474290668964 0.024352235719561577
v 0.014209982939064503 -0.006225600838661194 0.02435230277478695
v 0.016182400286197662 -0.008953077718615532 0.024352222681045532
v 0.017582470551133156 -0.00932794064283371 0.024352194741368294
v 0.01860753819346428 -0.01035261619836092 0.024352161213755608
v 0.022065546363592148 -0.016418131068348885 0.024351997300982475
v 0.006315216422080994 -0.013392443768680096 0.024352284148335457
v 0.006998545490205288 -0.012403830885887146 0.024352291598916054
v 0.0072390371933579445 -0.011226351372897625 0.024352310225367546
v 0.012038994580507278 -0.011003456078469753 0.024352245032787323
v 0.0072389948181807995 -0.011004370637238026 0.024352313950657845
v -0.019961915910243988 -0.006232110317796469 0.024352800101041794
v -0.01996256783604622 -0.0028040194883942604 0.024352863430976868
v -0.01999911107122898 -0.0028042648918926716 0.024352865293622017
v -0.03044119104743004 -0.00692421430721879 0.024352939799427986
v -0.021399181336164474 -0.0024294028989970684 0.024352893233299255
v -0.022424248978495598 -0.0014047268778085709 0.02435292676091194
v -0.03160306066274643 -0.004069474991410971 0.024353010579943657
v -0.022799642756581306 -4.798438567377161e-06 0.02435295842587948
v -0.03199945017695427 -0.0010129500878974795 0.02435307390987873
v -0.03199983388185501 0.000999848241917789 0.024353111162781715
v -0.03160460665822029 0.004056524019688368 0.024353161454200745
v -0.022424783557653427 0.0013952729059383273 0.02435297891497612
v -0.0304438266903162 0.0069117057137191296 0.02435319870710373
v -0.021400105208158493 0.0024203392677009106 0.02435298264026642
v -0.01996428705751896 0.006223594304174185 0.024353032931685448
v -0.02000017836689949 0.0027957346756011248 0.024352969601750374
v -0.019963635131716728 0.002795503241941333 0.024352969601750374
v -0.015161913819611073 -0.006231195759028196 0.024352731183171272
v -0.015161003917455673 -0.01100863702595234 0.02435264177620411
v -0.011287671513855457 -0.009878736920654774 0.024352606385946274
v -0.011319682002067566 -0.014780464582145214 0.02435251511633396
v -0.008584290742874146 -0.012301018461585045 0.02435252070426941
v -0.02334837056696415 -0.012533891014754772 0.024352731183171272
v -0.019961005076766014 -0.011009551584720612 0.02435271069407463
v -0.026173066347837448 -0.01130077987909317 0.024352796375751495
v -0.028590500354766846 -0.009388845413923264 0.024352867156267166
v -0.013225996866822243 -0.003941725008189678 0.024352744221687317
v -0.015164286829531193 0.00622450839728117 0.024352964013814926
v -0.013662080280482769 -0.005396251101046801 0.024352723732590675
v -0.013330040499567986 -0.006877994630485773 0.02435269206762314
v -0.015165194869041443 0.010991362854838371 0.02435305155813694
v -0.011324734427034855 0.011744741350412369 0.024353010579943657
v -0.019965196028351784 0.010990449227392673 0.02435312233865261
v -0.02617737092077732 0.011289897374808788 0.02435321919620037
v -0.02859407477080822 0.009377041831612587 0.02435321733355522
v -0.004775899462401867 -0.02144736610352993 0.024352293461561203
v -0.006175828166306019 -0.021822761744260788 0.024352308362722397
v -0.003448700997978449 -0.026275042444467545 0.024352185428142548
v -0.00833688024431467 -0.02515478804707527 0.02435227669775486
v -0.0037512234412133694 -0.020422300323843956 0.02435229904949665
v 0.0015629965346306562 -0.026454342529177666 0.02435210905969143
v 0.004332392476499081 -0.020660195499658585 0.0243521761149168
v -0.011318560689687729 -0.020663175731897354 0.024352405220270157
v -0.008600965142250061 -0.020423224195837975 0.02435236983001232
v -0.008976361714303493 -0.019023297354578972 0.02435240149497986
v -0.011319522745907307 -0.015613177791237831 0.02435249835252762
v -0.008601498790085316 -0.01762322336435318 0.0243524219840765
v -0.007576822768896818 -0.016598159447312355 0.0243524257093668
v -0.006176894996315241 -0.016222761943936348 0.024352412670850754
v -0.0047768233343958855 -0.016597624868154526 0.024352384731173515
v 0.004331430420279503 -0.015610195696353912 0.024352271109819412
v -0.0037517568562179804 -0.01762229949235916 0.02435235120356083
v -0.0033763612154871225 -0.019022230058908463 0.024352319538593292
v 0.016216468065977097 -0.002617154037579894 0.024352340027689934
v 0.01526457816362381 -0.0012386648450046778 0.024352379143238068
v 0.015062336809933186 0.00042429217137396336 0.024352414533495903
v 0.0193751510232687 -0.0033950612414628267 0.02435228042304516
v 0.01853756420314312 -0.003496924415230751 0.024352289736270905
v 0.017699941992759705 -0.0033953802194446325 0.0243523046374321
v 0.01565607637166977 0.001990753458812833 0.024352435022592545
v 0.016909776255488396 0.0031018618028610945 0.024352436885237694
v 0.01853623054921627 0.0035030755680054426 0.02435242012143135
v 0.02016283944249153 0.0031024813652038574 0.024352390319108963
v 0.012038084678351879 -0.00622601481154561 0.024352334439754486
v 0.013382934033870697 -0.011753611266613007 0.024352211505174637
v -0.013332659378647804 0.006872004829347134 0.024352949112653732
v -0.011291434057056904 0.009873525239527225 0.02435297518968582
v -0.008588976226747036 0.012296836823225021 0.02435298077762127
v -0.005383537150919437 0.01400003395974636 0.024352965876460075
v -0.0018628238467499614 0.014883380383253098 0.02435293048620224
v 0.0017669948283582926 0.014895147643983364 0.02435287833213806
v 0.0072379461489617825 -0.005499076563864946 0.0243524182587862
v 0.007235850673168898 0.0055009229108691216 0.024352623149752617
v 0.00683573679998517 -0.00399915361776948 0.024352451786398888
v 0.0068342131562530994 0.004000846762210131 0.024352600798010826
v 0.005737451370805502 -0.0029012863524258137 0.024352487176656723
v 0.005736345890909433 0.0029025611001998186 0.024352597072720528
v 0.004237374756485224 -0.0024996481370180845 0.02435251697897911
v 0.0042364224791526794 0.002500351518392563 0.024352610111236572
v -0.010664532892405987 -0.0025024868082255125 0.02435273490846157
v -0.010665484704077244 0.002497512847185135 0.024352828040719032
v -0.012133515439927578 -0.0028870690148323774 0.024352747946977615
v -0.012134614400565624 0.0028815355617552996 0.02435285598039627
v -0.013227497227489948 0.003935775253921747 0.024352891370654106
v -0.01366413477808237 0.005390135105699301 0.024352924898266792
v -0.0018571533728390932 -0.014884999953210354 0.02435237355530262
v 0.0017726694932207465 -0.014895384199917316 0.02435232140123844
v 0.004331271629780531 -0.014777482487261295 0.024352286010980606
v 0.0052987076342105865 -0.014033540152013302 0.024352286010980606
v -0.005378203000873327 -0.014002994634211063 0.02435244247317314
v 0.03254146873950958 -0.023994257673621178 0.024351703003048897
v 0.037522897124290466 -0.02399330772459507 0.024351630359888077
v 0.039041344076395035 -0.021993018686771393 0.02435164526104927
v 0.020513368770480156 -0.023996548727154732 0.024351878091692924
v 0.006518732290714979 -0.025686264038085938 0.024352049455046654
v -0.007575899362564087 -0.02144789882004261 0.024352334439754486
v -0.012926481664180756 -0.023133698850870132 0.024352381005883217
v -0.017053144052624702 -0.020284149795770645 0.02435249462723732
v -0.020569076761603355 -0.016708191484212875 0.02435261383652687
v -0.012935293838381767 0.023127861320972443 0.02435324713587761
v -0.017060870304703712 0.020276740193367004 0.024353252723813057
v -0.020575441420078278 0.016699442639946938 0.024353237822651863
v -0.02335314452648163 0.012524084188044071 0.02435320056974888
v -0.008608745411038399 0.020419035106897354 0.024353133514523506
v -0.00834646262228489 0.02515069954097271 0.02435321733355522
v -0.007584069389849901 0.021444100886583328 0.024353137239813805
v -0.0034587106201797724 0.026272816583514214 0.024353167042136192
v -0.007583145517855883 0.016594359651207924 0.024353045970201492
v -0.008608211763203144 0.01761903427541256 0.024353081360459328
v -0.008983608335256577 0.01901896484196186 0.024353113025426865
v -0.0037590032443404198 0.020419958978891373 0.024353062734007835
v -0.0033836078364402056 0.01902003213763237 0.0243530310690403
v -0.0037584700621664524 0.017619958147406578 0.024353010579943657
v -0.00478314608335495 0.016594894230365753 0.02435300499200821
v -0.006184141617268324 0.021819496527314186 0.02435312420129776
v -0.004784069489687681 0.02144463360309601 0.02435309626162052
v 0.0015529182273894548 0.026454025879502296 0.02435309812426567
v 0.00650894595310092 0.02568783424794674 0.024353010579943657
v 0.011231886222958565 0.02400168403983116 0.0243529099971056
v 0.01420422550290823 0.024002250283956528 0.024352867156267166
v 0.03751375526189804 0.024006690829992294 0.024352528154850006
v 0.039032962173223495 0.02200697921216488 0.02435246855020523
v 0.04003242403268814 0.01959536224603653 0.024352408945560455
v 0.04037366062402725 0.017007237300276756 0.024352354928851128
v 0.04037465900182724 0.011754589155316353 0.02435225620865822
v 0.04037392511963844 0.015617800876498222 0.02435232885181904
v 0.04037971422076225 -0.014770615845918655 0.024351760745048523
v 0.04037987068295479 -0.015603329055011272 0.02435174584388733
v 0.04038013517856598 -0.016992764547467232 0.02435171976685524
v 0.04003988951444626 -0.01958101987838745 0.02435167506337166
v 0.01421177014708519 -0.015608314424753189 0.024352125823497772
v 0.011890290305018425 -0.02699809893965721 0.01935194805264473
v 0.013588866218924522 -0.026997774839401245 0.01935192197561264
v 0.011890391819179058 -0.026998229324817657 0.026351947337388992
v 0.02053886651992798 -0.026996450498700142 0.019351821392774582
v 0.030382070690393448 -0.02699470706284046 0.026351679116487503
v 0.025541968643665314 -0.026995496824383736 0.019351748749613762
v 0.03038196824491024 -0.026994574815034866 0.01935167796909809
v -0.015161986462771893 -0.0050080446526408195 0.03535275533795357
v -0.019961988553404808 -0.005008959211409092 0.03535282239317894
v -0.015162039548158646 -0.004575809929519892 0.037386443465948105
v -0.019962040707468987 -0.004576724022626877 0.037386514246463776
v -0.015162039548158646 -0.004575809929519892 0.037386443465948105
v -0.019962040707468987 -0.004576724022626877 0.037386514246463776
v -0.015162247233092785 -0.0033537670969963074 0.03906850889325142
v -0.0199622493237257 -0.003354681422933936 0.03906857967376709
v -0.015162247233092785 -0.0033537670969963074 0.03906850889325142
v -0.0199622493237257 -0.003354681422933936 0.03906857967376709
v -0.01516257505863905 -0.0015532185789197683 0.040108099579811096
v -0.019962577149271965 -0.001554132904857397 0.04010817036032677
v -0.01516257505863905 -0.0015532185789197683 0.040108099579811096
v -0.019962577149271965 -0.001554132904857397 0.04010817036032677
v -0.015162966214120388 0.0005145046161487699 0.04032546654343605
v -0.019962966442108154 0.0005135902902111411 0.04032553732395172
v -0.015162966214120388 0.0005145046161487699 0.04032546654343605
v -0.019962966442108154 0.0005135902902111411 0.04032553732395172
v -0.015163351781666279 0.0024918741546571255 0.0396830216050148
v -0.019963353872299194 0.0024909598287194967 0.03968309238553047
v -0.015163351781666279 0.0024918741546571255 0.0396830216050148
v -0.019963353872299194 0.0024909598287194967 0.03968309238553047
v -0.015163666568696499 0.004036984872072935 0.038291849195957184
v -0.019963668659329414 0.00403607077896595 0.038291919976472855
v -0.015163666568696499 0.004036984872072935 0.038291849195957184
v -0.019963668659329414 0.00403607077896595 0.038291919976472855
v -0.015163855627179146 0.004882673732936382 0.03639249503612518
v -0.019963856786489487 0.00488175917416811 0.036392565816640854
v -0.015163855627179146 0.004882673732936382 0.03639249503612518
v -0.019963856786489487 0.00488175917416811 0.036392565816640854
v -0.015163886360824108 0.004882712382823229 0.0343133807182312
v -0.019963886588811874 0.004881798289716244 0.03431345149874687
v -0.015163886360824108 0.004882712382823229 0.0343133807182312
v -0.019963886588811874 0.004881798289716244 0.03431345149874687
v -0.015163752250373363 0.00403709476813674 0.03241399675607681
v -0.01996375434100628 0.004036180675029755 0.032414067536592484
v -0.015163752250373363 0.00403709476813674 0.03241399675607681
v -0.01996375434100628 0.004036180675029755 0.032414067536592484
v -0.015163478441536427 0.0024920362047851086 0.03102276660501957
v -0.019963478669524193 0.00249112187884748 0.03102283738553524
v -0.015163478441536427 0.0024920362047851086 0.03102276660501957
v -0.019963478669524193 0.00249112187884748 0.03102283738553524
v -0.015163111500442028 0.0005146905896253884 0.03038024716079235
v -0.019963111728429794 0.0005137762636877596 0.030380316078662872
v -0.015163111500442028 0.0005146905896253884 0.03038024716079235
v -0.019963111728429794 0.0005137762636877596 0.030380316078662872
v -0.015162713825702667 -0.0015530408127233386 0.030597534030675888
v -0.019962714985013008 -0.0015539551386609674 0.03059760481119156
v -0.015162713825702667 -0.0015530408127233386 0.030597534030675888
v -0.019962714985013008 -0.0015539551386609674 0.03059760481119156
v -0.015162356197834015 -0.003353628097102046 0.03163706138730049
v -0.019962357357144356 -0.0033545424230396748 0.031637128442525864
v -0.015162356197834015 -0.003353628097102046 0.03163706138730049
v -0.019962357357144356 -0.0033545424230396748 0.031637128442525864
v -0.015162099152803421 -0.004575734026730061 0.033319078385829926
v -0.019962100312113762 -0.004576648119837046 0.033319149166345596
v -0.015162099152803421 -0.004575734026730061 0.033319078385829926
v -0.019962100312113762 -0.004576648119837046 0.033319149166345596
v -0.015161986462771893 -0.0050080446526408195 0.03535275533795357
v -0.019961988553404808 -0.005008959211409092 0.03535282239317894
v -0.01996084488928318 -0.011009288020431995 0.03535322844982147
v -0.01516084372997284 -0.011008373461663723 0.0353531576693058
v -0.015160840936005116 -0.010914325714111328 0.03678568825125694
v -0.019960841163992882 -0.0109152402728796 0.036785759031772614
v -0.019960841163992882 -0.0109152402728796 0.036785759031772614
v -0.015160840936005116 -0.010914325714111328 0.03678568825125694
v -0.015160959213972092 -0.010061183013021946 0.03981764242053032
v -0.019960960373282433 -0.010062096640467644 0.03981771320104599
v -0.019960960373282433 -0.010062096640467644 0.03981771320104599
v -0.015160959213972092 -0.010061183013021946 0.03981764242053032
v -0.015161239542067051 -0.008383799344301224 0.042483534663915634
v -0.019961241632699966 -0.008384713903069496 0.042483605444431305
v -0.019961241632699966 -0.008384713903069496 0.042483605444431305
v -0.015161239542067051 -0.008383799344301224 0.042483534663915634
v -0.015161659568548203 -0.006019702181220055 0.04456479474902153
v -0.019961660727858543 -0.006020616739988327 0.0445648618042469
v -0.019961660727858543 -0.006020616739988327 0.0445648618042469
v -0.015161659568548203 -0.006019702181220055 0.04456479474902153
v -0.015162184834480286 -0.0031627193093299866 0.04589077830314636
v -0.019962185993790627 -0.0031636336352676153 0.04589084908366203
v -0.019962185993790627 -0.0031636336352676153 0.04589084908366203
v -0.015162184834480286 -0.0031627193093299866 0.04589077830314636
v -0.015162771567702293 -4.70893646706827e-05 0.046352777630090714
v -0.019962772727012634 -4.8003701522247866e-05 0.046352848410606384
v -0.019962772727012634 -4.8003701522247866e-05 0.046352848410606384
v -0.015162771567702293 -4.70893646706827e-05 0.046352777630090714
v -0.01516337227076292 0.0030717416666448116 0.045912910252809525
v -0.019963372498750687 0.003070827340707183 0.0459129773080349
v -0.019963372498750687 0.003070827340707183 0.0459129773080349
v -0.01516337227076292 0.0030717416666448116 0.045912910252809525
v -0.015163936652243137 0.00593806616961956 0.044607240706682205
v -0.019963938742876053 0.005937151610851288 0.04460730776190758
v -0.019963938742876053 0.005937151610851288 0.04460730776190758
v -0.015163936652243137 0.00593806616961956 0.044607240706682205
v -0.015164420008659363 0.008316878229379654 0.04254281520843506
v -0.019964421167969704 0.008315964601933956 0.04254288598895073
v -0.019964421167969704 0.008315964601933956 0.04254288598895073
v -0.015164420008659363 0.008316878229379654 0.04254281520843506
v -0.015164782293140888 0.010013144463300705 0.0398888997733593
v -0.019964782521128654 0.010012229904532433 0.03988896682858467
v -0.019964782521128654 0.010012229904532433 0.03988896682858467
v -0.015164782293140888 0.010013144463300705 0.0398888997733593
v -0.015164992772042751 0.010887788608670235 0.03686307743191719
v -0.019964993000030518 0.010886874981224537 0.03686314821243286
v -0.019964993000030518 0.010886874981224537 0.03686314821243286
v -0.015164992772042751 0.010887788608670235 0.03686307743191719
v -0.015165033750236034 0.010991675779223442 0.03543124347925186
v -0.0199650339782238 0.01099076122045517 0.03543131425976753
v 0.012038012035191059 -0.005002863705158234 0.03535235673189163
v 0.00723801227286458 -0.005003777798265219 0.0353524275124073
v 0.01203795988112688 -0.0045706285163760185 0.03738604858517647
v 0.007237959187477827 -0.004571543075144291 0.03738611936569214
v 0.01203795988112688 -0.0045706285163760185 0.03738604858517647
v 0.007237959187477827 -0.004571543075144291 0.03738611936569214
v 0.012037751264870167 -0.003348585916683078 0.03906811401247978
v 0.0072377510368824005 -0.0033495002426207066 0.039068181067705154
v 0.012037751264870167 -0.003348585916683078 0.03906811401247978
v 0.0072377510368824005 -0.0033495002426207066 0.039068181067705154
v 0.012037423439323902 -0.0015480373986065388 0.04010770469903946
v 0.007237423211336136 -0.0015489517245441675 0.04010777175426483
v 0.012037423439323902 -0.0015480373986065388 0.04010770469903946
v 0.007237423211336136 -0.0015489517245441675 0.04010777175426483
v 0.012037032283842564 0.0005196858546696603 0.040325067937374115
v 0.007237032521516085 0.0005187715287320316 0.040325138717889786
v 0.012037032283842564 0.0005196858546696603 0.040325067937374115
v 0.007237032521516085 0.0005187715287320316 0.040325138717889786
v 0.012036646716296673 0.0024970555678009987 0.039682622998952866
v 0.0072366464883089066 0.0024961410090327263 0.039682693779468536
v 0.012036646716296673 0.0024970555678009987 0.039682622998952866
v 0.0072366464883089066 0.0024961410090327263 0.039682693779468536
v 0.012036331929266453 0.004042166285216808 0.03829145431518555
v 0.007236332166939974 0.004041252192109823 0.03829152137041092
v 0.012036331929266453 0.004042166285216808 0.03829145431518555
v 0.007236332166939974 0.004041252192109823 0.03829152137041092
v 0.012036142870783806 0.004887854680418968 0.036392100155353546
v 0.007236143108457327 0.004886940587311983 0.03639217093586922
v 0.012036142870783806 0.004887854680418968 0.036392100155353546
v 0.007236143108457327 0.004886940587311983 0.03639217093586922
v 0.012036113068461418 0.004887893795967102 0.034312982112169266
v 0.007236112840473652 0.00488697923719883 0.034313052892684937
v 0.012036113068461418 0.004887893795967102 0.034312982112169266
v 0.007236112840473652 0.00488697923719883 0.034313052892684937
v 0.012036246247589588 0.004042276181280613 0.03241359815001488
v 0.007236246485263109 0.004041362088173628 0.03241366893053055
v 0.012036246247589588 0.004042276181280613 0.03241359815001488
v 0.007236246485263109 0.004041362088173628 0.03241366893053055
v 0.012036520056426525 0.002497217385098338 0.031022369861602783
v 0.007236520294100046 0.0024963030591607094 0.031022440642118454
v 0.012036520056426525 0.002497217385098338 0.031022369861602783
v 0.007236520294100046 0.0024963030591607094 0.031022440642118454
v 0.012036887928843498 0.0005198718281462789 0.030379850417375565
v 0.007236887700855732 0.0005189575022086501 0.030379919335246086
v 0.012036887928843498 0.0005198718281462789 0.030379850417375565
v 0.007236887700855732 0.0005189575022086501 0.030379919335246086
v 0.012037284672260284 -0.0015478595159947872 0.03059713914990425
v 0.007237284444272518 -0.001548773841932416 0.030597208067774773
v 0.012037284672260284 -0.0015478595159947872 0.03059713914990425
v 0.007237284444272518 -0.001548773841932416 0.030597208067774773
v 0.012037643231451511 -0.0033484469167888165 0.031636662781238556
v 0.007237642537802458 -0.003349361242726445 0.03163673356175423
v 0.012037643231451511 -0.0033484469167888165 0.031636662781238556
v 0.007237642537802458 -0.003349361242726445 0.03163673356175423
v 0.012037900276482105 -0.004570552613586187 0.03331867977976799
v 0.007237900048494339 -0.0045714667066931725 0.03331875056028366
v 0.012037900276482105 -0.004570552613586187 0.03331867977976799
v 0.007237900048494339 -0.0045714667066931725 0.03331875056028366
v 0.012038012035191059 -0.005002863705158234 0.03535235673189163
v 0.00723801227286458 -0.005003777798265219 0.0353524275124073
v 0.007239155005663633 -0.011004106141626835 0.03535282984375954
v 0.012039154767990112 -0.011003192514181137 0.035352762788534164
v 0.01203915849328041 -0.010909143835306168 0.036785293370485306
v 0.007239157799631357 -0.01091005839407444 0.03678536415100098
v 0.007239157799631357 -0.01091005839407444 0.03678536415100098
v 0.01203915849328041 -0.010909143835306168 0.036785293370485306
v 0.012039040215313435 -0.010056001134216785 0.03981724753975868
v 0.007239039521664381 -0.010056915692985058 0.03981731832027435
v 0.007239039521664381 -0.010056915692985058 0.03981731832027435
v 0.012039040215313435 -0.010056001134216785 0.03981724753975868
v 0.0120387589558959 -0.008378618396818638 0.042483139783144
v 0.007238759193569422 -0.00837953295558691 0.04248321056365967
v 0.007238759193569422 -0.00837953295558691 0.04248321056365967
v 0.0120387589558959 -0.008378618396818638 0.042483139783144
v 0.01203833892941475 -0.006014520768076181 0.044564396142959595
v 0.00723833916708827 -0.006015435326844454 0.044564466923475266
v 0.00723833916708827 -0.006015435326844454 0.044564466923475266
v 0.01203833892941475 -0.006014520768076181 0.044564396142959595
v 0.01203781459480524 -0.003157538129016757 0.045890383422374725
v 0.007237814366817474 -0.0031584524549543858 0.045890454202890396
v 0.007237814366817474 -0.0031584524549543858 0.045890454202890396
v 0.01203781459480524 -0.003157538129016757 0.045890383422374725
v 0.012037227861583233 -4.1908126149792224e-05 0.04635238274931908
v 0.007237227633595467 -4.282246300135739e-05 0.04635244980454445
v 0.007237227633595467 -4.282246300135739e-05 0.04635244980454445
v 0.012037227861583233 -4.1908126149792224e-05 0.04635238274931908
v 0.012036627158522606 0.003076922846958041 0.04591251164674759
v 0.00723662693053484 0.0030760085210204124 0.04591258242726326
v 0.00723662693053484 0.0030760085210204124 0.04591258242726326
v 0.012036627158522606 0.003076922846958041 0.04591251164674759
v 0.012036061845719814 0.005943247117102146 0.04460684210062027
v 0.007236062083393335 0.005942333023995161 0.04460691288113594
v 0.007236062083393335 0.005942333023995161 0.04460691288113594
v 0.012036061845719814 0.005943247117102146 0.04460684210062027
v 0.012035578489303589 0.008322060108184814 0.04254242032766342
v 0.00723557872697711 0.008321145549416542 0.042542487382888794
v 0.00723557872697711 0.008321145549416542 0.042542487382888794
v 0.012035578489303589 0.008322060108184814 0.04254242032766342
v 0.012035217136144638 0.01001832541078329 0.03988850116729736
v 0.007235216908156872 0.010017410852015018 0.039888571947813034
v 0.007235216908156872 0.010017410852015018 0.039888571947813034
v 0.012035217136144638 0.01001832541078329 0.03988850116729736
v 0.012035006657242775 0.010892970487475395 0.036862682551145554
v 0.007235005963593721 0.010892055928707123 0.036862753331661224
v 0.007235005963593721 0.010892055928707123 0.036862753331661224
v 0.012035006657242775 0.010892970487475395 0.036862682551145554
v 0.012034965679049492 0.010996856726706028 0.035430848598480225
v 0.007234965451061726 0.01099594309926033 0.035430919378995895
v -0.015161003917455673 -0.01100863702595234 0.02435264177620411
v -0.01516084372997284 -0.011008373461663723 0.0353531576693058
v -0.019961005076766014 -0.011009551584720612 0.02435271069407463
v -0.01996084488928318 -0.011009288020431995 0.03535322844982147
v -0.015163855627179146 0.004882673732936382 0.03639249503612518
v -0.015163886360824108 0.004882712382823229 0.0343133807182312
v -0.015165033750236034 0.010991675779223442 0.03543124347925186
v -0.015165194869041443 0.010991362854838371 0.02435305155813694
v -0.015163752250373363 0.00403709476813674 0.03241399675607681
v -0.015164286829531193 0.00622450839728117 0.024352964013814926
v -0.015163478441536427 0.0024920362047851086 0.03102276660501957
v -0.015163111500442028 0.0005146905896253884 0.03038024716079235
v -0.015161913819611073 -0.006231195759028196 0.024352731183171272
v -0.015162713825702667 -0.0015530408127233386 0.030597534030675888
v -0.015161003917455673 -0.01100863702595234 0.02435264177620411
v -0.015162039548158646 -0.004575809929519892 0.037386443465948105
v -0.015160840936005116 -0.010914325714111328 0.03678568825125694
v -0.015161986462771893 -0.0050080446526408195 0.03535275533795357
v -0.01516084372997284 -0.011008373461663723 0.0353531576693058
v -0.015162099152803421 -0.004575734026730061 0.033319078385829926
v -0.015162356197834015 -0.003353628097102046 0.03163706138730049
v -0.01516257505863905 -0.0015532185789197683 0.040108099579811096
v -0.015161659568548203 -0.006019702181220055 0.04456479474902153
v -0.015162247233092785 -0.0033537670969963074 0.03906850889325142
v -0.015161239542067051 -0.008383799344301224 0.042483534663915634
v -0.015160959213972092 -0.010061183013021946 0.03981764242053032
v -0.015163351781666279 0.0024918741546571255 0.0396830216050148
v -0.01516337227076292 0.0030717416666448116 0.045912910252809525
v -0.015162966214120388 0.0005145046161487699 0.04032546654343605
v -0.015162771567702293 -4.70893646706827e-05 0.046352777630090714
v -0.015162184834480286 -0.0031627193093299866 0.04589077830314636
v -0.015164992772042751 0.010887788608670235 0.03686307743191719
v -0.015164782293140888 0.010013144463300705 0.0398888997733593
v -0.015163666568696499 0.004036984872072935 0.038291849195957184
v -0.015164420008659363 0.008316878229379654 0.04254281520843506
v -0.015163936652243137 0.00593806616961956 0.044607240706682205
v -0.019965196028351784 0.010990449227392673 0.02435312233865261
v -0.0199650339782238 0.01099076122045517 0.03543131425976753
v -0.015165194869041443 0.010991362854838371 0.02435305155813694
v -0.015165033750236034 0.010991675779223442 0.03543124347925186
v -0.0199622493237257 -0.003354681422933936 0.03906857967376709
v -0.019961660727858543 -0.006020616739988327 0.0445648618042469
v -0.019962577149271965 -0.001554132904857397 0.04010817036032677
v -0.019962185993790627 -0.0031636336352676153 0.04589084908366203
v -0.019962966442108154 0.0005135902902111411 0.04032553732395172
v -0.019961005076766014 -0.011009551584720612 0.02435271069407463
v -0.01996084488928318 -0.011009288020431995 0.03535322844982147
v -0.019961988553404808 -0.005008959211409092 0.03535282239317894
v -0.019960841163992882 -0.0109152402728796 0.036785759031772614
v -0.019962040707468987 -0.004576724022626877 0.037386514246463776
v -0.019960960373282433 -0.010062096640467644 0.03981771320104599
v -0.019961241632699966 -0.008384713903069496 0.042483605444431305
v -0.0199631005525589 5.867375512025319e-05 0.02530060149729252
v -0.019963093101978302 2.4672897779964842e-05 0.025316324084997177
v -0.019963111728429794 0.0005137762636877596 0.030380316078662872
v -0.019963087514042854 -4.276206254871795e-06 0.025322379544377327
v -0.019962714985013008 -0.0015539551386609674 0.03059760481119156
v -0.019963081926107407 -3.322499105706811e-05 0.025316324084997177
v -0.01996307633817196 -6.722513353452086e-05 0.02530059963464737
v -0.019963478669524193 0.00249112187884748 0.03102283738553524
v -0.019963635131716728 0.002795503241941333 0.024352969601750374
v -0.01996341533958912 0.001645337208174169 0.024352947250008583
v -0.019962772727012634 -4.8003701522247866e-05 0.046352848410606384
v -0.019963372498750687 0.003070827340707183 0.0459129773080349
v -0.019963353872299194 0.0024909598287194967 0.03968309238553047
v -0.019963938742876053 0.005937151610851288 0.04460730776190758
v -0.019963668659329414 0.00403607077896595 0.038291919976472855
v -0.019962100312113762 -0.004576648119837046 0.033319149166345596
v -0.019962357357144356 -0.0033545424230396748 0.031637128442525864
v -0.019961915910243988 -0.006232110317796469 0.024352800101041794
v -0.01996256783604622 -0.0028040194883942604 0.024352863430976868
v -0.019962787628173828 -0.0016538533382117748 0.02435288578271866
v -0.019964421167969704 0.008315964601933956 0.04254288598895073
v -0.019964782521128654 0.010012229904532433 0.03988896682858467
v -0.019963856786489487 0.00488175917416811 0.036392565816640854
v -0.019964993000030518 0.010886874981224537 0.03686314821243286
v -0.019963886588811874 0.004881798289716244 0.03431345149874687
v -0.0199650339782238 0.01099076122045517 0.03543131425976753
v -0.01996375434100628 0.004036180675029755 0.032414067536592484
v -0.019965196028351784 0.010990449227392673 0.02435312233865261
v -0.01996428705751896 0.006223594304174185 0.024353032931685448
v 0.0072379461489617825 -0.005499076563864946 0.0243524182587862
v 0.007237873040139675 -0.005498983431607485 0.019352417439222336
v 0.00723800715059042 -0.006201835814863443 0.01935240440070629
v 0.007235643919557333 0.006203868892043829 0.019352635368704796
v 0.00723480386659503 0.01099563017487526 0.024352725595235825
v 0.007234901189804077 0.010103868320584297 0.019352709874510765
v 0.007234759628772736 0.011228197254240513 0.024352729320526123
v 0.007234686985611916 0.011228290386497974 0.019352730363607407
v 0.007235778030008078 0.00550101650878787 0.01935262233018875
v 0.007235850673168898 0.0055009229108691216 0.024352623149752617
v 0.007234965451061726 0.01099594309926033 0.035430919378995895
v 0.0072377510368824005 -0.0033495002426207066 0.039068181067705154
v 0.007237959187477827 -0.004571543075144291 0.03738611936569214
v 0.007239039521664381 -0.010056915692985058 0.03981731832027435
v 0.007239155005663633 -0.011004106141626835 0.03535282984375954
v 0.0072389948181807995 -0.011004370637238026 0.024352313950657845
v 0.0072390371933579445 -0.011226351372897625 0.024352310225367546
v 0.007238964084535837 -0.011226257309317589 0.01935230940580368
v 0.007236887700855732 0.0005189575022086501 0.030379919335246086
v 0.007237284444272518 -0.001548773841932416 0.030597208067774773
v 0.007239157799631357 -0.01091005839407444 0.03678536415100098
v 0.00723801227286458 -0.005003777798265219 0.0353524275124073
v 0.007237900048494339 -0.0045714667066931725 0.03331875056028366
v 0.007237642537802458 -0.003349361242726445 0.03163673356175423
v 0.007238759193569422 -0.00837953295558691 0.04248321056365967
v 0.00723833916708827 -0.006015435326844454 0.044564466923475266
v 0.007237423211336136 -0.0015489517245441675 0.04010777175426483
v 0.007237814366817474 -0.0031584524549543858 0.045890454202890396
v 0.007237032521516085 0.0005187715287320316 0.040325138717889786
v 0.007237227633595467 -4.282246300135739e-05 0.04635244980454445
v 0.00723662693053484 0.0030760085210204124 0.04591258242726326
v 0.0072366464883089066 0.0024961410090327263 0.039682693779468536
v 0.007236062083393335 0.005942333023995161 0.04460691288113594
v 0.007236332166939974 0.004041252192109823 0.03829152137041092
v 0.007236520294100046 0.0024963030591607094 0.031022440642118454
v 0.007236246485263109 0.004041362088173628 0.03241366893053055
v 0.007236112840473652 0.00488697923719883 0.034313052892684937
v 0.007235005963593721 0.010892055928707123 0.036862753331661224
v 0.007236143108457327 0.004886940587311983 0.03639217093586922
v 0.007235216908156872 0.010017410852015018 0.039888571947813034
v 0.00723557872697711 0.008321145549416542 0.042542487382888794
v 0.012038994580507278 -0.011003456078469753 0.024352245032787323
v 0.012039154767990112 -0.011003192514181137 0.035352762788534164
v 0.0072389948181807995 -0.011004370637238026 0.024352313950657845
v 0.007239155005663633 -0.011004106141626835 0.03535282984375954
v 0.012035712599754333 0.006229689810425043 0.02435256727039814
v 0.012034804560244083 0.010996544733643532 0.024352656677365303
v 0.012036246247589588 0.004042276181280613 0.03241359815001488
v 0.012036113068461418 0.004887893795967102 0.034312982112169266
v 0.012034965679049492 0.010996856726706028 0.035430848598480225
v 0.012036142870783806 0.004887854680418968 0.036392100155353546
v 0.012036520056426525 0.002497217385098338 0.031022369861602783
v 0.012036887928843498 0.0005198718281462789 0.030379850417375565
v 0.012038084678351879 -0.00622601481154561 0.024352334439754486
v 0.012037284672260284 -0.0015478595159947872 0.03059713914990425
v 0.012038994580507278 -0.011003456078469753 0.024352245032787323
v 0.012037643231451511 -0.0033484469167888165 0.031636662781238556
v 0.012037900276482105 -0.004570552613586187 0.03331867977976799
v 0.012039154767990112 -0.011003192514181137 0.035352762788534164
v 0.012038012035191059 -0.005002863705158234 0.03535235673189163
v 0.01203915849328041 -0.010909143835306168 0.036785293370485306
v 0.01203795988112688 -0.0045706285163760185 0.03738604858517647
v 0.012037423439323902 -0.0015480373986065388 0.04010770469903946
v 0.01203833892941475 -0.006014520768076181 0.044564396142959595
v 0.012037751264870167 -0.003348585916683078 0.03906811401247978
v 0.0120387589558959 -0.008378618396818638 0.042483139783144
v 0.012039040215313435 -0.010056001134216785 0.03981724753975868
v 0.012036646716296673 0.0024970555678009987 0.039682622998952866
v 0.012036627158522606 0.003076922846958041 0.04591251164674759
v 0.012037032283842564 0.0005196858546696603 0.040325067937374115
v 0.012037227861583233 -4.1908126149792224e-05 0.04635238274931908
v 0.01203781459480524 -0.003157538129016757 0.045890383422374725
v 0.012035006657242775 0.010892970487475395 0.036862682551145554
v 0.012035217136144638 0.01001832541078329 0.03988850116729736
v 0.012036331929266453 0.004042166285216808 0.03829145431518555
v 0.012035578489303589 0.008322060108184814 0.04254242032766342
v 0.012036061845719814 0.005943247117102146 0.04460684210062027
v 0.00723480386659503 0.01099563017487526 0.024352725595235825
v 0.007234965451061726 0.01099594309926033 0.035430919378995895
v 0.012034804560244083 0.010996544733643532 0.024352656677365303
v 0.012034965679049492 0.010996856726706028 0.035430848598480225
v 0.013578580692410469 0.027002226561307907 0.019352933391928673
v 0.011880003847181797 0.02700190246105194 0.019352957606315613
v 0.01188010536134243 0.027001772075891495 0.026352956891059875
v 0.030371783301234245 0.02700529433786869 0.026352688670158386
v 0.030371682718396187 0.027005424723029137 0.019352687522768974
v 0.02553168311715126 0.027004502713680267 0.019352758303284645
v 0.020528580993413925 0.02700354903936386 0.019352830946445465
v 0.04038013517856598 -0.016992764547467232 0.02435171976685524
v 0.04038006439805031 -0.01699267141520977 0.019351718947291374
v 0.04037987068295479 -0.015603329055011272 0.02435174584388733
v 0.040379755198955536 -0.015381088480353355 0.019351748749613762
v 0.04037971422076225 -0.014770615845918655 0.024351760745048523
v 0.04037970304489136 -0.015095522627234459 0.01935175433754921
v 0.040378082543611526 -0.006220616400241852 0.024351920932531357
v 0.04037800803780556 -0.006195522844791412 0.01935192197561264
v 0.04037358611822128 0.017007330432534218 0.019352354109287262
v 0.04037366062402725 0.017007237300276756 0.024352354928851128
v 0.040373895317316055 0.015395747497677803 0.019352324306964874
v 0.04037392511963844 0.015617800876498222 0.02435232885181904
v 0.04037490114569664 0.010110181756317616 0.019352225586771965
v 0.04037465900182724 0.011754589155316353 0.02435225620865822
v 0.040375642478466034 0.006210181396454573 0.019352152943611145
v 0.040375713258981705 0.006235088221728802 0.02435215376317501
v 0.040376823395490646 7.329341769946041e-06 0.019352037459611893
v 0.04037754237651825 -0.0037676705978810787 0.019351966679096222
v 0.03253753110766411 -0.003494216362014413 0.022152086719870567
v 0.032537564635276794 -0.0034942575730383396 0.02435208670794964
v 0.03416398912668228 -0.0030930025968700647 0.022152069956064224
v 0.03416401892900467 -0.003093043575063348 0.024352069944143295
v 0.03416398912668228 -0.0030930025968700647 0.022152069956064224
v 0.03416401892900467 -0.003093043575063348 0.024352069944143295
v 0.03541768714785576 -0.001981894252821803 0.022152071818709373
v 0.035417720675468445 -0.00198193546384573 0.024352071806788445
v 0.03541768714785576 -0.001981894252821803 0.022152071818709373
v 0.035417720675468445 -0.00198193546384573 0.024352071806788445
v 0.03601142764091492 -0.0004154329653829336 0.022152092307806015
v 0.0360114611685276 -0.000415474089095369 0.024352092295885086
v 0.03601142764091492 -0.0004154329653829336 0.022152092307806015
v 0.0360114611685276 -0.000415474089095369 0.024352092295885086
v 0.03580918535590172 0.0012475240509957075 0.02215212769806385
v 0.035809218883514404 0.0012474829563871026 0.02435212768614292
v 0.03580918535590172 0.0012475240509957075 0.02215212769806385
v 0.035809218883514404 0.0012474829563871026 0.02435212768614292
v 0.03485729545354843 0.002626013243570924 0.022152166813611984
v 0.03485732898116112 0.002625972032546997 0.024352166801691055
v 0.03485729545354843 0.002626013243570924 0.022152166813611984
v 0.03485732898116112 0.002625972032546997 0.024352166801691055
v 0.03337382525205612 0.0034042394254356623 0.02215220220386982
v 0.03337385505437851 0.003404198447242379 0.02435220219194889
v 0.03337382525205612 0.0034042394254356623 0.02215220220386982
v 0.03337385505437851 0.003404198447242379 0.02435220219194889
v 0.03169861435890198 0.0034039204474538565 0.02215222641825676
v 0.031698644161224365 0.0034038792364299297 0.02435222640633583
v 0.03169861435890198 0.0034039204474538565 0.02215222641825676
v 0.031698644161224365 0.0034038792364299297 0.02435222640633583
v 0.030215438455343246 0.0026251289527863264 0.022152233868837357
v 0.030215470120310783 0.0026250879745930433 0.024352233856916428
v 0.030215438455343246 0.0026251289527863264 0.022152233868837357
v 0.030215470120310783 0.0026250879745930433 0.024352233856916428
v 0.029264073818922043 0.0012462773593142629 0.02215222269296646
v 0.02926410548388958 0.0012462361482903361 0.024352222681045532
v 0.029264073818922043 0.0012462773593142629 0.02215222269296646
v 0.02926410548388958 0.0012462361482903361 0.024352222681045532
v 0.029062464833259583 -0.0004167566366959363 0.022152194753289223
v 0.02906249649822712 -0.00041679778951220214 0.024352194741368294
v 0.029062464833259583 -0.0004167566366959363 0.022152194753289223
v 0.02906249649822712 -0.00041679778951220214 0.024352194741368294
v 0.029656801372766495 -0.0019829915836453438 0.02215215563774109
v 0.02965683303773403 -0.0019830327946692705 0.02435215562582016
v 0.029656801372766495 -0.0019829915836453438 0.02215215563774109
v 0.02965683303773403 -0.0019830327946692705 0.02435215562582016
v 0.030910925939679146 -0.0030936221592128277 0.022152116522192955
v 0.030910957604646683 -0.0030936633702367544 0.024352116510272026
v 0.030910925939679146 -0.0030936221592128277 0.022152116522192955
v 0.030910957604646683 -0.0030936633702367544 0.024352116510272026
v 0.03253753110766411 -0.003494216362014413 0.022152086719870567
v 0.032537564635276794 -0.0034942575730383396 0.02435208670794964
v 0.025534486398100853 0.012504450045526028 0.022152487188577652
v 0.02553451806306839 0.012504409067332745 0.024352487176656723
v 0.02716093882918358 0.012905663810670376 0.02215247042477131
v 0.027160972356796265 0.012905622832477093 0.02435247041285038
v 0.02716093882918358 0.012905663810670376 0.02215247042477131
v 0.027160972356796265 0.012905622832477093 0.02435247041285038
v 0.028414640575647354 0.01401677168905735 0.022152474150061607
v 0.02841467224061489 0.014016730710864067 0.02435247413814068
v 0.028414640575647354 0.01401677168905735 0.022152474150061607
v 0.02841467224061489 0.014016730710864067 0.02435247413814068
v 0.029008381068706512 0.015583233907818794 0.02215249463915825
v 0.02900841273367405 0.015583192929625511 0.02435249462723732
v 0.029008381068706512 0.015583233907818794 0.02215249463915825
v 0.02900841273367405 0.015583192929625511 0.02435249462723732
v 0.028806138783693314 0.017246190458536148 0.022152528166770935
v 0.02880617044866085 0.017246149480342865 0.024352528154850006
v 0.028806138783693314 0.017246190458536148 0.022152528166770935
v 0.02880617044866085 0.017246149480342865 0.024352528154850006
v 0.027854248881340027 0.018624678254127502 0.02215256728231907
v 0.027854280546307564 0.01862463727593422 0.02435256727039814
v 0.027854248881340027 0.018624678254127502 0.02215256728231907
v 0.027854280546307564 0.01862463727593422 0.02435256727039814
v 0.02637077495455742 0.01940290629863739 0.022152604535222054
v 0.026370806619524956 0.019402865320444107 0.024352604523301125
v 0.02637077495455742 0.01940290629863739 0.022152604535222054
v 0.026370806619524956 0.019402865320444107 0.024352604523301125
v 0.024695565924048424 0.019402585923671722 0.022152628749608994
v 0.02469559758901596 0.01940254494547844 0.024352628737688065
v 0.024695565924048424 0.019402585923671722 0.022152628749608994
v 0.02469559758901596 0.01940254494547844 0.024352628737688065
v 0.023212390020489693 0.018623795360326767 0.02215263620018959
v 0.02321242168545723 0.018623754382133484 0.02435263618826866
v 0.023212390020489693 0.018623795360326767 0.02215263620018959
v 0.02321242168545723 0.018623754382133484 0.02435263618826866
v 0.02226102538406849 0.017244942486286163 0.022152623161673546
v 0.022261057049036026 0.01724490150809288 0.024352623149752617
v 0.02226102538406849 0.017244942486286163 0.022152623161673546
v 0.022261057049036026 0.01724490150809288 0.024352623149752617
v 0.022059418261051178 0.015581909567117691 0.022152595221996307
v 0.022059449926018715 0.015581868588924408 0.02435259521007538
v 0.022059418261051178 0.015581909567117691 0.022152595221996307
v 0.022059449926018715 0.015581868588924408 0.02435259521007538
v 0.02265375293791294 0.014015674591064453 0.022152557969093323
v 0.022653784602880478 0.01401563361287117 0.024352557957172394
v 0.02265375293791294 0.014015674591064453 0.022152557969093323
v 0.022653784602880478 0.01401563361287117 0.024352557957172394
v 0.02390787936747074 0.012905043549835682 0.02215251885354519
v 0.023907911032438278 0.012905002571642399 0.02435251884162426
v 0.02390787936747074 0.012905043549835682 0.02215251885354519
v 0.023907911032438278 0.012905002571642399 0.02435251884162426
v 0.025534486398100853 0.012504450045526028 0.022152487188577652
v 0.02553451806306839 0.012504409067332745 0.024352487176656723
v 0.025540580973029137 -0.01949555054306984 0.02215188927948475
v 0.025540612637996674 -0.019495591521263123 0.02435188926756382
v 0.02716703526675701 -0.019094334915280342 0.022151872515678406
v 0.02716706693172455 -0.019094375893473625 0.024351872503757477
v 0.02716703526675701 -0.019094334915280342 0.022151872515678406
v 0.02716706693172455 -0.019094375893473625 0.024351872503757477
v 0.028420735150575638 -0.017983227968215942 0.022151874378323555
v 0.028420768678188324 -0.017983268946409225 0.024351874366402626
v 0.028420735150575638 -0.017983227968215942 0.022151874378323555
v 0.028420768678188324 -0.017983268946409225 0.024351874366402626
v 0.029014475643634796 -0.0164167657494545 0.022151894867420197
v 0.029014507308602333 -0.01641680672764778 0.024351894855499268
v 0.029014475643634796 -0.0164167657494545 0.022151894867420197
v 0.029014507308602333 -0.01641680672764778 0.024351894855499268
v 0.028812233358621597 -0.014753809198737144 0.022151930257678032
v 0.028812265023589134 -0.014753850176930428 0.024351930245757103
v 0.028812233358621597 -0.014753809198737144 0.022151930257678032
v 0.028812265023589134 -0.014753850176930428 0.024351930245757103
v 0.02786034345626831 -0.013375320471823215 0.022151969373226166
v 0.027860375121235847 -0.013375361450016499 0.024351969361305237
v 0.02786034345626831 -0.013375320471823215 0.022151969373226166
v 0.027860375121235847 -0.013375361450016499 0.024351969361305237
v 0.026376871392130852 -0.012597093358635902 0.022152004763484
v 0.02637690305709839 -0.012597134336829185 0.024352004751563072
v 0.026376871392130852 -0.012597093358635902 0.022152004763484
v 0.02637690305709839 -0.012597134336829185 0.024352004751563072
v 0.024701662361621857 -0.012597412802278996 0.02215203084051609
v 0.024701694026589394 -0.012597453780472279 0.02435203082859516
v 0.024701662361621857 -0.012597412802278996 0.02215203084051609
v 0.024701694026589394 -0.012597453780472279 0.02435203082859516
v 0.023218484595417976 -0.013376204296946526 0.022152036428451538
v 0.023218516260385513 -0.013376245275139809 0.02435203641653061
v 0.023218484595417976 -0.013376204296946526 0.022152036428451538
v 0.023218516260385513 -0.013376245275139809 0.02435203641653061
v 0.022267119958996773 -0.014755056239664555 0.022152025252580643
v 0.02226715162396431 -0.014755097217857838 0.024352025240659714
v 0.022267119958996773 -0.014755056239664555 0.022152025252580643
v 0.02226715162396431 -0.014755097217857838 0.024352025240659714
v 0.02206551283597946 -0.0164180900901556 0.022151997312903404
v 0.022065546363592148 -0.016418131068348885 0.024351997300982475
v 0.02206551283597946 -0.0164180900901556 0.022151997312903404
v 0.022065546363592148 -0.016418131068348885 0.024351997300982475
v 0.022659847512841225 -0.01798432506620884 0.02215195819735527
v 0.02265988104045391 -0.017984366044402122 0.02435195818543434
v 0.022659847512841225 -0.01798432506620884 0.02215195819735527
v 0.02265988104045391 -0.017984366044402122 0.02435195818543434
v 0.023913973942399025 -0.019094955176115036 0.022151919081807137
v 0.023914005607366562 -0.01909499615430832 0.024351919069886208
v 0.023913973942399025 -0.019094955176115036 0.022151919081807137
v 0.023914005607366562 -0.01909499615430832 0.024351919069886208
v 0.025540580973029137 -0.01949555054306984 0.02215188927948475
v 0.025540612637996674 -0.019495591521263123 0.02435188926756382
v 0.016182400286197662 -0.008953077718615532 0.024352222681045532
v 0.016182297840714455 -0.008952947333455086 0.01735222153365612
v 0.017582470551133156 -0.00932794064283371 0.024352194741368294
v 0.017582369968295097 -0.009327809326350689 0.01735219545662403
v 0.017582470551133156 -0.00932794064283371 0.024352194741368294
v 0.017582369968295097 -0.009327809326350689 0.01735219545662403
v 0.01860753819346428 -0.01035261619836092 0.024352161213755608
v 0.01860743574798107 -0.010352485813200474 0.017352160066366196
v 0.01860753819346428 -0.01035261619836092 0.024352161213755608
v 0.01860743574798107 -0.010352485813200474 0.017352160066366196
v 0.018982933834195137 -0.011752544902265072 0.02435212954878807
v 0.01898283325135708 -0.011752413585782051 0.01735212840139866
v 0.018982933834195137 -0.011752544902265072 0.02435212954878807
v 0.01898283325135708 -0.011752413585782051 0.01735212840139866
v 0.01860807277262211 -0.01315261609852314 0.02435210905969143
v 0.0186079703271389 -0.013152485713362694 0.017352107912302017
v 0.01860807277262211 -0.01315261609852314 0.02435210905969143
v 0.0186079703271389 -0.013152485713362694 0.017352107912302017
v 0.017583394423127174 -0.014177682809531689 0.02435210347175598
v 0.017583293840289116 -0.014177551493048668 0.01735210418701172
v 0.017583394423127174 -0.014177682809531689 0.02435210347175598
v 0.017583293840289116 -0.014177551493048668 0.01735210418701172
v 0.01618346758186817 -0.014553077518939972 0.024352118372917175
v 0.016183365136384964 -0.014552947133779526 0.017352117225527763
v 0.01618346758186817 -0.014553077518939972 0.024352118372917175
v 0.016183365136384964 -0.014552947133779526 0.017352117225527763
v 0.014783396385610104 -0.014178216457366943 0.024352144449949265
v 0.014783293940126896 -0.014178085140883923 0.017352145165205002
v 0.014783396385610104 -0.014178216457366943 0.024352144449949265
v 0.014783293940126896 -0.014178085140883923 0.017352145165205002
v 0.013758329674601555 -0.013153539970517159 0.0243521798402071
v 0.013758228160440922 -0.013153409585356712 0.017352178692817688
v 0.013758329674601555 -0.013153539970517159 0.0243521798402071
v 0.013758228160440922 -0.013153409585356712 0.017352178692817688
v 0.013382934033870697 -0.011753611266613007 0.024352211505174637
v 0.01338283158838749 -0.011753479950129986 0.017352210357785225
v 0.013382934033870697 -0.011753611266613007 0.024352211505174637
v 0.01338283158838749 -0.011753479950129986 0.017352210357785225
v 0.0137577960267663 -0.010353540070354939 0.02435223199427128
v 0.013757694512605667 -0.010353409685194492 0.017352230846881866
v 0.0137577960267663 -0.010353540070354939 0.02435223199427128
v 0.013757694512605667 -0.010353409685194492 0.017352230846881866
v 0.014782472513616085 -0.009328474290668964 0.024352235719561577
v 0.014782370068132877 -0.009328342974185944 0.017352236434817314
v 0.014782472513616085 -0.009328474290668964 0.024352235719561577
v 0.014782370068132877 -0.009328342974185944 0.017352236434817314
v 0.016182400286197662 -0.008953077718615532 0.024352222681045532
v 0.016182297840714455 -0.008952947333455086 0.01735222153365612
v -0.006176894996315241 -0.016222761943936348 0.024352412670850754
v -0.006176996976137161 -0.016222631558775902 0.017352411523461342
v -0.0047768233343958855 -0.016597624868154526 0.024352384731173515
v -0.004776925314217806 -0.01659749448299408 0.017352385446429253
v -0.0047768233343958855 -0.016597624868154526 0.024352384731173515
v -0.004776925314217806 -0.01659749448299408 0.017352385446429253
v -0.0037517568562179804 -0.01762229949235916 0.02435235120356083
v -0.0037518588360399008 -0.017622169107198715 0.017352350056171417
v -0.0037517568562179804 -0.01762229949235916 0.02435235120356083
v -0.0037518588360399008 -0.017622169107198715 0.017352350056171417
v -0.0033763612154871225 -0.019022230058908463 0.024352319538593292
v -0.0033764634281396866 -0.019022099673748016 0.01735231839120388
v -0.0033763612154871225 -0.019022230058908463 0.024352319538593292
v -0.0033764634281396866 -0.019022099673748016 0.01735231839120388
v -0.0037512234412133694 -0.020422300323843956 0.02435229904949665
v -0.0037513254210352898 -0.02042216993868351 0.01735229790210724
v -0.0037512234412133694 -0.020422300323843956 0.02435229904949665
v -0.0037513254210352898 -0.02042216993868351 0.01735229790210724
v -0.004775899462401867 -0.02144736610352993 0.024352293461561203
v -0.004776001442223787 -0.021447235718369484 0.01735229417681694
v -0.004775899462401867 -0.02144736610352993 0.024352293461561203
v -0.004776001442223787 -0.021447235718369484 0.01735229417681694
v -0.006175828166306019 -0.021822761744260788 0.024352308362722397
v -0.006175930146127939 -0.021822631359100342 0.017352307215332985
v -0.006175828166306019 -0.021822761744260788 0.024352308362722397
v -0.006175930146127939 -0.021822631359100342 0.017352307215332985
v -0.007575899362564087 -0.02144789882004261 0.024352334439754486
v -0.007576001342386007 -0.021447768434882164 0.017352335155010223
v -0.007575899362564087 -0.02144789882004261 0.024352334439754486
v -0.007576001342386007 -0.021447768434882164 0.017352335155010223
v -0.008600965142250061 -0.020423224195837975 0.02435236983001232
v -0.008601067587733269 -0.02042309381067753 0.01735236868262291
v -0.008600965142250061 -0.020423224195837975 0.02435236983001232
v -0.008601067587733269 -0.02042309381067753 0.01735236868262291
v -0.008976361714303493 -0.019023297354578972 0.02435240149497986
v -0.008976463228464127 -0.019023165106773376 0.017352400347590446
v -0.008976361714303493 -0.019023297354578972 0.02435240149497986
v -0.008976463228464127 -0.019023165106773376 0.017352400347590446
v -0.008601498790085316 -0.01762322336435318 0.0243524219840765
v -0.008601601235568523 -0.017623092979192734 0.017352420836687088
v -0.008601498790085316 -0.01762322336435318 0.0243524219840765
v -0.008601601235568523 -0.017623092979192734 0.017352420836687088
v -0.007576822768896818 -0.016598159447312355 0.0243524257093668
v -0.007576925214380026 -0.01659802719950676 0.017352426424622536
v -0.007576822768896818 -0.016598159447312355 0.0243524257093668
v -0.007576925214380026 -0.01659802719950676 0.017352426424622536
v -0.006176894996315241 -0.016222761943936348 0.024352412670850754
v -0.006176996976137161 -0.016222631558775902 0.017352411523461342
v -0.01999921351671219 -0.002804134041070938 0.017352864146232605
v -0.01996256783604622 -0.0028040194883942604 0.024352863430976868
v -0.018599284812808037 -0.002428738633170724 0.01735285110771656
v -0.018599284812808037 -0.002428738633170724 0.01735285110771656
v -0.01996256783604622 -0.0028040194883942604 0.024352863430976868
v -0.01859918422996998 -0.0024288694839924574 0.024352852255105972
v -0.018599284812808037 -0.002428738633170724 0.01735285110771656
v -0.01859918422996998 -0.0024288694839924574 0.024352852255105972
v -0.017574608325958252 -0.0014036721549928188 0.01735285483300686
v -0.017574505880475044 -0.0014038031222298741 0.02435285598039627
v -0.017574608325958252 -0.0014036721549928188 0.01735285483300686
v -0.017574505880475044 -0.0014038031222298741 0.02435285598039627
v -0.017199745401740074 -3.6008273127663415e-06 0.01735287718474865
v -0.017199644818902016 -3.7317131500458345e-06 0.024352876469492912
v -0.017199745401740074 -3.6008273127663415e-06 0.01735287718474865
v -0.017199644818902016 -3.7317131500458345e-06 0.024352876469492912
v -0.017575141042470932 0.0013963276287540793 0.017352908849716187
v -0.017575040459632874 0.0013961967779323459 0.02435290813446045
v -0.017575141042470932 0.0013963276287540793 0.017352908849716187
v -0.017575040459632874 0.0013961967779323459 0.02435290813446045
v -0.018600208684802055 0.002421003533527255 0.017352942377328873
v -0.018600106239318848 0.0024208726827055216 0.024352941662073135
v -0.018600208684802055 0.002421003533527255 0.017352942377328873
v -0.018600106239318848 0.0024208726827055216 0.024352941662073135
v -0.019963635131716728 0.002795503241941333 0.024352969601750374
v -0.018600208684802055 0.002421003533527255 0.017352942377328873
v -0.019963635131716728 0.002795503241941333 0.024352969601750374
v -0.020000280812382698 0.002795865759253502 0.01735297031700611
v -0.020000280812382698 0.002795865759253502 0.01735297031700611
v -0.019963635131716728 0.002795503241941333 0.024352969601750374
v -0.02000017836689949 0.0027957346756011248 0.024352969601750374
v -0.020000280812382698 0.002795865759253502 0.01735297031700611
v -0.02000017836689949 0.0027957346756011248 0.024352969601750374
v -0.0214002076536417 0.002420470118522644 0.017352983355522156
v -0.021400105208158493 0.0024203392677009106 0.02435298264026642
v -0.0214002076536417 0.002420470118522644 0.017352983355522156
v -0.021400105208158493 0.0024203392677009106 0.02435298264026642
v -0.022424884140491486 0.0013954038731753826 0.017352977767586708
v -0.022424783557653427 0.0013952729059383273 0.02435297891497612
v -0.022424884140491486 0.0013954038731753826 0.017352977767586708
v -0.022424783557653427 0.0013952729059383273 0.02435297891497612
v -0.022799745202064514 -4.667552730097668e-06 0.017352957278490067
v -0.022799642756581306 -4.798438567377161e-06 0.02435295842587948
v -0.022799745202064514 -4.667552730097668e-06 0.017352957278490067
v -0.022799642756581306 -4.798438567377161e-06 0.02435295842587948
v -0.022424351423978806 -0.0014045960269868374 0.01735292561352253
v -0.022424248978495598 -0.0014047268778085709 0.02435292676091194
v -0.022424351423978806 -0.0014045960269868374 0.01735292561352253
v -0.022424248978495598 -0.0014047268778085709 0.02435292676091194
v -0.021399283781647682 -0.0024292718153446913 0.017352892085909843
v -0.021399181336164474 -0.0024294028989970684 0.024352893233299255
v -0.021399283781647682 -0.0024292718153446913 0.017352892085909843
v -0.021399181336164474 -0.0024294028989970684 0.024352893233299255
v -0.01999921351671219 -0.002804134041070938 0.017352864146232605
v -0.01999911107122898 -0.0028042648918926716 0.024352865293622017
v -0.01999921351671219 -0.002804134041070938 0.017352864146232605
v -0.01999911107122898 -0.0028042648918926716 0.024352865293622017
v -0.01996256783604622 -0.0028040194883942604 0.024352863430976868
v -0.006184141617268324 0.021819496527314186 0.02435312420129776
v -0.006184243597090244 0.02181962877511978 0.017353123053908348
v -0.004784069489687681 0.02144463360309601 0.02435309626162052
v -0.004784171935170889 0.021444765850901604 0.01735309697687626
v -0.004784069489687681 0.02144463360309601 0.02435309626162052
v -0.004784171935170889 0.021444765850901604 0.01735309697687626
v -0.0037590032443404198 0.020419958978891373 0.024353062734007835
v -0.003759105456992984 0.020420091226696968 0.017353061586618423
v -0.0037590032443404198 0.020419958978891373 0.024353062734007835
v -0.003759105456992984 0.020420091226696968 0.017353061586618423
v -0.0033836078364402056 0.01902003213763237 0.0243530310690403
v -0.003383709816262126 0.019020162522792816 0.017353029921650887
v -0.0033836078364402056 0.01902003213763237 0.0243530310690403
v -0.003383709816262126 0.019020162522792816 0.017353029921650887
v -0.0037584700621664524 0.017619958147406578 0.024353010579943657
v -0.003758572041988373 0.017620090395212173 0.017353009432554245
v -0.0037584700621664524 0.017619958147406578 0.024353010579943657
v -0.003758572041988373 0.017620090395212173 0.017353009432554245
v -0.00478314608335495 0.016594894230365753 0.02435300499200821
v -0.00478324806317687 0.0165950246155262 0.017353005707263947
v -0.00478314608335495 0.016594894230365753 0.02435300499200821
v -0.00478324806317687 0.0165950246155262 0.017353005707263947
v -0.006183074787259102 0.016219496726989746 0.024353019893169403
v -0.006183176767081022 0.01621962897479534 0.01735301874577999
v -0.006183074787259102 0.016219496726989746 0.024353019893169403
v -0.006183176767081022 0.01621962897479534 0.01735301874577999
v -0.007583145517855883 0.016594359651207924 0.024353045970201492
v -0.00758324796333909 0.01659449003636837 0.01735304668545723
v -0.007583145517855883 0.016594359651207924 0.024353045970201492
v -0.00758324796333909 0.01659449003636837 0.01735304668545723
v -0.008608211763203144 0.01761903427541256 0.024353081360459328
v -0.008608314208686352 0.017619166523218155 0.017353080213069916
v -0.008608211763203144 0.01761903427541256 0.024353081360459328
v -0.008608314208686352 0.017619166523218155 0.017353080213069916
v -0.008983608335256577 0.01901896484196186 0.024353113025426865
v -0.00898370984941721 0.019019095227122307 0.017353111878037453
v -0.008983608335256577 0.01901896484196186 0.024353113025426865
v -0.00898370984941721 0.019019095227122307 0.017353111878037453
v -0.008608745411038399 0.020419035106897354 0.024353133514523506
v -0.008608847856521606 0.02041916735470295 0.017353132367134094
v -0.008608745411038399 0.020419035106897354 0.024353133514523506
v -0.008608847856521606 0.02041916735470295 0.017353132367134094
v -0.007584069389849901 0.021444100886583328 0.024353137239813805
v -0.007584171369671822 0.021444231271743774 0.017353137955069542
v -0.007584069389849901 0.021444100886583328 0.024353137239813805
v -0.007584171369671822 0.021444231271743774 0.017353137955069542
v -0.006184141617268324 0.021819496527314186 0.02435312420129776
v -0.006184243597090244 0.02181962877511978 0.017353123053908348
v 0.01617792248725891 0.014558331109583378 0.02435266226530075
v 0.016177820041775703 0.014558462426066399 0.01735266111791134
v 0.017577992752194405 0.01418347004801035 0.024352634325623512
v 0.017577890306711197 0.014183600433170795 0.01735263504087925
v 0.017577992752194405 0.01418347004801035 0.024352634325623512
v 0.017577890306711197 0.014183600433170795 0.01735263504087925
v 0.018603060394525528 0.013158793561160564 0.024352600798010826
v 0.01860295794904232 0.013158924877643585 0.017352599650621414
v 0.018603060394525528 0.013158793561160564 0.024352600798010826
v 0.01860295794904232 0.013158924877643585 0.017352599650621414
v 0.018978456035256386 0.011758864857256413 0.02435256913304329
v 0.018978353589773178 0.011758996173739433 0.017352567985653877
v 0.018978456035256386 0.011758864857256413 0.02435256913304329
v 0.018978353589773178 0.011758996173739433 0.017352567985653877
v 0.018603593111038208 0.010358793660998344 0.024352548643946648
v 0.018603490665555 0.010358924977481365 0.017352547496557236
v 0.018603593111038208 0.010358793660998344 0.024352548643946648
v 0.018603490665555 0.010358924977481365 0.017352547496557236
v 0.017578916624188423 0.00933372788131237 0.0243525430560112
v 0.017578814178705215 0.009333858266472816 0.017352543771266937
v 0.017578916624188423 0.00933372788131237 0.0243525430560112
v 0.017578814178705215 0.009333858266472816 0.017352543771266937
v 0.01617898792028427 0.008958331309258938 0.024352557957172394
v 0.016178885474801064 0.008958462625741959 0.017352556809782982
v 0.01617898792028427 0.008958331309258938 0.024352557957172394
v 0.016178885474801064 0.008958462625741959 0.017352556809782982
v 0.014778917655348778 0.009333194233477116 0.024352584034204483
v 0.01477881520986557 0.009333325549960136 0.01735258474946022
v 0.014778917655348778 0.009333194233477116 0.024352584034204483
v 0.01477881520986557 0.009333325549960136 0.01735258474946022
v 0.013753850944340229 0.010357869789004326 0.02435261942446232
v 0.013753749430179596 0.010358001105487347 0.017352618277072906
v 0.013753850944340229 0.010357869789004326 0.02435261942446232
v 0.013753749430179596 0.010358001105487347 0.017352618277072906
v 0.013378455303609371 0.011757798492908478 0.024352651089429855
v 0.013378352858126163 0.011757928878068924 0.017352649942040443
v 0.013378455303609371 0.011757798492908478 0.024352651089429855
v 0.013378352858126163 0.011757928878068924 0.017352649942040443
v 0.013753318227827549 0.013157869689166546 0.024352671578526497
v 0.013753215782344341 0.013158001005649567 0.017352670431137085
v 0.013753318227827549 0.013157869689166546 0.024352671578526497
v 0.013753215782344341 0.013158001005649567 0.017352670431137085
v 0.01477799378335476 0.014182936400175095 0.024352675303816795
v 0.014777891337871552 0.01418306678533554 0.017352676019072533
v 0.01477799378335476 0.014182936400175095 0.024352675303816795
v 0.014777891337871552 0.01418306678533554 0.017352676019072533
v 0.01617792248725891 0.014558331109583378 0.02435266226530075
v 0.016177820041775703 0.014558462426066399 0.01735266111791134
v -0.018600208684802055 0.002421003533527255 0.017352942377328873
v -0.01852523349225521 0.0025509216357022524 0.017352944239974022
v -0.017575141042470932 0.0013963276287540793 0.017352908849716187
v -0.01744525320827961 0.001471352530643344 0.017352906987071037
v -0.017199745401740074 -3.6008273127663415e-06 0.01735287718474865
v -0.017049746587872505 -3.572254627215443e-06 0.01735287345945835
v -0.017574608325958252 -0.0014036721549928188 0.01735285483300686
v -0.017444690689444542 -0.001478647580370307 0.01735285297036171
v -0.018599284812808037 -0.002428738633170724 0.01735285110771656
v -0.018524259328842163 -0.002558628097176552 0.017352847382426262
v -0.01999921351671219 -0.002804134041070938 0.017352864146232605
v -0.01999918557703495 -0.002954134251922369 0.017352862283587456
v -0.021399283781647682 -0.0024292718153446913 0.017352892085909843
v -0.021474260836839676 -0.0025591901503503323 0.017352890223264694
v -0.022424351423978806 -0.0014045960269868374 0.01735292561352253
v -0.022554239258170128 -0.0014796208124607801 0.01735292747616768
v -0.022799745202064514 -4.667552730097668e-06 0.017352957278490067
v -0.022949745878577232 -4.6961258703959174e-06 0.017352961003780365
v -0.022424884140491486 0.0013954038731753826 0.017352977767586708
v -0.022554801777005196 0.001470379182137549 0.017352981492877007
v -0.0214002076536417 0.002420470118522644 0.017352983355522156
v -0.021475235000252724 0.0025503598153591156 0.017352987080812454
v -0.020000280812382698 0.002795865759253502 0.01735297031700611
v -0.020000308752059937 0.002945865970104933 0.01735297217965126
v -0.019999060779809952 -0.00345417158678174 0.019352853298187256
v -0.01827417127788067 -0.002991602523252368 0.01785283535718918
v -0.018274148926138878 -0.0029916304629296064 0.019352836534380913
v -0.018274148926138878 -0.0029916304629296064 0.019352836534380913
v -0.01827417127788067 -0.002991602523252368 0.01785283535718918
v -0.017011623829603195 -0.0017285743961110711 0.017852840945124626
v -0.017011601477861404 -0.0017286024522036314 0.01935284212231636
v -0.017011601477861404 -0.0017286024522036314 0.01935284212231636
v -0.017011623829603195 -0.0017285743961110711 0.017852840945124626
v -0.016549738124012947 -3.486359901216929e-06 0.017852867022156715
v -0.016549717634916306 -3.5144068988302024e-06 0.0193528663367033
v -0.016549717634916306 -3.5144068988302024e-06 0.0193528663367033
v -0.016549738124012947 -3.486359901216929e-06 0.017852867022156715
v -0.017012281343340874 0.0017214255640283227 0.01785290613770485
v -0.017012258991599083 0.0017213975079357624 0.019352905452251434
v -0.017012258991599083 0.0017213975079357624 0.019352905452251434
v -0.017012281343340874 0.0017214255640283227 0.01785290613770485
v -0.01827530935406685 0.0029839726630598307 0.017852947115898132
v -0.018275287002325058 0.0029839444905519485 0.019352948293089867
v -0.018275287002325058 0.0029839444905519485 0.019352948293089867
v -0.01827530935406685 0.0029839726630598307 0.017852947115898132
v -0.02000039629638195 0.003445856273174286 0.017852982506155968
v -0.02000037394464016 0.0034458283334970474 0.019352981820702553
v -0.02000037394464016 0.0034458283334970474 0.019352981820702553
v -0.02000039629638195 0.003445856273174286 0.017852982506155968
v -0.021725308150053024 0.002983315382152796 0.01785299740731716
v -0.021725285798311234 0.0029832874424755573 0.019352998584508896
v -0.021725285798311234 0.0029832874424755573 0.019352998584508896
v -0.021725308150053024 0.002983315382152796 0.01785299740731716
v -0.022987855598330498 0.001720287255011499 0.017852993682026863
v -0.022987833246588707 0.0017202591989189386 0.019352992996573448
v -0.022987833246588707 0.0017202591989189386 0.019352992996573448
v -0.022987855598330498 0.001720287255011499 0.017852993682026863
v -0.023449739441275597 -4.800718670594506e-06 0.017852967604994774
v -0.023449718952178955 -4.8287656682077795e-06 0.01935296691954136
v -0.023449718952178955 -4.8287656682077795e-06 0.01935296691954136
v -0.023449739441275597 -4.800718670594506e-06 0.017852967604994774
v -0.02298719808459282 -0.001729712588712573 0.01785292848944664
v -0.02298717573285103 -0.0017297406448051333 0.019352927803993225
v -0.02298717573285103 -0.0017297406448051333 0.019352927803993225
v -0.02298719808459282 -0.001729712588712573 0.01785292848944664
v -0.021724170073866844 -0.002992259571328759 0.017852885648608208
v -0.021724147722125053 -0.0029922877438366413 0.019352886825799942
v -0.021724147722125053 -0.0029922877438366413 0.019352886825799942
v -0.021724170073866844 -0.002992259571328759 0.017852885648608208
v -0.019999083131551743 -0.003454143414273858 0.01785285212099552
v -0.019999060779809952 -0.00345417158678174 0.019352853298187256
v -0.019999083131551743 -0.003454143414273858 0.01785285212099552
v -0.004776925314217806 -0.01659749448299408 0.017352385446429253
v -0.004701950121670961 -0.01646757498383522 0.017352385446429253
v -0.0037518588360399008 -0.017622169107198715 0.017352350056171417
v -0.0036219696048647165 -0.01754714548587799 0.017352350056171417
v -0.0033764634281396866 -0.019022099673748016 0.01735231839120388
v -0.003226463682949543 -0.01902206987142563 0.01735231652855873
v -0.0037513254210352898 -0.02042216993868351 0.01735229790210724
v -0.003621407551690936 -0.020497145131230354 0.01735229603946209
v -0.004776001442223787 -0.021447235718369484 0.01735229417681694
v -0.004700976889580488 -0.021577125415205956 0.017352290451526642
v -0.006175930146127939 -0.021822631359100342 0.017352307215332985
v -0.0061759017407894135 -0.02197263203561306 0.017352305352687836
v -0.007576001342386007 -0.021447768434882164 0.017352335155010223
v -0.007650977000594139 -0.021577687934041023 0.017352333292365074
v -0.008601067587733269 -0.02042309381067753 0.01735236868262291
v -0.00873095728456974 -0.020498117431998253 0.01735237054526806
v -0.008976463228464127 -0.019023165106773376 0.017352400347590446
v -0.00912646297365427 -0.019023194909095764 0.017352402210235596
v -0.008601601235568523 -0.017623092979192734 0.017352420836687088
v -0.008731518872082233 -0.01754811778664589 0.017352424561977386
v -0.007576925214380026 -0.01659802719950676 0.017352426424622536
v -0.007651950232684612 -0.016468137502670288 0.017352430149912834
v -0.006176996976137161 -0.016222631558775902 0.017352411523461342
v -0.006177025847136974 -0.016072630882263184 0.01735241524875164
v -0.006175777409225702 -0.022472668439149857 0.019352296367287636
v -0.0044508869759738445 -0.02201010100543499 0.01785227842628956
v -0.004450865089893341 -0.02201012894511223 0.019352279603481293
v -0.004450865089893341 -0.02201012894511223 0.019352279603481293
v -0.0044508869759738445 -0.02201010100543499 0.01785227842628956
v -0.0031883397605270147 -0.020747071132063866 0.017852284014225006
v -0.0031883178744465113 -0.020747100934386253 0.01935228519141674
v -0.0031883178744465113 -0.020747100934386253 0.01935228519141674
v -0.0031883397605270147 -0.020747071132063866 0.017852284014225006
v -0.002726456383243203 -0.019021984189748764 0.017852310091257095
v -0.0027264344971626997 -0.019022012129426003 0.01935230940580368
v -0.0027264344971626997 -0.019022012129426003 0.01935230940580368
v -0.002726456383243203 -0.019021984189748764 0.017852310091257095
v -0.0031889970414340496 -0.01729707233607769 0.01785234920680523
v -0.003188975155353546 -0.01729710027575493 0.019352348521351814
v -0.003188975155353546 -0.01729710027575493 0.019352348521351814
v -0.0031889970414340496 -0.01729707233607769 0.01785234920680523
v -0.004452025052160025 -0.016034524887800217 0.017852390184998512
v -0.004452003166079521 -0.016034552827477455 0.019352391362190247
v -0.004452003166079521 -0.016034552827477455 0.019352391362190247
v -0.004452025052160025 -0.016034524887800217 0.017852390184998512
v -0.006177113391458988 -0.015572641044855118 0.0178524237126112
v -0.006177091505378485 -0.015572668984532356 0.019352424889802933
v -0.006177091505378485 -0.015572668984532356 0.019352424889802933
v -0.006177113391458988 -0.015572641044855118 0.0178524237126112
v -0.007902025245130062 -0.016035182401537895 0.01785244047641754
v -0.007902002893388271 -0.016035210341215134 0.019352441653609276
v -0.007902002893388271 -0.016035210341215134 0.019352441653609276
v -0.007902025245130062 -0.016035182401537895 0.01785244047641754
v -0.009164571762084961 -0.01729821041226387 0.017852434888482094
v -0.009164550341665745 -0.01729823835194111 0.019352436065673828
v -0.009164550341665745 -0.01729823835194111 0.019352436065673828
v -0.009164571762084961 -0.01729821041226387 0.017852434888482094
v -0.00962645560503006 -0.01902329921722412 0.017852410674095154
v -0.009626434184610844 -0.01902332715690136 0.01935240998864174
v -0.009626434184610844 -0.01902332715690136 0.01935240998864174
v -0.00962645560503006 -0.01902329921722412 0.017852410674095154
v -0.009163915179669857 -0.020748211070895195 0.01785237155854702
v -0.009163892827928066 -0.020748239010572433 0.019352370873093605
v -0.009163892827928066 -0.020748239010572433 0.019352370873093605
v -0.009163915179669857 -0.020748211070895195 0.01785237155854702
v -0.007900886237621307 -0.02201075665652752 0.017852328717708588
v -0.007900864817202091 -0.022010786458849907 0.019352329894900322
v -0.007900864817202091 -0.022010786458849907 0.019352329894900322
v -0.007900886237621307 -0.02201075665652752 0.017852328717708588
v -0.006175799295306206 -0.022472640499472618 0.0178522951900959
v -0.006175777409225702 -0.022472668439149857 0.019352296367287636
v -0.006175799295306206 -0.022472640499472618 0.0178522951900959
v 0.014783293940126896 -0.014178085140883923 0.017352145165205002
v 0.014708318747580051 -0.014308002777397633 0.017352143302559853
v 0.013758228160440922 -0.013153409585356712 0.017352178692817688
v 0.01362833846360445 -0.013228433206677437 0.017352178692817688
v 0.01338283158838749 -0.011753479950129986 0.017352210357785225
v 0.013232831843197346 -0.011753508821129799 0.017352212220430374
v 0.013757694512605667 -0.010353409685194492 0.017352230846881866
v 0.013627776876091957 -0.010278433561325073 0.017352234572172165
v 0.014782370068132877 -0.009328342974185944 0.017352236434817314
v 0.014707345515489578 -0.009198452346026897 0.017352238297462463
v 0.016182297840714455 -0.008952947333455086 0.01735222153365612
v 0.016182269901037216 -0.008802947588264942 0.01735222525894642
v 0.017582369968295097 -0.009327809326350689 0.01735219545662403
v 0.017657345160841942 -0.009197890758514404 0.01735219545662403
v 0.01860743574798107 -0.010352485813200474 0.017352160066366196
v 0.018737327307462692 -0.0102774603292346 0.017352160066366196
v 0.01898283325135708 -0.011752413585782051 0.01735212840139866
v 0.019132832065224648 -0.011752384714782238 0.01735212653875351
v 0.0186079703271389 -0.013152485713362694 0.017352107912302017
v 0.01873788796365261 -0.013227459974586964 0.01735210418701172
v 0.017583293840289116 -0.014177551493048668 0.01735210418701172
v 0.01765831932425499 -0.01430744118988514 0.01735210046172142
v 0.016183365136384964 -0.014552947133779526 0.017352117225527763
v 0.016183393076062202 -0.014702947810292244 0.017352115362882614
v 0.0161835178732872 -0.01520298421382904 0.019352106377482414
v 0.017908407375216484 -0.0147404158487916 0.017852088436484337
v 0.017908429726958275 -0.014740443788468838 0.01935208961367607
v 0.017908429726958275 -0.014740443788468838 0.01935208961367607
v 0.017908407375216484 -0.0147404158487916 0.017852088436484337
v 0.019170954823493958 -0.013477387838065624 0.017852094024419785
v 0.01917097717523575 -0.013477415777742863 0.01935209333896637
v 0.01917097717523575 -0.013477415777742863 0.01935209333896637
v 0.019170954823493958 -0.013477387838065624 0.017852094024419785
v 0.019632838666439056 -0.011752299033105373 0.017852120101451874
v 0.019632861018180847 -0.011752326972782612 0.01935211941599846
v 0.019632861018180847 -0.011752326972782612 0.01935211941599846
v 0.019632838666439056 -0.011752299033105373 0.017852120101451874
v 0.01917029730975628 -0.010027388110756874 0.017852159217000008
v 0.01917031966149807 -0.010027416050434113 0.019352158531546593
v 0.01917031966149807 -0.010027416050434113 0.019352158531546593
v 0.01917029730975628 -0.010027388110756874 0.017852159217000008
v 0.017907269299030304 -0.0087648406624794 0.01785220019519329
v 0.017907291650772095 -0.008764868602156639 0.019352201372385025
v 0.017907291650772095 -0.008764868602156639 0.019352201372385025
v 0.017907269299030304 -0.0087648406624794 0.01785220019519329
v 0.016182182356715202 -0.008302956819534302 0.017852233722805977
v 0.016182202845811844 -0.00830298475921154 0.01935223489999771
v 0.016182202845811844 -0.00830298475921154 0.01935223489999771
v 0.016182182356715202 -0.008302956819534302 0.017852233722805977
v 0.014457270503044128 -0.00876549817621708 0.01785225048661232
v 0.014457291923463345 -0.008765526115894318 0.019352251663804054
v 0.014457291923463345 -0.008765526115894318 0.019352251663804054
v 0.014457270503044128 -0.00876549817621708 0.01785225048661232
v 0.013194723054766655 -0.010028526186943054 0.017852244898676872
v 0.013194745406508446 -0.010028554126620293 0.019352246075868607
v 0.013194745406508446 -0.010028554126620293 0.019352246075868607
v 0.013194723054766655 -0.010028526186943054 0.017852244898676872
v 0.012732839211821556 -0.011753613129258156 0.017852220684289932
v 0.012732861563563347 -0.011753642000257969 0.019352219998836517
v 0.012732861563563347 -0.011753642000257969 0.019352219998836517
v 0.012732839211821556 -0.011753613129258156 0.017852220684289932
v 0.013195380568504333 -0.013478525914251804 0.0178521815687418
v 0.01319540198892355 -0.013478553853929043 0.019352180883288383
v 0.01319540198892355 -0.013478553853929043 0.019352180883288383
v 0.013195380568504333 -0.013478525914251804 0.0178521815687418
v 0.014458408579230309 -0.014741073362529278 0.017852138727903366
v 0.0144584309309721 -0.014741101302206516 0.0193521399050951
v 0.0144584309309721 -0.014741101302206516 0.0193521399050951
v 0.014458408579230309 -0.014741073362529278 0.017852138727903366
v 0.01618349552154541 -0.015202956274151802 0.01785210520029068
v 0.0161835178732872 -0.01520298421382904 0.019352106377482414
v 0.01618349552154541 -0.015202956274151802 0.01785210520029068
v 0.016178885474801064 0.008958462625741959 0.017352556809782982
v 0.01617891527712345 0.008808462880551815 0.017352554947137833
v 0.01477881520986557 0.009333325549960136 0.01735258474946022
v 0.014703840017318726 0.009203406050801277 0.01735258288681507
v 0.013753749430179596 0.010358001105487347 0.017352618277072906
v 0.013623859733343124 0.010282975621521473 0.017352620139718056
v 0.013378352858126163 0.011757928878068924 0.017352649942040443
v 0.01322835311293602 0.011757900007069111 0.017352651804685593
v 0.013753215782344341 0.013158001005649567 0.017352670431137085
v 0.013623298145830631 0.013232975266873837 0.017352674156427383
v 0.014777891337871552 0.01418306678533554 0.017352676019072533
v 0.014702866785228252 0.014312956482172012 0.01735267974436283
v 0.016177820041775703 0.014558462426066399 0.01735266111791134
v 0.016177790239453316 0.014708463102579117 0.017352664843201637
v 0.017577890306711197 0.014183600433170795 0.01735263504087925
v 0.01765286736190319 0.014313518069684505 0.01735263504087925
v 0.01860295794904232 0.013158924877643585 0.017352599650621414
v 0.018732847645878792 0.01323394849896431 0.017352599650621414
v 0.018978353589773178 0.011758996173739433 0.017352567985653877
v 0.019128352403640747 0.011759024113416672 0.017352566123008728
v 0.018603490665555 0.010358924977481365 0.017352547496557236
v 0.01873341016471386 0.010283948853611946 0.017352545633912086
v 0.017578814178705215 0.009333858266472816 0.017352543771266937
v 0.01765383966267109 0.009203968569636345 0.01735254004597664
v 0.01617904007434845 0.008308425545692444 0.019352545961737633
v 0.017903929576277733 0.00877099484205246 0.017852528020739555
v 0.017903950065374374 0.008770966902375221 0.01935252919793129
v 0.017903950065374374 0.008770966902375221 0.01935252919793129
v 0.017903929576277733 0.00877099484205246 0.017852528020739555
v 0.019166475161910057 0.010034022852778435 0.017852533608675003
v 0.019166497513651848 0.010033994913101196 0.019352534785866737
v 0.019166497513651848 0.010033994913101196 0.019352534785866737
v 0.019166475161910057 0.010034022852778435 0.017852533608675003
v 0.019628360867500305 0.011759109795093536 0.017852559685707092
v 0.019628383219242096 0.011759081855416298 0.019352559000253677
v 0.019628383219242096 0.011759081855416298 0.019352559000253677
v 0.019628360867500305 0.011759109795093536 0.017852559685707092
v 0.019165819510817528 0.013484022580087185 0.017852598801255226
v 0.01916583999991417 0.013483994640409946 0.01935259811580181
v 0.01916583999991417 0.013483994640409946 0.01935259811580181
v 0.019165819510817528 0.013484022580087185 0.017852598801255226
v 0.017902789637446404 0.014746570028364658 0.01785263977944851
v 0.017902811989188194 0.014746541157364845 0.019352640956640244
v 0.017902811989188194 0.014746541157364845 0.019352640956640244
v 0.017902789637446404 0.014746570028364658 0.01785263977944851
v 0.016177702695131302 0.015208452939987183 0.017852673307061195
v 0.016177725046873093 0.015208425000309944 0.01935267448425293
v 0.016177725046873093 0.015208425000309944 0.01935267448425293
v 0.016177702695131302 0.015208452939987183 0.017852673307061195
v 0.014452791772782803 0.01474591251462698 0.01785269007086754
v 0.014452814124524593 0.014745884574949741 0.019352691248059273
v 0.014452814124524593 0.014745884574949741 0.019352691248059273
v 0.014452791772782803 0.01474591251462698 0.01785269007086754
v 0.013190244324505329 0.013482884503901005 0.01785268634557724
v 0.01319026667624712 0.013482856564223766 0.019352685660123825
v 0.01319026667624712 0.013482856564223766 0.019352685660123825
v 0.013190244324505329 0.013482884503901005 0.01785268634557724
v 0.01272836048156023 0.011757795698940754 0.01785266026854515
v 0.012728382833302021 0.011757767759263515 0.019352659583091736
v 0.012728382833302021 0.011757767759263515 0.019352659583091736
v 0.01272836048156023 0.011757795698940754 0.01785266026854515
v 0.013190901838243008 0.010032884776592255 0.017852621152997017
v 0.013190923258662224 0.010032856836915016 0.019352620467543602
v 0.013190923258662224 0.010032856836915016 0.019352620467543602
v 0.013190901838243008 0.010032884776592255 0.017852621152997017
v 0.014453929848968983 0.008770337328314781 0.017852578312158585
v 0.014453952200710773 0.008770309388637543 0.01935257948935032
v 0.014453952200710773 0.008770309388637543 0.01935257948935032
v 0.014453929848968983 0.008770337328314781 0.017852578312158585
v 0.01617901772260666 0.008308453485369682 0.0178525447845459
v 0.01617904007434845 0.008308425545692444 0.019352545961737633
v 0.01617901772260666 0.008308453485369682 0.0178525447845459
v -0.004784171935170889 0.021444765850901604 0.01735309697687626
v -0.004709196742624044 0.021574683487415314 0.01735309697687626
v -0.003759105456992984 0.020420091226696968 0.017353061586618423
v -0.003629215992987156 0.020495114848017693 0.017353061586618423
v -0.003383709816262126 0.019020162522792816 0.017353029921650887
v -0.0032337100710719824 0.019020190462470055 0.017353028059005737
v -0.003758572041988373 0.017620090395212173 0.017353009432554245
v -0.003628654172644019 0.01754511520266533 0.017353005707263947
v -0.00478324806317687 0.0165950246155262 0.017353005707263947
v -0.004708223510533571 0.01646513305604458 0.017353001981973648
v -0.006183176767081022 0.01621962897479534 0.01735301874577999
v -0.0061831483617424965 0.016069628298282623 0.017353016883134842
v -0.00758324796333909 0.01659449003636837 0.01735304668545723
v -0.007658223155885935 0.01646457239985466 0.01735304482281208
v -0.008608314208686352 0.017619166523218155 0.017353080213069916
v -0.008738203905522823 0.01754414103925228 0.017353080213069916
v -0.00898370984941721 0.019019095227122307 0.017353111878037453
v -0.009133709594607353 0.01901906728744507 0.017353113740682602
v -0.008608847856521606 0.02041916735470295 0.017353132367134094
v -0.008738765493035316 0.020494140684604645 0.017353136092424393
v -0.007584171369671822 0.021444231271743774 0.017353137955069542
v -0.007659196853637695 0.021574122831225395 0.01735313981771469
v -0.006184243597090244 0.02181962877511978 0.017353123053908348
v -0.00618427200242877 0.0219696294516325 0.017353126779198647
v -0.006183024030178785 0.015569590963423252 0.019353007897734642
v -0.004458133596926928 0.016032159328460693 0.017852989956736565
v -0.004458111710846424 0.016032131388783455 0.0193529911339283
v -0.004458111710846424 0.016032131388783455 0.0193529911339283
v -0.004458133596926928 0.016032159328460693 0.017852989956736565
v -0.0031955863814800978 0.01729518733918667 0.017852995544672012
v -0.0031955644953995943 0.01729515939950943 0.019352994859218597
v -0.0031955644953995943 0.01729515939950943 0.019352994859218597
v -0.0031955863814800978 0.01729518733918667 0.017852995544672012
v -0.0027337027713656425 0.01902027614414692 0.0178530216217041
v -0.002733680885285139 0.01902024820446968 0.019353020936250687
v -0.002733680885285139 0.01902024820446968 0.019353020936250687
v -0.0027337027713656425 0.01902027614414692 0.0178530216217041
v -0.003196243429556489 0.020745187997817993 0.017853060737252235
v -0.0031962215434759855 0.020745160058140755 0.01935306005179882
v -0.0031962215434759855 0.020745160058140755 0.01935306005179882
v -0.003196243429556489 0.020745187997817993 0.017853060737252235
v -0.004459271673113108 0.022007735446095467 0.01785310171544552
v -0.004459249787032604 0.022007707506418228 0.019353102892637253
v -0.004459249787032604 0.022007707506418228 0.019353102892637253
v -0.004459271673113108 0.022007735446095467 0.01785310171544552
v -0.006184360012412071 0.022469619289040565 0.017853135243058205
v -0.006184338126331568 0.022469589486718178 0.01935313642024994
v -0.006184338126331568 0.022469589486718178 0.01935313642024994
v -0.006184360012412071 0.022469619289040565 0.017853135243058205
v -0.007909271866083145 0.022007077932357788 0.017853152006864548
v -0.007909249514341354 0.02200704999268055 0.019353153184056282
v -0.007909249514341354 0.02200704999268055 0.019353153184056282
v -0.007909271866083145 0.022007077932357788 0.017853152006864548
v -0.009171818383038044 0.020744049921631813 0.0178531464189291
v -0.009171796962618828 0.020744021981954575 0.019353147596120834
v -0.009171796962618828 0.020744021981954575 0.019353147596120834
v -0.009171818383038044 0.020744049921631813 0.0178531464189291
v -0.009633702225983143 0.01901896297931671 0.01785312220454216
v -0.009633680805563927 0.019018935039639473 0.019353121519088745
v -0.009633680805563927 0.019018935039639473 0.019353121519088745
v -0.009633702225983143 0.01901896297931671 0.01785312220454216
v -0.00917116180062294 0.01729404926300049 0.017853083088994026
v -0.00917113944888115 0.01729402132332325 0.01935308240354061
v -0.00917113944888115 0.01729402132332325 0.01935308240354061
v -0.00917116180062294 0.01729404926300049 0.017853083088994026
v -0.00790813285857439 0.016031501814723015 0.017853040248155594
v -0.007908111438155174 0.016031473875045776 0.019353041425347328
v -0.007908111438155174 0.016031473875045776 0.019353041425347328
v -0.00790813285857439 0.016031501814723015 0.017853040248155594
v -0.006183045916259289 0.01556961890310049 0.017853006720542908
v -0.006183024030178785 0.015569590963423252 0.019353007897734642
v -0.006183045916259289 0.01556961890310049 0.017853006720542908
v 0.01188010536134243 0.027001772075891495 0.026352956891059875
v 0.011880003847181797 0.02700190246105194 0.019352957606315613
v 0.007388108875602484 0.028559576719999313 0.019353052601218224
v 0.01188010536134243 0.027001772075891495 0.026352956891059875
v 0.007388108875602484 0.028559576719999313 0.019353052601218224
v 0.007655264809727669 0.02848902903497219 0.02635304629802704
v 0.007655264809727669 0.02848902903497219 0.02635304629802704
v 0.007388108875602484 0.028559576719999313 0.019353052601218224
v 0.00270432629622519 0.02937544696033001 0.01935313642024994
v 0.007655264809727669 0.02848902903497219 0.02635304629802704
v 0.00270432629622519 0.02937544696033001 0.01935313642024994
v 0.00289068091660738 0.02935757488012314 0.026353131979703903
v 0.00289068091660738 0.02935757488012314 0.026353131979703903
v 0.00270432629622519 0.02937544696033001 0.01935313642024994
v -0.0020496894139796495 0.029428323730826378 0.01935320533812046
v 0.00289068091660738 0.02935757488012314 0.026353131979703903
v -0.0020496894139796495 0.029428323730826378 0.01935320533812046
v -0.001951804501004517 0.029434842988848686 0.026353204622864723
v -0.001951804501004517 0.029434842988848686 0.026353204622864723
v -0.0020496894139796495 0.029428323730826378 0.01935320533812046
v -0.006750460248440504 0.028716836124658585 0.019353261217474937
v -0.001951804501004517 0.029434842988848686 0.026353204622864723
v -0.006750460248440504 0.028716836124658585 0.019353261217474937
v -0.00674167275428772 0.028718745335936546 0.0263532605022192
v -0.00674167275428772 0.028718745335936546 0.0263532605022192
v -0.006750460248440504 0.028716836124658585 0.019353261217474937
v -0.011275890283286572 0.027259461581707 0.01935330033302307
v -0.00674167275428772 0.028718745335936546 0.0263532605022192
v -0.011275890283286572 0.027259461581707 0.01935330033302307
v -0.01134982518851757 0.02722858637571335 0.026353301480412483
v -0.01134982518851757 0.02722858637571335 0.026353301480412483
v -0.011275890283286572 0.027259461581707 0.01935330033302307
v -0.011666917242109776 0.027094407007098198 0.01935330219566822
v -0.01134982518851757 0.02722858637571335 0.026353301480412483
v -0.011666917242109776 0.027094407007098198 0.01935330219566822
v -0.01565205678343773 0.02500452846288681 0.026353321969509125
v -0.011666917242109776 0.027094407007098198 0.01935330219566822
v -0.015508440323174 0.02509405091404915 0.019353320822119713
v -0.01565205678343773 0.02500452846288681 0.026353321969509125
v -0.01565205678343773 0.02500452846288681 0.026353321969509125
v -0.015508440323174 0.02509405091404915 0.019353320822119713
v -0.019338170066475868 0.022276850417256355 0.01935332454741001
v -0.01565205678343773 0.02500452846288681 0.026353321969509125
v -0.019338170066475868 0.022276850417256355 0.01935332454741001
v -0.01953241229057312 0.022106515243649483 0.026353323832154274
v -0.01953241229057312 0.022106515243649483 0.026353323832154274
v -0.019338170066475868 0.022276850417256355 0.01935332454741001
v -0.022665616124868393 0.01888103410601616 0.019353309646248817
v -0.01953241229057312 0.022106515243649483 0.026353323832154274
v -0.022665616124868393 0.01888103410601616 0.019353309646248817
v -0.022886306047439575 0.018612658604979515 0.02635330706834793
v -0.022886306047439575 0.018612658604979515 0.02635330706834793
v -0.022665616124868393 0.01888103410601616 0.019353309646248817
v -0.025404347106814384 0.01499479915946722 0.01935327611863613
v -0.022886306047439575 0.018612658604979515 0.02635330706834793
v -0.025404347106814384 0.01499479915946722 0.01935327611863613
v -0.025404244661331177 0.0149946678429842 0.026353277266025543
v -0.01996341533958912 0.001645337208174169 0.024352947250008583
v -0.019963635131716728 0.002795503241941333 0.024352969601750374
v -0.019171522930264473 0.0014228709042072296 0.02435293234884739
v -0.018600106239318848 0.0024208726827055216 0.024352941662073135
v -0.018569881096482277 0.0008193101966753602 0.024352911859750748
v -0.017575040459632874 0.0013961967779323459 0.02435290813446045
v -0.018349645659327507 -3.949152869608952e-06 0.024352893233299255
v -0.017199644818902016 -3.7317131500458345e-06 0.024352876469492912
v -0.018569564446806908 -0.0008272927952930331 0.02435288019478321
v -0.017574505880475044 -0.0014038031222298741 0.02435285598039627
v -0.019170979037880898 -0.0014310837723314762 0.02435287833213806
v -0.01859918422996998 -0.0024288694839924574 0.024352852255105972
v -0.019962787628173828 -0.0016538533382117748 0.02435288578271866
v -0.01996256783604622 -0.0028040194883942604 0.024352863430976868
v 0.01853623054921627 0.0035030755680054426 0.02435242012143135
v 0.018536198884248734 0.0035031167790293694 0.02215242013335228
v 0.02016283944249153 0.0031024813652038574 0.024352390319108963
v 0.020162807777523994 0.003102522576227784 0.022152390331029892
v 0.02016283944249153 0.0031024813652038574 0.024352390319108963
v 0.020162807777523994 0.003102522576227784 0.022152390331029892
v 0.021416964009404182 0.0019918507896363735 0.02435235120356083
v 0.021416932344436646 0.0019918920006603003 0.022152351215481758
v 0.021416964009404182 0.0019918507896363735 0.02435235120356083
v 0.021416932344436646 0.0019918920006603003 0.022152351215481758
v 0.022011298686265945 0.00042561584268696606 0.024352312088012695
v 0.02201126702129841 0.0004256569663994014 0.022152312099933624
v 0.022011298686265945 0.00042561584268696606 0.024352312088012695
v 0.02201126702129841 0.0004256569663994014 0.022152312099933624
v 0.021809691563248634 -0.0012374181533232331 0.024352284148335457
v 0.021809659898281097 -0.0012373769422993064 0.022152284160256386
v 0.021809691563248634 -0.0012374181533232331 0.024352284148335457
v 0.021809659898281097 -0.0012373769422993064 0.022152284160256386
v 0.02085832692682743 -0.0026162697467952967 0.02435227297246456
v 0.020858295261859894 -0.0026162287686020136 0.02215227298438549
v 0.02085832692682743 -0.0026162697467952967 0.02435227297246456
v 0.020858295261859894 -0.0026162287686020136 0.02215227298438549
v 0.0193751510232687 -0.0033950612414628267 0.02435228042304516
v 0.019375117495656013 -0.0033950200304389 0.022152280434966087
v 0.0193751510232687 -0.0033950612414628267 0.02435228042304516
v 0.019375117495656013 -0.0033950200304389 0.022152280434966087
v 0.01853756420314312 -0.003496924415230751 0.024352289736270905
v 0.018537532538175583 -0.0034968832042068243 0.022152289748191833
v 0.01853756420314312 -0.003496924415230751 0.024352289736270905
v 0.018537532538175583 -0.0034968832042068243 0.022152289748191833
v 0.017699941992759705 -0.0033953802194446325 0.0243523046374321
v 0.01769990846514702 -0.0033953392412513494 0.022152304649353027
v 0.017699941992759705 -0.0033953802194446325 0.0243523046374321
v 0.01769990846514702 -0.0033953392412513494 0.022152304649353027
v 0.016216468065977097 -0.002617154037579894 0.024352340027689934
v 0.01621643640100956 -0.0026171128265559673 0.022152340039610863
v 0.016216468065977097 -0.002617154037579894 0.024352340027689934
v 0.01621643640100956 -0.0026171128265559673 0.022152340039610863
v 0.01526457816362381 -0.0012386648450046778 0.024352379143238068
v 0.015264546498656273 -0.0012386237503960729 0.022152379155158997
v 0.01526457816362381 -0.0012386648450046778 0.024352379143238068
v 0.015264546498656273 -0.0012386237503960729 0.022152379155158997
v 0.015062336809933186 0.00042429217137396336 0.024352414533495903
v 0.015062305144965649 0.0004243332950863987 0.022152414545416832
v 0.015062336809933186 0.00042429217137396336 0.024352414533495903
v 0.015062305144965649 0.0004243332950863987 0.022152414545416832
v 0.01565607637166977 0.001990753458812833 0.024352435022592545
v 0.015656044706702232 0.0019907946698367596 0.022152435034513474
v 0.01565607637166977 0.001990753458812833 0.024352435022592545
v 0.015656044706702232 0.0019907946698367596 0.022152435034513474
v 0.016909776255488396 0.0031018618028610945 0.024352436885237694
v 0.01690974459052086 0.0031019027810543776 0.022152436897158623
v 0.016909776255488396 0.0031018618028610945 0.024352436885237694
v 0.01690974459052086 0.0031019027810543776 0.022152436897158623
v 0.01853623054921627 0.0035030755680054426 0.02435242012143135
v 0.018536198884248734 0.0035031167790293694 0.02215242013335228
v 0.0052987076342105865 -0.014033540152013302 0.024352286010980606
v 0.0052986349910497665 -0.014033446088433266 0.01935228519141674
v 0.0017726694932207465 -0.014895384199917316 0.02435232140123844
v 0.0017725966172292829 -0.01489529013633728 0.019352320581674576
v 0.0017726694932207465 -0.014895384199917316 0.02435232140123844
v 0.0017725966172292829 -0.01489529013633728 0.019352320581674576
v -0.0018571533728390932 -0.014884999953210354 0.02435237355530262
v -0.0018572262488305569 -0.014884906820952892 0.019352374598383904
v -0.0018571533728390932 -0.014884999953210354 0.02435237355530262
v -0.0018572262488305569 -0.014884906820952892 0.019352374598383904
v -0.005378203000873327 -0.014002994634211063 0.02435244247317314
v -0.005378276109695435 -0.014002901501953602 0.019352441653609276
v -0.005378203000873327 -0.014002994634211063 0.02435244247317314
v -0.005378276109695435 -0.014002901501953602 0.019352441653609276
v -0.008584290742874146 -0.012301018461585045 0.02435252070426941
v -0.008584363386034966 -0.012300925329327583 0.019352521747350693
v -0.008584290742874146 -0.012301018461585045 0.02435252070426941
v -0.008584363386034966 -0.012300925329327583 0.019352521747350693
v -0.011287671513855457 -0.009878736920654774 0.024352606385946274
v -0.011287744157016277 -0.009878643788397312 0.019352605566382408
v -0.011287671513855457 -0.009878736920654774 0.024352606385946274
v -0.011287744157016277 -0.009878643788397312 0.019352605566382408
v -0.013330040499567986 -0.006877994630485773 0.02435269206762314
v -0.013330113142728806 -0.006877901032567024 0.019352691248059273
v 0.02553943730890751 -0.0134955495595932 0.022152001038193703
v 0.024701662361621857 -0.012597412802278996 0.02215203084051609
v 0.024289501830935478 -0.01383072417229414 0.022152012214064598
v 0.023218484595417976 -0.013376204296946526 0.022152036428451538
v 0.023374611511826515 -0.014745961874723434 0.0221520084887743
v 0.022267119958996773 -0.014755056239664555 0.022152025252580643
v 0.023039912804961205 -0.015996025875210762 0.022151989862322807
v 0.02206551283597946 -0.0164180900901556 0.022151997312903404
v 0.02337508834898472 -0.017245961353182793 0.02215196192264557
v 0.022659847512841225 -0.01798432506620884 0.02215195819735527
v 0.024290326982736588 -0.018160849809646606 0.02215193212032318
v 0.023913973942399025 -0.019094955176115036 0.022151919081807137
v 0.025540390983223915 -0.018495550379157066 0.02215190790593624
v 0.025540580973029137 -0.01949555054306984 0.02215188927948475
v 0.026790326461195946 -0.018160374835133553 0.022151894867420197
v 0.02716703526675701 -0.019094334915280342 0.022151872515678406
v 0.02770521491765976 -0.017245136201381683 0.022151898592710495
v 0.028420735150575638 -0.017983227968215942 0.022151874378323555
v 0.02803991362452507 -0.015995074063539505 0.022151917219161987
v 0.029014475643634796 -0.0164167657494545 0.022151894867420197
v 0.027704738080501556 -0.0147451376542449 0.022151945158839226
v 0.028812233358621597 -0.014753809198737144 0.022151930257678032
v 0.026789501309394836 -0.013830248266458511 0.022151976823806763
v 0.02786034345626831 -0.013375320471823215 0.022151969373226166
v 0.026376871392130852 -0.012597093358635902 0.022152004763484
v 0.01769990846514702 -0.0033953392412513494 0.022152304649353027
v 0.018537532538175583 -0.0034968832042068243 0.022152289748191833
v 0.01853734254837036 -0.002496883040294051 0.022152308374643326
v 0.019375117495656013 -0.0033950200304389 0.022152280434966087
v 0.019787278026342392 -0.0021617086604237556 0.02215229719877243
v 0.020858295261859894 -0.0026162287686020136 0.02215227298438549
v 0.020702168345451355 -0.0012464707251638174 0.02215230092406273
v 0.021809659898281097 -0.0012373769422993064 0.022152284160256386
v 0.021036867052316666 3.592974735511234e-06 0.02215231955051422
v 0.02201126702129841 0.0004256569663994014 0.022152312099933624
v 0.020701691508293152 0.0012535291025415063 0.02215234749019146
v 0.021416932344436646 0.0019918920006603003 0.022152351215481758
v 0.019786452874541283 0.002168418373912573 0.022152377292513847
v 0.020162807777523994 0.003102522576227784 0.022152390331029892
v 0.018536388874053955 0.0025031166151165962 0.022152401506900787
v 0.018536198884248734 0.0035031167790293694 0.02215242013335228
v 0.017286455258727074 0.0021679422352463007 0.022152414545416832
v 0.01690974459052086 0.0031019027810543776 0.022152436897158623
v 0.01637156493961811 0.0012527042999863625 0.022152410820126534
v 0.015656044706702232 0.0019907946698367596 0.022152435034513474
v 0.0160368662327528 2.6405409698782023e-06 0.02215239219367504
v 0.015062305144965649 0.0004243332950863987 0.022152414545416832
v 0.016372041776776314 -0.001247295644134283 0.022152364253997803
v 0.015264546498656273 -0.0012386237503960729 0.022152379155158997
v 0.017287278547883034 -0.002162184799090028 0.022152332589030266
v 0.01621643640100956 -0.0026171128265559673 0.022152340039610863
v 0.03253639116883278 0.0025057834573090076 0.02215219847857952
v 0.03169861435890198 0.0034039204474538565 0.02215222641825676
v 0.03128645569086075 0.0021706088446080685 0.022152209654450417
v 0.030215438455343246 0.0026251289527863264 0.022152233868837357
v 0.030371565371751785 0.0012553711421787739 0.022152205929160118
v 0.029264073818922043 0.0012462773593142629 0.02215222269296646
v 0.030036866664886475 5.30735496795387e-06 0.022152187302708626
v 0.029062464833259583 -0.0004167566366959363 0.022152194753289223
v 0.03037204220890999 -0.0012446288019418716 0.022152159363031387
v 0.029656801372766495 -0.0019829915836453438 0.02215215563774109
v 0.03128727898001671 -0.0021595179568976164 0.022152129560709
v 0.030910925939679146 -0.0030936221592128277 0.022152116522192955
v 0.03253734111785889 -0.0024942164309322834 0.02215210534632206
v 0.03253753110766411 -0.003494216362014413 0.022152086719870567
v 0.03378727659583092 -0.0021590418182313442 0.022152092307806015
v 0.03416398912668228 -0.0030930025968700647 0.022152069956064224
v 0.03470216691493988 -0.0012438039993867278 0.022152096033096313
v 0.03541768714785576 -0.001981894252821803 0.022152071818709373
v 0.03503686562180519 6.259788733586902e-06 0.022152114659547806
v 0.03601142764091492 -0.0004154329653829336 0.022152092307806015
v 0.03470169007778168 0.0012561959447339177 0.022152142599225044
v 0.03580918535590172 0.0012475240509957075 0.02215212769806385
v 0.03378645330667496 0.0021710852161049843 0.02215217426419258
v 0.03485729545354843 0.002626013243570924 0.022152166813611984
v 0.03337382525205612 0.0034042394254356623 0.02215220220386982
v 0.027854248881340027 0.018624678254127502 0.02215256728231907
v 0.02637077495455742 0.01940290629863739 0.022152604535222054
v 0.025533342733979225 0.018504450097680092 0.022152598947286606
v 0.024695565924048424 0.019402585923671722 0.022152628749608994
v 0.024283405393362045 0.018169274553656578 0.02215261198580265
v 0.023212390020489693 0.018623795360326767 0.02215263620018959
v 0.02336851693689823 0.017254037782549858 0.022152608260512352
v 0.02226102538406849 0.017244942486286163 0.022152623161673546
v 0.02303381823003292 0.01600397378206253 0.02215258963406086
v 0.022059418261051178 0.015581909567117691 0.022152595221996307
v 0.023368991911411285 0.014754037372767925 0.02215256169438362
v 0.02265375293791294 0.014015674591064453 0.022152557969093323
v 0.024284230545163155 0.013839147984981537 0.022152530029416084
v 0.02390787936747074 0.012905043549835682 0.02215251885354519
v 0.025534294545650482 0.0135044502094388 0.022152505815029144
v 0.025534486398100853 0.012504450045526028 0.022152487188577652
v 0.026784230023622513 0.01383962482213974 0.02215249463915825
v 0.02716093882918358 0.012905663810670376 0.02215247042477131
v 0.027699118480086327 0.014754862524569035 0.022152498364448547
v 0.028414640575647354 0.01401677168905735 0.022152474150061607
v 0.028033819049596786 0.016004927456378937 0.02215251699090004
v 0.029008381068706512 0.015583233907818794 0.02215249463915825
v 0.027698643505573273 0.017254861071705818 0.022152544930577278
v 0.028806138783693314 0.017246190458536148 0.022152528166770935
v 0.026783404871821404 0.01816975139081478 0.022152574732899666
v -0.019962787628173828 -0.0016538533382117748 0.02435288578271866
v -0.01996307633817196 -6.722513353452086e-05 0.02530059963464737
v -0.019170979037880898 -0.0014310837723314762 0.02435287833213806
v -0.019170979037880898 -0.0014310837723314762 0.02435287833213806
v -0.01996307633817196 -6.722513353452086e-05 0.02530059963464737
v -0.019963081926107407 -3.322499105706811e-05 0.025316324084997177
v -0.019170979037880898 -0.0014310837723314762 0.02435287833213806
v -0.019963081926107407 -3.322499105706811e-05 0.025316324084997177
v -0.018569564446806908 -0.0008272927952930331 0.02435288019478321
v -0.018569564446806908 -0.0008272927952930331 0.02435288019478321
v -0.019963081926107407 -3.322499105706811e-05 0.025316324084997177
v -0.019963087514042854 -4.276206254871795e-06 0.025322379544377327
v -0.018569564446806908 -0.0008272927952930331 0.02435288019478321
v -0.019963087514042854 -4.276206254871795e-06 0.025322379544377327
v -0.018349645659327507 -3.949152869608952e-06 0.024352893233299255
v -0.018349645659327507 -3.949152869608952e-06 0.024352893233299255
v -0.019963087514042854 -4.276206254871795e-06 0.025322379544377327
v -0.019963093101978302 2.4672897779964842e-05 0.025316324084997177
v -0.018349645659327507 -3.949152869608952e-06 0.024352893233299255
v -0.019963093101978302 2.4672897779964842e-05 0.025316324084997177
v -0.018569881096482277 0.0008193101966753602 0.024352911859750748
v -0.018569881096482277 0.0008193101966753602 0.024352911859750748
v -0.019963093101978302 2.4672897779964842e-05 0.025316324084997177
v -0.0199631005525589 5.867375512025319e-05 0.02530060149729252
v -0.018569881096482277 0.0008193101966753602 0.024352911859750748
v -0.0199631005525589 5.867375512025319e-05 0.02530060149729252
v -0.019171522930264473 0.0014228709042072296 0.02435293234884739
v -0.019171522930264473 0.0014228709042072296 0.02435293234884739
v -0.0199631005525589 5.867375512025319e-05 0.02530060149729252
v -0.01996341533958912 0.001645337208174169 0.024352947250008583
v -0.006183045916259289 0.01556961890310049 0.017853006720542908
v -0.004708223510533571 0.01646513305604458 0.017353001981973648
v -0.004458133596926928 0.016032159328460693 0.017852989956736565
v -0.004458133596926928 0.016032159328460693 0.017852989956736565
v -0.004708223510533571 0.01646513305604458 0.017353001981973648
v -0.003628654172644019 0.01754511520266533 0.017353005707263947
v -0.0031955863814800978 0.01729518733918667 0.017852995544672012
v -0.0031955863814800978 0.01729518733918667 0.017852995544672012
v -0.003628654172644019 0.01754511520266533 0.017353005707263947
v -0.0032337100710719824 0.019020190462470055 0.017353028059005737
v -0.0027337027713656425 0.01902027614414692 0.0178530216217041
v -0.0027337027713656425 0.01902027614414692 0.0178530216217041
v -0.0032337100710719824 0.019020190462470055 0.017353028059005737
v -0.003629215992987156 0.020495114848017693 0.017353061586618423
v -0.003196243429556489 0.020745187997817993 0.017853060737252235
v -0.003196243429556489 0.020745187997817993 0.017853060737252235
v -0.003629215992987156 0.020495114848017693 0.017353061586618423
v -0.004709196742624044 0.021574683487415314 0.01735309697687626
v -0.004459271673113108 0.022007735446095467 0.01785310171544552
v -0.004459271673113108 0.022007735446095467 0.01785310171544552
v -0.004709196742624044 0.021574683487415314 0.01735309697687626
v -0.00618427200242877 0.0219696294516325 0.017353126779198647
v -0.006184360012412071 0.022469619289040565 0.017853135243058205
v -0.006184360012412071 0.022469619289040565 0.017853135243058205
v -0.00618427200242877 0.0219696294516325 0.017353126779198647
v -0.007659196853637695 0.021574122831225395 0.01735313981771469
v -0.007909271866083145 0.022007077932357788 0.017853152006864548
v -0.007909271866083145 0.022007077932357788 0.017853152006864548
v -0.007659196853637695 0.021574122831225395 0.01735313981771469
v -0.008738765493035316 0.020494140684604645 0.017353136092424393
v -0.009171818383038044 0.020744049921631813 0.0178531464189291
v -0.009171818383038044 0.020744049921631813 0.0178531464189291
v -0.008738765493035316 0.020494140684604645 0.017353136092424393
v -0.009133709594607353 0.01901906728744507 0.017353113740682602
v -0.009633702225983143 0.01901896297931671 0.01785312220454216
v -0.009633702225983143 0.01901896297931671 0.01785312220454216
v -0.009133709594607353 0.01901906728744507 0.017353113740682602
v -0.008738203905522823 0.01754414103925228 0.017353080213069916
v -0.00917116180062294 0.01729404926300049 0.017853083088994026
v -0.00917116180062294 0.01729404926300049 0.017853083088994026
v -0.008738203905522823 0.01754414103925228 0.017353080213069916
v -0.007658223155885935 0.01646457239985466 0.01735304482281208
v -0.00790813285857439 0.016031501814723015 0.017853040248155594
v -0.00790813285857439 0.016031501814723015 0.017853040248155594
v -0.007658223155885935 0.01646457239985466 0.01735304482281208
v -0.0061831483617424965 0.016069628298282623 0.017353016883134842
v -0.006183045916259289 0.01556961890310049 0.017853006720542908
v -0.0061831483617424965 0.016069628298282623 0.017353016883134842
v 0.01617901772260666 0.008308453485369682 0.0178525447845459
v 0.01765383966267109 0.009203968569636345 0.01735254004597664
v 0.017903929576277733 0.00877099484205246 0.017852528020739555
v 0.017903929576277733 0.00877099484205246 0.017852528020739555
v 0.01765383966267109 0.009203968569636345 0.01735254004597664
v 0.01873341016471386 0.010283948853611946 0.017352545633912086
v 0.019166475161910057 0.010034022852778435 0.017852533608675003
v 0.019166475161910057 0.010034022852778435 0.017852533608675003
v 0.01873341016471386 0.010283948853611946 0.017352545633912086
v 0.019128352403640747 0.011759024113416672 0.017352566123008728
v 0.019628360867500305 0.011759109795093536 0.017852559685707092
v 0.019628360867500305 0.011759109795093536 0.017852559685707092
v 0.019128352403640747 0.011759024113416672 0.017352566123008728
v 0.018732847645878792 0.01323394849896431 0.017352599650621414
v 0.019165819510817528 0.013484022580087185 0.017852598801255226
v 0.019165819510817528 0.013484022580087185 0.017852598801255226
v 0.018732847645878792 0.01323394849896431 0.017352599650621414
v 0.01765286736190319 0.014313518069684505 0.01735263504087925
v 0.017902789637446404 0.014746570028364658 0.01785263977944851
v 0.017902789637446404 0.014746570028364658 0.01785263977944851
v 0.01765286736190319 0.014313518069684505 0.01735263504087925
v 0.016177790239453316 0.014708463102579117 0.017352664843201637
v 0.016177702695131302 0.015208452939987183 0.017852673307061195
v 0.016177702695131302 0.015208452939987183 0.017852673307061195
v 0.016177790239453316 0.014708463102579117 0.017352664843201637
v 0.014702866785228252 0.014312956482172012 0.01735267974436283
v 0.014452791772782803 0.01474591251462698 0.01785269007086754
v 0.014452791772782803 0.01474591251462698 0.01785269007086754
v 0.014702866785228252 0.014312956482172012 0.01735267974436283
v 0.013623298145830631 0.013232975266873837 0.017352674156427383
v 0.013190244324505329 0.013482884503901005 0.01785268634557724
v 0.013190244324505329 0.013482884503901005 0.01785268634557724
v 0.013623298145830631 0.013232975266873837 0.017352674156427383
v 0.01322835311293602 0.011757900007069111 0.017352651804685593
v 0.01272836048156023 0.011757795698940754 0.01785266026854515
v 0.01272836048156023 0.011757795698940754 0.01785266026854515
v 0.01322835311293602 0.011757900007069111 0.017352651804685593
v 0.013623859733343124 0.010282975621521473 0.017352620139718056
v 0.013190901838243008 0.010032884776592255 0.017852621152997017
v 0.013190901838243008 0.010032884776592255 0.017852621152997017
v 0.013623859733343124 0.010282975621521473 0.017352620139718056
v 0.014703840017318726 0.009203406050801277 0.01735258288681507
v 0.014453929848968983 0.008770337328314781 0.017852578312158585
v 0.014453929848968983 0.008770337328314781 0.017852578312158585
v 0.014703840017318726 0.009203406050801277 0.01735258288681507
v 0.01617891527712345 0.008808462880551815 0.017352554947137833
v 0.01617901772260666 0.008308453485369682 0.0178525447845459
v 0.01617891527712345 0.008808462880551815 0.017352554947137833
v 0.01618349552154541 -0.015202956274151802 0.01785210520029068
v 0.01765831932425499 -0.01430744118988514 0.01735210046172142
v 0.017908407375216484 -0.0147404158487916 0.017852088436484337
v 0.017908407375216484 -0.0147404158487916 0.017852088436484337
v 0.01765831932425499 -0.01430744118988514 0.01735210046172142
v 0.01873788796365261 -0.013227459974586964 0.01735210418701172
v 0.019170954823493958 -0.013477387838065624 0.017852094024419785
v 0.019170954823493958 -0.013477387838065624 0.017852094024419785
v 0.01873788796365261 -0.013227459974586964 0.01735210418701172
v 0.019132832065224648 -0.011752384714782238 0.01735212653875351
v 0.019632838666439056 -0.011752299033105373 0.017852120101451874
v 0.019632838666439056 -0.011752299033105373 0.017852120101451874
v 0.019132832065224648 -0.011752384714782238 0.01735212653875351
v 0.018737327307462692 -0.0102774603292346 0.017352160066366196
v 0.01917029730975628 -0.010027388110756874 0.017852159217000008
v 0.01917029730975628 -0.010027388110756874 0.017852159217000008
v 0.018737327307462692 -0.0102774603292346 0.017352160066366196
v 0.017657345160841942 -0.009197890758514404 0.01735219545662403
v 0.017907269299030304 -0.0087648406624794 0.01785220019519329
v 0.017907269299030304 -0.0087648406624794 0.01785220019519329
v 0.017657345160841942 -0.009197890758514404 0.01735219545662403
v 0.016182269901037216 -0.008802947588264942 0.01735222525894642
v 0.016182182356715202 -0.008302956819534302 0.017852233722805977
v 0.016182182356715202 -0.008302956819534302 0.017852233722805977
v 0.016182269901037216 -0.008802947588264942 0.01735222525894642
v 0.014707345515489578 -0.009198452346026897 0.017352238297462463
v 0.014457270503044128 -0.00876549817621708 0.01785225048661232
v 0.014457270503044128 -0.00876549817621708 0.01785225048661232
v 0.014707345515489578 -0.009198452346026897 0.017352238297462463
v 0.013627776876091957 -0.010278433561325073 0.017352234572172165
v 0.013194723054766655 -0.010028526186943054 0.017852244898676872
v 0.013194723054766655 -0.010028526186943054 0.017852244898676872
v 0.013627776876091957 -0.010278433561325073 0.017352234572172165
v 0.013232831843197346 -0.011753508821129799 0.017352212220430374
v 0.012732839211821556 -0.011753613129258156 0.017852220684289932
v 0.012732839211821556 -0.011753613129258156 0.017852220684289932
v 0.013232831843197346 -0.011753508821129799 0.017352212220430374
v 0.01362833846360445 -0.013228433206677437 0.017352178692817688
v 0.013195380568504333 -0.013478525914251804 0.0178521815687418
v 0.013195380568504333 -0.013478525914251804 0.0178521815687418
v 0.01362833846360445 -0.013228433206677437 0.017352178692817688
v 0.014708318747580051 -0.014308002777397633 0.017352143302559853
v 0.014458408579230309 -0.014741073362529278 0.017852138727903366
v 0.014458408579230309 -0.014741073362529278 0.017852138727903366
v 0.014708318747580051 -0.014308002777397633 0.017352143302559853
v 0.016183393076062202 -0.014702947810292244 0.017352115362882614
v 0.01618349552154541 -0.015202956274151802 0.01785210520029068
v 0.016183393076062202 -0.014702947810292244 0.017352115362882614
v -0.006175799295306206 -0.022472640499472618 0.0178522951900959
v -0.004700976889580488 -0.021577125415205956 0.017352290451526642
v -0.0044508869759738445 -0.02201010100543499 0.01785227842628956
v -0.0044508869759738445 -0.02201010100543499 0.01785227842628956
v -0.004700976889580488 -0.021577125415205956 0.017352290451526642
v -0.003621407551690936 -0.020497145131230354 0.01735229603946209
v -0.0031883397605270147 -0.020747071132063866 0.017852284014225006
v -0.0031883397605270147 -0.020747071132063866 0.017852284014225006
v -0.003621407551690936 -0.020497145131230354 0.01735229603946209
v -0.003226463682949543 -0.01902206987142563 0.01735231652855873
v -0.002726456383243203 -0.019021984189748764 0.017852310091257095
v -0.002726456383243203 -0.019021984189748764 0.017852310091257095
v -0.003226463682949543 -0.01902206987142563 0.01735231652855873
v -0.0036219696048647165 -0.01754714548587799 0.017352350056171417
v -0.0031889970414340496 -0.01729707233607769 0.01785234920680523
v -0.0031889970414340496 -0.01729707233607769 0.01785234920680523
v -0.0036219696048647165 -0.01754714548587799 0.017352350056171417
v -0.004701950121670961 -0.01646757498383522 0.017352385446429253
v -0.004452025052160025 -0.016034524887800217 0.017852390184998512
v -0.004452025052160025 -0.016034524887800217 0.017852390184998512
v -0.004701950121670961 -0.01646757498383522 0.017352385446429253
v -0.006177025847136974 -0.016072630882263184 0.01735241524875164
v -0.006177113391458988 -0.015572641044855118 0.0178524237126112
v -0.006177113391458988 -0.015572641044855118 0.0178524237126112
v -0.006177025847136974 -0.016072630882263184 0.01735241524875164
v -0.007651950232684612 -0.016468137502670288 0.017352430149912834
v -0.007902025245130062 -0.016035182401537895 0.01785244047641754
v -0.007902025245130062 -0.016035182401537895 0.01785244047641754
v -0.007651950232684612 -0.016468137502670288 0.017352430149912834
v -0.008731518872082233 -0.01754811778664589 0.017352424561977386
v -0.009164571762084961 -0.01729821041226387 0.017852434888482094
v -0.009164571762084961 -0.01729821041226387 0.017852434888482094
v -0.008731518872082233 -0.01754811778664589 0.017352424561977386
v -0.00912646297365427 -0.019023194909095764 0.017352402210235596
v -0.00962645560503006 -0.01902329921722412 0.017852410674095154
v -0.00962645560503006 -0.01902329921722412 0.017852410674095154
v -0.00912646297365427 -0.019023194909095764 0.017352402210235596
v -0.00873095728456974 -0.020498117431998253 0.01735237054526806
v -0.009163915179669857 -0.020748211070895195 0.01785237155854702
v -0.009163915179669857 -0.020748211070895195 0.01785237155854702
v -0.00873095728456974 -0.020498117431998253 0.01735237054526806
v -0.007650977000594139 -0.021577687934041023 0.017352333292365074
v -0.007900886237621307 -0.02201075665652752 0.017852328717708588
v -0.007900886237621307 -0.02201075665652752 0.017852328717708588
v -0.007650977000594139 -0.021577687934041023 0.017352333292365074
v -0.0061759017407894135 -0.02197263203561306 0.017352305352687836
v -0.006175799295306206 -0.022472640499472618 0.0178522951900959
v -0.0061759017407894135 -0.02197263203561306 0.017352305352687836
v -0.019999083131551743 -0.003454143414273858 0.01785285212099552
v -0.018524259328842163 -0.002558628097176552 0.017352847382426262
v -0.01827417127788067 -0.002991602523252368 0.01785283535718918
v -0.01827417127788067 -0.002991602523252368 0.01785283535718918
v -0.018524259328842163 -0.002558628097176552 0.017352847382426262
v -0.017444690689444542 -0.001478647580370307 0.01735285297036171
v -0.017011623829603195 -0.0017285743961110711 0.017852840945124626
v -0.017011623829603195 -0.0017285743961110711 0.017852840945124626
v -0.017444690689444542 -0.001478647580370307 0.01735285297036171
v -0.017049746587872505 -3.572254627215443e-06 0.01735287345945835
v -0.016549738124012947 -3.486359901216929e-06 0.017852867022156715
v -0.016549738124012947 -3.486359901216929e-06 0.017852867022156715
v -0.017049746587872505 -3.572254627215443e-06 0.01735287345945835
v -0.01744525320827961 0.001471352530643344 0.017352906987071037
v -0.017012281343340874 0.0017214255640283227 0.01785290613770485
v -0.017012281343340874 0.0017214255640283227 0.01785290613770485
v -0.01744525320827961 0.001471352530643344 0.017352906987071037
v -0.01852523349225521 0.0025509216357022524 0.017352944239974022
v -0.01827530935406685 0.0029839726630598307 0.017852947115898132
v -0.01827530935406685 0.0029839726630598307 0.017852947115898132
v -0.01852523349225521 0.0025509216357022524 0.017352944239974022
v -0.020000308752059937 0.002945865970104933 0.01735297217965126
v -0.02000039629638195 0.003445856273174286 0.017852982506155968
v -0.02000039629638195 0.003445856273174286 0.017852982506155968
v -0.020000308752059937 0.002945865970104933 0.01735297217965126
v -0.021475235000252724 0.0025503598153591156 0.017352987080812454
v -0.021725308150053024 0.002983315382152796 0.01785299740731716
v -0.021725308150053024 0.002983315382152796 0.01785299740731716
v -0.021475235000252724 0.0025503598153591156 0.017352987080812454
v -0.022554801777005196 0.001470379182137549 0.017352981492877007
v -0.022987855598330498 0.001720287255011499 0.017852993682026863
v -0.022987855598330498 0.001720287255011499 0.017852993682026863
v -0.022554801777005196 0.001470379182137549 0.017352981492877007
v -0.022949745878577232 -4.6961258703959174e-06 0.017352961003780365
v -0.023449739441275597 -4.800718670594506e-06 0.017852967604994774
v -0.023449739441275597 -4.800718670594506e-06 0.017852967604994774
v -0.022949745878577232 -4.6961258703959174e-06 0.017352961003780365
v -0.022554239258170128 -0.0014796208124607801 0.01735292747616768
v -0.02298719808459282 -0.001729712588712573 0.01785292848944664
v -0.02298719808459282 -0.001729712588712573 0.01785292848944664
v -0.022554239258170128 -0.0014796208124607801 0.01735292747616768
v -0.021474260836839676 -0.0025591901503503323 0.017352890223264694
v -0.021724170073866844 -0.002992259571328759 0.017852885648608208
v -0.021724170073866844 -0.002992259571328759 0.017852885648608208
v -0.021474260836839676 -0.0025591901503503323 0.017352890223264694
v -0.01999918557703495 -0.002954134251922369 0.017352862283587456
v -0.019999083131551743 -0.003454143414273858 0.01785285212099552
v -0.01999918557703495 -0.002954134251922369 0.017352862283587456
v 0.004237374756485224 -0.0024996481370180845 0.02435251697897911
v -0.010664532892405987 -0.0025024868082255125 0.02435273490846157
v 0.004237302113324404 -0.0024995547719299793 0.019352518022060394
v -0.010664605535566807 -0.0025023934431374073 0.019352734088897705
v -0.010665484704077244 0.002497512847185135 0.024352828040719032
v 0.0042364224791526794 0.002500351518392563 0.024352610111236572
v -0.010665558278560638 0.0024976064451038837 0.019352827221155167
v 0.004236349370330572 0.0025004451163113117 0.019352611154317856
v 0.007237873040139675 -0.005498983431607485 0.019352417439222336
v 0.0072379461489617825 -0.005499076563864946 0.0243524182587862
v 0.00683566415682435 -0.003999060019850731 0.019352450966835022
v 0.00683573679998517 -0.00399915361776948 0.024352451786398888
v 0.00683566415682435 -0.003999060019850731 0.019352450966835022
v 0.00683573679998517 -0.00399915361776948 0.024352451786398888
v 0.005737378727644682 -0.0029011929873377085 0.019352488219738007
v 0.005737451370805502 -0.0029012863524258137 0.024352487176656723
v 0.005737378727644682 -0.0029011929873377085 0.019352488219738007
v 0.005737451370805502 -0.0029012863524258137 0.024352487176656723
v 0.004237302113324404 -0.0024995547719299793 0.019352518022060394
v 0.004237374756485224 -0.0024996481370180845 0.02435251697897911
v -0.013330040499567986 -0.006877994630485773 0.02435269206762314
v -0.013330113142728806 -0.006877901032567024 0.019352691248059273
v -0.013662080280482769 -0.005396251101046801 0.024352723732590675
v -0.013662152923643589 -0.005396157503128052 0.01935272477567196
v -0.013662080280482769 -0.005396251101046801 0.024352723732590675
v -0.013662152923643589 -0.005396157503128052 0.01935272477567196
v -0.013225996866822243 -0.003941725008189678 0.024352744221687317
v -0.013226069509983063 -0.003941631875932217 0.0193527452647686
v -0.013225996866822243 -0.003941725008189678 0.024352744221687317
v -0.013226069509983063 -0.003941631875932217 0.0193527452647686
v -0.012133515439927578 -0.0028870690148323774 0.024352747946977615
v -0.012133588083088398 -0.0028869756497442722 0.0193527489900589
v -0.012133515439927578 -0.0028870690148323774 0.024352747946977615
v -0.012133588083088398 -0.0028869756497442722 0.0193527489900589
v -0.010664532892405987 -0.0025024868082255125 0.02435273490846157
v -0.010664605535566807 -0.0025023934431374073 0.019352734088897705
v -0.010665484704077244 0.002497512847185135 0.024352828040719032
v -0.010665558278560638 0.0024976064451038837 0.019352827221155167
v -0.012134614400565624 0.0028815355617552996 0.02435285598039627
v -0.012134687043726444 0.0028816289268434048 0.019352857023477554
v -0.012134614400565624 0.0028815355617552996 0.02435285598039627
v -0.012134687043726444 0.0028816289268434048 0.019352857023477554
v -0.013227497227489948 0.003935775253921747 0.024352891370654106
v -0.013227569870650768 0.003935868851840496 0.01935289241373539
v -0.013227497227489948 0.003935775253921747 0.024352891370654106
v -0.013227569870650768 0.003935868851840496 0.01935289241373539
v -0.01366413477808237 0.005390135105699301 0.024352924898266792
v -0.01366420742124319 0.005390228237956762 0.019352925941348076
v -0.01366413477808237 0.005390135105699301 0.024352924898266792
v -0.01366420742124319 0.005390228237956762 0.019352925941348076
v -0.013332659378647804 0.006872004829347134 0.024352949112653732
v -0.013332732953131199 0.0068720984272658825 0.019352948293089867
v 0.007235850673168898 0.0055009229108691216 0.024352623149752617
v 0.007235778030008078 0.00550101650878787 0.01935262233018875
v 0.0068342131562530994 0.004000846762210131 0.024352600798010826
v 0.006834140047430992 0.0040009403601288795 0.01935259997844696
v 0.0068342131562530994 0.004000846762210131 0.024352600798010826
v 0.006834140047430992 0.0040009403601288795 0.01935259997844696
v 0.005736345890909433 0.0029025611001998186 0.024352597072720528
v 0.005736272782087326 0.0029026546981185675 0.019352596253156662
v 0.005736345890909433 0.0029025611001998186 0.024352597072720528
v 0.005736272782087326 0.0029026546981185675 0.019352596253156662
v 0.0042364224791526794 0.002500351518392563 0.024352610111236572
v 0.004236349370330572 0.0025004451163113117 0.019352611154317856
v 0.0072390371933579445 -0.011226351372897625 0.024352310225367546
v 0.007238964084535837 -0.011226257309317589 0.01935230940580368
v 0.006998545490205288 -0.012403830885887146 0.024352291598916054
v 0.006998472847044468 -0.01240373682230711 0.019352292641997337
v 0.006998545490205288 -0.012403830885887146 0.024352291598916054
v 0.006998472847044468 -0.01240373682230711 0.019352292641997337
v 0.006315216422080994 -0.013392443768680096 0.024352284148335457
v 0.006315143313258886 -0.01339234970510006 0.01935228332877159
v 0.006315216422080994 -0.013392443768680096 0.024352284148335457
v 0.006315143313258886 -0.01339234970510006 0.01935228332877159
v 0.0052987076342105865 -0.014033540152013302 0.024352286010980606
v 0.0052986349910497665 -0.014033446088433266 0.01935228519141674
v 0.005293361376971006 0.014034646563231945 0.02435281127691269
v 0.005293288268148899 0.014034739695489407 0.019352810457348824
v 0.0063101137056946754 0.013393937610089779 0.02435278333723545
v 0.0063100410625338554 0.01339403074234724 0.019352784380316734
v 0.0063101137056946754 0.013393937610089779 0.02435278333723545
v 0.0063100410625338554 0.01339403074234724 0.019352784380316734
v 0.006993819959461689 0.012405585497617722 0.024352755397558212
v 0.006993746850639582 0.012405678629875183 0.019352756440639496
v 0.006993819959461689 0.012405585497617722 0.024352755397558212
v 0.006993746850639582 0.012405678629875183 0.019352756440639496
v 0.007234759628772736 0.011228197254240513 0.024352729320526123
v 0.007234686985611916 0.011228290386497974 0.019352730363607407
v 0.028033798560500145 0.016004951670765877 0.02085251547396183
v 0.02953117899596691 0.015092900022864342 0.020852476358413696
v 0.027699099853634834 0.014754886738955975 0.020852496847510338
v 0.028739795088768005 0.013448776677250862 0.020852457731962204
v 0.02678421139717102 0.01383964903652668 0.02085249312222004
v 0.02731342613697052 0.012310841120779514 0.020852457731962204
v 0.02553427591919899 0.01350447442382574 0.020852506160736084
v 0.025534581393003464 0.011904474347829819 0.020852476358413696
v 0.024284211918711662 0.013839172199368477 0.020852530375123024
v 0.023755580186843872 0.012310163117945194 0.020852509886026382
v 0.023368973284959793 0.014754061587154865 0.02085256017744541
v 0.022328777238726616 0.013447555713355541 0.020852550864219666
v 0.02303379774093628 0.01600399799644947 0.02085258811712265
v 0.021536769345402718 0.015091377310454845 0.020852593705058098
v 0.02153642103075981 0.016916047781705856 0.020852627232670784
v 0.02336849831044674 0.017254061996936798 0.020852606743574142
v 0.022327803075313568 0.018560171127319336 0.020852647721767426
v 0.024283386766910553 0.018169298768043518 0.02085261046886444
v 0.023754173889756203 0.01969810761511326 0.020852647721767426
v 0.025533324107527733 0.018504474312067032 0.020852599292993546
v 0.02553301863372326 0.02010447345674038 0.020852629095315933
v 0.02678338624536991 0.01816977560520172 0.020852575078606606
v 0.02731201983988285 0.01969878561794758 0.020852595567703247
v 0.02769862487912178 0.017254885286092758 0.020852545276284218
v 0.028738820925354958 0.01856139302253723 0.020852552726864815
v 0.029530830681324005 0.016917571425437927 0.02085251174867153
v 0.02553301863372326 0.02010447345674038 0.020852629095315933
v 0.025532996281981468 0.020104501396417618 0.019352629780769348
v 0.02731201983988285 0.01969878561794758 0.020852595567703247
v 0.02731199748814106 0.019698813557624817 0.019352596253156662
v 0.02731201983988285 0.01969878561794758 0.020852595567703247
v 0.02731199748814106 0.019698813557624817 0.019352596253156662
v 0.028738820925354958 0.01856139302253723 0.020852552726864815
v 0.028738798573613167 0.01856142096221447 0.01935255341231823
v 0.028738820925354958 0.01856139302253723 0.020852552726864815
v 0.028738798573613167 0.01856142096221447 0.01935255341231823
v 0.029530830681324005 0.016917571425437927 0.02085251174867153
v 0.029530808329582214 0.016917599365115166 0.019352510571479797
v 0.029530830681324005 0.016917571425437927 0.02085251174867153
v 0.029530808329582214 0.016917599365115166 0.019352510571479797
v 0.02953117899596691 0.015092900022864342 0.020852476358413696
v 0.02953115664422512 0.01509292796254158 0.01935247704386711
v 0.02953117899596691 0.015092900022864342 0.020852476358413696
v 0.02953115664422512 0.01509292796254158 0.01935247704386711
v 0.028739795088768005 0.013448776677250862 0.020852457731962204
v 0.028739772737026215 0.0134488046169281 0.01935245841741562
v 0.028739795088768005 0.013448776677250862 0.020852457731962204
v 0.028739772737026215 0.0134488046169281 0.01935245841741562
v 0.02731342613697052 0.012310841120779514 0.020852457731962204
v 0.02731340378522873 0.012310869060456753 0.01935245841741562
v 0.02731342613697052 0.012310841120779514 0.020852457731962204
v 0.02731340378522873 0.012310869060456753 0.01935245841741562
v 0.025534581393003464 0.011904474347829819 0.020852476358413696
v 0.025534559041261673 0.011904502287507057 0.019352475181221962
v 0.025534581393003464 0.011904474347829819 0.020852476358413696
v 0.025534559041261673 0.011904502287507057 0.019352475181221962
v 0.023755580186843872 0.012310163117945194 0.020852509886026382
v 0.02375555783510208 0.012310191057622433 0.019352508708834648
v 0.023755580186843872 0.012310163117945194 0.020852509886026382
v 0.02375555783510208 0.012310191057622433 0.019352508708834648
v 0.022328777238726616 0.013447555713355541 0.020852550864219666
v 0.022328754886984825 0.01344758365303278 0.01935255154967308
v 0.022328777238726616 0.013447555713355541 0.020852550864219666
v 0.022328754886984825 0.01344758365303278 0.01935255154967308
v 0.021536769345402718 0.015091377310454845 0.020852593705058098
v 0.021536746993660927 0.015091405250132084 0.019352594390511513
v 0.021536769345402718 0.015091377310454845 0.020852593705058098
v 0.021536746993660927 0.015091405250132084 0.019352594390511513
v 0.02153642103075981 0.016916047781705856 0.020852627232670784
v 0.02153639867901802 0.016916075721383095 0.0193526279181242
v 0.02153642103075981 0.016916047781705856 0.020852627232670784
v 0.02153639867901802 0.016916075721383095 0.0193526279181242
v 0.022327803075313568 0.018560171127319336 0.020852647721767426
v 0.022327780723571777 0.018560199066996574 0.01935264654457569
v 0.022327803075313568 0.018560171127319336 0.020852647721767426
v 0.022327780723571777 0.018560199066996574 0.01935264654457569
v 0.023754173889756203 0.01969810761511326 0.020852647721767426
v 0.023754151538014412 0.019698135554790497 0.01935264840722084
v 0.023754173889756203 0.01969810761511326 0.020852647721767426
v 0.023754151538014412 0.019698135554790497 0.01935264840722084
v 0.02553301863372326 0.02010447345674038 0.020852629095315933
v 0.025532996281981468 0.020104501396417618 0.019352629780769348
v 0.030036848038434982 5.331662578100804e-06 0.020852187648415565
v 0.028539467602968216 0.0009173822472803295 0.0208522267639637
v 0.030371546745300293 0.0012553953565657139 0.020852206274867058
v 0.029330851510167122 0.0025615054182708263 0.02085224539041519
v 0.031286437064409256 0.002170633291825652 0.020852210000157356
v 0.030757220461964607 0.003699441207572818 0.02085224539041519
v 0.03253636881709099 0.0025058076716959476 0.02085219882428646
v 0.03253606706857681 0.00410580774769187 0.02085222862660885
v 0.033786434680223465 0.0021711094304919243 0.02085217274725437
v 0.034315064549446106 0.0037001189775764942 0.020852195098996162
v 0.034701671451330185 0.0012562202755361795 0.020852142944931984
v 0.03574186936020851 0.002562726614996791 0.02085215225815773
v 0.0350368469953537 6.284095888986485e-06 0.020852115005254745
v 0.03653387725353241 0.0009189050761051476 0.020852109417319298
v 0.03653422370553017 -0.0009057665010914207 0.02085207588970661
v 0.03470214828848839 -0.001243779668584466 0.020852096378803253
v 0.03574284166097641 -0.0025498897302895784 0.02085205726325512
v 0.033787257969379425 -0.0021590176038444042 0.020852092653512955
v 0.034316472709178925 -0.00368782551959157 0.02085205540060997
v 0.032537322491407394 -0.0024941919837146997 0.02085210382938385
v 0.03253762796521187 -0.0040941922925412655 0.020852074027061462
v 0.031287260353565216 -0.0021594937425106764 0.02085212990641594
v 0.030758626759052277 -0.0036885030567646027 0.02085210755467415
v 0.030372021719813347 -0.0012446044711396098 0.020852159708738327
v 0.02933182567358017 -0.002551110927015543 0.02085215039551258
v 0.028539815917611122 -0.0009072893299162388 0.020852193236351013
v 0.03253606706857681 0.00410580774769187 0.02085222862660885
v 0.03253604471683502 0.004105835687369108 0.019352227449417114
v 0.034315064549446106 0.0037001189775764942 0.020852195098996162
v 0.034315045922994614 0.0037001469172537327 0.019352193921804428
v 0.034315064549446106 0.0037001189775764942 0.020852195098996162
v 0.034315045922994614 0.0037001469172537327 0.019352193921804428
v 0.03574186936020851 0.002562726614996791 0.02085215225815773
v 0.03574184700846672 0.0025627545546740294 0.019352152943611145
v 0.03574186936020851 0.002562726614996791 0.02085215225815773
v 0.03574184700846672 0.0025627545546740294 0.019352152943611145
v 0.03653387725353241 0.0009189050761051476 0.020852109417319298
v 0.03653385490179062 0.0009189331321977079 0.019352110102772713
v 0.03653387725353241 0.0009189050761051476 0.020852109417319298
v 0.03653385490179062 0.0009189331321977079 0.019352110102772713
v 0.03653422370553017 -0.0009057665010914207 0.02085207588970661
v 0.036534201353788376 -0.0009057384449988604 0.019352076575160027
v 0.03653422370553017 -0.0009057665010914207 0.02085207588970661
v 0.036534201353788376 -0.0009057384449988604 0.019352076575160027
v 0.03574284166097641 -0.0025498897302895784 0.02085205726325512
v 0.03574281930923462 -0.0025498615577816963 0.019352056086063385
v 0.03574284166097641 -0.0025498897302895784 0.02085205726325512
v 0.03574281930923462 -0.0025498615577816963 0.019352056086063385
v 0.034316472709178925 -0.00368782551959157 0.02085205540060997
v 0.034316450357437134 -0.0036877973470836878 0.019352056086063385
v 0.034316472709178925 -0.00368782551959157 0.02085205540060997
v 0.034316450357437134 -0.0036877973470836878 0.019352056086063385
v 0.03253762796521187 -0.0040941922925412655 0.020852074027061462
v 0.03253760561347008 -0.00409416388720274 0.019352074712514877
v 0.03253762796521187 -0.0040941922925412655 0.020852074027061462
v 0.03253760561347008 -0.00409416388720274 0.019352074712514877
v 0.030758626759052277 -0.0036885030567646027 0.02085210755467415
v 0.030758606269955635 -0.003688475117087364 0.019352108240127563
v 0.030758626759052277 -0.0036885030567646027 0.02085210755467415
v 0.030758606269955635 -0.003688475117087364 0.019352108240127563
v 0.02933182567358017 -0.002551110927015543 0.02085215039551258
v 0.02933180332183838 -0.002551082754507661 0.019352151080965996
v 0.02933182567358017 -0.002551110927015543 0.02085215039551258
v 0.02933180332183838 -0.002551082754507661 0.019352151080965996
v 0.028539815917611122 -0.0009072893299162388 0.020852193236351013
v 0.02853979356586933 -0.0009072612738236785 0.01935219205915928
v 0.028539815917611122 -0.0009072893299162388 0.020852193236351013
v 0.02853979356586933 -0.0009072612738236785 0.01935219205915928
v 0.028539467602968216 0.0009173822472803295 0.0208522267639637
v 0.028539447113871574 0.0009174103033728898 0.019352227449417114
v 0.028539467602968216 0.0009173822472803295 0.0208522267639637
v 0.028539447113871574 0.0009174103033728898 0.019352227449417114
v 0.029330851510167122 0.0025615054182708263 0.02085224539041519
v 0.02933082915842533 0.002561533357948065 0.019352246075868607
v 0.029330851510167122 0.0025615054182708263 0.02085224539041519
v 0.02933082915842533 0.002561533357948065 0.019352246075868607
v 0.030757220461964607 0.003699441207572818 0.02085224539041519
v 0.030757198110222816 0.0036994691472500563 0.019352246075868607
v 0.030757220461964607 0.003699441207572818 0.02085224539041519
v 0.030757198110222816 0.0036994691472500563 0.019352246075868607
v 0.03253606706857681 0.00410580774769187 0.02085222862660885
v 0.03253604471683502 0.004105835687369108 0.019352227449417114
v 0.016036847606301308 2.664848352651461e-06 0.02085239253938198
v 0.01453946903347969 0.000914715463295579 0.020852429792284966
v 0.01637154631316662 0.0012527286307886243 0.020852411165833473
v 0.015330852009356022 0.002558838576078415 0.020852450281381607
v 0.017286434769630432 0.0021679664496332407 0.02085241489112377
v 0.016757220029830933 0.0036967743653804064 0.020852450281381607
v 0.018536370247602463 0.00250314106233418 0.020852401852607727
v 0.01853606477379799 0.004103140905499458 0.020852431654930115
v 0.01978643424808979 0.002168442588299513 0.020852377638220787
v 0.02031506784260273 0.003697452135384083 0.02085239812731743
v 0.02070167288184166 0.0012535534333437681 0.0208523478358984
v 0.021741868928074837 0.0025600597728043795 0.020852357149124146
v 0.021036848425865173 3.6172821182844928e-06 0.02085231803357601
v 0.022533876821398735 0.0009162382921203971 0.020852314308285713
v 0.02253422513604164 -0.0009084333432838321 0.020852280780673027
v 0.020702149718999863 -0.0012464465107768774 0.02085230126976967
v 0.021742843091487885 -0.002552556339651346 0.020852260291576385
v 0.0197872593998909 -0.002161684213206172 0.02085229754447937
v 0.0203164741396904 -0.0036904923617839813 0.020852260291576385
v 0.01853732205927372 -0.002496858825907111 0.020852308720350266
v 0.018537627533078194 -0.00409685866907239 0.020852278918027878
v 0.01728725992143154 -0.002162160584703088 0.020852332934737206
v 0.01675862818956375 -0.003691169898957014 0.020852312445640564
v 0.01637202315032482 -0.0012472713133320212 0.020852362737059593
v 0.015331825241446495 -0.0025537777692079544 0.020852353423833847
v 0.014539816416800022 -0.0009099561721086502 0.02085239626467228
v 0.01853606477379799 0.004103140905499458 0.020852431654930115
v 0.018536044284701347 0.004103168845176697 0.01935243234038353
v 0.02031506784260273 0.003697452135384083 0.02085239812731743
v 0.02031504549086094 0.0036974800750613213 0.019352398812770844
v 0.02031506784260273 0.003697452135384083 0.02085239812731743
v 0.02031504549086094 0.0036974800750613213 0.019352398812770844
v 0.021741868928074837 0.0025600597728043795 0.020852357149124146
v 0.021741848438978195 0.0025600879453122616 0.01935235597193241
v 0.021741868928074837 0.0025600597728043795 0.020852357149124146
v 0.021741848438978195 0.0025600879453122616 0.01935235597193241
v 0.022533876821398735 0.0009162382921203971 0.020852314308285713
v 0.022533856332302094 0.0009162663482129574 0.019352314993739128
v 0.022533876821398735 0.0009162382921203971 0.020852314308285713
v 0.022533856332302094 0.0009162663482129574 0.019352314993739128
v 0.02253422513604164 -0.0009084333432838321 0.020852280780673027
v 0.02253420278429985 -0.0009084052871912718 0.019352279603481293
v 0.02253422513604164 -0.0009084333432838321 0.020852280780673027
v 0.02253420278429985 -0.0009084052871912718 0.019352279603481293
v 0.021742843091487885 -0.002552556339651346 0.020852260291576385
v 0.021742820739746094 -0.0025525283999741077 0.0193522609770298
v 0.021742843091487885 -0.002552556339651346 0.020852260291576385
v 0.021742820739746094 -0.0025525283999741077 0.0193522609770298
v 0.0203164741396904 -0.0036904923617839813 0.020852260291576385
v 0.020316453650593758 -0.003690464189276099 0.0193522609770298
v 0.0203164741396904 -0.0036904923617839813 0.020852260291576385
v 0.020316453650593758 -0.003690464189276099 0.0193522609770298
v 0.018537627533078194 -0.00409685866907239 0.020852278918027878
v 0.018537605181336403 -0.004096830729395151 0.019352279603481293
v 0.018537627533078194 -0.00409685866907239 0.020852278918027878
v 0.018537605181336403 -0.004096830729395151 0.019352279603481293
v 0.01675862818956375 -0.003691169898957014 0.020852312445640564
v 0.01675860583782196 -0.0036911419592797756 0.01935231313109398
v 0.01675862818956375 -0.003691169898957014 0.020852312445640564
v 0.01675860583782196 -0.0036911419592797756 0.01935231313109398
v 0.015331825241446495 -0.0025537777692079544 0.020852353423833847
v 0.015331803821027279 -0.0025537495967000723 0.019352354109287262
v 0.015331825241446495 -0.0025537777692079544 0.020852353423833847
v 0.015331803821027279 -0.0025537495967000723 0.019352354109287262
v 0.014539816416800022 -0.0009099561721086502 0.02085239626467228
v 0.014539794996380806 -0.0009099281160160899 0.019352396950125694
v 0.014539816416800022 -0.0009099561721086502 0.02085239626467228
v 0.014539794996380806 -0.0009099281160160899 0.019352396950125694
v 0.01453946903347969 0.000914715463295579 0.020852429792284966
v 0.0145394466817379 0.0009147435193881392 0.01935243047773838
v 0.01453946903347969 0.000914715463295579 0.020852429792284966
v 0.0145394466817379 0.0009147435193881392 0.01935243047773838
v 0.015330852009356022 0.002558838576078415 0.020852450281381607
v 0.015330829657614231 0.0025588665157556534 0.019352449104189873
v 0.015330852009356022 0.002558838576078415 0.020852450281381607
v 0.015330829657614231 0.0025588665157556534 0.019352449104189873
v 0.016757220029830933 0.0036967743653804064 0.020852450281381607
v 0.016757197678089142 0.0036968025378882885 0.019352450966835022
v 0.016757220029830933 0.0036967743653804064 0.020852450281381607
v 0.016757197678089142 0.0036968025378882885 0.019352450966835022
v 0.01853606477379799 0.004103140905499458 0.020852431654930115
v 0.018536044284701347 0.004103168845176697 0.01935243234038353
v 0.028039894998073578 -0.015995049849152565 0.020851917564868927
v 0.029537273570895195 -0.01690709963440895 0.020851878449320793
v 0.027705196291208267 -0.017245111986994743 0.020851898938417435
v 0.02874588966369629 -0.01855122298002243 0.0208518598228693
v 0.026790305972099304 -0.018160350620746613 0.020851895213127136
v 0.027319522574543953 -0.019689159467816353 0.0208518598228693
v 0.025540372356772423 -0.018495526164770126 0.02085190825164318
v 0.025540675967931747 -0.020095525309443474 0.020851876586675644
v 0.024290306493639946 -0.018160825595259666 0.02085193246603012
v 0.023761676624417305 -0.019689837470650673 0.02085191011428833
v 0.023375069722533226 -0.017245937138795853 0.02085196226835251
v 0.0223348718136549 -0.018552443012595177 0.020851952955126762
v 0.023039894178509712 -0.015996001660823822 0.020851990208029747
v 0.021542863920331 -0.016908621415495872 0.020851995795965195
v 0.021542517468333244 -0.015083950944244862 0.02085202932357788
v 0.023374592885375023 -0.014745937660336494 0.02085200883448124
v 0.022333899512887 -0.013439827598631382 0.020852047950029373
v 0.024289483204483986 -0.0138306999579072 0.020852012559771538
v 0.023760268464684486 -0.012301892042160034 0.020852049812674522
v 0.025539418682456017 -0.01349552534520626 0.020852001383900642
v 0.025539115071296692 -0.011895525269210339 0.02085203118622303
v 0.026789482682943344 -0.013830224052071571 0.020851977169513702
v 0.027318114414811134 -0.012301214039325714 0.020851997658610344
v 0.027704719454050064 -0.014745112508535385 0.020851945504546165
v 0.02874491550028324 -0.013438606634736061 0.02085195481777191
v 0.029536927118897438 -0.015082428231835365 0.02085191383957863
v 0.025539115071296692 -0.011895525269210339 0.02085203118622303
v 0.0255390927195549 -0.0118954973295331 0.019352030009031296
v 0.027318114414811134 -0.012301214039325714 0.020851997658610344
v 0.027318092063069344 -0.012301186099648476 0.01935199648141861
v 0.027318114414811134 -0.012301214039325714 0.020851997658610344
v 0.027318092063069344 -0.012301186099648476 0.01935199648141861
v 0.02874491550028324 -0.013438606634736061 0.02085195481777191
v 0.0287448950111866 -0.013438578695058823 0.019351955503225327
v 0.02874491550028324 -0.013438606634736061 0.02085195481777191
v 0.0287448950111866 -0.013438578695058823 0.019351955503225327
v 0.029536927118897438 -0.015082428231835365 0.02085191383957863
v 0.029536904767155647 -0.015082400292158127 0.019351912662386894
v 0.029536927118897438 -0.015082428231835365 0.02085191383957863
v 0.029536904767155647 -0.015082400292158127 0.019351912662386894
v 0.029537273570895195 -0.01690709963440895 0.020851878449320793
v 0.029537251219153404 -0.016907071694731712 0.019351879134774208
v 0.029537273570895195 -0.01690709963440895 0.020851878449320793
v 0.029537251219153404 -0.016907071694731712 0.019351879134774208
v 0.02874588966369629 -0.01855122298002243 0.0208518598228693
v 0.028745869174599648 -0.018551195040345192 0.019351860508322716
v 0.02874588966369629 -0.01855122298002243 0.0208518598228693
v 0.028745869174599648 -0.018551195040345192 0.019351860508322716
v 0.027319522574543953 -0.019689159467816353 0.0208518598228693
v 0.027319500222802162 -0.019689131528139114 0.019351858645677567
v 0.027319522574543953 -0.019689159467816353 0.0208518598228693
v 0.027319500222802162 -0.019689131528139114 0.019351858645677567
v 0.025540675967931747 -0.020095525309443474 0.020851876586675644
v 0.025540653616189957 -0.020095497369766235 0.01935187727212906
v 0.025540675967931747 -0.020095525309443474 0.020851876586675644
v 0.025540653616189957 -0.020095497369766235 0.01935187727212906
v 0.023761676624417305 -0.019689837470650673 0.02085191011428833
v 0.023761654272675514 -0.019689807668328285 0.019351910799741745
v 0.023761676624417305 -0.019689837470650673 0.02085191011428833
v 0.023761654272675514 -0.019689807668328285 0.019351910799741745
v 0.0223348718136549 -0.018552443012595177 0.020851952955126762
v 0.022334851324558258 -0.018552415072917938 0.019351953640580177
v 0.0223348718136549 -0.018552443012595177 0.020851952955126762
v 0.022334851324558258 -0.018552415072917938 0.019351953640580177
v 0.021542863920331 -0.016908621415495872 0.020851995795965195
v 0.02154284343123436 -0.016908593475818634 0.01935199461877346
v 0.021542863920331 -0.016908621415495872 0.020851995795965195
v 0.02154284343123436 -0.016908593475818634 0.01935199461877346
v 0.021542517468333244 -0.015083950944244862 0.02085202932357788
v 0.021542495116591454 -0.015083923004567623 0.019352030009031296
v 0.021542517468333244 -0.015083950944244862 0.02085202932357788
v 0.021542495116591454 -0.015083923004567623 0.019352030009031296
v 0.022333899512887 -0.013439827598631382 0.020852047950029373
v 0.02233387716114521 -0.013439799658954144 0.019352048635482788
v 0.022333899512887 -0.013439827598631382 0.020852047950029373
v 0.02233387716114521 -0.013439799658954144 0.019352048635482788
v 0.023760268464684486 -0.012301892042160034 0.020852049812674522
v 0.023760246112942696 -0.012301864102482796 0.019352048635482788
v 0.023760268464684486 -0.012301892042160034 0.020852049812674522
v 0.023760246112942696 -0.012301864102482796 0.019352048635482788
v 0.025539115071296692 -0.011895525269210339 0.02085203118622303
v 0.0255390927195549 -0.0118954973295331 0.019352030009031296
v -0.03499952703714371 -0.001013428089208901 0.019353117793798447
v -0.03499942272901535 -0.0010135589400306344 0.02635311707854271
v -0.03499971702694893 -7.028887921478599e-06 0.01935313642024994
v -0.03499980643391609 0.0009992393897846341 0.026353154331445694
v -0.03499991074204445 0.0009993702406063676 0.01935315504670143
v -0.025404244661331177 0.0149946678429842 0.026353277266025543
v -0.025404347106814384 0.01499479915946722 0.01935327611863613
v -0.028390957042574883 0.01343546248972416 0.026353290304541588
v -0.028390957042574883 0.01343546248972416 0.026353290304541588
v -0.025404347106814384 0.01499479915946722 0.01935327611863613
v -0.028581425547599792 0.01330497395247221 0.019353291019797325
v -0.028390957042574883 0.01343546248972416 0.026353290304541588
v -0.028581425547599792 0.01330497395247221 0.019353291019797325
v -0.028581323102116585 0.01330484263598919 0.026353292167186737
v -0.028581323102116585 0.01330484263598919 0.026353292167186737
v -0.028581425547599792 0.01330497395247221 0.019353291019797325
v -0.031264614313840866 0.010907093062996864 0.019353285431861877
v -0.028581323102116585 0.01330484263598919 0.026353292167186737
v -0.031264614313840866 0.010907093062996864 0.019353285431861877
v -0.031149430200457573 0.011036334559321404 0.02635328657925129
v -0.031149430200457573 0.011036334559321404 0.02635328657925129
v -0.031264614313840866 0.010907093062996864 0.019353285431861877
v -0.03329949453473091 0.007939161732792854 0.019353259354829788
v -0.031149430200457573 0.011036334559321404 0.02635328657925129
v -0.03329949453473091 0.007939161732792854 0.019353259354829788
v -0.03324561193585396 0.008041173219680786 0.0263532605022192
v -0.03324561193585396 0.008041173219680786 0.0263532605022192
v -0.03329949453473091 0.007939161732792854 0.019353259354829788
v -0.034568943083286285 0.004571990575641394 0.019353214651346207
v -0.03324561193585396 0.008041173219680786 0.0263532605022192
v -0.034568943083286285 0.004571990575641394 0.019353214651346207
v -0.03455499932169914 0.0046278927475214005 0.02635321579873562
v -0.03455499932169914 0.0046278927475214005 0.02635321579873562
v -0.034568943083286285 0.004571990575641394 0.019353214651346207
v -0.03499991074204445 0.0009993702406063676 0.01935315504670143
v -0.03455499932169914 0.0046278927475214005 0.02635321579873562
v -0.03499991074204445 0.0009993702406063676 0.01935315504670143
v -0.03499980643391609 0.0009992393897846341 0.026353154331445694
v -0.03499942272901535 -0.0010135589400306344 0.02635311707854271
v -0.03499952703714371 -0.001013428089208901 0.019353117793798447
v -0.034567199647426605 -0.004585884045809507 0.019353043287992477
v -0.03499942272901535 -0.0010135589400306344 0.02635311707854271
v -0.034567199647426605 -0.004585884045809507 0.019353043287992477
v -0.03455323353409767 -0.004642042331397533 0.02635304257273674
v -0.03455323353409767 -0.004642042331397533 0.02635304257273674
v -0.034567199647426605 -0.004585884045809507 0.019353043287992477
v -0.03329646587371826 -0.007952570915222168 0.01935296319425106
v -0.03455323353409767 -0.004642042331397533 0.02635304257273674
v -0.03329646587371826 -0.007952570915222168 0.01935296319425106
v -0.033242546021938324 -0.0080548245459795 0.026352960616350174
v -0.033242546021938324 -0.0080548245459795 0.026352960616350174
v -0.03329646587371826 -0.007952570915222168 0.01935296319425106
v -0.03126045688986778 -0.010919727385044098 0.019352877512574196
v -0.033242546021938324 -0.0080548245459795 0.026352960616350174
v -0.03126045688986778 -0.010919727385044098 0.019352877512574196
v -0.03114522248506546 -0.011049186810851097 0.02635287307202816
v -0.03114522248506546 -0.011049186810851097 0.02635287307202816
v -0.03126045688986778 -0.010919727385044098 0.019352877512574196
v -0.028576353564858437 -0.013316585682332516 0.01935279369354248
v -0.03114522248506546 -0.011049186810851097 0.02635287307202816
v -0.028576353564858437 -0.013316585682332516 0.01935279369354248
v -0.028576252982020378 -0.013316716067492962 0.026352792978286743
v -0.028576252982020378 -0.013316716067492962 0.026352792978286743
v -0.028576353564858437 -0.013316585682332516 0.01935279369354248
v -0.028385836631059647 -0.013447263278067112 0.026352789252996445
v -0.028385836631059647 -0.013447263278067112 0.026352789252996445
v -0.028576353564858437 -0.013316585682332516 0.01935279369354248
v -0.025398632511496544 -0.015005200169980526 0.019352715462446213
v -0.028385836631059647 -0.013447263278067112 0.026352789252996445
v -0.025398632511496544 -0.015005200169980526 0.019352715462446213
v -0.025398530066013336 -0.015005330555140972 0.026352716609835625
v 0.037522897124290466 -0.02399330772459507 0.024351630359888077
v 0.03254146873950958 -0.023994257673621178 0.024351703003048897
v 0.03752293437719345 -0.0239933542907238 0.026851629838347435
v 0.020513368770480156 -0.023996548727154732 0.024351878091692924
v 0.011241065338253975 -0.023998361080884933 0.026852013543248177
v 0.01421336829662323 -0.023997748270630836 0.024351969361305237
v 0.011241029016673565 -0.023998314514756203 0.02435201220214367
v 0.011241065338253975 -0.023998361080884933 0.026852013543248177
v 0.011241029016673565 -0.023998314514756203 0.02435201220214367
v 0.006518768612295389 -0.02568631060421467 0.02685205079615116
v 0.006518732290714979 -0.025686264038085938 0.024352049455046654
v 0.006518768612295389 -0.02568631060421467 0.02685205079615116
v 0.006518732290714979 -0.025686264038085938 0.024352049455046654
v 0.001563032972626388 -0.026454389095306396 0.026852108538150787
v 0.0015629965346306562 -0.026454342529177666 0.02435210905969143
v 0.001563032972626388 -0.026454389095306396 0.026852108538150787
v 0.0015629965346306562 -0.026454342529177666 0.02435210905969143
v -0.003448664443567395 -0.026275090873241425 0.026852184906601906
v -0.003448700997978449 -0.026275042444467545 0.024352185428142548
v -0.003448664443567395 -0.026275090873241425 0.026852184906601906
v -0.003448700997978449 -0.026275042444467545 0.024352185428142548
v -0.008336842991411686 -0.025154834613204002 0.026852278038859367
v -0.00833688024431467 -0.02515478804707527 0.02435227669775486
v -0.008336842991411686 -0.025154834613204002 0.026852278038859367
v -0.00833688024431467 -0.02515478804707527 0.02435227669775486
v -0.012926445342600346 -0.023133745416998863 0.026852382346987724
v -0.012926481664180756 -0.023133698850870132 0.024352381005883217
v -0.012926445342600346 -0.023133745416998863 0.026852382346987724
v -0.012926481664180756 -0.023133698850870132 0.024352381005883217
v -0.017053106799721718 -0.020284196361899376 0.026852495968341827
v -0.017053144052624702 -0.020284149795770645 0.02435249462723732
v -0.017053106799721718 -0.020284196361899376 0.026852495968341827
v -0.017053144052624702 -0.020284149795770645 0.02435249462723732
v -0.02056904137134552 -0.016708238050341606 0.02685261331498623
v -0.020569076761603355 -0.016708191484212875 0.02435261383652687
v -0.02056904137134552 -0.016708238050341606 0.02685261331498623
v -0.020569076761603355 -0.016708191484212875 0.02435261383652687
v -0.023348335176706314 -0.012533937580883503 0.02685273252427578
v -0.02334837056696415 -0.012533891014754772 0.024352731183171272
v -0.023348335176706314 -0.012533937580883503 0.02685273252427578
v -0.02334837056696415 -0.012533891014754772 0.024352731183171272
v -0.026173030957579613 -0.011300827376544476 0.026852795854210854
v -0.026173066347837448 -0.01130077987909317 0.024352796375751495
v -0.026173030957579613 -0.011300827376544476 0.026852795854210854
v -0.026173066347837448 -0.01130077987909317 0.024352796375751495
v -0.02859046310186386 -0.009388891980051994 0.026852866634726524
v -0.028590500354766846 -0.009388845413923264 0.024352867156267166
v -0.02859046310186386 -0.009388891980051994 0.026852866634726524
v -0.028590500354766846 -0.009388845413923264 0.024352867156267166
v -0.030441153794527054 -0.006924260873347521 0.026852941140532494
v -0.03044119104743004 -0.00692421430721879 0.024352939799427986
v -0.030441153794527054 -0.006924260873347521 0.026852941140532494
v -0.03044119104743004 -0.00692421430721879 0.024352939799427986
v -0.031603023409843445 -0.0040695215575397015 0.026853010058403015
v -0.03160306066274643 -0.004069474991410971 0.024353010579943657
v -0.031603023409843445 -0.0040695215575397015 0.026853010058403015
v -0.03160306066274643 -0.004069474991410971 0.024353010579943657
v -0.031999412924051285 -0.0010129967704415321 0.02685307338833809
v -0.03199945017695427 -0.0010129500878974795 0.02435307390987873
v -0.031999796628952026 0.0009998014429584146 0.026853110641241074
v -0.031999412924051285 -0.0010129967704415321 0.02685307338833809
v -0.03199983388185501 0.000999848241917789 0.024353111162781715
v -0.03199945017695427 -0.0010129500878974795 0.02435307390987873
v -0.031999796628952026 0.0009998014429584146 0.026853110641241074
v -0.03199983388185501 0.000999848241917789 0.024353111162781715
v -0.031604573130607605 0.00405647698789835 0.026853162795305252
v -0.03160460665822029 0.004056524019688368 0.024353161454200745
v -0.031604573130607605 0.00405647698789835 0.026853162795305252
v -0.03160460665822029 0.004056524019688368 0.024353161454200745
v -0.030443789437413216 0.0069116586819291115 0.026853200048208237
v -0.0304438266903162 0.0069117057137191296 0.02435319870710373
v -0.030443789437413216 0.0069116586819291115 0.026853200048208237
v -0.0304438266903162 0.0069117057137191296 0.02435319870710373
v -0.028594037517905235 0.009376995265483856 0.02685321867465973
v -0.02859407477080822 0.009377041831612587 0.02435321733355522
v -0.028594037517905235 0.009376995265483856 0.02685321867465973
v -0.02859407477080822 0.009377041831612587 0.02435321733355522
v -0.026177333667874336 0.011289850808680058 0.02685321867465973
v -0.02617737092077732 0.011289897374808788 0.02435321919620037
v -0.026177333667874336 0.011289850808680058 0.02685321867465973
v -0.02617737092077732 0.011289897374808788 0.02435321919620037
v -0.023353107273578644 0.01252403762191534 0.026853200048208237
v -0.02335314452648163 0.012524084188044071 0.02435320056974888
v -0.023353107273578644 0.01252403762191534 0.026853200048208237
v -0.02335314452648163 0.012524084188044071 0.02435320056974888
v -0.020575404167175293 0.016699396073818207 0.02685323916375637
v -0.020575441420078278 0.016699442639946938 0.024353237822651863
v -0.020575404167175293 0.016699396073818207 0.02685323916375637
v -0.020575441420078278 0.016699442639946938 0.024353237822651863
v -0.017060833051800728 0.020276693627238274 0.026853254064917564
v -0.017060870304703712 0.020276740193367004 0.024353252723813057
v -0.017060833051800728 0.020276693627238274 0.026853254064917564
v -0.017060870304703712 0.020276740193367004 0.024353252723813057
v -0.012935257516801357 0.023127814754843712 0.026853246614336967
v -0.012935293838381767 0.023127861320972443 0.02435324713587761
v -0.012935257516801357 0.023127814754843712 0.026853246614336967
v -0.012935293838381767 0.023127861320972443 0.02435324713587761
v -0.00834642630070448 0.02515065297484398 0.02685321867465973
v -0.00834646262228489 0.02515069954097271 0.02435321733355522
v -0.00834642630070448 0.02515065297484398 0.02685321867465973
v -0.00834646262228489 0.02515069954097271 0.02435321733355522
v -0.0034586740657687187 0.026272770017385483 0.0268531683832407
v -0.0034587106201797724 0.026272816583514214 0.024353167042136192
v -0.0034586740657687187 0.026272770017385483 0.0268531683832407
v -0.0034587106201797724 0.026272816583514214 0.024353167042136192
v 0.0015529546653851867 0.026453977450728416 0.02685309760272503
v 0.0015529182273894548 0.026454025879502296 0.02435309812426567
v 0.0015529546653851867 0.026453977450728416 0.02685309760272503
v 0.0015529182273894548 0.026454025879502296 0.02435309812426567
v 0.006508982740342617 0.02568778768181801 0.026853011921048164
v 0.00650894595310092 0.02568783424794674 0.024353010579943657
v 0.006508982740342617 0.02568778768181801 0.026853011921048164
v 0.00650894595310092 0.02568783424794674 0.024353010579943657
v 0.011231922544538975 0.02400163747370243 0.026852911338210106
v 0.011231886222958565 0.02400168403983116 0.0243529099971056
v 0.011231886222958565 0.02400168403983116 0.0243529099971056
v 0.01420422550290823 0.024002250283956528 0.024352867156267166
v 0.011231922544538975 0.02400163747370243 0.026852911338210106
v 0.02050422504544258 0.02400345169007778 0.024352775886654854
v 0.037513792514801025 0.024006644263863564 0.026852527633309364
v 0.03253232687711716 0.024005742743611336 0.024352600798010826
v 0.03751375526189804 0.024006690829992294 0.024352528154850006
v 0.0353720486164093 0.0256664901971817 0.026852590963244438
v 0.033494386821985245 0.026505878195166588 0.02685263380408287
v 0.011774562299251556 0.026501741260290146 0.02685295045375824
v 0.011231922544538975 0.02400163747370243 0.026852911338210106
v 0.037513792514801025 0.024006644263863564 0.026852527633309364
v 0.03744341805577278 0.024077698588371277 0.026852529495954514
v 0.03350448235869408 -0.026494119316339493 0.02685164287686348
v 0.035381823778152466 -0.025654016062617302 0.026851629838347435
v 0.011241065338253975 -0.023998361080884933 0.026852013543248177
v 0.037452589720487595 -0.024064436554908752 0.026851629838347435
v 0.03752293437719345 -0.0239933542907238 0.026851629838347435
v 0.006508982740342617 0.02568778768181801 0.026853011921048164
v 0.0075255283154547215 0.028006145730614662 0.026853039860725403
v 0.0015529546653851867 0.026453977450728416 0.02685309760272503
v 0.0028417001012712717 0.028859971091151237 0.026853123679757118
v -0.0034586740657687187 0.026272770017385483 0.0268531683832407
v -0.001918709371238947 0.028935927897691727 0.02685319446027279
v -0.00834642630070448 0.02515065297484398 0.02685321867465973
v -0.008336842991411686 -0.025154834613204002 0.026852278038859367
v -0.006616637576371431 -0.02823549695312977 0.026852194219827652
v -0.003448664443567395 -0.026275090873241425 0.026852184906601906
v -0.0019076851895079017 -0.02893766202032566 0.026852112263441086
v 0.001563032972626388 -0.026454389095306396 0.026852108538150787
v 0.0028526948299258947 -0.02885989099740982 0.026852045208215714
v 0.006518768612295389 -0.02568631060421467 0.02685205079615116
v 0.007536197546869516 -0.028004281222820282 0.026851993054151535
v 0.011784658767282963 -0.026498258113861084 0.02685195952653885
v -0.006627393886446953 0.028231969103217125 0.026853250339627266
v -0.011157440952956676 0.0267670676112175 0.0268532894551754
v -0.012935257516801357 0.023127814754843712 0.026853246614336967
v -0.015386754646897316 0.024580705910921097 0.02685330994427204
v -0.017060833051800728 0.020276693627238274 0.026853254064917564
v -0.01920134201645851 0.02173181250691414 0.02685331180691719
v -0.020575404167175293 0.016699396073818207 0.02685323916375637
v -0.022498389706015587 0.01829717308282852 0.026853296905755997
v -0.023353107273578644 0.01252403762191534 0.026853200048208237
v -0.025062039494514465 0.014589718542993069 0.02685326524078846
v -0.026177333667874336 0.011289850808680058 0.02685321867465973
v -0.02811124548316002 0.013021007180213928 0.026853280141949654
v -0.028594037517905235 0.009376995265483856 0.02685321867465973
v -0.030777769163250923 0.010701850056648254 0.026853274554014206
v -0.030443789437413216 0.0069116586819291115 0.026853200048208237
v -0.03280407935380936 0.007806528825312853 0.026853250339627266
v -0.031604573130607605 0.00405647698789835 0.026853162795305252
v -0.03406982123851776 0.004507023375481367 0.026853207498788834
v -0.031999796628952026 0.0009998014429584146 0.026853110641241074
v -0.034499797970056534 0.0009993253042921424 0.026853147894144058
v -0.031999412924051285 -0.0010129967704415321 0.02685307338833809
v -0.03449941426515579 -0.0010134730255231261 0.026853110641241074
v -0.031603023409843445 -0.0040695215575397015 0.026853010058403015
v -0.03406810015439987 -0.0045210071839392185 0.026853037998080254
v -0.030441153794527054 -0.006924260873347521 0.026852941140532494
v -0.032801102846860886 -0.007820029743015766 0.026852957904338837
v -0.02859046310186386 -0.009388891980051994 0.026852866634726524
v -0.030773689970374107 -0.010714579373598099 0.02685287408530712
v -0.026173030957579613 -0.011300827376544476 0.026852795854210854
v -0.028106283396482468 -0.013032720424234867 0.026852792128920555
v -0.023348335176706314 -0.012533937580883503 0.02685273252427578
v -0.02505647949874401 -0.014600269496440887 0.026852717623114586
v -0.02056904137134552 -0.016708238050341606 0.02685261331498623
v -0.022491415962576866 -0.01830674707889557 0.02685261145234108
v -0.017053106799721718 -0.020284196361899376 0.026852495968341827
v -0.01919306069612503 -0.021740131080150604 0.026852499693632126
v -0.012926445342600346 -0.023133745416998863 0.026852382346987724
v -0.015377389267086983 -0.024587569758296013 0.02685238979756832
v -0.011147242970764637 -0.02677232027053833 0.026852287352085114
v 0.03296004235744476 0.026665037497878075 0.02669338509440422
v 0.031677063554525375 0.02691998891532421 0.026438219472765923
v 0.030371783301234245 0.02700529433786869 0.026352688670158386
v 0.01188010536134243 0.027001772075891495 0.026352956891059875
v 0.011774562299251556 0.026501741260290146 0.02685295045375824
v 0.033494386821985245 0.026505878195166588 0.02685263380408287
v 0.030371783301234245 0.02700529433786869 0.026352688670158386
v 0.03296004235744476 0.026665037497878075 0.02669338509440422
v -0.022886306047439575 0.018612658604979515 0.02635330706834793
v -0.025404244661331177 0.0149946678429842 0.026353277266025543
v -0.025062039494514465 0.014589718542993069 0.02685326524078846
v 0.0075255283154547215 0.028006145730614662 0.026853039860725403
v 0.011774562299251556 0.026501741260290146 0.02685295045375824
v 0.01188010536134243 0.027001772075891495 0.026352956891059875
v -0.025062039494514465 0.014589718542993069 0.02685326524078846
v -0.022498389706015587 0.01829717308282852 0.026853296905755997
v -0.022886306047439575 0.018612658604979515 0.02635330706834793
v -0.022886306047439575 0.018612658604979515 0.02635330706834793
v -0.022498389706015587 0.01829717308282852 0.026853296905755997
v -0.01920134201645851 0.02173181250691414 0.02685331180691719
v -0.01953241229057312 0.022106515243649483 0.026353323832154274
v -0.01953241229057312 0.022106515243649483 0.026353323832154274
v -0.01920134201645851 0.02173181250691414 0.02685331180691719
v -0.015386754646897316 0.024580705910921097 0.02685330994427204
v -0.01565205678343773 0.02500452846288681 0.026353321969509125
v -0.01565205678343773 0.02500452846288681 0.026353321969509125
v -0.015386754646897316 0.024580705910921097 0.02685330994427204
v -0.011157440952956676 0.0267670676112175 0.0268532894551754
v -0.01134982518851757 0.02722858637571335 0.026353301480412483
v -0.01134982518851757 0.02722858637571335 0.026353301480412483
v -0.011157440952956676 0.0267670676112175 0.0268532894551754
v -0.006627393886446953 0.028231969103217125 0.026853250339627266
v -0.00674167275428772 0.028718745335936546 0.0263532605022192
v -0.00674167275428772 0.028718745335936546 0.0263532605022192
v -0.006627393886446953 0.028231969103217125 0.026853250339627266
v -0.001918709371238947 0.028935927897691727 0.02685319446027279
v -0.001951804501004517 0.029434842988848686 0.026353204622864723
v -0.001951804501004517 0.029434842988848686 0.026353204622864723
v -0.001918709371238947 0.028935927897691727 0.02685319446027279
v 0.0028417001012712717 0.028859971091151237 0.026853123679757118
v 0.00289068091660738 0.02935757488012314 0.026353131979703903
v 0.00289068091660738 0.02935757488012314 0.026353131979703903
v 0.0028417001012712717 0.028859971091151237 0.026853123679757118
v 0.0075255283154547215 0.028006145730614662 0.026853039860725403
v 0.007655264809727669 0.02848902903497219 0.02635304629802704
v 0.007655264809727669 0.02848902903497219 0.02635304629802704
v 0.0075255283154547215 0.028006145730614662 0.026853039860725403
v 0.01188010536134243 0.027001772075891495 0.026352956891059875
v -0.02811124548316002 0.013021007180213928 0.026853280141949654
v -0.025062039494514465 0.014589718542993069 0.02685326524078846
v -0.025404244661331177 0.0149946678429842 0.026353277266025543
v -0.025404244661331177 0.0149946678429842 0.026353277266025543
v -0.028390957042574883 0.01343546248972416 0.026353290304541588
v -0.02811124548316002 0.013021007180213928 0.026853280141949654
v -0.02811124548316002 0.013021007180213928 0.026853280141949654
v -0.028390957042574883 0.01343546248972416 0.026353290304541588
v -0.028581323102116585 0.01330484263598919 0.026353292167186737
v -0.02811124548316002 0.013021007180213928 0.026853280141949654
v -0.028581323102116585 0.01330484263598919 0.026353292167186737
v -0.030777769163250923 0.010701850056648254 0.026853274554014206
v -0.028581323102116585 0.01330484263598919 0.026353292167186737
v -0.031149430200457573 0.011036334559321404 0.02635328657925129
v -0.030777769163250923 0.010701850056648254 0.026853274554014206
v -0.030777769163250923 0.010701850056648254 0.026853274554014206
v -0.031149430200457573 0.011036334559321404 0.02635328657925129
v -0.03324561193585396 0.008041173219680786 0.0263532605022192
v -0.03280407935380936 0.007806528825312853 0.026853250339627266
v -0.03280407935380936 0.007806528825312853 0.026853250339627266
v -0.03324561193585396 0.008041173219680786 0.0263532605022192
v -0.03455499932169914 0.0046278927475214005 0.02635321579873562
v -0.03406982123851776 0.004507023375481367 0.026853207498788834
v -0.03406982123851776 0.004507023375481367 0.026853207498788834
v -0.03455499932169914 0.0046278927475214005 0.02635321579873562
v -0.03499980643391609 0.0009992393897846341 0.026353154331445694
v -0.034499797970056534 0.0009993253042921424 0.026853147894144058
v 0.011784658767282963 -0.026498258113861084 0.02685195952653885
v 0.011890391819179058 -0.026998229324817657 0.026351947337388992
v 0.030382070690393448 -0.02699470706284046 0.026351679116487503
v 0.03168731555342674 -0.026908908039331436 0.02643721178174019
v 0.032977402210235596 -0.026651544496417046 0.026694322004914284
v 0.03350448235869408 -0.026494119316339493 0.02685164287686348
v -0.03499942272901535 -0.0010135589400306344 0.02635311707854271
v -0.03449941426515579 -0.0010134730255231261 0.026853110641241074
v -0.03499980643391609 0.0009992393897846341 0.026353154331445694
v -0.034499797970056534 0.0009993253042921424 0.026853147894144058
v -0.022491415962576866 -0.01830674707889557 0.02685261145234108
v -0.02505647949874401 -0.014600269496440887 0.026852717623114586
v -0.025398530066013336 -0.015005330555140972 0.026352716609835625
v 0.00766611797735095 -0.02848709560930729 0.02635198086500168
v 0.011890391819179058 -0.026998229324817657 0.026351947337388992
v 0.011784658767282963 -0.026498258113861084 0.02685195952653885
v 0.011784658767282963 -0.026498258113861084 0.02685195952653885
v 0.007536197546869516 -0.028004281222820282 0.026851993054151535
v 0.00766611797735095 -0.02848709560930729 0.02635198086500168
v 0.00766611797735095 -0.02848709560930729 0.02635198086500168
v 0.007536197546869516 -0.028004281222820282 0.026851993054151535
v 0.0028526948299258947 -0.02885989099740982 0.026852045208215714
v 0.002901865169405937 -0.029357457533478737 0.026352034881711006
v 0.002901865169405937 -0.029357457533478737 0.026352034881711006
v 0.0028526948299258947 -0.02885989099740982 0.026852045208215714
v -0.0019076851895079017 -0.02893766202032566 0.026852112263441086
v -0.0019405903294682503 -0.029436569660902023 0.026352103799581528
v -0.0019405903294682503 -0.029436569660902023 0.026352103799581528
v -0.0019076851895079017 -0.02893766202032566 0.026852112263441086
v -0.006616637576371431 -0.02823549695312977 0.026852194219827652
v -0.00673073111101985 -0.02872229740023613 0.026352187618613243
v -0.00673073111101985 -0.02872229740023613 0.026352187618613243
v -0.006616637576371431 -0.02823549695312977 0.026852194219827652
v -0.011147242970764637 -0.02677232027053833 0.026852287352085114
v -0.011339450255036354 -0.027233893051743507 0.026352282613515854
v -0.011339450255036354 -0.027233893051743507 0.026352282613515854
v -0.011147242970764637 -0.02677232027053833 0.026852287352085114
v -0.015377389267086983 -0.024587569758296013 0.02685238979756832
v -0.015642529353499413 -0.025011476129293442 0.02635238692164421
v -0.015642529353499413 -0.025011476129293442 0.02635238692164421
v -0.015377389267086983 -0.024587569758296013 0.02685238979756832
v -0.01919306069612503 -0.021740131080150604 0.026852499693632126
v -0.019523989409208298 -0.022114939987659454 0.026352496817708015
v -0.019523989409208298 -0.022114939987659454 0.026352496817708015
v -0.01919306069612503 -0.021740131080150604 0.026852499693632126
v -0.022491415962576866 -0.01830674707889557 0.02685261145234108
v -0.022879213094711304 -0.01862236298620701 0.026352612301707268
v -0.022879213094711304 -0.01862236298620701 0.026352612301707268
v -0.022491415962576866 -0.01830674707889557 0.02685261145234108
v -0.025398530066013336 -0.015005330555140972 0.026352716609835625
v -0.025398530066013336 -0.015005330555140972 0.026352716609835625
v -0.02505647949874401 -0.014600269496440887 0.026852717623114586
v -0.028385836631059647 -0.013447263278067112 0.026352789252996445
v -0.028385836631059647 -0.013447263278067112 0.026352789252996445
v -0.02505647949874401 -0.014600269496440887 0.026852717623114586
v -0.028106283396482468 -0.013032720424234867 0.026852792128920555
v -0.028385836631059647 -0.013447263278067112 0.026352789252996445
v -0.028106283396482468 -0.013032720424234867 0.026852792128920555
v -0.028576252982020378 -0.013316716067492962 0.026352792978286743
v -0.028576252982020378 -0.013316716067492962 0.026352792978286743
v -0.028106283396482468 -0.013032720424234867 0.026852792128920555
v -0.030773689970374107 -0.010714579373598099 0.02685287408530712
v -0.028576252982020378 -0.013316716067492962 0.026352792978286743
v -0.030773689970374107 -0.010714579373598099 0.02685287408530712
v -0.03114522248506546 -0.011049186810851097 0.02635287307202816
v -0.03114522248506546 -0.011049186810851097 0.02635287307202816
v -0.030773689970374107 -0.010714579373598099 0.02685287408530712
v -0.032801102846860886 -0.007820029743015766 0.026852957904338837
v -0.033242546021938324 -0.0080548245459795 0.026352960616350174
v -0.033242546021938324 -0.0080548245459795 0.026352960616350174
v -0.032801102846860886 -0.007820029743015766 0.026852957904338837
v -0.03406810015439987 -0.0045210071839392185 0.026853037998080254
v -0.03455323353409767 -0.004642042331397533 0.02635304257273674
v -0.03455323353409767 -0.004642042331397533 0.02635304257273674
v -0.03406810015439987 -0.0045210071839392185 0.026853037998080254
v -0.03449941426515579 -0.0010134730255231261 0.026853110641241074
v -0.03499942272901535 -0.0010135589400306344 0.02635311707854271
v 0.039032887667417526 0.02200707420706749 0.019352467730641365
v 0.04003242403268814 0.01959536224603653 0.024352408945560455
v 0.04003235325217247 0.01959545537829399 0.01935240812599659
v 0.04003235325217247 0.01959545537829399 0.01935240812599659
v 0.04003242403268814 0.01959536224603653 0.024352408945560455
v 0.04037366062402725 0.017007237300276756 0.024352354928851128
v 0.04037358611822128 0.017007330432534218 0.019352354109287262
v 0.03744341805577278 0.024077698588371277 0.026852529495954514
v 0.037513792514801025 0.024006644263863564 0.026852527633309364
v 0.03751375526189804 0.024006690829992294 0.024352528154850006
v 0.03296004235744476 0.026665037497878075 0.02669338509440422
v 0.033494386821985245 0.026505878195166588 0.02685263380408287
v 0.032959938049316406 0.026665175333619118 0.019352642819285393
v 0.032959938049316406 0.026665175333619118 0.019352642819285393
v 0.033494386821985245 0.026505878195166588 0.02685263380408287
v 0.03537193685770035 0.025666629895567894 0.019352590665221214
v 0.030371682718396187 0.027005424723029137 0.019352687522768974
v 0.030371783301234245 0.02700529433786869 0.026352688670158386
v 0.032959938049316406 0.026665175333619118 0.019352642819285393
v 0.032959938049316406 0.026665175333619118 0.019352642819285393
v 0.030371783301234245 0.02700529433786869 0.026352688670158386
v 0.031677063554525375 0.02691998891532421 0.026438219472765923
v 0.032959938049316406 0.026665175333619118 0.019352642819285393
v 0.031677063554525375 0.02691998891532421 0.026438219472765923
v 0.03296004235744476 0.026665037497878075 0.02669338509440422
v 0.033494386821985245 0.026505878195166588 0.02685263380408287
v 0.0353720486164093 0.0256664901971817 0.026852590963244438
v 0.03537193685770035 0.025666629895567894 0.019352590665221214
v 0.03537193685770035 0.025666629895567894 0.019352590665221214
v 0.0353720486164093 0.0256664901971817 0.026852590963244438
v 0.03744341805577278 0.024077698588371277 0.026852529495954514
v 0.037443310022354126 0.02407783828675747 0.01935252919793129
v 0.037443310022354126 0.02407783828675747 0.01935252919793129
v 0.037443310022354126 0.02407783828675747 0.01935252919793129
v 0.03751375526189804 0.024006690829992294 0.024352528154850006
v 0.039032887667417526 0.02200707420706749 0.019352467730641365
v 0.039032887667417526 0.02200707420706749 0.019352467730641365
v 0.03751375526189804 0.024006690829992294 0.024352528154850006
v 0.039032962173223495 0.02200697921216488 0.02435246855020523
v 0.039032962173223495 0.02200697921216488 0.02435246855020523
v 0.030382070690393448 -0.02699470706284046 0.026351679116487503
v 0.03038196824491024 -0.026994574815034866 0.01935167796909809
v 0.03168731555342674 -0.026908908039331436 0.02643721178174019
v 0.03168731555342674 -0.026908908039331436 0.02643721178174019
v 0.03038196824491024 -0.026994574815034866 0.01935167796909809
v 0.03297009319067001 -0.026653340086340904 0.019351646304130554
v 0.03168731555342674 -0.026908908039331436 0.02643721178174019
v 0.03297009319067001 -0.026653340086340904 0.019351646304130554
v 0.032977402210235596 -0.026651544496417046 0.026694322004914284
v 0.039041344076395035 -0.021993018686771393 0.02435164526104927
v 0.037522897124290466 -0.02399330772459507 0.024351630359888077
v 0.03745247796177864 -0.02406429499387741 0.01935162954032421
v 0.03745247796177864 -0.02406429499387741 0.01935162954032421
v 0.039041269570589066 -0.02199292555451393 0.019351644441485405
v 0.039041344076395035 -0.021993018686771393 0.02435164526104927
v 0.039041344076395035 -0.021993018686771393 0.02435164526104927
v 0.039041269570589066 -0.02199292555451393 0.019351644441485405
v 0.04003981500864029 -0.01958092674612999 0.019351676106452942
v 0.04003988951444626 -0.01958101987838745 0.02435167506337166
v 0.04003988951444626 -0.01958101987838745 0.02435167506337166
v 0.04003981500864029 -0.01958092674612999 0.019351676106452942
v 0.04038006439805031 -0.01699267141520977 0.019351718947291374
v 0.04038013517856598 -0.016992764547467232 0.02435171976685524
v 0.032977402210235596 -0.026651544496417046 0.026694322004914284
v 0.03297009319067001 -0.026653340086340904 0.019351646304130554
v 0.03350448235869408 -0.026494119316339493 0.02685164287686348
v 0.03350448235869408 -0.026494119316339493 0.02685164287686348
v 0.03297009319067001 -0.026653340086340904 0.019351646304130554
v 0.03538171574473381 -0.02565387636423111 0.01935162954032421
v 0.03350448235869408 -0.026494119316339493 0.02685164287686348
v 0.03538171574473381 -0.02565387636423111 0.01935162954032421
v 0.035381823778152466 -0.025654016062617302 0.026851629838347435
v 0.035381823778152466 -0.025654016062617302 0.026851629838347435
v 0.03538171574473381 -0.02565387636423111 0.01935162954032421
v 0.03745247796177864 -0.02406429499387741 0.01935162954032421
v 0.037452589720487595 -0.024064436554908752 0.026851629838347435
v 0.037452589720487595 -0.024064436554908752 0.026851629838347435
v 0.03745247796177864 -0.02406429499387741 0.01935162954032421
v 0.037522897124290466 -0.02399330772459507 0.024351630359888077
v 0.03752293437719345 -0.0239933542907238 0.026851629838347435
v 0.014539132826030254 -0.0114977415651083 0.02735219895839691
v 0.014534751884639263 0.01150225568562746 0.027352629229426384
v 0.014531469903886318 0.028502313420176506 0.024352947250008583
v 0.014532621949911118 0.023925531655550003 0.043550267815589905
v 0.014532897621393204 0.022501947358250618 0.04385283589363098
v 0.014532933942973614 0.022501900792121887 0.04635283723473549
v 0.01453328225761652 0.02064780704677105 0.04605913907289505
v 0.014533163979649544 0.021078377962112427 0.043550215661525726
v 0.014533588662743568 0.018975211307406425 0.04520687088370323
v 0.014533375389873981 0.019900964573025703 0.04269474372267723
v 0.014533822424709797 0.017647845670580864 0.04387945309281349
v 0.01453396026045084 0.01679564081132412 0.04220683127641678
v 0.014533495530486107 0.01917329616844654 0.041434332728385925
v 0.014533989131450653 0.0165020152926445 0.040352724492549896
v 0.014533503912389278 0.01902119442820549 0.03998691961169243
v 0.014533886685967445 0.016502145677804947 0.033352721482515335
v 0.014533397741615772 0.019470959901809692 0.03860277682542801
v 0.014533910900354385 0.016257457435131073 0.03180763125419617
v 0.014541969634592533 -0.02552904188632965 0.03860193490982056
v 0.014541768468916416 -0.024555178359150887 0.0375203974545002
v 0.014542327262461185 -0.028497682884335518 0.024351879954338074
v 0.01454150676727295 -0.023225611075758934 0.036928463727235794
v 0.014541229233145714 -0.021770229563117027 0.03692848980426788
v 0.01454207580536604 -0.025978807359933853 0.039986077696084976
v 0.014542561024427414 -0.028497980907559395 0.040351882576942444
v 0.014542067423462868 -0.025826700031757355 0.04143349081277847
v 0.0145425321534276 -0.028204359114170074 0.042205989360809326
v 0.014541947282850742 -0.02509903348982334 0.04269390180706978
v 0.014534221030771732 0.014441145583987236 0.029307600110769272
v 0.014534026384353638 0.015547286719083786 0.030413778498768806
v 0.014532242901623249 0.02553313598036766 0.03860288858413696
v 0.014531703665852547 0.02850201353430748 0.040352948009967804
v 0.014532177709043026 0.025982849299907684 0.039987049996852875
v 0.014531786553561687 0.02820831723511219 0.04220704361796379
v 0.014532228000462055 0.025830691680312157 0.041434455662965775
v 0.01453197281807661 0.027356049045920372 0.043879635632038116
v 0.01453238446265459 0.025102978572249413 0.04269484058022499
v 0.014532244764268398 0.02602863498032093 0.04520700126886368
v 0.014532576315104961 0.02435600943863392 0.04605920985341072
v 0.014539445750415325 -0.013042851351201534 0.02859688736498356
v 0.014539147727191448 -0.011497760191559792 0.028352199122309685
v 0.014534766785800457 0.011502237059175968 0.028352629393339157
v 0.014534476213157177 0.013047318905591965 0.028597375378012657
v 0.014533196575939655 0.02044481784105301 0.03752123564481735
v 0.014532934874296188 0.02177438512444496 0.036929305642843246
v 0.014532657340168953 0.02322976663708687 0.036929331719875336
v 0.014532413333654404 0.02455931529402733 0.03752131387591362
v 0.014541193842887878 -0.02107447013258934 0.04354942962527275
v 0.01454081665724516 -0.018971364945173264 0.045206163078546524
v 0.014540956355631351 -0.01989702321588993 0.04269399866461754
v 0.014540544711053371 -0.01764395274221897 0.043878793716430664
v 0.014540799893438816 -0.019169308245182037 0.04143361374735832
v 0.014540358446538448 -0.016791678965091705 0.04220620170235634
v 0.014540749602019787 -0.01901714876294136 0.03998620808124542
v 0.014540275558829308 -0.016497988253831863 0.04035210609436035
v 0.01454081479460001 -0.019466862082481384 0.03860205039381981
v 0.0145401731133461 -0.016497856006026268 0.03335210308432579
v 0.014540985226631165 -0.020440684631466866 0.03752047196030617
v 0.014540104195475578 -0.01625310629606247 0.03180702403187752
v 0.014539948664605618 -0.015542883425951004 0.030413197353482246
v 0.014539721421897411 -0.014436704106628895 0.029307059943675995
v 0.014542394317686558 -0.02735215611755848 0.04387861117720604
v 0.01454216055572033 -0.02602478489279747 0.04520602896809578
v 0.014541735872626305 -0.023921627551317215 0.043549373745918274
v 0.01454185415059328 -0.024352191016077995 0.046058300882577896
v 0.014541469514369965 -0.022498050704598427 0.04385199397802353
v 0.014541505835950375 -0.022498097270727158 0.046351995319128036
v 0.014541148208081722 -0.020643992349505424 0.04605836793780327
v 0.016808120533823967 -0.016497423872351646 0.0333520732820034
v 0.0145401731133461 -0.016497856006026268 0.03335210308432579
v 0.016808222979307175 -0.016497556120157242 0.040352072566747665
v 0.014540275558829308 -0.016497988253831863 0.04035210609436035
v 0.03254084661602974 -0.019494453445076942 0.04035131260752678
v 0.03654084354639053 -0.019493691623210907 0.0403512567281723
v 0.03254092112183571 -0.01979156956076622 0.04165295884013176
v 0.0365409217774868 -0.019790807738900185 0.041652899235486984
v 0.03254092112183571 -0.01979156956076622 0.04165295884013176
v 0.0365409217774868 -0.019790807738900185 0.041652899235486984
v 0.032541096210479736 -0.020624026656150818 0.042696788907051086
v 0.03654109314084053 -0.020623264834284782 0.04269672930240631
v 0.032541096210479736 -0.020624026656150818 0.042696788907051086
v 0.03654109314084053 -0.020623264834284782 0.04269672930240631
v 0.03254133462905884 -0.021826941519975662 0.04327605292201042
v 0.03654133155941963 -0.021826179698109627 0.043275997042655945
v 0.03254133462905884 -0.021826941519975662 0.04327605292201042
v 0.03654133155941963 -0.021826179698109627 0.043275997042655945
v 0.03254158794879913 -0.02316206321120262 0.04327603057026863
v 0.03654158487915993 -0.023161301389336586 0.043275970965623856
v 0.03254158794879913 -0.02316206321120262 0.04327603057026863
v 0.03654158487915993 -0.023161301389336586 0.043275970965623856
v 0.03254180774092674 -0.024364963173866272 0.042696718126535416
v 0.036541808396577835 -0.024364201352000237 0.04269665852189064
v 0.03254180774092674 -0.024364963173866272 0.042696718126535416
v 0.036541808396577835 -0.024364201352000237 0.04269665852189064
v 0.03254195302724838 -0.025197383016347885 0.0416528582572937
v 0.03654194995760918 -0.02519662119448185 0.041652798652648926
v 0.03254195302724838 -0.025197383016347885 0.0416528582572937
v 0.03654194995760918 -0.02519662119448185 0.041652798652648926
v 0.03254199028015137 -0.025494450703263283 0.040351200848817825
v 0.03654198721051216 -0.025493688881397247 0.04035114496946335
v 0.03254199028015137 -0.025494450703263283 0.040351200848817825
v 0.03654198721051216 -0.025493688881397247 0.04035114496946335
v 0.0325419120490551 -0.025197334587574005 0.039049554616212845
v 0.03654191270470619 -0.02519657276570797 0.03904949873685837
v 0.0325419120490551 -0.025197334587574005 0.039049554616212845
v 0.03654191270470619 -0.02519657276570797 0.03904949873685837
v 0.03254174068570137 -0.024364875629544258 0.038005728274583817
v 0.036541737616062164 -0.024364113807678223 0.03800566866993904
v 0.03254174068570137 -0.024364875629544258 0.038005728274583817
v 0.036541737616062164 -0.024364113807678223 0.03800566866993904
v 0.03254150226712227 -0.023161953315138817 0.03742646053433418
v 0.03654150292277336 -0.02316119149327278 0.03742640092968941
v 0.03254150226712227 -0.023161953315138817 0.03742646053433418
v 0.03654150292277336 -0.02316119149327278 0.03742640092968941
v 0.03254124894738197 -0.021826831623911858 0.03742648661136627
v 0.03654124587774277 -0.021826069802045822 0.0374264270067215
v 0.03254124894738197 -0.021826831623911858 0.03742648661136627
v 0.03654124587774277 -0.021826069802045822 0.0374264270067215
v 0.032541029155254364 -0.020623939111828804 0.03800579905509949
v 0.03654102608561516 -0.02062317728996277 0.03800573945045471
v 0.032541029155254364 -0.020623939111828804 0.03800579905509949
v 0.03654102608561516 -0.02062317728996277 0.03800573945045471
v 0.032540883868932724 -0.01979152113199234 0.0390496589243412
v 0.036540884524583817 -0.019790759310126305 0.039049599319696426
v 0.032540883868932724 -0.01979152113199234 0.0390496589243412
v 0.036540884524583817 -0.019790759310126305 0.039049599319696426
v 0.03254084661602974 -0.019494453445076942 0.04035131260752678
v 0.03654084354639053 -0.019493691623210907 0.0403512567281723
v 0.01854119263589382 -0.021073708310723305 0.043549370020627975
v 0.01854095607995987 -0.019896261394023895 0.04269393905997276
v 0.01854068972170353 -0.018452193588018417 0.043290939182043076
v 0.018540535122156143 -0.017741970717906952 0.041897110641002655
v 0.018540799617767334 -0.019168546423316002 0.04143355414271355
v 0.018540464341640472 -0.017497219145298004 0.040352027863264084
v 0.018540749326348305 -0.019016386941075325 0.039986152201890945
v 0.018540363758802414 -0.017497088760137558 0.03335202857851982
v 0.01854194700717926 -0.025098271667957306 0.042693842202425
v 0.018542231991887093 -0.026542361825704575 0.04329078644514084
v 0.01854206807911396 -0.02582593820989132 0.0414334312081337
v 0.018542345613241196 -0.02725253254175186 0.04189693182706833
v 0.018542075529694557 -0.025978045538067818 0.0399860218167305
v 0.018542369827628136 -0.027497224509716034 0.04035184159874916
v 0.01854196935892105 -0.025528280064463615 0.03860187530517578
v 0.018542194738984108 -0.027497000992298126 0.028351841494441032
v 0.018540916964411736 -0.019558371976017952 0.04439707472920418
v 0.01854119263589382 -0.020952224731445312 0.045107245445251465
v 0.018541468307375908 -0.02249728888273239 0.043851934373378754
v 0.0185414906591177 -0.02249731682240963 0.04535193368792534
v 0.018541734665632248 -0.02392086572945118 0.0435493178665638
v 0.01854178123176098 -0.024042397737503052 0.04510718584060669
v 0.018542036414146423 -0.025436224415898323 0.044396962970495224
v 0.018539778888225555 -0.014813624322414398 0.028352079913020134
v 0.01853981614112854 -0.014996211044490337 0.02847810834646225
v 0.018540089949965477 -0.016337795183062553 0.029807062819600105
v 0.018540814518928528 -0.01946610026061535 0.038601990789175034
v 0.018540984019637108 -0.02043992280960083 0.03752041608095169
v 0.0185402799397707 -0.017199888825416565 0.031487178057432175
v 0.018541229888796806 -0.021769467741250992 0.03692843019962311
v 0.018541505560278893 -0.0232248492538929 0.03692840412259102
v 0.018541768193244934 -0.02455441653728485 0.03752033784985542
v 0.03353152796626091 0.028505858033895493 0.02835267037153244
v 0.016799475997686386 0.02850266918540001 0.02835291437804699
v 0.018531719222664833 0.02750300243496895 0.028352869674563408
v 0.019362229853868484 -0.0014257874572649598 0.028352318331599236
v 0.01853727176785469 -0.0016469958936795592 0.028352325782179832
v 0.01680709607899189 -0.01149732805788517 0.028352165594697
v 0.03253185749053955 0.026773614808917046 0.028352653607726097
v 0.016810335218906403 -0.028497325256466866 0.02835184894502163
v 0.033542387187480927 -0.02849413827061653 0.02835160493850708
v 0.018542194738984108 -0.027497000992298126 0.028351841494441032
v 0.03254205733537674 -0.026762284338474274 0.02835165150463581
v 0.030886957421898842 5.3547123570751864e-06 0.028352176770567894
v 0.0168027151376009 0.01150266919285059 0.02835259586572647
v 0.01936168409883976 0.0014320986811071634 0.028352370485663414
v 0.015534766018390656 0.011502427980303764 0.028352614492177963
v 0.015539146959781647 -0.01149757020175457 0.02835218422114849
v 0.016886956989765167 2.6878981316258432e-06 0.02835237979888916
v 0.017108172178268433 -0.000822272791992873 0.028352361172437668
v 0.017107857391238213 0.0008277253364212811 0.028352392837405205
v 0.017711684107780457 0.0014317844761535525 0.028352394700050354
v 0.01853664219379425 0.001653000246733427 0.028352387249469757
v 0.033361684530973434 0.0014347655232995749 0.028352167457342148
v 0.03553476557135582 0.011506237089633942 0.028352323919534683
v 0.032536644488573074 0.0016556670889258385 0.02835218235850334
v 0.03353476524353027 0.011505856178700924 0.02835235185921192
v 0.03171168267726898 0.0014344512019306421 0.028352191671729088
v 0.033539146184921265 -0.011494141072034836 0.02835192158818245
v 0.03553914651274681 -0.011493760161101818 0.02835189364850521
v 0.03336222842335701 -0.0014231206150725484 0.02835211344063282
v 0.01771222986280918 -0.0014261017786338925 0.028352340683341026
v 0.01996574178338051 0.0008282696944661438 0.028352349996566772
v 0.020186956971883774 3.316504262329545e-06 0.02835233137011528
v 0.031108170747756958 -0.0008196059498004615 0.0283521581441164
v 0.01996605657041073 -0.0008217283757403493 0.028352320194244385
v 0.03171222656965256 -0.0014234349364414811 0.02835213765501976
v 0.032537270337343216 -0.0016443290514871478 0.028352120891213417
v 0.017820294946432114 0.01399750355631113 0.028352627530694008
v 0.024105124175548553 0.015179063193500042 0.028352558612823486
v 0.018534135073423386 0.014819624833762646 0.028352633118629456
v 0.023883908987045288 0.01600402034819126 0.02835257723927498
v 0.024104809388518333 0.01682906039059162 0.028352590277791023
v 0.02696300856769085 0.015179607085883617 0.028352517634630203
v 0.031107855960726738 0.0008303921204060316 0.02835218794643879
v 0.017226094380021095 0.013085771352052689 0.02835262008011341
v 0.016918104141950607 0.012322173453867435 0.028352610766887665
v 0.025540318340063095 -0.017645664513111115 0.0283519234508276
v 0.024715276435017586 -0.01742476411163807 0.02835194021463394
v 0.024111218750476837 -0.016820933669805527 0.028351960703730583
v 0.018539778888225555 -0.014813624322414398 0.028352079913020134
v 0.023890003561973572 -0.01599598117172718 0.028351979330182076
v 0.017823604866862297 -0.013989160768687725 0.028352104127407074
v 0.024110905826091766 -0.015170936472713947 0.02835199050605297
v 0.017231078818440437 -0.013080265372991562 0.028352130204439163
v 0.025539688766002655 -0.014345668256282806 0.028351984918117523
v 0.02471473254263401 -0.01456687692552805 0.02835199423134327
v 0.02636527642607689 -0.01742444932460785 0.028351916000247
v 0.026969103142619133 -0.01682038977742195 0.02835191786289215
v 0.033965740352869034 0.0008309365366585553 0.028352146968245506
v 0.0341869555413723 5.983318260405213e-06 0.028352128341794014
v 0.0339660570025444 -0.0008190615917555988 0.02835211530327797
v 0.026359181851148605 0.014575548470020294 0.028352513909339905
v 0.025534221902489662 0.014354332350194454 0.02835252322256565
v 0.024709181860089302 0.014575233682990074 0.028352538123726845
v 0.01692168414592743 -0.012312809936702251 0.028352148830890656
v 0.026364732533693314 -0.014566563069820404 0.02835197001695633
v 0.026968790218234062 -0.015170391649007797 0.028351949527859688
v 0.033443745225667953 -0.01279190182685852 0.02835189923644066
v 0.024708636105060577 0.01743311993777752 0.028352592140436172
v 0.02553359419107437 0.017654331400990486 0.028352584689855576
v 0.02635863609611988 0.01743343472480774 0.028352567926049232
v 0.02696269378066063 0.016829606145620346 0.02835254743695259
v 0.032533906400203705 0.01601349376142025 0.02835245057940483
v 0.027183908969163895 0.016004648059606552 0.0283525288105011
v 0.03309962525963783 0.014350788667798042 0.028352411463856697
v 0.03343886882066727 0.012803584337234497 0.02835237793624401
v 0.02719000354409218 -0.01599535159766674 0.028351930901408195
v 0.03254000470042229 -0.01600215584039688 0.028351852670311928
v 0.033105090260505676 -0.014339235611259937 0.02835187502205372
v 0.0325419120490551 -0.025197334587574005 0.039049554616212845
v 0.03254205733537674 -0.026762284338474274 0.02835165150463581
v 0.03254199028015137 -0.025494450703263283 0.040351200848817825
v 0.03254223242402077 -0.02676250971853733 0.04035165160894394
v 0.03254195302724838 -0.025197383016347885 0.0416528582572937
v 0.032541096210479736 -0.020624026656150818 0.042696788907051086
v 0.03254079818725586 -0.019041758030653 0.04286043345928192
v 0.03254092112183571 -0.01979156956076622 0.04165295884013176
v 0.032540664076805115 -0.018435519188642502 0.041670676320791245
v 0.03254084661602974 -0.019494453445076942 0.04035131260752678
v 0.03254060447216034 -0.018226610496640205 0.04035181179642677
v 0.032540883868932724 -0.01979152113199234 0.0390496589243412
v 0.03254050388932228 -0.01822647824883461 0.03335180878639221
v 0.032541029155254364 -0.020623939111828804 0.03800579905509949
v 0.03254124894738197 -0.021826831623911858 0.03742648661136627
v 0.03254158794879913 -0.02316206321120262 0.04327603057026863
v 0.03254147991538048 -0.022494636476039886 0.04461967945098877
v 0.03254133462905884 -0.021826941519975662 0.04327605292201042
v 0.03254122659564018 -0.02117575891315937 0.044410817325115204
v 0.03254099190235138 -0.019985979422926903 0.04380461946129799
v 0.032542210072278976 -0.026553642004728317 0.04167052358388901
v 0.032542113214731216 -0.0259474478662014 0.042860303074121475
v 0.03254180774092674 -0.024364963173866272 0.042696718126535416
v 0.032541945576667786 -0.025003260001540184 0.04380452632904053
v 0.032541729509830475 -0.023813502863049507 0.044410768896341324
v 0.03254174068570137 -0.024364875629544258 0.038005728274583817
v 0.03254150226712227 -0.023161953315138817 0.03742646053433418
v 0.03254043310880661 -0.017994308844208717 0.031599219888448715
v 0.03254028037190437 -0.01731388457119465 0.029967503622174263
v 0.03254005312919617 -0.01623212918639183 0.028569189831614494
v 0.03254000470042229 -0.01600215584039688 0.028351852670311928
v 0.0365409217774868 -0.019790807738900185 0.041652899235486984
v 0.03654084354639053 -0.019493691623210907 0.0403512567281723
v 0.03654027357697487 -0.016493797302246094 0.040351785719394684
v 0.03653912991285324 -0.011493551544845104 0.027351878583431244
v 0.03654232621192932 -0.028493491932749748 0.024351559579372406
v 0.03653474897146225 0.01150644663721323 0.027352306991815567
v 0.036531466990709305 0.028506502509117126 0.024352626875042915
v 0.03653275966644287 0.023173822090029716 0.0432768389582634
v 0.0365329310297966 0.022506091743707657 0.04635251685976982
v 0.036533012986183167 0.02183869667351246 0.04327681288123131
v 0.036533281207084656 0.02065199799835682 0.04605881869792938
v 0.036533236503601074 0.020635798573493958 0.04269750043749809
v 0.03653234988451004 0.02520919404923916 0.04165374115109444
v 0.03653227165341377 0.025506310164928436 0.040352098643779755
v 0.03653170168399811 0.02850620448589325 0.040352627635002136
v 0.036532312631607056 0.02520924247801304 0.03905044123530388
v 0.036531783640384674 0.02821250818669796 0.04220672324299812
v 0.0365319699048996 0.027360238134860992 0.04387931525707245
v 0.03653252124786377 0.02437673509120941 0.04269757121801376
v 0.036532241851091385 0.0260328259319067 0.04520668089389801
v 0.03653257340192795 0.02436020039021969 0.04605888947844505
v 0.03654017299413681 -0.0164936650544405 0.03335178270936012
v 0.036540884524583817 -0.019790759310126305 0.039049599319696426
v 0.03654010221362114 -0.0162489153444767 0.03180670365691185
v 0.03654102608561516 -0.02062317728996277 0.03800573945045471
v 0.036539945751428604 -0.015538692474365234 0.03041287511587143
v 0.036542560905218124 -0.028493791818618774 0.040351562201976776
v 0.03654198721051216 -0.025493688881397247 0.04035114496946335
v 0.03654253110289574 -0.028200168162584305 0.04220566898584366
v 0.03654194995760918 -0.02519662119448185 0.041652798652648926
v 0.036542393267154694 -0.02734796516597271 0.04387829080224037
v 0.036541808396577835 -0.024364201352000237 0.04269665852189064
v 0.03654133155941963 -0.021826179698109627 0.043275997042655945
v 0.03654150292277336 -0.022493906319141388 0.04635167494416237
v 0.03654158487915993 -0.023161301389336586 0.043275970965623856
v 0.03654185310006142 -0.024348000064492226 0.04605797678232193
v 0.03654215857386589 -0.0260205939412117 0.04520570859313011
v 0.036540355533361435 -0.016787488013505936 0.04220588132739067
v 0.03654054179787636 -0.0176397617906332 0.043878473341464996
v 0.03654109314084053 -0.020623264834284782 0.04269672930240631
v 0.036540813744068146 -0.018967173993587494 0.04520583897829056
v 0.03654114529490471 -0.020639801397919655 0.0460580475628376
v 0.0365324541926384 0.024376822635531425 0.038006581366062164
v 0.036532673984766006 0.023173930123448372 0.03742726892232895
v 0.0365329310297966 0.021838804706931114 0.03742724284529686
v 0.0365397185087204 -0.0144325140863657 0.029306737706065178
v 0.03653358668088913 0.018979402258992195 0.045206550508737564
v 0.03653382137417793 0.017652036622166634 0.043879132717847824
v 0.036533378064632416 0.019803380593657494 0.04165364056825638
v 0.036533959209918976 0.01679983176290989 0.04220651090145111
v 0.0365334153175354 0.019506312906742096 0.0403519868850708
v 0.036533989012241364 0.01650620624423027 0.04035240411758423
v 0.03653334081172943 0.019803429022431374 0.03905034065246582
v 0.03653388470411301 0.016506336629390717 0.03335240110754967
v 0.0365331657230854 0.02063588611781597 0.038006510585546494
v 0.036533910781145096 0.016261648386716843 0.0318073108792305
v 0.03653402626514435 0.015551477670669556 0.03041345812380314
v 0.036534763872623444 0.011506428010761738 0.02835230901837349
v 0.036534473299980164 0.013051509857177734 0.02859705314040184
v 0.03653421998023987 0.014445336535573006 0.029307277873158455
v 0.036539144814014435 -0.011493570171296597 0.028351878747344017
v 0.03653944283723831 -0.013038660399615765 0.02859656512737274
v 0.03654124587774277 -0.021826069802045822 0.0374264270067215
v 0.03654150292277336 -0.02316119149327278 0.03742640092968941
v 0.036541737616062164 -0.024364113807678223 0.03800566866993904
v 0.03654191270470619 -0.02519657276570797 0.03904949873685837
v 0.01681050844490528 -0.028497550636529922 0.04035184904932976
v 0.014542561024427414 -0.028497980907559395 0.040351882576942444
v 0.016810335218906403 -0.028497325256466866 0.02835184894502163
v 0.014542327262461185 -0.028497682884335518 0.024351879954338074
v 0.033542387187480927 -0.02849413827061653 0.02835160493850708
v 0.03654232621192932 -0.028493491932749748 0.024351559579372406
v 0.033542562276124954 -0.02849436178803444 0.04035160318017006
v 0.036542560905218124 -0.028493791818618774 0.040351562201976776
v 0.0335402749478817 -0.016494369134306908 0.040351830422878265
v 0.03654027357697487 -0.016493797302246094 0.040351785719394684
v 0.03354017436504364 -0.016494236886501312 0.033351827412843704
v 0.03654017299413681 -0.0164936650544405 0.03335178270936012
v 0.03654232621192932 -0.028493491932749748 0.024351559579372406
v 0.03591137006878853 0.0007236837991513312 0.024352116510272026
v 0.036531466990709305 0.028506502509117126 0.024352626875042915
v 0.035327620804309845 0.0020341298077255487 0.024352148175239563
v 0.02832457236945629 0.018032798543572426 0.024352550506591797
v 0.028908323496580124 0.01672234572470188 0.02435251697897911
v 0.02890859730541706 0.01528775505721569 0.02435249090194702
v 0.017470164224505424 0.003284016391262412 0.024352433159947395
v 0.016227908432483673 0.0025664863642305136 0.024352436885237694
v 0.014531469903886318 0.028502313420176506 0.024352947250008583
v 0.01889686845242977 0.003434245940297842 0.024352414533495903
v 0.022381851449608803 0.017407050356268883 0.024352625012397766
v 0.02208385057747364 0.016003752127289772 0.024352602660655975
v 0.03426132723689079 0.0029938595835119486 0.02435218170285225
v 0.032896868884563446 0.0034369127824902534 0.024352209642529488
v 0.028325345367193222 0.013977082446217537 0.02435247413814068
v 0.030228886753320694 -0.0025585449766367674 0.024352136999368668
v 0.028914418071508408 -0.015277652069926262 0.024351919069886208
v 0.028330666944384575 -0.013967198319733143 0.024351950734853745
v 0.032898176461458206 -0.003425291506573558 0.02435208112001419
v 0.03426246717572212 -0.0029817146714776754 0.024352069944143295
v 0.02191164344549179 -0.0007135773776099086 0.024352293461561203
v 0.027258282527327538 0.018992524594068527 0.024352584034204483
v 0.025893818587064743 0.01943557895720005 0.02435261197388172
v 0.024467118084430695 0.019285352900624275 0.024352628737688065
v 0.023224862292408943 0.018567819148302078 0.024352634325623512
v 0.0213283933699131 -0.0020242531318217516 0.02435227669775486
v 0.02726437710225582 -0.01300747599452734 0.02435198426246643
v 0.020262468606233597 -0.002984381513670087 0.02435227483510971
v 0.025899915024638176 -0.012564418837428093 0.02435201406478882
v 0.018898174166679382 -0.0034279583487659693 0.024352286010980606
v 0.02447321265935898 -0.012714648619294167 0.02435203082859516
v 0.018537554889917374 -0.003446921706199646 0.024352291598916054
v 0.022089945152401924 -0.01599624939262867 0.024352004751563072
v 0.022388480603694916 -0.017399434000253677 0.024351973086595535
v 0.014542327262461185 -0.028497682884335518 0.024351879954338074
v 0.023231934756040573 -0.018559880554676056 0.02435193955898285
v 0.03532839193940163 -0.00202158628962934 0.024352073669433594
v 0.035911642014980316 -0.0007109105354174972 0.024352088570594788
v 0.022382386028766632 0.01460056658834219 0.024352572858333588
v 0.02322583831846714 0.013440120033919811 0.0243525393307209
v 0.020261330530047417 0.002991192741319537 0.024352386593818665
v 0.02446836791932583 0.012723059393465519 0.024352507665753365
v 0.025534506887197495 0.0125544099137187 0.024352489039301872
v 0.025895126163959503 0.01257337722927332 0.024352483451366425
v 0.02132762037217617 0.0020314629655331373 0.02435235306620598
v 0.027259420603513718 0.013016950339078903 0.02435247227549553
v 0.022387946024537086 -0.014592950232326984 0.024352027103304863
v 0.015385434031486511 -0.0014007657300680876 0.02435237541794777
v 0.023230958729982376 -0.013432182371616364 0.02435203641653061
v 0.01622888632118702 -0.002561211818829179 0.024352341890335083
v 0.01747141405940056 -0.0032782722264528275 0.024352310225367546
v 0.0314701646566391 0.0032866832334548235 0.02435222826898098
v 0.030227908864617348 0.002569153206422925 0.024352233856916428
v 0.029384899884462357 0.0014083858113735914 0.02435222454369068
v 0.021911371499300003 0.0007210170151665807 0.024352319538593292
v 0.029086897149682045 5.0866278797911946e-06 0.02435220219194889
v 0.029385434463620186 -0.0013980988878756762 0.024352170526981354
v 0.01508689858019352 2.4198141090892022e-06 0.024352405220270157
v 0.015384899452328682 0.00140571896918118 0.024352427572011948
v 0.027265515178442 -0.01898305118083954 0.024351872503757477
v 0.028331439942121506 -0.018022915348410606 0.024351876229047775
v 0.028914691880345345 -0.01671224646270275 0.02435189113020897
v 0.024474462494254112 -0.019276941195130348 0.024351907894015312
v 0.025540603324770927 -0.019445590674877167 0.02435188926756382
v 0.025901222601532936 -0.01942661963403225 0.02435188554227352
v 0.03147141635417938 -0.003275605384260416 0.02435210533440113
v 0.0325375571846962 -0.0034442548640072346 0.02435208670794964
v 0.014541469514369965 -0.022498050704598427 0.04385199397802353
v 0.018541468307375908 -0.02249728888273239 0.043851934373378754
v 0.014541735872626305 -0.023921627551317215 0.043549373745918274
v 0.018541734665632248 -0.02392086572945118 0.0435493178665638
v 0.014541735872626305 -0.023921627551317215 0.043549373745918274
v 0.018541734665632248 -0.02392086572945118 0.0435493178665638
v 0.014541947282850742 -0.02509903348982334 0.04269390180706978
v 0.01854194700717926 -0.025098271667957306 0.042693842202425
v 0.014541947282850742 -0.02509903348982334 0.04269390180706978
v 0.01854194700717926 -0.025098271667957306 0.042693842202425
v 0.014542067423462868 -0.025826700031757355 0.04143349081277847
v 0.01854206807911396 -0.02582593820989132 0.0414334312081337
v 0.014542067423462868 -0.025826700031757355 0.04143349081277847
v 0.01854206807911396 -0.02582593820989132 0.0414334312081337
v 0.01454207580536604 -0.025978807359933853 0.039986077696084976
v 0.018542075529694557 -0.025978045538067818 0.0399860218167305
v 0.01454207580536604 -0.025978807359933853 0.039986077696084976
v 0.018542075529694557 -0.025978045538067818 0.0399860218167305
v 0.014541969634592533 -0.02552904188632965 0.03860193490982056
v 0.01854196935892105 -0.025528280064463615 0.03860187530517578
v 0.014541969634592533 -0.02552904188632965 0.03860193490982056
v 0.01854196935892105 -0.025528280064463615 0.03860187530517578
v 0.014541768468916416 -0.024555178359150887 0.0375203974545002
v 0.018541768193244934 -0.02455441653728485 0.03752033784985542
v 0.014541768468916416 -0.024555178359150887 0.0375203974545002
v 0.018541768193244934 -0.02455441653728485 0.03752033784985542
v 0.01454150676727295 -0.023225611075758934 0.036928463727235794
v 0.018541505560278893 -0.0232248492538929 0.03692840412259102
v 0.01454150676727295 -0.023225611075758934 0.036928463727235794
v 0.018541505560278893 -0.0232248492538929 0.03692840412259102
v 0.014541229233145714 -0.021770229563117027 0.03692848980426788
v 0.018541229888796806 -0.021769467741250992 0.03692843019962311
v 0.014541229233145714 -0.021770229563117027 0.03692848980426788
v 0.018541229888796806 -0.021769467741250992 0.03692843019962311
v 0.014540985226631165 -0.020440684631466866 0.03752047196030617
v 0.018540984019637108 -0.02043992280960083 0.03752041608095169
v 0.014540985226631165 -0.020440684631466866 0.03752047196030617
v 0.018540984019637108 -0.02043992280960083 0.03752041608095169
v 0.01454081479460001 -0.019466862082481384 0.03860205039381981
v 0.018540814518928528 -0.01946610026061535 0.038601990789175034
v 0.01454081479460001 -0.019466862082481384 0.03860205039381981
v 0.018540814518928528 -0.01946610026061535 0.038601990789175034
v 0.014540749602019787 -0.01901714876294136 0.03998620808124542
v 0.018540749326348305 -0.019016386941075325 0.039986152201890945
v 0.014540749602019787 -0.01901714876294136 0.03998620808124542
v 0.018540749326348305 -0.019016386941075325 0.039986152201890945
v 0.014540799893438816 -0.019169308245182037 0.04143361374735832
v 0.018540799617767334 -0.019168546423316002 0.04143355414271355
v 0.014540799893438816 -0.019169308245182037 0.04143361374735832
v 0.018540799617767334 -0.019168546423316002 0.04143355414271355
v 0.014540956355631351 -0.01989702321588993 0.04269399866461754
v 0.01854095607995987 -0.019896261394023895 0.04269393905997276
v 0.014540956355631351 -0.01989702321588993 0.04269399866461754
v 0.01854095607995987 -0.019896261394023895 0.04269393905997276
v 0.014541193842887878 -0.02107447013258934 0.04354942962527275
v 0.01854119263589382 -0.021073708310723305 0.043549370020627975
v 0.014541193842887878 -0.02107447013258934 0.04354942962527275
v 0.01854119263589382 -0.021073708310723305 0.043549370020627975
v 0.014541469514369965 -0.022498050704598427 0.04385199397802353
v 0.018541468307375908 -0.02249728888273239 0.043851934373378754
v 0.033533886075019836 0.016505764797329903 0.03335244581103325
v 0.03653388470411301 0.016506336629390717 0.03335240110754967
v 0.03353399038314819 0.016505634412169456 0.04035244509577751
v 0.036533989012241364 0.01650620624423027 0.04035240411758423
v 0.03253227472305298 0.0255055483430624 0.04035215452313423
v 0.03653227165341377 0.025506310164928436 0.040352098643779755
v 0.03253234922885895 0.025208432227373123 0.04165380075573921
v 0.03653234988451004 0.02520919404923916 0.04165374115109444
v 0.03253234922885895 0.025208432227373123 0.04165380075573921
v 0.03653234988451004 0.02520919404923916 0.04165374115109444
v 0.032532524317502975 0.024375973269343376 0.04269763082265854
v 0.03653252124786377 0.02437673509120941 0.04269757121801376
v 0.032532524317502975 0.024375973269343376 0.04269763082265854
v 0.03653252124786377 0.02437673509120941 0.04269757121801376
v 0.03253276273608208 0.023173058405518532 0.043276894837617874
v 0.03653275966644287 0.023173822090029716 0.0432768389582634
v 0.03253276273608208 0.023173058405518532 0.043276894837617874
v 0.03653275966644287 0.023173822090029716 0.0432768389582634
v 0.03253301605582237 0.021837932989001274 0.043276868760585785
v 0.036533012986183167 0.02183869667351246 0.04327681288123131
v 0.03253301605582237 0.021837932989001274 0.043276868760585785
v 0.036533012986183167 0.02183869667351246 0.04327681288123131
v 0.03253323584794998 0.020635036751627922 0.04269756004214287
v 0.036533236503601074 0.020635798573493958 0.04269750043749809
v 0.03253323584794998 0.020635036751627922 0.04269756004214287
v 0.036533236503601074 0.020635798573493958 0.04269750043749809
v 0.03253338113427162 0.019802618771791458 0.041653700172901154
v 0.036533378064632416 0.019803380593657494 0.04165364056825638
v 0.03253338113427162 0.019802618771791458 0.041653700172901154
v 0.036533378064632416 0.019803380593657494 0.04165364056825638
v 0.032533418387174606 0.01950555108487606 0.04035204276442528
v 0.0365334153175354 0.019506312906742096 0.0403519868850708
v 0.032533418387174606 0.01950555108487606 0.04035204276442528
v 0.0365334153175354 0.019506312906742096 0.0403519868850708
v 0.03253334015607834 0.019802667200565338 0.0390503965318203
v 0.03653334081172943 0.019803429022431374 0.03905034065246582
v 0.03253334015607834 0.019802667200565338 0.0390503965318203
v 0.03653334081172943 0.019803429022431374 0.03905034065246582
v 0.03253316879272461 0.020635124295949936 0.03800657019019127
v 0.0365331657230854 0.02063588611781597 0.038006510585546494
v 0.03253316879272461 0.020635124295949936 0.03800657019019127
v 0.0365331657230854 0.02063588611781597 0.038006510585546494
v 0.03253293037414551 0.02183804288506508 0.037427302449941635
v 0.0365329310297966 0.021838804706931114 0.03742724284529686
v 0.03253293037414551 0.02183804288506508 0.037427302449941635
v 0.0365329310297966 0.021838804706931114 0.03742724284529686
v 0.03253267705440521 0.023173168301582336 0.037427328526973724
v 0.036532673984766006 0.023173930123448372 0.03742726892232895
v 0.03253267705440521 0.023173168301582336 0.037427328526973724
v 0.036532673984766006 0.023173930123448372 0.03742726892232895
v 0.0325324572622776 0.02437606081366539 0.03800664097070694
v 0.0365324541926384 0.024376822635531425 0.038006581366062164
v 0.0325324572622776 0.02437606081366539 0.03800664097070694
v 0.0365324541926384 0.024376822635531425 0.038006581366062164
v 0.03253231197595596 0.025208480656147003 0.039050497114658356
v 0.036532312631607056 0.02520924247801304 0.03905044123530388
v 0.03253231197595596 0.025208480656147003 0.039050497114658356
v 0.036532312631607056 0.02520924247801304 0.03905044123530388
v 0.03253227472305298 0.0255055483430624 0.04035215452313423
v 0.03653227165341377 0.025506310164928436 0.040352098643779755
v 0.018532242625951767 0.025533897802233696 0.038602832704782486
v 0.018531719222664833 0.02750300243496895 0.028352869674563408
v 0.018532177433371544 0.02598361112177372 0.0399869941174984
v 0.01853189244866371 0.02750277705490589 0.040352869778871536
v 0.018532227724790573 0.025831453502178192 0.041434396058321
v 0.018531963229179382 0.02725803107023239 0.04189794883131981
v 0.01853238418698311 0.025103740394115448 0.042694780975580215
v 0.01853211782872677 0.026547808200120926 0.04329177737236023
v 0.01853262074291706 0.02392629347741604 0.04355021193623543
v 0.018532412126660347 0.024560078978538513 0.037521254271268845
v 0.018532657995820045 0.023230528458952904 0.03692927211523056
v 0.01853293366730213 0.021775146946310997 0.03692924603819847
v 0.018532345071434975 0.025441624224185944 0.04439791664481163
v 0.01853262074291706 0.024047771468758583 0.04510808736085892
v 0.018532896414399147 0.022502709180116653 0.043852776288986206
v 0.018532918766140938 0.022502681240439415 0.04535277560353279
v 0.018533162772655487 0.021079139783978462 0.04355015605688095
v 0.018533209338784218 0.020957602187991142 0.04510802775621414
v 0.0185333751142025 0.01990172639489174 0.042694684118032455
v 0.018533695489168167 0.017502905800938606 0.03335268422961235
v 0.018533725291490555 0.017205774784088135 0.03148782253265381
v 0.018533864989876747 0.016343744471669197 0.029807673767209053
v 0.0185341015458107 0.015002203173935413 0.02847866900265217
v 0.018534135073423386 0.014819624833762646 0.028352633118629456
v 0.018533196300268173 0.020445581525564194 0.037521179765462875
v 0.01853339746594429 0.019471721723675728 0.038602717220783234
v 0.018533797934651375 0.01750277541577816 0.04035268351435661
v 0.018533503636717796 0.019021956250071526 0.03998686373233795
v 0.018533773720264435 0.017747465521097183 0.04189777374267578
v 0.0185334961861372 0.019174057990312576 0.04143427312374115
v 0.01853366009891033 0.01845763623714447 0.04329162836074829
v 0.018533464521169662 0.019563773646950722 0.044397804886102676
v 0.03253338113427162 0.019802618771791458 0.041653700172901154
v 0.032533418387174606 0.01950555108487606 0.04035204276442528
v 0.032533660531044006 0.01823749579489231 0.04035249352455139
v 0.03253355622291565 0.018237626180052757 0.03335249051451683
v 0.03253301605582237 0.021837932989001274 0.043276868760585785
v 0.03253290802240372 0.02250536158680916 0.04462052136659622
v 0.03253276273608208 0.023173058405518532 0.043276894837617874
v 0.03253265470266342 0.023824237287044525 0.044411659240722656
v 0.032532524317502975 0.024375973269343376 0.04269763082265854
v 0.032533638179302216 0.018446359783411026 0.04167136549949646
v 0.032533541321754456 0.019052553921937943 0.04286114498972893
v 0.03253323584794998 0.020635036751627922 0.04269756004214287
v 0.032533373683691025 0.01999673992395401 0.04380536824464798
v 0.032533157616853714 0.021186497062444687 0.044411610811948776
v 0.032533906400203705 0.01601349376142025 0.02835245057940483
v 0.03253386542201042 0.016243455931544304 0.028569797053933144
v 0.03253185749053955 0.026773614808917046 0.028352653607726097
v 0.0325336828827858 0.017325161024928093 0.029968151822686195
v 0.03253231197595596 0.025208480656147003 0.039050497114658356
v 0.03253203257918358 0.026773391291499138 0.040352653712034225
v 0.03253227472305298 0.0255055483430624 0.04035215452313423
v 0.032532092183828354 0.026564478874206543 0.0416715182363987
v 0.03253234922885895 0.025208432227373123 0.04165380075573921
v 0.0325322262942791 0.025958240032196045 0.042861275374889374
v 0.03253242000937462 0.025014016777276993 0.04380546137690544
v 0.03253334015607834 0.019802667200565338 0.0390503965318203
v 0.03253316879272461 0.020635124295949936 0.03800657019019127
v 0.03253357484936714 0.018005525693297386 0.03159989416599274
v 0.03253293037414551 0.02183804288506508 0.037427302449941635
v 0.03253267705440521 0.023173168301582336 0.037427328526973724
v 0.0325324572622776 0.02437606081366539 0.03800664097070694
v 0.01680193655192852 0.016502447426319122 0.04035269096493721
v 0.014533989131450653 0.0165020152926445 0.040352724492549896
v 0.01680183596909046 0.01650257781147957 0.03335268795490265
v 0.014533886685967445 0.016502145677804947 0.033352721482515335
v 0.03353170305490494 0.028505632653832436 0.04035267233848572
v 0.03653170168399811 0.02850620448589325 0.040352627635002136
v 0.03353152796626091 0.028505858033895493 0.02835267037153244
v 0.036531466990709305 0.028506502509117126 0.024352626875042915
v 0.016799475997686386 0.02850266918540001 0.02835291437804699
v 0.014531469903886318 0.028502313420176506 0.024352947250008583
v 0.016799651086330414 0.0285024456679821 0.04035291448235512
v 0.014531703665852547 0.02850201353430748 0.040352948009967804
v 0.014532897621393204 0.022501947358250618 0.04385283589363098
v 0.018532896414399147 0.022502709180116653 0.043852776288986206
v 0.014533163979649544 0.021078377962112427 0.043550215661525726
v 0.018533162772655487 0.021079139783978462 0.04355015605688095
v 0.014533163979649544 0.021078377962112427 0.043550215661525726
v 0.018533162772655487 0.021079139783978462 0.04355015605688095
v 0.014533375389873981 0.019900964573025703 0.04269474372267723
v 0.0185333751142025 0.01990172639489174 0.042694684118032455
v 0.014533375389873981 0.019900964573025703 0.04269474372267723
v 0.0185333751142025 0.01990172639489174 0.042694684118032455
v 0.014533495530486107 0.01917329616844654 0.041434332728385925
v 0.0185334961861372 0.019174057990312576 0.04143427312374115
v 0.014533495530486107 0.01917329616844654 0.041434332728385925
v 0.0185334961861372 0.019174057990312576 0.04143427312374115
v 0.014533503912389278 0.01902119442820549 0.03998691961169243
v 0.018533503636717796 0.019021956250071526 0.03998686373233795
v 0.014533503912389278 0.01902119442820549 0.03998691961169243
v 0.018533503636717796 0.019021956250071526 0.03998686373233795
v 0.014533397741615772 0.019470959901809692 0.03860277682542801
v 0.01853339746594429 0.019471721723675728 0.038602717220783234
v 0.014533397741615772 0.019470959901809692 0.03860277682542801
v 0.01853339746594429 0.019471721723675728 0.038602717220783234
v 0.014533196575939655 0.02044481784105301 0.03752123564481735
v 0.018533196300268173 0.020445581525564194 0.037521179765462875
v 0.014533196575939655 0.02044481784105301 0.03752123564481735
v 0.018533196300268173 0.020445581525564194 0.037521179765462875
v 0.014532934874296188 0.02177438512444496 0.036929305642843246
v 0.01853293366730213 0.021775146946310997 0.03692924603819847
v 0.014532934874296188 0.02177438512444496 0.036929305642843246
v 0.01853293366730213 0.021775146946310997 0.03692924603819847
v 0.014532657340168953 0.02322976663708687 0.036929331719875336
v 0.018532657995820045 0.023230528458952904 0.03692927211523056
v 0.014532657340168953 0.02322976663708687 0.036929331719875336
v 0.018532657995820045 0.023230528458952904 0.03692927211523056
v 0.014532413333654404 0.02455931529402733 0.03752131387591362
v 0.018532412126660347 0.024560078978538513 0.037521254271268845
v 0.014532413333654404 0.02455931529402733 0.03752131387591362
v 0.018532412126660347 0.024560078978538513 0.037521254271268845
v 0.014532242901623249 0.02553313598036766 0.03860288858413696
v 0.018532242625951767 0.025533897802233696 0.038602832704782486
v 0.014532242901623249 0.02553313598036766 0.03860288858413696
v 0.018532242625951767 0.025533897802233696 0.038602832704782486
v 0.014532177709043026 0.025982849299907684 0.039987049996852875
v 0.018532177433371544 0.02598361112177372 0.0399869941174984
v 0.014532177709043026 0.025982849299907684 0.039987049996852875
v 0.018532177433371544 0.02598361112177372 0.0399869941174984
v 0.014532228000462055 0.025830691680312157 0.041434455662965775
v 0.018532227724790573 0.025831453502178192 0.041434396058321
v 0.014532228000462055 0.025830691680312157 0.041434455662965775
v 0.018532227724790573 0.025831453502178192 0.041434396058321
v 0.01453238446265459 0.025102978572249413 0.04269484058022499
v 0.01853238418698311 0.025103740394115448 0.042694780975580215
v 0.01453238446265459 0.025102978572249413 0.04269484058022499
v 0.01853238418698311 0.025103740394115448 0.042694780975580215
v 0.014532621949911118 0.023925531655550003 0.043550267815589905
v 0.01853262074291706 0.02392629347741604 0.04355021193623543
v 0.014532621949911118 0.023925531655550003 0.043550267815589905
v 0.01853262074291706 0.02392629347741604 0.04355021193623543
v 0.014532897621393204 0.022501947358250618 0.04385283589363098
v 0.018532896414399147 0.022502709180116653 0.043852776288986206
v 0.023889916017651558 -0.015995869413018227 0.022351978346705437
v 0.023890003561973572 -0.01599598117172718 0.028351979330182076
v 0.024111133068799973 -0.016820821911096573 0.022351959720253944
v 0.024111218750476837 -0.016820933669805527 0.028351960703730583
v 0.024111133068799973 -0.016820821911096573 0.022351959720253944
v 0.024111218750476837 -0.016820933669805527 0.028351960703730583
v 0.024715188890695572 -0.017424650490283966 0.022351939231157303
v 0.024715276435017586 -0.01742476411163807 0.02835194021463394
v 0.024715188890695572 -0.017424650490283966 0.022351939231157303
v 0.024715276435017586 -0.01742476411163807 0.02835194021463394
v 0.02554023079574108 -0.01764555275440216 0.02235192246735096
v 0.025540318340063095 -0.017645664513111115 0.0283519234508276
v 0.02554023079574108 -0.01764555275440216 0.02235192246735096
v 0.025540318340063095 -0.017645664513111115 0.0283519234508276
v 0.026365188881754875 -0.017424337565898895 0.022351915016770363
v 0.02636527642607689 -0.01742444932460785 0.028351916000247
v 0.026365188881754875 -0.017424337565898895 0.022351915016770363
v 0.02636527642607689 -0.01742444932460785 0.028351916000247
v 0.02696901559829712 -0.016820278018712997 0.022351916879415512
v 0.026969103142619133 -0.01682038977742195 0.02835191786289215
v 0.02696901559829712 -0.016820278018712997 0.022351916879415512
v 0.026969103142619133 -0.01682038977742195 0.02835191786289215
v 0.027189915999770164 -0.015995239838957787 0.022351929917931557
v 0.02719000354409218 -0.01599535159766674 0.028351930901408195
v 0.027189915999770164 -0.015995239838957787 0.022351929917931557
v 0.02719000354409218 -0.01599535159766674 0.028351930901408195
v 0.02696870267391205 -0.015170279890298843 0.02235194854438305
v 0.026968790218234062 -0.015170391649007797 0.028351949527859688
v 0.02696870267391205 -0.015170279890298843 0.02235194854438305
v 0.026968790218234062 -0.015170391649007797 0.028351949527859688
v 0.0263646449893713 -0.014566450379788876 0.02235196903347969
v 0.026364732533693314 -0.014566563069820404 0.02835197001695633
v 0.0263646449893713 -0.014566450379788876 0.02235196903347969
v 0.026364732533693314 -0.014566563069820404 0.02835197001695633
v 0.02553960122168064 -0.014345556497573853 0.022351983934640884
v 0.025539688766002655 -0.014345668256282806 0.028351984918117523
v 0.02553960122168064 -0.014345556497573853 0.022351983934640884
v 0.025539688766002655 -0.014345668256282806 0.028351984918117523
v 0.024714644998311996 -0.014566765166819096 0.02235199324786663
v 0.02471473254263401 -0.01456687692552805 0.02835199423134327
v 0.024714644998311996 -0.014566765166819096 0.02235199324786663
v 0.02471473254263401 -0.01456687692552805 0.02835199423134327
v 0.024110818281769753 -0.015170823782682419 0.022351989522576332
v 0.024110905826091766 -0.015170936472713947 0.02835199050605297
v 0.024110818281769753 -0.015170823782682419 0.022351989522576332
v 0.024110905826091766 -0.015170936472713947 0.02835199050605297
v 0.023889916017651558 -0.015995869413018227 0.022351978346705437
v 0.023890003561973572 -0.01599598117172718 0.028351979330182076
v 0.016886869445443153 2.8000861220789375e-06 0.02235237881541252
v 0.016886956989765167 2.6878981316258432e-06 0.02835237979888916
v 0.01710808463394642 -0.0008221605676226318 0.02235236018896103
v 0.017108172178268433 -0.000822272791992873 0.028352361172437668
v 0.01710808463394642 -0.0008221605676226318 0.02235236018896103
v 0.017108172178268433 -0.000822272791992873 0.028352361172437668
v 0.017712142318487167 -0.0014259895542636514 0.022352339699864388
v 0.01771222986280918 -0.0014261017786338925 0.028352340683341026
v 0.017712142318487167 -0.0014259895542636514 0.022352339699864388
v 0.01771222986280918 -0.0014261017786338925 0.028352340683341026
v 0.018537184223532677 -0.001646883669309318 0.022352324798703194
v 0.01853727176785469 -0.0016469958936795592 0.028352325782179832
v 0.018537184223532677 -0.001646883669309318 0.022352324798703194
v 0.01853727176785469 -0.0016469958936795592 0.028352325782179832
v 0.01936214230954647 -0.0014256752328947186 0.022352317348122597
v 0.019362229853868484 -0.0014257874572649598 0.028352318331599236
v 0.01936214230954647 -0.0014256752328947186 0.022352317348122597
v 0.019362229853868484 -0.0014257874572649598 0.028352318331599236
v 0.019965969026088715 -0.000821616209577769 0.022352319210767746
v 0.01996605657041073 -0.0008217283757403493 0.028352320194244385
v 0.019965969026088715 -0.000821616209577769 0.022352319210767746
v 0.01996605657041073 -0.0008217283757403493 0.028352320194244385
v 0.02018686942756176 3.428692252782639e-06 0.02235233038663864
v 0.020186956971883774 3.316504262329545e-06 0.02835233137011528
v 0.02018686942756176 3.428692252782639e-06 0.02235233038663864
v 0.020186956971883774 3.316504262329545e-06 0.02835233137011528
v 0.019965654239058495 0.000828381918836385 0.022352349013090134
v 0.01996574178338051 0.0008282696944661438 0.028352349996566772
v 0.019965654239058495 0.000828381918836385 0.022352349013090134
v 0.01996574178338051 0.0008282696944661438 0.028352349996566772
v 0.019361596554517746 0.0014322109054774046 0.022352369502186775
v 0.01936168409883976 0.0014320986811071634 0.028352370485663414
v 0.019361596554517746 0.0014322109054774046 0.022352369502186775
v 0.01936168409883976 0.0014320986811071634 0.028352370485663414
v 0.018536554649472237 0.0016531124711036682 0.02235238626599312
v 0.01853664219379425 0.001653000246733427 0.028352387249469757
v 0.018536554649472237 0.0016531124711036682 0.02235238626599312
v 0.01853664219379425 0.001653000246733427 0.028352387249469757
v 0.017711596563458443 0.0014318965841084719 0.022352393716573715
v 0.017711684107780457 0.0014317844761535525 0.028352394700050354
v 0.017711596563458443 0.0014318965841084719 0.022352393716573715
v 0.017711684107780457 0.0014317844761535525 0.028352394700050354
v 0.0171077698469162 0.0008278375025838614 0.022352391853928566
v 0.017107857391238213 0.0008277253364212811 0.028352392837405205
v 0.0171077698469162 0.0008278375025838614 0.022352391853928566
v 0.017107857391238213 0.0008277253364212811 0.028352392837405205
v 0.016886869445443153 2.8000861220789375e-06 0.02235237881541252
v 0.016886956989765167 2.6878981316258432e-06 0.02835237979888916
v 0.030886869877576828 5.46689989278093e-06 0.022352175787091255
v 0.030886957421898842 5.3547123570751864e-06 0.028352176770567894
v 0.031108083203434944 -0.0008194937836378813 0.022352157160639763
v 0.031108170747756958 -0.0008196059498004615 0.0283521581441164
v 0.031108083203434944 -0.0008194937836378813 0.022352157160639763
v 0.031108170747756958 -0.0008196059498004615 0.0283521581441164
v 0.03171214088797569 -0.0014233228284865618 0.02235213667154312
v 0.03171222656965256 -0.0014234349364414811 0.02835213765501976
v 0.03171214088797569 -0.0014233228284865618 0.02235213667154312
v 0.03171222656965256 -0.0014234349364414811 0.02835213765501976
v 0.03253718465566635 -0.0016442169435322285 0.022352119907736778
v 0.032537270337343216 -0.0016443290514871478 0.028352120891213417
v 0.03253718465566635 -0.0016442169435322285 0.022352119907736778
v 0.032537270337343216 -0.0016443290514871478 0.028352120891213417
v 0.03336213901638985 -0.001423008507117629 0.02235211245715618
v 0.03336222842335701 -0.0014231206150725484 0.02835211344063282
v 0.03336213901638985 -0.001423008507117629 0.02235211245715618
v 0.03336222842335701 -0.0014231206150725484 0.02835211344063282
v 0.03396596759557724 -0.0008189493673853576 0.02235211431980133
v 0.0339660570025444 -0.0008190615917555988 0.02835211530327797
v 0.03396596759557724 -0.0008189493673853576 0.02235211431980133
v 0.0339660570025444 -0.0008190615917555988 0.02835211530327797
v 0.034186869859695435 6.095506250858307e-06 0.022352127358317375
v 0.0341869555413723 5.983318260405213e-06 0.028352128341794014
v 0.034186869859695435 6.095506250858307e-06 0.022352127358317375
v 0.0341869555413723 5.983318260405213e-06 0.028352128341794014
v 0.03396565467119217 0.0008310487028211355 0.022352145984768867
v 0.033965740352869034 0.0008309365366585553 0.028352146968245506
v 0.03396565467119217 0.0008310487028211355 0.022352145984768867
v 0.033965740352869034 0.0008309365366585553 0.028352146968245506
v 0.03336159512400627 0.001434877747669816 0.02235216647386551
v 0.033361684530973434 0.0014347655232995749 0.028352167457342148
v 0.03336159512400627 0.001434877747669816 0.02235216647386551
v 0.033361684530973434 0.0014347655232995749 0.028352167457342148
v 0.03253655508160591 0.0016557793132960796 0.022352181375026703
v 0.032536644488573074 0.0016556670889258385 0.02835218235850334
v 0.03253655508160591 0.0016557793132960796 0.022352181375026703
v 0.032536644488573074 0.0016556670889258385 0.02835218235850334
v 0.03171159699559212 0.0014345634263008833 0.02235219068825245
v 0.03171168267726898 0.0014344512019306421 0.028352191671729088
v 0.03171159699559212 0.0014345634263008833 0.02235219068825245
v 0.03171168267726898 0.0014344512019306421 0.028352191671729088
v 0.031107768416404724 0.0008305043447762728 0.02235218696296215
v 0.031107855960726738 0.0008303921204060316 0.02835218794643879
v 0.031107768416404724 0.0008305043447762728 0.02235218696296215
v 0.031107855960726738 0.0008303921204060316 0.02835218794643879
v 0.030886869877576828 5.46689989278093e-06 0.022352175787091255
v 0.030886957421898842 5.3547123570751864e-06 0.028352176770567894
v 0.023883821442723274 0.016004132106900215 0.02235257625579834
v 0.023883908987045288 0.01600402034819126 0.02835257723927498
v 0.02410503663122654 0.015179174952208996 0.022352557629346848
v 0.024105124175548553 0.015179063193500042 0.028352558612823486
v 0.02410503663122654 0.015179174952208996 0.022352557629346848
v 0.024105124175548553 0.015179063193500042 0.028352558612823486
v 0.024709094315767288 0.014575346373021603 0.022352537140250206
v 0.024709181860089302 0.014575233682990074 0.028352538123726845
v 0.024709094315767288 0.014575346373021603 0.022352537140250206
v 0.024709181860089302 0.014575233682990074 0.028352538123726845
v 0.02553413435816765 0.014354445040225983 0.022352522239089012
v 0.025534221902489662 0.014354332350194454 0.02835252322256565
v 0.02553413435816765 0.014354445040225983 0.022352522239089012
v 0.025534221902489662 0.014354332350194454 0.02835252322256565
v 0.02635909430682659 0.014575660228729248 0.022352512925863266
v 0.026359181851148605 0.014575548470020294 0.028352513909339905
v 0.02635909430682659 0.014575660228729248 0.022352512925863266
v 0.026359181851148605 0.014575548470020294 0.028352513909339905
v 0.026962921023368835 0.015179719775915146 0.022352516651153564
v 0.02696300856769085 0.015179607085883617 0.028352517634630203
v 0.026962921023368835 0.015179719775915146 0.022352516651153564
v 0.02696300856769085 0.015179607085883617 0.028352517634630203
v 0.02718382142484188 0.016004759818315506 0.02235252782702446
v 0.027183908969163895 0.016004648059606552 0.0283525288105011
v 0.02718382142484188 0.016004759818315506 0.02235252782702446
v 0.027183908969163895 0.016004648059606552 0.0283525288105011
v 0.026962606236338615 0.0168297179043293 0.022352546453475952
v 0.02696269378066063 0.016829606145620346 0.02835254743695259
v 0.026962606236338615 0.0168297179043293 0.022352546453475952
v 0.02696269378066063 0.016829606145620346 0.02835254743695259
v 0.026358548551797867 0.017433546483516693 0.022352566942572594
v 0.02635863609611988 0.01743343472480774 0.028352567926049232
v 0.026358548551797867 0.017433546483516693 0.022352566942572594
v 0.02635863609611988 0.01743343472480774 0.028352567926049232
v 0.025533506646752357 0.01765444502234459 0.022352583706378937
v 0.02553359419107437 0.017654331400990486 0.028352584689855576
v 0.025533506646752357 0.01765444502234459 0.022352583706378937
v 0.02553359419107437 0.017654331400990486 0.028352584689855576
v 0.024708548560738564 0.017433231696486473 0.022352591156959534
v 0.024708636105060577 0.01743311993777752 0.028352592140436172
v 0.024708548560738564 0.017433231696486473 0.022352591156959534
v 0.024708636105060577 0.01743311993777752 0.028352592140436172
v 0.02410472184419632 0.016829174011945724 0.022352589294314384
v 0.024104809388518333 0.01682906039059162 0.028352590277791023
v 0.02410472184419632 0.016829174011945724 0.022352589294314384
v 0.024104809388518333 0.01682906039059162 0.028352590277791023
v 0.023883821442723274 0.016004132106900215 0.02235257625579834
v 0.023883908987045288 0.01600402034819126 0.02835257723927498
v 0.016799651086330414 0.0285024456679821 0.04035291448235512
v 0.014531703665852547 0.02850201353430748 0.040352948009967804
v 0.014531786553561687 0.02820831723511219 0.04220704361796379
v 0.01679973490536213 0.028208749368786812 0.042207010090351105
v 0.01679973490536213 0.028208749368786812 0.042207010090351105
v 0.014531786553561687 0.02820831723511219 0.04220704361796379
v 0.01453197281807661 0.027356049045920372 0.043879635632038116
v 0.016799921169877052 0.027356481179594994 0.04387960210442543
v 0.016799921169877052 0.027356481179594994 0.04387960210442543
v 0.01453197281807661 0.027356049045920372 0.043879635632038116
v 0.014532244764268398 0.02602863498032093 0.04520700126886368
v 0.01680019311606884 0.026029067113995552 0.04520697146654129
v 0.01680019311606884 0.026029067113995552 0.04520697146654129
v 0.014532244764268398 0.02602863498032093 0.04520700126886368
v 0.014532576315104961 0.02435600943863392 0.04605920985341072
v 0.016800524666905403 0.02435644157230854 0.046059176325798035
v 0.016800524666905403 0.02435644157230854 0.046059176325798035
v 0.014532576315104961 0.02435600943863392 0.04605920985341072
v 0.014532933942973614 0.022501900792121887 0.04635283723473549
v 0.016800882294774055 0.02250233292579651 0.0463528037071228
v 0.016800882294774055 0.02250233292579651 0.0463528037071228
v 0.014532933942973614 0.022501900792121887 0.04635283723473549
v 0.01453328225761652 0.02064780704677105 0.04605913907289505
v 0.01680123060941696 0.02064823918044567 0.04605910927057266
v 0.01680123060941696 0.02064823918044567 0.04605910927057266
v 0.01453328225761652 0.02064780704677105 0.04605913907289505
v 0.014533588662743568 0.018975211307406425 0.04520687088370323
v 0.016801537945866585 0.018975643441081047 0.045206837356090546
v 0.016801537945866585 0.018975643441081047 0.045206837356090546
v 0.014533588662743568 0.018975211307406425 0.04520687088370323
v 0.014533822424709797 0.017647845670580864 0.04387945309281349
v 0.01680177077651024 0.017648277804255486 0.043879423290491104
v 0.01680177077651024 0.017648277804255486 0.043879423290491104
v 0.014533822424709797 0.017647845670580864 0.04387945309281349
v 0.01453396026045084 0.01679564081132412 0.04220683127641678
v 0.016801908612251282 0.01679607294499874 0.04220679774880409
v 0.016801908612251282 0.01679607294499874 0.04220679774880409
v 0.01453396026045084 0.01679564081132412 0.04220683127641678
v 0.014533989131450653 0.0165020152926445 0.040352724492549896
v 0.01680193655192852 0.016502447426319122 0.04035269096493721
v 0.016808222979307175 -0.016497556120157242 0.040352072566747665
v 0.014540275558829308 -0.016497988253831863 0.04035210609436035
v 0.014540358446538448 -0.016791678965091705 0.04220620170235634
v 0.01680830679833889 -0.016791246831417084 0.04220616817474365
v 0.01680830679833889 -0.016791246831417084 0.04220616817474365
v 0.014540358446538448 -0.016791678965091705 0.04220620170235634
v 0.014540544711053371 -0.01764395274221897 0.043878793716430664
v 0.016808493062853813 -0.01764352060854435 0.04387876018881798
v 0.016808493062853813 -0.01764352060854435 0.04387876018881798
v 0.014540544711053371 -0.01764395274221897 0.043878793716430664
v 0.01454081665724516 -0.018971364945173264 0.045206163078546524
v 0.0168087650090456 -0.018970932811498642 0.04520612955093384
v 0.0168087650090456 -0.018970932811498642 0.04520612955093384
v 0.01454081665724516 -0.018971364945173264 0.045206163078546524
v 0.014541148208081722 -0.020643992349505424 0.04605836793780327
v 0.016809096559882164 -0.020643560215830803 0.04605833441019058
v 0.016809096559882164 -0.020643560215830803 0.04605833441019058
v 0.014541148208081722 -0.020643992349505424 0.04605836793780327
v 0.014541505835950375 -0.022498097270727158 0.046351995319128036
v 0.016809454187750816 -0.022497665137052536 0.04635196179151535
v 0.016809454187750816 -0.022497665137052536 0.04635196179151535
v 0.014541505835950375 -0.022498097270727158 0.046351995319128036
v 0.01454185415059328 -0.024352191016077995 0.046058300882577896
v 0.016809802502393723 -0.024351758882403374 0.04605826735496521
v 0.016809802502393723 -0.024351758882403374 0.04605826735496521
v 0.01454185415059328 -0.024352191016077995 0.046058300882577896
v 0.01454216055572033 -0.02602478489279747 0.04520602896809578
v 0.016810109838843346 -0.02602435275912285 0.04520599544048309
v 0.016810109838843346 -0.02602435275912285 0.04520599544048309
v 0.01454216055572033 -0.02602478489279747 0.04520602896809578
v 0.014542394317686558 -0.02735215611755848 0.04387861117720604
v 0.016810342669487 -0.027351723983883858 0.04387858137488365
v 0.016810342669487 -0.027351723983883858 0.04387858137488365
v 0.014542394317686558 -0.02735215611755848 0.04387861117720604
v 0.0145425321534276 -0.028204359114170074 0.042205989360809326
v 0.016810480505228043 -0.028203926980495453 0.04220595583319664
v 0.016810480505228043 -0.028203926980495453 0.04220595583319664
v 0.0145425321534276 -0.028204359114170074 0.042205989360809326
v 0.014542561024427414 -0.028497980907559395 0.040351882576942444
v 0.01681050844490528 -0.028497550636529922 0.04035184904932976
v 0.03653170168399811 0.02850620448589325 0.040352627635002136
v 0.03353170305490494 0.028505632653832436 0.04035267233848572
v 0.033531785011291504 0.028211936354637146 0.042206767946481705
v 0.036531783640384674 0.02821250818669796 0.04220672324299812
v 0.036531783640384674 0.02821250818669796 0.04220672324299812
v 0.033531785011291504 0.028211936354637146 0.042206767946481705
v 0.03353197127580643 0.027359668165445328 0.04387935996055603
v 0.0365319699048996 0.027360238134860992 0.04387931525707245
v 0.0365319699048996 0.027360238134860992 0.04387931525707245
v 0.03353197127580643 0.027359668165445328 0.04387935996055603
v 0.03353224694728851 0.026032254099845886 0.04520672559738159
v 0.036532241851091385 0.0260328259319067 0.04520668089389801
v 0.036532241851091385 0.0260328259319067 0.04520668089389801
v 0.03353224694728851 0.026032254099845886 0.04520672559738159
v 0.03353257477283478 0.024359628558158875 0.046058934181928635
v 0.03653257340192795 0.02436020039021969 0.04605888947844505
v 0.03653257340192795 0.02436020039021969 0.04605888947844505
v 0.03353257477283478 0.024359628558158875 0.046058934181928635
v 0.03353293240070343 0.022505519911646843 0.046352557837963104
v 0.0365329310297966 0.022506091743707657 0.04635251685976982
v 0.0365329310297966 0.022506091743707657 0.04635251685976982
v 0.03353293240070343 0.022505519911646843 0.046352557837963104
v 0.033533282577991486 0.020651426166296005 0.046058863401412964
v 0.036533281207084656 0.02065199799835682 0.04605881869792938
v 0.036533281207084656 0.02065199799835682 0.04605881869792938
v 0.033533282577991486 0.020651426166296005 0.046058863401412964
v 0.03353358805179596 0.01897883042693138 0.045206595212221146
v 0.03653358668088913 0.018979402258992195 0.045206550508737564
v 0.03653358668088913 0.018979402258992195 0.045206550508737564
v 0.03353358805179596 0.01897883042693138 0.045206595212221146
v 0.03353382274508476 0.01765146479010582 0.043879177421331406
v 0.03653382137417793 0.017652036622166634 0.043879132717847824
v 0.03653382137417793 0.017652036622166634 0.043879132717847824
v 0.03353382274508476 0.01765146479010582 0.043879177421331406
v 0.033533960580825806 0.016799261793494225 0.042206551879644394
v 0.036533959209918976 0.01679983176290989 0.04220651090145111
v 0.036533959209918976 0.01679983176290989 0.04220651090145111
v 0.033533960580825806 0.016799261793494225 0.042206551879644394
v 0.03353399038314819 0.016505634412169456 0.04035244509577751
v 0.036533989012241364 0.01650620624423027 0.04035240411758423
v 0.03654027357697487 -0.016493797302246094 0.040351785719394684
v 0.0335402749478817 -0.016494369134306908 0.040351830422878265
v 0.033540356904268265 -0.01678805984556675 0.04220592603087425
v 0.036540355533361435 -0.016787488013505936 0.04220588132739067
v 0.036540355533361435 -0.016787488013505936 0.04220588132739067
v 0.033540356904268265 -0.01678805984556675 0.04220592603087425
v 0.03354054316878319 -0.017640333622694016 0.04387851804494858
v 0.03654054179787636 -0.0176397617906332 0.043878473341464996
v 0.03654054179787636 -0.0176397617906332 0.043878473341464996
v 0.03354054316878319 -0.017640333622694016 0.04387851804494858
v 0.033540818840265274 -0.018967745825648308 0.04520588368177414
v 0.036540813744068146 -0.018967173993587494 0.04520583897829056
v 0.036540813744068146 -0.018967173993587494 0.04520583897829056
v 0.033540818840265274 -0.018967745825648308 0.04520588368177414
v 0.03354114666581154 -0.02064037322998047 0.04605809226632118
v 0.03654114529490471 -0.020639801397919655 0.0460580475628376
v 0.03654114529490471 -0.020639801397919655 0.0460580475628376
v 0.03354114666581154 -0.02064037322998047 0.04605809226632118
v 0.03354150429368019 -0.022494478151202202 0.04635171964764595
v 0.03654150292277336 -0.022493906319141388 0.04635167494416237
v 0.03654150292277336 -0.022493906319141388 0.04635167494416237
v 0.03354150429368019 -0.022494478151202202 0.04635171964764595
v 0.033541854470968246 -0.02434857189655304 0.04605802148580551
v 0.03654185310006142 -0.024348000064492226 0.04605797678232193
v 0.03654185310006142 -0.024348000064492226 0.04605797678232193
v 0.033541854470968246 -0.02434857189655304 0.04605802148580551
v 0.03354215994477272 -0.026021165773272514 0.04520575329661369
v 0.03654215857386589 -0.0260205939412117 0.04520570859313011
v 0.03654215857386589 -0.0260205939412117 0.04520570859313011
v 0.03354215994477272 -0.026021165773272514 0.04520575329661369
v 0.03354239463806152 -0.027348536998033524 0.04387833550572395
v 0.036542393267154694 -0.02734796516597271 0.04387829080224037
v 0.036542393267154694 -0.02734796516597271 0.04387829080224037
v 0.03354239463806152 -0.027348536998033524 0.04387833550572395
v 0.033542532473802567 -0.02820073999464512 0.04220570996403694
v 0.03654253110289574 -0.028200168162584305 0.04220566898584366
v 0.03654253110289574 -0.028200168162584305 0.04220566898584366
v 0.033542532473802567 -0.02820073999464512 0.04220570996403694
v 0.033542562276124954 -0.02849436178803444 0.04035160318017006
v 0.036542560905218124 -0.028493791818618774 0.040351562201976776
v 0.015539146959781647 -0.01149757020175457 0.02835218422114849
v 0.014539147727191448 -0.011497760191559792 0.028352199122309685
v 0.014539445750415325 -0.013042851351201534 0.02859688736498356
v 0.01680709607899189 -0.01149732805788517 0.028352165594697
v 0.01680709607899189 -0.01149732805788517 0.028352165594697
v 0.014539445750415325 -0.013042851351201534 0.02859688736498356
v 0.01680738665163517 -0.013006522320210934 0.028585340827703476
v 0.01680738665163517 -0.013006522320210934 0.028585340827703476
v 0.014539445750415325 -0.013042851351201534 0.02859688736498356
v 0.014539721421897411 -0.014436704106628895 0.029307059943675995
v 0.01680738665163517 -0.013006522320210934 0.028585340827703476
v 0.014539721421897411 -0.014436704106628895 0.029307059943675995
v 0.016807666048407555 -0.014413353987038136 0.029290471225976944
v 0.016807666048407555 -0.014413353987038136 0.029290471225976944
v 0.014539721421897411 -0.014436704106628895 0.029307059943675995
v 0.014539948664605618 -0.015542883425951004 0.030413197353482246
v 0.016807666048407555 -0.014413353987038136 0.029290471225976944
v 0.014539948664605618 -0.015542883425951004 0.030413197353482246
v 0.01680789515376091 -0.015531341545283794 0.030397934839129448
v 0.01680789515376091 -0.015531341545283794 0.030397934839129448
v 0.014539948664605618 -0.015542883425951004 0.030413197353482246
v 0.014540104195475578 -0.01625310629606247 0.03180702403187752
v 0.01680789515376091 -0.015531341545283794 0.030397934839129448
v 0.014540104195475578 -0.01625310629606247 0.03180702403187752
v 0.016808051615953445 -0.016249753534793854 0.03179803118109703
v 0.016808051615953445 -0.016249753534793854 0.03179803118109703
v 0.014540104195475578 -0.01625310629606247 0.03180702403187752
v 0.0145401731133461 -0.016497856006026268 0.03335210308432579
v 0.016808051615953445 -0.016249753534793854 0.03179803118109703
v 0.0145401731133461 -0.016497856006026268 0.03335210308432579
v 0.016808120533823967 -0.016497423872351646 0.0333520732820034
v 0.036539144814014435 -0.011493570171296597 0.028351878747344017
v 0.03553914651274681 -0.011493760161101818 0.02835189364850521
v 0.03653944283723831 -0.013038660399615765 0.02859656512737274
v 0.033539146184921265 -0.011494141072034836 0.02835192158818245
v 0.03653944283723831 -0.013038660399615765 0.02859656512737274
v 0.033539146184921265 -0.011494141072034836 0.02835192158818245
v 0.033539388328790665 -0.012750267051160336 0.02851225435733795
v 0.033539388328790665 -0.012750267051160336 0.02851225435733795
v 0.03353944420814514 -0.013039232231676579 0.028596609830856323
v 0.03653944283723831 -0.013038660399615765 0.02859656512737274
v 0.03653944283723831 -0.013038660399615765 0.02859656512737274
v 0.03353944420814514 -0.013039232231676579 0.028596609830856323
v 0.033539626747369766 -0.013966896571218967 0.029006127268075943
v 0.03653944283723831 -0.013038660399615765 0.02859656512737274
v 0.033539626747369766 -0.013966896571218967 0.029006127268075943
v 0.0365397185087204 -0.0144325140863657 0.029306737706065178
v 0.033539626747369766 -0.013966896571218967 0.029006127268075943
v 0.03353971987962723 -0.014433084987103939 0.02930678240954876
v 0.0365397185087204 -0.0144325140863657 0.029306737706065178
v 0.0365397185087204 -0.0144325140863657 0.029306737706065178
v 0.03353971987962723 -0.014433084987103939 0.02930678240954876
v 0.03353983908891678 -0.015013002790510654 0.029799699783325195
v 0.0365397185087204 -0.0144325140863657 0.029306737706065178
v 0.03353983908891678 -0.015013002790510654 0.029799699783325195
v 0.036539945751428604 -0.015538692474365234 0.03041287511587143
v 0.03353983908891678 -0.015013002790510654 0.029799699783325195
v 0.033539947122335434 -0.015539263375103474 0.03041291981935501
v 0.036539945751428604 -0.015538692474365234 0.03041287511587143
v 0.036539945751428604 -0.015538692474365234 0.03041287511587143
v 0.033539947122335434 -0.015539263375103474 0.03041291981935501
v 0.03354000672698021 -0.01581644080579281 0.030838249251246452
v 0.036539945751428604 -0.015538692474365234 0.03041287511587143
v 0.03354000672698021 -0.01581644080579281 0.030838249251246452
v 0.03654010221362114 -0.0162489153444767 0.03180670365691185
v 0.03354017436504364 -0.016494236886501312 0.033351827412843704
v 0.03654017299413681 -0.0164936650544405 0.03335178270936012
v 0.03354012221097946 -0.016321798786520958 0.032050151377916336
v 0.03354012221097946 -0.016321798786520958 0.032050151377916336
v 0.03654017299413681 -0.0164936650544405 0.03335178270936012
v 0.03654010221362114 -0.0162489153444767 0.03180670365691185
v 0.03354012221097946 -0.016321798786520958 0.032050151377916336
v 0.03654010221362114 -0.0162489153444767 0.03180670365691185
v 0.03354010358452797 -0.016249487176537514 0.03180674836039543
v 0.03354010358452797 -0.016249487176537514 0.03180674836039543
v 0.03654010221362114 -0.0162489153444767 0.03180670365691185
v 0.03354000672698021 -0.01581644080579281 0.030838249251246452
v 0.015534766018390656 0.011502427980303764 0.028352614492177963
v 0.0168027151376009 0.01150266919285059 0.02835259586572647
v 0.016802430152893066 0.013011854141950607 0.028585826978087425
v 0.014534476213157177 0.013047318905591965 0.028597375378012657
v 0.014534766785800457 0.011502237059175968 0.028352629393339157
v 0.015534766018390656 0.011502427980303764 0.028352614492177963
v 0.015534766018390656 0.011502427980303764 0.028352614492177963
v 0.016802430152893066 0.013011854141950607 0.028585826978087425
v 0.014534476213157177 0.013047318905591965 0.028597375378012657
v 0.014534476213157177 0.013047318905591965 0.028597375378012657
v 0.016802430152893066 0.013011854141950607 0.028585826978087425
v 0.016802173107862473 0.01441865973174572 0.02929101139307022
v 0.014534476213157177 0.013047318905591965 0.028597375378012657
v 0.016802173107862473 0.01441865973174572 0.02929101139307022
v 0.014534221030771732 0.014441145583987236 0.029307600110769272
v 0.014534221030771732 0.014441145583987236 0.029307600110769272
v 0.016802173107862473 0.01441865973174572 0.02929101139307022
v 0.016801975667476654 0.015536610037088394 0.030398515984416008
v 0.014534221030771732 0.014441145583987236 0.029307600110769272
v 0.016801975667476654 0.015536610037088394 0.030398515984416008
v 0.014534026384353638 0.015547286719083786 0.030413778498768806
v 0.014534026384353638 0.015547286719083786 0.030413778498768806
v 0.016801975667476654 0.015536610037088394 0.030398515984416008
v 0.0168018601834774 0.0162549689412117 0.03179863840341568
v 0.014534026384353638 0.015547286719083786 0.030413778498768806
v 0.0168018601834774 0.0162549689412117 0.03179863840341568
v 0.014533910900354385 0.016257457435131073 0.03180763125419617
v 0.014533910900354385 0.016257457435131073 0.03180763125419617
v 0.0168018601834774 0.0162549689412117 0.03179863840341568
v 0.01680183596909046 0.01650257781147957 0.03335268795490265
v 0.014533910900354385 0.016257457435131073 0.03180763125419617
v 0.01680183596909046 0.01650257781147957 0.03335268795490265
v 0.014533886685967445 0.016502145677804947 0.033352721482515335
v 0.036534473299980164 0.013051509857177734 0.02859705314040184
v 0.03353447467088699 0.01305093802511692 0.028597097843885422
v 0.03353453055024147 0.012761980295181274 0.028512731194496155
v 0.03353453055024147 0.012761980295181274 0.028512731194496155
v 0.03353476524353027 0.011505856178700924 0.02835235185921192
v 0.036534473299980164 0.013051509857177734 0.02859705314040184
v 0.036534473299980164 0.013051509857177734 0.02859705314040184
v 0.03353476524353027 0.011505856178700924 0.02835235185921192
v 0.03553476557135582 0.011506237089633942 0.028352323919534683
v 0.036534763872623444 0.011506428010761738 0.02835230901837349
v 0.03353447467088699 0.01305093802511692 0.028597097843885422
v 0.036534473299980164 0.013051509857177734 0.02859705314040184
v 0.033534303307533264 0.013978587463498116 0.029006648808717728
v 0.033534303307533264 0.013978587463498116 0.029006648808717728
v 0.036534473299980164 0.013051509857177734 0.02859705314040184
v 0.03653421998023987 0.014445336535573006 0.029307277873158455
v 0.033534303307533264 0.013978587463498116 0.029006648808717728
v 0.03653421998023987 0.014445336535573006 0.029307277873158455
v 0.0335342213511467 0.014444764703512192 0.029307322576642036
v 0.0335342213511467 0.014444764703512192 0.029307322576642036
v 0.03653421998023987 0.014445336535573006 0.029307277873158455
v 0.03353411704301834 0.015024663880467415 0.029800262302160263
v 0.03353411704301834 0.015024663880467415 0.029800262302160263
v 0.03653421998023987 0.014445336535573006 0.029307277873158455
v 0.03653402626514435 0.015551477670669556 0.03041345812380314
v 0.03353411704301834 0.015024663880467415 0.029800262302160263
v 0.03653402626514435 0.015551477670669556 0.03041345812380314
v 0.03353402763605118 0.015550905838608742 0.03041350096464157
v 0.03353402763605118 0.015550905838608742 0.03041350096464157
v 0.03653402626514435 0.015551477670669556 0.03041345812380314
v 0.0335339792072773 0.01582806371152401 0.030838841572403908
v 0.0335339792072773 0.01582806371152401 0.030838841572403908
v 0.03653402626514435 0.015551477670669556 0.03041345812380314
v 0.036533910781145096 0.016261648386716843 0.0318073108792305
v 0.0335339792072773 0.01582806371152401 0.030838841572403908
v 0.036533910781145096 0.016261648386716843 0.0318073108792305
v 0.033533912152051926 0.01626107655465603 0.03180735558271408
v 0.033533912152051926 0.01626107655465603 0.03180735558271408
v 0.036533910781145096 0.016261648386716843 0.0318073108792305
v 0.03353390097618103 0.016333380714058876 0.032050762325525284
v 0.03353390097618103 0.016333380714058876 0.032050762325525284
v 0.036533910781145096 0.016261648386716843 0.0318073108792305
v 0.03653388470411301 0.016506336629390717 0.03335240110754967
v 0.03353390097618103 0.016333380714058876 0.032050762325525284
v 0.03653388470411301 0.016506336629390717 0.03335240110754967
v 0.033533886075019836 0.016505764797329903 0.03335244581103325
v 0.027189915999770164 -0.015995239838957787 0.022351929917931557
v 0.028425568714737892 -0.01660834439098835 0.02235190011560917
v 0.02696901559829712 -0.016820278018712997 0.022351916879415512
v 0.027926847338676453 -0.01772906631231308 0.022351887077093124
v 0.026365188881754875 -0.017424337565898895 0.022351915016770363
v 0.027015402913093567 -0.018550047650933266 0.022351885214447975
v 0.02554023079574108 -0.01764555275440216 0.02235192246735096
v 0.02696870267391205 -0.015170279890298843 0.02235194854438305
v 0.02842533402144909 -0.015381665900349617 0.02235192246735096
v 0.028489917516708374 -0.01599499210715294 0.022351911291480064
v 0.024714644998311996 -0.014566765166819096 0.02235199324786663
v 0.02462778240442276 -0.01319010742008686 0.02235201932489872
v 0.02553960122168064 -0.014345556497573853 0.022351983934640884
v 0.025847716256976128 -0.01306165847927332 0.022352004423737526
v 0.0263646449893713 -0.014566450379788876 0.02235196903347969
v 0.02701443061232567 -0.01344049908220768 0.022351980209350586
v 0.027926187962293625 -0.014261133968830109 0.022351952269673347
v 0.025848833844065666 -0.018929332494735718 0.02235189452767372
v 0.02462885156273842 -0.018801340833306313 0.022351915016770363
v 0.024715188890695572 -0.017424650490283966 0.022351939231157303
v 0.02356639876961708 -0.018188204616308212 0.022351941093802452
v 0.024111133068799973 -0.016820821911096573 0.022351959720253944
v 0.022845186293125153 -0.017195940017700195 0.02235197089612484
v 0.023889916017651558 -0.015995869413018227 0.022351978346705437
v 0.022589916363358498 -0.015996117144823074 0.02235199697315693
v 0.024110818281769753 -0.015170823782682419 0.022351989522576332
v 0.022844728082418442 -0.014796196483075619 0.02235201559960842
v 0.023565564304590225 -0.013803649693727493 0.022352023050189018
v 0.028914418071508408 -0.015277652069926262 0.024351919069886208
v 0.028914691880345345 -0.01671224646270275 0.02435189113020897
v 0.028989924117922783 -0.015994906425476074 0.02285190299153328
v 0.028989924117922783 -0.015994906425476074 0.02285190299153328
v 0.028914691880345345 -0.01671224646270275 0.02435189113020897
v 0.028914669528603554 -0.016712218523025513 0.022851891815662384
v 0.028914669528603554 -0.016712218523025513 0.022851891815662384
v 0.028914691880345345 -0.01671224646270275 0.02435189113020897
v 0.028331439942121506 -0.018022915348410606 0.024351876229047775
v 0.028331417590379715 -0.018022887408733368 0.02285187505185604
v 0.028331417590379715 -0.018022887408733368 0.02285187505185604
v 0.028331439942121506 -0.018022915348410606 0.024351876229047775
v 0.027265515178442 -0.01898305118083954 0.024351872503757477
v 0.02726549468934536 -0.0189830232411623 0.02285187318921089
v 0.02726549468934536 -0.0189830232411623 0.02285187318921089
v 0.027265515178442 -0.01898305118083954 0.024351872503757477
v 0.025901222601532936 -0.01942661963403225 0.02435188554227352
v 0.025901200249791145 -0.01942659169435501 0.022851884365081787
v 0.025901200249791145 -0.01942659169435501 0.022851884365081787
v 0.025901222601532936 -0.01942661963403225 0.02435188554227352
v 0.025540603324770927 -0.019445590674877167 0.02435188926756382
v 0.025901200249791145 -0.01942659169435501 0.022851884365081787
v 0.025540603324770927 -0.019445590674877167 0.02435188926756382
v 0.02447444200515747 -0.01927691325545311 0.022851908579468727
v 0.028989924117922783 -0.015994906425476074 0.02285190299153328
v 0.028914397582411766 -0.015277624130249023 0.022851917892694473
v 0.028914418071508408 -0.015277652069926262 0.024351919069886208
v 0.028914418071508408 -0.015277652069926262 0.024351919069886208
v 0.028914397582411766 -0.015277624130249023 0.022851917892694473
v 0.028330646455287933 -0.013967170380055904 0.02285195142030716
v 0.028330666944384575 -0.013967198319733143 0.024351950734853745
v 0.028330666944384575 -0.013967198319733143 0.024351950734853745
v 0.028330646455287933 -0.013967170380055904 0.02285195142030716
v 0.02726435475051403 -0.013007448054850101 0.022851984947919846
v 0.02726437710225582 -0.01300747599452734 0.02435198426246643
v 0.02726437710225582 -0.01300747599452734 0.02435198426246643
v 0.02726435475051403 -0.013007448054850101 0.022851984947919846
v 0.025899892672896385 -0.012564390897750854 0.022852012887597084
v 0.025899915024638176 -0.012564418837428093 0.02435201406478882
v 0.025899915024638176 -0.012564418837428093 0.02435201406478882
v 0.025899892672896385 -0.012564390897750854 0.022852012887597084
v 0.024473190307617188 -0.012714620679616928 0.022852031514048576
v 0.02447321265935898 -0.012714648619294167 0.02435203082859516
v 0.02447321265935898 -0.012714648619294167 0.02435203082859516
v 0.024473190307617188 -0.012714620679616928 0.022852031514048576
v 0.023230936378240585 -0.013432154431939125 0.022852035239338875
v 0.023230958729982376 -0.013432182371616364 0.02435203641653061
v 0.023230958729982376 -0.013432182371616364 0.02435203641653061
v 0.023230936378240585 -0.013432154431939125 0.022852035239338875
v 0.022387925535440445 -0.014592922292649746 0.02285202592611313
v 0.022387946024537086 -0.014592950232326984 0.024352027103304863
v 0.022387946024537086 -0.014592950232326984 0.024352027103304863
v 0.022387925535440445 -0.014592922292649746 0.02285202592611313
v 0.022089924663305283 -0.01599622145295143 0.022852003574371338
v 0.022089945152401924 -0.01599624939262867 0.024352004751563072
v 0.022089945152401924 -0.01599624939262867 0.024352004751563072
v 0.022089924663305283 -0.01599622145295143 0.022852003574371338
v 0.022388460114598274 -0.01739940606057644 0.02285197377204895
v 0.022388480603694916 -0.017399434000253677 0.024351973086595535
v 0.022388480603694916 -0.017399434000253677 0.024351973086595535
v 0.022388460114598274 -0.01739940606057644 0.02285197377204895
v 0.023231912404298782 -0.018559852614998817 0.022851940244436264
v 0.023231934756040573 -0.018559880554676056 0.02435193955898285
v 0.023231934756040573 -0.018559880554676056 0.02435193955898285
v 0.023231912404298782 -0.018559852614998817 0.022851940244436264
v 0.02447444200515747 -0.01927691325545311 0.022851908579468727
v 0.024474462494254112 -0.019276941195130348 0.024351907894015312
v 0.024474462494254112 -0.019276941195130348 0.024351907894015312
v 0.02447444200515747 -0.01927691325545311 0.022851908579468727
v 0.025540603324770927 -0.019445590674877167 0.02435188926756382
v 0.021422287449240685 0.0006170033011585474 0.022352324798703194
v 0.02018686942756176 3.428692252782639e-06 0.02235233038663864
v 0.019965654239058495 0.000828381918836385 0.022352349013090134
v 0.02148686908185482 3.676324922707863e-06 0.02235231176018715
v 0.021422522142529488 -0.0006096751894801855 0.022352302446961403
v 0.019965969026088715 -0.000821616209577769 0.022352319210767746
v 0.0209237989038229 -0.0017303971108049154 0.02235228754580021
v 0.01936214230954647 -0.0014256752328947186 0.022352317348122597
v 0.020012356340885162 -0.0025513789150863886 0.02235228568315506
v 0.018537184223532677 -0.001646883669309318 0.022352324798703194
v 0.017711596563458443 0.0014318965841084719 0.022352393716573715
v 0.017624735832214355 0.002808553632348776 0.022352421656250954
v 0.018536554649472237 0.0016531124711036682 0.02235238626599312
v 0.018844669684767723 0.0029370104894042015 0.02235240489244461
v 0.019361596554517746 0.0014322109054774046 0.022352369502186775
v 0.020011382177472115 0.0025581696536391973 0.02235238067805767
v 0.02092313952744007 0.001737535116262734 0.022352352738380432
v 0.01884578727185726 -0.002930664224550128 0.022352294996380806
v 0.017625803127884865 -0.0028026795480400324 0.022352315485477448
v 0.017712142318487167 -0.0014259895542636514 0.022352339699864388
v 0.016563352197408676 -0.002189542865380645 0.022352343425154686
v 0.01710808463394642 -0.0008221605676226318 0.02235236018896103
v 0.015842139720916748 -0.0011972702341154218 0.022352371364831924
v 0.016886869445443153 2.8000861220789375e-06 0.02235237881541252
v 0.015586869791150093 2.5524534521537134e-06 0.022352397441864014
v 0.0171077698469162 0.0008278375025838614 0.022352391853928566
v 0.015841681510210037 0.0012024723691865802 0.022352416068315506
v 0.01656251586973667 0.002195012057200074 0.022352425381541252
v 0.021911371499300003 0.0007210170151665807 0.024352319538593292
v 0.02191164344549179 -0.0007135773776099086 0.024352293461561203
v 0.02198687568306923 3.7622191939590266e-06 0.022852305322885513
v 0.02198687568306923 3.7622191939590266e-06 0.022852305322885513
v 0.02191164344549179 -0.0007135773776099086 0.024352293461561203
v 0.02191162295639515 -0.0007135493215173483 0.02285229228436947
v 0.02191162295639515 -0.0007135493215173483 0.02285229228436947
v 0.02191164344549179 -0.0007135773776099086 0.024352293461561203
v 0.0213283933699131 -0.0020242531318217516 0.02435227669775486
v 0.02132837101817131 -0.0020242249593138695 0.022852277383208275
v 0.02132837101817131 -0.0020242249593138695 0.022852277383208275
v 0.0213283933699131 -0.0020242531318217516 0.02435227669775486
v 0.020262468606233597 -0.002984381513670087 0.02435227483510971
v 0.020262446254491806 -0.0029843533411622047 0.022852273657917976
v 0.020262446254491806 -0.0029843533411622047 0.022852273657917976
v 0.020262468606233597 -0.002984381513670087 0.02435227483510971
v 0.018898174166679382 -0.0034279583487659693 0.024352286010980606
v 0.01889815367758274 -0.003427930409088731 0.02285228669643402
v 0.01889815367758274 -0.003427930409088731 0.02285228669643402
v 0.018898174166679382 -0.0034279583487659693 0.024352286010980606
v 0.018537554889917374 -0.003446921706199646 0.024352291598916054
v 0.01889815367758274 -0.003427930409088731 0.02285228669643402
v 0.018537554889917374 -0.003446921706199646 0.024352291598916054
v 0.017471391707658768 -0.003278244286775589 0.022852309048175812
v 0.02198687568306923 3.7622191939590266e-06 0.022852305322885513
v 0.021911349147558212 0.0007210450130514801 0.022852320224046707
v 0.021911371499300003 0.0007210170151665807 0.024352319538593292
v 0.021911371499300003 0.0007210170151665807 0.024352319538593292
v 0.021911349147558212 0.0007210450130514801 0.022852320224046707
v 0.02132759802043438 0.002031490905210376 0.022852351889014244
v 0.02132762037217617 0.0020314629655331373 0.02435235306620598
v 0.02132762037217617 0.0020314629655331373 0.02435235306620598
v 0.02132759802043438 0.002031490905210376 0.022852351889014244
v 0.020261308178305626 0.0029912206809967756 0.02285238541662693
v 0.020261330530047417 0.002991192741319537 0.024352386593818665
v 0.020261330530047417 0.002991192741319537 0.024352386593818665
v 0.020261308178305626 0.0029912206809967756 0.02285238541662693
v 0.01889684610068798 0.003434274112805724 0.02285241335630417
v 0.01889686845242977 0.003434245940297842 0.024352414533495903
v 0.01889686845242977 0.003434245940297842 0.024352414533495903
v 0.01889684610068798 0.003434274112805724 0.02285241335630417
v 0.017470141872763634 0.003284044563770294 0.02285243198275566
v 0.017470164224505424 0.003284016391262412 0.024352433159947395
v 0.017470164224505424 0.003284016391262412 0.024352433159947395
v 0.017470141872763634 0.003284044563770294 0.02285243198275566
v 0.01622788794338703 0.002566514303907752 0.02285243757069111
v 0.016227908432483673 0.0025664863642305136 0.024352436885237694
v 0.016227908432483673 0.0025664863642305136 0.024352436885237694
v 0.01622788794338703 0.002566514303907752 0.02285243757069111
v 0.015384878031909466 0.0014057470252737403 0.022852428257465363
v 0.015384899452328682 0.00140571896918118 0.024352427572011948
v 0.015384899452328682 0.00140571896918118 0.024352427572011948
v 0.015384878031909466 0.0014057470252737403 0.022852428257465363
v 0.015086877159774303 2.447861106702476e-06 0.022852405905723572
v 0.01508689858019352 2.4198141090892022e-06 0.024352405220270157
v 0.01508689858019352 2.4198141090892022e-06 0.024352405220270157
v 0.015086877159774303 2.447861106702476e-06 0.022852405905723572
v 0.015385412611067295 -0.0014007376739755273 0.022852374240756035
v 0.015385434031486511 -0.0014007657300680876 0.02435237541794777
v 0.015385434031486511 -0.0014007657300680876 0.02435237541794777
v 0.015385412611067295 -0.0014007376739755273 0.022852374240756035
v 0.01622886396944523 -0.0025611836463212967 0.02285234071314335
v 0.01622888632118702 -0.002561211818829179 0.024352341890335083
v 0.01622888632118702 -0.002561211818829179 0.024352341890335083
v 0.01622886396944523 -0.0025611836463212967 0.02285234071314335
v 0.017471391707658768 -0.003278244286775589 0.022852309048175812
v 0.01747141405940056 -0.0032782722264528275 0.024352310225367546
v 0.01747141405940056 -0.0032782722264528275 0.024352310225367546
v 0.017471391707658768 -0.003278244286775589 0.022852309048175812
v 0.018537554889917374 -0.003446921706199646 0.024352291598916054
v 0.028419239446520805 0.016618335619568825 0.022352522239089012
v 0.02718382142484188 0.016004759818315506 0.02235252782702446
v 0.026962606236338615 0.0168297179043293 0.022352546453475952
v 0.02848382294178009 0.016005007550120354 0.022352509200572968
v 0.02841947227716446 0.015391657128930092 0.022352498024702072
v 0.026962921023368835 0.015179719775915146 0.022352516651153564
v 0.02792075276374817 0.014270935207605362 0.022352484986186028
v 0.02635909430682659 0.014575660228729248 0.022352512925863266
v 0.027009308338165283 0.013449952937662601 0.02235248312354088
v 0.02553413435816765 0.014354445040225983 0.022352522239089012
v 0.02410472184419632 0.016829174011945724 0.022352589294314384
v 0.023559467867016792 0.01819634810090065 0.02235262282192707
v 0.024708548560738564 0.017433231696486473 0.022352591156959534
v 0.024621687829494476 0.018809888511896133 0.022352617233991623
v 0.025533506646752357 0.01765444502234459 0.022352583706378937
v 0.025841621682047844 0.018938342109322548 0.02235260233283043
v 0.026358548551797867 0.017433546483516693 0.022352566942572594
v 0.027008334174752235 0.018559502437710762 0.02235257811844349
v 0.027920091524720192 0.017738867551088333 0.02235255017876625
v 0.025842739269137383 0.013070664368569851 0.022352492436766624
v 0.024622756987810135 0.013198656029999256 0.022352512925863266
v 0.024709094315767288 0.014575346373021603 0.022352537140250206
v 0.023560304194688797 0.013811793178319931 0.022352540865540504
v 0.02410503663122654 0.015179174952208996 0.022352557629346848
v 0.02283908985555172 0.014804057776927948 0.022352568805217743
v 0.023883821442723274 0.016004132106900215 0.02235257625579834
v 0.022583821788430214 0.016003884375095367 0.022352594882249832
v 0.022838633507490158 0.01720380410552025 0.022352613508701324
v 0.02898382768034935 0.016005095094442368 0.022852502763271332
v 0.028908323496580124 0.01672234572470188 0.02435251697897911
v 0.02890859730541706 0.01528775505721569 0.02435249090194702
v 0.02898382768034935 0.016005095094442368 0.022852502763271332
v 0.02890859730541706 0.01528775505721569 0.02435249090194702
v 0.02890857495367527 0.015287782996892929 0.022852489724755287
v 0.02890857495367527 0.015287782996892929 0.022852489724755287
v 0.02890859730541706 0.01528775505721569 0.02435249090194702
v 0.028325345367193222 0.013977082446217537 0.02435247413814068
v 0.02832532301545143 0.013977110385894775 0.022852472960948944
v 0.02832532301545143 0.013977110385894775 0.022852472960948944
v 0.028325345367193222 0.013977082446217537 0.02435247413814068
v 0.027259420603513718 0.013016950339078903 0.02435247227549553
v 0.027259398251771927 0.013016978278756142 0.022852471098303795
v 0.027259398251771927 0.013016978278756142 0.022852471098303795
v 0.027259420603513718 0.013016950339078903 0.02435247227549553
v 0.025895126163959503 0.01257337722927332 0.024352483451366425
v 0.025895103812217712 0.012573405168950558 0.02285248227417469
v 0.025895103812217712 0.012573405168950558 0.02285248227417469
v 0.025895126163959503 0.01257337722927332 0.024352483451366425
v 0.025534506887197495 0.0125544099137187 0.024352489039301872
v 0.025895103812217712 0.012573405168950558 0.02285248227417469
v 0.025534506887197495 0.0125544099137187 0.024352489039301872
v 0.024468345567584038 0.012723087333142757 0.02285250648856163
v 0.02898382768034935 0.016005095094442368 0.022852502763271332
v 0.028908301144838333 0.01672237366437912 0.022852515801787376
v 0.028908323496580124 0.01672234572470188 0.02435251697897911
v 0.028908323496580124 0.01672234572470188 0.02435251697897911
v 0.028908301144838333 0.01672237366437912 0.022852515801787376
v 0.0283245500177145 0.018032826483249664 0.022852549329400063
v 0.02832457236945629 0.018032798543572426 0.024352550506591797
v 0.02832457236945629 0.018032798543572426 0.024352550506591797
v 0.0283245500177145 0.018032826483249664 0.022852549329400063
v 0.027258260175585747 0.018992552533745766 0.02285258285701275
v 0.027258282527327538 0.018992524594068527 0.024352584034204483
v 0.027258282527327538 0.018992524594068527 0.024352584034204483
v 0.027258260175585747 0.018992552533745766 0.02285258285701275
v 0.0258937980979681 0.01943560689687729 0.022852610796689987
v 0.025893818587064743 0.01943557895720005 0.02435261197388172
v 0.025893818587064743 0.01943557895720005 0.02435261197388172
v 0.0258937980979681 0.01943560689687729 0.022852610796689987
v 0.024467095732688904 0.019285380840301514 0.02285262942314148
v 0.024467118084430695 0.019285352900624275 0.024352628737688065
v 0.024467118084430695 0.019285352900624275 0.024352628737688065
v 0.024467095732688904 0.019285380840301514 0.02285262942314148
v 0.023224839940667152 0.018567847087979317 0.022852633148431778
v 0.023224862292408943 0.018567819148302078 0.024352634325623512
v 0.023224862292408943 0.018567819148302078 0.024352634325623512
v 0.023224839940667152 0.018567847087979317 0.022852633148431778
v 0.022381829097867012 0.01740707829594612 0.022852623835206032
v 0.022381851449608803 0.017407050356268883 0.024352625012397766
v 0.022381851449608803 0.017407050356268883 0.024352625012397766
v 0.022381829097867012 0.01740707829594612 0.022852623835206032
v 0.02208382822573185 0.01600378006696701 0.02285260334610939
v 0.02208385057747364 0.016003752127289772 0.024352602660655975
v 0.02208385057747364 0.016003752127289772 0.024352602660655975
v 0.02208382822573185 0.01600378006696701 0.02285260334610939
v 0.02238236367702484 0.014600594528019428 0.022852571681141853
v 0.022382386028766632 0.01460056658834219 0.024352572858333588
v 0.022382386028766632 0.01460056658834219 0.024352572858333588
v 0.02238236367702484 0.014600594528019428 0.022852571681141853
v 0.0232258178293705 0.01344014797359705 0.022852538153529167
v 0.02322583831846714 0.013440120033919811 0.0243525393307209
v 0.02322583831846714 0.013440120033919811 0.0243525393307209
v 0.0232258178293705 0.01344014797359705 0.022852538153529167
v 0.024468345567584038 0.012723087333142757 0.02285250648856163
v 0.02446836791932583 0.012723059393465519 0.024352507665753365
v 0.02446836791932583 0.012723059393465519 0.024352507665753365
v 0.024468345567584038 0.012723087333142757 0.02285250648856163
v 0.025534506887197495 0.0125544099137187 0.024352489039301872
v 0.034186869859695435 6.095506250858307e-06 0.022352127358317375
v 0.03542252257466316 -0.0006070083472877741 0.022352097555994987
v 0.03396596759557724 -0.0008189493673853576 0.02235211431980133
v 0.034923799335956573 -0.001727730268612504 0.022352084517478943
v 0.03336213901638985 -0.001423008507117629 0.02235211245715618
v 0.03401235491037369 -0.002548712072893977 0.022352082654833794
v 0.03253718465566635 -0.0016442169435322285 0.022352119907736778
v 0.03396565467119217 0.0008310487028211355 0.022352145984768867
v 0.03542228788137436 0.0006196700851432979 0.022352119907736778
v 0.035486869513988495 6.343138920783531e-06 0.022352108731865883
v 0.03171159699559212 0.0014345634263008833 0.02235219068825245
v 0.03162473440170288 0.0028112204745411873 0.02235221676528454
v 0.03253655508160591 0.0016557793132960796 0.022352181375026703
v 0.0328446701169014 0.002939677331596613 0.022352201864123344
v 0.03336159512400627 0.001434877747669816 0.02235216647386551
v 0.03401138260960579 0.0025608364958316088 0.022352177649736404
v 0.034923139959573746 0.0017402019584551454 0.022352147847414017
v 0.032845787703990936 -0.0029279973823577166 0.02235209196805954
v 0.03162580356001854 -0.0028000129386782646 0.02235211245715618
v 0.03171214088797569 -0.0014233228284865618 0.02235213667154312
v 0.0305633507668972 -0.0021868760231882334 0.02235213853418827
v 0.031108083203434944 -0.0008194937836378813 0.022352157160639763
v 0.029842140153050423 -0.0011946033919230103 0.022352168336510658
v 0.030886869877576828 5.46689989278093e-06 0.022352175787091255
v 0.029586870223283768 5.219267222855706e-06 0.022352194413542747
v 0.031107768416404724 0.0008305043447762728 0.02235218696296215
v 0.029841681942343712 0.0012051390949636698 0.02235221303999424
v 0.030562516301870346 0.0021976788993924856 0.022352220490574837
v 0.03591137006878853 0.0007236837991513312 0.024352116510272026
v 0.035911642014980316 -0.0007109105354174972 0.024352088570594788
v 0.035986874252557755 6.429032964661019e-06 0.022852100431919098
v 0.035986874252557755 6.429032964661019e-06 0.022852100431919098
v 0.035911642014980316 -0.0007109105354174972 0.024352088570594788
v 0.035911623388528824 -0.0007108825375325978 0.022852089256048203
v 0.035911623388528824 -0.0007108825375325978 0.022852089256048203
v 0.035911642014980316 -0.0007109105354174972 0.024352088570594788
v 0.03532839193940163 -0.00202158628962934 0.024352073669433594
v 0.035328373312950134 -0.002021558117121458 0.02285207249224186
v 0.035328373312950134 -0.002021558117121458 0.02285207249224186
v 0.03532839193940163 -0.00202158628962934 0.024352073669433594
v 0.03426246717572212 -0.0029817146714776754 0.024352069944143295
v 0.03426244482398033 -0.002981686731800437 0.02285207062959671
v 0.03426244482398033 -0.002981686731800437 0.02285207062959671
v 0.03426246717572212 -0.0029817146714776754 0.024352069944143295
v 0.032898176461458206 -0.003425291506573558 0.02435208112001419
v 0.032898154109716415 -0.0034252635668963194 0.022852081805467606
v 0.032898154109716415 -0.0034252635668963194 0.022852081805467606
v 0.032898176461458206 -0.003425291506573558 0.02435208112001419
v 0.0325375571846962 -0.0034442548640072346 0.02435208670794964
v 0.032898154109716415 -0.0034252635668963194 0.022852081805467606
v 0.0325375571846962 -0.0034442548640072346 0.02435208670794964
v 0.03147139400243759 -0.0032755774445831776 0.022852106019854546
v 0.035986874252557755 6.429032964661019e-06 0.022852100431919098
v 0.03591134771704674 0.0007237118552438915 0.022852115333080292
v 0.03591137006878853 0.0007236837991513312 0.024352116510272026
v 0.03591137006878853 0.0007236837991513312 0.024352116510272026
v 0.03591134771704674 0.0007237118552438915 0.022852115333080292
v 0.035327598452568054 0.002034157747402787 0.022852148860692978
v 0.035327620804309845 0.0020341298077255487 0.024352148175239563
v 0.035327620804309845 0.0020341298077255487 0.024352148175239563
v 0.035327598452568054 0.002034157747402787 0.022852148860692978
v 0.0342613086104393 0.002993887523189187 0.022852182388305664
v 0.03426132723689079 0.0029938595835119486 0.02435218170285225
v 0.03426132723689079 0.0029938595835119486 0.02435218170285225
v 0.0342613086104393 0.002993887523189187 0.022852182388305664
v 0.032896846532821655 0.0034369409549981356 0.022852210327982903
v 0.032896868884563446 0.0034369127824902534 0.024352209642529488
v 0.032896868884563446 0.0034369127824902534 0.024352209642529488
v 0.032896846532821655 0.0034369409549981356 0.022852210327982903
v 0.03147014230489731 0.003286711173132062 0.022852228954434395
v 0.0314701646566391 0.0032866832334548235 0.02435222826898098
v 0.0314701646566391 0.0032866832334548235 0.02435222826898098
v 0.03147014230489731 0.003286711173132062 0.022852228954434395
v 0.030227888375520706 0.0025691811461001635 0.022852232679724693
v 0.030227908864617348 0.002569153206422925 0.024352233856916428
v 0.030227908864617348 0.002569153206422925 0.024352233856916428
v 0.030227888375520706 0.0025691811461001635 0.022852232679724693
v 0.029384877532720566 0.0014084138674661517 0.022852223366498947
v 0.029384899884462357 0.0014083858113735914 0.02435222454369068
v 0.029384899884462357 0.0014083858113735914 0.02435222454369068
v 0.029384877532720566 0.0014084138674661517 0.022852223366498947
v 0.029086876660585403 5.114674877404468e-06 0.022852201014757156
v 0.029086897149682045 5.0866278797911946e-06 0.02435220219194889
v 0.029086897149682045 5.0866278797911946e-06 0.02435220219194889
v 0.029086876660585403 5.114674877404468e-06 0.022852201014757156
v 0.029385412111878395 -0.0013980708317831159 0.02285217121243477
v 0.029385434463620186 -0.0013980988878756762 0.024352170526981354
v 0.029385434463620186 -0.0013980988878756762 0.024352170526981354
v 0.029385412111878395 -0.0013980708317831159 0.02285217121243477
v 0.030228864401578903 -0.002558517036959529 0.022852137684822083
v 0.030228886753320694 -0.0025585449766367674 0.024352136999368668
v 0.030228886753320694 -0.0025585449766367674 0.024352136999368668
v 0.030228864401578903 -0.002558517036959529 0.022852137684822083
v 0.03147139400243759 -0.0032755774445831776 0.022852106019854546
v 0.03147141635417938 -0.003275605384260416 0.02435210533440113
v 0.03147141635417938 -0.003275605384260416 0.02435210533440113
v 0.03147139400243759 -0.0032755774445831776 0.022852106019854546
v 0.0325375571846962 -0.0034442548640072346 0.02435208670794964
v 0.016799651086330414 0.0285024456679821 0.04035291448235512
v 0.01853189244866371 0.02750277705490589 0.040352869778871536
v 0.016799475997686386 0.02850266918540001 0.02835291437804699
v 0.018531719222664833 0.02750300243496895 0.028352869674563408
v 0.01853189244866371 0.02750277705490589 0.040352869778871536
v 0.016799651086330414 0.0285024456679821 0.04035291448235512
v 0.01679973490536213 0.028208749368786812 0.042207010090351105
v 0.018531963229179382 0.02725803107023239 0.04189794883131981
v 0.018531963229179382 0.02725803107023239 0.04189794883131981
v 0.01679973490536213 0.028208749368786812 0.042207010090351105
v 0.016799921169877052 0.027356481179594994 0.04387960210442543
v 0.01853211782872677 0.026547808200120926 0.04329177737236023
v 0.01853211782872677 0.026547808200120926 0.04329177737236023
v 0.016799921169877052 0.027356481179594994 0.04387960210442543
v 0.01680019311606884 0.026029067113995552 0.04520697146654129
v 0.018532345071434975 0.025441624224185944 0.04439791664481163
v 0.018532345071434975 0.025441624224185944 0.04439791664481163
v 0.01680019311606884 0.026029067113995552 0.04520697146654129
v 0.016800524666905403 0.02435644157230854 0.046059176325798035
v 0.01853262074291706 0.024047771468758583 0.04510808736085892
v 0.01853262074291706 0.024047771468758583 0.04510808736085892
v 0.016800524666905403 0.02435644157230854 0.046059176325798035
v 0.016800882294774055 0.02250233292579651 0.0463528037071228
v 0.018532918766140938 0.022502681240439415 0.04535277560353279
v 0.018532918766140938 0.022502681240439415 0.04535277560353279
v 0.016800882294774055 0.02250233292579651 0.0463528037071228
v 0.01680123060941696 0.02064823918044567 0.04605910927057266
v 0.018533209338784218 0.020957602187991142 0.04510802775621414
v 0.018533209338784218 0.020957602187991142 0.04510802775621414
v 0.01680123060941696 0.02064823918044567 0.04605910927057266
v 0.016801537945866585 0.018975643441081047 0.045206837356090546
v 0.018533464521169662 0.019563773646950722 0.044397804886102676
v 0.018533464521169662 0.019563773646950722 0.044397804886102676
v 0.016801537945866585 0.018975643441081047 0.045206837356090546
v 0.01680177077651024 0.017648277804255486 0.043879423290491104
v 0.01853366009891033 0.01845763623714447 0.04329162836074829
v 0.01853366009891033 0.01845763623714447 0.04329162836074829
v 0.01680177077651024 0.017648277804255486 0.043879423290491104
v 0.016801908612251282 0.01679607294499874 0.04220679774880409
v 0.018533773720264435 0.017747465521097183 0.04189777374267578
v 0.018533773720264435 0.017747465521097183 0.04189777374267578
v 0.016801908612251282 0.01679607294499874 0.04220679774880409
v 0.01680193655192852 0.016502447426319122 0.04035269096493721
v 0.018533797934651375 0.01750277541577816 0.04035268351435661
v 0.01680183596909046 0.01650257781147957 0.03335268795490265
v 0.018533695489168167 0.017502905800938606 0.03335268422961235
v 0.01680193655192852 0.016502447426319122 0.04035269096493721
v 0.018533797934651375 0.01750277541577816 0.04035268351435661
v 0.017820294946432114 0.01399750355631113 0.028352627530694008
v 0.018534135073423386 0.014819624833762646 0.028352633118629456
v 0.0185341015458107 0.015002203173935413 0.02847866900265217
v 0.0168027151376009 0.01150266919285059 0.02835259586572647
v 0.016918104141950607 0.012322173453867435 0.028352610766887665
v 0.016802430152893066 0.013011854141950607 0.028585826978087425
v 0.016802430152893066 0.013011854141950607 0.028585826978087425
v 0.016918104141950607 0.012322173453867435 0.028352610766887665
v 0.017226094380021095 0.013085771352052689 0.02835262008011341
v 0.016802430152893066 0.013011854141950607 0.028585826978087425
v 0.017226094380021095 0.013085771352052689 0.02835262008011341
v 0.016802173107862473 0.01441865973174572 0.02929101139307022
v 0.017226094380021095 0.013085771352052689 0.02835262008011341
v 0.017820294946432114 0.01399750355631113 0.028352627530694008
v 0.016802173107862473 0.01441865973174572 0.02929101139307022
v 0.016802173107862473 0.01441865973174572 0.02929101139307022
v 0.017820294946432114 0.01399750355631113 0.028352627530694008
v 0.0185341015458107 0.015002203173935413 0.02847866900265217
v 0.016802173107862473 0.01441865973174572 0.02929101139307022
v 0.0185341015458107 0.015002203173935413 0.02847866900265217
v 0.016801975667476654 0.015536610037088394 0.030398515984416008
v 0.018533864989876747 0.016343744471669197 0.029807673767209053
v 0.016801975667476654 0.015536610037088394 0.030398515984416008
v 0.018533864989876747 0.016343744471669197 0.029807673767209053
v 0.0168018601834774 0.0162549689412117 0.03179863840341568
v 0.018533725291490555 0.017205774784088135 0.03148782253265381
v 0.0168018601834774 0.0162549689412117 0.03179863840341568
v 0.018533725291490555 0.017205774784088135 0.03148782253265381
v 0.01680183596909046 0.01650257781147957 0.03335268795490265
v 0.018533695489168167 0.017502905800938606 0.03335268422961235
v 0.018542369827628136 -0.027497224509716034 0.04035184159874916
v 0.01681050844490528 -0.028497550636529922 0.04035184904932976
v 0.018542194738984108 -0.027497000992298126 0.028351841494441032
v 0.016810335218906403 -0.028497325256466866 0.02835184894502163
v 0.018540464341640472 -0.017497219145298004 0.040352027863264084
v 0.016808222979307175 -0.016497556120157242 0.040352072566747665
v 0.01680830679833889 -0.016791246831417084 0.04220616817474365
v 0.018540535122156143 -0.017741970717906952 0.041897110641002655
v 0.018540535122156143 -0.017741970717906952 0.041897110641002655
v 0.01680830679833889 -0.016791246831417084 0.04220616817474365
v 0.016808493062853813 -0.01764352060854435 0.04387876018881798
v 0.01854068972170353 -0.018452193588018417 0.043290939182043076
v 0.01854068972170353 -0.018452193588018417 0.043290939182043076
v 0.016808493062853813 -0.01764352060854435 0.04387876018881798
v 0.0168087650090456 -0.018970932811498642 0.04520612955093384
v 0.018540916964411736 -0.019558371976017952 0.04439707472920418
v 0.018540916964411736 -0.019558371976017952 0.04439707472920418
v 0.0168087650090456 -0.018970932811498642 0.04520612955093384
v 0.016809096559882164 -0.020643560215830803 0.04605833441019058
v 0.01854119263589382 -0.020952224731445312 0.045107245445251465
v 0.01854119263589382 -0.020952224731445312 0.045107245445251465
v 0.016809096559882164 -0.020643560215830803 0.04605833441019058
v 0.016809454187750816 -0.022497665137052536 0.04635196179151535
v 0.0185414906591177 -0.02249731682240963 0.04535193368792534
v 0.0185414906591177 -0.02249731682240963 0.04535193368792534
v 0.016809454187750816 -0.022497665137052536 0.04635196179151535
v 0.016809802502393723 -0.024351758882403374 0.04605826735496521
v 0.01854178123176098 -0.024042397737503052 0.04510718584060669
v 0.01854178123176098 -0.024042397737503052 0.04510718584060669
v 0.016809802502393723 -0.024351758882403374 0.04605826735496521
v 0.016810109838843346 -0.02602435275912285 0.04520599544048309
v 0.018542036414146423 -0.025436224415898323 0.044396962970495224
v 0.018542036414146423 -0.025436224415898323 0.044396962970495224
v 0.016810109838843346 -0.02602435275912285 0.04520599544048309
v 0.016810342669487 -0.027351723983883858 0.04387858137488365
v 0.018542231991887093 -0.026542361825704575 0.04329078644514084
v 0.018542231991887093 -0.026542361825704575 0.04329078644514084
v 0.016810342669487 -0.027351723983883858 0.04387858137488365
v 0.016810480505228043 -0.028203926980495453 0.04220595583319664
v 0.018542345613241196 -0.02725253254175186 0.04189693182706833
v 0.018542345613241196 -0.02725253254175186 0.04189693182706833
v 0.016810480505228043 -0.028203926980495453 0.04220595583319664
v 0.01681050844490528 -0.028497550636529922 0.04035184904932976
v 0.018542369827628136 -0.027497224509716034 0.04035184159874916
v 0.018540363758802414 -0.017497088760137558 0.03335202857851982
v 0.016808120533823967 -0.016497423872351646 0.0333520732820034
v 0.018540464341640472 -0.017497219145298004 0.040352027863264084
v 0.016808222979307175 -0.016497556120157242 0.040352072566747665
v 0.01680709607899189 -0.01149732805788517 0.028352165594697
v 0.01680738665163517 -0.013006522320210934 0.028585340827703476
v 0.01692168414592743 -0.012312809936702251 0.028352148830890656
v 0.01692168414592743 -0.012312809936702251 0.028352148830890656
v 0.01680738665163517 -0.013006522320210934 0.028585340827703476
v 0.017231078818440437 -0.013080265372991562 0.028352130204439163
v 0.017231078818440437 -0.013080265372991562 0.028352130204439163
v 0.01680738665163517 -0.013006522320210934 0.028585340827703476
v 0.017823604866862297 -0.013989160768687725 0.028352104127407074
v 0.017823604866862297 -0.013989160768687725 0.028352104127407074
v 0.01680738665163517 -0.013006522320210934 0.028585340827703476
v 0.016807666048407555 -0.014413353987038136 0.029290471225976944
v 0.017823604866862297 -0.013989160768687725 0.028352104127407074
v 0.016807666048407555 -0.014413353987038136 0.029290471225976944
v 0.018539778888225555 -0.014813624322414398 0.028352079913020134
v 0.016808120533823967 -0.016497423872351646 0.0333520732820034
v 0.018540363758802414 -0.017497088760137558 0.03335202857851982
v 0.016808051615953445 -0.016249753534793854 0.03179803118109703
v 0.0185402799397707 -0.017199888825416565 0.031487178057432175
v 0.016808051615953445 -0.016249753534793854 0.03179803118109703
v 0.0185402799397707 -0.017199888825416565 0.031487178057432175
v 0.01680789515376091 -0.015531341545283794 0.030397934839129448
v 0.018540089949965477 -0.016337795183062553 0.029807062819600105
v 0.01680789515376091 -0.015531341545283794 0.030397934839129448
v 0.018540089949965477 -0.016337795183062553 0.029807062819600105
v 0.016807666048407555 -0.014413353987038136 0.029290471225976944
v 0.01853981614112854 -0.014996211044490337 0.02847810834646225
v 0.016807666048407555 -0.014413353987038136 0.029290471225976944
v 0.01853981614112854 -0.014996211044490337 0.02847810834646225
v 0.018539778888225555 -0.014813624322414398 0.028352079913020134
v 0.03253203257918358 0.026773391291499138 0.040352653712034225
v 0.03353170305490494 0.028505632653832436 0.04035267233848572
v 0.03253185749053955 0.026773614808917046 0.028352653607726097
v 0.03353152796626091 0.028505858033895493 0.02835267037153244
v 0.032533660531044006 0.01823749579489231 0.04035249352455139
v 0.03353399038314819 0.016505634412169456 0.04035244509577751
v 0.033533960580825806 0.016799261793494225 0.042206551879644394
v 0.032533638179302216 0.018446359783411026 0.04167136549949646
v 0.032533638179302216 0.018446359783411026 0.04167136549949646
v 0.033533960580825806 0.016799261793494225 0.042206551879644394
v 0.03353382274508476 0.01765146479010582 0.043879177421331406
v 0.032533541321754456 0.019052553921937943 0.04286114498972893
v 0.032533541321754456 0.019052553921937943 0.04286114498972893
v 0.03353382274508476 0.01765146479010582 0.043879177421331406
v 0.03353358805179596 0.01897883042693138 0.045206595212221146
v 0.032533373683691025 0.01999673992395401 0.04380536824464798
v 0.032533373683691025 0.01999673992395401 0.04380536824464798
v 0.03353358805179596 0.01897883042693138 0.045206595212221146
v 0.033533282577991486 0.020651426166296005 0.046058863401412964
v 0.032533157616853714 0.021186497062444687 0.044411610811948776
v 0.032533157616853714 0.021186497062444687 0.044411610811948776
v 0.033533282577991486 0.020651426166296005 0.046058863401412964
v 0.03353293240070343 0.022505519911646843 0.046352557837963104
v 0.03253290802240372 0.02250536158680916 0.04462052136659622
v 0.03253290802240372 0.02250536158680916 0.04462052136659622
v 0.03353293240070343 0.022505519911646843 0.046352557837963104
v 0.03353257477283478 0.024359628558158875 0.046058934181928635
v 0.03253265470266342 0.023824237287044525 0.044411659240722656
v 0.03253265470266342 0.023824237287044525 0.044411659240722656
v 0.03353257477283478 0.024359628558158875 0.046058934181928635
v 0.03353224694728851 0.026032254099845886 0.04520672559738159
v 0.03253242000937462 0.025014016777276993 0.04380546137690544
v 0.03253242000937462 0.025014016777276993 0.04380546137690544
v 0.03353224694728851 0.026032254099845886 0.04520672559738159
v 0.03353197127580643 0.027359668165445328 0.04387935996055603
v 0.0325322262942791 0.025958240032196045 0.042861275374889374
v 0.0325322262942791 0.025958240032196045 0.042861275374889374
v 0.03353197127580643 0.027359668165445328 0.04387935996055603
v 0.033531785011291504 0.028211936354637146 0.042206767946481705
v 0.032532092183828354 0.026564478874206543 0.0416715182363987
v 0.032532092183828354 0.026564478874206543 0.0416715182363987
v 0.033531785011291504 0.028211936354637146 0.042206767946481705
v 0.03353170305490494 0.028505632653832436 0.04035267233848572
v 0.03253203257918358 0.026773391291499138 0.040352653712034225
v 0.03253355622291565 0.018237626180052757 0.03335249051451683
v 0.033533886075019836 0.016505764797329903 0.03335244581103325
v 0.032533660531044006 0.01823749579489231 0.04035249352455139
v 0.03353399038314819 0.016505634412169456 0.04035244509577751
v 0.03353476524353027 0.011505856178700924 0.02835235185921192
v 0.03353453055024147 0.012761980295181274 0.028512731194496155
v 0.03343886882066727 0.012803584337234497 0.02835237793624401
v 0.03343886882066727 0.012803584337234497 0.02835237793624401
v 0.03353453055024147 0.012761980295181274 0.028512731194496155
v 0.03309962525963783 0.014350788667798042 0.028352411463856697
v 0.03353453055024147 0.012761980295181274 0.028512731194496155
v 0.03353447467088699 0.01305093802511692 0.028597097843885422
v 0.03309962525963783 0.014350788667798042 0.028352411463856697
v 0.03309962525963783 0.014350788667798042 0.028352411463856697
v 0.03353447467088699 0.01305093802511692 0.028597097843885422
v 0.033534303307533264 0.013978587463498116 0.029006648808717728
v 0.03309962525963783 0.014350788667798042 0.028352411463856697
v 0.033534303307533264 0.013978587463498116 0.029006648808717728
v 0.032533906400203705 0.01601349376142025 0.02835245057940483
v 0.032533906400203705 0.01601349376142025 0.02835245057940483
v 0.033534303307533264 0.013978587463498116 0.029006648808717728
v 0.0335342213511467 0.014444764703512192 0.029307322576642036
v 0.032533906400203705 0.01601349376142025 0.02835245057940483
v 0.0335342213511467 0.014444764703512192 0.029307322576642036
v 0.03253386542201042 0.016243455931544304 0.028569797053933144
v 0.03253386542201042 0.016243455931544304 0.028569797053933144
v 0.0335342213511467 0.014444764703512192 0.029307322576642036
v 0.03353411704301834 0.015024663880467415 0.029800262302160263
v 0.03253386542201042 0.016243455931544304 0.028569797053933144
v 0.03353411704301834 0.015024663880467415 0.029800262302160263
v 0.0325336828827858 0.017325161024928093 0.029968151822686195
v 0.03353411704301834 0.015024663880467415 0.029800262302160263
v 0.03353402763605118 0.015550905838608742 0.03041350096464157
v 0.0325336828827858 0.017325161024928093 0.029968151822686195
v 0.0325336828827858 0.017325161024928093 0.029968151822686195
v 0.03353402763605118 0.015550905838608742 0.03041350096464157
v 0.0335339792072773 0.01582806371152401 0.030838841572403908
v 0.0325336828827858 0.017325161024928093 0.029968151822686195
v 0.0335339792072773 0.01582806371152401 0.030838841572403908
v 0.03253357484936714 0.018005525693297386 0.03159989416599274
v 0.033533886075019836 0.016505764797329903 0.03335244581103325
v 0.03253355622291565 0.018237626180052757 0.03335249051451683
v 0.03353390097618103 0.016333380714058876 0.032050762325525284
v 0.03253357484936714 0.018005525693297386 0.03159989416599274
v 0.03353390097618103 0.016333380714058876 0.032050762325525284
v 0.03253357484936714 0.018005525693297386 0.03159989416599274
v 0.033533912152051926 0.01626107655465603 0.03180735558271408
v 0.033533912152051926 0.01626107655465603 0.03180735558271408
v 0.03253357484936714 0.018005525693297386 0.03159989416599274
v 0.0335339792072773 0.01582806371152401 0.030838841572403908
v 0.033542562276124954 -0.02849436178803444 0.04035160318017006
v 0.03254223242402077 -0.02676250971853733 0.04035165160894394
v 0.033542387187480927 -0.02849413827061653 0.02835160493850708
v 0.03254205733537674 -0.026762284338474274 0.02835165150463581
v 0.03254223242402077 -0.02676250971853733 0.04035165160894394
v 0.033542562276124954 -0.02849436178803444 0.04035160318017006
v 0.033542532473802567 -0.02820073999464512 0.04220570996403694
v 0.032542210072278976 -0.026553642004728317 0.04167052358388901
v 0.032542210072278976 -0.026553642004728317 0.04167052358388901
v 0.033542532473802567 -0.02820073999464512 0.04220570996403694
v 0.03354239463806152 -0.027348536998033524 0.04387833550572395
v 0.032542113214731216 -0.0259474478662014 0.042860303074121475
v 0.032542113214731216 -0.0259474478662014 0.042860303074121475
v 0.03354239463806152 -0.027348536998033524 0.04387833550572395
v 0.03354215994477272 -0.026021165773272514 0.04520575329661369
v 0.032541945576667786 -0.025003260001540184 0.04380452632904053
v 0.032541945576667786 -0.025003260001540184 0.04380452632904053
v 0.03354215994477272 -0.026021165773272514 0.04520575329661369
v 0.033541854470968246 -0.02434857189655304 0.04605802148580551
v 0.032541729509830475 -0.023813502863049507 0.044410768896341324
v 0.032541729509830475 -0.023813502863049507 0.044410768896341324
v 0.033541854470968246 -0.02434857189655304 0.04605802148580551
v 0.03354150429368019 -0.022494478151202202 0.04635171964764595
v 0.03254147991538048 -0.022494636476039886 0.04461967945098877
v 0.03254147991538048 -0.022494636476039886 0.04461967945098877
v 0.03354150429368019 -0.022494478151202202 0.04635171964764595
v 0.03354114666581154 -0.02064037322998047 0.04605809226632118
v 0.03254122659564018 -0.02117575891315937 0.044410817325115204
v 0.03254122659564018 -0.02117575891315937 0.044410817325115204
v 0.03354114666581154 -0.02064037322998047 0.04605809226632118
v 0.033540818840265274 -0.018967745825648308 0.04520588368177414
v 0.03254099190235138 -0.019985979422926903 0.04380461946129799
v 0.03254099190235138 -0.019985979422926903 0.04380461946129799
v 0.033540818840265274 -0.018967745825648308 0.04520588368177414
v 0.03354054316878319 -0.017640333622694016 0.04387851804494858
v 0.03254079818725586 -0.019041758030653 0.04286043345928192
v 0.03254079818725586 -0.019041758030653 0.04286043345928192
v 0.03354054316878319 -0.017640333622694016 0.04387851804494858
v 0.033540356904268265 -0.01678805984556675 0.04220592603087425
v 0.032540664076805115 -0.018435519188642502 0.041670676320791245
v 0.032540664076805115 -0.018435519188642502 0.041670676320791245
v 0.033540356904268265 -0.01678805984556675 0.04220592603087425
v 0.0335402749478817 -0.016494369134306908 0.040351830422878265
v 0.03254060447216034 -0.018226610496640205 0.04035181179642677
v 0.03354017436504364 -0.016494236886501312 0.033351827412843704
v 0.03254050388932228 -0.01822647824883461 0.03335180878639221
v 0.0335402749478817 -0.016494369134306908 0.040351830422878265
v 0.03254060447216034 -0.018226610496640205 0.04035181179642677
v 0.033105090260505676 -0.014339235611259937 0.02835187502205372
v 0.03353944420814514 -0.013039232231676579 0.028596609830856323
v 0.033443745225667953 -0.01279190182685852 0.02835189923644066
v 0.033443745225667953 -0.01279190182685852 0.02835189923644066
v 0.03353944420814514 -0.013039232231676579 0.028596609830856323
v 0.033539388328790665 -0.012750267051160336 0.02851225435733795
v 0.033443745225667953 -0.01279190182685852 0.02835189923644066
v 0.033539388328790665 -0.012750267051160336 0.02851225435733795
v 0.033539146184921265 -0.011494141072034836 0.02835192158818245
v 0.03254043310880661 -0.017994308844208717 0.031599219888448715
v 0.03254050388932228 -0.01822647824883461 0.03335180878639221
v 0.03354017436504364 -0.016494236886501312 0.033351827412843704
v 0.03354012221097946 -0.016321798786520958 0.032050151377916336
v 0.03254043310880661 -0.017994308844208717 0.031599219888448715
v 0.03354012221097946 -0.016321798786520958 0.032050151377916336
v 0.03354010358452797 -0.016249487176537514 0.03180674836039543
v 0.03254043310880661 -0.017994308844208717 0.031599219888448715
v 0.03354010358452797 -0.016249487176537514 0.03180674836039543
v 0.03254028037190437 -0.01731388457119465 0.029967503622174263
v 0.03354010358452797 -0.016249487176537514 0.03180674836039543
v 0.03354000672698021 -0.01581644080579281 0.030838249251246452
v 0.03254028037190437 -0.01731388457119465 0.029967503622174263
v 0.03254028037190437 -0.01731388457119465 0.029967503622174263
v 0.03354000672698021 -0.01581644080579281 0.030838249251246452
v 0.033539947122335434 -0.015539263375103474 0.03041291981935501
v 0.03254028037190437 -0.01731388457119465 0.029967503622174263
v 0.033539947122335434 -0.015539263375103474 0.03041291981935501
v 0.03254005312919617 -0.01623212918639183 0.028569189831614494
v 0.03254005312919617 -0.01623212918639183 0.028569189831614494
v 0.033539947122335434 -0.015539263375103474 0.03041291981935501
v 0.03353983908891678 -0.015013002790510654 0.029799699783325195
v 0.03254005312919617 -0.01623212918639183 0.028569189831614494
v 0.03353983908891678 -0.015013002790510654 0.029799699783325195
v 0.03254000470042229 -0.01600215584039688 0.028351852670311928
v 0.03254000470042229 -0.01600215584039688 0.028351852670311928
v 0.03353983908891678 -0.015013002790510654 0.029799699783325195
v 0.03353971987962723 -0.014433084987103939 0.02930678240954876
v 0.03254000470042229 -0.01600215584039688 0.028351852670311928
v 0.03353971987962723 -0.014433084987103939 0.02930678240954876
v 0.033105090260505676 -0.014339235611259937 0.02835187502205372
v 0.033105090260505676 -0.014339235611259937 0.02835187502205372
v 0.03353971987962723 -0.014433084987103939 0.02930678240954876
v 0.033539626747369766 -0.013966896571218967 0.029006127268075943
v 0.033105090260505676 -0.014339235611259937 0.02835187502205372
v 0.033539626747369766 -0.013966896571218967 0.029006127268075943
v 0.03353944420814514 -0.013039232231676579 0.028596609830856323
v 0.02841947227716446 0.015391657128930092 0.022352498024702072
v 0.02848382294178009 0.016005007550120354 0.022352509200572968
v 0.02898382768034935 0.016005095094442368 0.022852502763271332
v 0.02898382768034935 0.016005095094442368 0.022852502763271332
v 0.02848382294178009 0.016005007550120354 0.022352509200572968
v 0.028908301144838333 0.01672237366437912 0.022852515801787376
v 0.028419239446520805 0.016618335619568825 0.022352522239089012
v 0.028908301144838333 0.01672237366437912 0.022852515801787376
v 0.028419239446520805 0.016618335619568825 0.022352522239089012
v 0.027920091524720192 0.017738867551088333 0.02235255017876625
v 0.0283245500177145 0.018032826483249664 0.022852549329400063
v 0.0283245500177145 0.018032826483249664 0.022852549329400063
v 0.027920091524720192 0.017738867551088333 0.02235255017876625
v 0.027008334174752235 0.018559502437710762 0.02235257811844349
v 0.027258260175585747 0.018992552533745766 0.02285258285701275
v 0.027258260175585747 0.018992552533745766 0.02285258285701275
v 0.027008334174752235 0.018559502437710762 0.02235257811844349
v 0.025841621682047844 0.018938342109322548 0.02235260233283043
v 0.0258937980979681 0.01943560689687729 0.022852610796689987
v 0.0258937980979681 0.01943560689687729 0.022852610796689987
v 0.025841621682047844 0.018938342109322548 0.02235260233283043
v 0.024621687829494476 0.018809888511896133 0.022352617233991623
v 0.024467095732688904 0.019285380840301514 0.02285262942314148
v 0.024467095732688904 0.019285380840301514 0.02285262942314148
v 0.024621687829494476 0.018809888511896133 0.022352617233991623
v 0.023559467867016792 0.01819634810090065 0.02235262282192707
v 0.023224839940667152 0.018567847087979317 0.022852633148431778
v 0.023224839940667152 0.018567847087979317 0.022852633148431778
v 0.023559467867016792 0.01819634810090065 0.02235262282192707
v 0.022838633507490158 0.01720380410552025 0.022352613508701324
v 0.022381829097867012 0.01740707829594612 0.022852623835206032
v 0.022381829097867012 0.01740707829594612 0.022852623835206032
v 0.022838633507490158 0.01720380410552025 0.022352613508701324
v 0.022583821788430214 0.016003884375095367 0.022352594882249832
v 0.02208382822573185 0.01600378006696701 0.02285260334610939
v 0.02208382822573185 0.01600378006696701 0.02285260334610939
v 0.022583821788430214 0.016003884375095367 0.022352594882249832
v 0.02283908985555172 0.014804057776927948 0.022352568805217743
v 0.02238236367702484 0.014600594528019428 0.022852571681141853
v 0.02238236367702484 0.014600594528019428 0.022852571681141853
v 0.02283908985555172 0.014804057776927948 0.022352568805217743
v 0.023560304194688797 0.013811793178319931 0.022352540865540504
v 0.0232258178293705 0.01344014797359705 0.022852538153529167
v 0.0232258178293705 0.01344014797359705 0.022852538153529167
v 0.023560304194688797 0.013811793178319931 0.022352540865540504
v 0.024622756987810135 0.013198656029999256 0.022352512925863266
v 0.024468345567584038 0.012723087333142757 0.02285250648856163
v 0.024468345567584038 0.012723087333142757 0.02285250648856163
v 0.024622756987810135 0.013198656029999256 0.022352512925863266
v 0.025842739269137383 0.013070664368569851 0.022352492436766624
v 0.025895103812217712 0.012573405168950558 0.02285248227417469
v 0.025895103812217712 0.012573405168950558 0.02285248227417469
v 0.025842739269137383 0.013070664368569851 0.022352492436766624
v 0.027009308338165283 0.013449952937662601 0.02235248312354088
v 0.027259398251771927 0.013016978278756142 0.022852471098303795
v 0.027259398251771927 0.013016978278756142 0.022852471098303795
v 0.027009308338165283 0.013449952937662601 0.02235248312354088
v 0.02792075276374817 0.014270935207605362 0.022352484986186028
v 0.02832532301545143 0.013977110385894775 0.022852472960948944
v 0.02832532301545143 0.013977110385894775 0.022852472960948944
v 0.02792075276374817 0.014270935207605362 0.022352484986186028
v 0.02841947227716446 0.015391657128930092 0.022352498024702072
v 0.02890857495367527 0.015287782996892929 0.022852489724755287
v 0.02890857495367527 0.015287782996892929 0.022852489724755287
v 0.021422522142529488 -0.0006096751894801855 0.022352302446961403
v 0.02148686908185482 3.676324922707863e-06 0.02235231176018715
v 0.02198687568306923 3.7622191939590266e-06 0.022852305322885513
v 0.02198687568306923 3.7622191939590266e-06 0.022852305322885513
v 0.02148686908185482 3.676324922707863e-06 0.02235231176018715
v 0.021911349147558212 0.0007210450130514801 0.022852320224046707
v 0.021422287449240685 0.0006170033011585474 0.022352324798703194
v 0.021911349147558212 0.0007210450130514801 0.022852320224046707
v 0.021422287449240685 0.0006170033011585474 0.022352324798703194
v 0.02092313952744007 0.001737535116262734 0.022352352738380432
v 0.02132759802043438 0.002031490905210376 0.022852351889014244
v 0.02132759802043438 0.002031490905210376 0.022852351889014244
v 0.02092313952744007 0.001737535116262734 0.022352352738380432
v 0.020011382177472115 0.0025581696536391973 0.02235238067805767
v 0.020261308178305626 0.0029912206809967756 0.02285238541662693
v 0.020261308178305626 0.0029912206809967756 0.02285238541662693
v 0.020011382177472115 0.0025581696536391973 0.02235238067805767
v 0.018844669684767723 0.0029370104894042015 0.02235240489244461
v 0.01889684610068798 0.003434274112805724 0.02285241335630417
v 0.01889684610068798 0.003434274112805724 0.02285241335630417
v 0.018844669684767723 0.0029370104894042015 0.02235240489244461
v 0.017624735832214355 0.002808553632348776 0.022352421656250954
v 0.017470141872763634 0.003284044563770294 0.02285243198275566
v 0.017470141872763634 0.003284044563770294 0.02285243198275566
v 0.017624735832214355 0.002808553632348776 0.022352421656250954
v 0.01656251586973667 0.002195012057200074 0.022352425381541252
v 0.01622788794338703 0.002566514303907752 0.02285243757069111
v 0.01622788794338703 0.002566514303907752 0.02285243757069111
v 0.01656251586973667 0.002195012057200074 0.022352425381541252
v 0.015841681510210037 0.0012024723691865802 0.022352416068315506
v 0.015384878031909466 0.0014057470252737403 0.022852428257465363
v 0.015384878031909466 0.0014057470252737403 0.022852428257465363
v 0.015841681510210037 0.0012024723691865802 0.022352416068315506
v 0.015586869791150093 2.5524534521537134e-06 0.022352397441864014
v 0.015086877159774303 2.447861106702476e-06 0.022852405905723572
v 0.015086877159774303 2.447861106702476e-06 0.022852405905723572
v 0.015586869791150093 2.5524534521537134e-06 0.022352397441864014
v 0.015842139720916748 -0.0011972702341154218 0.022352371364831924
v 0.015385412611067295 -0.0014007376739755273 0.022852374240756035
v 0.015385412611067295 -0.0014007376739755273 0.022852374240756035
v 0.015842139720916748 -0.0011972702341154218 0.022352371364831924
v 0.016563352197408676 -0.002189542865380645 0.022352343425154686
v 0.01622886396944523 -0.0025611836463212967 0.02285234071314335
v 0.01622886396944523 -0.0025611836463212967 0.02285234071314335
v 0.016563352197408676 -0.002189542865380645 0.022352343425154686
v 0.017625803127884865 -0.0028026795480400324 0.022352315485477448
v 0.017471391707658768 -0.003278244286775589 0.022852309048175812
v 0.017471391707658768 -0.003278244286775589 0.022852309048175812
v 0.017625803127884865 -0.0028026795480400324 0.022352315485477448
v 0.01884578727185726 -0.002930664224550128 0.022352294996380806
v 0.01889815367758274 -0.003427930409088731 0.02285228669643402
v 0.01889815367758274 -0.003427930409088731 0.02285228669643402
v 0.01884578727185726 -0.002930664224550128 0.022352294996380806
v 0.020012356340885162 -0.0025513789150863886 0.02235228568315506
v 0.020262446254491806 -0.0029843533411622047 0.022852273657917976
v 0.020262446254491806 -0.0029843533411622047 0.022852273657917976
v 0.020012356340885162 -0.0025513789150863886 0.02235228568315506
v 0.0209237989038229 -0.0017303971108049154 0.02235228754580021
v 0.02132837101817131 -0.0020242249593138695 0.022852277383208275
v 0.02132837101817131 -0.0020242249593138695 0.022852277383208275
v 0.0209237989038229 -0.0017303971108049154 0.02235228754580021
v 0.021422522142529488 -0.0006096751894801855 0.022352302446961403
v 0.02191162295639515 -0.0007135493215173483 0.02285229228436947
v 0.02191162295639515 -0.0007135493215173483 0.02285229228436947
v 0.03542252257466316 -0.0006070083472877741 0.022352097555994987
v 0.035486869513988495 6.343138920783531e-06 0.022352108731865883
v 0.035986874252557755 6.429032964661019e-06 0.022852100431919098
v 0.035986874252557755 6.429032964661019e-06 0.022852100431919098
v 0.035486869513988495 6.343138920783531e-06 0.022352108731865883
v 0.03591134771704674 0.0007237118552438915 0.022852115333080292
v 0.03542228788137436 0.0006196700851432979 0.022352119907736778
v 0.03591134771704674 0.0007237118552438915 0.022852115333080292
v 0.03542228788137436 0.0006196700851432979 0.022352119907736778
v 0.034923139959573746 0.0017402019584551454 0.022352147847414017
v 0.035327598452568054 0.002034157747402787 0.022852148860692978
v 0.035327598452568054 0.002034157747402787 0.022852148860692978
v 0.034923139959573746 0.0017402019584551454 0.022352147847414017
v 0.03401138260960579 0.0025608364958316088 0.022352177649736404
v 0.0342613086104393 0.002993887523189187 0.022852182388305664
v 0.0342613086104393 0.002993887523189187 0.022852182388305664
v 0.03401138260960579 0.0025608364958316088 0.022352177649736404
v 0.0328446701169014 0.002939677331596613 0.022352201864123344
v 0.032896846532821655 0.0034369409549981356 0.022852210327982903
v 0.032896846532821655 0.0034369409549981356 0.022852210327982903
v 0.0328446701169014 0.002939677331596613 0.022352201864123344
v 0.03162473440170288 0.0028112204745411873 0.02235221676528454
v 0.03147014230489731 0.003286711173132062 0.022852228954434395
v 0.03147014230489731 0.003286711173132062 0.022852228954434395
v 0.03162473440170288 0.0028112204745411873 0.02235221676528454
v 0.030562516301870346 0.0021976788993924856 0.022352220490574837
v 0.030227888375520706 0.0025691811461001635 0.022852232679724693
v 0.030227888375520706 0.0025691811461001635 0.022852232679724693
v 0.030562516301870346 0.0021976788993924856 0.022352220490574837
v 0.029841681942343712 0.0012051390949636698 0.02235221303999424
v 0.029384877532720566 0.0014084138674661517 0.022852223366498947
v 0.029384877532720566 0.0014084138674661517 0.022852223366498947
v 0.029841681942343712 0.0012051390949636698 0.02235221303999424
v 0.029586870223283768 5.219267222855706e-06 0.022352194413542747
v 0.029086876660585403 5.114674877404468e-06 0.022852201014757156
v 0.029086876660585403 5.114674877404468e-06 0.022852201014757156
v 0.029586870223283768 5.219267222855706e-06 0.022352194413542747
v 0.029842140153050423 -0.0011946033919230103 0.022352168336510658
v 0.029385412111878395 -0.0013980708317831159 0.02285217121243477
v 0.029385412111878395 -0.0013980708317831159 0.02285217121243477
v 0.029842140153050423 -0.0011946033919230103 0.022352168336510658
v 0.0305633507668972 -0.0021868760231882334 0.02235213853418827
v 0.030228864401578903 -0.002558517036959529 0.022852137684822083
v 0.030228864401578903 -0.002558517036959529 0.022852137684822083
v 0.0305633507668972 -0.0021868760231882334 0.02235213853418827
v 0.03162580356001854 -0.0028000129386782646 0.02235211245715618
v 0.03147139400243759 -0.0032755774445831776 0.022852106019854546
v 0.03147139400243759 -0.0032755774445831776 0.022852106019854546
v 0.03162580356001854 -0.0028000129386782646 0.02235211245715618
v 0.032845787703990936 -0.0029279973823577166 0.02235209196805954
v 0.032898154109716415 -0.0034252635668963194 0.022852081805467606
v 0.032898154109716415 -0.0034252635668963194 0.022852081805467606
v 0.032845787703990936 -0.0029279973823577166 0.02235209196805954
v 0.03401235491037369 -0.002548712072893977 0.022352082654833794
v 0.03426244482398033 -0.002981686731800437 0.02285207062959671
v 0.03426244482398033 -0.002981686731800437 0.02285207062959671
v 0.03401235491037369 -0.002548712072893977 0.022352082654833794
v 0.034923799335956573 -0.001727730268612504 0.022352084517478943
v 0.035328373312950134 -0.002021558117121458 0.02285207249224186
v 0.035328373312950134 -0.002021558117121458 0.02285207249224186
v 0.034923799335956573 -0.001727730268612504 0.022352084517478943
v 0.03542252257466316 -0.0006070083472877741 0.022352097555994987
v 0.035911623388528824 -0.0007108825375325978 0.022852089256048203
v 0.035911623388528824 -0.0007108825375325978 0.022852089256048203
v 0.028425568714737892 -0.01660834439098835 0.02235190011560917
v 0.028489917516708374 -0.01599499210715294 0.022351911291480064
v 0.028989924117922783 -0.015994906425476074 0.02285190299153328
v 0.028989924117922783 -0.015994906425476074 0.02285190299153328
v 0.028489917516708374 -0.01599499210715294 0.022351911291480064
v 0.028914397582411766 -0.015277624130249023 0.022851917892694473
v 0.02842533402144909 -0.015381665900349617 0.02235192246735096
v 0.028914397582411766 -0.015277624130249023 0.022851917892694473
v 0.02842533402144909 -0.015381665900349617 0.02235192246735096
v 0.027926187962293625 -0.014261133968830109 0.022351952269673347
v 0.028330646455287933 -0.013967170380055904 0.02285195142030716
v 0.028330646455287933 -0.013967170380055904 0.02285195142030716
v 0.027926187962293625 -0.014261133968830109 0.022351952269673347
v 0.02701443061232567 -0.01344049908220768 0.022351980209350586
v 0.02726435475051403 -0.013007448054850101 0.022851984947919846
v 0.02726435475051403 -0.013007448054850101 0.022851984947919846
v 0.02701443061232567 -0.01344049908220768 0.022351980209350586
v 0.025847716256976128 -0.01306165847927332 0.022352004423737526
v 0.025899892672896385 -0.012564390897750854 0.022852012887597084
v 0.025899892672896385 -0.012564390897750854 0.022852012887597084
v 0.025847716256976128 -0.01306165847927332 0.022352004423737526
v 0.02462778240442276 -0.01319010742008686 0.02235201932489872
v 0.024473190307617188 -0.012714620679616928 0.022852031514048576
v 0.024473190307617188 -0.012714620679616928 0.022852031514048576
v 0.02462778240442276 -0.01319010742008686 0.02235201932489872
v 0.023565564304590225 -0.013803649693727493 0.022352023050189018
v 0.023230936378240585 -0.013432154431939125 0.022852035239338875
v 0.023230936378240585 -0.013432154431939125 0.022852035239338875
v 0.023565564304590225 -0.013803649693727493 0.022352023050189018
v 0.022844728082418442 -0.014796196483075619 0.02235201559960842
v 0.022387925535440445 -0.014592922292649746 0.02285202592611313
v 0.022387925535440445 -0.014592922292649746 0.02285202592611313
v 0.022844728082418442 -0.014796196483075619 0.02235201559960842
v 0.022589916363358498 -0.015996117144823074 0.02235199697315693
v 0.022089924663305283 -0.01599622145295143 0.022852003574371338
v 0.022089924663305283 -0.01599622145295143 0.022852003574371338
v 0.022589916363358498 -0.015996117144823074 0.02235199697315693
v 0.022845186293125153 -0.017195940017700195 0.02235197089612484
v 0.022388460114598274 -0.01739940606057644 0.02285197377204895
v 0.022388460114598274 -0.01739940606057644 0.02285197377204895
v 0.022845186293125153 -0.017195940017700195 0.02235197089612484
v 0.02356639876961708 -0.018188204616308212 0.022351941093802452
v 0.023231912404298782 -0.018559852614998817 0.022851940244436264
v 0.023231912404298782 -0.018559852614998817 0.022851940244436264
v 0.02356639876961708 -0.018188204616308212 0.022351941093802452
v 0.02462885156273842 -0.018801340833306313 0.022351915016770363
v 0.02447444200515747 -0.01927691325545311 0.022851908579468727
v 0.02447444200515747 -0.01927691325545311 0.022851908579468727
v 0.02462885156273842 -0.018801340833306313 0.022351915016770363
v 0.025848833844065666 -0.018929332494735718 0.02235189452767372
v 0.025901200249791145 -0.01942659169435501 0.022851884365081787
v 0.025901200249791145 -0.01942659169435501 0.022851884365081787
v 0.025848833844065666 -0.018929332494735718 0.02235189452767372
v 0.027015402913093567 -0.018550047650933266 0.022351885214447975
v 0.02726549468934536 -0.0189830232411623 0.02285187318921089
v 0.02726549468934536 -0.0189830232411623 0.02285187318921089
v 0.027015402913093567 -0.018550047650933266 0.022351885214447975
v 0.027926847338676453 -0.01772906631231308 0.022351887077093124
v 0.028331417590379715 -0.018022887408733368 0.02285187505185604
v 0.028331417590379715 -0.018022887408733368 0.02285187505185604
v 0.027926847338676453 -0.01772906631231308 0.022351887077093124
v 0.028425568714737892 -0.01660834439098835 0.02235190011560917
v 0.028914669528603554 -0.016712218523025513 0.022851891815662384
v 0.028914669528603554 -0.016712218523025513 0.022851891815662384
v 0.03653474897146225 0.01150644663721323 0.027352306991815567
v 0.03553476557135582 0.011506237089633942 0.028352323919534683
v 0.03653912991285324 -0.011493551544845104 0.027351878583431244
v 0.03553914651274681 -0.011493760161101818 0.02835189364850521
v 0.036534763872623444 0.011506428010761738 0.02835230901837349
v 0.03553476557135582 0.011506237089633942 0.028352323919534683
v 0.03653474897146225 0.01150644663721323 0.027352306991815567
v 0.03653912991285324 -0.011493551544845104 0.027351878583431244
v 0.03553914651274681 -0.011493760161101818 0.02835189364850521
v 0.036539144814014435 -0.011493570171296597 0.028351878747344017
v 0.015534766018390656 0.011502427980303764 0.028352614492177963
v 0.014534751884639263 0.01150225568562746 0.027352629229426384
v 0.015539146959781647 -0.01149757020175457 0.02835218422114849
v 0.014539132826030254 -0.0114977415651083 0.02735219895839691
v 0.014534751884639263 0.01150225568562746 0.027352629229426384
v 0.015534766018390656 0.011502427980303764 0.028352614492177963
v 0.014534766785800457 0.011502237059175968 0.028352629393339157
v 0.014539147727191448 -0.011497760191559792 0.028352199122309685
v 0.015539146959781647 -0.01149757020175457 0.02835218422114849
v 0.014539132826030254 -0.0114977415651083 0.02735219895839691
v 0.028541194275021553 -0.02162468247115612 0.036447688937187195
v 0.028053639456629753 -0.02105279266834259 0.03627676144242287
v 0.02854110859334469 -0.021160442382097244 0.03658109903335571
v 0.02854110859334469 -0.021160442382097244 0.03658109903335571
v 0.028053639456629753 -0.02105279266834259 0.03627676144242287
v 0.02805355004966259 -0.0205721203237772 0.036480359733104706
v 0.028541026636958122 -0.02071566879749298 0.03676949068903923
v 0.028541026636958122 -0.02071566879749298 0.03676949068903923
v 0.02805355004966259 -0.0205721203237772 0.036480359733104706
v 0.028053468093276024 -0.020119493827223778 0.036740414798259735
v 0.028540950268507004 -0.020296847447752953 0.03701012581586838
v 0.028540950268507004 -0.020296847447752953 0.03701012581586838
v 0.028053468093276024 -0.020119493827223778 0.036740414798259735
v 0.028053393587470055 -0.019701512530446053 0.03705313056707382
v 0.028540881350636482 -0.01991008222103119 0.03729948401451111
v 0.028540881350636482 -0.01991008222103119 0.03729948401451111
v 0.028053393587470055 -0.019701512530446053 0.03705313056707382
v 0.028053326532244682 -0.019324272871017456 0.03741394728422165
v 0.02854081802070141 -0.01956101693212986 0.03763335570693016
v 0.02854081802070141 -0.01956101693212986 0.03763335570693016
v 0.028053326532244682 -0.019324272871017456 0.03741394728422165
v 0.028053268790245056 -0.018993275240063667 0.03781760856509209
v 0.02854076586663723 -0.019254740327596664 0.038006868213415146
v 0.02854076586663723 -0.019254740327596664 0.038006868213415146
v 0.028053268790245056 -0.018993275240063667 0.03781760856509209
v 0.028053222224116325 -0.018713347613811493 0.03825822100043297
v 0.028540723025798798 -0.01899571903049946 0.038414571434259415
v 0.028540723025798798 -0.01899571903049946 0.038414571434259415
v 0.028053222224116325 -0.018713347613811493 0.03825822100043297
v 0.02805318683385849 -0.018488571047782898 0.038729362189769745
v 0.02854068949818611 -0.018787730485200882 0.03885052725672722
v 0.02854068949818611 -0.018787730485200882 0.03885052725672722
v 0.02805318683385849 -0.018488571047782898 0.038729362189769745
v 0.02805316261947155 -0.01832222193479538 0.03922416269779205
v 0.02854066714644432 -0.018633805215358734 0.039308372884988785
v 0.02854066714644432 -0.018633805215358734 0.039308372884988785
v 0.02805316261947155 -0.01832222193479538 0.03922416269779205
v 0.028053149580955505 -0.018216729164123535 0.03973540663719177
v 0.028540654107928276 -0.018536189571022987 0.03978143632411957
v 0.028540654107928276 -0.018536189571022987 0.03978143632411957
v 0.028053149580955505 -0.018216729164123535 0.03973540663719177
v 0.028053149580955505 -0.01817362755537033 0.04025563970208168
v 0.028540654107928276 -0.018496308475732803 0.04026281461119652
v 0.028540654107928276 -0.018496308475732803 0.04026281461119652
v 0.028053149580955505 -0.01817362755537033 0.04025563970208168
v 0.0280531607568264 -0.018193546682596207 0.04077727347612381
v 0.02854066528379917 -0.018514741212129593 0.04074548929929733
v 0.02854066528379917 -0.018514741212129593 0.04074548929929733
v 0.0280531607568264 -0.018193546682596207 0.04077727347612381
v 0.02805318310856819 -0.018276197835803032 0.041292704641819
v 0.028540685772895813 -0.018591219559311867 0.04122242331504822
v 0.028540685772895813 -0.018591219559311867 0.04122242331504822
v 0.02805318310856819 -0.018276197835803032 0.041292704641819
v 0.028053218498826027 -0.018420375883579254 0.04179441183805466
v 0.0285407193005085 -0.018724627792835236 0.04168666526675224
v 0.0285407193005085 -0.018724627792835236 0.04168666526675224
v 0.028053218498826027 -0.018420375883579254 0.04179441183805466
v 0.02805326320230961 -0.018623976036906242 0.0422750860452652
v 0.028540760278701782 -0.018913021311163902 0.042131438851356506
v 0.028540760278701782 -0.018913021311163902 0.042131438851356506
v 0.02805326320230961 -0.018623976036906242 0.0422750860452652
v 0.028053320944309235 -0.018884029239416122 0.04272771254181862
v 0.02854081243276596 -0.0191536545753479 0.042550262063741684
v 0.02854081243276596 -0.0191536545753479 0.042550262063741684
v 0.028053320944309235 -0.018884029239416122 0.04272771254181862
v 0.028053386136889458 -0.01919674500823021 0.043145693838596344
v 0.028540873900055885 -0.01944301463663578 0.0429370254278183
v 0.028540873900055885 -0.01944301463663578 0.0429370254278183
v 0.028053386136889458 -0.01919674500823021 0.043145693838596344
v 0.028053460642695427 -0.019557563588023186 0.04352293536067009
v 0.028540942817926407 -0.019776884466409683 0.04328608885407448
v 0.028540942817926407 -0.019776884466409683 0.04328608885407448
v 0.028053460642695427 -0.019557563588023186 0.04352293536067009
v 0.028053542599081993 -0.019961223006248474 0.04385393112897873
v 0.028541017323732376 -0.02015039697289467 0.04359236732125282
v 0.028541017323732376 -0.02015039697289467 0.04359236732125282
v 0.028053542599081993 -0.019961223006248474 0.04385393112897873
v 0.028053630143404007 -0.020401835441589355 0.04413386061787605
v 0.028541099280118942 -0.020558102056384087 0.04385138675570488
v 0.028541099280118942 -0.020558102056384087 0.04385138675570488
v 0.028053630143404007 -0.020401835441589355 0.04413386061787605
v 0.02805372327566147 -0.020872976630926132 0.04435863718390465
v 0.028541184961795807 -0.02099405601620674 0.044059377163648605
v 0.028541184961795807 -0.02099405601620674 0.044059377163648605
v 0.02805372327566147 -0.020872976630926132 0.04435863718390465
v 0.02805382013320923 -0.02136777900159359 0.044524986296892166
v 0.02854127436876297 -0.021451903507113457 0.04421330243349075
v 0.02854127436876297 -0.021451903507113457 0.04421330243349075
v 0.02805382013320923 -0.02136777900159359 0.044524986296892166
v 0.028053918853402138 -0.02187902294099331 0.04463047906756401
v 0.028541365638375282 -0.02192496508359909 0.04431091621518135
v 0.028541365638375282 -0.02192496508359909 0.04431091621518135
v 0.028053918853402138 -0.02187902294099331 0.04463047906756401
v 0.028054017573595047 -0.022399254143238068 0.044673580676317215
v 0.028541458770632744 -0.02240634337067604 0.044350799173116684
v 0.028541458770632744 -0.02240634337067604 0.044350799173116684
v 0.028054017573595047 -0.022399254143238068 0.044673580676317215
v 0.028054116293787956 -0.022920889779925346 0.04465366154909134
v 0.028541550040245056 -0.022889019921422005 0.044332366436719894
v 0.028541550040245056 -0.022889019921422005 0.044332366436719894
v 0.028054116293787956 -0.022920889779925346 0.04465366154909134
v 0.028054215013980865 -0.023436319082975388 0.044571008533239365
v 0.02854163944721222 -0.02336595393717289 0.04425588995218277
v 0.02854163944721222 -0.02336595393717289 0.04425588995218277
v 0.028054215013980865 -0.023436319082975388 0.044571008533239365
v 0.028054308146238327 -0.023938028141856194 0.04442683234810829
v 0.028541726991534233 -0.023830194026231766 0.04412247985601425
v 0.028541726991534233 -0.023830194026231766 0.04412247985601425
v 0.028054308146238327 -0.023938028141856194 0.04442683234810829
v 0.02805439569056034 -0.024418702349066734 0.044223230332136154
v 0.0285418089479208 -0.02427496761083603 0.043934084475040436
v 0.0285418089479208 -0.02427496761083603 0.043934084475040436
v 0.02805439569056034 -0.024418702349066734 0.044223230332136154
v 0.028054479509592056 -0.024871328845620155 0.04396317899227142
v 0.028541885316371918 -0.024693788960576057 0.04369345307350159
v 0.028541885316371918 -0.024693788960576057 0.04369345307350159
v 0.028054479509592056 -0.024871328845620155 0.04396317899227142
v 0.028054554015398026 -0.02528931014239788 0.04365045949816704
v 0.02854195423424244 -0.02508055418729782 0.04340409114956856
v 0.02854195423424244 -0.02508055418729782 0.04340409114956856
v 0.028054554015398026 -0.02528931014239788 0.04365045949816704
v 0.028054621070623398 -0.025666549801826477 0.04328964278101921
v 0.028542015701532364 -0.02542961947619915 0.043070223182439804
v 0.028542015701532364 -0.02542961947619915 0.043070223182439804
v 0.028054621070623398 -0.025666549801826477 0.04328964278101921
v 0.028054676949977875 -0.025997545570135117 0.04288598522543907
v 0.02854206971824169 -0.025735896080732346 0.04269671067595482
v 0.02854206971824169 -0.025735896080732346 0.04269671067595482
v 0.028054676949977875 -0.025997545570135117 0.04288598522543907
v 0.028054723516106606 -0.02627747505903244 0.04244537279009819
v 0.028542112559080124 -0.02599491737782955 0.04228900372982025
v 0.028542112559080124 -0.02599491737782955 0.04228900372982025
v 0.028054723516106606 -0.02627747505903244 0.04244537279009819
v 0.02805476076900959 -0.026502251625061035 0.041974227875471115
v 0.02854214608669281 -0.026202905923128128 0.041853051632642746
v 0.02854214608669281 -0.026202905923128128 0.041853051632642746
v 0.02805476076900959 -0.026502251625061035 0.041974227875471115
v 0.02805478498339653 -0.026668600738048553 0.04147942736744881
v 0.0285421684384346 -0.026356831192970276 0.04139520600438118
v 0.0285421684384346 -0.026356831192970276 0.04139520600438118
v 0.02805478498339653 -0.026668600738048553 0.04147942736744881
v 0.028054798021912575 -0.026774093508720398 0.04096818342804909
v 0.028542179614305496 -0.026454446837306023 0.0409221425652504
v 0.028542179614305496 -0.026454446837306023 0.0409221425652504
v 0.028054798021912575 -0.026774093508720398 0.04096818342804909
v 0.028054798021912575 -0.026817195117473602 0.04044795408844948
v 0.028542179614305496 -0.026494327932596207 0.04044076427817345
v 0.028542179614305496 -0.026494327932596207 0.04044076427817345
v 0.028054798021912575 -0.026817195117473602 0.04044795408844948
v 0.02805478684604168 -0.026797274127602577 0.03992631658911705
v 0.02854217030107975 -0.026475895196199417 0.03995808959007263
v 0.02854217030107975 -0.026475895196199417 0.03995808959007263
v 0.02805478684604168 -0.026797274127602577 0.03992631658911705
v 0.02805476263165474 -0.026714622974395752 0.03941088914871216
v 0.02854214794933796 -0.026399418711662292 0.03948115184903145
v 0.02854214794933796 -0.026399418711662292 0.03948115184903145
v 0.02805476263165474 -0.026714622974395752 0.03941088914871216
v 0.028054729104042053 -0.02657044678926468 0.0389091782271862
v 0.028542116284370422 -0.026266008615493774 0.03901691362261772
v 0.028542116284370422 -0.026266008615493774 0.03901691362261772
v 0.028054729104042053 -0.02657044678926468 0.0389091782271862
v 0.028054682537913322 -0.02636684663593769 0.03842850401997566
v 0.02854207344353199 -0.026077615097165108 0.03857214003801346
v 0.02854207344353199 -0.026077615097165108 0.03857214003801346
v 0.028054682537913322 -0.02636684663593769 0.03842850401997566
v 0.028054626658558846 -0.02610679343342781 0.03797587752342224
v 0.02854202128946781 -0.02583698369562626 0.03815331682562828
v 0.02854202128946781 -0.02583698369562626 0.03815331682562828
v 0.028054626658558846 -0.02610679343342781 0.03797587752342224
v 0.028054561465978622 -0.025794075801968575 0.037557896226644516
v 0.028541961684823036 -0.02554762177169323 0.037766553461551666
v 0.028541961684823036 -0.02554762177169323 0.037766553461551666
v 0.028054561465978622 -0.025794075801968575 0.037557896226644516
v 0.028054486960172653 -0.025433259084820747 0.03718065842986107
v 0.028541892766952515 -0.025213751941919327 0.03741748631000519
v 0.028541892766952515 -0.025213751941919327 0.03741748631000519
v 0.028054486960172653 -0.025433259084820747 0.03718065842986107
v 0.028054405003786087 -0.02502959966659546 0.03684966266155243
v 0.028541816398501396 -0.02484023943543434 0.03711121156811714
v 0.028541816398501396 -0.02484023943543434 0.03711121156811714
v 0.028054405003786087 -0.02502959966659546 0.03684966266155243
v 0.028054317459464073 -0.024588987231254578 0.036569733172655106
v 0.02854173630475998 -0.024432534351944923 0.036852188408374786
v 0.02854173630475998 -0.024432534351944923 0.036852188408374786
v 0.028054317459464073 -0.024588987231254578 0.036569733172655106
v 0.02805422432720661 -0.02411784417927265 0.03634495660662651
v 0.028541648760437965 -0.02399658039212227 0.03664420172572136
v 0.028541648760437965 -0.02399658039212227 0.03664420172572136
v 0.02805422432720661 -0.02411784417927265 0.03634495660662651
v 0.02805412746965885 -0.023623043671250343 0.03617860749363899
v 0.028541559353470802 -0.023538732901215553 0.03649027645587921
v 0.028541559353470802 -0.023538732901215553 0.03649027645587921
v 0.02805412746965885 -0.023623043671250343 0.03617860749363899
v 0.028054028749465942 -0.023111799731850624 0.03607311472296715
v 0.02854146808385849 -0.02306567132472992 0.036392658948898315
v 0.02854146808385849 -0.02306567132472992 0.036392658948898315
v 0.028054028749465942 -0.023111799731850624 0.03607311472296715
v 0.028053928166627884 -0.022591568529605865 0.036030013114213943
v 0.028541376814246178 -0.02258429303765297 0.03635277971625328
v 0.028541376814246178 -0.02258429303765297 0.03635277971625328
v 0.028053928166627884 -0.022591568529605865 0.036030013114213943
v 0.028053829446434975 -0.022069932892918587 0.03604993224143982
v 0.028541283681988716 -0.022101616486907005 0.03637121245265007
v 0.028541283681988716 -0.022101616486907005 0.03637121245265007
v 0.028053829446434975 -0.022069932892918587 0.03604993224143982
v 0.028053732588887215 -0.021554503589868546 0.036132585257291794
v 0.028541194275021553 -0.02162468247115612 0.036447688937187195
v 0.028053732588887215 -0.021554503589868546 0.036132585257291794
v 0.028053732588887215 -0.021554503589868546 0.036132585257291794
v 0.0275318194180727 -0.02096487581729889 0.036028143018484116
v 0.028053639456629753 -0.02105279266834259 0.03627676144242287
v 0.028053639456629753 -0.02105279266834259 0.03627676144242287
v 0.0275318194180727 -0.02096487581729889 0.036028143018484116
v 0.02753172628581524 -0.020454876124858856 0.036244165152311325
v 0.02805355004966259 -0.0205721203237772 0.036480359733104706
v 0.02805355004966259 -0.0205721203237772 0.036480359733104706
v 0.02753172628581524 -0.020454876124858856 0.036244165152311325
v 0.027531638741493225 -0.019974634051322937 0.036520086228847504
v 0.028053468093276024 -0.020119493827223778 0.036740414798259735
v 0.028053468093276024 -0.020119493827223778 0.036740414798259735
v 0.027531638741493225 -0.019974634051322937 0.036520086228847504
v 0.027531558647751808 -0.01953115127980709 0.036851879209280014
v 0.028053393587470055 -0.019701512530446053 0.03705313056707382
v 0.028053393587470055 -0.019701512530446053 0.03705313056707382
v 0.027531558647751808 -0.01953115127980709 0.036851879209280014
v 0.027531487867236137 -0.019130894914269447 0.03723471239209175
v 0.028053326532244682 -0.019324272871017456 0.03741394728422165
v 0.028053326532244682 -0.019324272871017456 0.03741394728422165
v 0.027531487867236137 -0.019130894914269447 0.03723471239209175
v 0.027531426399946213 -0.018779704347252846 0.03766299784183502
v 0.028053268790245056 -0.018993275240063667 0.03781760856509209
v 0.028053268790245056 -0.018993275240063667 0.03781760856509209
v 0.027531426399946213 -0.018779704347252846 0.03766299784183502
v 0.027531377971172333 -0.018482696264982224 0.0381304956972599
v 0.028053222224116325 -0.018713347613811493 0.03825822100043297
v 0.028053222224116325 -0.018713347613811493 0.03825822100043297
v 0.027531377971172333 -0.018482696264982224 0.0381304956972599
v 0.0275313388556242 -0.01824420504271984 0.03863038122653961
v 0.02805318683385849 -0.018488571047782898 0.038729362189769745
v 0.02805318683385849 -0.018488571047782898 0.038729362189769745
v 0.0275313388556242 -0.01824420504271984 0.03863038122653961
v 0.02753131277859211 -0.018067708238959312 0.039155371487140656
v 0.02805316261947155 -0.01832222193479538 0.03922416269779205
v 0.02805316261947155 -0.01832222193479538 0.03922416269779205
v 0.02753131277859211 -0.018067708238959312 0.039155371487140656
v 0.027531299740076065 -0.017955778166651726 0.039697807282209396
v 0.028053149580955505 -0.018216729164123535 0.03973540663719177
v 0.028053149580955505 -0.018216729164123535 0.03973540663719177
v 0.027531299740076065 -0.017955778166651726 0.039697807282209396
v 0.027531299740076065 -0.017910046502947807 0.0402497798204422
v 0.028053149580955505 -0.01817362755537033 0.04025563970208168
v 0.028053149580955505 -0.01817362755537033 0.04025563970208168
v 0.027531299740076065 -0.017910046502947807 0.0402497798204422
v 0.02753131091594696 -0.01793118193745613 0.04080324247479439
v 0.0280531607568264 -0.018193546682596207 0.04077727347612381
v 0.0280531607568264 -0.018193546682596207 0.04077727347612381
v 0.02753131091594696 -0.01793118193745613 0.04080324247479439
v 0.0275313351303339 -0.018018875271081924 0.041350118815898895
v 0.02805318310856819 -0.018276197835803032 0.041292704641819
v 0.02805318310856819 -0.018276197835803032 0.041292704641819
v 0.0275313351303339 -0.018018875271081924 0.041350118815898895
v 0.027531372383236885 -0.018171848729252815 0.041882436722517014
v 0.028053218498826027 -0.018420375883579254 0.04179441183805466
v 0.028053218498826027 -0.018420375883579254 0.04179441183805466
v 0.027531372383236885 -0.018171848729252815 0.041882436722517014
v 0.027531420812010765 -0.018387870863080025 0.042392436414957047
v 0.02805326320230961 -0.018623976036906242 0.0422750860452652
v 0.02805326320230961 -0.018623976036906242 0.0422750860452652
v 0.027531420812010765 -0.018387870863080025 0.042392436414957047
v 0.02753148041665554 -0.018663791939616203 0.042872682213783264
v 0.028053320944309235 -0.018884029239416122 0.04272771254181862
v 0.028053320944309235 -0.018884029239416122 0.04272771254181862
v 0.02753148041665554 -0.018663791939616203 0.042872682213783264
v 0.02753155119717121 -0.018995586782693863 0.04331616312265396
v 0.028053386136889458 -0.01919674500823021 0.043145693838596344
v 0.028053386136889458 -0.01919674500823021 0.043145693838596344
v 0.02753155119717121 -0.018995586782693863 0.04331616312265396
v 0.02753162942826748 -0.0193784199655056 0.043716419488191605
v 0.028053460642695427 -0.019557563588023186 0.04352293536067009
v 0.028053460642695427 -0.019557563588023186 0.04352293536067009
v 0.02753162942826748 -0.0193784199655056 0.043716419488191605
v 0.027531716972589493 -0.01980670727789402 0.044067610055208206
v 0.028053542599081993 -0.019961223006248474 0.04385393112897873
v 0.028053542599081993 -0.019961223006248474 0.04385393112897873
v 0.027531716972589493 -0.01980670727789402 0.044067610055208206
v 0.027531810104846954 -0.020274201408028603 0.04436461627483368
v 0.028053630143404007 -0.020401835441589355 0.04413386061787605
v 0.028053630143404007 -0.020401835441589355 0.04413386061787605
v 0.027531810104846954 -0.020274201408028603 0.04436461627483368
v 0.027531908825039864 -0.02077408879995346 0.04460310935974121
v 0.02805372327566147 -0.020872976630926132 0.04435863718390465
v 0.02805372327566147 -0.020872976630926132 0.04435863718390465
v 0.027531908825039864 -0.02077408879995346 0.04460310935974121
v 0.02753201127052307 -0.021299079060554504 0.04477960616350174
v 0.02805382013320923 -0.02136777900159359 0.044524986296892166
v 0.02805382013320923 -0.02136777900159359 0.044524986296892166
v 0.02753201127052307 -0.021299079060554504 0.04477960616350174
v 0.027532115578651428 -0.021841514855623245 0.044891536235809326
v 0.028053918853402138 -0.02187902294099331 0.04463047906756401
v 0.028053918853402138 -0.02187902294099331 0.04463047906756401
v 0.027532115578651428 -0.021841514855623245 0.044891536235809326
v 0.027532221749424934 -0.02239348739385605 0.044937267899513245
v 0.028054017573595047 -0.022399254143238068 0.044673580676317215
v 0.028054017573595047 -0.022399254143238068 0.044673580676317215
v 0.027532221749424934 -0.02239348739385605 0.044937267899513245
v 0.02753232605755329 -0.022946948185563087 0.04491613060235977
v 0.028054116293787956 -0.022920889779925346 0.04465366154909134
v 0.028054116293787956 -0.022920889779925346 0.04465366154909134
v 0.02753232605755329 -0.022946948185563087 0.04491613060235977
v 0.027532430365681648 -0.023493824526667595 0.04482843726873398
v 0.028054215013980865 -0.023436319082975388 0.044571008533239365
v 0.028054215013980865 -0.023436319082975388 0.044571008533239365
v 0.027532430365681648 -0.023493824526667595 0.04482843726873398
v 0.027532529085874557 -0.024026144295930862 0.04467546567320824
v 0.028054308146238327 -0.023938028141856194 0.04442683234810829
v 0.028054308146238327 -0.023938028141856194 0.04442683234810829
v 0.027532529085874557 -0.024026144295930862 0.04467546567320824
v 0.02753262221813202 -0.024536143988370895 0.04445944353938103
v 0.02805439569056034 -0.024418702349066734 0.044223230332136154
v 0.02805439569056034 -0.024418702349066734 0.044223230332136154
v 0.02753262221813202 -0.024536143988370895 0.04445944353938103
v 0.027532709762454033 -0.025016387924551964 0.04418352246284485
v 0.028054479509592056 -0.024871328845620155 0.04396317899227142
v 0.028054479509592056 -0.024871328845620155 0.04396317899227142
v 0.027532709762454033 -0.025016387924551964 0.04418352246284485
v 0.02753278985619545 -0.02545987069606781 0.04385172575712204
v 0.028054554015398026 -0.02528931014239788 0.04365045949816704
v 0.028054554015398026 -0.02528931014239788 0.04365045949816704
v 0.02753278985619545 -0.02545987069606781 0.04385172575712204
v 0.02753286063671112 -0.025860125198960304 0.0434688925743103
v 0.028054621070623398 -0.025666549801826477 0.04328964278101921
v 0.028054621070623398 -0.025666549801826477 0.04328964278101921
v 0.02753286063671112 -0.025860125198960304 0.0434688925743103
v 0.027532920241355896 -0.026211317628622055 0.04304060712456703
v 0.028054676949977875 -0.025997545570135117 0.04288598522543907
v 0.028054676949977875 -0.025997545570135117 0.04288598522543907
v 0.027532920241355896 -0.026211317628622055 0.04304060712456703
v 0.027532970532774925 -0.026508323848247528 0.04257311299443245
v 0.028054723516106606 -0.02627747505903244 0.04244537279009819
v 0.028054723516106606 -0.02627747505903244 0.04244537279009819
v 0.027532970532774925 -0.026508323848247528 0.04257311299443245
v 0.02753300964832306 -0.02674681507050991 0.04207322373986244
v 0.02805476076900959 -0.026502251625061035 0.041974227875471115
v 0.02805476076900959 -0.026502251625061035 0.041974227875471115
v 0.02753300964832306 -0.02674681507050991 0.04207322373986244
v 0.02753303572535515 -0.02692331373691559 0.0415482372045517
v 0.02805478498339653 -0.026668600738048553 0.04147942736744881
v 0.02805478498339653 -0.026668600738048553 0.04147942736744881
v 0.02753303572535515 -0.02692331373691559 0.0415482372045517
v 0.027533048763871193 -0.027035243809223175 0.041005801409482956
v 0.028054798021912575 -0.026774093508720398 0.04096818342804909
v 0.028054798021912575 -0.026774093508720398 0.04096818342804909
v 0.027533048763871193 -0.027035243809223175 0.041005801409482956
v 0.027533048763871193 -0.027080973610281944 0.040453825145959854
v 0.028054798021912575 -0.026817195117473602 0.04044795408844948
v 0.028054798021912575 -0.026817195117473602 0.04044795408844948
v 0.027533048763871193 -0.027080973610281944 0.040453825145959854
v 0.027533037588000298 -0.02705983817577362 0.039900366216897964
v 0.02805478684604168 -0.026797274127602577 0.03992631658911705
v 0.02805478684604168 -0.026797274127602577 0.03992631658911705
v 0.027533037588000298 -0.02705983817577362 0.039900366216897964
v 0.02753301151096821 -0.026972144842147827 0.03935348987579346
v 0.02805476263165474 -0.026714622974395752 0.03941088914871216
v 0.02805476263165474 -0.026714622974395752 0.03941088914871216
v 0.02753301151096821 -0.026972144842147827 0.03935348987579346
v 0.027532976120710373 -0.026819171383976936 0.03882116824388504
v 0.028054729104042053 -0.02657044678926468 0.0389091782271862
v 0.028054729104042053 -0.02657044678926468 0.0389091782271862
v 0.027532976120710373 -0.026819171383976936 0.03882116824388504
v 0.027532927691936493 -0.026603149250149727 0.03831116855144501
v 0.028054682537913322 -0.02636684663593769 0.03842850401997566
v 0.028054682537913322 -0.02636684663593769 0.03842850401997566
v 0.027532927691936493 -0.026603149250149727 0.03831116855144501
v 0.027532868087291718 -0.026327230036258698 0.03783092647790909
v 0.028054626658558846 -0.02610679343342781 0.03797587752342224
v 0.028054626658558846 -0.02610679343342781 0.03797587752342224
v 0.027532868087291718 -0.026327230036258698 0.03783092647790909
v 0.027532797306776047 -0.02599543333053589 0.03738744556903839
v 0.028054561465978622 -0.025794075801968575 0.037557896226644516
v 0.028054561465978622 -0.025794075801968575 0.037557896226644516
v 0.027532797306776047 -0.02599543333053589 0.03738744556903839
v 0.02753271907567978 -0.02561260014772415 0.03698718920350075
v 0.028054486960172653 -0.025433259084820747 0.03718065842986107
v 0.028054486960172653 -0.025433259084820747 0.03718065842986107
v 0.02753271907567978 -0.02561260014772415 0.03698718920350075
v 0.027532631531357765 -0.02518431469798088 0.036635998636484146
v 0.028054405003786087 -0.02502959966659546 0.03684966266155243
v 0.028054405003786087 -0.02502959966659546 0.03684966266155243
v 0.027532631531357765 -0.02518431469798088 0.036635998636484146
v 0.027532538399100304 -0.02471681870520115 0.036338988691568375
v 0.028054317459464073 -0.024588987231254578 0.036569733172655106
v 0.028054317459464073 -0.024588987231254578 0.036569733172655106
v 0.027532538399100304 -0.02471681870520115 0.036338988691568375
v 0.027532439678907394 -0.02421693131327629 0.03610049933195114
v 0.02805422432720661 -0.02411784417927265 0.03634495660662651
v 0.02805422432720661 -0.02411784417927265 0.03634495660662651
v 0.027532439678907394 -0.02421693131327629 0.03610049933195114
v 0.027532337233424187 -0.023691942915320396 0.03592400252819061
v 0.02805412746965885 -0.023623043671250343 0.03617860749363899
v 0.02805412746965885 -0.023623043671250343 0.03617860749363899
v 0.027532337233424187 -0.023691942915320396 0.03592400252819061
v 0.02753223292529583 -0.023149507120251656 0.03581206873059273
v 0.028054028749465942 -0.023111799731850624 0.03607311472296715
v 0.028054028749465942 -0.023111799731850624 0.03607311472296715
v 0.02753223292529583 -0.023149507120251656 0.03581206873059273
v 0.027532126754522324 -0.022597534582018852 0.03576634079217911
v 0.028053928166627884 -0.022591568529605865 0.036030013114213943
v 0.028053928166627884 -0.022591568529605865 0.036030013114213943
v 0.027532126754522324 -0.022597534582018852 0.03576634079217911
v 0.027532022446393967 -0.022044073790311813 0.03578747436404228
v 0.028053829446434975 -0.022069932892918587 0.03604993224143982
v 0.028053829446434975 -0.022069932892918587 0.03604993224143982
v 0.027532022446393967 -0.022044073790311813 0.03578747436404228
v 0.02753191813826561 -0.021497195586562157 0.035875167697668076
v 0.028053732588887215 -0.021554503589868546 0.036132585257291794
v 0.02753191813826561 -0.021497195586562157 0.035875167697668076
v 0.02753191813826561 -0.021497195586562157 0.035875167697668076
v 0.026982784271240234 -0.020897893235087395 0.035838644951581955
v 0.0275318194180727 -0.02096487581729889 0.036028143018484116
v 0.0275318194180727 -0.02096487581729889 0.036028143018484116
v 0.026982784271240234 -0.020897893235087395 0.035838644951581955
v 0.026982685551047325 -0.02036553993821144 0.036064133048057556
v 0.02753172628581524 -0.020454876124858856 0.036244165152311325
v 0.02753172628581524 -0.020454876124858856 0.036244165152311325
v 0.026982685551047325 -0.02036553993821144 0.036064133048057556
v 0.026982594281435013 -0.019864248111844063 0.03635215014219284
v 0.027531638741493225 -0.019974634051322937 0.036520086228847504
v 0.027531638741493225 -0.019974634051322937 0.036520086228847504
v 0.026982594281435013 -0.019864248111844063 0.03635215014219284
v 0.026982512325048447 -0.01940132863819599 0.036698486655950546
v 0.027531558647751808 -0.01953115127980709 0.036851879209280014
v 0.027531558647751808 -0.01953115127980709 0.036851879209280014
v 0.026982512325048447 -0.01940132863819599 0.036698486655950546
v 0.026982437819242477 -0.01898352988064289 0.037098098546266556
v 0.027531487867236137 -0.019130894914269447 0.03723471239209175
v 0.027531487867236137 -0.019130894914269447 0.03723471239209175
v 0.026982437819242477 -0.01898352988064289 0.037098098546266556
v 0.026982374489307404 -0.018616944551467896 0.037545155733823776
v 0.027531426399946213 -0.018779704347252846 0.03766299784183502
v 0.027531426399946213 -0.018779704347252846 0.03766299784183502
v 0.026982374489307404 -0.018616944551467896 0.037545155733823776
v 0.026982322335243225 -0.018306920304894447 0.0380331426858902
v 0.027531377971172333 -0.018482696264982224 0.0381304956972599
v 0.027531377971172333 -0.018482696264982224 0.0381304956972599
v 0.026982322335243225 -0.018306920304894447 0.0380331426858902
v 0.02698228321969509 -0.01805797591805458 0.03855494037270546
v 0.0275313388556242 -0.01824420504271984 0.03863038122653961
v 0.0275313388556242 -0.01824420504271984 0.03863038122653961
v 0.02698228321969509 -0.01805797591805458 0.03855494037270546
v 0.026982255280017853 -0.017873741686344147 0.0391029417514801
v 0.02753131277859211 -0.018067708238959312 0.039155371487140656
v 0.02753131277859211 -0.018067708238959312 0.039155371487140656
v 0.026982255280017853 -0.017873741686344147 0.0391029417514801
v 0.026982242241501808 -0.017756905406713486 0.03966915234923363
v 0.027531299740076065 -0.017955778166651726 0.039697807282209396
v 0.027531299740076065 -0.017955778166651726 0.039697807282209396
v 0.026982242241501808 -0.017756905406713486 0.03966915234923363
v 0.02698224037885666 -0.017709171399474144 0.04024531692266464
v 0.027531299740076065 -0.017910046502947807 0.0402497798204422
v 0.027531299740076065 -0.017910046502947807 0.0402497798204422
v 0.02698224037885666 -0.017709171399474144 0.04024531692266464
v 0.026982253417372704 -0.017731232568621635 0.040823034942150116
v 0.02753131091594696 -0.01793118193745613 0.04080324247479439
v 0.02753131091594696 -0.01793118193745613 0.04080324247479439
v 0.026982253417372704 -0.017731232568621635 0.040823034942150116
v 0.026982279494404793 -0.01782277040183544 0.041393883526325226
v 0.0275313351303339 -0.018018875271081924 0.041350118815898895
v 0.0275313351303339 -0.018018875271081924 0.041350118815898895
v 0.026982279494404793 -0.01782277040183544 0.041393883526325226
v 0.026982318609952927 -0.017982447519898415 0.04194953292608261
v 0.027531372383236885 -0.018171848729252815 0.041882436722517014
v 0.027531372383236885 -0.018171848729252815 0.041882436722517014
v 0.026982318609952927 -0.017982447519898415 0.04194953292608261
v 0.026982368901371956 -0.018207937479019165 0.042481888085603714
v 0.027531420812010765 -0.018387870863080025 0.042392436414957047
v 0.027531420812010765 -0.018387870863080025 0.042392436414957047
v 0.026982368901371956 -0.018207937479019165 0.042481888085603714
v 0.02698243036866188 -0.0184959527105093 0.04298317804932594
v 0.02753148041665554 -0.018663791939616203 0.042872682213783264
v 0.02753148041665554 -0.018663791939616203 0.042872682213783264
v 0.02698243036866188 -0.0184959527105093 0.04298317804932594
v 0.0269825030118227 -0.018842291086912155 0.043446097522974014
v 0.02753155119717121 -0.018995586782693863 0.04331616312265396
v 0.02753155119717121 -0.018995586782693863 0.04331616312265396
v 0.0269825030118227 -0.018842291086912155 0.043446097522974014
v 0.026982584968209267 -0.019241902977228165 0.043863896280527115
v 0.02753162942826748 -0.0193784199655056 0.043716419488191605
v 0.02753162942826748 -0.0193784199655056 0.043716419488191605
v 0.026982584968209267 -0.019241902977228165 0.043863896280527115
v 0.02698267623782158 -0.019688960164785385 0.04423048347234726
v 0.027531716972589493 -0.01980670727789402 0.044067610055208206
v 0.027531716972589493 -0.01980670727789402 0.044067610055208206
v 0.02698267623782158 -0.019688960164785385 0.04423048347234726
v 0.02698277309536934 -0.020176947116851807 0.04454050585627556
v 0.027531810104846954 -0.020274201408028603 0.04436461627483368
v 0.027531810104846954 -0.020274201408028603 0.04436461627483368
v 0.02698277309536934 -0.020176947116851807 0.04454050585627556
v 0.026982877403497696 -0.02069874480366707 0.044789452105760574
v 0.027531908825039864 -0.02077408879995346 0.04460310935974121
v 0.027531908825039864 -0.02077408879995346 0.04460310935974121
v 0.026982877403497696 -0.02069874480366707 0.044789452105760574
v 0.026982983574271202 -0.021246744319796562 0.04497368633747101
v 0.02753201127052307 -0.021299079060554504 0.04477960616350174
v 0.02753201127052307 -0.021299079060554504 0.04477960616350174
v 0.026982983574271202 -0.021246744319796562 0.04497368633747101
v 0.026983093470335007 -0.021812954917550087 0.04509052261710167
v 0.027532115578651428 -0.021841514855623245 0.044891536235809326
v 0.027532115578651428 -0.021841514855623245 0.044891536235809326
v 0.026983093470335007 -0.021812954917550087 0.04509052261710167
v 0.02698320336639881 -0.022389119490981102 0.04513825476169586
v 0.027532221749424934 -0.02239348739385605 0.044937267899513245
v 0.027532221749424934 -0.02239348739385605 0.044937267899513245
v 0.02698320336639881 -0.022389119490981102 0.04513825476169586
v 0.026983313262462616 -0.022966839373111725 0.04511619359254837
v 0.02753232605755329 -0.022946948185563087 0.04491613060235977
v 0.02753232605755329 -0.022946948185563087 0.04491613060235977
v 0.026983313262462616 -0.022966839373111725 0.04511619359254837
v 0.02698342129588127 -0.023537686094641685 0.045024655759334564
v 0.027532430365681648 -0.023493824526667595 0.04482843726873398
v 0.027532430365681648 -0.023493824526667595 0.04482843726873398
v 0.02698342129588127 -0.023537686094641685 0.045024655759334564
v 0.02698352374136448 -0.02409333735704422 0.04486497864127159
v 0.027532529085874557 -0.024026144295930862 0.04467546567320824
v 0.027532529085874557 -0.024026144295930862 0.04467546567320824
v 0.02698352374136448 -0.02409333735704422 0.04486497864127159
v 0.02698362246155739 -0.024625690653920174 0.04463948681950569
v 0.02753262221813202 -0.024536143988370895 0.04445944353938103
v 0.02753262221813202 -0.024536143988370895 0.04445944353938103
v 0.02698362246155739 -0.024625690653920174 0.04463948681950569
v 0.0269837137311697 -0.025126982480287552 0.044351473450660706
v 0.027532709762454033 -0.025016387924551964 0.04418352246284485
v 0.027532709762454033 -0.025016387924551964 0.04418352246284485
v 0.0269837137311697 -0.025126982480287552 0.044351473450660706
v 0.026983797550201416 -0.025589901953935623 0.044005136936903
v 0.02753278985619545 -0.02545987069606781 0.04385172575712204
v 0.02753278985619545 -0.02545987069606781 0.04385172575712204
v 0.026983797550201416 -0.025589901953935623 0.044005136936903
v 0.026983870193362236 -0.026007700711488724 0.04360552504658699
v 0.02753286063671112 -0.025860125198960304 0.0434688925743103
v 0.02753286063671112 -0.025860125198960304 0.0434688925743103
v 0.026983870193362236 -0.026007700711488724 0.04360552504658699
v 0.02698393352329731 -0.02637428604066372 0.04315846413373947
v 0.027532920241355896 -0.026211317628622055 0.04304060712456703
v 0.027532920241355896 -0.026211317628622055 0.04304060712456703
v 0.02698393352329731 -0.02637428604066372 0.04315846413373947
v 0.02698398567736149 -0.026684310287237167 0.04267048090696335
v 0.027532970532774925 -0.026508323848247528 0.04257311299443245
v 0.027532970532774925 -0.026508323848247528 0.04257311299443245
v 0.02698398567736149 -0.026684310287237167 0.04267048090696335
v 0.02698402665555477 -0.026933254674077034 0.04214868322014809
v 0.02753300964832306 -0.02674681507050991 0.04207322373986244
v 0.02753300964832306 -0.02674681507050991 0.04207322373986244
v 0.02698402665555477 -0.026933254674077034 0.04214868322014809
v 0.02698405273258686 -0.027117488905787468 0.041600681841373444
v 0.02753303572535515 -0.02692331373691559 0.0415482372045517
v 0.02753303572535515 -0.02692331373691559 0.0415482372045517
v 0.02698405273258686 -0.027117488905787468 0.041600681841373444
v 0.026984067633748055 -0.02723432518541813 0.04103447124361992
v 0.027533048763871193 -0.027035243809223175 0.041005801409482956
v 0.027533048763871193 -0.027035243809223175 0.041005801409482956
v 0.026984067633748055 -0.02723432518541813 0.04103447124361992
v 0.026984067633748055 -0.02728205919265747 0.040458306670188904
v 0.027533048763871193 -0.027080973610281944 0.040453825145959854
v 0.027533048763871193 -0.027080973610281944 0.040453825145959854
v 0.026984067633748055 -0.02728205919265747 0.040458306670188904
v 0.02698405459523201 -0.02725999802350998 0.03988058865070343
v 0.027533037588000298 -0.02705983817577362 0.039900366216897964
v 0.027533037588000298 -0.02705983817577362 0.039900366216897964
v 0.02698405459523201 -0.02725999802350998 0.03988058865070343
v 0.02698402851819992 -0.027168460190296173 0.03930974006652832
v 0.02753301151096821 -0.026972144842147827 0.03935348987579346
v 0.02753301151096821 -0.026972144842147827 0.03935348987579346
v 0.02698402851819992 -0.027168460190296173 0.03930974006652832
v 0.026983991265296936 -0.0270087830722332 0.038754090666770935
v 0.027532976120710373 -0.026819171383976936 0.03882116824388504
v 0.027532976120710373 -0.026819171383976936 0.03882116824388504
v 0.026983991265296936 -0.0270087830722332 0.038754090666770935
v 0.026983940973877907 -0.0267832912504673 0.03822173550724983
v 0.027532927691936493 -0.026603149250149727 0.03831116855144501
v 0.027532927691936493 -0.026603149250149727 0.03831116855144501
v 0.026983940973877907 -0.0267832912504673 0.03822173550724983
v 0.026983877643942833 -0.026495277881622314 0.0377204455435276
v 0.027532868087291718 -0.026327230036258698 0.03783092647790909
v 0.027532868087291718 -0.026327230036258698 0.03783092647790909
v 0.026983877643942833 -0.026495277881622314 0.0377204455435276
v 0.026983805000782013 -0.02614893950521946 0.03725752606987953
v 0.027532797306776047 -0.02599543333053589 0.03738744556903839
v 0.027532797306776047 -0.02599543333053589 0.03738744556903839
v 0.026983805000782013 -0.02614893950521946 0.03725752606987953
v 0.026983723044395447 -0.02574932761490345 0.03683972731232643
v 0.02753271907567978 -0.02561260014772415 0.03698718920350075
v 0.02753271907567978 -0.02561260014772415 0.03698718920350075
v 0.026983723044395447 -0.02574932761490345 0.03683972731232643
v 0.026983631774783134 -0.02530226856470108 0.03647314012050629
v 0.027532631531357765 -0.02518431469798088 0.036635998636484146
v 0.027532631531357765 -0.02518431469798088 0.036635998636484146
v 0.026983631774783134 -0.02530226856470108 0.03647314012050629
v 0.026983534917235374 -0.024814283475279808 0.03616311773657799
v 0.027532538399100304 -0.02471681870520115 0.036338988691568375
v 0.027532538399100304 -0.02471681870520115 0.036338988691568375
v 0.026983534917235374 -0.024814283475279808 0.03616311773657799
v 0.026983432471752167 -0.024292485788464546 0.03591417148709297
v 0.027532439678907394 -0.02421693131327629 0.03610049933195114
v 0.027532439678907394 -0.02421693131327629 0.03610049933195114
v 0.026983432471752167 -0.024292485788464546 0.03591417148709297
v 0.02698332443833351 -0.023744486272335052 0.03572993725538254
v 0.027532337233424187 -0.023691942915320396 0.03592400252819061
v 0.027532337233424187 -0.023691942915320396 0.03592400252819061
v 0.02698332443833351 -0.023744486272335052 0.03572993725538254
v 0.026983214542269707 -0.023178275674581528 0.03561310097575188
v 0.02753223292529583 -0.023149507120251656 0.03581206873059273
v 0.02753223292529583 -0.023149507120251656 0.03581206873059273
v 0.026983214542269707 -0.023178275674581528 0.03561310097575188
v 0.026983104646205902 -0.022602111101150513 0.035565365105867386
v 0.027532126754522324 -0.022597534582018852 0.03576634079217911
v 0.027532126754522324 -0.022597534582018852 0.03576634079217911
v 0.026983104646205902 -0.022602111101150513 0.035565365105867386
v 0.026982994750142097 -0.02202439121901989 0.035587430000305176
v 0.027532022446393967 -0.022044073790311813 0.03578747436404228
v 0.027532022446393967 -0.022044073790311813 0.03578747436404228
v 0.026982994750142097 -0.02202439121901989 0.035587430000305176
v 0.02698288857936859 -0.02145354449748993 0.03567896783351898
v 0.02753191813826561 -0.021497195586562157 0.035875167697668076
v 0.02698288857936859 -0.02145354449748993 0.03567896783351898
v 0.02698288857936859 -0.02145354449748993 0.03567896783351898
v 0.026414040476083755 -0.02085275948047638 0.035710856318473816
v 0.026982784271240234 -0.020897893235087395 0.035838644951581955
v 0.026982784271240234 -0.020897893235087395 0.035838644951581955
v 0.026414040476083755 -0.02085275948047638 0.035710856318473816
v 0.026413939893245697 -0.02030533365905285 0.03594273328781128
v 0.026982685551047325 -0.02036553993821144 0.036064133048057556
v 0.026982685551047325 -0.02036553993821144 0.036064133048057556
v 0.026413939893245697 -0.02030533365905285 0.03594273328781128
v 0.026413846760988235 -0.01978984661400318 0.0362389013171196
v 0.026982594281435013 -0.019864248111844063 0.03635215014219284
v 0.026982594281435013 -0.019864248111844063 0.03635215014219284
v 0.026413846760988235 -0.01978984661400318 0.0362389013171196
v 0.02641376107931137 -0.019313817843794823 0.036595046520233154
v 0.026982512325048447 -0.01940132863819599 0.036698486655950546
v 0.026982512325048447 -0.01940132863819599 0.036698486655950546
v 0.02641376107931137 -0.019313817843794823 0.036595046520233154
v 0.026413684710860252 -0.018884189426898956 0.03700597584247589
v 0.026982437819242477 -0.01898352988064289 0.037098098546266556
v 0.026982437819242477 -0.01898352988064289 0.037098098546266556
v 0.026413684710860252 -0.018884189426898956 0.03700597584247589
v 0.02641361951828003 -0.018507223576307297 0.037465691566467285
v 0.026982374489307404 -0.018616944551467896 0.037545155733823776
v 0.026982374489307404 -0.018616944551467896 0.037545155733823776
v 0.02641361951828003 -0.018507223576307297 0.037465691566467285
v 0.0264135655015707 -0.018188420683145523 0.0379674956202507
v 0.026982322335243225 -0.018306920304894447 0.0380331426858902
v 0.026982322335243225 -0.018306920304894447 0.0380331426858902
v 0.0264135655015707 -0.018188420683145523 0.0379674956202507
v 0.02641352452337742 -0.017932426184415817 0.038504067808389664
v 0.02698228321969509 -0.01805797591805458 0.03855494037270546
v 0.02698228321969509 -0.01805797591805458 0.03855494037270546
v 0.02641352452337742 -0.017932426184415817 0.038504067808389664
v 0.02641349658370018 -0.017742976546287537 0.0390675850212574
v 0.026982255280017853 -0.017873741686344147 0.0391029417514801
v 0.026982255280017853 -0.017873741686344147 0.0391029417514801
v 0.02641349658370018 -0.017742976546287537 0.0390675850212574
v 0.026413483545184135 -0.01762283220887184 0.039649829268455505
v 0.026982242241501808 -0.017756905406713486 0.03966915234923363
v 0.026982242241501808 -0.017756905406713486 0.03966915234923363
v 0.026413483545184135 -0.01762283220887184 0.039649829268455505
v 0.026413481682538986 -0.017573745921254158 0.040242310613393784
v 0.02698224037885666 -0.017709171399474144 0.04024531692266464
v 0.02698224037885666 -0.017709171399474144 0.04024531692266464
v 0.026413481682538986 -0.017573745921254158 0.040242310613393784
v 0.02641349472105503 -0.017596431076526642 0.0408363863825798
v 0.026982253417372704 -0.017731232568621635 0.040823034942150116
v 0.026982253417372704 -0.017731232568621635 0.040823034942150116
v 0.02641349472105503 -0.017596431076526642 0.0408363863825798
v 0.02641352079808712 -0.017690561711788177 0.04142339900135994
v 0.026982279494404793 -0.01782277040183544 0.041393883526325226
v 0.026982279494404793 -0.01782277040183544 0.041393883526325226
v 0.02641352079808712 -0.017690561711788177 0.04142339900135994
v 0.026413561776280403 -0.017854761332273483 0.04199478402733803
v 0.026982318609952927 -0.017982447519898415 0.04194953292608261
v 0.026982318609952927 -0.017982447519898415 0.04194953292608261
v 0.026413561776280403 -0.017854761332273483 0.04199478402733803
v 0.02641361393034458 -0.018086636438965797 0.04254221171140671
v 0.026982368901371956 -0.018207937479019165 0.042481888085603714
v 0.026982368901371956 -0.018207937479019165 0.042481888085603714
v 0.02641361393034458 -0.018086636438965797 0.04254221171140671
v 0.026413677260279655 -0.018382806330919266 0.04305769503116608
v 0.02698243036866188 -0.0184959527105093 0.04298317804932594
v 0.02698243036866188 -0.0184959527105093 0.04298317804932594
v 0.026413677260279655 -0.018382806330919266 0.04305769503116608
v 0.026413751766085625 -0.01873895153403282 0.043533723801374435
v 0.0269825030118227 -0.018842291086912155 0.043446097522974014
v 0.0269825030118227 -0.018842291086912155 0.043446097522974014
v 0.026413751766085625 -0.01873895153403282 0.043533723801374435
v 0.02641383744776249 -0.01914987899363041 0.04396335408091545
v 0.026982584968209267 -0.019241902977228165 0.043863896280527115
v 0.026982584968209267 -0.019241902977228165 0.043863896280527115
v 0.02641383744776249 -0.01914987899363041 0.04396335408091545
v 0.02641393058001995 -0.019609594717621803 0.04434031993150711
v 0.02698267623782158 -0.019688960164785385 0.04423048347234726
v 0.02698267623782158 -0.019688960164785385 0.04423048347234726
v 0.02641393058001995 -0.019609594717621803 0.04434031993150711
v 0.02641402930021286 -0.02011139877140522 0.044659122824668884
v 0.02698277309536934 -0.020176947116851807 0.04454050585627556
v 0.02698277309536934 -0.020176947116851807 0.04454050585627556
v 0.02641402930021286 -0.02011139877140522 0.044659122824668884
v 0.026414135470986366 -0.020647970959544182 0.04491511732339859
v 0.026982877403497696 -0.02069874480366707 0.044789452105760574
v 0.026982877403497696 -0.02069874480366707 0.044789452105760574
v 0.026414135470986366 -0.020647970959544182 0.04491511732339859
v 0.02641424536705017 -0.02121148817241192 0.04510456696152687
v 0.026982983574271202 -0.021246744319796562 0.04497368633747101
v 0.026982983574271202 -0.021246744319796562 0.04497368633747101
v 0.02641424536705017 -0.02121148817241192 0.04510456696152687
v 0.026414358988404274 -0.021793732419610023 0.045224711298942566
v 0.026983093470335007 -0.021812954917550087 0.04509052261710167
v 0.026983093470335007 -0.021812954917550087 0.04509052261710167
v 0.026414358988404274 -0.021793732419610023 0.045224711298942566
v 0.026414472609758377 -0.0223862137645483 0.0452737994492054
v 0.02698320336639881 -0.022389119490981102 0.04513825476169586
v 0.02698320336639881 -0.022389119490981102 0.04513825476169586
v 0.026414472609758377 -0.0223862137645483 0.0452737994492054
v 0.02641458436846733 -0.02298028953373432 0.045251112431287766
v 0.026983313262462616 -0.022966839373111725 0.04511619359254837
v 0.026983313262462616 -0.022966839373111725 0.04511619359254837
v 0.02641458436846733 -0.02298028953373432 0.045251112431287766
v 0.026414696127176285 -0.023567302152514458 0.04515698179602623
v 0.02698342129588127 -0.023537686094641685 0.045024655759334564
v 0.02698342129588127 -0.023537686094641685 0.045024655759334564
v 0.026414696127176285 -0.023567302152514458 0.04515698179602623
v 0.02641480229794979 -0.024138687178492546 0.044992782175540924
v 0.02698352374136448 -0.02409333735704422 0.04486497864127159
v 0.02698352374136448 -0.02409333735704422 0.04486497864127159
v 0.02641480229794979 -0.024138687178492546 0.044992782175540924
v 0.02641490288078785 -0.024686114862561226 0.04476090893149376
v 0.02698362246155739 -0.024625690653920174 0.04463948681950569
v 0.02698362246155739 -0.024625690653920174 0.04463948681950569
v 0.02641490288078785 -0.024686114862561226 0.04476090893149376
v 0.02641499601304531 -0.025201600044965744 0.04446473717689514
v 0.0269837137311697 -0.025126982480287552 0.044351473450660706
v 0.0269837137311697 -0.025126982480287552 0.044351473450660706
v 0.02641499601304531 -0.025201600044965744 0.04446473717689514
v 0.026415081694722176 -0.025677628815174103 0.044108591973781586
v 0.026983797550201416 -0.025589901953935623 0.044005136936903
v 0.026983797550201416 -0.025589901953935623 0.044005136936903
v 0.026415081694722176 -0.025677628815174103 0.044108591973781586
v 0.026415158063173294 -0.02610725909471512 0.04369766637682915
v 0.026983870193362236 -0.026007700711488724 0.04360552504658699
v 0.026983870193362236 -0.026007700711488724 0.04360552504658699
v 0.026415158063173294 -0.02610725909471512 0.04369766637682915
v 0.026415223255753517 -0.02648422308266163 0.043237946927547455
v 0.02698393352329731 -0.02637428604066372 0.04315846413373947
v 0.02698393352329731 -0.02637428604066372 0.04315846413373947
v 0.026415223255753517 -0.02648422308266163 0.043237946927547455
v 0.026415277272462845 -0.026803025975823402 0.04273614287376404
v 0.02698398567736149 -0.026684310287237167 0.04267048090696335
v 0.02698398567736149 -0.026684310287237167 0.04267048090696335
v 0.026415277272462845 -0.026803025975823402 0.04273614287376404
v 0.026415318250656128 -0.027059020474553108 0.042199570685625076
v 0.02698402665555477 -0.026933254674077034 0.04214868322014809
v 0.02698402665555477 -0.026933254674077034 0.04214868322014809
v 0.026415318250656128 -0.027059020474553108 0.042199570685625076
v 0.026415346190333366 -0.02724847011268139 0.04163605347275734
v 0.02698405273258686 -0.027117488905787468 0.041600681841373444
v 0.02698405273258686 -0.027117488905787468 0.041600681841373444
v 0.026415346190333366 -0.02724847011268139 0.04163605347275734
v 0.02641535922884941 -0.027368614450097084 0.041053809225559235
v 0.026984067633748055 -0.02723432518541813 0.04103447124361992
v 0.026984067633748055 -0.02723432518541813 0.04103447124361992
v 0.02641535922884941 -0.027368614450097084 0.041053809225559235
v 0.02641536109149456 -0.027417702600359917 0.040461331605911255
v 0.026984067633748055 -0.02728205919265747 0.040458306670188904
v 0.026984067633748055 -0.02728205919265747 0.040458306670188904
v 0.02641536109149456 -0.027417702600359917 0.040461331605911255
v 0.026415348052978516 -0.027395015582442284 0.039867252111434937
v 0.02698405459523201 -0.02725999802350998 0.03988058865070343
v 0.02698405459523201 -0.02725999802350998 0.03988058865070343
v 0.026415348052978516 -0.027395015582442284 0.039867252111434937
v 0.026415321975946426 -0.027300884947180748 0.0392802432179451
v 0.02698402851819992 -0.027168460190296173 0.03930974006652832
v 0.02698402851819992 -0.027168460190296173 0.03930974006652832
v 0.026415321975946426 -0.027300884947180748 0.0392802432179451
v 0.026415280997753143 -0.027136685326695442 0.03870885819196701
v 0.026983991265296936 -0.0270087830722332 0.038754090666770935
v 0.026983991265296936 -0.0270087830722332 0.038754090666770935
v 0.026415280997753143 -0.027136685326695442 0.03870885819196701
v 0.026415228843688965 -0.026904810220003128 0.03816143050789833
v 0.026983940973877907 -0.0267832912504673 0.03822173550724983
v 0.026983940973877907 -0.0267832912504673 0.03822173550724983
v 0.026415228843688965 -0.026904810220003128 0.03816143050789833
v 0.02641516551375389 -0.02660864032804966 0.03764594346284866
v 0.026983877643942833 -0.026495277881622314 0.0377204455435276
v 0.026983877643942833 -0.026495277881622314 0.0377204455435276
v 0.02641516551375389 -0.02660864032804966 0.03764594346284866
v 0.026415091007947922 -0.026252496987581253 0.037169914692640305
v 0.026983805000782013 -0.02614893950521946 0.03725752606987953
v 0.026983805000782013 -0.02614893950521946 0.03725752606987953
v 0.026415091007947922 -0.026252496987581253 0.037169914692640305
v 0.026415005326271057 -0.025841569527983665 0.03674028441309929
v 0.026983723044395447 -0.02574932761490345 0.03683972731232643
v 0.026983723044395447 -0.02574932761490345 0.03683972731232643
v 0.026415005326271057 -0.025841569527983665 0.03674028441309929
v 0.026414912194013596 -0.025381851941347122 0.03636331856250763
v 0.026983631774783134 -0.02530226856470108 0.03647314012050629
v 0.026983631774783134 -0.02530226856470108 0.03647314012050629
v 0.026414912194013596 -0.025381851941347122 0.03636331856250763
v 0.026414813473820686 -0.024880047887563705 0.036044515669345856
v 0.026983534917235374 -0.024814283475279808 0.03616311773657799
v 0.026983534917235374 -0.024814283475279808 0.03616311773657799
v 0.026414813473820686 -0.024880047887563705 0.036044515669345856
v 0.02641470730304718 -0.024343475699424744 0.03578852117061615
v 0.026983432471752167 -0.024292485788464546 0.03591417148709297
v 0.026983432471752167 -0.024292485788464546 0.03591417148709297
v 0.02641470730304718 -0.024343475699424744 0.03578852117061615
v 0.026414597406983376 -0.023779958486557007 0.03559907153248787
v 0.02698332443833351 -0.023744486272335052 0.03572993725538254
v 0.02698332443833351 -0.023744486272335052 0.03572993725538254
v 0.026414597406983376 -0.023779958486557007 0.03559907153248787
v 0.026414483785629272 -0.023197714239358902 0.035478927195072174
v 0.026983214542269707 -0.023178275674581528 0.03561310097575188
v 0.026983214542269707 -0.023178275674581528 0.03561310097575188
v 0.026414483785629272 -0.023197714239358902 0.035478927195072174
v 0.02641437016427517 -0.022605234757065773 0.03542984277009964
v 0.026983104646205902 -0.022602111101150513 0.035565365105867386
v 0.026983104646205902 -0.022602111101150513 0.035565365105867386
v 0.02641437016427517 -0.022605234757065773 0.03542984277009964
v 0.026414258405566216 -0.022011157125234604 0.03545252978801727
v 0.026982994750142097 -0.02202439121901989 0.035587430000305176
v 0.026982994750142097 -0.02202439121901989 0.035587430000305176
v 0.026414258405566216 -0.022011157125234604 0.03545252978801727
v 0.02641414664685726 -0.021424144506454468 0.03554665669798851
v 0.02698288857936859 -0.02145354449748993 0.03567896783351898
v 0.02641414664685726 -0.021424144506454468 0.03554665669798851
v 0.02641414664685726 -0.021424144506454468 0.03554665669798851
v 0.025833364576101303 -0.020830094814300537 0.035646528005599976
v 0.026414040476083755 -0.02085275948047638 0.035710856318473816
v 0.026414040476083755 -0.02085275948047638 0.035710856318473816
v 0.025833364576101303 -0.020830094814300537 0.035646528005599976
v 0.025833262130618095 -0.02027507871389389 0.03588161617517471
v 0.026413939893245697 -0.02030533365905285 0.03594273328781128
v 0.026413939893245697 -0.02030533365905285 0.03594273328781128
v 0.025833262130618095 -0.02027507871389389 0.03588161617517471
v 0.025833167135715485 -0.019752444699406624 0.036181893199682236
v 0.026413846760988235 -0.01978984661400318 0.0362389013171196
v 0.026413846760988235 -0.01978984661400318 0.0362389013171196
v 0.025833167135715485 -0.019752444699406624 0.036181893199682236
v 0.02583308145403862 -0.01926981844007969 0.036542974412441254
v 0.02641376107931137 -0.019313817843794823 0.036595046520233154
v 0.02641376107931137 -0.019313817843794823 0.036595046520233154
v 0.02583308145403862 -0.01926981844007969 0.036542974412441254
v 0.0258330050855875 -0.018834233283996582 0.03695959970355034
v 0.026413684710860252 -0.018884189426898956 0.03700597584247589
v 0.026413684710860252 -0.018884189426898956 0.03700597584247589
v 0.0258330050855875 -0.018834233283996582 0.03695959970355034
v 0.02583293803036213 -0.01845204271376133 0.0374256893992424
v 0.02641361951828003 -0.018507223576307297 0.037465691566467285
v 0.02641361951828003 -0.018507223576307297 0.037465691566467285
v 0.02583293803036213 -0.01845204271376133 0.0374256893992424
v 0.0258328840136528 -0.01812881790101528 0.037934448570013046
v 0.0264135655015707 -0.018188420683145523 0.0379674956202507
v 0.0264135655015707 -0.018188420683145523 0.0379674956202507
v 0.0258328840136528 -0.01812881790101528 0.037934448570013046
v 0.02583284303545952 -0.01786927692592144 0.038478460162878036
v 0.02641352452337742 -0.017932426184415817 0.038504067808389664
v 0.02641352452337742 -0.017932426184415817 0.038504067808389664
v 0.02583284303545952 -0.01786927692592144 0.038478460162878036
v 0.02583281509578228 -0.017677199095487595 0.03904978930950165
v 0.02641349658370018 -0.017742976546287537 0.0390675850212574
v 0.02641349658370018 -0.017742976546287537 0.0390675850212574
v 0.02583281509578228 -0.017677199095487595 0.03904978930950165
v 0.025832800194621086 -0.017555389553308487 0.03964010626077652
v 0.026413483545184135 -0.01762283220887184 0.039649829268455505
v 0.026413483545184135 -0.01762283220887184 0.039649829268455505
v 0.025832800194621086 -0.017555389553308487 0.03964010626077652
v 0.025832798331975937 -0.017505621537566185 0.04024079814553261
v 0.026413481682538986 -0.017573745921254158 0.040242310613393784
v 0.026413481682538986 -0.017573745921254158 0.040242310613393784
v 0.025832798331975937 -0.017505621537566185 0.04024079814553261
v 0.02583281137049198 -0.017528623342514038 0.040843114256858826
v 0.02641349472105503 -0.017596431076526642 0.0408363863825798
v 0.02641349472105503 -0.017596431076526642 0.0408363863825798
v 0.02583281137049198 -0.017528623342514038 0.040843114256858826
v 0.02583283931016922 -0.017624057829380035 0.0414382629096508
v 0.02641352079808712 -0.017690561711788177 0.04142339900135994
v 0.02641352079808712 -0.017690561711788177 0.04142339900135994
v 0.02583283931016922 -0.017624057829380035 0.0414382629096508
v 0.025832878425717354 -0.0177905336022377 0.04201756790280342
v 0.026413561776280403 -0.017854761332273483 0.04199478402733803
v 0.026413561776280403 -0.017854761332273483 0.04199478402733803
v 0.025832878425717354 -0.0177905336022377 0.04201756790280342
v 0.02583293244242668 -0.018025623634457588 0.04257258400321007
v 0.02641361393034458 -0.018086636438965797 0.04254221171140671
v 0.02641361393034458 -0.018086636438965797 0.04254221171140671
v 0.02583293244242668 -0.018025623634457588 0.04257258400321007
v 0.025832997635006905 -0.01832589879631996 0.043095216155052185
v 0.026413677260279655 -0.018382806330919266 0.04305769503116608
v 0.026413677260279655 -0.018382806330919266 0.04305769503116608
v 0.025832997635006905 -0.01832589879631996 0.043095216155052185
v 0.025833072140812874 -0.01868698187172413 0.04357784613966942
v 0.026413751766085625 -0.01873895153403282 0.043533723801374435
v 0.026413751766085625 -0.01873895153403282 0.043533723801374435
v 0.025833072140812874 -0.01868698187172413 0.04357784613966942
v 0.02583315782248974 -0.019103605300188065 0.044013429433107376
v 0.02641383744776249 -0.01914987899363041 0.04396335408091545
v 0.02641383744776249 -0.01914987899363041 0.04396335408091545
v 0.02583315782248974 -0.019103605300188065 0.044013429433107376
v 0.02583325281739235 -0.019569694995880127 0.04439562186598778
v 0.02641393058001995 -0.019609594717621803 0.04434031993150711
v 0.02641393058001995 -0.019609594717621803 0.04434031993150711
v 0.02583325281739235 -0.019569694995880127 0.04439562186598778
v 0.025833353400230408 -0.02007845602929592 0.04471884295344353
v 0.02641402930021286 -0.02011139877140522 0.044659122824668884
v 0.02641402930021286 -0.02011139877140522 0.044659122824668884
v 0.025833353400230408 -0.02007845602929592 0.04471884295344353
v 0.025833461433649063 -0.02062246762216091 0.04497838765382767
v 0.026414135470986366 -0.020647970959544182 0.04491511732339859
v 0.026414135470986366 -0.020647970959544182 0.04491511732339859
v 0.025833461433649063 -0.02062246762216091 0.04497838765382767
v 0.025833573192358017 -0.021193796768784523 0.045170463621616364
v 0.02641424536705017 -0.02121148817241192 0.04510456696152687
v 0.02641424536705017 -0.02121148817241192 0.04510456696152687
v 0.025833573192358017 -0.021193796768784523 0.045170463621616364
v 0.02583368681371212 -0.021784111857414246 0.04529227316379547
v 0.026414358988404274 -0.021793732419610023 0.045224711298942566
v 0.026414358988404274 -0.021793732419610023 0.045224711298942566
v 0.02583368681371212 -0.021784111857414246 0.04529227316379547
v 0.025833802297711372 -0.022384805604815483 0.045342039316892624
v 0.026414472609758377 -0.0223862137645483 0.0452737994492054
v 0.026414472609758377 -0.0223862137645483 0.0452737994492054
v 0.025833802297711372 -0.022384805604815483 0.045342039316892624
v 0.025833917781710625 -0.022987117990851402 0.04531903937458992
v 0.02641458436846733 -0.02298028953373432 0.045251112431287766
v 0.02641458436846733 -0.02298028953373432 0.045251112431287766
v 0.025833917781710625 -0.022987117990851402 0.04531903937458992
v 0.02583402954041958 -0.02358226664364338 0.04522360488772392
v 0.026414696127176285 -0.023567302152514458 0.04515698179602623
v 0.026414696127176285 -0.023567302152514458 0.04515698179602623
v 0.02583402954041958 -0.02358226664364338 0.04522360488772392
v 0.025834137573838234 -0.024161573499441147 0.04505712911486626
v 0.02641480229794979 -0.024138687178492546 0.044992782175540924
v 0.02641480229794979 -0.024138687178492546 0.044992782175540924
v 0.025834137573838234 -0.024161573499441147 0.04505712911486626
v 0.02583424001932144 -0.024716589599847794 0.04482203722000122
v 0.02641490288078785 -0.024686114862561226 0.04476090893149376
v 0.02641490288078785 -0.024686114862561226 0.04476090893149376
v 0.02583424001932144 -0.024716589599847794 0.04482203722000122
v 0.025834335014224052 -0.02523922175168991 0.044521763920784
v 0.02641499601304531 -0.025201600044965744 0.04446473717689514
v 0.02641499601304531 -0.025201600044965744 0.04446473717689514
v 0.025834335014224052 -0.02523922175168991 0.044521763920784
v 0.025834420695900917 -0.025721849873661995 0.04416068270802498
v 0.026415081694722176 -0.025677628815174103 0.044108591973781586
v 0.026415081694722176 -0.025677628815174103 0.044108591973781586
v 0.025834420695900917 -0.025721849873661995 0.04416068270802498
v 0.025834498926997185 -0.026157435029745102 0.043744057416915894
v 0.026415158063173294 -0.02610725909471512 0.04369766637682915
v 0.026415158063173294 -0.02610725909471512 0.04369766637682915
v 0.025834498926997185 -0.026157435029745102 0.043744057416915894
v 0.025834564119577408 -0.026539625599980354 0.04327796772122383
v 0.026415223255753517 -0.02648422308266163 0.043237946927547455
v 0.026415223255753517 -0.02648422308266163 0.043237946927547455
v 0.025834564119577408 -0.026539625599980354 0.04327796772122383
v 0.025834618136286736 -0.026862848550081253 0.04276920482516289
v 0.026415277272462845 -0.026803025975823402 0.04273614287376404
v 0.026415277272462845 -0.026803025975823402 0.04273614287376404
v 0.025834618136286736 -0.026862848550081253 0.04276920482516289
v 0.02583465911448002 -0.027122391387820244 0.042225196957588196
v 0.026415318250656128 -0.027059020474553108 0.042199570685625076
v 0.026415318250656128 -0.027059020474553108 0.042199570685625076
v 0.02583465911448002 -0.027122391387820244 0.042225196957588196
v 0.025834688916802406 -0.02731446921825409 0.041653867810964584
v 0.026415346190333366 -0.02724847011268139 0.04163605347275734
v 0.026415346190333366 -0.02724847011268139 0.04163605347275734
v 0.025834688916802406 -0.02731446921825409 0.041653867810964584
v 0.02583470195531845 -0.027436278760433197 0.04106355085968971
v 0.02641535922884941 -0.027368614450097084 0.041053809225559235
v 0.02641535922884941 -0.027368614450097084 0.041053809225559235
v 0.02583470195531845 -0.027436278760433197 0.04106355085968971
v 0.0258347038179636 -0.02748604491353035 0.040462855249643326
v 0.02641536109149456 -0.027417702600359917 0.040461331605911255
v 0.02641536109149456 -0.027417702600359917 0.040461331605911255
v 0.0258347038179636 -0.02748604491353035 0.040462855249643326
v 0.025834690779447556 -0.027463044971227646 0.03986054286360741
v 0.026415348052978516 -0.027395015582442284 0.039867252111434937
v 0.026415348052978516 -0.027395015582442284 0.039867252111434937
v 0.025834690779447556 -0.027463044971227646 0.03986054286360741
v 0.025834662839770317 -0.02736761048436165 0.03926539421081543
v 0.026415321975946426 -0.027300884947180748 0.0392802432179451
v 0.026415321975946426 -0.027300884947180748 0.0392802432179451
v 0.025834662839770317 -0.02736761048436165 0.03926539421081543
v 0.025834623724222183 -0.027201134711503983 0.03868608921766281
v 0.026415280997753143 -0.027136685326695442 0.03870885819196701
v 0.026415280997753143 -0.027136685326695442 0.03870885819196701
v 0.025834623724222183 -0.027201134711503983 0.03868608921766281
v 0.025834569707512856 -0.026966044679284096 0.038131073117256165
v 0.026415228843688965 -0.026904810220003128 0.03816143050789833
v 0.026415228843688965 -0.026904810220003128 0.03816143050789833
v 0.025834569707512856 -0.026966044679284096 0.038131073117256165
v 0.02583450637757778 -0.026665769517421722 0.03760844096541405
v 0.02641516551375389 -0.02660864032804966 0.03764594346284866
v 0.02641516551375389 -0.02660864032804966 0.03764594346284866
v 0.02583450637757778 -0.026665769517421722 0.03760844096541405
v 0.025834430009126663 -0.026304686442017555 0.037125810980796814
v 0.026415091007947922 -0.026252496987581253 0.037169914692640305
v 0.026415091007947922 -0.026252496987581253 0.037169914692640305
v 0.025834430009126663 -0.026304686442017555 0.037125810980796814
v 0.0258343443274498 -0.02588806301355362 0.036690227687358856
v 0.026415005326271057 -0.025841569527983665 0.03674028441309929
v 0.026415005326271057 -0.025841569527983665 0.03674028441309929
v 0.0258343443274498 -0.02588806301355362 0.036690227687358856
v 0.025834249332547188 -0.025421971455216408 0.036308035254478455
v 0.026414912194013596 -0.025381851941347122 0.03636331856250763
v 0.026414912194013596 -0.025381851941347122 0.03636331856250763
v 0.025834249332547188 -0.025421971455216408 0.036308035254478455
v 0.02583414874970913 -0.024913212284445763 0.035984814167022705
v 0.026414813473820686 -0.024880047887563705 0.036044515669345856
v 0.026414813473820686 -0.024880047887563705 0.036044515669345856
v 0.02583414874970913 -0.024913212284445763 0.035984814167022705
v 0.025834040716290474 -0.024369200691580772 0.035725269466638565
v 0.02641470730304718 -0.024343475699424744 0.03578852117061615
v 0.02641470730304718 -0.024343475699424744 0.03578852117061615
v 0.025834040716290474 -0.024369200691580772 0.035725269466638565
v 0.02583392895758152 -0.02379787154495716 0.03553319349884987
v 0.026414597406983376 -0.023779958486557007 0.03559907153248787
v 0.026414597406983376 -0.023779958486557007 0.03559907153248787
v 0.02583392895758152 -0.02379787154495716 0.03553319349884987
v 0.025833815336227417 -0.02320755645632744 0.03541138395667076
v 0.026414483785629272 -0.023197714239358902 0.035478927195072174
v 0.026414483785629272 -0.023197714239358902 0.035478927195072174
v 0.025833815336227417 -0.02320755645632744 0.03541138395667076
v 0.025833699852228165 -0.0226068627089262 0.03536161780357361
v 0.02641437016427517 -0.022605234757065773 0.03542984277009964
v 0.02641437016427517 -0.022605234757065773 0.03542984277009964
v 0.025833699852228165 -0.0226068627089262 0.03536161780357361
v 0.025833584368228912 -0.02200455032289028 0.03538461774587631
v 0.026414258405566216 -0.022011157125234604 0.03545252978801727
v 0.026414258405566216 -0.022011157125234604 0.03545252978801727
v 0.025833584368228912 -0.02200455032289028 0.03538461774587631
v 0.02583347260951996 -0.021409399807453156 0.03548005223274231
v 0.02641414664685726 -0.021424144506454468 0.03554665669798851
v 0.02583347260951996 -0.021409399807453156 0.03548005223274231
v 0.02583347260951996 -0.021409399807453156 0.03548005223274231
v 0.02524869702756405 -0.02083020657300949 0.03564653545618057
v 0.025833364576101303 -0.020830094814300537 0.035646528005599976
v 0.025833364576101303 -0.020830094814300537 0.035646528005599976
v 0.02524869702756405 -0.02083020657300949 0.03564653545618057
v 0.02524859644472599 -0.020275188609957695 0.03588162735104561
v 0.025833262130618095 -0.02027507871389389 0.03588161617517471
v 0.025833262130618095 -0.02027507871389389 0.03588161617517471
v 0.02524859644472599 -0.020275188609957695 0.03588162735104561
v 0.02524849958717823 -0.019752556458115578 0.03618190065026283
v 0.025833167135715485 -0.019752444699406624 0.036181893199682236
v 0.025833167135715485 -0.019752444699406624 0.036181893199682236
v 0.02524849958717823 -0.019752556458115578 0.03618190065026283
v 0.025248413905501366 -0.019269928336143494 0.03654298558831215
v 0.02583308145403862 -0.01926981844007969 0.036542974412441254
v 0.02583308145403862 -0.01926981844007969 0.036542974412441254
v 0.025248413905501366 -0.019269928336143494 0.03654298558831215
v 0.025248337537050247 -0.018834343180060387 0.036959607154130936
v 0.0258330050855875 -0.018834233283996582 0.03695959970355034
v 0.0258330050855875 -0.018834233283996582 0.03695959970355034
v 0.025248337537050247 -0.018834343180060387 0.036959607154130936
v 0.025248270481824875 -0.018452152609825134 0.037425696849823
v 0.02583293803036213 -0.01845204271376133 0.0374256893992424
v 0.02583293803036213 -0.01845204271376133 0.0374256893992424
v 0.025248270481824875 -0.018452152609825134 0.037425696849823
v 0.025248216465115547 -0.018128929659724236 0.03793445974588394
v 0.0258328840136528 -0.01812881790101528 0.037934448570013046
v 0.0258328840136528 -0.01812881790101528 0.037934448570013046
v 0.025248216465115547 -0.018128929659724236 0.03793445974588394
v 0.025248175486922264 -0.017869388684630394 0.03847847133874893
v 0.02583284303545952 -0.01786927692592144 0.038478460162878036
v 0.02583284303545952 -0.01786927692592144 0.038478460162878036
v 0.025248175486922264 -0.017869388684630394 0.03847847133874893
v 0.025248147547245026 -0.01767731085419655 0.03904980048537254
v 0.02583281509578228 -0.017677199095487595 0.03904978930950165
v 0.02583281509578228 -0.017677199095487595 0.03904978930950165
v 0.025248147547245026 -0.01767731085419655 0.03904980048537254
v 0.025248132646083832 -0.01755550131201744 0.03964011371135712
v 0.025832800194621086 -0.017555389553308487 0.03964010626077652
v 0.025832800194621086 -0.017555389553308487 0.03964010626077652
v 0.025248132646083832 -0.01755550131201744 0.03964011371135712
v 0.025248130783438683 -0.01750573329627514 0.0402408093214035
v 0.025832798331975937 -0.017505621537566185 0.04024079814553261
v 0.025832798331975937 -0.017505621537566185 0.04024079814553261
v 0.025248130783438683 -0.01750573329627514 0.0402408093214035
v 0.025248145684599876 -0.017528735101222992 0.04084312170743942
v 0.02583281137049198 -0.017528623342514038 0.040843114256858826
v 0.02583281137049198 -0.017528623342514038 0.040843114256858826
v 0.025248145684599876 -0.017528735101222992 0.04084312170743942
v 0.025248171761631966 -0.01762416958808899 0.0414382703602314
v 0.02583283931016922 -0.017624057829380035 0.0414382629096508
v 0.02583283931016922 -0.017624057829380035 0.0414382629096508
v 0.025248171761631966 -0.01762416958808899 0.0414382703602314
v 0.0252482108771801 -0.017790645360946655 0.04201757535338402
v 0.025832878425717354 -0.0177905336022377 0.04201756790280342
v 0.025832878425717354 -0.0177905336022377 0.04201756790280342
v 0.0252482108771801 -0.017790645360946655 0.04201757535338402
v 0.025248264893889427 -0.018025735393166542 0.042572591453790665
v 0.02583293244242668 -0.018025623634457588 0.04257258400321007
v 0.02583293244242668 -0.018025623634457588 0.04257258400321007
v 0.025248264893889427 -0.018025735393166542 0.042572591453790665
v 0.02524833008646965 -0.018326010555028915 0.04309522360563278
v 0.025832997635006905 -0.01832589879631996 0.043095216155052185
v 0.025832997635006905 -0.01832589879631996 0.043095216155052185
v 0.02524833008646965 -0.018326010555028915 0.04309522360563278
v 0.02524840459227562 -0.018687091767787933 0.043577853590250015
v 0.025833072140812874 -0.01868698187172413 0.04357784613966942
v 0.025833072140812874 -0.01868698187172413 0.04357784613966942
v 0.02524840459227562 -0.018687091767787933 0.043577853590250015
v 0.025248490273952484 -0.01910371705889702 0.04401343688368797
v 0.02583315782248974 -0.019103605300188065 0.044013429433107376
v 0.02583315782248974 -0.019103605300188065 0.044013429433107376
v 0.025248490273952484 -0.01910371705889702 0.04401343688368797
v 0.025248585268855095 -0.01956980675458908 0.044395629316568375
v 0.02583325281739235 -0.019569694995880127 0.04439562186598778
v 0.02583325281739235 -0.019569694995880127 0.04439562186598778
v 0.025248585268855095 -0.01956980675458908 0.044395629316568375
v 0.025248687714338303 -0.020078567788004875 0.04471885412931442
v 0.025833353400230408 -0.02007845602929592 0.04471884295344353
v 0.025833353400230408 -0.02007845602929592 0.04471884295344353
v 0.025248687714338303 -0.020078567788004875 0.04471885412931442
v 0.02524879388511181 -0.020622577518224716 0.044978395104408264
v 0.025833461433649063 -0.02062246762216091 0.04497838765382767
v 0.025833461433649063 -0.02062246762216091 0.04497838765382767
v 0.02524879388511181 -0.020622577518224716 0.044978395104408264
v 0.025248905643820763 -0.021193906664848328 0.04517047107219696
v 0.025833573192358017 -0.021193796768784523 0.045170463621616364
v 0.025833573192358017 -0.021193796768784523 0.045170463621616364
v 0.025248905643820763 -0.021193906664848328 0.04517047107219696
v 0.025249021127820015 -0.02178422175347805 0.04529228061437607
v 0.02583368681371212 -0.021784111857414246 0.04529227316379547
v 0.02583368681371212 -0.021784111857414246 0.04529227316379547
v 0.025249021127820015 -0.02178422175347805 0.04529228061437607
v 0.025249134749174118 -0.022384917363524437 0.04534204676747322
v 0.025833802297711372 -0.022384805604815483 0.045342039316892624
v 0.025833802297711372 -0.022384805604815483 0.045342039316892624
v 0.025249134749174118 -0.022384917363524437 0.04534204676747322
v 0.02524925023317337 -0.022987229749560356 0.04531904682517052
v 0.025833917781710625 -0.022987117990851402 0.04531903937458992
v 0.025833917781710625 -0.022987117990851402 0.04531903937458992
v 0.02524925023317337 -0.022987229749560356 0.04531904682517052
v 0.025249361991882324 -0.023582378402352333 0.04522361233830452
v 0.02583402954041958 -0.02358226664364338 0.04522360488772392
v 0.02583402954041958 -0.02358226664364338 0.04522360488772392
v 0.025249361991882324 -0.023582378402352333 0.04522361233830452
v 0.02524947002530098 -0.0241616852581501 0.045057136565446854
v 0.025834137573838234 -0.024161573499441147 0.04505712911486626
v 0.025834137573838234 -0.024161573499441147 0.04505712911486626
v 0.02524947002530098 -0.0241616852581501 0.045057136565446854
v 0.025249572470784187 -0.024716701358556747 0.044822048395872116
v 0.02583424001932144 -0.024716589599847794 0.04482203722000122
v 0.02583424001932144 -0.024716589599847794 0.04482203722000122
v 0.025249572470784187 -0.024716701358556747 0.044822048395872116
v 0.025249667465686798 -0.025239333510398865 0.044521771371364594
v 0.025834335014224052 -0.02523922175168991 0.044521763920784
v 0.025834335014224052 -0.02523922175168991 0.044521763920784
v 0.025249667465686798 -0.025239333510398865 0.044521771371364594
v 0.025249753147363663 -0.02572196163237095 0.044160690158605576
v 0.025834420695900917 -0.025721849873661995 0.04416068270802498
v 0.025834420695900917 -0.025721849873661995 0.04416068270802498
v 0.025249753147363663 -0.02572196163237095 0.044160690158605576
v 0.02524983137845993 -0.026157546788454056 0.04374406486749649
v 0.025834498926997185 -0.026157435029745102 0.043744057416915894
v 0.025834498926997185 -0.026157435029745102 0.043744057416915894
v 0.02524983137845993 -0.026157546788454056 0.04374406486749649
v 0.025249896571040154 -0.026539737358689308 0.04327797517180443
v 0.025834564119577408 -0.026539625599980354 0.04327796772122383
v 0.025834564119577408 -0.026539625599980354 0.04327796772122383
v 0.025249896571040154 -0.026539737358689308 0.04327797517180443
v 0.02524995058774948 -0.026862960308790207 0.04276921600103378
v 0.025834618136286736 -0.026862848550081253 0.04276920482516289
v 0.025834618136286736 -0.026862848550081253 0.04276920482516289
v 0.02524995058774948 -0.026862960308790207 0.04276921600103378
v 0.025249991565942764 -0.027122503146529198 0.04222520440816879
v 0.02583465911448002 -0.027122391387820244 0.042225196957588196
v 0.02583465911448002 -0.027122391387820244 0.042225196957588196
v 0.025249991565942764 -0.027122503146529198 0.04222520440816879
v 0.025250021368265152 -0.027314579114317894 0.04165387526154518
v 0.025834688916802406 -0.02731446921825409 0.041653867810964584
v 0.025834688916802406 -0.02731446921825409 0.041653867810964584
v 0.025250021368265152 -0.027314579114317894 0.04165387526154518
v 0.025250034406781197 -0.02743639051914215 0.04106355831027031
v 0.02583470195531845 -0.027436278760433197 0.04106355085968971
v 0.02583470195531845 -0.027436278760433197 0.04106355085968971
v 0.025250034406781197 -0.02743639051914215 0.04106355831027031
v 0.025250036269426346 -0.027486156672239304 0.04046286642551422
v 0.0258347038179636 -0.02748604491353035 0.040462855249643326
v 0.0258347038179636 -0.02748604491353035 0.040462855249643326
v 0.025250036269426346 -0.027486156672239304 0.04046286642551422
v 0.0252500232309103 -0.02746315486729145 0.0398605540394783
v 0.025834690779447556 -0.027463044971227646 0.03986054286360741
v 0.025834690779447556 -0.027463044971227646 0.03986054286360741
v 0.0252500232309103 -0.02746315486729145 0.0398605540394783
v 0.025249995291233063 -0.027367722243070602 0.03926540166139603
v 0.025834662839770317 -0.02736761048436165 0.03926539421081543
v 0.025834662839770317 -0.02736761048436165 0.03926539421081543
v 0.025249995291233063 -0.027367722243070602 0.03926540166139603
v 0.02524995617568493 -0.027201246470212936 0.03868609666824341
v 0.025834623724222183 -0.027201134711503983 0.03868608921766281
v 0.025834623724222183 -0.027201134711503983 0.03868608921766281
v 0.02524995617568493 -0.027201246470212936 0.03868609666824341
v 0.0252499021589756 -0.02696615643799305 0.03813108056783676
v 0.025834569707512856 -0.026966044679284096 0.038131073117256165
v 0.025834569707512856 -0.026966044679284096 0.038131073117256165
v 0.0252499021589756 -0.02696615643799305 0.03813108056783676
v 0.025249838829040527 -0.026665881276130676 0.037608448415994644
v 0.02583450637757778 -0.026665769517421722 0.03760844096541405
v 0.02583450637757778 -0.026665769517421722 0.03760844096541405
v 0.025249838829040527 -0.026665881276130676 0.037608448415994644
v 0.02524976246058941 -0.02630479820072651 0.03712582215666771
v 0.025834430009126663 -0.026304686442017555 0.037125810980796814
v 0.025834430009126663 -0.026304686442017555 0.037125810980796814
v 0.02524976246058941 -0.02630479820072651 0.03712582215666771
v 0.025249676778912544 -0.025888172909617424 0.03669023513793945
v 0.0258343443274498 -0.02588806301355362 0.036690227687358856
v 0.0258343443274498 -0.02588806301355362 0.036690227687358856
v 0.025249676778912544 -0.025888172909617424 0.03669023513793945
v 0.025249581784009933 -0.02542208321392536 0.03630804643034935
v 0.025834249332547188 -0.025421971455216408 0.036308035254478455
v 0.025834249332547188 -0.025421971455216408 0.036308035254478455
v 0.025249581784009933 -0.02542208321392536 0.03630804643034935
v 0.025249481201171875 -0.024913324043154716 0.0359848216176033
v 0.02583414874970913 -0.024913212284445763 0.035984814167022705
v 0.02583414874970913 -0.024913212284445763 0.035984814167022705
v 0.025249481201171875 -0.024913324043154716 0.0359848216176033
v 0.02524937316775322 -0.024369312450289726 0.03572528064250946
v 0.025834040716290474 -0.024369200691580772 0.035725269466638565
v 0.025834040716290474 -0.024369200691580772 0.035725269466638565
v 0.02524937316775322 -0.024369312450289726 0.03572528064250946
v 0.025249261409044266 -0.023797983303666115 0.035533200949430466
v 0.02583392895758152 -0.02379787154495716 0.03553319349884987
v 0.02583392895758152 -0.02379787154495716 0.03553319349884987
v 0.025249261409044266 -0.023797983303666115 0.035533200949430466
v 0.025249147787690163 -0.023207668215036392 0.03541139140725136
v 0.025833815336227417 -0.02320755645632744 0.03541138395667076
v 0.025833815336227417 -0.02320755645632744 0.03541138395667076
v 0.025249147787690163 -0.023207668215036392 0.03541139140725136
v 0.02524903230369091 -0.022606974467635155 0.035361625254154205
v 0.025833699852228165 -0.0226068627089262 0.03536161780357361
v 0.025833699852228165 -0.0226068627089262 0.03536161780357361
v 0.02524903230369091 -0.022606974467635155 0.035361625254154205
v 0.025248918682336807 -0.022004660218954086 0.03538462519645691
v 0.025833584368228912 -0.02200455032289028 0.03538461774587631
v 0.025833584368228912 -0.02200455032289028 0.03538461774587631
v 0.025248918682336807 -0.022004660218954086 0.03538462519645691
v 0.025248805060982704 -0.02140951156616211 0.035480059683322906
v 0.02583347260951996 -0.021409399807453156 0.03548005223274231
v 0.025248805060982704 -0.02140951156616211 0.035480059683322906
v 0.025248805060982704 -0.02140951156616211 0.035480059683322906
v 0.024668032303452492 -0.020853092893958092 0.035710882395505905
v 0.02524869702756405 -0.02083020657300949 0.03564653545618057
v 0.02524869702756405 -0.02083020657300949 0.03564653545618057
v 0.024668032303452492 -0.020853092893958092 0.035710882395505905
v 0.024667931720614433 -0.020305665209889412 0.03594275936484337
v 0.02524859644472599 -0.020275188609957695 0.03588162735104561
v 0.02524859644472599 -0.020275188609957695 0.03588162735104561
v 0.024667931720614433 -0.020305665209889412 0.03594275936484337
v 0.024667838588356972 -0.019790180027484894 0.03623892739415169
v 0.02524849958717823 -0.019752556458115578 0.03618190065026283
v 0.02524849958717823 -0.019752556458115578 0.03618190065026283
v 0.024667838588356972 -0.019790180027484894 0.03623892739415169
v 0.024667752906680107 -0.019314151257276535 0.036595072597265244
v 0.025248413905501366 -0.019269928336143494 0.03654298558831215
v 0.025248413905501366 -0.019269928336143494 0.03654298558831215
v 0.024667752906680107 -0.019314151257276535 0.036595072597265244
v 0.02466767653822899 -0.01888452097773552 0.03700599819421768
v 0.025248337537050247 -0.018834343180060387 0.036959607154130936
v 0.025248337537050247 -0.018834343180060387 0.036959607154130936
v 0.02466767653822899 -0.01888452097773552 0.03700599819421768
v 0.024667611345648766 -0.01850755698978901 0.037465717643499374
v 0.025248270481824875 -0.018452152609825134 0.037425696849823
v 0.025248270481824875 -0.018452152609825134 0.037425696849823
v 0.024667611345648766 -0.01850755698978901 0.037465717643499374
v 0.024667559191584587 -0.018188752233982086 0.03796752169728279
v 0.025248216465115547 -0.018128929659724236 0.03793445974588394
v 0.025248216465115547 -0.018128929659724236 0.03793445974588394
v 0.024667559191584587 -0.018188752233982086 0.03796752169728279
v 0.024667518213391304 -0.01793275959789753 0.03850409388542175
v 0.025248175486922264 -0.017869388684630394 0.03847847133874893
v 0.025248175486922264 -0.017869388684630394 0.03847847133874893
v 0.024667518213391304 -0.01793275959789753 0.03850409388542175
v 0.024667490273714066 -0.0177433080971241 0.03906761109828949
v 0.025248147547245026 -0.01767731085419655 0.03904980048537254
v 0.025248147547245026 -0.01767731085419655 0.03904980048537254
v 0.024667490273714066 -0.0177433080971241 0.03906761109828949
v 0.02466747537255287 -0.017623163759708405 0.039649855345487595
v 0.025248132646083832 -0.01755550131201744 0.03964011371135712
v 0.025248132646083832 -0.01755550131201744 0.03964011371135712
v 0.02466747537255287 -0.017623163759708405 0.039649855345487595
v 0.024667473509907722 -0.01757407747209072 0.040242332965135574
v 0.025248130783438683 -0.01750573329627514 0.0402408093214035
v 0.025248130783438683 -0.01750573329627514 0.0402408093214035
v 0.024667473509907722 -0.01757407747209072 0.040242332965135574
v 0.024667486548423767 -0.017596764490008354 0.04083641245961189
v 0.025248145684599876 -0.017528735101222992 0.04084312170743942
v 0.025248145684599876 -0.017528735101222992 0.04084312170743942
v 0.024667486548423767 -0.017596764490008354 0.04083641245961189
v 0.024667514488101006 -0.01769089326262474 0.04142342507839203
v 0.025248171761631966 -0.01762416958808899 0.0414382703602314
v 0.025248171761631966 -0.01762416958808899 0.0414382703602314
v 0.024667514488101006 -0.01769089326262474 0.04142342507839203
v 0.02466755360364914 -0.017855092883110046 0.04199481010437012
v 0.0252482108771801 -0.017790645360946655 0.04201757535338402
v 0.0252482108771801 -0.017790645360946655 0.04201757535338402
v 0.02466755360364914 -0.017855092883110046 0.04199481010437012
v 0.024667605757713318 -0.01808696798980236 0.0425422377884388
v 0.025248264893889427 -0.018025735393166542 0.042572591453790665
v 0.025248264893889427 -0.018025735393166542 0.042572591453790665
v 0.024667605757713318 -0.01808696798980236 0.0425422377884388
v 0.02466766908764839 -0.01838313788175583 0.043057721108198166
v 0.02524833008646965 -0.018326010555028915 0.04309522360563278
v 0.02524833008646965 -0.018326010555028915 0.04309522360563278
v 0.02466766908764839 -0.01838313788175583 0.043057721108198166
v 0.02466774359345436 -0.018739283084869385 0.043533749878406525
v 0.02524840459227562 -0.018687091767787933 0.043577853590250015
v 0.02524840459227562 -0.018687091767787933 0.043577853590250015
v 0.02466774359345436 -0.018739283084869385 0.043533749878406525
v 0.024667829275131226 -0.019150210544466972 0.04396338015794754
v 0.025248490273952484 -0.01910371705889702 0.04401343688368797
v 0.025248490273952484 -0.01910371705889702 0.04401343688368797
v 0.024667829275131226 -0.019150210544466972 0.04396338015794754
v 0.024667922407388687 -0.019609928131103516 0.0443403460085392
v 0.025248585268855095 -0.01956980675458908 0.044395629316568375
v 0.025248585268855095 -0.01956980675458908 0.044395629316568375
v 0.024667922407388687 -0.019609928131103516 0.0443403460085392
v 0.024668022990226746 -0.020111732184886932 0.044659148901700974
v 0.025248687714338303 -0.020078567788004875 0.04471885412931442
v 0.025248687714338303 -0.020078567788004875 0.04471885412931442
v 0.024668022990226746 -0.020111732184886932 0.044659148901700974
v 0.024668127298355103 -0.020648304373025894 0.04491514340043068
v 0.02524879388511181 -0.020622577518224716 0.044978395104408264
v 0.02524879388511181 -0.020622577518224716 0.044978395104408264
v 0.024668127298355103 -0.020648304373025894 0.04491514340043068
v 0.024668239057064056 -0.02121182158589363 0.04510459303855896
v 0.025248905643820763 -0.021193906664848328 0.04517047107219696
v 0.025248905643820763 -0.021193906664848328 0.04517047107219696
v 0.024668239057064056 -0.02121182158589363 0.04510459303855896
v 0.02466835081577301 -0.021794065833091736 0.045224737375974655
v 0.025249021127820015 -0.02178422175347805 0.04529228061437607
v 0.025249021127820015 -0.02178422175347805 0.04529228061437607
v 0.02466835081577301 -0.021794065833091736 0.045224737375974655
v 0.024668464437127113 -0.022386545315384865 0.04527382552623749
v 0.025249134749174118 -0.022384917363524437 0.04534204676747322
v 0.025249134749174118 -0.022384917363524437 0.04534204676747322
v 0.024668464437127113 -0.022386545315384865 0.04527382552623749
v 0.024668578058481216 -0.022980622947216034 0.045251138508319855
v 0.02524925023317337 -0.022987229749560356 0.04531904682517052
v 0.02524925023317337 -0.022987229749560356 0.04531904682517052
v 0.024668578058481216 -0.022980622947216034 0.045251138508319855
v 0.02466868795454502 -0.02356763370335102 0.04515700787305832
v 0.025249361991882324 -0.023582378402352333 0.04522361233830452
v 0.025249361991882324 -0.023582378402352333 0.04522361233830452
v 0.02466868795454502 -0.02356763370335102 0.04515700787305832
v 0.024668794125318527 -0.02413901872932911 0.04499280825257301
v 0.02524947002530098 -0.0241616852581501 0.045057136565446854
v 0.02524947002530098 -0.0241616852581501 0.045057136565446854
v 0.024668794125318527 -0.02413901872932911 0.04499280825257301
v 0.024668894708156586 -0.02468644641339779 0.04476093128323555
v 0.025249572470784187 -0.024716701358556747 0.044822048395872116
v 0.025249572470784187 -0.024716701358556747 0.044822048395872116
v 0.024668894708156586 -0.02468644641339779 0.04476093128323555
v 0.024668989703059196 -0.025201933458447456 0.04446476325392723
v 0.025249667465686798 -0.025239333510398865 0.044521771371364594
v 0.025249667465686798 -0.025239333510398865 0.044521771371364594
v 0.024668989703059196 -0.025201933458447456 0.04446476325392723
v 0.024669073522090912 -0.025677962228655815 0.044108618050813675
v 0.025249753147363663 -0.02572196163237095 0.044160690158605576
v 0.025249753147363663 -0.02572196163237095 0.044160690158605576
v 0.024669073522090912 -0.025677962228655815 0.044108618050813675
v 0.02466914989054203 -0.02610759064555168 0.04369769245386124
v 0.02524983137845993 -0.026157546788454056 0.04374406486749649
v 0.02524983137845993 -0.026157546788454056 0.04374406486749649
v 0.02466914989054203 -0.02610759064555168 0.04369769245386124
v 0.024669215083122253 -0.02648455649614334 0.043237973004579544
v 0.025249896571040154 -0.026539737358689308 0.04327797517180443
v 0.025249896571040154 -0.026539737358689308 0.04327797517180443
v 0.024669215083122253 -0.02648455649614334 0.043237973004579544
v 0.02466926909983158 -0.026803359389305115 0.04273616895079613
v 0.02524995058774948 -0.026862960308790207 0.04276921600103378
v 0.02524995058774948 -0.026862960308790207 0.04276921600103378
v 0.02466926909983158 -0.026803359389305115 0.04273616895079613
v 0.024669310078024864 -0.02705935202538967 0.042199596762657166
v 0.025249991565942764 -0.027122503146529198 0.04222520440816879
v 0.025249991565942764 -0.027122503146529198 0.04222520440816879
v 0.024669310078024864 -0.02705935202538967 0.042199596762657166
v 0.024669338017702103 -0.0272488035261631 0.04163607954978943
v 0.025250021368265152 -0.027314579114317894 0.04165387526154518
v 0.025250021368265152 -0.027314579114317894 0.04165387526154518
v 0.024669338017702103 -0.0272488035261631 0.04163607954978943
v 0.024669352918863297 -0.027368947863578796 0.041053835302591324
v 0.025250034406781197 -0.02743639051914215 0.04106355831027031
v 0.025250034406781197 -0.02743639051914215 0.04106355831027031
v 0.024669352918863297 -0.027368947863578796 0.041053835302591324
v 0.024669352918863297 -0.02741803415119648 0.040461357682943344
v 0.025250036269426346 -0.027486156672239304 0.04046286642551422
v 0.025250036269426346 -0.027486156672239304 0.04046286642551422
v 0.024669352918863297 -0.02741803415119648 0.040461357682943344
v 0.024669339880347252 -0.027395347133278847 0.039867278188467026
v 0.0252500232309103 -0.02746315486729145 0.0398605540394783
v 0.0252500232309103 -0.02746315486729145 0.0398605540394783
v 0.024669339880347252 -0.027395347133278847 0.039867278188467026
v 0.024669313803315163 -0.02730121836066246 0.03928026556968689
v 0.025249995291233063 -0.027367722243070602 0.03926540166139603
v 0.025249995291233063 -0.027367722243070602 0.03926540166139603
v 0.024669313803315163 -0.02730121836066246 0.03928026556968689
v 0.02466927282512188 -0.027137018740177155 0.0387088805437088
v 0.02524995617568493 -0.027201246470212936 0.03868609666824341
v 0.02524995617568493 -0.027201246470212936 0.03868609666824341
v 0.02466927282512188 -0.027137018740177155 0.0387088805437088
v 0.0246692206710577 -0.02690514363348484 0.03816145285964012
v 0.0252499021589756 -0.02696615643799305 0.03813108056783676
v 0.0252499021589756 -0.02696615643799305 0.03813108056783676
v 0.0246692206710577 -0.02690514363348484 0.03816145285964012
v 0.024669157341122627 -0.026608973741531372 0.03764596953988075
v 0.025249838829040527 -0.026665881276130676 0.037608448415994644
v 0.025249838829040527 -0.026665881276130676 0.037608448415994644
v 0.024669157341122627 -0.026608973741531372 0.03764596953988075
v 0.024669082835316658 -0.026252828538417816 0.037169940769672394
v 0.02524976246058941 -0.02630479820072651 0.03712582215666771
v 0.02524976246058941 -0.02630479820072651 0.03712582215666771
v 0.024669082835316658 -0.026252828538417816 0.037169940769672394
v 0.024668999016284943 -0.02584190107882023 0.03674031049013138
v 0.025249676778912544 -0.025888172909617424 0.03669023513793945
v 0.025249676778912544 -0.025888172909617424 0.03669023513793945
v 0.024668999016284943 -0.02584190107882023 0.03674031049013138
v 0.02466890588402748 -0.025382183492183685 0.03636334463953972
v 0.025249581784009933 -0.02542208321392536 0.03630804643034935
v 0.025249581784009933 -0.02542208321392536 0.03630804643034935
v 0.02466890588402748 -0.025382183492183685 0.03636334463953972
v 0.024668805301189423 -0.02488037943840027 0.036044541746377945
v 0.025249481201171875 -0.024913324043154716 0.0359848216176033
v 0.025249481201171875 -0.024913324043154716 0.0359848216176033
v 0.024668805301189423 -0.02488037943840027 0.036044541746377945
v 0.024668699130415916 -0.024343807250261307 0.03578854724764824
v 0.02524937316775322 -0.024369312450289726 0.03572528064250946
v 0.02524937316775322 -0.024369312450289726 0.03572528064250946
v 0.024668699130415916 -0.024343807250261307 0.03578854724764824
v 0.024668589234352112 -0.02378029190003872 0.03559909760951996
v 0.025249261409044266 -0.023797983303666115 0.035533200949430466
v 0.025249261409044266 -0.023797983303666115 0.035533200949430466
v 0.024668589234352112 -0.02378029190003872 0.03559909760951996
v 0.02466847561299801 -0.023198047652840614 0.03547895327210426
v 0.025249147787690163 -0.023207668215036392 0.03541139140725136
v 0.025249147787690163 -0.023207668215036392 0.03541139140725136
v 0.02466847561299801 -0.023198047652840614 0.03547895327210426
v 0.024668361991643906 -0.022605566307902336 0.03542986512184143
v 0.02524903230369091 -0.022606974467635155 0.035361625254154205
v 0.02524903230369091 -0.022606974467635155 0.035361625254154205
v 0.024668361991643906 -0.022605566307902336 0.03542986512184143
v 0.024668250232934952 -0.022011488676071167 0.035452552139759064
v 0.025248918682336807 -0.022004660218954086 0.03538462519645691
v 0.025248918682336807 -0.022004660218954086 0.03538462519645691
v 0.024668250232934952 -0.022011488676071167 0.035452552139759064
v 0.024668138474225998 -0.02142447791993618 0.0355466827750206
v 0.025248805060982704 -0.02140951156616211 0.035480059683322906
v 0.024668138474225998 -0.02142447791993618 0.0355466827750206
v 0.024668138474225998 -0.02142447791993618 0.0355466827750206
v 0.024099310860037804 -0.020898442715406418 0.03583868592977524
v 0.024668032303452492 -0.020853092893958092 0.035710882395505905
v 0.024668032303452492 -0.020853092893958092 0.035710882395505905
v 0.024099310860037804 -0.020898442715406418 0.03583868592977524
v 0.024099212139844894 -0.020366089418530464 0.03606417775154114
v 0.024667931720614433 -0.020305665209889412 0.03594275936484337
v 0.024667931720614433 -0.020305665209889412 0.03594275936484337
v 0.024099212139844894 -0.020366089418530464 0.03606417775154114
v 0.024099120870232582 -0.019864797592163086 0.036352191120386124
v 0.024667838588356972 -0.019790180027484894 0.03623892739415169
v 0.024667838588356972 -0.019790180027484894 0.03623892739415169
v 0.024099120870232582 -0.019864797592163086 0.036352191120386124
v 0.024099037051200867 -0.019401878118515015 0.03669852763414383
v 0.024667752906680107 -0.019314151257276535 0.036595072597265244
v 0.024667752906680107 -0.019314151257276535 0.036595072597265244
v 0.024099037051200867 -0.019401878118515015 0.03669852763414383
v 0.024098964408040047 -0.018984079360961914 0.03709813952445984
v 0.02466767653822899 -0.01888452097773552 0.03700599819421768
v 0.02466767653822899 -0.01888452097773552 0.03700599819421768
v 0.024098964408040047 -0.018984079360961914 0.03709813952445984
v 0.024098901078104973 -0.01861749403178692 0.03754520043730736
v 0.024667611345648766 -0.01850755698978901 0.037465717643499374
v 0.024667611345648766 -0.01850755698978901 0.037465717643499374
v 0.024098901078104973 -0.01861749403178692 0.03754520043730736
v 0.024098848924040794 -0.01830746978521347 0.03803318366408348
v 0.024667559191584587 -0.018188752233982086 0.03796752169728279
v 0.024667559191584587 -0.018188752233982086 0.03796752169728279
v 0.024098848924040794 -0.01830746978521347 0.03803318366408348
v 0.02409880980849266 -0.018058525398373604 0.03855498135089874
v 0.024667518213391304 -0.01793275959789753 0.03850409388542175
v 0.024667518213391304 -0.01793275959789753 0.03850409388542175
v 0.02409880980849266 -0.018058525398373604 0.03855498135089874
v 0.024098781868815422 -0.01787429116666317 0.039102982729673386
v 0.024667490273714066 -0.0177433080971241 0.03906761109828949
v 0.024667490273714066 -0.0177433080971241 0.03906761109828949
v 0.024098781868815422 -0.01787429116666317 0.039102982729673386
v 0.024098766967654228 -0.01775745488703251 0.03966919332742691
v 0.02466747537255287 -0.017623163759708405 0.039649855345487595
v 0.02466747537255287 -0.017623163759708405 0.039649855345487595
v 0.024098766967654228 -0.01775745488703251 0.03966919332742691
v 0.024098766967654228 -0.017709719017148018 0.040245357900857925
v 0.024667473509907722 -0.01757407747209072 0.040242332965135574
v 0.024667473509907722 -0.01757407747209072 0.040242332965135574
v 0.024098766967654228 -0.017709719017148018 0.040245357900857925
v 0.024098780006170273 -0.01773178204894066 0.0408230759203434
v 0.024667486548423767 -0.017596764490008354 0.04083641245961189
v 0.024667486548423767 -0.017596764490008354 0.04083641245961189
v 0.024098780006170273 -0.01773178204894066 0.0408230759203434
v 0.024098806083202362 -0.017823319882154465 0.04139392450451851
v 0.024667514488101006 -0.01769089326262474 0.04142342507839203
v 0.024667514488101006 -0.01769089326262474 0.04142342507839203
v 0.024098806083202362 -0.017823319882154465 0.04139392450451851
v 0.024098843336105347 -0.017982997000217438 0.041949573904275894
v 0.02466755360364914 -0.017855092883110046 0.04199481010437012
v 0.02466755360364914 -0.017855092883110046 0.04199481010437012
v 0.024098843336105347 -0.017982997000217438 0.041949573904275894
v 0.024098895490169525 -0.018208486959338188 0.042481929063797
v 0.024667605757713318 -0.01808696798980236 0.0425422377884388
v 0.024667605757713318 -0.01808696798980236 0.0425422377884388
v 0.024098895490169525 -0.018208486959338188 0.042481929063797
v 0.02409895695745945 -0.018496502190828323 0.042983219027519226
v 0.02466766908764839 -0.01838313788175583 0.043057721108198166
v 0.02466766908764839 -0.01838313788175583 0.043057721108198166
v 0.02409895695745945 -0.018496502190828323 0.042983219027519226
v 0.02409902960062027 -0.01884284056723118 0.043446142226457596
v 0.02466774359345436 -0.018739283084869385 0.043533749878406525
v 0.02466774359345436 -0.018739283084869385 0.043533749878406525
v 0.02409902960062027 -0.01884284056723118 0.043446142226457596
v 0.024099111557006836 -0.019242452457547188 0.043863940984010696
v 0.024667829275131226 -0.019150210544466972 0.04396338015794754
v 0.024667829275131226 -0.019150210544466972 0.04396338015794754
v 0.024099111557006836 -0.019242452457547188 0.043863940984010696
v 0.024099202826619148 -0.019689509645104408 0.04423052445054054
v 0.024667922407388687 -0.019609928131103516 0.0443403460085392
v 0.024667922407388687 -0.019609928131103516 0.0443403460085392
v 0.024099202826619148 -0.019689509645104408 0.04423052445054054
v 0.024099299684166908 -0.02017749659717083 0.04454055055975914
v 0.024668022990226746 -0.020111732184886932 0.044659148901700974
v 0.024668022990226746 -0.020111732184886932 0.044659148901700974
v 0.024099299684166908 -0.02017749659717083 0.04454055055975914
v 0.024099402129650116 -0.020699292421340942 0.04478949308395386
v 0.024668127298355103 -0.020648304373025894 0.04491514340043068
v 0.024668127298355103 -0.020648304373025894 0.04491514340043068
v 0.024099402129650116 -0.020699292421340942 0.04478949308395386
v 0.02409951016306877 -0.021247291937470436 0.04497372731566429
v 0.024668239057064056 -0.02121182158589363 0.04510459303855896
v 0.024668239057064056 -0.02121182158589363 0.04510459303855896
v 0.02409951016306877 -0.021247291937470436 0.04497372731566429
v 0.024099620059132576 -0.02181350439786911 0.04509056359529495
v 0.02466835081577301 -0.021794065833091736 0.045224737375974655
v 0.02466835081577301 -0.021794065833091736 0.045224737375974655
v 0.024099620059132576 -0.02181350439786911 0.04509056359529495
v 0.02409972995519638 -0.022389668971300125 0.04513829946517944
v 0.024668464437127113 -0.022386545315384865 0.04527382552623749
v 0.024668464437127113 -0.022386545315384865 0.04527382552623749
v 0.02409972995519638 -0.022389668971300125 0.04513829946517944
v 0.024099839851260185 -0.022967388853430748 0.04511623457074165
v 0.024668578058481216 -0.022980622947216034 0.045251138508319855
v 0.024668578058481216 -0.022980622947216034 0.045251138508319855
v 0.024099839851260185 -0.022967388853430748 0.04511623457074165
v 0.02409994788467884 -0.02353823557496071 0.045024700462818146
v 0.02466868795454502 -0.02356763370335102 0.04515700787305832
v 0.02466868795454502 -0.02356763370335102 0.04515700787305832
v 0.02409994788467884 -0.02353823557496071 0.045024700462818146
v 0.02410005033016205 -0.024093886837363243 0.044865019619464874
v 0.024668794125318527 -0.02413901872932911 0.04499280825257301
v 0.024668794125318527 -0.02413901872932911 0.04499280825257301
v 0.02410005033016205 -0.024093886837363243 0.044865019619464874
v 0.024100149050354958 -0.024626240134239197 0.04463953152298927
v 0.024668894708156586 -0.02468644641339779 0.04476093128323555
v 0.024668894708156586 -0.02468644641339779 0.04476093128323555
v 0.024100149050354958 -0.024626240134239197 0.04463953152298927
v 0.02410024031996727 -0.025127531960606575 0.04435151442885399
v 0.024668989703059196 -0.025201933458447456 0.04446476325392723
v 0.024668989703059196 -0.025201933458447456 0.04446476325392723
v 0.02410024031996727 -0.025127531960606575 0.04435151442885399
v 0.024100322276353836 -0.025590451434254646 0.04400517791509628
v 0.024669073522090912 -0.025677962228655815 0.044108618050813675
v 0.024669073522090912 -0.025677962228655815 0.044108618050813675
v 0.024100322276353836 -0.025590451434254646 0.04400517791509628
v 0.024100396782159805 -0.026008250191807747 0.04360556602478027
v 0.02466914989054203 -0.02610759064555168 0.04369769245386124
v 0.02466914989054203 -0.02610759064555168 0.04369769245386124
v 0.024100396782159805 -0.026008250191807747 0.04360556602478027
v 0.02410046011209488 -0.026374835520982742 0.04315850883722305
v 0.024669215083122253 -0.02648455649614334 0.043237973004579544
v 0.024669215083122253 -0.02648455649614334 0.043237973004579544
v 0.02410046011209488 -0.026374835520982742 0.04315850883722305
v 0.024100512266159058 -0.02668485976755619 0.04267052188515663
v 0.02466926909983158 -0.026803359389305115 0.04273616895079613
v 0.02466926909983158 -0.026803359389305115 0.04273616895079613
v 0.024100512266159058 -0.02668485976755619 0.04267052188515663
v 0.02410055138170719 -0.026933804154396057 0.04214872419834137
v 0.024669310078024864 -0.02705935202538967 0.042199596762657166
v 0.024669310078024864 -0.02705935202538967 0.042199596762657166
v 0.02410055138170719 -0.026933804154396057 0.04214872419834137
v 0.02410057932138443 -0.02711803838610649 0.041600726544857025
v 0.024669338017702103 -0.0272488035261631 0.04163607954978943
v 0.024669338017702103 -0.0272488035261631 0.04163607954978943
v 0.02410057932138443 -0.02711803838610649 0.041600726544857025
v 0.024100592359900475 -0.027234872803092003 0.0410345159471035
v 0.024669352918863297 -0.027368947863578796 0.041053835302591324
v 0.024669352918863297 -0.027368947863578796 0.041053835302591324
v 0.024100592359900475 -0.027234872803092003 0.0410345159471035
v 0.024100594222545624 -0.027282608672976494 0.04045834764838219
v 0.024669352918863297 -0.02741803415119648 0.040461357682943344
v 0.024669352918863297 -0.02741803415119648 0.040461357682943344
v 0.024100594222545624 -0.027282608672976494 0.04045834764838219
v 0.02410058118402958 -0.027260547503829002 0.03988062962889671
v 0.024669339880347252 -0.027395347133278847 0.039867278188467026
v 0.024669339880347252 -0.027395347133278847 0.039867278188467026
v 0.02410058118402958 -0.027260547503829002 0.03988062962889671
v 0.02410055510699749 -0.027169009670615196 0.0393097810447216
v 0.024669313803315163 -0.02730121836066246 0.03928026556968689
v 0.024669313803315163 -0.02730121836066246 0.03928026556968689
v 0.02410055510699749 -0.027169009670615196 0.0393097810447216
v 0.024100515991449356 -0.027009330689907074 0.03875413164496422
v 0.02466927282512188 -0.027137018740177155 0.0387088805437088
v 0.02466927282512188 -0.027137018740177155 0.0387088805437088
v 0.024100515991449356 -0.027009330689907074 0.03875413164496422
v 0.024100465700030327 -0.026783840730786324 0.038221780210733414
v 0.0246692206710577 -0.02690514363348484 0.03816145285964012
v 0.0246692206710577 -0.02690514363348484 0.03816145285964012
v 0.024100465700030327 -0.026783840730786324 0.038221780210733414
v 0.024100404232740402 -0.026495827361941338 0.037720486521720886
v 0.024669157341122627 -0.026608973741531372 0.03764596953988075
v 0.024669157341122627 -0.026608973741531372 0.03764596953988075
v 0.024100404232740402 -0.026495827361941338 0.037720486521720886
v 0.024100331589579582 -0.026149488985538483 0.037257567048072815
v 0.024669082835316658 -0.026252828538417816 0.037169940769672394
v 0.024669082835316658 -0.026252828538417816 0.037169940769672394
v 0.024100331589579582 -0.026149488985538483 0.037257567048072815
v 0.024100249633193016 -0.025749877095222473 0.036839768290519714
v 0.024668999016284943 -0.02584190107882023 0.03674031049013138
v 0.024668999016284943 -0.02584190107882023 0.03674031049013138
v 0.024100249633193016 -0.025749877095222473 0.036839768290519714
v 0.024100158363580704 -0.025302818045020103 0.03647318109869957
v 0.02466890588402748 -0.025382183492183685 0.03636334463953972
v 0.02466890588402748 -0.025382183492183685 0.03636334463953972
v 0.024100158363580704 -0.025302818045020103 0.03647318109869957
v 0.024100061506032944 -0.02481483295559883 0.03616315871477127
v 0.024668805301189423 -0.02488037943840027 0.036044541746377945
v 0.024668805301189423 -0.02488037943840027 0.036044541746377945
v 0.024100061506032944 -0.02481483295559883 0.03616315871477127
v 0.024099957197904587 -0.02429303526878357 0.035914212465286255
v 0.024668699130415916 -0.024343807250261307 0.03578854724764824
v 0.024668699130415916 -0.024343807250261307 0.03578854724764824
v 0.024099957197904587 -0.02429303526878357 0.035914212465286255
v 0.02409985102713108 -0.023745035752654076 0.03572998195886612
v 0.024668589234352112 -0.02378029190003872 0.03559909760951996
v 0.024668589234352112 -0.02378029190003872 0.03559909760951996
v 0.02409985102713108 -0.023745035752654076 0.03572998195886612
v 0.024099741131067276 -0.02317882515490055 0.03561314567923546
v 0.02466847561299801 -0.023198047652840614 0.03547895327210426
v 0.02466847561299801 -0.023198047652840614 0.03547895327210426
v 0.024099741131067276 -0.02317882515490055 0.03561314567923546
v 0.02409963123500347 -0.022602658718824387 0.03556540980935097
v 0.024668361991643906 -0.022605566307902336 0.03542986512184143
v 0.024668361991643906 -0.022605566307902336 0.03542986512184143
v 0.02409963123500347 -0.022602658718824387 0.03556540980935097
v 0.024099521338939667 -0.022024940699338913 0.03558747097849846
v 0.024668250232934952 -0.022011488676071167 0.035452552139759064
v 0.024668250232934952 -0.022011488676071167 0.035452552139759064
v 0.024099521338939667 -0.022024940699338913 0.03558747097849846
v 0.02409941330552101 -0.021454093977808952 0.035679008811712265
v 0.024668138474225998 -0.02142447791993618 0.0355466827750206
v 0.02409941330552101 -0.021454093977808952 0.035679008811712265
v 0.02409941330552101 -0.021454093977808952 0.035679008811712265
v 0.023550305515527725 -0.020965633913874626 0.03602819889783859
v 0.024099310860037804 -0.020898442715406418 0.03583868592977524
v 0.024099310860037804 -0.020898442715406418 0.03583868592977524
v 0.023550305515527725 -0.020965633913874626 0.03602819889783859
v 0.023550212383270264 -0.020455634221434593 0.0362442210316658
v 0.024099212139844894 -0.020366089418530464 0.03606417775154114
v 0.024099212139844894 -0.020366089418530464 0.03606417775154114
v 0.023550212383270264 -0.020455634221434593 0.0362442210316658
v 0.02355012483894825 -0.019975392147898674 0.03652014210820198
v 0.024099120870232582 -0.019864797592163086 0.036352191120386124
v 0.024099120870232582 -0.019864797592163086 0.036352191120386124
v 0.02355012483894825 -0.019975392147898674 0.03652014210820198
v 0.023550044745206833 -0.019531909376382828 0.03685193881392479
v 0.024099037051200867 -0.019401878118515015 0.03669852763414383
v 0.024099037051200867 -0.019401878118515015 0.03669852763414383
v 0.023550044745206833 -0.019531909376382828 0.03685193881392479
v 0.023549973964691162 -0.019131654873490334 0.037234771996736526
v 0.024098964408040047 -0.018984079360961914 0.03709813952445984
v 0.024098964408040047 -0.018984079360961914 0.03709813952445984
v 0.023549973964691162 -0.019131654873490334 0.037234771996736526
v 0.023549914360046387 -0.018780462443828583 0.0376630574464798
v 0.024098901078104973 -0.01861749403178692 0.03754520043730736
v 0.024098901078104973 -0.01861749403178692 0.03754520043730736
v 0.023549914360046387 -0.018780462443828583 0.0376630574464798
v 0.023549864068627357 -0.01848345436155796 0.03813055157661438
v 0.024098848924040794 -0.01830746978521347 0.03803318366408348
v 0.024098848924040794 -0.01830746978521347 0.03803318366408348
v 0.023549864068627357 -0.01848345436155796 0.03813055157661438
v 0.023549824953079224 -0.018244963139295578 0.03863044083118439
v 0.02409880980849266 -0.018058525398373604 0.03855498135089874
v 0.02409880980849266 -0.018058525398373604 0.03855498135089874
v 0.023549824953079224 -0.018244963139295578 0.03863044083118439
v 0.023549800738692284 -0.01806846633553505 0.03915543109178543
v 0.024098781868815422 -0.01787429116666317 0.039102982729673386
v 0.024098781868815422 -0.01787429116666317 0.039102982729673386
v 0.023549800738692284 -0.01806846633553505 0.03915543109178543
v 0.02354978583753109 -0.017956536263227463 0.03969786688685417
v 0.024098766967654228 -0.01775745488703251 0.03966919332742691
v 0.024098766967654228 -0.01775745488703251 0.03966919332742691
v 0.02354978583753109 -0.017956536263227463 0.03969786688685417
v 0.02354978583753109 -0.017910804599523544 0.040249839425086975
v 0.024098766967654228 -0.017709719017148018 0.040245357900857925
v 0.024098766967654228 -0.017709719017148018 0.040245357900857925
v 0.02354978583753109 -0.017910804599523544 0.040249839425086975
v 0.023549797013401985 -0.017931940034031868 0.040803298354148865
v 0.024098780006170273 -0.01773178204894066 0.0408230759203434
v 0.024098780006170273 -0.01773178204894066 0.0408230759203434
v 0.023549797013401985 -0.017931940034031868 0.040803298354148865
v 0.023549823090434074 -0.01801963523030281 0.04135017469525337
v 0.024098806083202362 -0.017823319882154465 0.04139392450451851
v 0.024098806083202362 -0.017823319882154465 0.04139392450451851
v 0.023549823090434074 -0.01801963523030281 0.04135017469525337
v 0.02354986034333706 -0.018172606825828552 0.04188249632716179
v 0.024098843336105347 -0.017982997000217438 0.041949573904275894
v 0.024098843336105347 -0.017982997000217438 0.041949573904275894
v 0.02354986034333706 -0.018172606825828552 0.04188249632716179
v 0.02354990877211094 -0.01838862895965576 0.04239249601960182
v 0.024098895490169525 -0.018208486959338188 0.042481929063797
v 0.024098895490169525 -0.018208486959338188 0.042481929063797
v 0.02354990877211094 -0.01838862895965576 0.04239249601960182
v 0.023549968376755714 -0.01866455003619194 0.04287273809313774
v 0.02409895695745945 -0.018496502190828323 0.042983219027519226
v 0.02409895695745945 -0.018496502190828323 0.042983219027519226
v 0.023549968376755714 -0.01866455003619194 0.04287273809313774
v 0.023550037294626236 -0.01899634674191475 0.04331622272729874
v 0.02409902960062027 -0.01884284056723118 0.043446142226457596
v 0.02409902960062027 -0.01884284056723118 0.043446142226457596
v 0.023550037294626236 -0.01899634674191475 0.04331622272729874
v 0.023550115525722504 -0.019379178062081337 0.04371647536754608
v 0.024099111557006836 -0.019242452457547188 0.043863940984010696
v 0.024099111557006836 -0.019242452457547188 0.043863940984010696
v 0.023550115525722504 -0.019379178062081337 0.04371647536754608
v 0.023550203070044518 -0.019807465374469757 0.04406766965985298
v 0.024099202826619148 -0.019689509645104408 0.04423052445054054
v 0.024099202826619148 -0.019689509645104408 0.04423052445054054
v 0.023550203070044518 -0.019807465374469757 0.04406766965985298
v 0.02355029620230198 -0.02027496136724949 0.044364675879478455
v 0.024099299684166908 -0.02017749659717083 0.04454055055975914
v 0.024099299684166908 -0.02017749659717083 0.04454055055975914
v 0.02355029620230198 -0.02027496136724949 0.044364675879478455
v 0.02355039492249489 -0.020774846896529198 0.04460316523909569
v 0.024099402129650116 -0.020699292421340942 0.04478949308395386
v 0.024099402129650116 -0.020699292421340942 0.04478949308395386
v 0.02355039492249489 -0.020774846896529198 0.04460316523909569
v 0.023550497367978096 -0.02129983715713024 0.044779665768146515
v 0.02409951016306877 -0.021247291937470436 0.04497372731566429
v 0.02409951016306877 -0.021247291937470436 0.04497372731566429
v 0.023550497367978096 -0.02129983715713024 0.044779665768146515
v 0.023550601676106453 -0.021842272952198982 0.0448915958404541
v 0.024099620059132576 -0.02181350439786911 0.04509056359529495
v 0.024099620059132576 -0.02181350439786911 0.04509056359529495
v 0.023550601676106453 -0.021842272952198982 0.0448915958404541
v 0.02355070784687996 -0.022394245490431786 0.04493732377886772
v 0.02409972995519638 -0.022389668971300125 0.04513829946517944
v 0.02409972995519638 -0.022389668971300125 0.04513829946517944
v 0.02355070784687996 -0.022394245490431786 0.04493732377886772
v 0.023550814017653465 -0.022947706282138824 0.04491619020700455
v 0.024099839851260185 -0.022967388853430748 0.04511623457074165
v 0.024099839851260185 -0.022967388853430748 0.04511623457074165
v 0.023550814017653465 -0.022947706282138824 0.04491619020700455
v 0.023550916463136673 -0.023494582623243332 0.044828496873378754
v 0.02409994788467884 -0.02353823557496071 0.045024700462818146
v 0.02409994788467884 -0.02353823557496071 0.045024700462818146
v 0.023550916463136673 -0.023494582623243332 0.044828496873378754
v 0.023551015183329582 -0.02402690425515175 0.044675521552562714
v 0.02410005033016205 -0.024093886837363243 0.044865019619464874
v 0.02410005033016205 -0.024093886837363243 0.044865019619464874
v 0.023551015183329582 -0.02402690425515175 0.044675521552562714
v 0.023551110178232193 -0.02453690394759178 0.044459499418735504
v 0.024100149050354958 -0.024626240134239197 0.04463953152298927
v 0.024100149050354958 -0.024626240134239197 0.04463953152298927
v 0.023551110178232193 -0.02453690394759178 0.044459499418735504
v 0.023551197722554207 -0.0250171460211277 0.044183582067489624
v 0.02410024031996727 -0.025127531960606575 0.04435151442885399
v 0.02410024031996727 -0.025127531960606575 0.04435151442885399
v 0.023551197722554207 -0.0250171460211277 0.044183582067489624
v 0.023551275953650475 -0.025460628792643547 0.043851785361766815
v 0.024100322276353836 -0.025590451434254646 0.04400517791509628
v 0.024100322276353836 -0.025590451434254646 0.04400517791509628
v 0.023551275953650475 -0.025460628792643547 0.043851785361766815
v 0.023551346734166145 -0.02586088329553604 0.04346895217895508
v 0.024100396782159805 -0.026008250191807747 0.04360556602478027
v 0.024100396782159805 -0.026008250191807747 0.04360556602478027
v 0.023551346734166145 -0.02586088329553604 0.04346895217895508
v 0.02355140820145607 -0.026212075725197792 0.04304066672921181
v 0.02410046011209488 -0.026374835520982742 0.04315850883722305
v 0.02410046011209488 -0.026374835520982742 0.04315850883722305
v 0.02355140820145607 -0.026212075725197792 0.04304066672921181
v 0.02355145663022995 -0.026509081944823265 0.042573168873786926
v 0.024100512266159058 -0.02668485976755619 0.04267052188515663
v 0.024100512266159058 -0.02668485976755619 0.04267052188515663
v 0.02355145663022995 -0.026509081944823265 0.042573168873786926
v 0.023551495745778084 -0.026747573167085648 0.04207328334450722
v 0.02410055138170719 -0.026933804154396057 0.04214872419834137
v 0.02410055138170719 -0.026933804154396057 0.04214872419834137
v 0.023551495745778084 -0.026747573167085648 0.04207328334450722
v 0.023551521822810173 -0.026924071833491325 0.041548293083906174
v 0.02410057932138443 -0.02711803838610649 0.041600726544857025
v 0.02410057932138443 -0.02711803838610649 0.041600726544857025
v 0.023551521822810173 -0.026924071833491325 0.041548293083906174
v 0.023551534861326218 -0.027036001905798912 0.04100585728883743
v 0.024100592359900475 -0.027234872803092003 0.0410345159471035
v 0.024100592359900475 -0.027234872803092003 0.0410345159471035
v 0.023551534861326218 -0.027036001905798912 0.04100585728883743
v 0.023551534861326218 -0.02708173356950283 0.04045388475060463
v 0.024100594222545624 -0.027282608672976494 0.04045834764838219
v 0.024100594222545624 -0.027282608672976494 0.04045834764838219
v 0.023551534861326218 -0.02708173356950283 0.04045388475060463
v 0.023551523685455322 -0.027060598134994507 0.03990042582154274
v 0.02410058118402958 -0.027260547503829002 0.03988062962889671
v 0.02410058118402958 -0.027260547503829002 0.03988062962889671
v 0.023551523685455322 -0.027060598134994507 0.03990042582154274
v 0.023551499471068382 -0.026972902938723564 0.039353545755147934
v 0.02410055510699749 -0.027169009670615196 0.0393097810447216
v 0.02410055510699749 -0.027169009670615196 0.0393097810447216
v 0.023551499471068382 -0.026972902938723564 0.039353545755147934
v 0.023551462218165398 -0.026819929480552673 0.038821227848529816
v 0.024100515991449356 -0.027009330689907074 0.03875413164496422
v 0.024100515991449356 -0.027009330689907074 0.03875413164496422
v 0.023551462218165398 -0.026819929480552673 0.038821227848529816
v 0.023551413789391518 -0.026603907346725464 0.03831122815608978
v 0.024100465700030327 -0.026783840730786324 0.038221780210733414
v 0.024100465700030327 -0.026783840730786324 0.038221780210733414
v 0.023551413789391518 -0.026603907346725464 0.03831122815608978
v 0.023551354184746742 -0.026327988132834435 0.037830986082553864
v 0.024100404232740402 -0.026495827361941338 0.037720486521720886
v 0.024100404232740402 -0.026495827361941338 0.037720486521720886
v 0.023551354184746742 -0.026327988132834435 0.037830986082553864
v 0.02355128340423107 -0.025996191427111626 0.03738750144839287
v 0.024100331589579582 -0.026149488985538483 0.037257567048072815
v 0.024100331589579582 -0.026149488985538483 0.037257567048072815
v 0.02355128340423107 -0.025996191427111626 0.03738750144839287
v 0.023551205173134804 -0.025613360106945038 0.036987245082855225
v 0.024100249633193016 -0.025749877095222473 0.036839768290519714
v 0.024100249633193016 -0.025749877095222473 0.036839768290519714
v 0.023551205173134804 -0.025613360106945038 0.036987245082855225
v 0.02355111949145794 -0.025185072794556618 0.03663605451583862
v 0.024100158363580704 -0.025302818045020103 0.03647318109869957
v 0.024100158363580704 -0.025302818045020103 0.03647318109869957
v 0.02355111949145794 -0.025185072794556618 0.03663605451583862
v 0.02355102449655533 -0.024717576801776886 0.03633904829621315
v 0.024100061506032944 -0.02481483295559883 0.03616315871477127
v 0.024100061506032944 -0.02481483295559883 0.03616315871477127
v 0.02355102449655533 -0.024717576801776886 0.03633904829621315
v 0.02355092763900757 -0.024217689409852028 0.03610055521130562
v 0.024099957197904587 -0.02429303526878357 0.035914212465286255
v 0.024099957197904587 -0.02429303526878357 0.035914212465286255
v 0.02355092763900757 -0.024217689409852028 0.03610055521130562
v 0.02355082333087921 -0.023692701011896133 0.03592405840754509
v 0.02409985102713108 -0.023745035752654076 0.03572998195886612
v 0.02409985102713108 -0.023745035752654076 0.03572998195886612
v 0.02355082333087921 -0.023692701011896133 0.03592405840754509
v 0.023550719022750854 -0.023150265216827393 0.0358121283352375
v 0.024099741131067276 -0.02317882515490055 0.03561314567923546
v 0.024099741131067276 -0.02317882515490055 0.03561314567923546
v 0.023550719022750854 -0.023150265216827393 0.0358121283352375
v 0.02355061285197735 -0.02259829267859459 0.035766396671533585
v 0.02409963123500347 -0.022602658718824387 0.03556540980935097
v 0.02409963123500347 -0.022602658718824387 0.03556540980935097
v 0.02355061285197735 -0.02259829267859459 0.035766396671533585
v 0.02355050854384899 -0.02204483188688755 0.03578753396868706
v 0.024099521338939667 -0.022024940699338913 0.03558747097849846
v 0.024099521338939667 -0.022024940699338913 0.03558747097849846
v 0.02355050854384899 -0.02204483188688755 0.03578753396868706
v 0.023550406098365784 -0.021497953683137894 0.03587522730231285
v 0.02409941330552101 -0.021454093977808952 0.035679008811712265
v 0.023550406098365784 -0.021497953683137894 0.03587522730231285
v 0.023550406098365784 -0.021497953683137894 0.03587522730231285
v 0.023028526455163956 -0.021053750067949295 0.03627683222293854
v 0.023550305515527725 -0.020965633913874626 0.03602819889783859
v 0.023550305515527725 -0.020965633913874626 0.03602819889783859
v 0.023028526455163956 -0.021053750067949295 0.03627683222293854
v 0.023028438910841942 -0.020573077723383904 0.036480434238910675
v 0.023550212383270264 -0.020455634221434593 0.0362442210316658
v 0.023550212383270264 -0.020455634221434593 0.0362442210316658
v 0.023028438910841942 -0.020573077723383904 0.036480434238910675
v 0.023028356954455376 -0.020120451226830482 0.036740489304065704
v 0.02355012483894825 -0.019975392147898674 0.03652014210820198
v 0.02355012483894825 -0.019975392147898674 0.03652014210820198
v 0.023028356954455376 -0.020120451226830482 0.036740489304065704
v 0.023028280586004257 -0.019702469930052757 0.03705320507287979
v 0.023550044745206833 -0.019531909376382828 0.03685193881392479
v 0.023550044745206833 -0.019531909376382828 0.03685193881392479
v 0.023028280586004257 -0.019702469930052757 0.03705320507287979
v 0.023028215393424034 -0.01932523027062416 0.03741402179002762
v 0.023549973964691162 -0.019131654873490334 0.037234771996736526
v 0.023549973964691162 -0.019131654873490334 0.037234771996736526
v 0.023028215393424034 -0.01932523027062416 0.03741402179002762
v 0.023028157651424408 -0.018994232639670372 0.03781767934560776
v 0.023549914360046387 -0.018780462443828583 0.0376630574464798
v 0.023549914360046387 -0.018780462443828583 0.0376630574464798
v 0.023028157651424408 -0.018994232639670372 0.03781767934560776
v 0.023028111085295677 -0.018714305013418198 0.03825829550623894
v 0.023549864068627357 -0.01848345436155796 0.03813055157661438
v 0.023549864068627357 -0.01848345436155796 0.03813055157661438
v 0.023028111085295677 -0.018714305013418198 0.03825829550623894
v 0.023028073832392693 -0.018489528447389603 0.038729436695575714
v 0.023549824953079224 -0.018244963139295578 0.03863044083118439
v 0.023549824953079224 -0.018244963139295578 0.03863044083118439
v 0.023028073832392693 -0.018489528447389603 0.038729436695575714
v 0.023028049618005753 -0.018323179334402084 0.03922423720359802
v 0.023549800738692284 -0.01806846633553505 0.03915543109178543
v 0.023549800738692284 -0.01806846633553505 0.03915543109178543
v 0.023028049618005753 -0.018323179334402084 0.03922423720359802
v 0.023028036579489708 -0.01821768656373024 0.03973548114299774
v 0.02354978583753109 -0.017956536263227463 0.03969786688685417
v 0.02354978583753109 -0.017956536263227463 0.03969786688685417
v 0.023028036579489708 -0.01821768656373024 0.03973548114299774
v 0.023028036579489708 -0.018174584954977036 0.04025571420788765
v 0.02354978583753109 -0.017910804599523544 0.040249839425086975
v 0.02354978583753109 -0.017910804599523544 0.040249839425086975
v 0.023028036579489708 -0.018174584954977036 0.04025571420788765
v 0.023028047755360603 -0.01819450408220291 0.04077734798192978
v 0.023549797013401985 -0.017931940034031868 0.040803298354148865
v 0.023549797013401985 -0.017931940034031868 0.040803298354148865
v 0.023028047755360603 -0.01819450408220291 0.04077734798192978
v 0.023028071969747543 -0.018277155235409737 0.04129277542233467
v 0.023549823090434074 -0.01801963523030281 0.04135017469525337
v 0.023549823090434074 -0.01801963523030281 0.04135017469525337
v 0.023028071969747543 -0.018277155235409737 0.04129277542233467
v 0.02302810549736023 -0.01842133328318596 0.041794486343860626
v 0.02354986034333706 -0.018172606825828552 0.04188249632716179
v 0.02354986034333706 -0.018172606825828552 0.04188249632716179
v 0.02302810549736023 -0.01842133328318596 0.041794486343860626
v 0.02302815206348896 -0.018624931573867798 0.04227516055107117
v 0.02354990877211094 -0.01838862895965576 0.04239249601960182
v 0.02354990877211094 -0.01838862895965576 0.04239249601960182
v 0.02302815206348896 -0.018624931573867798 0.04227516055107117
v 0.023028207942843437 -0.018884986639022827 0.04272778704762459
v 0.023549968376755714 -0.01866455003619194 0.04287273809313774
v 0.023549968376755714 -0.01866455003619194 0.04287273809313774
v 0.023028207942843437 -0.018884986639022827 0.04272778704762459
v 0.02302827313542366 -0.019197702407836914 0.04314576834440231
v 0.023550037294626236 -0.01899634674191475 0.04331622272729874
v 0.023550037294626236 -0.01899634674191475 0.04331622272729874
v 0.02302827313542366 -0.019197702407836914 0.04314576834440231
v 0.02302834764122963 -0.01955852098762989 0.04352300614118576
v 0.023550115525722504 -0.019379178062081337 0.04371647536754608
v 0.023550115525722504 -0.019379178062081337 0.04371647536754608
v 0.02302834764122963 -0.01955852098762989 0.04352300614118576
v 0.023028429597616196 -0.01996218040585518 0.0438540056347847
v 0.023550203070044518 -0.019807465374469757 0.04406766965985298
v 0.023550203070044518 -0.019807465374469757 0.04406766965985298
v 0.023028429597616196 -0.01996218040585518 0.0438540056347847
v 0.02302851714193821 -0.02040279284119606 0.044133931398391724
v 0.02355029620230198 -0.02027496136724949 0.044364675879478455
v 0.02355029620230198 -0.02027496136724949 0.044364675879478455
v 0.02302851714193821 -0.02040279284119606 0.044133931398391724
v 0.02302861027419567 -0.020873934030532837 0.04435870796442032
v 0.02355039492249489 -0.020774846896529198 0.04460316523909569
v 0.02355039492249489 -0.020774846896529198 0.04460316523909569
v 0.02302861027419567 -0.020873934030532837 0.04435870796442032
v 0.02302870713174343 -0.021368734538555145 0.04452505707740784
v 0.023550497367978096 -0.02129983715713024 0.044779665768146515
v 0.023550497367978096 -0.02129983715713024 0.044779665768146515
v 0.02302870713174343 -0.021368734538555145 0.04452505707740784
v 0.02302880585193634 -0.021879978477954865 0.04463055357336998
v 0.023550601676106453 -0.021842272952198982 0.0448915958404541
v 0.023550601676106453 -0.021842272952198982 0.0448915958404541
v 0.02302880585193634 -0.021879978477954865 0.04463055357336998
v 0.0230289064347744 -0.022400211542844772 0.044673651456832886
v 0.02355070784687996 -0.022394245490431786 0.04493732377886772
v 0.02355070784687996 -0.022394245490431786 0.04493732377886772
v 0.0230289064347744 -0.022400211542844772 0.044673651456832886
v 0.023029005154967308 -0.02292184717953205 0.04465373232960701
v 0.023550814017653465 -0.022947706282138824 0.04491619020700455
v 0.023550814017653465 -0.022947706282138824 0.04491619020700455
v 0.023029005154967308 -0.02292184717953205 0.04465373232960701
v 0.023029102012515068 -0.023437276482582092 0.044571083039045334
v 0.023550916463136673 -0.023494582623243332 0.044828496873378754
v 0.023550916463136673 -0.023494582623243332 0.044828496873378754
v 0.023029102012515068 -0.023437276482582092 0.044571083039045334
v 0.02302919514477253 -0.023938985541462898 0.04442690685391426
v 0.023551015183329582 -0.02402690425515175 0.044675521552562714
v 0.023551015183329582 -0.02402690425515175 0.044675521552562714
v 0.02302919514477253 -0.023938985541462898 0.04442690685391426
v 0.023029284551739693 -0.02441965974867344 0.04422330483794212
v 0.023551110178232193 -0.02453690394759178 0.044459499418735504
v 0.023551110178232193 -0.02453690394759178 0.044459499418735504
v 0.023029284551739693 -0.02441965974867344 0.04422330483794212
v 0.02302936650812626 -0.02487228624522686 0.043963249772787094
v 0.023551197722554207 -0.0250171460211277 0.044183582067489624
v 0.023551197722554207 -0.0250171460211277 0.044183582067489624
v 0.02302936650812626 -0.02487228624522686 0.043963249772787094
v 0.023029441013932228 -0.025290267542004585 0.04365053400397301
v 0.023551275953650475 -0.025460628792643547 0.043851785361766815
v 0.023551275953650475 -0.025460628792643547 0.043851785361766815
v 0.023029441013932228 -0.025290267542004585 0.04365053400397301
v 0.0230295080691576 -0.025667507201433182 0.04328971728682518
v 0.023551346734166145 -0.02586088329553604 0.04346895217895508
v 0.023551346734166145 -0.02586088329553604 0.04346895217895508
v 0.0230295080691576 -0.025667507201433182 0.04328971728682518
v 0.023029565811157227 -0.02599850296974182 0.04288605600595474
v 0.02355140820145607 -0.026212075725197792 0.04304066672921181
v 0.02355140820145607 -0.026212075725197792 0.04304066672921181
v 0.023029565811157227 -0.02599850296974182 0.04288605600595474
v 0.023029612377285957 -0.026278430595993996 0.04244544357061386
v 0.02355145663022995 -0.026509081944823265 0.042573168873786926
v 0.02355145663022995 -0.026509081944823265 0.042573168873786926
v 0.023029612377285957 -0.026278430595993996 0.04244544357061386
v 0.023029647767543793 -0.02650320902466774 0.041974302381277084
v 0.023551495745778084 -0.026747573167085648 0.04207328334450722
v 0.023551495745778084 -0.026747573167085648 0.04207328334450722
v 0.023029647767543793 -0.02650320902466774 0.041974302381277084
v 0.023029671981930733 -0.02666955627501011 0.041479501873254776
v 0.023551521822810173 -0.026924071833491325 0.041548293083906174
v 0.023551521822810173 -0.026924071833491325 0.041548293083906174
v 0.023029671981930733 -0.02666955627501011 0.041479501873254776
v 0.023029685020446777 -0.026775050908327103 0.04096825793385506
v 0.023551534861326218 -0.027036001905798912 0.04100585728883743
v 0.023551534861326218 -0.027036001905798912 0.04100585728883743
v 0.023029685020446777 -0.026775050908327103 0.04096825793385506
v 0.023029686883091927 -0.026818152517080307 0.04044802486896515
v 0.023551534861326218 -0.02708173356950283 0.04045388475060463
v 0.023551534861326218 -0.02708173356950283 0.04045388475060463
v 0.023029686883091927 -0.026818152517080307 0.04044802486896515
v 0.023029673844575882 -0.026798231527209282 0.03992639109492302
v 0.023551523685455322 -0.027060598134994507 0.03990042582154274
v 0.023551523685455322 -0.027060598134994507 0.03990042582154274
v 0.023029673844575882 -0.026798231527209282 0.03992639109492302
v 0.02302965149283409 -0.026715580374002457 0.03941095992922783
v 0.023551499471068382 -0.026972902938723564 0.039353545755147934
v 0.023551499471068382 -0.026972902938723564 0.039353545755147934
v 0.02302965149283409 -0.026715580374002457 0.03941095992922783
v 0.023029616102576256 -0.026571404188871384 0.03890925273299217
v 0.023551462218165398 -0.026819929480552673 0.038821227848529816
v 0.023551462218165398 -0.026819929480552673 0.038821227848529816
v 0.023029616102576256 -0.026571404188871384 0.03890925273299217
v 0.023029571399092674 -0.026367804035544395 0.03842857852578163
v 0.023551413789391518 -0.026603907346725464 0.03831122815608978
v 0.023551413789391518 -0.026603907346725464 0.03831122815608978
v 0.023029571399092674 -0.026367804035544395 0.03842857852578163
v 0.023029515519738197 -0.026107748970389366 0.03797595202922821
v 0.023551354184746742 -0.026327988132834435 0.037830986082553864
v 0.023551354184746742 -0.026327988132834435 0.037830986082553864
v 0.023029515519738197 -0.026107748970389366 0.03797595202922821
v 0.023029448464512825 -0.02579503320157528 0.037557970732450485
v 0.02355128340423107 -0.025996191427111626 0.03738750144839287
v 0.02355128340423107 -0.025996191427111626 0.03738750144839287
v 0.023029448464512825 -0.02579503320157528 0.037557970732450485
v 0.023029373958706856 -0.025434214621782303 0.03718073293566704
v 0.023551205173134804 -0.025613360106945038 0.036987245082855225
v 0.023551205173134804 -0.025613360106945038 0.036987245082855225
v 0.023029373958706856 -0.025434214621782303 0.03718073293566704
v 0.02302929386496544 -0.025030557066202164 0.0368497334420681
v 0.02355111949145794 -0.025185072794556618 0.03663605451583862
v 0.02355111949145794 -0.025185072794556618 0.03663605451583862
v 0.02302929386496544 -0.025030557066202164 0.0368497334420681
v 0.023029204457998276 -0.024589944630861282 0.036569807678461075
v 0.02355102449655533 -0.024717576801776886 0.03633904829621315
v 0.02355102449655533 -0.024717576801776886 0.03633904829621315
v 0.023029204457998276 -0.024589944630861282 0.036569807678461075
v 0.023029111325740814 -0.024118801578879356 0.03634502738714218
v 0.02355092763900757 -0.024217689409852028 0.03610055521130562
v 0.02355092763900757 -0.024217689409852028 0.03610055521130562
v 0.023029111325740814 -0.024118801578879356 0.03634502738714218
v 0.023029016330838203 -0.023624001070857048 0.03617868199944496
v 0.02355082333087921 -0.023692701011896133 0.03592405840754509
v 0.02355082333087921 -0.023692701011896133 0.03592405840754509
v 0.023029016330838203 -0.023624001070857048 0.03617868199944496
v 0.023028915748000145 -0.02311275713145733 0.03607318550348282
v 0.023550719022750854 -0.023150265216827393 0.0358121283352375
v 0.023550719022750854 -0.023150265216827393 0.0358121283352375
v 0.023028915748000145 -0.02311275713145733 0.03607318550348282
v 0.023028817027807236 -0.02259252406656742 0.036030083894729614
v 0.02355061285197735 -0.02259829267859459 0.035766396671533585
v 0.02355061285197735 -0.02259829267859459 0.035766396671533585
v 0.023028817027807236 -0.02259252406656742 0.036030083894729614
v 0.023028718307614326 -0.02207089029252529 0.03605000674724579
v 0.02355050854384899 -0.02204483188688755 0.03578753396868706
v 0.02355050854384899 -0.02204483188688755 0.03578753396868706
v 0.023028718307614326 -0.02207089029252529 0.03605000674724579
v 0.023028621450066566 -0.02155546098947525 0.036132656037807465
v 0.023550406098365784 -0.021497953683137894 0.03587522730231285
v 0.023028621450066566 -0.02155546098947525 0.036132656037807465
v 0.023028621450066566 -0.02155546098947525 0.036132656037807465
v 0.02254110760986805 -0.021161586046218872 0.03658118471503258
v 0.023028526455163956 -0.021053750067949295 0.03627683222293854
v 0.023028526455163956 -0.021053750067949295 0.03627683222293854
v 0.02254110760986805 -0.021161586046218872 0.03658118471503258
v 0.022541025653481483 -0.02071681246161461 0.03676958009600639
v 0.023028438910841942 -0.020573077723383904 0.036480434238910675
v 0.023028438910841942 -0.020573077723383904 0.036480434238910675
v 0.022541025653481483 -0.02071681246161461 0.03676958009600639
v 0.022540949285030365 -0.02029798924922943 0.03701021149754524
v 0.023028356954455376 -0.020120451226830482 0.036740489304065704
v 0.023028356954455376 -0.020120451226830482 0.036740489304065704
v 0.022540949285030365 -0.02029798924922943 0.03701021149754524
v 0.022540880367159843 -0.019911225885152817 0.03729957342147827
v 0.023028280586004257 -0.019702469930052757 0.03705320507287979
v 0.023028280586004257 -0.019702469930052757 0.03705320507287979
v 0.022540880367159843 -0.019911225885152817 0.03729957342147827
v 0.02254081889986992 -0.019562160596251488 0.037633441388607025
v 0.023028215393424034 -0.01932523027062416 0.03741402179002762
v 0.023028215393424034 -0.01932523027062416 0.03741402179002762
v 0.02254081889986992 -0.019562160596251488 0.037633441388607025
v 0.02254076674580574 -0.019255883991718292 0.03800695389509201
v 0.023028157651424408 -0.018994232639670372 0.03781767934560776
v 0.023028157651424408 -0.018994232639670372 0.03781767934560776
v 0.02254076674580574 -0.019255883991718292 0.03800695389509201
v 0.02254072204232216 -0.018996862694621086 0.03841466084122658
v 0.023028111085295677 -0.018714305013418198 0.03825829550623894
v 0.023028111085295677 -0.018714305013418198 0.03825829550623894
v 0.02254072204232216 -0.018996862694621086 0.03841466084122658
v 0.022540688514709473 -0.01878887228667736 0.03885061293840408
v 0.023028073832392693 -0.018489528447389603 0.038729436695575714
v 0.023028073832392693 -0.018489528447389603 0.038729436695575714
v 0.022540688514709473 -0.01878887228667736 0.03885061293840408
v 0.022540666162967682 -0.018634948879480362 0.03930846229195595
v 0.023028049618005753 -0.018323179334402084 0.03922423720359802
v 0.023028049618005753 -0.018323179334402084 0.03922423720359802
v 0.022540666162967682 -0.018634948879480362 0.03930846229195595
v 0.022540654987096786 -0.018537333235144615 0.03978152200579643
v 0.023028036579489708 -0.01821768656373024 0.03973548114299774
v 0.023028036579489708 -0.01821768656373024 0.03973548114299774
v 0.022540654987096786 -0.018537333235144615 0.03978152200579643
v 0.022540654987096786 -0.018497450277209282 0.04026290029287338
v 0.023028036579489708 -0.018174584954977036 0.04025571420788765
v 0.023028036579489708 -0.018174584954977036 0.04025571420788765
v 0.022540654987096786 -0.018497450277209282 0.04026290029287338
v 0.022540664300322533 -0.01851588301360607 0.040745578706264496
v 0.023028047755360603 -0.01819450408220291 0.04077734798192978
v 0.023028047755360603 -0.01819450408220291 0.04077734798192978
v 0.022540664300322533 -0.01851588301360607 0.040745578706264496
v 0.022540686652064323 -0.018592361360788345 0.04122251272201538
v 0.023028071969747543 -0.018277155235409737 0.04129277542233467
v 0.023028071969747543 -0.018277155235409737 0.04129277542233467
v 0.022540686652064323 -0.018592361360788345 0.04122251272201538
v 0.02254071831703186 -0.018725771456956863 0.04168675094842911
v 0.02302810549736023 -0.01842133328318596 0.041794486343860626
v 0.02302810549736023 -0.01842133328318596 0.041794486343860626
v 0.02254071831703186 -0.018725771456956863 0.04168675094842911
v 0.022540761157870293 -0.01891416497528553 0.04213152453303337
v 0.02302815206348896 -0.018624931573867798 0.04227516055107117
v 0.02302815206348896 -0.018624931573867798 0.04227516055107117
v 0.022540761157870293 -0.01891416497528553 0.04213152453303337
v 0.02254081331193447 -0.01915479637682438 0.04255034774541855
v 0.023028207942843437 -0.018884986639022827 0.04272778704762459
v 0.023028207942843437 -0.018884986639022827 0.04272778704762459
v 0.02254081331193447 -0.01915479637682438 0.04255034774541855
v 0.022540872916579247 -0.019444158300757408 0.04293711110949516
v 0.02302827313542366 -0.019197702407836914 0.04314576834440231
v 0.02302827313542366 -0.019197702407836914 0.04314576834440231
v 0.022540872916579247 -0.019444158300757408 0.04293711110949516
v 0.022540941834449768 -0.01977802813053131 0.04328617826104164
v 0.02302834764122963 -0.01955852098762989 0.04352300614118576
v 0.02302834764122963 -0.01955852098762989 0.04352300614118576
v 0.022540941834449768 -0.01977802813053131 0.04328617826104164
v 0.022541018202900887 -0.020151538774371147 0.04359245300292969
v 0.023028429597616196 -0.01996218040585518 0.0438540056347847
v 0.023028429597616196 -0.01996218040585518 0.0438540056347847
v 0.022541018202900887 -0.020151538774371147 0.04359245300292969
v 0.022541100159287453 -0.020559243857860565 0.04385147616267204
v 0.02302851714193821 -0.02040279284119606 0.044133931398391724
v 0.02302851714193821 -0.02040279284119606 0.044133931398391724
v 0.022541100159287453 -0.020559243857860565 0.04385147616267204
v 0.022541185840964317 -0.02099519968032837 0.04405946657061577
v 0.02302861027419567 -0.020873934030532837 0.04435870796442032
v 0.02302861027419567 -0.020873934030532837 0.04435870796442032
v 0.022541185840964317 -0.02099519968032837 0.04405946657061577
v 0.02254127524793148 -0.021453045308589935 0.04421338811516762
v 0.02302870713174343 -0.021368734538555145 0.04452505707740784
v 0.02302870713174343 -0.021368734538555145 0.04452505707740784
v 0.02254127524793148 -0.021453045308589935 0.04421338811516762
v 0.022541366517543793 -0.02192610688507557 0.044311005622148514
v 0.02302880585193634 -0.021879978477954865 0.04463055357336998
v 0.02302880585193634 -0.021879978477954865 0.04463055357336998
v 0.022541366517543793 -0.02192610688507557 0.044311005622148514
v 0.022541459649801254 -0.02240748517215252 0.04435088485479355
v 0.0230289064347744 -0.022400211542844772 0.044673651456832886
v 0.0230289064347744 -0.022400211542844772 0.044673651456832886
v 0.022541459649801254 -0.02240748517215252 0.04435088485479355
v 0.022541550919413567 -0.022890161722898483 0.04433245584368706
v 0.023029005154967308 -0.02292184717953205 0.04465373232960701
v 0.023029005154967308 -0.02292184717953205 0.04465373232960701
v 0.022541550919413567 -0.022890161722898483 0.04433245584368706
v 0.02254164032638073 -0.023367097601294518 0.044255975633859634
v 0.023029102012515068 -0.023437276482582092 0.044571083039045334
v 0.023029102012515068 -0.023437276482582092 0.044571083039045334
v 0.02254164032638073 -0.023367097601294518 0.044255975633859634
v 0.022541726008057594 -0.023831335827708244 0.044122565537691116
v 0.02302919514477253 -0.023938985541462898 0.04442690685391426
v 0.02302919514477253 -0.023938985541462898 0.04442690685391426
v 0.022541726008057594 -0.023831335827708244 0.044122565537691116
v 0.02254180796444416 -0.024276109412312508 0.0439341738820076
v 0.023029284551739693 -0.02441965974867344 0.04422330483794212
v 0.023029284551739693 -0.02441965974867344 0.04422330483794212
v 0.02254180796444416 -0.024276109412312508 0.0439341738820076
v 0.02254188433289528 -0.024694932624697685 0.04369354248046875
v 0.02302936650812626 -0.02487228624522686 0.043963249772787094
v 0.02302936650812626 -0.02487228624522686 0.043963249772787094
v 0.02254188433289528 -0.024694932624697685 0.04369354248046875
v 0.02254195511341095 -0.0250816959887743 0.04340418055653572
v 0.023029441013932228 -0.025290267542004585 0.04365053400397301
v 0.023029441013932228 -0.025290267542004585 0.04365053400397301
v 0.02254195511341095 -0.0250816959887743 0.04340418055653572
v 0.022542016580700874 -0.02543076127767563 0.04307030886411667
v 0.0230295080691576 -0.025667507201433182 0.04328971728682518
v 0.0230295080691576 -0.025667507201433182 0.04328971728682518
v 0.022542016580700874 -0.02543076127767563 0.04307030886411667
v 0.022542068734765053 -0.025737037882208824 0.04269680008292198
v 0.023029565811157227 -0.02599850296974182 0.04288605600595474
v 0.023029565811157227 -0.02599850296974182 0.04288605600595474
v 0.022542068734765053 -0.025737037882208824 0.04269680008292198
v 0.022542111575603485 -0.02599606104195118 0.042289093136787415
v 0.023029612377285957 -0.026278430595993996 0.04244544357061386
v 0.023029612377285957 -0.026278430595993996 0.04244544357061386
v 0.022542111575603485 -0.02599606104195118 0.042289093136787415
v 0.02254214510321617 -0.026204049587249756 0.04185313731431961
v 0.023029647767543793 -0.02650320902466774 0.041974302381277084
v 0.023029647767543793 -0.02650320902466774 0.041974302381277084
v 0.02254214510321617 -0.026204049587249756 0.04185313731431961
v 0.022542167454957962 -0.026357974857091904 0.041395291686058044
v 0.023029671981930733 -0.02666955627501011 0.041479501873254776
v 0.023029671981930733 -0.02666955627501011 0.041479501873254776
v 0.022542167454957962 -0.026357974857091904 0.041395291686058044
v 0.022542180493474007 -0.0264555886387825 0.04092223197221756
v 0.023029685020446777 -0.026775050908327103 0.04096825793385506
v 0.023029685020446777 -0.026775050908327103 0.04096825793385506
v 0.022542180493474007 -0.0264555886387825 0.04092223197221756
v 0.022542180493474007 -0.026495471596717834 0.04044084995985031
v 0.023029686883091927 -0.026818152517080307 0.04044802486896515
v 0.023029686883091927 -0.026818152517080307 0.04044802486896515
v 0.022542180493474007 -0.026495471596717834 0.04044084995985031
v 0.02254216931760311 -0.026477038860321045 0.039958175271749496
v 0.023029673844575882 -0.026798231527209282 0.03992639109492302
v 0.023029673844575882 -0.026798231527209282 0.03992639109492302
v 0.02254216931760311 -0.026477038860321045 0.039958175271749496
v 0.02254214882850647 -0.02640056051313877 0.03948124125599861
v 0.02302965149283409 -0.026715580374002457 0.03941095992922783
v 0.02302965149283409 -0.026715580374002457 0.03941095992922783
v 0.02254214882850647 -0.02640056051313877 0.03948124125599861
v 0.022542117163538933 -0.026267152279615402 0.039016999304294586
v 0.023029616102576256 -0.026571404188871384 0.03890925273299217
v 0.023029616102576256 -0.026571404188871384 0.03890925273299217
v 0.022542117163538933 -0.026267152279615402 0.039016999304294586
v 0.0225420743227005 -0.026078756898641586 0.03857222571969032
v 0.023029571399092674 -0.026367804035544395 0.03842857852578163
v 0.023029571399092674 -0.026367804035544395 0.03842857852578163
v 0.0225420743227005 -0.026078756898641586 0.03857222571969032
v 0.022542022168636322 -0.025838125497102737 0.038153406232595444
v 0.023029515519738197 -0.026107748970389366 0.03797595202922821
v 0.023029515519738197 -0.026107748970389366 0.03797595202922821
v 0.022542022168636322 -0.025838125497102737 0.038153406232595444
v 0.022541960701346397 -0.025548765435814857 0.03776663914322853
v 0.023029448464512825 -0.02579503320157528 0.037557970732450485
v 0.023029448464512825 -0.02579503320157528 0.037557970732450485
v 0.022541960701346397 -0.025548765435814857 0.03776663914322853
v 0.022541891783475876 -0.025214893743395805 0.03741757571697235
v 0.023029373958706856 -0.025434214621782303 0.03718073293566704
v 0.023029373958706856 -0.025434214621782303 0.03718073293566704
v 0.022541891783475876 -0.025214893743395805 0.03741757571697235
v 0.022541817277669907 -0.02484138309955597 0.037111297249794006
v 0.02302929386496544 -0.025030557066202164 0.0368497334420681
v 0.02302929386496544 -0.025030557066202164 0.0368497334420681
v 0.022541817277669907 -0.02484138309955597 0.037111297249794006
v 0.02254173532128334 -0.02443367801606655 0.03685227781534195
v 0.023029204457998276 -0.024589944630861282 0.036569807678461075
v 0.023029204457998276 -0.024589944630861282 0.036569807678461075
v 0.02254173532128334 -0.02443367801606655 0.03685227781534195
v 0.022541649639606476 -0.023997722193598747 0.036644287407398224
v 0.023029111325740814 -0.024118801578879356 0.03634502738714218
v 0.023029111325740814 -0.024118801578879356 0.03634502738714218
v 0.022541649639606476 -0.023997722193598747 0.036644287407398224
v 0.022541560232639313 -0.02353987656533718 0.036490362137556076
v 0.023029016330838203 -0.023624001070857048 0.03617868199944496
v 0.023029016330838203 -0.023624001070857048 0.03617868199944496
v 0.022541560232639313 -0.02353987656533718 0.036490362137556076
v 0.022541468963027 -0.023066814988851547 0.03639274835586548
v 0.023028915748000145 -0.02311275713145733 0.03607318550348282
v 0.023028915748000145 -0.02311275713145733 0.03607318550348282
v 0.022541468963027 -0.023066814988851547 0.03639274835586548
v 0.02254137583076954 -0.022585436701774597 0.036352865397930145
v 0.023028817027807236 -0.02259252406656742 0.036030083894729614
v 0.023028817027807236 -0.02259252406656742 0.036030083894729614
v 0.02254137583076954 -0.022585436701774597 0.036352865397930145
v 0.022541284561157227 -0.022102760151028633 0.036371298134326935
v 0.023028718307614326 -0.02207089029252529 0.03605000674724579
v 0.023028718307614326 -0.02207089029252529 0.03605000674724579
v 0.022541284561157227 -0.022102760151028633 0.036371298134326935
v 0.022541195154190063 -0.0216258242726326 0.03644777834415436
v 0.023028621450066566 -0.02155546098947525 0.036132656037807465
v 0.022541195154190063 -0.0216258242726326 0.03644777834415436
v 0.022541403770446777 -0.02265062741935253 0.03735584020614624
v 0.022541280835866928 -0.022002965211868286 0.037392742931842804
v 0.022541284561157227 -0.022102760151028633 0.036371298134326935
v 0.02254105918109417 -0.020806068554520607 0.03787345439195633
v 0.022541025653481483 -0.02071681246161461 0.03676958009600639
v 0.022541163489222527 -0.021378375589847565 0.03756801411509514
v 0.02254110760986805 -0.021161586046218872 0.03658118471503258
v 0.022541195154190063 -0.0216258242726326 0.03644777834415436
v 0.022540971636772156 -0.020312801003456116 0.03829478472471237
v 0.022540880367159843 -0.019911225885152817 0.03729957342147827
v 0.022540949285030365 -0.02029798924922943 0.03701021149754524
v 0.022541726008057594 -0.023908980190753937 0.0429985336959362
v 0.022541726008057594 -0.023831335827708244 0.044122565537691116
v 0.02254161424934864 -0.02330700308084488 0.04324030503630638
v 0.02254164032638073 -0.023367097601294518 0.044255975633859634
v 0.02254149317741394 -0.02266712673008442 0.04334701970219612
v 0.022541821002960205 -0.024444909766316414 0.04263300448656082
v 0.02254188433289528 -0.024694932624697685 0.04369354248046875
v 0.02254180796444416 -0.024276109412312508 0.0439341738820076
v 0.022541988641023636 -0.025496449321508408 0.04034361615777016
v 0.022542180493474007 -0.0264555886387825 0.04092223197221756
v 0.022541984915733337 -0.025428088381886482 0.04098871722817421
v 0.022542167454957962 -0.026357974857091904 0.041395291686058044
v 0.02254195511341095 -0.025222646072506905 0.041604042053222656
v 0.022541966289281845 -0.0254245363175869 0.039698898792266846
v 0.02254216931760311 -0.026477038860321045 0.039958175271749496
v 0.022542180493474007 -0.026495471596717834 0.04044084995985031
v 0.022540854290127754 -0.01951495185494423 0.040684446692466736
v 0.022540654987096786 -0.018497450277209282 0.04026290029287338
v 0.022540844976902008 -0.019513165578246117 0.040035732090473175
v 0.022540654987096786 -0.018537333235144615 0.03978152200579643
v 0.02254086174070835 -0.01965087465941906 0.03940180316567421
v 0.02254113368690014 -0.02081974409520626 0.042839571833610535
v 0.022540941834449768 -0.01977802813053131 0.04328617826104164
v 0.02254103310406208 -0.020324165001511574 0.04242096468806267
v 0.022540872916579247 -0.019444158300757408 0.04293711110949516
v 0.022540951147675514 -0.0199301578104496 0.041905611753463745
v 0.022541247308254242 -0.021393725648522377 0.04314185306429863
v 0.022541100159287453 -0.020559243857860565 0.04385147616267204
v 0.022541018202900887 -0.020151538774371147 0.04359245300292969
v 0.02254137024283409 -0.022019268944859505 0.043313682079315186
v 0.02254127524793148 -0.021453045308589935 0.04421338811516762
v 0.022541185840964317 -0.02099519968032837 0.04405946657061577
v 0.022541550919413567 -0.022890161722898483 0.04433245584368706
v 0.022541459649801254 -0.02240748517215252 0.04435088485479355
v 0.022541366517543793 -0.02192610688507557 0.044311005622148514
v 0.022541899234056473 -0.024889731779694557 0.04216081649065018
v 0.022542016580700874 -0.02543076127767563 0.04307030886411667
v 0.02254195511341095 -0.0250816959887743 0.04340418055653572
v 0.02254214510321617 -0.026204049587249756 0.04185313731431961
v 0.022542111575603485 -0.02599606104195118 0.042289093136787415
v 0.022542068734765053 -0.025737037882208824 0.04269680008292198
v 0.022541917860507965 -0.02521570771932602 0.03908471763134003
v 0.022542117163538933 -0.026267152279615402 0.039016999304294586
v 0.02254214882850647 -0.02640056051313877 0.03948124125599861
v 0.022541645914316177 -0.023894382640719414 0.037697479128837585
v 0.022541817277669907 -0.02484138309955597 0.037111297249794006
v 0.022541752085089684 -0.024432316422462463 0.03806005045771599
v 0.022541891783475876 -0.025214893743395805 0.03741757571697235
v 0.022541845217347145 -0.024879731237888336 0.038529783487319946
v 0.022541526705026627 -0.023291083052754402 0.03745902702212334
v 0.022541649639606476 -0.023997722193598747 0.036644287407398224
v 0.02254173532128334 -0.02443367801606655 0.03685227781534195
v 0.02254137583076954 -0.022585436701774597 0.036352865397930145
v 0.022541468963027 -0.023066814988851547 0.03639274835586548
v 0.022541560232639313 -0.02353987656533718 0.036490362137556076
v 0.022540904581546783 -0.019921639934182167 0.0388122983276844
v 0.02254076674580574 -0.019255883991718292 0.03800695389509201
v 0.02254081889986992 -0.019562160596251488 0.037633441388607025
v 0.022540666162967682 -0.018634948879480362 0.03930846229195595
v 0.022540688514709473 -0.01878887228667736 0.03885061293840408
v 0.02254072204232216 -0.018996862694621086 0.03841466084122658
v 0.02254081331193447 -0.01915479637682438 0.04255034774541855
v 0.022540761157870293 -0.01891416497528553 0.04213152453303337
v 0.02254088968038559 -0.019656149670481682 0.04131760448217392
v 0.02254071831703186 -0.018725771456956863 0.04168675094842911
v 0.022540869191288948 -0.019568387418985367 0.04100485518574715
v 0.022540686652064323 -0.018592361360788345 0.04122251272201538
v 0.022540664300322533 -0.01851588301360607 0.040745578706264496
v 0.022541960701346397 -0.025548765435814857 0.03776663914322853
v 0.022542022168636322 -0.025838125497102737 0.038153406232595444
v 0.0225420743227005 -0.026078756898641586 0.03857222571969032
v 0.028541965410113335 -0.02542339265346527 0.03969881311058998
v 0.028541989624500275 -0.02549530752003193 0.040343526750802994
v 0.02854217030107975 -0.026475895196199417 0.03995808959007263
v 0.028540970757603645 -0.020311659201979637 0.03829469531774521
v 0.02854106016457081 -0.02080492489039898 0.037873368710279465
v 0.028540881350636482 -0.01991008222103119 0.03729948401451111
v 0.028541164472699165 -0.021377233788371086 0.037567928433418274
v 0.028541026636958122 -0.02071566879749298 0.03676949068903923
v 0.028540950268507004 -0.020296847447752953 0.03701012581586838
v 0.028541402891278267 -0.022649485617876053 0.037355754524469376
v 0.028541283681988716 -0.022101616486907005 0.03637121245265007
v 0.028541279956698418 -0.02200182154774666 0.03739265725016594
v 0.028541194275021553 -0.02162468247115612 0.036447688937187195
v 0.02854110859334469 -0.021160442382097244 0.03658109903335571
v 0.02854214794933796 -0.026399418711662292 0.03948115184903145
v 0.028542116284370422 -0.026266008615493774 0.03901691362261772
v 0.028541916981339455 -0.02521456591784954 0.039084628224372864
v 0.02854190021753311 -0.02488858811557293 0.042160727083683014
v 0.028542112559080124 -0.02599491737782955 0.04228900372982025
v 0.02854195423424244 -0.025221502408385277 0.04160395264625549
v 0.02854214608669281 -0.026202905923128128 0.041853051632642746
v 0.028541985899209976 -0.025426944717764854 0.040988627821207047
v 0.028541821986436844 -0.024443766102194786 0.04263291880488396
v 0.028542015701532364 -0.02542961947619915 0.043070223182439804
v 0.02854206971824169 -0.025735896080732346 0.04269671067595482
v 0.02854136936366558 -0.022018127143383026 0.04331359267234802
v 0.028541458770632744 -0.02240634337067604 0.044350799173116684
v 0.02854149416089058 -0.02266598306596279 0.04334693029522896
v 0.028541550040245056 -0.022889019921422005 0.044332366436719894
v 0.02854161337018013 -0.0233058612793684 0.04324021935462952
v 0.02854124829173088 -0.02139258198440075 0.043141767382621765
v 0.02854127436876297 -0.021451903507113457 0.04421330243349075
v 0.028541365638375282 -0.02192496508359909 0.04431091621518135
v 0.0285421684384346 -0.026356831192970276 0.04139520600438118
v 0.028542179614305496 -0.026454446837306023 0.0409221425652504
v 0.028542179614305496 -0.026494327932596207 0.04044076427817345
v 0.028541725128889084 -0.02390783652663231 0.04299844428896904
v 0.028541885316371918 -0.024693788960576057 0.04369345307350159
v 0.02854195423424244 -0.02508055418729782 0.04340409114956856
v 0.02854163944721222 -0.02336595393717289 0.04425588995218277
v 0.028541726991534233 -0.023830194026231766 0.04412247985601425
v 0.0285418089479208 -0.02427496761083603 0.043934084475040436
v 0.028541525825858116 -0.023289939388632774 0.03745894134044647
v 0.02854146808385849 -0.02306567132472992 0.036392658948898315
v 0.028541376814246178 -0.02258429303765297 0.03635277971625328
v 0.028541134670376778 -0.020818600431084633 0.04283948242664337
v 0.028541099280118942 -0.020558102056384087 0.04385138675570488
v 0.028541184961795807 -0.02099405601620674 0.044059377163648605
v 0.02854103408753872 -0.020323021337389946 0.0424208790063858
v 0.028540942817926407 -0.019776884466409683 0.04328608885407448
v 0.028541017323732376 -0.02015039697289467 0.04359236732125282
v 0.02854089066386223 -0.019655007869005203 0.041317518800497055
v 0.028540760278701782 -0.018913021311163902 0.042131438851356506
v 0.028540952131152153 -0.01992901600897312 0.04190552234649658
v 0.02854081243276596 -0.0191536545753479 0.042550262063741684
v 0.028540873900055885 -0.01944301463663578 0.0429370254278183
v 0.028541645035147667 -0.023893238976597786 0.03769739344716072
v 0.028541648760437965 -0.02399658039212227 0.03664420172572136
v 0.028541559353470802 -0.023538732901215553 0.03649027645587921
v 0.028541753068566322 -0.024431172758340836 0.038059964776039124
v 0.028541816398501396 -0.02484023943543434 0.03711121156811714
v 0.02854173630475998 -0.024432534351944923 0.036852188408374786
v 0.02854207344353199 -0.026077615097165108 0.03857214003801346
v 0.02854202128946781 -0.02583698369562626 0.03815331682562828
v 0.028541844338178635 -0.024878589436411858 0.03852969780564308
v 0.028541961684823036 -0.02554762177169323 0.037766553461551666
v 0.028541892766952515 -0.025213751941919327 0.03741748631000519
v 0.028540855273604393 -0.0195138081908226 0.04068435728549957
v 0.028540685772895813 -0.018591219559311867 0.04122242331504822
v 0.0285407193005085 -0.018724627792835236 0.04168666526675224
v 0.028540844097733498 -0.01951202191412449 0.04003564640879631
v 0.028540654107928276 -0.018496308475732803 0.04026281461119652
v 0.02854066528379917 -0.018514741212129593 0.04074548929929733
v 0.028540903702378273 -0.01992049813270569 0.03881221264600754
v 0.02854068949818611 -0.018787730485200882 0.03885052725672722
v 0.02854086086153984 -0.019649730995297432 0.039401717483997345
v 0.02854066714644432 -0.018633805215358734 0.039308372884988785
v 0.028540654107928276 -0.018536189571022987 0.03978143632411957
v 0.02854081802070141 -0.01956101693212986 0.03763335570693016
v 0.02854076586663723 -0.019254740327596664 0.038006868213415146
v 0.028540723025798798 -0.01899571903049946 0.038414571434259415
v 0.022540951147675514 -0.0199301578104496 0.041905611753463745
v 0.02254088968038559 -0.019656149670481682 0.04131760448217392
v 0.02854089066386223 -0.019655007869005203 0.041317518800497055
v 0.02854089066386223 -0.019655007869005203 0.041317518800497055
v 0.02254088968038559 -0.019656149670481682 0.04131760448217392
v 0.022540869191288948 -0.019568387418985367 0.04100485518574715
v 0.02854089066386223 -0.019655007869005203 0.041317518800497055
v 0.022540869191288948 -0.019568387418985367 0.04100485518574715
v 0.028540855273604393 -0.0195138081908226 0.04068435728549957
v 0.028540855273604393 -0.0195138081908226 0.04068435728549957
v 0.022540869191288948 -0.019568387418985367 0.04100485518574715
v 0.022540854290127754 -0.01951495185494423 0.040684446692466736
v 0.028540855273604393 -0.0195138081908226 0.04068435728549957
v 0.022540854290127754 -0.01951495185494423 0.040684446692466736
v 0.028540844097733498 -0.01951202191412449 0.04003564640879631
v 0.022540844976902008 -0.019513165578246117 0.040035732090473175
v 0.028540844097733498 -0.01951202191412449 0.04003564640879631
v 0.022540844976902008 -0.019513165578246117 0.040035732090473175
v 0.02854086086153984 -0.019649730995297432 0.039401717483997345
v 0.02254086174070835 -0.01965087465941906 0.03940180316567421
v 0.02854086086153984 -0.019649730995297432 0.039401717483997345
v 0.02254086174070835 -0.01965087465941906 0.03940180316567421
v 0.028540903702378273 -0.01992049813270569 0.03881221264600754
v 0.022540904581546783 -0.019921639934182167 0.0388122983276844
v 0.028540903702378273 -0.01992049813270569 0.03881221264600754
v 0.022540904581546783 -0.019921639934182167 0.0388122983276844
v 0.028540970757603645 -0.020311659201979637 0.03829469531774521
v 0.022540971636772156 -0.020312801003456116 0.03829478472471237
v 0.028540970757603645 -0.020311659201979637 0.03829469531774521
v 0.022540971636772156 -0.020312801003456116 0.03829478472471237
v 0.02854106016457081 -0.02080492489039898 0.037873368710279465
v 0.02254105918109417 -0.020806068554520607 0.03787345439195633
v 0.02854106016457081 -0.02080492489039898 0.037873368710279465
v 0.02254105918109417 -0.020806068554520607 0.03787345439195633
v 0.028541164472699165 -0.021377233788371086 0.037567928433418274
v 0.022541163489222527 -0.021378375589847565 0.03756801411509514
v 0.028541164472699165 -0.021377233788371086 0.037567928433418274
v 0.022541163489222527 -0.021378375589847565 0.03756801411509514
v 0.028541279956698418 -0.02200182154774666 0.03739265725016594
v 0.022541280835866928 -0.022002965211868286 0.037392742931842804
v 0.028541279956698418 -0.02200182154774666 0.03739265725016594
v 0.022541280835866928 -0.022002965211868286 0.037392742931842804
v 0.028541402891278267 -0.022649485617876053 0.037355754524469376
v 0.022541403770446777 -0.02265062741935253 0.03735584020614624
v 0.028541402891278267 -0.022649485617876053 0.037355754524469376
v 0.022541403770446777 -0.02265062741935253 0.03735584020614624
v 0.028541525825858116 -0.023289939388632774 0.03745894134044647
v 0.022541526705026627 -0.023291083052754402 0.03745902702212334
v 0.028541525825858116 -0.023289939388632774 0.03745894134044647
v 0.022541526705026627 -0.023291083052754402 0.03745902702212334
v 0.028541645035147667 -0.023893238976597786 0.03769739344716072
v 0.022541645914316177 -0.023894382640719414 0.037697479128837585
v 0.028541645035147667 -0.023893238976597786 0.03769739344716072
v 0.022541645914316177 -0.023894382640719414 0.037697479128837585
v 0.028541753068566322 -0.024431172758340836 0.038059964776039124
v 0.022541752085089684 -0.024432316422462463 0.03806005045771599
v 0.028541753068566322 -0.024431172758340836 0.038059964776039124
v 0.022541752085089684 -0.024432316422462463 0.03806005045771599
v 0.028541844338178635 -0.024878589436411858 0.03852969780564308
v 0.022541845217347145 -0.024879731237888336 0.038529783487319946
v 0.028541844338178635 -0.024878589436411858 0.03852969780564308
v 0.022541845217347145 -0.024879731237888336 0.038529783487319946
v 0.028541916981339455 -0.02521456591784954 0.039084628224372864
v 0.022541917860507965 -0.02521570771932602 0.03908471763134003
v 0.028541916981339455 -0.02521456591784954 0.039084628224372864
v 0.022541917860507965 -0.02521570771932602 0.03908471763134003
v 0.028541965410113335 -0.02542339265346527 0.03969881311058998
v 0.022541966289281845 -0.0254245363175869 0.039698898792266846
v 0.028541965410113335 -0.02542339265346527 0.03969881311058998
v 0.022541966289281845 -0.0254245363175869 0.039698898792266846
v 0.028541989624500275 -0.02549530752003193 0.040343526750802994
v 0.022541988641023636 -0.025496449321508408 0.04034361615777016
v 0.028541989624500275 -0.02549530752003193 0.040343526750802994
v 0.022541988641023636 -0.025496449321508408 0.04034361615777016
v 0.028541985899209976 -0.025426944717764854 0.040988627821207047
v 0.022541984915733337 -0.025428088381886482 0.04098871722817421
v 0.028541985899209976 -0.025426944717764854 0.040988627821207047
v 0.022541984915733337 -0.025428088381886482 0.04098871722817421
v 0.02854195423424244 -0.025221502408385277 0.04160395264625549
v 0.02254195511341095 -0.025222646072506905 0.041604042053222656
v 0.02854195423424244 -0.025221502408385277 0.04160395264625549
v 0.02254195511341095 -0.025222646072506905 0.041604042053222656
v 0.02854190021753311 -0.02488858811557293 0.042160727083683014
v 0.022541899234056473 -0.024889731779694557 0.04216081649065018
v 0.02854190021753311 -0.02488858811557293 0.042160727083683014
v 0.022541899234056473 -0.024889731779694557 0.04216081649065018
v 0.028541821986436844 -0.024443766102194786 0.04263291880488396
v 0.022541821002960205 -0.024444909766316414 0.04263300448656082
v 0.028541821986436844 -0.024443766102194786 0.04263291880488396
v 0.022541821002960205 -0.024444909766316414 0.04263300448656082
v 0.028541725128889084 -0.02390783652663231 0.04299844428896904
v 0.022541726008057594 -0.023908980190753937 0.0429985336959362
v 0.028541725128889084 -0.02390783652663231 0.04299844428896904
v 0.022541726008057594 -0.023908980190753937 0.0429985336959362
v 0.02854161337018013 -0.0233058612793684 0.04324021935462952
v 0.02254161424934864 -0.02330700308084488 0.04324030503630638
v 0.02854161337018013 -0.0233058612793684 0.04324021935462952
v 0.02254161424934864 -0.02330700308084488 0.04324030503630638
v 0.02854149416089058 -0.02266598306596279 0.04334693029522896
v 0.02254149317741394 -0.02266712673008442 0.04334701970219612
v 0.02854149416089058 -0.02266598306596279 0.04334693029522896
v 0.02254149317741394 -0.02266712673008442 0.04334701970219612
v 0.02854136936366558 -0.022018127143383026 0.04331359267234802
v 0.02254137024283409 -0.022019268944859505 0.043313682079315186
v 0.02854136936366558 -0.022018127143383026 0.04331359267234802
v 0.02254137024283409 -0.022019268944859505 0.043313682079315186
v 0.02854124829173088 -0.02139258198440075 0.043141767382621765
v 0.022541247308254242 -0.021393725648522377 0.04314185306429863
v 0.02854124829173088 -0.02139258198440075 0.043141767382621765
v 0.022541247308254242 -0.021393725648522377 0.04314185306429863
v 0.028541134670376778 -0.020818600431084633 0.04283948242664337
v 0.02254113368690014 -0.02081974409520626 0.042839571833610535
v 0.028541134670376778 -0.020818600431084633 0.04283948242664337
v 0.02254113368690014 -0.02081974409520626 0.042839571833610535
v 0.02854103408753872 -0.020323021337389946 0.0424208790063858
v 0.02254103310406208 -0.020324165001511574 0.04242096468806267
v 0.02854103408753872 -0.020323021337389946 0.0424208790063858
v 0.02254103310406208 -0.020324165001511574 0.04242096468806267
v 0.028540952131152153 -0.01992901600897312 0.04190552234649658
v 0.022540951147675514 -0.0199301578104496 0.041905611753463745
v 0.028540952131152153 -0.01992901600897312 0.04190552234649658
usemtl material_DefaultMaterial
f 1 2 3
f 4 5 6
f 4 6 7
f 8 9 10
f 8 10 11
f 12 13 14
f 12 14 15
f 16 17 18
f 16 18 19
f 20 21 22
f 20 22 23
f 24 25 26
f 24 26 27
f 28 29 30
f 28 30 31
f 32 33 34
f 32 34 35
f 36 37 38
f 36 38 39
f 40 41 42
f 40 42 43
f 44 45 46
f 44 46 47
f 48 49 50
f 48 50 51
f 52 53 54
f 52 54 55
f 56 57 58
f 56 58 59
f 60 61 62
f 60 62 63
f 64 65 66
f 64 66 67
f 68 69 70
f 68 70 71
f 72 73 74
f 72 74 75
f 76 77 78
f 76 78 79
f 80 81 82
f 80 82 83
f 84 85 86
f 84 86 87
f 88 89 90
f 88 90 91
f 92 93 94
f 92 94 95
f 96 97 98
f 96 98 99
f 100 101 102
f 100 102 103
f 104 105 106
f 104 106 107
f 108 109 110
f 108 110 111
f 112 113 114
f 112 114 115
f 116 117 118
f 116 118 119
f 120 121 122
f 120 122 123
f 124 125 126
f 124 126 127
f 128 129 130
f 128 130 131
f 132 133 134
f 132 134 135
f 136 137 138
f 136 138 139
f 140 141 142
f 140 142 143
f 144 145 146
f 144 146 147
f 148 149 150
f 148 150 151
f 152 153 154
f 152 154 155
f 1 156 2
f 157 158 159
f 159 158 160
f 159 160 161
f 161 160 162
f 161 162 163
f 164 165 166
f 166 165 167
f 166 167 168
f 168 167 169
f 168 169 157
f 157 169 170
f 157 170 158
f 171 172 173
f 173 172 174
f 173 174 175
f 175 174 176
f 175 176 164
f 164 176 177
f 164 177 165
f 178 179 180
f 180 179 181
f 180 181 182
f 182 181 183
f 182 183 171
f 171 183 184
f 171 184 172
f 185 186 187
f 187 186 188
f 187 188 178
f 178 188 189
f 178 189 179
f 190 191 192
f 192 191 193
f 192 193 194
f 194 193 195
f 194 195 185
f 185 195 196
f 185 196 186
f 197 198 199
f 199 198 200
f 199 200 201
f 201 200 202
f 201 202 190
f 190 202 203
f 190 203 191
f 204 205 206
f 206 205 207
f 206 207 208
f 208 207 209
f 208 209 197
f 197 209 210
f 197 210 198
f 162 211 163
f 163 211 212
f 163 212 213
f 213 212 214
f 213 214 215
f 215 214 216
f 215 216 217
f 217 216 218
f 217 218 219
f 219 218 220
f 219 220 221
f 221 220 222
f 221 222 223
f 223 222 224
f 223 224 204
f 204 224 225
f 204 225 205
f 226 227 228
f 228 227 229
f 228 229 230
f 230 229 231
f 230 231 232
f 233 234 235
f 235 234 236
f 235 236 237
f 237 236 238
f 237 238 226
f 226 238 239
f 226 239 227
f 240 241 242
f 242 241 243
f 242 243 244
f 244 243 245
f 244 245 233
f 233 245 246
f 233 246 234
f 247 248 249
f 249 248 250
f 249 250 251
f 251 250 252
f 231 253 232
f 232 253 254
f 232 254 255
f 255 254 256
f 255 256 257
f 257 256 258
f 257 258 252
f 252 258 259
f 252 259 251
f 260 261 262
f 262 261 263
f 262 263 264
f 264 263 265
f 264 265 240
f 240 265 266
f 240 266 241
f 267 268 269
f 269 268 270
f 269 270 271
f 271 270 272
f 271 272 260
f 260 272 273
f 260 273 261
f 274 275 276
f 276 275 277
f 276 277 278
f 278 277 279
f 278 279 267
f 267 279 280
f 267 280 268
f 281 282 283
f 283 282 284
f 283 284 285
f 285 284 286
f 285 286 274
f 274 286 287
f 274 287 275
f 249 288 247
f 247 288 289
f 247 289 290
f 290 289 291
f 290 291 292
f 292 291 293
f 292 293 281
f 281 293 294
f 281 294 282
f 295 296 297
f 298 299 300
f 299 301 300
f 302 303 304
f 302 304 305
f 306 307 308
f 306 308 309
f 310 311 312
f 310 312 313
f 314 315 316
f 314 316 317
f 318 319 320
f 318 320 321
f 322 323 324
f 322 324 325
f 326 327 328
f 326 328 329
f 330 331 332
f 330 332 333
f 334 335 336
f 334 336 337
f 338 339 340
f 338 340 341
f 342 343 344
f 342 344 345
f 346 347 348
f 346 348 349
f 350 351 352
f 350 352 353
f 354 355 356
f 354 356 357
f 358 359 360
f 358 360 361
f 362 363 364
f 362 364 365
f 366 367 368
f 366 368 369
f 370 371 372
f 370 372 373
f 374 375 376
f 374 376 377
f 378 379 380
f 378 380 381
f 382 383 384
f 382 384 385
f 386 387 388
f 386 388 389
f 390 391 392
f 390 392 393
f 394 395 396
f 394 396 397
f 398 399 400
f 398 400 401
f 402 403 404
f 402 404 405
f 406 407 408
f 406 408 409
f 410 411 412
f 410 412 413
f 414 295 297
f 415 416 417
f 417 416 418
f 417 418 419
f 420 421 417
f 417 421 422
f 417 422 415
f 423 424 417
f 417 424 425
f 417 425 420
f 426 427 417
f 417 427 428
f 417 428 423
f 429 430 417
f 417 430 431
f 417 431 426
f 432 433 417
f 417 433 434
f 417 434 429
f 435 436 417
f 417 436 437
f 417 437 432
f 438 439 417
f 417 439 440
f 417 440 435
f 441 442 417
f 417 442 443
f 417 443 438
f 419 444 417
f 417 444 445
f 417 445 441
f 446 447 448
f 449 450 451
f 450 452 451
f 453 454 455
f 453 455 456
f 457 458 459
f 457 459 460
f 461 462 463
f 461 463 464
f 465 466 467
f 465 467 468
f 469 470 471
f 469 471 472
f 473 474 475
f 473 475 476
f 477 478 479
f 477 479 480
f 481 482 483
f 481 483 484
f 485 486 487
f 485 487 488
f 489 490 491
f 489 491 492
f 493 494 495
f 493 495 496
f 497 498 499
f 497 499 500
f 501 502 503
f 501 503 504
f 505 506 507
f 505 507 508
f 509 510 511
f 509 511 512
f 513 514 515
f 513 515 516
f 517 518 519
f 517 519 520
f 521 522 523
f 521 523 524
f 525 526 527
f 525 527 528
f 529 530 531
f 529 531 532
f 533 534 535
f 533 535 536
f 537 538 539
f 537 539 540
f 541 542 543
f 541 543 544
f 545 546 547
f 545 547 548
f 549 550 551
f 549 551 552
f 553 554 555
f 553 555 556
f 557 558 559
f 557 559 560
f 561 562 563
f 561 563 564
f 565 446 448
f 566 567 568
f 568 567 569
f 568 569 570
f 571 572 568
f 568 572 573
f 568 573 566
f 574 575 568
f 568 575 576
f 568 576 571
f 577 578 568
f 568 578 579
f 568 579 574
f 580 581 568
f 568 581 582
f 568 582 577
f 583 584 568
f 568 584 585
f 568 585 580
f 586 587 568
f 568 587 588
f 568 588 583
f 589 590 568
f 568 590 591
f 568 591 586
f 592 593 568
f 568 593 594
f 568 594 589
f 570 595 568
f 568 595 596
f 568 596 592
f 597 598 599
f 600 601 602
f 600 602 603
f 604 605 606
f 604 606 607
f 608 609 610
f 608 610 611
f 612 613 614
f 612 614 615
f 616 617 618
f 616 618 619
f 620 621 622
f 620 622 623
f 624 625 626
f 624 626 627
f 628 629 630
f 628 630 631
f 632 633 634
f 632 634 635
f 636 637 638
f 636 638 639
f 640 641 642
f 640 642 643
f 644 645 646
f 644 646 647
f 648 649 650
f 648 650 651
f 652 653 654
f 652 654 655
f 656 657 658
f 656 658 659
f 660 661 662
f 660 662 663
f 664 665 666
f 664 666 667
f 668 669 670
f 668 670 671
f 672 673 674
f 672 674 675
f 676 677 678
f 676 678 679
f 680 681 682
f 680 682 683
f 684 685 686
f 684 686 687
f 688 689 690
f 688 690 691
f 692 693 694
f 692 694 695
f 696 697 698
f 696 698 699
f 700 701 702
f 700 702 703
f 704 705 706
f 704 706 707
f 708 709 710
f 708 710 711
f 712 713 714
f 712 714 715
f 716 717 718
f 716 718 719
f 720 721 722
f 720 722 723
f 724 725 726
f 724 726 727
f 728 729 730
f 728 730 731
f 732 733 734
f 732 734 735
f 736 737 738
f 736 738 739
f 740 741 742
f 740 742 743
f 744 745 746
f 744 746 747
f 748 749 750
f 748 750 751
f 752 753 754
f 752 754 755
f 756 757 758
f 756 758 759
f 760 761 762
f 760 762 763
f 764 765 766
f 764 766 767
f 768 769 770
f 768 770 771
f 772 773 774
f 772 774 775
f 776 777 778
f 776 778 779
f 780 781 782
f 780 782 783
f 784 785 786
f 784 786 787
f 788 789 790
f 788 790 791
f 792 793 794
f 792 794 795
f 796 797 798
f 796 798 799
f 800 801 802
f 800 802 803
f 597 804 598
f 805 806 807
f 808 809 810
f 808 810 811
f 812 813 814
f 812 814 815
f 816 817 818
f 816 818 819
f 820 821 822
f 820 822 823
f 824 825 826
f 824 826 827
f 828 829 830
f 828 830 831
f 832 833 834
f 832 834 835
f 836 837 838
f 836 838 839
f 840 841 842
f 840 842 843
f 844 845 846
f 844 846 847
f 848 849 850
f 848 850 851
f 852 853 854
f 852 854 855
f 856 857 858
f 856 858 859
f 860 861 862
f 860 862 863
f 864 865 866
f 864 866 867
f 868 869 870
f 868 870 871
f 872 873 874
f 872 874 875
f 876 877 878
f 876 878 879
f 880 881 882
f 880 882 883
f 884 885 886
f 884 886 887
f 888 889 890
f 888 890 891
f 892 893 894
f 892 894 895
f 896 897 898
f 896 898 899
f 900 901 902
f 900 902 903
f 904 905 906
f 904 906 907
f 908 909 910
f 908 910 911
f 912 913 914
f 912 914 915
f 916 917 918
f 916 918 919
f 920 921 922
f 920 922 923
f 924 925 926
f 924 926 927
f 928 929 930
f 928 930 931
f 932 933 934
f 932 934 935
f 936 937 938
f 936 938 939
f 940 941 942
f 940 942 943
f 944 945 946
f 944 946 947
f 948 949 950
f 948 950 951
f 952 953 954
f 952 954 955
f 956 957 958
f 956 958 959
f 960 961 962
f 960 962 963
f 964 965 966
f 964 966 967
f 968 969 970
f 968 970 971
f 972 973 974
f 972 974 975
f 976 977 978
f 976 978 979
f 980 981 982
f 980 982 983
f 984 985 986
f 984 986 987
f 988 989 990
f 988 990 991
f 992 993 994
f 992 994 995
f 996 997 998
f 996 998 999
f 1000 1001 1002
f 1000 1002 1003
f 1004 1005 1006
f 1004 1006 1007
f 1008 1009 1010
f 1008 1010 1011
f 805 1012 806
f 1013 1014 1015
f 1016 1017 1018
f 1016 1018 1019
f 1020 1021 1022
f 1020 1022 1023
f 1024 1025 1026
f 1024 1026 1027
f 1028 1029 1030
f 1028 1030 1031
f 1032 1033 1034
f 1032 1034 1035
f 1036 1037 1038
f 1036 1038 1039
f 1040 1041 1042
f 1040 1042 1043
f 1044 1045 1046
f 1044 1046 1047
f 1048 1049 1050
f 1048 1050 1051
f 1052 1053 1054
f 1052 1054 1055
f 1056 1057 1058
f 1056 1058 1059
f 1060 1061 1062
f 1060 1062 1063
f 1064 1065 1066
f 1064 1066 1067
f 1068 1069 1070
f 1068 1070 1071
f 1072 1073 1074
f 1072 1074 1075
f 1076 1077 1078
f 1076 1078 1079
f 1080 1081 1082
f 1080 1082 1083
f 1084 1085 1086
f 1084 1086 1087
f 1088 1089 1090
f 1088 1090 1091
f 1092 1093 1094
f 1092 1094 1095
f 1096 1097 1098
f 1096 1098 1099
f 1100 1101 1102
f 1100 1102 1103
f 1104 1105 1106
f 1104 1106 1107
f 1108 1109 1110
f 1108 1110 1111
f 1112 1113 1114
f 1112 1114 1115
f 1116 1117 1118
f 1116 1118 1119
f 1120 1121 1122
f 1120 1122 1123
f 1124 1125 1126
f 1124 1126 1127
f 1128 1129 1130
f 1128 1130 1131
f 1132 1133 1134
f 1132 1134 1135
f 1136 1137 1138
f 1136 1138 1139
f 1140 1141 1142
f 1140 1142 1143
f 1144 1145 1146
f 1144 1146 1147
f 1148 1149 1150
f 1148 1150 1151
f 1152 1153 1154
f 1152 1154 1155
f 1156 1157 1158
f 1156 1158 1159
f 1160 1161 1162
f 1160 1162 1163
f 1164 1165 1166
f 1164 1166 1167
f 1168 1169 1170
f 1168 1170 1171
f 1172 1173 1174
f 1172 1174 1175
f 1176 1177 1178
f 1176 1178 1179
f 1180 1181 1182
f 1180 1182 1183
f 1184 1185 1186
f 1184 1186 1187
f 1188 1189 1190
f 1188 1190 1191
f 1192 1193 1194
f 1192 1194 1195
f 1196 1197 1198
f 1196 1198 1199
f 1200 1201 1202
f 1200 1202 1203
f 1204 1205 1206
f 1204 1206 1207
f 1208 1209 1210
f 1208 1210 1211
f 1212 1213 1214
f 1212 1214 1215
f 1216 1217 1218
f 1216 1218 1219
f 1013 1220 1014
f 1221 1222 1223
f 1224 1225 1226
f 1224 1226 1227
f 1228 1229 1230
f 1228 1230 1231
f 1232 1233 1234
f 1232 1234 1235
f 1236 1237 1238
f 1236 1238 1239
f 1240 1241 1242
f 1240 1242 1243
f 1244 1245 1246
f 1244 1246 1247
f 1248 1249 1250
f 1248 1250 1251
f 1252 1253 1254
f 1252 1254 1255
f 1256 1257 1258
f 1256 1258 1259
f 1260 1261 1262
f 1260 1262 1263
f 1264 1265 1266
f 1264 1266 1267
f 1268 1269 1270
f 1268 1270 1271
f 1272 1273 1274
f 1272 1274 1275
f 1276 1277 1278
f 1276 1278 1279
f 1280 1281 1282
f 1280 1282 1283
f 1284 1285 1286
f 1284 1286 1287
f 1288 1289 1290
f 1288 1290 1291
f 1292 1293 1294
f 1292 1294 1295
f 1296 1297 1298
f 1296 1298 1299
f 1300 1301 1302
f 1300 1302 1303
f 1304 1305 1306
f 1304 1306 1307
f 1308 1309 1310
f 1308 1310 1311
f 1312 1313 1314
f 1312 1314 1315
f 1316 1317 1318
f 1316 1318 1319
f 1320 1321 1322
f 1320 1322 1323
f 1324 1325 1326
f 1324 1326 1327
f 1328 1329 1330
f 1328 1330 1331
f 1332 1333 1334
f 1332 1334 1335
f 1336 1337 1338
f 1336 1338 1339
f 1340 1341 1342
f 1340 1342 1343
f 1344 1345 1346
f 1344 1346 1347
f 1348 1349 1350
f 1348 1350 1351
f 1352 1353 1354
f 1352 1354 1355
f 1356 1357 1358
f 1356 1358 1359
f 1360 1361 1362
f 1360 1362 1363
f 1364 1365 1366
f 1364 1366 1367
f 1368 1369 1370
f 1368 1370 1371
f 1372 1373 1374
f 1372 1374 1375
f 1376 1377 1378
f 1376 1378 1379
f 1380 1381 1382
f 1380 1382 1383
f 1384 1385 1386
f 1384 1386 1387
f 1388 1389 1390
f 1388 1390 1391
f 1392 1393 1394
f 1392 1394 1395
f 1396 1397 1398
f 1396 1398 1399
f 1400 1401 1402
f 1400 1402 1403
f 1404 1405 1406
f 1404 1406 1407
f 1408 1409 1410
f 1408 1410 1411
f 1412 1413 1414
f 1412 1414 1415
f 1416 1417 1418
f 1416 1418 1419
f 1420 1421 1422
f 1420 1422 1423
f 1424 1425 1426
f 1424 1426 1427
f 1221 1428 1222
f 1429 1430 1431
f 1432 1433 1434
f 1432 1434 1435
f 1436 1437 1438
f 1436 1438 1439
f 1440 1441 1442
f 1440 1442 1443
f 1444 1445 1446
f 1444 1446 1447
f 1448 1449 1450
f 1448 1450 1451
f 1452 1453 1454
f 1452 1454 1455
f 1456 1457 1458
f 1456 1458 1459
f 1460 1461 1462
f 1460 1462 1463
f 1464 1465 1466
f 1464 1466 1467
f 1468 1469 1470
f 1468 1470 1471
f 1472 1473 1474
f 1472 1474 1475
f 1476 1477 1478
f 1476 1478 1479
f 1480 1481 1482
f 1480 1482 1483
f 1484 1485 1486
f 1484 1486 1487
f 1488 1489 1490
f 1488 1490 1491
f 1492 1493 1494
f 1492 1494 1495
f 1496 1497 1498
f 1496 1498 1499
f 1500 1501 1502
f 1500 1502 1503
f 1504 1505 1506
f 1504 1506 1507
f 1508 1509 1510
f 1508 1510 1511
f 1512 1513 1514
f 1512 1514 1515
f 1516 1517 1518
f 1516 1518 1519
f 1520 1521 1522
f 1520 1522 1523
f 1524 1525 1526
f 1524 1526 1527
f 1528 1529 1530
f 1528 1530 1531
f 1532 1533 1534
f 1532 1534 1535
f 1536 1537 1538
f 1536 1538 1539
f 1540 1541 1542
f 1540 1542 1543
f 1544 1545 1546
f 1544 1546 1547
f 1548 1549 1550
f 1548 1550 1551
f 1552 1553 1554
f 1552 1554 1555
f 1556 1557 1558
f 1556 1558 1559
f 1560 1561 1562
f 1560 1562 1563
f 1564 1565 1566
f 1564 1566 1567
f 1568 1569 1570
f 1568 1570 1571
f 1572 1573 1574
f 1572 1574 1575
f 1576 1577 1578
f 1576 1578 1579
f 1580 1581 1582
f 1580 1582 1583
f 1584 1585 1586
f 1584 1586 1587
f 1588 1589 1590
f 1588 1590 1591
f 1592 1593 1594
f 1592 1594 1595
f 1596 1597 1598
f 1596 1598 1599
f 1600 1601 1602
f 1600 1602 1603
f 1604 1605 1606
f 1604 1606 1607
f 1608 1609 1610
f 1608 1610 1611
f 1612 1613 1614
f 1612 1614 1615
f 1616 1617 1618
f 1616 1618 1619
f 1620 1621 1622
f 1620 1622 1623
f 1624 1625 1626
f 1624 1626 1627
f 1628 1629 1630
f 1628 1630 1631
f 1632 1633 1634
f 1632 1634 1635
f 1429 1636 1430
f 1637 1638 1639
f 1640 1641 1642
f 1640 1642 1643
f 1644 1645 1646
f 1644 1646 1647
f 1648 1649 1650
f 1648 1650 1651
f 1652 1653 1654
f 1652 1654 1655
f 1656 1657 1658
f 1656 1658 1659
f 1660 1661 1662
f 1660 1662 1663
f 1664 1665 1666
f 1664 1666 1667
f 1668 1669 1670
f 1668 1670 1671
f 1672 1673 1674
f 1672 1674 1675
f 1676 1677 1678
f 1676 1678 1679
f 1680 1681 1682
f 1680 1682 1683
f 1684 1685 1686
f 1684 1686 1687
f 1688 1689 1690
f 1688 1690 1691
f 1692 1693 1694
f 1692 1694 1695
f 1696 1697 1698
f 1696 1698 1699
f 1700 1701 1702
f 1700 1702 1703
f 1704 1705 1706
f 1704 1706 1707
f 1708 1709 1710
f 1708 1710 1711
f 1712 1713 1714
f 1712 1714 1715
f 1716 1717 1718
f 1716 1718 1719
f 1720 1721 1722
f 1720 1722 1723
f 1724 1725 1726
f 1724 1726 1727
f 1728 1729 1730
f 1728 1730 1731
f 1732 1733 1734
f 1732 1734 1735
f 1736 1737 1738
f 1736 1738 1739
f 1740 1741 1742
f 1740 1742 1743
f 1744 1745 1746
f 1744 1746 1747
f 1748 1749 1750
f 1748 1750 1751
f 1752 1753 1754
f 1752 1754 1755
f 1756 1757 1758
f 1756 1758 1759
f 1760 1761 1762
f 1760 1762 1763
f 1764 1765 1766
f 1764 1766 1767
f 1768 1769 1770
f 1768 1770 1771
f 1772 1773 1774
f 1772 1774 1775
f 1776 1777 1778
f 1776 1778 1779
f 1780 1781 1782
f 1780 1782 1783
f 1784 1785 1786
f 1784 1786 1787
f 1788 1789 1790
f 1788 1790 1791
f 1792 1793 1794
f 1792 1794 1795
f 1796 1797 1798
f 1796 1798 1799
f 1800 1801 1802
f 1800 1802 1803
f 1804 1805 1806
f 1804 1806 1807
f 1808 1809 1810
f 1808 1810 1811
f 1812 1813 1814
f 1812 1814 1815
f 1816 1817 1818
f 1816 1818 1819
f 1820 1821 1822
f 1820 1822 1823
f 1824 1825 1826
f 1824 1826 1827
f 1828 1829 1830
f 1828 1830 1831
f 1832 1833 1834
f 1832 1834 1835
f 1836 1837 1838
f 1836 1838 1839
f 1840 1841 1842
f 1840 1842 1843
f 1637 1844 1638
f 1845 1846 1847
f 1848 1849 1850
f 1848 1850 1851
f 1852 1853 1854
f 1852 1854 1855
f 1856 1857 1858
f 1856 1858 1859
f 1860 1861 1862
f 1860 1862 1863
f 1864 1865 1866
f 1864 1866 1867
f 1868 1869 1870
f 1868 1870 1871
f 1872 1873 1874
f 1872 1874 1875
f 1876 1877 1878
f 1876 1878 1879
f 1880 1881 1882
f 1880 1882 1883
f 1884 1885 1886
f 1884 1886 1887
f 1888 1889 1890
f 1888 1890 1891
f 1892 1893 1894
f 1892 1894 1895
f 1896 1897 1898
f 1896 1898 1899
f 1900 1901 1902
f 1900 1902 1903
f 1904 1905 1906
f 1904 1906 1907
f 1908 1909 1910
f 1908 1910 1911
f 1912 1913 1914
f 1912 1914 1915
f 1916 1917 1918
f 1916 1918 1919
f 1920 1921 1922
f 1920 1922 1923
f 1924 1925 1926
f 1924 1926 1927
f 1928 1929 1930
f 1928 1930 1931
f 1932 1933 1934
f 1932 1934 1935
f 1936 1937 1938
f 1936 1938 1939
f 1940 1941 1942
f 1940 1942 1943
f 1944 1945 1946
f 1944 1946 1947
f 1948 1949 1950
f 1948 1950 1951
f 1952 1953 1954
f 1952 1954 1955
f 1956 1957 1958
f 1956 1958 1959
f 1960 1961 1962
f 1960 1962 1963
f 1964 1965 1966
f 1964 1966 1967
f 1968 1969 1970
f 1968 1970 1971
f 1972 1973 1974
f 1972 1974 1975
f 1976 1977 1978
f 1976 1978 1979
f 1980 1981 1982
f 1980 1982 1983
f 1984 1985 1986
f 1984 1986 1987
f 1988 1989 1990
f 1988 1990 1991
f 1992 1993 1994
f 1992 1994 1995
f 1996 1997 1998
f 1996 1998 1999
f 2000 2001 2002
f 2000 2002 2003
f 2004 2005 2006
f 2004 2006 2007
f 2008 2009 2010
f 2008 2010 2011
f 2012 2013 2014
f 2012 2014 2015
f 2016 2017 2018
f 2016 2018 2019
f 2020 2021 2022
f 2020 2022 2023
f 2024 2025 2026
f 2024 2026 2027
f 2028 2029 2030
f 2028 2030 2031
f 2032 2033 2034
f 2032 2034 2035
f 2036 2037 2038
f 2036 2038 2039
f 2040 2041 2042
f 2040 2042 2043
f 2044 2045 2046
f 2044 2046 2047
f 2048 2049 2050
f 2048 2050 2051
f 1845 2052 1846
f 2053 2054 2055
f 2056 2057 2058
f 2056 2058 2059
f 2060 2061 2062
f 2060 2062 2063
f 2064 2065 2066
f 2064 2066 2067
f 2068 2069 2070
f 2068 2070 2071
f 2072 2073 2074
f 2072 2074 2075
f 2076 2077 2078
f 2076 2078 2079
f 2080 2081 2082
f 2080 2082 2083
f 2084 2085 2086
f 2084 2086 2087
f 2088 2089 2090
f 2088 2090 2091
f 2092 2093 2094
f 2092 2094 2095
f 2096 2097 2098
f 2096 2098 2099
f 2100 2101 2102
f 2100 2102 2103
f 2104 2105 2106
f 2104 2106 2107
f 2108 2109 2110
f 2108 2110 2111
f 2112 2113 2114
f 2112 2114 2115
f 2116 2117 2118
f 2116 2118 2119
f 2120 2121 2122
f 2120 2122 2123
f 2124 2125 2126
f 2124 2126 2127
f 2128 2129 2130
f 2128 2130 2131
f 2132 2133 2134
f 2132 2134 2135
f 2136 2137 2138
f 2136 2138 2139
f 2140 2141 2142
f 2140 2142 2143
f 2144 2145 2146
f 2144 2146 2147
f 2148 2149 2150
f 2148 2150 2151
f 2152 2153 2154
f 2152 2154 2155
f 2156 2157 2158
f 2156 2158 2159
f 2160 2161 2162
f 2160 2162 2163
f 2164 2165 2166
f 2164 2166 2167
f 2168 2169 2170
f 2168 2170 2171
f 2172 2173 2174
f 2172 2174 2175
f 2176 2177 2178
f 2176 2178 2179
f 2180 2181 2182
f 2180 2182 2183
f 2184 2185 2186
f 2184 2186 2187
f 2188 2189 2190
f 2188 2190 2191
f 2192 2193 2194
f 2192 2194 2195
f 2196 2197 2198
f 2196 2198 2199
f 2200 2201 2202
f 2200 2202 2203
f 2204 2205 2206
f 2204 2206 2207
f 2208 2209 2210
f 2208 2210 2211
f 2212 2213 2214
f 2212 2214 2215
f 2216 2217 2218
f 2216 2218 2219
f 2220 2221 2222
f 2220 2222 2223
f 2224 2225 2226
f 2224 2226 2227
f 2228 2229 2230
f 2228 2230 2231
f 2232 2233 2234
f 2232 2234 2235
f 2236 2237 2238
f 2236 2238 2239
f 2240 2241 2242
f 2240 2242 2243
f 2244 2245 2246
f 2244 2246 2247
f 2248 2249 2250
f 2248 2250 2251
f 2252 2253 2254
f 2252 2254 2255
f 2256 2257 2258
f 2256 2258 2259
f 2053 2260 2054
f 2261 2262 2263
f 2264 2265 2266
f 2264 2266 2267
f 2268 2269 2270
f 2268 2270 2271
f 2272 2273 2274
f 2272 2274 2275
f 2276 2277 2278
f 2276 2278 2279
f 2280 2281 2282
f 2280 2282 2283
f 2284 2285 2286
f 2284 2286 2287
f 2288 2289 2290
f 2288 2290 2291
f 2292 2293 2294
f 2292 2294 2295
f 2296 2297 2298
f 2296 2298 2299
f 2300 2301 2302
f 2300 2302 2303
f 2304 2305 2306
f 2304 2306 2307
f 2308 2309 2310
f 2308 2310 2311
f 2312 2313 2314
f 2312 2314 2315
f 2316 2317 2318
f 2316 2318 2319
f 2320 2321 2322
f 2320 2322 2323
f 2324 2325 2326
f 2324 2326 2327
f 2328 2329 2330
f 2328 2330 2331
f 2332 2333 2334
f 2332 2334 2335
f 2336 2337 2338
f 2336 2338 2339
f 2340 2341 2342
f 2340 2342 2343
f 2344 2345 2346
f 2344 2346 2347
f 2348 2349 2350
f 2348 2350 2351
f 2352 2353 2354
f 2352 2354 2355
f 2356 2357 2358
f 2356 2358 2359
f 2360 2361 2362
f 2360 2362 2363
f 2364 2365 2366
f 2364 2366 2367
f 2368 2369 2370
f 2368 2370 2371
f 2372 2373 2374
f 2372 2374 2375
f 2376 2377 2378
f 2376 2378 2379
f 2380 2381 2382
f 2380 2382 2383
f 2384 2385 2386
f 2384 2386 2387
f 2388 2389 2390
f 2388 2390 2391
f 2392 2393 2394
f 2392 2394 2395
f 2396 2397 2398
f 2396 2398 2399
f 2400 2401 2402
f 2400 2402 2403
f 2404 2405 2406
f 2404 2406 2407
f 2408 2409 2410
f 2408 2410 2411
f 2412 2413 2414
f 2412 2414 2415
f 2416 2417 2418
f 2416 2418 2419
f 2420 2421 2422
f 2420 2422 2423
f 2424 2425 2426
f 2424 2426 2427
f 2428 2429 2430
f 2428 2430 2431
f 2432 2433 2434
f 2432 2434 2435
f 2436 2437 2438
f 2436 2438 2439
f 2440 2441 2442
f 2440 2442 2443
f 2444 2445 2446
f 2444 2446 2447
f 2448 2449 2450
f 2448 2450 2451
f 2452 2453 2454
f 2452 2454 2455
f 2456 2457 2458
f 2456 2458 2459
f 2460 2461 2462
f 2460 2462 2463
f 2464 2465 2466
f 2464 2466 2467
f 2261 2468 2262
f 2469 2470 2471
f 2472 2473 2474
f 2472 2474 2475
f 2476 2477 2478
f 2476 2478 2479
f 2480 2481 2482
f 2480 2482 2483
f 2484 2485 2486
f 2484 2486 2487
f 2488 2489 2490
f 2488 2490 2491
f 2492 2493 2494
f 2492 2494 2495
f 2496 2497 2498
f 2496 2498 2499
f 2500 2501 2502
f 2500 2502 2503
f 2504 2505 2506
f 2504 2506 2507
f 2508 2509 2510
f 2508 2510 2511
f 2512 2513 2514
f 2512 2514 2515
f 2516 2517 2518
f 2516 2518 2519
f 2520 2521 2522
f 2520 2522 2523
f 2524 2525 2526
f 2524 2526 2527
f 2528 2529 2530
f 2528 2530 2531
f 2532 2533 2534
f 2532 2534 2535
f 2536 2537 2538
f 2536 2538 2539
f 2540 2541 2542
f 2540 2542 2543
f 2544 2545 2546
f 2544 2546 2547
f 2548 2549 2550
f 2548 2550 2551
f 2552 2553 2554
f 2552 2554 2555
f 2556 2557 2558
f 2556 2558 2559
f 2560 2561 2562
f 2560 2562 2563
f 2564 2565 2566
f 2564 2566 2567
f 2568 2569 2570
f 2568 2570 2571
f 2572 2573 2574
f 2572 2574 2575
f 2576 2577 2578
f 2576 2578 2579
f 2580 2581 2582
f 2580 2582 2583
f 2584 2585 2586
f 2584 2586 2587
f 2588 2589 2590
f 2588 2590 2591
f 2592 2593 2594
f 2592 2594 2595
f 2596 2597 2598
f 2596 2598 2599
f 2600 2601 2602
f 2600 2602 2603
f 2604 2605 2606
f 2604 2606 2607
f 2608 2609 2610
f 2608 2610 2611
f 2612 2613 2614
f 2612 2614 2615
f 2616 2617 2618
f 2616 2618 2619
f 2620 2621 2622
f 2620 2622 2623
f 2624 2625 2626
f 2624 2626 2627
f 2628 2629 2630
f 2628 2630 2631
f 2632 2633 2634
f 2632 2634 2635
f 2636 2637 2638
f 2636 2638 2639
f 2640 2641 2642
f 2640 2642 2643
f 2644 2645 2646
f 2644 2646 2647
f 2648 2649 2650
f 2648 2650 2651
f 2652 2653 2654
f 2652 2654 2655
f 2656 2657 2658
f 2656 2658 2659
f 2660 2661 2662
f 2660 2662 2663
f 2664 2665 2666
f 2664 2666 2667
f 2668 2669 2670
f 2668 2670 2671
f 2672 2673 2674
f 2672 2674 2675
f 2469 2676 2470
f 2677 2678 2679
f 2680 2681 2682
f 2680 2682 2683
f 2684 2685 2686
f 2684 2686 2687
f 2688 2689 2690
f 2688 2690 2691
f 2692 2693 2694
f 2692 2694 2695
f 2696 2697 2698
f 2696 2698 2699
f 2700 2701 2702
f 2700 2702 2703
f 2704 2705 2706
f 2704 2706 2707
f 2708 2709 2710
f 2708 2710 2711
f 2712 2713 2714
f 2712 2714 2715
f 2716 2717 2718
f 2716 2718 2719
f 2720 2721 2722
f 2720 2722 2723
f 2724 2725 2726
f 2724 2726 2727
f 2728 2729 2730
f 2728 2730 2731
f 2732 2733 2734
f 2732 2734 2735
f 2736 2737 2738
f 2736 2738 2739
f 2740 2741 2742
f 2740 2742 2743
f 2744 2745 2746
f 2744 2746 2747
f 2748 2749 2750
f 2748 2750 2751
f 2752 2753 2754
f 2752 2754 2755
f 2756 2757 2758
f 2756 2758 2759
f 2760 2761 2762
f 2760 2762 2763
f 2764 2765 2766
f 2764 2766 2767
f 2768 2769 2770
f 2768 2770 2771
f 2772 2773 2774
f 2772 2774 2775
f 2776 2777 2778
f 2776 2778 2779
f 2780 2781 2782
f 2780 2782 2783
f 2784 2785 2786
f 2784 2786 2787
f 2788 2789 2790
f 2788 2790 2791
f 2792 2793 2794
f 2792 2794 2795
f 2796 2797 2798
f 2796 2798 2799
f 2800 2801 2802
f 2800 2802 2803
f 2804 2805 2806
f 2804 2806 2807
f 2808 2809 2810
f 2808 2810 2811
f 2812 2813 2814
f 2812 2814 2815
f 2816 2817 2818
f 2816 2818 2819
f 2820 2821 2822
f 2820 2822 2823
f 2824 2825 2826
f 2824 2826 2827
f 2828 2829 2830
f 2828 2830 2831
f 2832 2833 2834
f 2832 2834 2835
f 2836 2837 2838
f 2836 2838 2839
f 2840 2841 2842
f 2840 2842 2843
f 2844 2845 2846
f 2844 2846 2847
f 2848 2849 2850
f 2848 2850 2851
f 2852 2853 2854
f 2852 2854 2855
f 2856 2857 2858
f 2856 2858 2859
f 2860 2861 2862
f 2860 2862 2863
f 2864 2865 2866
f 2864 2866 2867
f 2868 2869 2870
f 2868 2870 2871
f 2872 2873 2874
f 2872 2874 2875
f 2876 2877 2878
f 2876 2878 2879
f 2880 2881 2882
f 2880 2882 2883
f 2677 2884 2678
f 2885 2886 2887
f 2888 2889 2890
f 2890 2889 2891
f 2890 2891 2886
f 2886 2891 2892
f 2886 2892 2887
f 2893 2894 2888
f 2888 2894 2895
f 2888 2895 2889
f 2896 2897 2898
f 2898 2897 2899
f 2898 2899 2900
f 2901 2902 2896
f 2896 2902 2903
f 2896 2903 2897
f 2904 2905 2906
f 2906 2905 2907
f 2906 2907 2908
f 2909 2910 2904
f 2904 2910 2911
f 2904 2911 2905
f 2912 2913 2914
f 2914 2913 2915
f 2914 2915 2916
f 2917 2918 2919
f 2919 2918 2920
f 2919 2920 2921
f 2922 2923 2917
f 2917 2923 2924
f 2917 2924 2918
f 2925 2926 2922
f 2922 2926 2927
f 2922 2927 2923
f 2899 2928 2900
f 2900 2928 2929
f 2900 2929 2925
f 2925 2929 2930
f 2925 2930 2926
f 2931 2932 2901
f 2901 2932 2933
f 2901 2933 2902
f 2907 2934 2908
f 2908 2934 2935
f 2908 2935 2931
f 2931 2935 2936
f 2931 2936 2932
f 2937 2938 2909
f 2909 2938 2939
f 2909 2939 2910
f 2940 2941 2942
f 2942 2941 2943
f 2942 2943 2944
f 2945 2946 2940
f 2940 2946 2947
f 2940 2947 2941
f 2887 2948 2885
f 2885 2948 2949
f 2885 2949 2945
f 2945 2949 2950
f 2945 2950 2946
f 2951 2952 2893
f 2893 2952 2953
f 2893 2953 2894
f 2915 2954 2916
f 2916 2954 2955
f 2916 2955 2951
f 2951 2955 2956
f 2951 2956 2952
f 2920 2957 2921
f 2921 2957 2958
f 2921 2958 2959
f 2959 2958 2960
f 2959 2960 2961
f 2961 2960 2962
f 2961 2962 2912
f 2912 2962 2963
f 2912 2963 2913
f 2943 2964 2944
f 2944 2964 2965
f 2944 2965 2937
f 2937 2965 2966
f 2937 2966 2938
f 2967 2968 2969
f 2970 2971 2972
f 2973 2974 2971
f 2971 2974 2975
f 2971 2975 2972
f 2976 2977 2978
f 2978 2977 2979
f 2978 2979 2973
f 2973 2979 2980
f 2973 2980 2974
f 2969 2981 2967
f 2967 2981 2982
f 2967 2982 2983
f 2984 2985 2986
f 2986 2985 2987
f 2986 2987 2988
f 2989 2990 2984
f 2984 2990 2991
f 2984 2991 2985
f 2992 2993 2994
f 2994 2993 2995
f 2994 2995 2996
f 2997 2998 2992
f 2992 2998 2999
f 2992 2999 2993
f 2987 3000 2988
f 2988 3000 3001
f 2988 3001 2968
f 2968 3001 3002
f 2968 3002 2969
f 3003 3004 2989
f 2989 3004 3005
f 2989 3005 2990
f 2995 3006 2996
f 2996 3006 3007
f 2996 3007 3003
f 3003 3007 3008
f 3003 3008 3004
f 3009 3010 2976
f 2976 3010 3011
f 2976 3011 2977
f 3012 3013 2997
f 2997 3013 3014
f 2997 3014 2998
f 3015 3016 3012
f 3012 3016 3017
f 3012 3017 3013
f 3018 3019 3020
f 3020 3019 3021
f 3020 3021 3015
f 3015 3021 3022
f 3015 3022 3016
f 3023 3024 3009
f 3009 3024 3025
f 3009 3025 3010
f 3026 3027 3023
f 3023 3027 3028
f 3023 3028 3024
f 2982 3029 2983
f 2983 3029 3030
f 2983 3030 3031
f 3031 3030 3032
f 3031 3032 3026
f 3026 3032 3033
f 3026 3033 3027
f 3034 3035 3018
f 3018 3035 3036
f 3018 3036 3019
f 3037 3038 3034
f 3034 3038 3039
f 3034 3039 3035
f 3040 3041 3042
f 3042 3041 3043
f 3042 3043 3037
f 3037 3043 3044
f 3037 3044 3038
f 2972 3045 2970
f 2970 3045 3046
f 2970 3046 3040
f 3040 3046 3047
f 3040 3047 3041
f 3048 3049 3050
f 3051 3052 3053
f 3054 3055 3056
f 3057 3058 3059
f 3060 3061 3062
f 3062 3061 3063
f 3064 3065 3066
f 3066 3065 3067
f 3068 3069 3070
f 3070 3069 3071
f 3072 3073 3074
f 3074 3073 3075
f 3076 3077 3078
f 3078 3077 3079
f 3080 3081 3082
f 3082 3081 3083
f 3084 3085 3086
f 3086 3085 3087
f 3088 3089 3090
f 3090 3089 3091
f 3092 3093 3094
f 3094 3093 3095
f 3096 3097 3098
f 3098 3097 3099
f 3100 3101 3102
f 3102 3101 3103
f 3104 3105 3106
f 3106 3105 3107
f 3108 3109 3110
f 3110 3109 3111
f 3112 3113 3114
f 3114 3113 3115
f 3116 3117 3118
f 3118 3117 3119
f 3120 3121 3122
f 3122 3121 3123
f 3124 3125 3126
f 3126 3125 3127
f 3128 3129 3130
f 3130 3129 3131
f 3132 3133 3134
f 3134 3133 3135
f 3136 3137 3138
f 3138 3137 3139
f 3140 3141 3142
f 3142 3141 3143
f 3144 3145 3146
f 3146 3145 3147
f 3148 3149 3150
f 3150 3149 3151
f 3152 3153 3154
f 3154 3153 3155
f 3156 3157 3158
f 3158 3157 3159
f 3160 3161 3162
f 3162 3161 3163
f 3164 3165 3166
f 3166 3165 3167
f 3168 3048 3050
f 3169 3170 3171
f 3172 3173 3174
f 3175 3176 3177
f 3178 3179 3180
f 3181 3182 3183
f 3184 3185 3186
f 3187 3188 3189
f 3190 3191 3192
f 3193 3194 3195
f 3196 3197 3198
f 3199 3200 3201
f 3202 3203 3204
f 3205 3206 3207
f 3208 3209 3210
f 3211 3212 3213
f 3214 3215 3216
f 3217 3218 3219
f 3220 3221 3222
f 3223 3224 3225
f 3225 3224 3226
f 3227 3228 3229
f 3229 3228 3230
f 3231 3232 3233
f 3233 3232 3234
f 3235 3236 3237
f 3237 3236 3238
f 3239 3240 3241
f 3241 3240 3242
f 3243 3244 3245
f 3245 3244 3246
f 3247 3248 3249
f 3249 3248 3250
f 3251 3252 3253
f 3253 3252 3254
f 3255 3256 3257
f 3257 3256 3258
f 3259 3260 3261
f 3261 3260 3262
f 3263 3264 3265
f 3265 3264 3266
f 3267 3268 3269
f 3269 3268 3270
f 3271 3272 3273
f 3273 3272 3274
f 3275 3276 3277
f 3277 3276 3278
f 3279 3280 3281
f 3281 3280 3282
f 3283 3284 3285
f 3285 3284 3286
f 3287 3288 3289
f 3289 3288 3290
f 3291 3292 3293
f 3293 3292 3294
f 3295 3296 3297
f 3297 3296 3298
f 3299 3300 3301
f 3301 3300 3302
f 3303 3304 3305
f 3305 3304 3306
f 3307 3308 3309
f 3309 3308 3310
f 3311 3312 3313
f 3313 3312 3314
f 3315 3316 3317
f 3317 3316 3318
f 3319 3320 3321
f 3321 3320 3322
f 3323 3324 3325
f 3325 3324 3326
f 3327 3328 3329
f 3329 3328 3330
f 3331 3332 3333
f 3333 3332 3334
f 3335 3336 3337
f 3337 3336 3338
f 3339 3340 3341
f 3341 3340 3342
f 3343 3344 3345
f 3345 3344 3346
f 3347 3348 3349
f 3349 3348 3350
f 3351 3352 3353
f 3353 3352 3354
f 3355 3356 3357
f 3357 3356 3358
f 3359 3360 3361
f 3361 3360 3362
f 3363 3364 3365
f 3365 3364 3366
f 3367 3368 3369
f 3369 3368 3370
f 3371 3372 3373
f 3373 3372 3374
f 3375 3376 3377
f 3377 3376 3378
f 3379 3380 3381
f 3381 3380 3382
f 3383 3384 3385
f 3385 3384 3386
f 3387 3388 3389
f 3389 3388 3390
f 3391 3392 3393
f 3393 3392 3394
f 3395 3396 3397
f 3397 3396 3398
f 3399 3400 3401
f 3401 3400 3402
f 3403 3404 3405
f 3405 3404 3406
f 3407 3408 3409
f 3409 3408 3410
f 3411 3412 3413
f 3413 3412 3414
f 3415 3416 3417
f 3417 3416 3418
f 3419 3420 3421
f 3421 3420 3422
f 3423 3424 3425
f 3425 3424 3426
f 3427 3428 3429
f 3429 3428 3430
f 3431 3432 3433
f 3433 3432 3434
f 3435 3436 3437
f 3437 3436 3438
f 3439 3440 3441
f 3442 3443 3444
f 3445 3446 3447
f 3447 3446 3448
f 3447 3448 3449
f 3450 3451 3452
f 3453 3454 3455
f 3456 3457 3458
f 3459 3460 3461
f 3461 3460 3462
f 3463 3464 3465
f 3465 3464 3466
f 3465 3466 3467
f 3462 3460 3468
f 3468 3460 3469
f 3468 3469 3470
f 3471 3472 3473
f 3473 3472 3474
f 3473 3474 3475
f 3476 3477 3478
f 3477 3479 3478
f 3478 3479 3480
f 3478 3480 3481
f 3481 3480 3482
f 3481 3482 3483
f 3484 3485 3486
f 3484 3486 3487
f 3455 3454 3488
f 3453 3455 3483
f 3483 3455 3489
f 3483 3489 3481
f 3452 3451 3490
f 3451 3491 3490
f 3490 3491 3492
f 3490 3492 3493
f 3494 3495 3496
f 3496 3495 3497
f 3496 3497 3498
f 3499 3500 3444
f 3501 3502 3503
f 3503 3502 3504
f 3503 3504 3494
f 3494 3504 3505
f 3494 3505 3495
f 3506 3507 3508
f 3509 3510 3511
f 3511 3510 3512
f 3511 3512 3513
f 3507 3514 3508
f 3508 3514 3515
f 3508 3515 3509
f 3509 3515 3516
f 3509 3516 3510
f 3517 3518 3519
f 3519 3518 3520
f 3519 3520 3521
f 3521 3520 3522
f 3521 3522 3523
f 3523 3522 3524
f 3523 3524 3525
f 3525 3524 3526
f 3525 3526 3527
f 3527 3526 3528
f 3529 3530 3489
f 3489 3530 3531
f 3531 3532 3489
f 3489 3532 3533
f 3489 3533 3445
f 3445 3533 3534
f 3445 3534 3446
f 3529 3489 3535
f 3535 3489 3455
f 3535 3455 3536
f 3536 3455 3488
f 3536 3488 3537
f 3538 3539 3540
f 3540 3539 3541
f 3540 3541 3488
f 3488 3541 3542
f 3488 3542 3537
f 3543 3544 3474
f 3474 3544 3545
f 3474 3545 3546
f 3547 3548 3549
f 3549 3548 3550
f 3550 3551 3549
f 3549 3551 3552
f 3549 3552 3474
f 3474 3552 3553
f 3474 3553 3543
f 3501 3499 3502
f 3502 3499 3444
f 3502 3444 3554
f 3554 3444 3443
f 3554 3443 3555
f 3556 3557 3540
f 3540 3557 3558
f 3540 3558 3538
f 3500 3450 3444
f 3444 3450 3452
f 3444 3452 3442
f 3442 3452 3557
f 3442 3557 3559
f 3559 3557 3556
f 3545 3560 3546
f 3546 3560 3561
f 3546 3561 3562
f 3562 3561 3563
f 3562 3563 3540
f 3540 3563 3564
f 3540 3564 3556
f 3565 3566 3567
f 3568 3569 3567
f 3567 3569 3570
f 3567 3570 3565
f 3565 3571 3566
f 3566 3571 3572
f 3566 3572 3573
f 3573 3572 3574
f 3573 3574 3575
f 3575 3574 3576
f 3577 3578 3478
f 3478 3578 3458
f 3478 3458 3476
f 3476 3458 3457
f 3578 3579 3458
f 3458 3579 3580
f 3458 3580 3581
f 3581 3580 3582
f 3581 3582 3576
f 3576 3582 3583
f 3576 3583 3575
f 3568 3567 3584
f 3584 3567 3585
f 3584 3585 3586
f 3586 3585 3587
f 3586 3587 3588
f 3588 3587 3589
f 3588 3589 3590
f 3591 3592 3593
f 3593 3592 3594
f 3593 3594 3595
f 3596 3597 3598
f 3598 3597 3599
f 3598 3599 3600
f 3600 3599 3595
f 3600 3595 3601
f 3601 3595 3594
f 3596 3602 3603
f 3603 3602 3604
f 3603 3604 3605
f 3605 3604 3606
f 3607 3460 3608
f 3608 3460 3459
f 3608 3459 3609
f 3593 3610 3591
f 3591 3610 3611
f 3591 3611 3612
f 3612 3611 3613
f 3612 3613 3608
f 3608 3613 3614
f 3608 3614 3607
f 3615 3616 3617
f 3617 3616 3618
f 3615 3617 3619
f 3619 3617 3620
f 3619 3620 3621
f 3622 3623 3624
f 3624 3623 3625
f 3624 3625 3620
f 3620 3625 3626
f 3620 3626 3621
f 3627 3628 3612
f 3612 3628 3591
f 3591 3628 3629
f 3591 3629 3622
f 3622 3629 3630
f 3622 3630 3623
f 3631 3632 3633
f 3633 3632 3618
f 3633 3618 3634
f 3634 3618 3616
f 3635 3484 3636
f 3487 3637 3484
f 3484 3637 3638
f 3484 3638 3636
f 3440 3439 3632
f 3632 3439 3639
f 3632 3639 3618
f 3639 3640 3618
f 3618 3640 3641
f 3618 3641 3617
f 3617 3641 3642
f 3617 3642 3487
f 3487 3642 3643
f 3487 3643 3637
f 3636 3644 3635
f 3635 3644 3645
f 3635 3645 3646
f 3609 3463 3608
f 3608 3463 3465
f 3608 3465 3647
f 3647 3465 3646
f 3647 3646 3648
f 3648 3646 3645
f 3445 3649 3650
f 3651 3652 3653
f 3653 3652 3654
f 3653 3654 3655
f 3655 3654 3656
f 3655 3656 3657
f 3658 3659 3489
f 3489 3659 3660
f 3650 3661 3445
f 3445 3661 3662
f 3445 3662 3489
f 3489 3662 3663
f 3489 3663 3658
f 3664 3665 3652
f 3666 3667 3664
f 3664 3667 3668
f 3664 3668 3665
f 3666 3664 3669
f 3669 3664 3670
f 3669 3670 3671
f 3671 3670 3672
f 3672 3670 3490
f 3672 3490 3497
f 3497 3490 3493
f 3497 3493 3498
f 3673 3674 3554
f 3674 3675 3554
f 3554 3675 3676
f 3554 3676 3502
f 3677 3678 3679
f 3679 3678 3680
f 3679 3680 3681
f 3681 3680 3673
f 3681 3673 3682
f 3682 3673 3554
f 3682 3554 3683
f 3683 3554 3555
f 3677 3511 3517
f 3517 3511 3513
f 3517 3513 3518
f 3602 3684 3604
f 3604 3684 3685
f 3604 3685 3528
f 3528 3685 3686
f 3528 3686 3527
f 3596 3598 3602
f 3602 3598 3687
f 3602 3687 3688
f 3688 3689 3602
f 3602 3689 3690
f 3602 3690 3684
f 3590 3577 3588
f 3588 3577 3478
f 3588 3478 3691
f 3691 3478 3481
f 3691 3481 3692
f 3692 3481 3489
f 3692 3489 3693
f 3693 3489 3660
f 3693 3660 3694
f 3694 3660 3657
f 3694 3657 3695
f 3695 3657 3656
f 3576 3620 3581
f 3581 3620 3617
f 3581 3617 3458
f 3458 3617 3487
f 3458 3487 3456
f 3456 3487 3486
f 3631 3627 3632
f 3632 3627 3612
f 3632 3612 3440
f 3440 3612 3608
f 3440 3608 3441
f 3441 3608 3647
f 3475 3474 3467
f 3467 3474 3546
f 3467 3546 3465
f 3465 3546 3562
f 3465 3562 3646
f 3646 3562 3540
f 3646 3540 3635
f 3635 3540 3488
f 3635 3488 3484
f 3484 3488 3454
f 3484 3454 3485
f 3607 3696 3460
f 3460 3696 3606
f 3460 3606 3469
f 3469 3606 3604
f 3469 3604 3470
f 3470 3604 3528
f 3470 3528 3508
f 3508 3528 3526
f 3508 3526 3506
f 3506 3526 3524
f 3471 3468 3472
f 3472 3468 3470
f 3472 3470 3474
f 3474 3470 3508
f 3474 3508 3549
f 3549 3508 3509
f 3651 3649 3652
f 3652 3649 3445
f 3652 3445 3664
f 3664 3445 3447
f 3664 3447 3670
f 3670 3447 3449
f 3670 3449 3490
f 3490 3449 3697
f 3490 3697 3452
f 3452 3697 3698
f 3452 3698 3557
f 3557 3698 3699
f 3557 3699 3558
f 3677 3679 3511
f 3511 3679 3681
f 3511 3681 3509
f 3509 3681 3682
f 3509 3682 3549
f 3549 3682 3683
f 3549 3683 3547
f 3700 3701 3702
f 3703 3704 3705
f 3706 3707 3708
f 3709 3710 3711
f 3712 3713 3714
f 3714 3713 3715
f 3714 3715 3716
f 3716 3715 3717
f 3716 3717 3718
f 3719 3720 3721
f 3722 3723 3724
f 3724 3723 3725
f 3719 3726 3727
f 3727 3726 3728
f 3727 3728 3729
f 3729 3728 3709
f 3729 3709 3730
f 3731 3732 3733
f 3734 3735 3736
f 3736 3735 3737
f 3736 3737 3738
f 3738 3737 3739
f 3732 3731 3740
f 3740 3731 3741
f 3740 3741 3742
f 3742 3741 3743
f 3742 3743 3744
f 3745 3746 3747
f 3747 3746 3748
f 3747 3748 3743
f 3743 3748 3749
f 3743 3749 3744
f 3707 3706 3750
f 3750 3706 3751
f 3750 3751 3752
f 3753 3754 3755
f 3755 3754 3756
f 3755 3756 3757
f 3758 3759 3711
f 3759 3760 3711
f 3711 3760 3724
f 3711 3724 3709
f 3709 3724 3725
f 3709 3725 3730
f 3760 3761 3724
f 3724 3761 3762
f 3724 3762 3708
f 3708 3762 3763
f 3708 3763 3706
f 3764 3765 3766
f 3766 3765 3767
f 3766 3767 3768
f 3735 3769 3737
f 3737 3769 3770
f 3737 3770 3764
f 3764 3770 3771
f 3764 3771 3765
f 3772 3773 3774
f 3774 3773 3775
f 3774 3775 3735
f 3735 3775 3776
f 3735 3776 3769
f 3774 3702 3777
f 3777 3778 3774
f 3774 3778 3779
f 3774 3779 3772
f 3772 3779 3780
f 3772 3780 3781
f 3780 3782 3781
f 3781 3782 3783
f 3781 3783 3784
f 3784 3783 3785
f 3786 3787 3788
f 3788 3787 3789
f 3790 3791 3792
f 3792 3791 3793
f 3794 3795 3796
f 3796 3795 3797
f 3796 3797 3711
f 3711 3797 3798
f 3711 3798 3799
f 3756 3800 3757
f 3757 3800 3758
f 3757 3758 3791
f 3791 3758 3711
f 3791 3711 3793
f 3793 3711 3799
f 3801 3787 3802
f 3802 3787 3786
f 3802 3786 3803
f 3803 3786 3804
f 3803 3804 3805
f 3806 3807 3808
f 3806 3808 3809
f 3808 3810 3809
f 3809 3810 3811
f 3809 3811 3812
f 3812 3811 3813
f 3812 3813 3814
f 3814 3813 3815
f 3815 3813 3816
f 3816 3813 3817
f 3816 3817 3818
f 3818 3817 3819
f 3818 3819 3820
f 3820 3819 3821
f 3820 3821 3822
f 3823 3824 3825
f 3825 3824 3826
f 3825 3826 3827
f 3828 3829 3830
f 3830 3829 3806
f 3830 3806 3831
f 3831 3806 3809
f 3832 3833 3834
f 3834 3833 3823
f 3834 3823 3835
f 3835 3823 3825
f 3836 3837 3838
f 3838 3837 3839
f 3838 3839 3820
f 3820 3839 3840
f 3820 3840 3818
f 3841 3842 3843
f 3843 3842 3844
f 3841 3843 3845
f 3845 3843 3846
f 3845 3846 3847
f 3848 3849 3850
f 3848 3850 3851
f 3850 3852 3851
f 3851 3852 3853
f 3851 3853 3854
f 3854 3855 3856
f 3856 3855 3857
f 3856 3857 3847
f 3847 3857 3858
f 3847 3858 3845
f 3859 3860 3796
f 3796 3860 3861
f 3796 3861 3766
f 3710 3862 3711
f 3711 3862 3863
f 3711 3863 3796
f 3796 3863 3864
f 3796 3864 3859
f 3861 3865 3766
f 3766 3865 3866
f 3766 3866 3764
f 3764 3866 3867
f 3764 3867 3868
f 3768 3784 3766
f 3766 3784 3785
f 3766 3785 3796
f 3796 3785 3869
f 3796 3869 3794
f 3794 3869 3804
f 3794 3804 3870
f 3870 3804 3786
f 3833 3871 3836
f 3836 3871 3872
f 3836 3872 3837
f 3837 3872 3873
f 3837 3873 3701
f 3873 3874 3701
f 3701 3874 3875
f 3701 3875 3702
f 3702 3875 3876
f 3702 3876 3777
f 3877 3878 3879
f 3879 3878 3880
f 3879 3880 3881
f 3881 3880 3882
f 3881 3882 3883
f 3883 3882 3884
f 3883 3884 3885
f 3885 3884 3886
f 3885 3886 3887
f 3887 3886 3888
f 3887 3888 3832
f 3832 3888 3889
f 3832 3889 3833
f 3833 3889 3890
f 3833 3890 3871
f 3891 3856 3892
f 3892 3856 3893
f 3892 3893 3894
f 3854 3856 3851
f 3851 3856 3891
f 3851 3891 3826
f 3826 3891 3895
f 3826 3895 3827
f 3896 3897 3750
f 3750 3897 3898
f 3752 3753 3750
f 3750 3753 3755
f 3750 3755 3896
f 3896 3755 3899
f 3703 3705 3900
f 3842 3901 3844
f 3844 3901 3849
f 3844 3849 3902
f 3902 3849 3848
f 3902 3848 3903
f 3903 3848 3851
f 3903 3851 3904
f 3904 3851 3826
f 3904 3826 3828
f 3828 3826 3824
f 3828 3824 3829
f 3905 3906 3701
f 3701 3906 3907
f 3701 3907 3837
f 3837 3907 3908
f 3837 3908 3839
f 3905 3909 3910
f 3910 3909 3911
f 3910 3911 3912
f 3700 3913 3701
f 3701 3913 3914
f 3701 3914 3905
f 3905 3914 3915
f 3905 3915 3909
f 3916 3917 3702
f 3917 3918 3702
f 3702 3918 3919
f 3702 3919 3700
f 3911 3920 3912
f 3912 3920 3921
f 3912 3921 3922
f 3922 3921 3916
f 3922 3916 3923
f 3923 3916 3702
f 3923 3702 3924
f 3924 3702 3774
f 3924 3774 3925
f 3925 3774 3735
f 3925 3735 3747
f 3747 3735 3734
f 3747 3734 3745
f 3926 3743 3927
f 3927 3743 3741
f 3927 3741 3928
f 3928 3741 3929
f 3720 3712 3721
f 3721 3712 3714
f 3721 3714 3731
f 3731 3714 3930
f 3731 3930 3741
f 3741 3930 3931
f 3741 3931 3929
f 3733 3739 3731
f 3731 3739 3737
f 3731 3737 3721
f 3721 3737 3764
f 3721 3764 3719
f 3719 3764 3868
f 3719 3868 3726
f 3718 3722 3716
f 3716 3722 3724
f 3716 3724 3932
f 3932 3724 3708
f 3932 3708 3933
f 3933 3708 3707
f 3933 3707 3934
f 3934 3707 3750
f 3934 3750 3935
f 3935 3750 3898
f 3790 3789 3791
f 3791 3789 3787
f 3791 3787 3757
f 3757 3787 3936
f 3757 3936 3755
f 3755 3936 3705
f 3755 3705 3899
f 3899 3705 3704
f 3801 3894 3787
f 3787 3894 3893
f 3787 3893 3936
f 3936 3893 3856
f 3936 3856 3705
f 3705 3856 3847
f 3705 3847 3900
f 3900 3847 3846
f 3937 3938 3939
f 3939 3938 3940
f 3939 3940 3941
f 3941 3940 3942
f 3941 3942 3943
f 3944 3945 3946
f 3946 3945 3947
f 3948 3949 3950
f 3950 3949 3951
f 3952 3953 3954
f 3954 3953 3955
f 3956 3957 3958
f 3958 3957 3959
f 3960 3961 3962
f 3962 3961 3963
f 3964 3965 3966
f 3966 3965 3967
f 3968 3969 3970
f 3970 3969 3971
f 3972 3973 3974
f 3974 3973 3975
f 3976 3977 3978
f 3978 3977 3979
f 3980 3981 3982
f 3982 3981 3983
f 3984 3985 3986
f 3986 3985 3987
f 3988 3989 3990
f 3990 3989 3991
f 3992 3993 3994
f 3994 3993 3995
f 3996 3997 3998
f 3998 3997 3999
f 4000 4001 4002
f 4002 4001 4003
f 4004 4005 4006
f 4004 4006 4007
f 4008 4009 4010
f 4008 4010 4011
f 4012 4013 4014
f 4012 4014 4015
f 4016 4017 4018
f 4016 4018 4019
f 4020 4021 4022
f 4020 4022 4023
f 4024 4025 4026
f 4024 4026 4027
f 4028 4029 4030
f 4028 4030 4031
f 4032 4033 4034
f 4032 4034 4035
f 4036 4037 4038
f 4036 4038 4039
f 4040 4041 4042
f 4040 4042 4043
f 4044 4045 4046
f 4044 4046 4047
f 4048 4049 4050
f 4048 4050 4051
f 4052 4053 4054
f 4054 4053 4055
f 4056 4057 4058
f 4058 4057 4059
f 4060 4061 4062
f 4062 4061 4063
f 4064 4065 4066
f 4066 4065 4067
f 4068 4069 4070
f 4070 4069 4071
f 4072 4073 4074
f 4074 4073 4075
f 4076 4077 4078
f 4078 4077 4079
f 4080 4081 4082
f 4082 4081 4083
f 4084 4085 4086
f 4086 4085 4087
f 4088 4089 4090
f 4090 4089 4091
f 4092 4093 4094
f 4094 4093 4095
f 4096 4097 4098
f 4098 4097 4099
f 4100 4101 4102
f 4102 4101 4103
f 4104 4105 4106
f 4106 4105 4107
f 4108 4109 4110
f 4110 4109 4111
f 4112 4113 4114
f 4112 4114 4115
f 4116 4117 4118
f 4116 4118 4119
f 4120 4121 4122
f 4120 4122 4123
f 4124 4125 4126
f 4124 4126 4127
f 4128 4129 4130
f 4128 4130 4131
f 4132 4133 4134
f 4132 4134 4135
f 4136 4137 4138
f 4136 4138 4139
f 4140 4141 4142
f 4140 4142 4143
f 4144 4145 4146
f 4144 4146 4147
f 4148 4149 4150
f 4148 4150 4151
f 4152 4153 4154
f 4152 4154 4155
f 4156 4157 4158
f 4156 4158 4159
f 4160 4161 4162
f 4162 4161 4163
f 4164 4165 4166
f 4166 4165 4167
f 4167 4165 4168
f 4167 4168 4169
f 4168 4170 4169
f 4169 4170 4171
f 4169 4171 4172
f 4172 4171 4173
f 4172 4173 4174
f 4175 4176 4177
f 4177 4176 4178
f 4177 4178 4179
f 4179 4178 4174
f 4179 4174 4180
f 4180 4174 4173
f 4181 4182 4183
f 4183 4182 4184
f 4183 4184 4175
f 4175 4184 4185
f 4175 4185 4176
f 4186 4187 4188
f 4188 4187 4189
f 4188 4189 4181
f 4181 4189 4190
f 4181 4190 4182
f 4166 4191 4164
f 4164 4191 4192
f 4164 4192 4193
f 4193 4192 4194
f 4193 4194 4186
f 4186 4194 4195
f 4186 4195 4187
f 4196 4197 4198
f 4198 4197 4199
f 4200 4201 4202
f 4202 4201 4203
f 4202 4203 4204
f 4205 4206 4207
f 4207 4206 4208
f 4207 4208 4209
f 4209 4208 4210
f 4209 4210 4200
f 4200 4210 4211
f 4200 4211 4201
f 4212 4213 4214
f 4214 4213 4215
f 4214 4215 4216
f 4216 4215 4217
f 4216 4217 4218
f 4219 4220 4214
f 4214 4220 4221
f 4214 4221 4212
f 4203 4222 4204
f 4204 4222 4223
f 4204 4223 4224
f 4224 4223 4225
f 4224 4225 4226
f 4207 4227 4205
f 4205 4227 4228
f 4205 4228 4229
f 4229 4228 4216
f 4229 4216 4230
f 4230 4216 4218
f 4230 4218 4231
f 4225 4232 4226
f 4226 4232 4233
f 4226 4233 4234
f 4234 4233 4235
f 4234 4235 4236
f 4236 4235 4237
f 4236 4237 4238
f 4238 4237 4239
f 4238 4239 4219
f 4219 4239 4240
f 4219 4240 4220
f 4241 4242 4243
f 4244 4245 4246
f 4246 4245 4247
f 4246 4247 4248
f 4244 4249 4245
f 4245 4249 4250
f 4245 4250 4251
f 4252 4253 4254
f 4255 4241 4256
f 4256 4241 4243
f 4256 4243 4257
f 4257 4243 4258
f 4259 4250 4260
f 4260 4250 4241
f 4254 4253 4261
f 4261 4253 4262
f 4261 4262 4255
f 4255 4262 4263
f 4255 4263 4241
f 4241 4263 4264
f 4241 4264 4260
f 4254 4265 4252
f 4252 4265 4266
f 4252 4266 4267
f 4267 4266 4268
f 4267 4268 4269
f 4268 4270 4269
f 4269 4270 4271
f 4269 4271 4272
f 4272 4271 4273
f 4272 4273 4274
f 4259 4275 4250
f 4250 4275 4276
f 4250 4276 4251
f 4251 4276 4277
f 4251 4277 4278
f 4278 4277 4279
f 4278 4279 4280
f 4280 4279 4274
f 4280 4274 4281
f 4281 4274 4273
f 4282 4283 4284
f 4284 4283 4285
f 4286 4287 4288
f 4288 4287 4289
f 4289 4287 4290
f 4289 4290 4291
f 4288 4292 4286
f 4286 4292 4293
f 4286 4293 4294
f 4294 4293 4295
f 4294 4295 4296
f 4295 4297 4296
f 4296 4297 4298
f 4296 4298 4299
f 4299 4298 4300
f 4299 4300 4301
f 4301 4300 4302
f 4303 4304 4305
f 4305 4304 4306
f 4305 4306 4302
f 4302 4306 4307
f 4302 4307 4301
f 4308 4309 4310
f 4310 4309 4311
f 4310 4311 4303
f 4303 4311 4312
f 4303 4312 4304
f 4290 4313 4291
f 4291 4313 4314
f 4291 4314 4315
f 4315 4314 4316
f 4315 4316 4308
f 4308 4316 4317
f 4308 4317 4309
f 4318 4319 4320
f 4320 4319 4321
f 4322 4323 4324
f 4325 4326 4327
f 4325 4327 4324
f 4324 4327 4328
f 4324 4328 4322
f 4329 4330 4331
f 4331 4330 4332
f 4331 4332 4333
f 4333 4332 4334
f 4333 4334 4335
f 4335 4334 4336
f 4337 4338 4339
f 4339 4338 4340
f 4339 4340 4341
f 4341 4340 4342
f 4341 4342 4343
f 4343 4342 4344
f 4343 4344 4345
f 4345 4344 4335
f 4345 4335 4346
f 4346 4335 4336
f 4347 4348 4349
f 4349 4348 4350
f 4351 4352 4353
f 4353 4352 4354
f 4355 4356 4357
f 4357 4356 4358
f 4359 4360 4361
f 4361 4360 4362
f 4363 4364 4365
f 4365 4364 4366
f 4367 4368 4369
f 4369 4368 4370
f 4371 4372 4373
f 4373 4372 4374
f 4375 4376 4377
f 4377 4376 4378
f 4379 4380 4381
f 4381 4380 4382
f 4383 4384 4385
f 4385 4384 4386
f 4387 4388 4389
f 4389 4388 4390
f 4391 4392 4393
f 4393 4392 4394
f 4395 4396 4397
f 4397 4396 4398
f 4399 4400 4401
f 4401 4400 4402
f 4403 4404 4405
f 4405 4404 4406
f 4407 4408 4409
f 4409 4408 4410
f 4411 4412 4413
f 4413 4412 4414
f 4415 4416 4417
f 4417 4416 4418
f 4419 4420 4421
f 4421 4420 4422
f 4423 4424 4425
f 4425 4424 4426
f 4427 4428 4429
f 4429 4428 4430
f 4431 4432 4433
f 4433 4432 4434
f 4435 4436 4437
f 4437 4436 4438
f 4439 4440 4441
f 4441 4440 4442
f 4443 4444 4445
f 4445 4444 4446
f 4447 4448 4449
f 4449 4448 4450
f 4451 4452 4453
f 4453 4452 4454
f 4455 4456 4457
f 4457 4456 4458
f 4459 4460 4461
f 4461 4460 4462
f 4463 4464 4465
f 4465 4464 4466
f 4467 4468 4469
f 4469 4468 4470
f 4471 4472 4473
f 4473 4472 4474
f 4475 4476 4477
f 4477 4476 4478
f 4479 4480 4481
f 4481 4480 4482
f 4483 4484 4485
f 4485 4484 4486
f 4487 4488 4489
f 4489 4488 4490
f 4491 4492 4493
f 4493 4492 4494
f 4495 4496 4497
f 4497 4496 4498
f 4499 4500 4501
f 4501 4500 4502
f 4503 4504 4505
f 4505 4504 4506
f 4507 4508 4509
f 4509 4508 4510
f 4511 4512 4513
f 4513 4512 4514
f 4515 4516 4517
f 4517 4516 4518
f 4519 4520 4521
f 4521 4520 4522
f 4523 4524 4525
f 4525 4524 4526
f 4527 4528 4529
f 4529 4528 4530
f 4531 4532 4533
f 4533 4532 4534
f 4535 4536 4537
f 4537 4536 4538
f 4539 4540 4541
f 4541 4540 4542
f 4543 4544 4545
f 4545 4544 4546
f 4547 4548 4549
f 4549 4548 4550
f 4551 4552 4553
f 4553 4552 4554
f 4555 4556 4557
f 4557 4556 4558
f 4559 4560 4561
f 4561 4560 4562
f 4563 4564 4565
f 4565 4564 4566
f 4567 4568 4569
f 4569 4568 4570
f 4571 4572 4573
f 4573 4572 4574
f 4575 4576 4577
f 4577 4576 4578
f 4579 4580 4581
f 4581 4580 4582
f 4583 4584 4585
f 4585 4584 4586
f 4587 4588 4589
f 4589 4588 4590
f 4591 4592 4593
f 4593 4592 4594
f 4595 4596 4597
f 4597 4596 4598
f 4599 4600 4601
f 4602 4603 4604
f 4605 4606 4607
f 4607 4606 4608
f 4609 4610 4611
f 4611 4610 4612
f 4613 4614 4615
f 4615 4614 4616
f 4617 4618 4619
f 4618 4620 4619
f 4621 4622 4623
f 4624 4625 4626
f 4627 4628 4629
f 4630 4631 4632
f 4632 4631 4633
f 4634 4635 4636
f 4636 4635 4637
f 4638 4639 4640
f 4640 4639 4641
f 4642 4643 4644
f 4644 4643 4645
f 4646 4647 4648
f 4648 4647 4649
f 4650 4651 4652
f 4652 4651 4653
f 4654 4655 4656
f 4657 4658 4659
f 4659 4658 4660
f 4661 4662 4663
f 4663 4662 4664
f 4665 4666 4667
f 4667 4666 4668
f 4669 4670 4671
f 4671 4670 4672
f 4673 4674 4675
f 4675 4674 4676
f 4677 4678 4679
f 4679 4678 4680
f 4681 4682 4683
f 4683 4682 4684
f 4685 4686 4687
f 4687 4686 4688
f 4689 4690 4691
f 4691 4690 4692
f 4693 4694 4695
f 4695 4694 4696
f 4697 4698 4699
f 4699 4698 4700
f 4701 4702 4703
f 4703 4702 4704
f 4705 4706 4707
f 4707 4706 4708
f 4709 4710 4711
f 4711 4710 4712
f 4713 4714 4715
f 4715 4714 4716
f 4717 4718 4719
f 4719 4718 4720
f 4721 4722 4723
f 4723 4722 4724
f 4725 4726 4727
f 4727 4726 4728
f 4729 4730 4731
f 4731 4730 4732
f 4733 4734 4735
f 4735 4734 4736
f 4737 4738 4739
f 4739 4738 4740
f 4741 4742 4743
f 4743 4742 4744
f 4745 4746 4747
f 4747 4746 4748
f 4749 4750 4751
f 4751 4750 4752
f 4753 4754 4755
f 4755 4754 4756
f 4755 4756 4757
f 4757 4756 4758
f 4757 4758 4759
f 4759 4758 4760
f 4759 4760 4761
f 4761 4760 4762
f 4761 4762 4763
f 4763 4762 4764
f 4763 4764 4765
f 4765 4764 4766
f 4765 4766 4767
f 4767 4766 4768
f 4767 4768 4769
f 4769 4768 4770
f 4769 4770 4771
f 4771 4770 4772
f 4771 4772 4773
f 4773 4772 4774
f 4773 4774 4775
f 4775 4774 4776
f 4775 4776 4753
f 4753 4776 4754
f 4777 4778 4779
f 4780 4781 4782
f 4780 4782 4783
f 4784 4785 4786
f 4784 4786 4787
f 4788 4789 4790
f 4788 4790 4791
f 4792 4793 4794
f 4792 4794 4795
f 4796 4797 4798
f 4796 4798 4799
f 4800 4801 4802
f 4800 4802 4803
f 4804 4805 4806
f 4804 4806 4807
f 4808 4809 4810
f 4808 4810 4811
f 4812 4813 4814
f 4812 4814 4815
f 4816 4817 4818
f 4816 4818 4819
f 4820 4821 4822
f 4820 4822 4823
f 4777 4824 4778
f 4825 4826 4827
f 4827 4826 4828
f 4827 4828 4829
f 4829 4828 4830
f 4829 4830 4831
f 4831 4830 4832
f 4831 4832 4833
f 4833 4832 4834
f 4833 4834 4835
f 4835 4834 4836
f 4835 4836 4837
f 4837 4836 4838
f 4837 4838 4839
f 4839 4838 4840
f 4839 4840 4841
f 4841 4840 4842
f 4841 4842 4843
f 4843 4842 4844
f 4843 4844 4845
f 4845 4844 4846
f 4845 4846 4847
f 4847 4846 4848
f 4847 4848 4825
f 4825 4848 4826
f 4849 4850 4851
f 4852 4853 4854
f 4852 4854 4855
f 4856 4857 4858
f 4856 4858 4859
f 4860 4861 4862
f 4860 4862 4863
f 4864 4865 4866
f 4864 4866 4867
f 4868 4869 4870
f 4868 4870 4871
f 4872 4873 4874
f 4872 4874 4875
f 4876 4877 4878
f 4876 4878 4879
f 4880 4881 4882
f 4880 4882 4883
f 4884 4885 4886
f 4884 4886 4887
f 4888 4889 4890
f 4888 4890 4891
f 4892 4893 4894
f 4892 4894 4895
f 4849 4896 4850
f 4897 4898 4899
f 4899 4898 4900
f 4899 4900 4901
f 4901 4900 4902
f 4901 4902 4903
f 4903 4902 4904
f 4903 4904 4905
f 4905 4904 4906
f 4905 4906 4907
f 4907 4906 4908
f 4907 4908 4909
f 4909 4908 4910
f 4909 4910 4911
f 4911 4910 4912
f 4911 4912 4913
f 4913 4912 4914
f 4913 4914 4915
f 4915 4914 4916
f 4915 4916 4917
f 4917 4916 4918
f 4917 4918 4919
f 4919 4918 4920
f 4919 4920 4897
f 4897 4920 4898
f 4921 4922 4923
f 4924 4925 4926
f 4924 4926 4927
f 4928 4929 4930
f 4928 4930 4931
f 4932 4933 4934
f 4932 4934 4935
f 4936 4937 4938
f 4936 4938 4939
f 4940 4941 4942
f 4940 4942 4943
f 4944 4945 4946
f 4944 4946 4947
f 4948 4949 4950
f 4948 4950 4951
f 4952 4953 4954
f 4952 4954 4955
f 4956 4957 4958
f 4956 4958 4959
f 4960 4961 4962
f 4960 4962 4963
f 4964 4965 4966
f 4964 4966 4967
f 4921 4968 4922
f 4969 4970 4971
f 4971 4970 4972
f 4971 4972 4973
f 4973 4972 4974
f 4973 4974 4975
f 4975 4974 4976
f 4975 4976 4977
f 4977 4976 4978
f 4977 4978 4979
f 4979 4978 4980
f 4979 4980 4981
f 4981 4980 4982
f 4981 4982 4983
f 4983 4982 4984
f 4983 4984 4985
f 4985 4984 4986
f 4985 4986 4987
f 4987 4986 4988
f 4987 4988 4989
f 4989 4988 4990
f 4989 4990 4991
f 4991 4990 4992
f 4991 4992 4969
f 4969 4992 4970
f 4993 4994 4995
f 4996 4997 4998
f 4996 4998 4999
f 5000 5001 5002
f 5000 5002 5003
f 5004 5005 5006
f 5004 5006 5007
f 5008 5009 5010
f 5008 5010 5011
f 5012 5013 5014
f 5012 5014 5015
f 5016 5017 5018
f 5016 5018 5019
f 5020 5021 5022
f 5020 5022 5023
f 5024 5025 5026
f 5024 5026 5027
f 5028 5029 5030
f 5028 5030 5031
f 5032 5033 5034
f 5032 5034 5035
f 5036 5037 5038
f 5036 5038 5039
f 4993 5040 4994
f 5041 5042 5043
f 5043 5042 5044
f 5043 5044 5045
f 5045 5044 5046
f 5045 5046 5047
f 5047 5046 5048
f 5047 5048 5049
f 5049 5048 5050
f 5049 5050 5051
f 5051 5050 5052
f 5051 5052 5053
f 5053 5052 5054
f 5053 5054 5055
f 5055 5054 5056
f 5055 5056 5057
f 5057 5056 5058
f 5057 5058 5059
f 5059 5058 5060
f 5059 5060 5061
f 5061 5060 5062
f 5061 5062 5063
f 5063 5062 5064
f 5063 5064 5041
f 5041 5064 5042
f 5065 5066 5067
f 5068 5069 5070
f 5068 5070 5071
f 5072 5073 5074
f 5072 5074 5075
f 5076 5077 5078
f 5076 5078 5079
f 5080 5081 5082
f 5080 5082 5083
f 5084 5085 5086
f 5084 5086 5087
f 5088 5089 5090
f 5088 5090 5091
f 5092 5093 5094
f 5092 5094 5095
f 5096 5097 5098
f 5096 5098 5099
f 5100 5101 5102
f 5100 5102 5103
f 5104 5105 5106
f 5104 5106 5107
f 5108 5109 5110
f 5108 5110 5111
f 5065 5112 5066
f 5113 5114 5115
f 5116 5117 5118
f 5119 5120 5121
f 5122 5123 5124
f 5125 5126 5127
f 5128 5129 5130
f 5131 5132 5133
f 5134 5135 5136
f 5137 5138 5139
f 5140 5141 5142
f 5143 5144 5145
f 5146 5147 5148
f 5149 5150 5151
f 5152 5153 5154
f 5155 5156 5157
f 5158 5159 5160
f 5161 5162 5163
f 5164 5165 5166
f 5167 5168 5169
f 5170 5171 5172
f 5172 5171 5173
f 5172 5173 5174
f 5174 5173 5175
f 5174 5175 5176
f 5176 5175 5177
f 5176 5177 5178
f 5178 5177 5179
f 5178 5179 5180
f 5180 5179 5181
f 5180 5181 5182
f 5182 5181 5183
f 5184 5185 5186
f 5186 5185 5187
f 5188 5189 5190
f 5190 5189 5191
f 5192 5193 5194
f 5194 5193 5195
f 5196 5197 5198
f 5198 5197 5199
f 5200 5201 5202
f 5202 5201 5203
f 5204 5205 5206
f 5206 5205 5207
f 5208 5209 5210
f 5210 5209 5211
f 5212 5213 5214
f 5214 5213 5215
f 5216 5217 5218
f 5218 5217 5219
f 5220 5221 5222
f 5222 5221 5223
f 5224 5225 5226
f 5226 5225 5227
f 5228 5229 5230
f 5230 5229 5231
f 5232 5233 5234
f 5234 5233 5235
f 5236 5237 5238
f 5238 5237 5239
f 5240 5241 5242
f 5242 5241 5243
f 5244 5245 5246
f 5246 5245 5247
f 5248 5249 5250
f 5250 5249 5251
f 5252 5253 5254
f 5254 5253 5255
f 5256 5257 5258
f 5258 5257 5259
f 5260 5261 5262
f 5262 5261 5263
f 5264 5265 5266
f 5266 5265 5267
f 5266 5267 5268
f 5268 5267 5269
f 5268 5269 5270
f 5270 5269 5271
f 5270 5271 5272
f 5272 5271 5273
f 5272 5273 5274
f 5274 5273 5275
f 5274 5275 5276
f 5276 5275 5277
f 5276 5277 5278
f 5278 5277 5279
f 5278 5279 5280
f 5280 5279 5281
f 5280 5281 5282
f 5282 5281 5283
f 5282 5283 5284
f 5284 5283 5285
f 5284 5285 5286
f 5286 5285 5287
f 5286 5287 5264
f 5264 5287 5288
f 5264 5288 5265
f 5289 5290 5291
f 5291 5290 5292
f 5291 5292 5293
f 5293 5292 5294
f 5293 5294 5295
f 5295 5294 5296
f 5295 5296 5297
f 5297 5296 5298
f 5297 5298 5299
f 5299 5298 5300
f 5299 5300 5301
f 5301 5300 5302
f 5301 5302 5303
f 5303 5302 5304
f 5303 5304 5305
f 5305 5304 5306
f 5305 5306 5307
f 5307 5306 5308
f 5307 5308 5309
f 5309 5308 5310
f 5309 5310 5311
f 5311 5310 5312
f 5311 5312 5313
f 5313 5312 5314
f 5313 5314 5291
f 5291 5314 5289
f 5315 5316 5317
f 5317 5316 5318
f 5317 5318 5319
f 5319 5318 5320
f 5319 5320 5321
f 5321 5320 5322
f 5321 5322 5323
f 5323 5322 5324
f 5323 5324 5325
f 5325 5324 5326
f 5325 5326 5327
f 5327 5326 5328
f 5327 5328 5329
f 5329 5328 5330
f 5329 5330 5331
f 5331 5330 5332
f 5331 5332 5333
f 5333 5332 5334
f 5333 5334 5335
f 5335 5334 5336
f 5335 5336 5337
f 5337 5336 5338
f 5337 5338 5315
f 5315 5338 5339
f 5315 5339 5316
f 5340 5341 5342
f 5342 5341 5343
f 5342 5343 5344
f 5344 5343 5345
f 5344 5345 5346
f 5346 5345 5347
f 5346 5347 5348
f 5348 5347 5349
f 5348 5349 5350
f 5350 5349 5351
f 5350 5351 5352
f 5352 5351 5353
f 5352 5353 5354
f 5354 5353 5355
f 5354 5355 5356
f 5356 5355 5357
f 5356 5357 5358
f 5358 5357 5359
f 5358 5359 5360
f 5360 5359 5361
f 5360 5361 5362
f 5362 5361 5363
f 5362 5363 5364
f 5364 5363 5340
f 5364 5340 5342
f 5365 5366 5367
f 5368 5369 5370
f 5371 5372 5373
f 5374 5375 5376
f 5377 5378 5379
f 5380 5381 5382
f 5383 5384 5385
f 5386 5387 5388
f 5389 5390 5391
f 5392 5393 5394
f 5395 5396 5397
f 5398 5399 5400
f 5398 5400 5401
f 5402 5403 5404
f 5402 5404 5405
f 5406 5407 5408
f 5406 5408 5409
f 5410 5411 5412
f 5410 5412 5413
f 5414 5415 5416
f 5414 5416 5417
f 5418 5419 5420
f 5418 5420 5421
f 5422 5423 5424
f 5422 5424 5425
f 5426 5427 5428
f 5426 5428 5429
f 5430 5431 5432
f 5430 5432 5433
f 5434 5435 5436
f 5434 5436 5437
f 5438 5439 5440
f 5438 5440 5441
f 5395 5442 5396
f 5443 5444 5445
f 5446 5447 5448
f 5446 5448 5449
f 5450 5451 5452
f 5450 5452 5453
f 5454 5455 5456
f 5454 5456 5457
f 5458 5459 5460
f 5458 5460 5461
f 5462 5463 5464
f 5462 5464 5465
f 5466 5467 5468
f 5466 5468 5469
f 5470 5471 5472
f 5470 5472 5473
f 5474 5475 5476
f 5474 5476 5477
f 5478 5479 5480
f 5478 5480 5481
f 5482 5483 5484
f 5482 5484 5485
f 5486 5487 5488
f 5486 5488 5489
f 5443 5490 5444
f 5491 5492 5493
f 5494 5495 5496
f 5494 5496 5497
f 5498 5499 5500
f 5498 5500 5501
f 5502 5503 5504
f 5502 5504 5505
f 5506 5507 5508
f 5506 5508 5509
f 5510 5511 5512
f 5510 5512 5513
f 5514 5515 5516
f 5514 5516 5517
f 5518 5519 5520
f 5518 5520 5521
f 5522 5523 5524
f 5522 5524 5525
f 5526 5527 5528
f 5526 5528 5529
f 5530 5531 5532
f 5530 5532 5533
f 5534 5535 5536
f 5534 5536 5537
f 5491 5538 5492
f 5539 5540 5541
f 5542 5543 5544
f 5542 5544 5545
f 5546 5547 5548
f 5546 5548 5549
f 5550 5551 5552
f 5550 5552 5553
f 5554 5555 5556
f 5554 5556 5557
f 5558 5559 5560
f 5558 5560 5561
f 5562 5563 5564
f 5562 5564 5565
f 5566 5567 5568
f 5566 5568 5569
f 5570 5571 5572
f 5570 5572 5573
f 5574 5575 5576
f 5574 5576 5577
f 5578 5579 5580
f 5578 5580 5581
f 5582 5583 5584
f 5582 5584 5585
f 5539 5586 5540
f 5587 5588 5589
f 5590 5591 5592
f 5590 5592 5593
f 5594 5595 5596
f 5594 5596 5597
f 5598 5599 5600
f 5598 5600 5601
f 5602 5603 5604
f 5602 5604 5605
f 5606 5607 5608
f 5606 5608 5609
f 5610 5611 5612
f 5610 5612 5613
f 5614 5615 5616
f 5614 5616 5617
f 5618 5619 5620
f 5618 5620 5621
f 5622 5623 5624
f 5622 5624 5625
f 5626 5627 5628
f 5626 5628 5629
f 5630 5631 5632
f 5630 5632 5633
f 5587 5634 5588
f 5635 5636 5637
f 5637 5636 5638
f 5639 5640 5641
f 5641 5640 5642
f 5643 5644 5645
f 5645 5644 5646
f 5647 5648 5649
f 5649 5648 5650
f 5651 5652 5653
f 5653 5652 5654
f 5655 5656 5657
f 5657 5656 5658
f 5659 5660 5661
f 5661 5660 5662
f 5663 5664 5665
f 5665 5664 5666
f 5667 5668 5669
f 5669 5668 5670
f 5671 5672 5673
f 5673 5672 5674
f 5675 5676 5677
f 5677 5676 5678
f 5679 5680 5681
f 5681 5680 5682
f 5683 5684 5685
f 5685 5684 5686
f 5687 5688 5689
f 5689 5688 5690
f 5691 5692 5693
f 5693 5692 5694
f 5695 5696 5697
f 5697 5696 5698
f 5699 5700 5701
f 5701 5700 5702
f 5703 5704 5705
f 5705 5704 5706
f 5707 5708 5709
f 5709 5708 5710
f 5711 5712 5713
f 5713 5712 5714
f 5715 5716 5717
f 5717 5716 5718
f 5719 5720 5721
f 5721 5720 5722
f 5723 5724 5725
f 5725 5724 5726
f 5725 5726 5727
f 5727 5726 5728
f 5727 5728 5729
f 5729 5728 5730
f 5729 5730 5731
f 5731 5730 5732
f 5731 5732 5733
f 5733 5732 5734
f 5733 5734 5735
f 5734 5736 5735
f 5735 5736 5737
f 5735 5737 5738
f 5738 5737 5739
f 5738 5739 5740
f 5740 5739 5741
f 5740 5741 5742
f 5742 5741 5743
f 5742 5743 5744
f 5744 5743 5745
f 5744 5745 5746
f 5746 5745 5747
f 5746 5747 5723
f 5723 5747 5748
f 5723 5748 5724
f 5749 5750 5751
f 5751 5750 5752
f 5753 5754 5755
f 5755 5754 5756
f 5757 5758 5759
f 5759 5758 5760
f 5761 5762 5763
f 5763 5762 5764
f 5765 5766 5767
f 5767 5766 5768
f 5769 5770 5771
f 5771 5770 5772
f 5773 5774 5775
f 5775 5774 5776
f 5777 5778 5779
f 5779 5778 5780
f 5781 5782 5783
f 5783 5782 5784
f 5785 5786 5787
f 5787 5786 5788
f 5789 5790 5791
f 5791 5790 5792
f 5793 5794 5795
f 5795 5794 5796
f 5797 5798 5799
f 5799 5798 5800
f 5801 5802 5803
f 5803 5802 5804
f 5805 5806 5807
f 5807 5806 5808
f 5807 5808 5809
f 5809 5808 5810
f 5809 5810 5811
f 5811 5810 5812
f 5811 5812 5813
f 5813 5812 5814
f 5813 5814 5815
f 5815 5814 5816
f 5815 5816 5817
f 5816 5818 5817
f 5817 5818 5819
f 5817 5819 5820
f 5820 5819 5821
f 5820 5821 5822
f 5822 5821 5823
f 5822 5823 5824
f 5824 5823 5825
f 5824 5825 5826
f 5826 5825 5827
f 5826 5827 5828
f 5828 5827 5829
f 5828 5829 5805
f 5805 5829 5830
f 5805 5830 5806
f 5831 5832 5833
f 5833 5832 5834
f 5835 5836 5837
f 5837 5836 5838
f 5839 5840 5841
f 5841 5840 5842
f 5843 5844 5845
f 5845 5844 5846
f 5847 5848 5849
f 5849 5848 5850
f 5851 5852 5853
f 5853 5852 5854
f 5855 5856 5857
f 5857 5856 5858
f 5859 5860 5861
f 5861 5860 5862
f 5863 5864 5865
f 5865 5864 5866
f 5867 5868 5869
f 5869 5868 5870
f 5871 5872 5873
f 5873 5872 5874
f 5875 5876 5877
f 5877 5876 5878
f 5879 5880 5881
f 5881 5880 5882
f 5883 5884 5885
f 5885 5884 5886
f 5887 5888 5889
f 5889 5888 5890
f 5889 5890 5891
f 5891 5890 5892
f 5891 5892 5893
f 5893 5892 5894
f 5893 5894 5895
f 5895 5894 5896
f 5895 5896 5897
f 5897 5896 5898
f 5897 5898 5899
f 5898 5900 5899
f 5899 5900 5901
f 5899 5901 5902
f 5902 5901 5903
f 5902 5903 5904
f 5904 5903 5905
f 5904 5905 5906
f 5906 5905 5907
f 5906 5907 5908
f 5908 5907 5909
f 5908 5909 5910
f 5910 5909 5911
f 5910 5911 5887
f 5887 5911 5912
f 5887 5912 5888
f 5913 5914 5915
f 5915 5914 5916
f 5917 5918 5919
f 5919 5918 5920
f 5921 5922 5923
f 5923 5922 5924
f 5925 5926 5927
f 5927 5926 5928
f 5929 5930 5931
f 5931 5930 5932
f 5933 5934 5935
f 5935 5934 5936
f 5937 5938 5939
f 5939 5938 5940
f 5941 5942 5943
f 5943 5942 5944
f 5945 5946 5947
f 5947 5946 5948
f 5949 5950 5951
f 5951 5950 5952
f 5953 5954 5955
f 5955 5954 5956
f 5957 5958 5959
f 5959 5958 5960
f 5961 5962 5963
f 5963 5962 5964
f 5965 5966 5967
f 5967 5966 5968
f 5969 5970 5971
f 5971 5970 5972
f 5971 5972 5973
f 5973 5972 5974
f 5973 5974 5975
f 5975 5974 5976
f 5975 5976 5977
f 5977 5976 5978
f 5977 5978 5979
f 5979 5978 5980
f 5979 5980 5981
f 5980 5982 5981
f 5981 5982 5983
f 5981 5983 5984
f 5984 5983 5985
f 5984 5985 5986
f 5986 5985 5987
f 5986 5987 5988
f 5988 5987 5989
f 5988 5989 5990
f 5990 5989 5991
f 5990 5991 5992
f 5992 5991 5993
f 5992 5993 5969
f 5969 5993 5994
f 5969 5994 5970
f 5995 5996 5997
f 5997 5996 5998
f 5999 6000 6001
f 6001 6000 6002
f 6003 6004 6005
f 6005 6004 6006
f 6007 6008 6009
f 6009 6008 6010
f 6011 6012 6013
f 6013 6012 6014
f 6015 6016 6017
f 6017 6016 6018
f 6019 6020 6021
f 6021 6020 6022
f 6023 6024 6025
f 6025 6024 6026
f 6027 6028 6029
f 6029 6028 6030
f 6031 6032 6033
f 6033 6032 6034
f 6035 6036 6037
f 6037 6036 6038
f 6039 6040 6041
f 6041 6040 6042
f 6043 6044 6045
f 6045 6044 6046
f 6047 6048 6049
f 6049 6048 6050
f 6051 6052 6053
f 6053 6052 6054
f 6053 6054 6055
f 6056 6057 6058
f 6059 6060 6061
f 6062 6063 6064
f 6065 6066 6067
f 6068 6069 6070
f 6071 6072 6073
f 6074 6075 6076
f 6077 6078 6079
f 6080 6081 6082
f 6083 6084 6085
f 6086 6087 6088
f 6089 6090 6091
f 6092 6093 6094
f 6095 6096 6097
f 6098 6099 6100
f 6101 6102 6103
f 6104 6105 6106
f 6107 6108 6109
f 6110 6111 6112
f 6113 6114 6115
f 6116 6117 6118
f 6119 6120 6121
f 6122 6123 6124
f 6124 6123 6125
f 6124 6125 6126
f 6126 6125 6127
f 6126 6127 6128
f 6129 6130 6131
f 6131 6130 6132
f 6133 6134 6135
f 6135 6134 6136
f 6137 6138 6139
f 6139 6138 6140
f 6141 6142 6143
f 6143 6142 6144
f 6145 6146 6147
f 6147 6146 6148
f 6149 6150 6151
f 6151 6150 6152
f 6153 6154 6155
f 6155 6154 6156
f 6157 6158 6159
f 6159 6158 6160
f 6161 6162 6163
f 6163 6162 6164
f 6165 6166 6167
f 6167 6166 6168
f 6169 6170 6171
f 6171 6170 6172
f 6173 6174 6175
f 6175 6174 6176
f 6177 6178 6179
f 6179 6178 6180
f 6181 6182 6183
f 6183 6182 6184
f 6185 6186 6187
f 6187 6186 6188
f 6189 6190 6191
f 6191 6190 6192
f 6193 6194 6195
f 6195 6194 6196
f 6197 6198 6199
f 6199 6198 6200
f 6201 6202 6203
f 6203 6202 6204
f 6205 6206 6207
f 6207 6206 6208
f 6209 6210 6211
f 6211 6210 6212
f 6213 6214 6215
f 6215 6214 6216
f 6217 6218 6219
f 6219 6218 6220
f 6221 6222 6223
f 6223 6222 6224
f 6225 6226 6227
f 6227 6226 6228
f 6229 6230 6231
f 6231 6230 6232
f 6233 6234 6235
f 6235 6234 6236
f 6237 6238 6239
f 6239 6238 6240
f 6239 6240 6241
f 6241 6240 6242
f 6241 6242 6243
f 6244 6245 6246
f 6247 6248 6249
f 6250 6251 6252
f 6252 6251 6253
f 6252 6253 6254
f 6249 6244 6247
f 6247 6244 6246
f 6247 6246 6255
f 6255 6246 6256
f 6255 6256 6257
f 6257 6256 6258
f 6257 6258 6259
f 6259 6258 6260
f 6259 6260 6261
f 6262 6263 6264
f 6264 6263 6265
f 6264 6265 6266
f 6266 6265 6267
f 6266 6267 6268
f 6268 6267 6269
f 6268 6269 6252
f 6252 6269 6270
f 6252 6270 6250
f 6260 6271 6261
f 6261 6271 6272
f 6261 6272 6273
f 6273 6272 6274
f 6273 6274 6275
f 6275 6274 6276
f 6275 6276 6277
f 6277 6276 6278
f 6277 6278 6279
f 6279 6278 6280
f 6279 6280 6281
f 6281 6280 6282
f 6281 6282 6283
f 6283 6282 6284
f 6283 6284 6285
f 6285 6284 6286
f 6285 6286 6287
f 6287 6286 6288
f 6287 6288 6289
f 6289 6288 6290
f 6289 6290 6291
f 6291 6290 6292
f 6291 6292 6293
f 6293 6292 6294
f 6293 6294 6295
f 6295 6294 6296
f 6295 6296 6297
f 6297 6296 6298
f 6297 6298 6299
f 6299 6298 6300
f 6299 6300 6301
f 6301 6300 6302
f 6301 6302 6303
f 6303 6302 6304
f 6303 6304 6305
f 6305 6304 6306
f 6305 6306 6307
f 6307 6306 6308
f 6307 6308 6262
f 6262 6308 6309
f 6262 6309 6263
f 6310 6311 6312
f 6313 6314 6312
f 6312 6314 6315
f 6316 6315 6317
f 6318 6319 6320
f 6321 6322 6323
f 6324 6325 6326
f 6327 6328 6329
f 6327 6329 6330
f 6331 6332 6333
f 6331 6333 6334
f 6335 6336 6337
f 6335 6337 6338
f 6339 6340 6341
f 6339 6341 6342
f 6343 6344 6345
f 6343 6345 6346
f 6347 6348 6349
f 6347 6349 6350
f 6351 6352 6353
f 6351 6353 6354
f 6355 6356 6357
f 6358 6359 6360
f 6361 6362 6363
f 6364 6365 6366
f 6367 6368 6369
f 6370 6371 6372
f 6373 6374 6375
f 6373 6375 6376
f 6377 6378 6379
f 6377 6379 6380
f 6381 6382 6383
f 6381 6383 6384
f 6385 6386 6387
f 6388 6389 6387
f 6387 6389 6390
f 6387 6390 6385
f 6391 6392 6393
f 6393 6392 6394
f 6395 6396 6397
f 6398 6399 6400
f 6401 6402 6403
f 6404 6405 6406
f 6404 6406 6407
f 6408 6409 6410
f 6408 6410 6411
f 6412 6413 6414
f 6412 6414 6415
f 6416 6417 6418
f 6416 6418 6419
f 6420 6421 6422
f 6420 6422 6423
f 6424 6425 6426
f 6424 6426 6427
f 6428 6429 6430
f 6428 6430 6431
f 6432 6433 6434
f 6435 6436 6437
f 6438 6439 6440
f 6441 6442 6443
f 6444 6445 6446
f 6447 6448 6449
f 6450 6451 6452
f 6450 6452 6453
f 6454 6455 6456
f 6454 6456 6457
f 6458 6459 6460
f 6458 6460 6461
f 6462 6463 6464
f 6465 6466 6467
f 6465 6467 6468
f 6469 6470 6471
f 6472 6473 6474
f 6475 6476 6477
f 6478 6479 6480
f 6481 6482 6483
f 6484 6485 6486
f 6487 6488 6489
f 6490 6491 6492
f 6490 6492 6493
f 6494 6469 6471
f 6495 6496 6497
f 6498 6499 6500
f 6462 6501 6463
f 6502 6503 6504
f 6505 6506 6507
f 6508 6509 6510
f 6511 6512 6513
f 6514 6515 6516
f 6517 6518 6519
f 6517 6519 6520
f 6521 6522 6523
f 6521 6523 6524
f 6525 6526 6527
f 6528 6529 6530
f 6531 6532 6533
f 6534 6535 6536
f 6534 6536 6537
f 6538 6539 6540
f 6538 6540 6541
f 6542 6543 6544
f 6545 6546 6547
f 6547 6546 6548
f 6548 6546 6549
f 6548 6549 6550
f 6550 6549 6551
f 6550 6551 6552
f 6552 6551 6553
f 6553 6551 6554
f 6553 6554 6555
f 6555 6554 6556
f 6555 6556 6557
f 6557 6556 6558
f 6557 6558 6559
f 6560 6561 6562
f 6562 6561 6563
f 6562 6563 6564
f 6560 6562 6565
f 6565 6562 6566
f 6565 6566 6567
f 6567 6566 6568
f 6567 6568 6569
f 6544 6570 6571
f 6544 6572 6573
f 6573 6572 6574
f 6573 6574 6575
f 6575 6574 6576
f 6575 6576 6577
f 6577 6576 6578
f 6577 6578 6579
f 6579 6578 6545
f 6579 6545 6580
f 6580 6545 6547
f 6544 6562 6542
f 6542 6562 6581
f 6542 6581 6582
f 6543 6583 6544
f 6544 6583 6584
f 6544 6584 6570
f 6558 6585 6559
f 6559 6585 6586
f 6559 6586 6571
f 6571 6586 6587
f 6571 6587 6544
f 6544 6587 6588
f 6544 6588 6572
f 6589 6590 6591
f 6591 6590 6592
f 6591 6592 6593
f 6593 6592 6594
f 6593 6594 6595
f 6595 6594 6596
f 6595 6596 6597
f 6597 6596 6598
f 6597 6598 6599
f 6599 6598 6600
f 6599 6600 6564
f 6564 6600 6601
f 6564 6601 6562
f 6562 6601 6602
f 6562 6602 6581
f 6568 6603 6569
f 6569 6603 6604
f 6569 6604 6605
f 6605 6604 6606
f 6605 6606 6607
f 6607 6606 6608
f 6607 6608 6589
f 6589 6608 6609
f 6589 6609 6590
f 6610 6611 6612
f 6612 6611 6613
f 6614 6615 6616
f 6616 6615 6617
f 6618 6619 6620
f 6620 6619 6621
f 6622 6623 6624
f 6624 6623 6625
f 6626 6627 6628
f 6628 6627 6629
f 6630 6631 6632
f 6632 6631 6633
f 6634 6635 6636
f 6636 6635 6637
f 6638 6639 6640
f 6640 6639 6641
f 6642 6643 6644
f 6644 6643 6645
f 6646 6647 6648
f 6648 6647 6649
f 6650 6651 6652
f 6652 6651 6653
f 6654 6655 6656
f 6656 6655 6657
f 6658 6659 6660
f 6660 6659 6661
f 6662 6663 6664
f 6664 6663 6665
f 6666 6667 6668
f 6668 6667 6669
f 6670 6671 6672
f 6672 6671 6673
f 6673 6671 6674
f 6673 6674 6675
f 6675 6674 6676
f 6675 6676 6677
f 6678 6679 6680
f 6680 6679 6681
f 6680 6681 6682
f 6682 6681 6683
f 6682 6683 6684
f 6684 6683 6685
f 6672 6686 6670
f 6670 6686 6687
f 6670 6687 6688
f 6688 6687 6689
f 6688 6689 6690
f 6690 6689 6691
f 6690 6691 6678
f 6678 6691 6692
f 6678 6692 6679
f 6693 6694 6685
f 6685 6694 6695
f 6676 6696 6677
f 6677 6696 6697
f 6677 6697 6698
f 6698 6697 6699
f 6698 6699 6695
f 6695 6699 6700
f 6695 6700 6685
f 6685 6700 6701
f 6685 6701 6684
f 6702 6703 6704
f 6705 6706 6707
f 6702 6704 6708
f 6709 6710 6711
f 6711 6710 6712
f 6713 6714 6715
f 6716 6717 6718
f 6718 6717 6719
f 6718 6720 6716
f 6716 6720 6721
f 6716 6721 6714
f 6714 6721 6722
f 6714 6722 6715
f 6723 6724 6725
f 6725 6724 6726
f 6725 6726 6727
f 6728 6729 6730
f 6707 6706 6717
f 6717 6706 6731
f 6717 6731 6719
f 6715 6732 6713
f 6713 6732 6733
f 6713 6733 6734
f 6734 6733 6735
f 6734 6735 6736
f 6736 6735 6728
f 6736 6728 6737
f 6737 6728 6730
f 6738 6739 6740
f 6740 6739 6741
f 6740 6741 6704
f 6704 6741 6742
f 6743 6713 6726
f 6726 6713 6744
f 6726 6744 6727
f 6738 6745 6739
f 6739 6745 6746
f 6739 6746 6714
f 6747 6748 6711
f 6711 6748 6749
f 6711 6749 6750
f 6750 6749 6751
f 6750 6751 6752
f 6752 6751 6753
f 6752 6753 6754
f 6735 6705 6728
f 6728 6705 6707
f 6728 6707 6755
f 6755 6707 6756
f 6747 6711 6757
f 6757 6711 6712
f 6757 6712 6758
f 6723 6759 6724
f 6724 6759 6760
f 6724 6760 6729
f 6729 6760 6761
f 6729 6761 6730
f 6743 6762 6713
f 6713 6762 6763
f 6713 6763 6714
f 6714 6763 6764
f 6714 6764 6739
f 6756 6707 6753
f 6753 6707 6765
f 6753 6765 6754
f 6755 6766 6728
f 6728 6766 6767
f 6728 6767 6768
f 6742 6769 6704
f 6704 6769 6770
f 6704 6770 6708
f 6770 6771 6708
f 6708 6771 6772
f 6708 6772 6773
f 6773 6772 6774
f 6773 6774 6775
f 6775 6774 6743
f 6775 6743 6776
f 6776 6743 6726
f 6758 6712 6777
f 6777 6712 6778
f 6777 6778 6767
f 6767 6778 6779
f 6767 6779 6768
f 6780 6781 6782
f 6782 6781 6783
f 6782 6783 6784
f 6785 6786 6787
f 6787 6786 6788
f 6787 6788 6789
f 6789 6788 6790
f 6789 6790 6791
f 6791 6790 6792
f 6791 6792 6793
f 6793 6792 6794
f 6795 6796 6797
f 6797 6796 6798
f 6797 6798 6785
f 6785 6798 6799
f 6785 6799 6786
f 6783 6800 6784
f 6784 6800 6801
f 6784 6801 6802
f 6802 6801 6803
f 6802 6803 6795
f 6795 6803 6804
f 6795 6804 6796
f 6780 6805 6781
f 6781 6805 6806
f 6781 6806 6794
f 6792 6807 6794
f 6794 6807 6808
f 6794 6808 6781
f 6781 6808 6809
f 6781 6809 6810
f 6811 6812 6813
f 6814 6815 6816
f 6816 6815 6817
f 6818 6819 6820
f 6820 6819 6821
f 6820 6821 6822
f 6823 6824 6825
f 6825 6824 6826
f 6825 6826 6817
f 6825 6827 6823
f 6823 6827 6828
f 6823 6828 6829
f 6829 6828 6830
f 6829 6830 6818
f 6818 6830 6831
f 6818 6831 6819
f 6813 6812 6832
f 6832 6812 6833
f 6832 6833 6834
f 6834 6833 6835
f 6834 6835 6836
f 6837 6838 6839
f 6839 6838 6840
f 6839 6840 6841
f 6841 6840 6842
f 6843 6844 6845
f 6845 6844 6846
f 6845 6846 6842
f 6842 6846 6847
f 6842 6847 6841
f 6813 6848 6811
f 6811 6848 6849
f 6811 6849 6850
f 6850 6849 6851
f 6850 6851 6843
f 6843 6851 6852
f 6843 6852 6844
f 6826 6853 6817
f 6817 6853 6854
f 6817 6854 6855
f 6815 6856 6836
f 6821 6857 6822
f 6822 6857 6858
f 6822 6858 6859
f 6859 6858 6860
f 6859 6860 6861
f 6861 6860 6862
f 6861 6862 6863
f 6863 6862 6864
f 6863 6864 6865
f 6865 6864 6866
f 6865 6866 6855
f 6855 6866 6867
f 6855 6867 6817
f 6868 6816 6869
f 6869 6816 6817
f 6869 6817 6870
f 6870 6817 6867
f 6814 6871 6815
f 6815 6871 6872
f 6815 6872 6856
f 6835 6873 6836
f 6836 6873 6874
f 6836 6874 6815
f 6815 6874 6875
f 6815 6875 6837
f 6837 6875 6876
f 6837 6876 6838
f 6877 6878 6879
f 6879 6878 6880
f 6879 6880 6881
f 6881 6880 6882
f 6881 6882 6883
f 6883 6882 6884
f 6885 6886 6887
f 6887 6886 6888
f 6889 6890 6891
f 6891 6890 6892
f 6893 6891 6894
f 6894 6891 6892
f 6894 6892 6895
f 6896 6897 6898
f 6899 6900 6901
f 6892 6902 6895
f 6895 6902 6903
f 6895 6903 6904
f 6905 6906 6907
f 6908 6909 6889
f 6905 6907 6910
f 6893 6911 6891
f 6891 6911 6912
f 6891 6912 6898
f 6898 6912 6913
f 6899 6896 6900
f 6900 6896 6898
f 6900 6898 6914
f 6914 6898 6913
f 6910 6907 6915
f 6915 6907 6916
f 6915 6916 6917
f 6917 6916 6918
f 6917 6918 6919
f 6919 6918 6920
f 6919 6920 6921
f 6922 6923 6924
f 6924 6923 6925
f 6909 6926 6889
f 6889 6926 6927
f 6889 6927 6890
f 6901 6928 6899
f 6899 6928 6929
f 6899 6929 6930
f 6930 6929 6931
f 6931 6932 6930
f 6930 6932 6933
f 6930 6933 6934
f 6934 6933 6935
f 6934 6935 6904
f 6936 6937 6938
f 6938 6937 6939
f 6938 6939 6920
f 6920 6939 6940
f 6920 6940 6921
f 6903 6941 6904
f 6904 6941 6942
f 6904 6942 6934
f 6934 6942 6943
f 6934 6943 6944
f 6944 6943 6945
f 6944 6945 6910
f 6910 6945 6946
f 6910 6946 6905
f 6936 6922 6937
f 6937 6922 6924
f 6937 6924 6947
f 6947 6924 6898
f 6947 6898 6948
f 6948 6898 6897
f 6949 6950 6889
f 6889 6950 6951
f 6925 6952 6924
f 6924 6952 6953
f 6924 6953 6889
f 6889 6953 6954
f 6889 6954 6949
f 6906 6905 6951
f 6951 6905 6955
f 6951 6955 6889
f 6889 6955 6956
f 6889 6956 6908
f 6957 6958 6959
f 6959 6958 6960
f 6961 6962 6963
f 6963 6962 6964
f 6965 6966 6967
f 6967 6966 6968
f 6969 6970 6971
f 6971 6970 6972
f 6973 6974 6975
f 6975 6974 6976
f 6977 6978 6979
f 6979 6978 6980
f 6981 6982 6983
f 6983 6982 6984
f 6985 6986 6987
f 6987 6986 6988
f 6989 6990 6991
f 6991 6990 6992
f 6993 6994 6995
f 6995 6994 6996
f 6997 6998 6999
f 6999 6998 7000
f 7001 7002 7003
f 7003 7002 7004
f 7005 7006 7007
f 7007 7006 7008
f 7009 7010 7011
f 7011 7010 7012
f 7013 7014 7015
f 7015 7014 7016
f 7017 7018 7019
f 7019 7018 7020
f 7021 7022 7023
f 7023 7022 7024
f 7025 7026 7027
f 7027 7026 7028
f 7029 7030 7031
f 7031 7030 7032
f 7033 7034 7035
f 7035 7034 7036
f 7037 7038 7039
f 7039 7038 7040
f 7041 7042 7043
f 7043 7042 7044
f 7045 7046 7047
f 7047 7046 7048
f 7049 7050 7051
f 7051 7050 7052
f 7053 7054 7055
f 7055 7054 7056
f 7057 7058 7059
f 7059 7058 7060
f 7061 7062 7063
f 7063 7062 7064
f 7065 7066 7067
f 7067 7066 7068
f 7069 7070 7071
f 7071 7070 7072
f 7073 7074 7075
f 7075 7074 7076
f 7077 7078 7079
f 7079 7078 7080
f 7079 7080 7081
f 7081 7080 7082
f 7081 7082 7083
f 7083 7082 7084
f 7083 7084 7085
f 7077 7086 7078
f 7078 7086 7087
f 7078 7087 7088
f 7084 7089 7085
f 7085 7089 7090
f 7085 7090 7091
f 7091 7090 7092
f 7091 7092 7093
f 7093 7092 7094
f 7093 7094 7095
f 7096 7097 7088
f 7088 7097 7098
f 7088 7098 7078
f 7078 7098 7099
f 7078 7099 7100
f 7088 7101 7096
f 7096 7101 7102
f 7096 7102 7103
f 7103 7102 7104
f 7103 7104 7105
f 7105 7104 7106
f 7105 7106 7107
f 7107 7106 7095
f 7107 7095 7108
f 7108 7095 7094
f 7109 7110 7111
f 7111 7110 7112
f 7113 7114 7115
f 7115 7114 7116
f 7115 7116 7117
f 7111 7118 7109
f 7109 7118 7119
f 7109 7119 7120
f 7120 7119 7121
f 7120 7121 7113
f 7113 7121 7122
f 7113 7122 7114
f 7123 7124 7125
f 7125 7124 7126
f 7125 7127 7128
f 7128 7127 7129
f 7128 7129 7130
f 7130 7129 7131
f 7130 7131 7132
f 7132 7131 7117
f 7132 7117 7133
f 7133 7117 7116
f 7110 7134 7112
f 7112 7134 7135
f 7112 7135 7136
f 7136 7135 7137
f 7136 7137 7126
f 7126 7137 7138
f 7126 7138 7125
f 7125 7138 7139
f 7125 7139 7127
f 7140 7141 7142
f 7142 7141 7143
f 7144 7145 7146
f 7146 7145 7147
f 7146 7147 7148
f 7148 7147 7149
f 7148 7149 7150
f 7150 7149 7151
f 7152 7153 7154
f 7154 7153 7155
f 7156 7157 7158
f 7158 7157 7159
f 7160 7161 7162
f 7162 7161 7163
f 7164 7165 7166
f 7166 7165 7167
f 7168 7169 7170
f 7170 7169 7171
f 7172 7173 7174
f 7174 7173 7175
f 7176 7177 7178
f 7178 7177 7179
f 7180 7181 7182
f 7182 7181 7183
f 7184 7185 7186
f 7186 7185 7187
f 7188 7189 7190
f 7190 7189 7191
f 7192 7193 7194
f 7194 7193 7195
f 7196 7197 7198
f 7198 7197 7199
f 7200 7201 7202
f 7202 7201 7203
f 7204 7205 7206
f 7206 7205 7207
f 7208 7209 7210
f 7210 7209 7211
f 7212 7213 7214
f 7214 7213 7215
f 7216 7217 7218
f 7218 7217 7219
f 7220 7221 7222
f 7222 7221 7223
f 7224 7225 7226
f 7226 7225 7227
f 7228 7229 7230
f 7230 7229 7231
f 7232 7233 7234
f 7234 7233 7235
f 7236 7237 7238
f 7238 7237 7239
f 7240 7241 7242
f 7242 7241 7243
f 7244 7245 7246
f 7246 7245 7247
f 7248 7249 7250
f 7250 7249 7251
f 7252 7253 7254
f 7254 7253 7255
f 7256 7257 7258
f 7258 7257 7259
f 7260 7261 7262
f 7262 7261 7263
f 7264 7265 7266
f 7266 7265 7267
f 7268 7269 7270
f 7270 7269 7271
f 7272 7273 7274
f 7274 7273 7275
f 7276 7277 7278
f 7278 7277 7279
f 7280 7281 7282
f 7282 7281 7283
f 7284 7285 7286
f 7286 7285 7287
f 7288 7289 7290
f 7290 7289 7291
f 7292 7293 7294
f 7294 7293 7295
f 7296 7297 7298
f 7298 7297 7299
f 7300 7301 7302
f 7302 7301 7303
f 7304 7305 7306
f 7306 7305 7307
f 7308 7309 7310
f 7310 7309 7311
f 7312 7313 7314
f 7314 7313 7315
f 7316 7317 7318
f 7318 7317 7319
f 7320 7321 7322
f 7322 7321 7323
f 7324 7325 7326
f 7326 7325 7327
f 7328 7329 7330
f 7330 7329 7331
f 7332 7333 7334
f 7334 7333 7335
f 7336 7337 7338
f 7338 7337 7339
f 7340 7341 7342
f 7342 7341 7343
f 7344 7345 7346
f 7346 7345 7347
f 7348 7349 7350
f 7350 7349 7351
f 7352 7353 7354
f 7354 7353 7355
f 7356 7357 7358
f 7358 7357 7359
f 7360 7361 7362
f 7362 7361 7363
f 7364 7365 7366
f 7366 7365 7367
f 7368 7369 7370
f 7370 7369 7371
f 7372 7373 7374
f 7374 7373 7375
f 7376 7377 7378
f 7378 7377 7379
f 7380 7381 7382
f 7382 7381 7383
f 7384 7385 7386
f 7386 7385 7387
f 7388 7389 7390
f 7390 7389 7391
f 7392 7393 7394
f 7394 7393 7395
f 7396 7397 7398
f 7398 7397 7399
f 7400 7401 7402
f 7402 7401 7403
f 7404 7405 7406
f 7404 7406 7407
f 7408 7409 7410
f 7408 7410 7411
f 7412 7413 7414
f 7412 7414 7415
f 7416 7417 7418
f 7416 7418 7419
f 7420 7421 7422
f 7420 7422 7423
f 7424 7425 7426
f 7424 7426 7427
f 7428 7429 7430
f 7428 7430 7431
f 7432 7433 7434
f 7432 7434 7435
f 7436 7437 7438
f 7436 7438 7439
f 7440 7441 7442
f 7440 7442 7443
f 7444 7445 7446
f 7444 7446 7447
f 7448 7449 7450
f 7448 7450 7451
f 7452 7453 7454
f 7452 7454 7455
f 7456 7457 7458
f 7456 7458 7459
f 7460 7461 7462
f 7460 7462 7463
f 7464 7465 7466
f 7464 7466 7467
f 7468 7469 7470
f 7468 7470 7471
f 7472 7473 7474
f 7472 7474 7475
f 7476 7477 7478
f 7476 7478 7479
f 7480 7481 7482
f 7480 7482 7483
f 7484 7485 7486
f 7484 7486 7487
f 7488 7489 7490
f 7488 7490 7491
f 7492 7493 7494
f 7492 7494 7495
f 7496 7497 7498
f 7496 7498 7499
f 7500 7501 7502
f 7500 7502 7503
f 7504 7505 7506
f 7504 7506 7507
f 7508 7509 7510
f 7508 7510 7511
f 7512 7513 7514
f 7512 7514 7515
f 7516 7517 7518
f 7516 7518 7519
f 7520 7521 7522
f 7520 7522 7523
f 7524 7525 7526
f 7524 7526 7527
f 7528 7529 7530
f 7528 7530 7531
f 7532 7533 7534
f 7532 7534 7535
f 7536 7537 7538
f 7536 7538 7539
f 7540 7541 7542
f 7540 7542 7543
f 7544 7545 7546
f 7544 7546 7547
f 7548 7549 7550
f 7548 7550 7551
f 7552 7553 7554
f 7552 7554 7555
f 7556 7557 7558
f 7556 7558 7559
f 7560 7561 7562
f 7560 7562 7563
f 7564 7565 7566
f 7564 7566 7567
f 7568 7569 7570
f 7571 7572 7573
f 7574 7575 7576
f 7577 7578 7579
f 7580 7581 7582
f 7583 7584 7585
f 7586 7587 7588
f 7589 7590 7591
f 7592 7593 7594
f 7595 7596 7597
f 7597 7596 7598
f 7599 7600 7601
f 7602 7603 7604
f 7605 7606 7607
f 7608 7609 7610
f 7611 7612 7613
f 7614 7615 7616
f 7617 7618 7619
f 7620 7621 7622
f 7623 7624 7625
f 7626 7627 7628
f 7629 7630 7631
f 7632 7633 7634
f 7635 7636 7637
f 7638 7639 7640
f 7641 7642 7643
f 7644 7645 7646
f 7647 7648 7649
f 7650 7651 7652
f 7653 7654 7655
f 7656 7657 7658
f 7659 7660 7661
f 7662 7663 7664
f 7665 7666 7667
f 7668 7669 7670
f 7671 7672 7673
f 7674 7675 7676
f 7677 7678 7679
f 7680 7681 7682
f 7680 7682 7683
f 7684 7685 7686
f 7687 7688 7689
f 7690 7691 7692
f 7693 7694 7695
f 7696 7697 7698
f 7699 7700 7701
f 7702 7703 7704
f 7705 7706 7707
f 7708 7709 7710
f 7711 7712 7713
f 7714 7715 7716
f 7717 7718 7719
f 7720 7721 7722
f 7722 7721 7723
f 7722 7723 7724
f 7724 7723 7725
f 7724 7725 7726
f 7727 7728 7720
f 7720 7728 7729
f 7720 7729 7721
f 7730 7731 7732
f 7732 7731 7733
f 7732 7733 7734
f 7734 7733 7735
f 7734 7735 7727
f 7727 7735 7736
f 7727 7736 7728
f 7725 7737 7726
f 7726 7737 7738
f 7726 7738 7739
f 7739 7738 7740
f 7739 7740 7741
f 7741 7740 7742
f 7741 7742 7743
f 7743 7742 7744
f 7743 7744 7745
f 7745 7744 7746
f 7745 7746 7730
f 7730 7746 7747
f 7730 7747 7731
f 7748 7749 7750
f 7751 7752 7753
f 7754 7755 7756
f 7754 7756 7757
f 7758 7759 7760
f 7758 7760 7761
f 7762 7763 7764
f 7762 7764 7765
f 7766 7767 7768
f 7769 7770 7771
f 7772 7773 7774
f 7775 7776 7777
f 7775 7777 7778
f 7779 7780 7781
f 7779 7781 7782
f 7783 7784 7785
f 7783 7785 7786
f 7787 7788 7789
f 7787 7789 7790
f 7791 7792 7793
f 7791 7793 7794
f 7795 7796 7797
f 7795 7797 7798
f 7799 7800 7801
f 7799 7801 7802
f 7803 7804 7805
f 7803 7805 7806
f 7807 7808 7809
f 7807 7809 7810
f 7811 7812 7813
f 7811 7813 7814
f 7815 7816 7817
f 7818 7819 7820
f 7818 7821 7819
f 7819 7821 7822
f 7819 7822 7823
f 7823 7822 7824
f 7823 7824 7825
f 7825 7824 7826
f 7825 7826 7827
f 7828 7829 7830
f 7830 7829 7831
f 7830 7831 7832
f 7832 7831 7833
f 7832 7833 7820
f 7820 7833 7834
f 7820 7834 7818
f 7826 7835 7827
f 7827 7835 7836
f 7827 7836 7837
f 7837 7836 7838
f 7837 7838 7839
f 7839 7838 7840
f 7839 7840 7841
f 7841 7840 7842
f 7841 7842 7843
f 7843 7842 7844
f 7843 7844 7828
f 7828 7844 7845
f 7828 7845 7829
f 7846 7847 7848
f 7849 7850 7851
f 7852 7853 7854
f 7852 7854 7855
f 7856 7857 7858
f 7856 7858 7859
f 7860 7861 7862
f 7860 7862 7863
f 7864 7865 7866
f 7867 7868 7869
f 7870 7871 7872
f 7873 7874 7875
f 7873 7875 7876
f 7877 7878 7879
f 7877 7879 7880
f 7881 7882 7883
f 7881 7883 7884
f 7885 7886 7887
f 7885 7887 7888
f 7889 7890 7891
f 7889 7891 7892
f 7893 7894 7895
f 7893 7895 7896
f 7897 7898 7899
f 7897 7899 7900
f 7901 7902 7903
f 7901 7903 7904
f 7905 7906 7907
f 7905 7907 7908
f 7909 7910 7911
f 7909 7911 7912
f 7913 7914 7915
f 7916 7917 7918
f 7916 7919 7917
f 7917 7919 7920
f 7917 7920 7921
f 7921 7920 7922
f 7921 7922 7923
f 7923 7922 7924
f 7923 7924 7925
f 7926 7927 7928
f 7928 7927 7929
f 7928 7929 7930
f 7930 7929 7931
f 7930 7931 7932
f 7932 7931 7933
f 7932 7933 7918
f 7918 7933 7934
f 7918 7934 7916
f 7924 7935 7925
f 7925 7935 7936
f 7925 7936 7937
f 7937 7936 7938
f 7937 7938 7939
f 7939 7938 7940
f 7939 7940 7941
f 7941 7940 7942
f 7941 7942 7926
f 7926 7942 7943
f 7926 7943 7927
f 7944 7945 7946
f 7947 7948 7949
f 7950 7951 7952
f 7950 7952 7953
f 7954 7955 7956
f 7954 7956 7957
f 7958 7959 7960
f 7958 7960 7961
f 7962 7963 7964
f 7965 7966 7967
f 7968 7969 7970
f 7971 7972 7973
f 7971 7973 7974
f 7975 7976 7977
f 7975 7977 7978
f 7979 7980 7981
f 7979 7981 7982
f 7983 7984 7985
f 7983 7985 7986
f 7987 7988 7989
f 7987 7989 7990
f 7991 7992 7993
f 7991 7993 7994
f 7995 7996 7997
f 7995 7997 7998
f 7999 8000 8001
f 7999 8001 8002
f 8003 8004 8005
f 8003 8005 8006
f 8007 8008 8009
f 8007 8009 8010
f 8011 8012 8013
f 8014 8015 8016
f 8016 8015 8017
f 8016 8017 8018
f 8018 8017 8019
f 8018 8019 8020
f 8021 8022 8014
f 8014 8022 8023
f 8014 8023 8015
f 8024 8025 8026
f 8026 8025 8027
f 8026 8027 8028
f 8028 8027 8029
f 8028 8029 8021
f 8021 8029 8030
f 8021 8030 8022
f 8019 8031 8020
f 8020 8031 8032
f 8020 8032 8033
f 8033 8032 8034
f 8033 8034 8035
f 8035 8034 8036
f 8035 8036 8037
f 8037 8036 8038
f 8037 8038 8039
f 8039 8038 8040
f 8039 8040 8024
f 8024 8040 8041
f 8024 8041 8025
f 8042 8043 8044
f 8045 8046 8047
f 8048 8049 8050
f 8048 8050 8051
f 8052 8053 8054
f 8052 8054 8055
f 8056 8057 8058
f 8056 8058 8059
f 8060 8061 8062
f 8063 8064 8065
f 8066 8067 8068
f 8069 8070 8071
f 8069 8071 8072
f 8073 8074 8075
f 8073 8075 8076
f 8077 8078 8079
f 8077 8079 8080
f 8081 8082 8083
f 8081 8083 8084
f 8085 8086 8087
f 8085 8087 8088
f 8089 8090 8091
f 8089 8091 8092
f 8093 8094 8095
f 8093 8095 8096
f 8097 8098 8099
f 8097 8099 8100
f 8101 8102 8103
f 8101 8103 8104
f 8105 8106 8107
f 8105 8107 8108
f 8109 8110 8111
f 8112 8113 8114
f 8114 8113 8115
f 8116 8117 8118
f 8116 8118 8119
f 8120 8121 8122
f 8120 8122 8123
f 8124 8125 8126
f 8124 8126 8127
f 8128 8129 8130
f 8128 8130 8131
f 8132 8133 8134
f 8132 8134 8135
f 8136 8137 8138
f 8136 8138 8139
f 8140 8141 8142
f 8140 8142 8143
f 8144 8145 8146
f 8144 8146 8147
f 8148 8149 8150
f 8148 8150 8151
f 8152 8153 8154
f 8152 8154 8155
f 8156 8157 8158
f 8158 8157 8159
f 8160 8161 8162
f 8163 8164 8165
f 8166 8167 8168
f 8169 8170 8171
f 8172 8173 8174
f 8175 8176 8177
f 8178 8179 8180
f 8180 8179 8181
f 8182 8183 8184
f 8184 8183 8185
f 8186 8187 8188
f 8188 8187 8189
f 8190 8191 8192
f 8192 8191 8193
f 8194 8195 8196
f 8194 8196 8197
f 8198 8199 8200
f 8198 8200 8201
f 8202 8203 8204
f 8202 8204 8205
f 8206 8207 8208
f 8206 8208 8209
f 8210 8211 8212
f 8210 8212 8213
f 8214 8215 8216
f 8214 8216 8217
f 8218 8219 8220
f 8218 8220 8221
f 8222 8223 8224
f 8222 8224 8225
f 8226 8227 8228
f 8226 8228 8229
f 8230 8231 8232
f 8230 8232 8233
f 8234 8235 8236
f 8236 8235 8237
f 8238 8239 8240
f 8241 8242 8243
f 8244 8245 8246
f 8247 8248 8249
f 8250 8251 8252
f 8253 8254 8255
f 8255 8254 8256
f 8257 8258 8259
f 8259 8258 8260
f 8261 8262 8263
f 8263 8262 8264
f 8265 8266 8267
f 8268 8269 8270
f 8270 8269 8271
f 8272 8273 8274
f 8272 8274 8275
f 8276 8277 8278
f 8276 8278 8279
f 8280 8281 8282
f 8280 8282 8283
f 8284 8285 8286
f 8284 8286 8287
f 8288 8289 8290
f 8288 8290 8291
f 8292 8293 8294
f 8292 8294 8295
f 8296 8297 8298
f 8296 8298 8299
f 8300 8301 8302
f 8300 8302 8303
f 8304 8305 8306
f 8304 8306 8307
f 8308 8309 8310
f 8308 8310 8311
f 8312 8313 8314
f 8314 8313 8315
f 8316 8317 8318
f 8319 8320 8321
f 8322 8323 8324
f 8325 8326 8327
f 8328 8329 8330
f 8331 8332 8333
f 8334 8335 8336
f 8337 8338 8339
f 8340 8341 8342
f 8343 8344 8345
f 8346 8347 8348
f 8349 8350 8351
f 8352 8353 8354
f 8354 8353 8355
f 8356 8357 8358
f 8359 8360 8361
f 8362 8363 8364
f 8364 8363 8365
f 8366 8367 8368
f 8366 8368 8369
f 8370 8371 8372
f 8370 8372 8373
f 8374 8375 8376
f 8374 8376 8377
f 8378 8379 8380
f 8378 8380 8381
f 8382 8383 8384
f 8382 8384 8385
f 8386 8387 8388
f 8386 8388 8389
f 8390 8391 8392
f 8390 8392 8393
f 8394 8395 8396
f 8394 8396 8397
f 8398 8399 8400
f 8398 8400 8401
f 8402 8403 8404
f 8402 8404 8405
f 8406 8407 8408
f 8408 8407 8409
f 8410 8411 8412
f 8413 8414 8415
f 8416 8417 8418
f 8419 8420 8421
f 8421 8422 8419
f 8423 8424 8425
f 8426 8427 8428
f 8429 8430 8431
f 8432 8433 8434
f 8435 8436 8437
f 8438 8439 8440
f 8441 8442 8443
f 8444 8445 8446
f 8447 8448 8449
f 8450 8451 8452
f 8453 8454 8455
f 8456 8457 8458
f 8459 8460 8461
f 8460 8462 8461
f 8463 8464 8465
f 8463 8465 8466
f 8467 8468 8469
f 8467 8469 8470
f 8471 8472 8473
f 8471 8473 8474
f 8475 8476 8477
f 8475 8477 8478
f 8479 8480 8481
f 8479 8481 8482
f 8483 8484 8485
f 8483 8485 8486
f 8487 8488 8489
f 8487 8489 8490
f 8491 8492 8493
f 8491 8493 8494
f 8495 8496 8497
f 8495 8497 8498
f 8499 8500 8501
f 8499 8501 8502
f 8503 8504 8505
f 8503 8505 8506
f 8507 8508 8509
f 8507 8509 8510
f 8511 8512 8513
f 8511 8513 8514
f 8515 8516 8517
f 8515 8517 8518
f 8519 8456 8458
f 8520 8521 8522
f 8523 8524 8525
f 8524 8526 8525
f 8527 8528 8529
f 8527 8529 8530
f 8531 8532 8533
f 8531 8533 8534
f 8535 8536 8537
f 8535 8537 8538
f 8539 8540 8541
f 8539 8541 8542
f 8543 8544 8545
f 8543 8545 8546
f 8547 8548 8549
f 8547 8549 8550
f 8551 8552 8553
f 8551 8553 8554
f 8555 8556 8557
f 8555 8557 8558
f 8559 8560 8561
f 8559 8561 8562
f 8563 8564 8565
f 8563 8565 8566
f 8567 8568 8569
f 8567 8569 8570
f 8571 8572 8573
f 8571 8573 8574
f 8575 8576 8577
f 8575 8577 8578
f 8579 8580 8581
f 8579 8581 8582
f 8583 8520 8522
f 8584 8585 8586
f 8587 8588 8589
f 8588 8590 8589
f 8591 8592 8593
f 8591 8593 8594
f 8595 8596 8597
f 8595 8597 8598
f 8599 8600 8601
f 8599 8601 8602
f 8603 8604 8605
f 8603 8605 8606
f 8607 8608 8609
f 8607 8609 8610
f 8611 8612 8613
f 8611 8613 8614
f 8615 8616 8617
f 8615 8617 8618
f 8619 8620 8621
f 8619 8621 8622
f 8623 8624 8625
f 8623 8625 8626
f 8627 8628 8629
f 8627 8629 8630
f 8631 8632 8633
f 8631 8633 8634
f 8635 8636 8637
f 8635 8637 8638
f 8639 8640 8641
f 8639 8641 8642
f 8643 8644 8645
f 8643 8645 8646
f 8647 8584 8586
f 8648 8649 8650
f 8651 8652 8653
f 8652 8654 8653
f 8655 8656 8657
f 8655 8657 8658
f 8659 8660 8661
f 8659 8661 8662
f 8663 8664 8665
f 8663 8665 8666
f 8667 8668 8669
f 8667 8669 8670
f 8671 8672 8673
f 8671 8673 8674
f 8675 8676 8677
f 8675 8677 8678
f 8679 8680 8681
f 8679 8681 8682
f 8683 8684 8685
f 8683 8685 8686
f 8687 8688 8689
f 8687 8689 8690
f 8691 8692 8693
f 8691 8693 8694
f 8695 8696 8697
f 8695 8697 8698
f 8699 8700 8701
f 8699 8701 8702
f 8703 8704 8705
f 8703 8705 8706
f 8707 8708 8709
f 8707 8709 8710
f 8711 8648 8650
f 8712 8713 8714
f 8714 8713 8715
f 8716 8717 8718
f 8719 8720 8721
f 8722 8723 8724
f 8724 8723 8725
f 8726 8727 8728
f 8729 8730 8731
f 8732 8733 8734
f 8735 8736 8737
f 8735 8737 8738
f 8739 8740 8741
f 8739 8741 8742
f 8743 8744 8745
f 8743 8745 8746
f 8747 8748 8749
f 8747 8749 8750
f 8751 8752 8753
f 8751 8753 8754
f 8755 8756 8757
f 8755 8757 8758
f 8759 8760 8761
f 8759 8761 8762
f 8763 8764 8765
f 8763 8765 8766
f 8767 8768 8769
f 8767 8769 8770
f 8771 8772 8773
f 8771 8773 8774
f 8775 8776 8777
f 8775 8777 8778
f 8779 8780 8781
f 8779 8781 8782
f 8783 8784 8785
f 8783 8785 8786
f 8787 8788 8789
f 8787 8789 8790
f 8791 8792 8793
f 8791 8793 8794
f 8795 8796 8797
f 8795 8797 8798
f 8799 8800 8801
f 8799 8801 8802
f 8803 8804 8805
f 8803 8805 8806
f 8807 8808 8809
f 8807 8809 8810
f 8811 8812 8813
f 8811 8813 8814
f 8815 8816 8817
f 8815 8817 8818
f 8819 8820 8821
f 8819 8821 8822
f 8823 8824 8825
f 8823 8825 8826
f 8827 8828 8829
f 8827 8829 8830
f 8831 8832 8833
f 8831 8833 8834
f 8835 8836 8837
f 8835 8837 8838
f 8839 8840 8841
f 8839 8841 8842
f 8843 8844 8845
f 8843 8845 8846
f 8847 8848 8849
f 8847 8849 8850
f 8851 8852 8853
f 8851 8853 8854
f 8855 8856 8857
f 8855 8857 8858
f 8859 8860 8861
f 8859 8861 8862
f 8863 8864 8865
f 8863 8865 8866
f 8867 8868 8869
f 8867 8869 8870
f 8871 8872 8873
f 8871 8873 8874
f 8875 8876 8877
f 8875 8877 8878
f 8879 8880 8881
f 8879 8881 8882
f 8883 8884 8885
f 8883 8885 8886
f 8887 8888 8889
f 8887 8889 8890
f 8891 8892 8893
f 8891 8893 8894
f 8895 8896 8897
f 8895 8897 8898
f 8899 8900 8901
f 8899 8901 8902
f 8903 8904 8905
f 8903 8905 8906
f 8907 8908 8909
f 8907 8909 8910
f 8911 8912 8913
f 8911 8913 8914
f 8915 8916 8917
f 8915 8917 8918
f 8919 8920 8921
f 8919 8921 8922
f 8923 8924 8925
f 8923 8925 8926
f 8927 8928 8929
f 8927 8929 8930
f 8931 8932 8933
f 8931 8933 8934
f 8935 8936 8937
f 8935 8937 8938
f 8732 8939 8733
f 8940 8941 8942
f 8943 8944 8945
f 8943 8945 8946
f 8947 8948 8949
f 8947 8949 8950
f 8951 8952 8953
f 8951 8953 8954
f 8955 8956 8957
f 8955 8957 8958
f 8959 8960 8961
f 8959 8961 8962
f 8963 8964 8965
f 8963 8965 8966
f 8967 8968 8969
f 8967 8969 8970
f 8971 8972 8973
f 8971 8973 8974
f 8975 8976 8977
f 8975 8977 8978
f 8979 8980 8981
f 8979 8981 8982
f 8983 8984 8985
f 8983 8985 8986
f 8987 8988 8989
f 8987 8989 8990
f 8991 8992 8993
f 8991 8993 8994
f 8995 8996 8997
f 8995 8997 8998
f 8999 9000 9001
f 8999 9001 9002
f 9003 9004 9005
f 9003 9005 9006
f 9007 9008 9009
f 9007 9009 9010
f 9011 9012 9013
f 9011 9013 9014
f 9015 9016 9017
f 9015 9017 9018
f 9019 9020 9021
f 9019 9021 9022
f 9023 9024 9025
f 9023 9025 9026
f 9027 9028 9029
f 9027 9029 9030
f 9031 9032 9033
f 9031 9033 9034
f 9035 9036 9037
f 9035 9037 9038
f 9039 9040 9041
f 9039 9041 9042
f 9043 9044 9045
f 9043 9045 9046
f 9047 9048 9049
f 9047 9049 9050
f 9051 9052 9053
f 9051 9053 9054
f 9055 9056 9057
f 9055 9057 9058
f 9059 9060 9061
f 9059 9061 9062
f 9063 9064 9065
f 9063 9065 9066
f 9067 9068 9069
f 9067 9069 9070
f 9071 9072 9073
f 9071 9073 9074
f 9075 9076 9077
f 9075 9077 9078
f 9079 9080 9081
f 9079 9081 9082
f 9083 9084 9085
f 9083 9085 9086
f 9087 9088 9089
f 9087 9089 9090
f 9091 9092 9093
f 9091 9093 9094
f 9095 9096 9097
f 9095 9097 9098
f 9099 9100 9101
f 9099 9101 9102
f 9103 9104 9105
f 9103 9105 9106
f 9107 9108 9109
f 9107 9109 9110
f 9111 9112 9113
f 9111 9113 9114
f 9115 9116 9117
f 9115 9117 9118
f 9119 9120 9121
f 9119 9121 9122
f 9123 9124 9125
f 9123 9125 9126
f 9127 9128 9129
f 9127 9129 9130
f 9131 9132 9133
f 9131 9133 9134
f 9135 9136 9137
f 9135 9137 9138
f 9139 9140 9141
f 9139 9141 9142
f 9143 9144 9145
f 9143 9145 9146
f 8940 9147 8941
f 9148 9149 9150
f 9151 9152 9153
f 9151 9153 9154
f 9155 9156 9157
f 9155 9157 9158
f 9159 9160 9161
f 9159 9161 9162
f 9163 9164 9165
f 9163 9165 9166
f 9167 9168 9169
f 9167 9169 9170
f 9171 9172 9173
f 9171 9173 9174
f 9175 9176 9177
f 9175 9177 9178
f 9179 9180 9181
f 9179 9181 9182
f 9183 9184 9185
f 9183 9185 9186
f 9187 9188 9189
f 9187 9189 9190
f 9191 9192 9193
f 9191 9193 9194
f 9195 9196 9197
f 9195 9197 9198
f 9199 9200 9201
f 9199 9201 9202
f 9203 9204 9205
f 9203 9205 9206
f 9207 9208 9209
f 9207 9209 9210
f 9211 9212 9213
f 9211 9213 9214
f 9215 9216 9217
f 9215 9217 9218
f 9219 9220 9221
f 9219 9221 9222
f 9223 9224 9225
f 9223 9225 9226
f 9227 9228 9229
f 9227 9229 9230
f 9231 9232 9233
f 9231 9233 9234
f 9235 9236 9237
f 9235 9237 9238
f 9239 9240 9241
f 9239 9241 9242
f 9243 9244 9245
f 9243 9245 9246
f 9247 9248 9249
f 9247 9249 9250
f 9251 9252 9253
f 9251 9253 9254
f 9255 9256 9257
f 9255 9257 9258
f 9259 9260 9261
f 9259 9261 9262
f 9263 9264 9265
f 9263 9265 9266
f 9267 9268 9269
f 9267 9269 9270
f 9271 9272 9273
f 9271 9273 9274
f 9275 9276 9277
f 9275 9277 9278
f 9279 9280 9281
f 9279 9281 9282
f 9283 9284 9285
f 9283 9285 9286
f 9287 9288 9289
f 9287 9289 9290
f 9291 9292 9293
f 9291 9293 9294
f 9295 9296 9297
f 9295 9297 9298
f 9299 9300 9301
f 9299 9301 9302
f 9303 9304 9305
f 9303 9305 9306
f 9307 9308 9309
f 9307 9309 9310
f 9311 9312 9313
f 9311 9313 9314
f 9315 9316 9317
f 9315 9317 9318
f 9319 9320 9321
f 9319 9321 9322
f 9323 9324 9325
f 9323 9325 9326
f 9327 9328 9329
f 9327 9329 9330
f 9331 9332 9333
f 9331 9333 9334
f 9335 9336 9337
f 9335 9337 9338
f 9339 9340 9341
f 9339 9341 9342
f 9343 9344 9345
f 9343 9345 9346
f 9347 9348 9349
f 9347 9349 9350
f 9351 9352 9353
f 9351 9353 9354
f 9148 9355 9149
f 9356 9357 9358
f 9359 9360 9361
f 9359 9361 9362
f 9363 9364 9365
f 9363 9365 9366
f 9367 9368 9369
f 9367 9369 9370
f 9371 9372 9373
f 9371 9373 9374
f 9375 9376 9377
f 9375 9377 9378
f 9379 9380 9381
f 9379 9381 9382
f 9383 9384 9385
f 9383 9385 9386
f 9387 9388 9389
f 9387 9389 9390
f 9391 9392 9393
f 9391 9393 9394
f 9395 9396 9397
f 9395 9397 9398
f 9399 9400 9401
f 9399 9401 9402
f 9403 9404 9405
f 9403 9405 9406
f 9407 9408 9409
f 9407 9409 9410
f 9411 9412 9413
f 9411 9413 9414
f 9415 9416 9417
f 9415 9417 9418
f 9419 9420 9421
f 9419 9421 9422
f 9423 9424 9425
f 9423 9425 9426
f 9427 9428 9429
f 9427 9429 9430
f 9431 9432 9433
f 9431 9433 9434
f 9435 9436 9437
f 9435 9437 9438
f 9439 9440 9441
f 9439 9441 9442
f 9443 9444 9445
f 9443 9445 9446
f 9447 9448 9449
f 9447 9449 9450
f 9451 9452 9453
f 9451 9453 9454
f 9455 9456 9457
f 9455 9457 9458
f 9459 9460 9461
f 9459 9461 9462
f 9463 9464 9465
f 9463 9465 9466
f 9467 9468 9469
f 9467 9469 9470
f 9471 9472 9473
f 9471 9473 9474
f 9475 9476 9477
f 9475 9477 9478
f 9479 9480 9481
f 9479 9481 9482
f 9483 9484 9485
f 9483 9485 9486
f 9487 9488 9489
f 9487 9489 9490
f 9491 9492 9493
f 9491 9493 9494
f 9495 9496 9497
f 9495 9497 9498
f 9499 9500 9501
f 9499 9501 9502
f 9503 9504 9505
f 9503 9505 9506
f 9507 9508 9509
f 9507 9509 9510
f 9511 9512 9513
f 9511 9513 9514
f 9515 9516 9517
f 9515 9517 9518
f 9519 9520 9521
f 9519 9521 9522
f 9523 9524 9525
f 9523 9525 9526
f 9527 9528 9529
f 9527 9529 9530
f 9531 9532 9533
f 9531 9533 9534
f 9535 9536 9537
f 9535 9537 9538
f 9539 9540 9541
f 9539 9541 9542
f 9543 9544 9545
f 9543 9545 9546
f 9547 9548 9549
f 9547 9549 9550
f 9551 9552 9553
f 9551 9553 9554
f 9555 9556 9557
f 9555 9557 9558
f 9559 9560 9561
f 9559 9561 9562
f 9356 9563 9357
f 9564 9565 9566
f 9567 9568 9569
f 9567 9569 9570
f 9571 9572 9573
f 9571 9573 9574
f 9575 9576 9577
f 9575 9577 9578
f 9579 9580 9581
f 9579 9581 9582
f 9583 9584 9585
f 9583 9585 9586
f 9587 9588 9589
f 9587 9589 9590
f 9591 9592 9593
f 9591 9593 9594
f 9595 9596 9597
f 9595 9597 9598
f 9599 9600 9601
f 9599 9601 9602
f 9603 9604 9605
f 9603 9605 9606
f 9607 9608 9609
f 9607 9609 9610
f 9611 9612 9613
f 9611 9613 9614
f 9615 9616 9617
f 9615 9617 9618
f 9619 9620 9621
f 9619 9621 9622
f 9623 9624 9625
f 9623 9625 9626
f 9627 9628 9629
f 9627 9629 9630
f 9631 9632 9633
f 9631 9633 9634
f 9635 9636 9637
f 9635 9637 9638
f 9639 9640 9641
f 9639 9641 9642
f 9643 9644 9645
f 9643 9645 9646
f 9647 9648 9649
f 9647 9649 9650
f 9651 9652 9653
f 9651 9653 9654
f 9655 9656 9657
f 9655 9657 9658
f 9659 9660 9661
f 9659 9661 9662
f 9663 9664 9665
f 9663 9665 9666
f 9667 9668 9669
f 9667 9669 9670
f 9671 9672 9673
f 9671 9673 9674
f 9675 9676 9677
f 9675 9677 9678
f 9679 9680 9681
f 9679 9681 9682
f 9683 9684 9685
f 9683 9685 9686
f 9687 9688 9689
f 9687 9689 9690
f 9691 9692 9693
f 9691 9693 9694
f 9695 9696 9697
f 9695 9697 9698
f 9699 9700 9701
f 9699 9701 9702
f 9703 9704 9705
f 9703 9705 9706
f 9707 9708 9709
f 9707 9709 9710
f 9711 9712 9713
f 9711 9713 9714
f 9715 9716 9717
f 9715 9717 9718
f 9719 9720 9721
f 9719 9721 9722
f 9723 9724 9725
f 9723 9725 9726
f 9727 9728 9729
f 9727 9729 9730
f 9731 9732 9733
f 9731 9733 9734
f 9735 9736 9737
f 9735 9737 9738
f 9739 9740 9741
f 9739 9741 9742
f 9743 9744 9745
f 9743 9745 9746
f 9747 9748 9749
f 9747 9749 9750
f 9751 9752 9753
f 9751 9753 9754
f 9755 9756 9757
f 9755 9757 9758
f 9759 9760 9761
f 9759 9761 9762
f 9763 9764 9765
f 9763 9765 9766
f 9767 9768 9769
f 9767 9769 9770
f 9564 9771 9565
f 9772 9773 9774
f 9775 9776 9777
f 9775 9777 9778
f 9779 9780 9781
f 9779 9781 9782
f 9783 9784 9785
f 9783 9785 9786
f 9787 9788 9789
f 9787 9789 9790
f 9791 9792 9793
f 9791 9793 9794
f 9795 9796 9797
f 9795 9797 9798
f 9799 9800 9801
f 9799 9801 9802
f 9803 9804 9805
f 9803 9805 9806
f 9807 9808 9809
f 9807 9809 9810
f 9811 9812 9813
f 9811 9813 9814
f 9815 9816 9817
f 9815 9817 9818
f 9819 9820 9821
f 9819 9821 9822
f 9823 9824 9825
f 9823 9825 9826
f 9827 9828 9829
f 9827 9829 9830
f 9831 9832 9833
f 9831 9833 9834
f 9835 9836 9837
f 9835 9837 9838
f 9839 9840 9841
f 9839 9841 9842
f 9843 9844 9845
f 9843 9845 9846
f 9847 9848 9849
f 9847 9849 9850
f 9851 9852 9853
f 9851 9853 9854
f 9855 9856 9857
f 9855 9857 9858
f 9859 9860 9861
f 9859 9861 9862
f 9863 9864 9865
f 9863 9865 9866
f 9867 9868 9869
f 9867 9869 9870
f 9871 9872 9873
f 9871 9873 9874
f 9875 9876 9877
f 9875 9877 9878
f 9879 9880 9881
f 9879 9881 9882
f 9883 9884 9885
f 9883 9885 9886
f 9887 9888 9889
f 9887 9889 9890
f 9891 9892 9893
f 9891 9893 9894
f 9895 9896 9897
f 9895 9897 9898
f 9899 9900 9901
f 9899 9901 9902
f 9903 9904 9905
f 9903 9905 9906
f 9907 9908 9909
f 9907 9909 9910
f 9911 9912 9913
f 9911 9913 9914
f 9915 9916 9917
f 9915 9917 9918
f 9919 9920 9921
f 9919 9921 9922
f 9923 9924 9925
f 9923 9925 9926
f 9927 9928 9929
f 9927 9929 9930
f 9931 9932 9933
f 9931 9933 9934
f 9935 9936 9937
f 9935 9937 9938
f 9939 9940 9941
f 9939 9941 9942
f 9943 9944 9945
f 9943 9945 9946
f 9947 9948 9949
f 9947 9949 9950
f 9951 9952 9953
f 9951 9953 9954
f 9955 9956 9957
f 9955 9957 9958
f 9959 9960 9961
f 9959 9961 9962
f 9963 9964 9965
f 9963 9965 9966
f 9967 9968 9969
f 9967 9969 9970
f 9971 9972 9973
f 9971 9973 9974
f 9975 9976 9977
f 9975 9977 9978
f 9772 9979 9773
f 9980 9981 9982
f 9983 9984 9985
f 9983 9985 9986
f 9987 9988 9989
f 9987 9989 9990
f 9991 9992 9993
f 9991 9993 9994
f 9995 9996 9997
f 9995 9997 9998
f 9999 10000 10001
f 9999 10001 10002
f 10003 10004 10005
f 10003 10005 10006
f 10007 10008 10009
f 10007 10009 10010
f 10011 10012 10013
f 10011 10013 10014
f 10015 10016 10017
f 10015 10017 10018
f 10019 10020 10021
f 10019 10021 10022
f 10023 10024 10025
f 10023 10025 10026
f 10027 10028 10029
f 10027 10029 10030
f 10031 10032 10033
f 10031 10033 10034
f 10035 10036 10037
f 10035 10037 10038
f 10039 10040 10041
f 10039 10041 10042
f 10043 10044 10045
f 10043 10045 10046
f 10047 10048 10049
f 10047 10049 10050
f 10051 10052 10053
f 10051 10053 10054
f 10055 10056 10057
f 10055 10057 10058
f 10059 10060 10061
f 10059 10061 10062
f 10063 10064 10065
f 10063 10065 10066
f 10067 10068 10069
f 10067 10069 10070
f 10071 10072 10073
f 10071 10073 10074
f 10075 10076 10077
f 10075 10077 10078
f 10079 10080 10081
f 10079 10081 10082
f 10083 10084 10085
f 10083 10085 10086
f 10087 10088 10089
f 10087 10089 10090
f 10091 10092 10093
f 10091 10093 10094
f 10095 10096 10097
f 10095 10097 10098
f 10099 10100 10101
f 10099 10101 10102
f 10103 10104 10105
f 10103 10105 10106
f 10107 10108 10109
f 10107 10109 10110
f 10111 10112 10113
f 10111 10113 10114
f 10115 10116 10117
f 10115 10117 10118
f 10119 10120 10121
f 10119 10121 10122
f 10123 10124 10125
f 10123 10125 10126
f 10127 10128 10129
f 10127 10129 10130
f 10131 10132 10133
f 10131 10133 10134
f 10135 10136 10137
f 10135 10137 10138
f 10139 10140 10141
f 10139 10141 10142
f 10143 10144 10145
f 10143 10145 10146
f 10147 10148 10149
f 10147 10149 10150
f 10151 10152 10153
f 10151 10153 10154
f 10155 10156 10157
f 10155 10157 10158
f 10159 10160 10161
f 10159 10161 10162
f 10163 10164 10165
f 10163 10165 10166
f 10167 10168 10169
f 10167 10169 10170
f 10171 10172 10173
f 10171 10173 10174
f 10175 10176 10177
f 10175 10177 10178
f 10179 10180 10181
f 10179 10181 10182
f 10183 10184 10185
f 10183 10185 10186
f 9980 10187 9981
f 10188 10189 10190
f 10191 10192 10193
f 10191 10193 10194
f 10195 10196 10197
f 10195 10197 10198
f 10199 10200 10201
f 10199 10201 10202
f 10203 10204 10205
f 10203 10205 10206
f 10207 10208 10209
f 10207 10209 10210
f 10211 10212 10213
f 10211 10213 10214
f 10215 10216 10217
f 10215 10217 10218
f 10219 10220 10221
f 10219 10221 10222
f 10223 10224 10225
f 10223 10225 10226
f 10227 10228 10229
f 10227 10229 10230
f 10231 10232 10233
f 10231 10233 10234
f 10235 10236 10237
f 10235 10237 10238
f 10239 10240 10241
f 10239 10241 10242
f 10243 10244 10245
f 10243 10245 10246
f 10247 10248 10249
f 10247 10249 10250
f 10251 10252 10253
f 10251 10253 10254
f 10255 10256 10257
f 10255 10257 10258
f 10259 10260 10261
f 10259 10261 10262
f 10263 10264 10265
f 10263 10265 10266
f 10267 10268 10269
f 10267 10269 10270
f 10271 10272 10273
f 10271 10273 10274
f 10275 10276 10277
f 10275 10277 10278
f 10279 10280 10281
f 10279 10281 10282
f 10283 10284 10285
f 10283 10285 10286
f 10287 10288 10289
f 10287 10289 10290
f 10291 10292 10293
f 10291 10293 10294
f 10295 10296 10297
f 10295 10297 10298
f 10299 10300 10301
f 10299 10301 10302
f 10303 10304 10305
f 10303 10305 10306
f 10307 10308 10309
f 10307 10309 10310
f 10311 10312 10313
f 10311 10313 10314
f 10315 10316 10317
f 10315 10317 10318
f 10319 10320 10321
f 10319 10321 10322
f 10323 10324 10325
f 10323 10325 10326
f 10327 10328 10329
f 10327 10329 10330
f 10331 10332 10333
f 10331 10333 10334
f 10335 10336 10337
f 10335 10337 10338
f 10339 10340 10341
f 10339 10341 10342
f 10343 10344 10345
f 10343 10345 10346
f 10347 10348 10349
f 10347 10349 10350
f 10351 10352 10353
f 10351 10353 10354
f 10355 10356 10357
f 10355 10357 10358
f 10359 10360 10361
f 10359 10361 10362
f 10363 10364 10365
f 10363 10365 10366
f 10367 10368 10369
f 10367 10369 10370
f 10371 10372 10373
f 10371 10373 10374
f 10375 10376 10377
f 10375 10377 10378
f 10379 10380 10381
f 10379 10381 10382
f 10383 10384 10385
f 10383 10385 10386
f 10387 10388 10389
f 10387 10389 10390
f 10391 10392 10393
f 10391 10393 10394
f 10188 10395 10189
f 10396 10397 10398
f 10399 10400 10401
f 10399 10401 10402
f 10403 10404 10405
f 10403 10405 10406
f 10407 10408 10409
f 10407 10409 10410
f 10411 10412 10413
f 10411 10413 10414
f 10415 10416 10417
f 10415 10417 10418
f 10419 10420 10421
f 10419 10421 10422
f 10423 10424 10425
f 10423 10425 10426
f 10427 10428 10429
f 10427 10429 10430
f 10431 10432 10433
f 10431 10433 10434
f 10435 10436 10437
f 10435 10437 10438
f 10439 10440 10441
f 10439 10441 10442
f 10443 10444 10445
f 10443 10445 10446
f 10447 10448 10449
f 10447 10449 10450
f 10451 10452 10453
f 10451 10453 10454
f 10455 10456 10457
f 10455 10457 10458
f 10459 10460 10461
f 10459 10461 10462
f 10463 10464 10465
f 10463 10465 10466
f 10467 10468 10469
f 10467 10469 10470
f 10471 10472 10473
f 10471 10473 10474
f 10475 10476 10477
f 10475 10477 10478
f 10479 10480 10481
f 10479 10481 10482
f 10483 10484 10485
f 10483 10485 10486
f 10487 10488 10489
f 10487 10489 10490
f 10491 10492 10493
f 10491 10493 10494
f 10495 10496 10497
f 10495 10497 10498
f 10499 10500 10501
f 10499 10501 10502
f 10503 10504 10505
f 10503 10505 10506
f 10507 10508 10509
f 10507 10509 10510
f 10511 10512 10513
f 10511 10513 10514
f 10515 10516 10517
f 10515 10517 10518
f 10519 10520 10521
f 10519 10521 10522
f 10523 10524 10525
f 10523 10525 10526
f 10527 10528 10529
f 10527 10529 10530
f 10531 10532 10533
f 10531 10533 10534
f 10535 10536 10537
f 10535 10537 10538
f 10539 10540 10541
f 10539 10541 10542
f 10543 10544 10545
f 10543 10545 10546
f 10547 10548 10549
f 10547 10549 10550
f 10551 10552 10553
f 10551 10553 10554
f 10555 10556 10557
f 10555 10557 10558
f 10559 10560 10561
f 10559 10561 10562
f 10563 10564 10565
f 10563 10565 10566
f 10567 10568 10569
f 10567 10569 10570
f 10571 10572 10573
f 10571 10573 10574
f 10575 10576 10577
f 10575 10577 10578
f 10579 10580 10581
f 10579 10581 10582
f 10583 10584 10585
f 10583 10585 10586
f 10587 10588 10589
f 10587 10589 10590
f 10591 10592 10593
f 10591 10593 10594
f 10595 10596 10597
f 10595 10597 10598
f 10599 10600 10601
f 10599 10601 10602
f 10396 10603 10397
f 10604 10605 10606
f 10607 10608 10609
f 10607 10609 10610
f 10611 10612 10613
f 10611 10613 10614
f 10615 10616 10617
f 10615 10617 10618
f 10619 10620 10621
f 10619 10621 10622
f 10623 10624 10625
f 10623 10625 10626
f 10627 10628 10629
f 10627 10629 10630
f 10631 10632 10633
f 10631 10633 10634
f 10635 10636 10637
f 10635 10637 10638
f 10639 10640 10641
f 10639 10641 10642
f 10643 10644 10645
f 10643 10645 10646
f 10647 10648 10649
f 10647 10649 10650
f 10651 10652 10653
f 10651 10653 10654
f 10655 10656 10657
f 10655 10657 10658
f 10659 10660 10661
f 10659 10661 10662
f 10663 10664 10665
f 10663 10665 10666
f 10667 10668 10669
f 10667 10669 10670
f 10671 10672 10673
f 10671 10673 10674
f 10675 10676 10677
f 10675 10677 10678
f 10679 10680 10681
f 10679 10681 10682
f 10683 10684 10685
f 10683 10685 10686
f 10687 10688 10689
f 10687 10689 10690
f 10691 10692 10693
f 10691 10693 10694
f 10695 10696 10697
f 10695 10697 10698
f 10699 10700 10701
f 10699 10701 10702
f 10703 10704 10705
f 10703 10705 10706
f 10707 10708 10709
f 10707 10709 10710
f 10711 10712 10713
f 10711 10713 10714
f 10715 10716 10717
f 10715 10717 10718
f 10719 10720 10721
f 10719 10721 10722
f 10723 10724 10725
f 10723 10725 10726
f 10727 10728 10729
f 10727 10729 10730
f 10731 10732 10733
f 10731 10733 10734
f 10735 10736 10737
f 10735 10737 10738
f 10739 10740 10741
f 10739 10741 10742
f 10743 10744 10745
f 10743 10745 10746
f 10747 10748 10749
f 10747 10749 10750
f 10751 10752 10753
f 10751 10753 10754
f 10755 10756 10757
f 10755 10757 10758
f 10759 10760 10761
f 10759 10761 10762
f 10763 10764 10765
f 10763 10765 10766
f 10767 10768 10769
f 10767 10769 10770
f 10771 10772 10773
f 10771 10773 10774
f 10775 10776 10777
f 10775 10777 10778
f 10779 10780 10781
f 10779 10781 10782
f 10783 10784 10785
f 10783 10785 10786
f 10787 10788 10789
f 10787 10789 10790
f 10791 10792 10793
f 10791 10793 10794
f 10795 10796 10797
f 10795 10797 10798
f 10799 10800 10801
f 10799 10801 10802
f 10803 10804 10805
f 10803 10805 10806
f 10807 10808 10809
f 10807 10809 10810
f 10604 10811 10605
f 10812 10813 10814
f 10815 10816 10817
f 10815 10817 10818
f 10819 10820 10821
f 10819 10821 10822
f 10823 10824 10825
f 10823 10825 10826
f 10827 10828 10829
f 10827 10829 10830
f 10831 10832 10833
f 10831 10833 10834
f 10835 10836 10837
f 10835 10837 10838
f 10839 10840 10841
f 10839 10841 10842
f 10843 10844 10845
f 10843 10845 10846
f 10847 10848 10849
f 10847 10849 10850
f 10851 10852 10853
f 10851 10853 10854
f 10855 10856 10857
f 10855 10857 10858
f 10859 10860 10861
f 10859 10861 10862
f 10863 10864 10865
f 10863 10865 10866
f 10867 10868 10869
f 10867 10869 10870
f 10871 10872 10873
f 10871 10873 10874
f 10875 10876 10877
f 10875 10877 10878
f 10879 10880 10881
f 10879 10881 10882
f 10883 10884 10885
f 10883 10885 10886
f 10887 10888 10889
f 10887 10889 10890
f 10891 10892 10893
f 10891 10893 10894
f 10895 10896 10897
f 10895 10897 10898
f 10899 10900 10901
f 10899 10901 10902
f 10903 10904 10905
f 10903 10905 10906
f 10907 10908 10909
f 10907 10909 10910
f 10911 10912 10913
f 10911 10913 10914
f 10915 10916 10917
f 10915 10917 10918
f 10919 10920 10921
f 10919 10921 10922
f 10923 10924 10925
f 10923 10925 10926
f 10927 10928 10929
f 10927 10929 10930
f 10931 10932 10933
f 10931 10933 10934
f 10935 10936 10937
f 10935 10937 10938
f 10939 10940 10941
f 10939 10941 10942
f 10943 10944 10945
f 10943 10945 10946
f 10947 10948 10949
f 10947 10949 10950
f 10951 10952 10953
f 10951 10953 10954
f 10955 10956 10957
f 10955 10957 10958
f 10959 10960 10961
f 10959 10961 10962
f 10963 10964 10965
f 10963 10965 10966
f 10967 10968 10969
f 10967 10969 10970
f 10971 10972 10973
f 10971 10973 10974
f 10975 10976 10977
f 10975 10977 10978
f 10979 10980 10981
f 10979 10981 10982
f 10983 10984 10985
f 10983 10985 10986
f 10987 10988 10989
f 10987 10989 10990
f 10991 10992 10993
f 10991 10993 10994
f 10995 10996 10997
f 10995 10997 10998
f 10999 11000 11001
f 10999 11001 11002
f 11003 11004 11005
f 11003 11005 11006
f 11007 11008 11009
f 11007 11009 11010
f 11011 11012 11013
f 11011 11013 11014
f 11015 11016 11017
f 11015 11017 11018
f 10812 11019 10813
f 11020 11021 11022
f 11023 11024 11025
f 11025 11024 11026
f 11025 11026 11021
f 11021 11026 11027
f 11021 11027 11022
f 11028 11029 11023
f 11023 11029 11030
f 11023 11030 11024
f 11031 11032 11033
f 11033 11032 11034
f 11033 11034 11035
f 11036 11037 11031
f 11031 11037 11038
f 11031 11038 11032
f 11039 11040 11041
f 11041 11040 11042
f 11041 11042 11043
f 11044 11045 11039
f 11039 11045 11046
f 11039 11046 11040
f 11047 11048 11049
f 11049 11048 11050
f 11049 11050 11051
f 11052 11053 11054
f 11054 11053 11055
f 11054 11055 11056
f 11057 11058 11052
f 11052 11058 11059
f 11052 11059 11053
f 11060 11061 11057
f 11057 11061 11062
f 11057 11062 11058
f 11034 11063 11035
f 11035 11063 11064
f 11035 11064 11060
f 11060 11064 11065
f 11060 11065 11061
f 11066 11067 11036
f 11036 11067 11068
f 11036 11068 11037
f 11042 11069 11043
f 11043 11069 11070
f 11043 11070 11066
f 11066 11070 11071
f 11066 11071 11067
f 11072 11073 11044
f 11044 11073 11074
f 11044 11074 11045
f 11075 11076 11077
f 11077 11076 11078
f 11077 11078 11079
f 11080 11081 11075
f 11075 11081 11082
f 11075 11082 11076
f 11022 11083 11020
f 11020 11083 11084
f 11020 11084 11080
f 11080 11084 11085
f 11080 11085 11081
f 11086 11087 11028
f 11028 11087 11088
f 11028 11088 11029
f 11050 11089 11051
f 11051 11089 11090
f 11051 11090 11086
f 11086 11090 11091
f 11086 11091 11087
f 11055 11092 11056
f 11056 11092 11093
f 11056 11093 11094
f 11094 11093 11095
f 11094 11095 11096
f 11096 11095 11097
f 11096 11097 11047
f 11047 11097 11098
f 11047 11098 11048
f 11078 11099 11079
f 11079 11099 11100
f 11079 11100 11072
f 11072 11100 11101
f 11072 11101 11073
f 11102 11103 11104
f 11105 11106 11107
f 11108 11109 11106
f 11106 11109 11110
f 11106 11110 11107
f 11111 11112 11113
f 11113 11112 11114
f 11113 11114 11108
f 11108 11114 11115
f 11108 11115 11109
f 11104 11116 11102
f 11102 11116 11117
f 11102 11117 11118
f 11119 11120 11121
f 11121 11120 11122
f 11121 11122 11123
f 11124 11125 11119
f 11119 11125 11126
f 11119 11126 11120
f 11127 11128 11129
f 11129 11128 11130
f 11129 11130 11131
f 11132 11133 11127
f 11127 11133 11134
f 11127 11134 11128
f 11122 11135 11123
f 11123 11135 11136
f 11123 11136 11103
f 11103 11136 11137
f 11103 11137 11104
f 11138 11139 11124
f 11124 11139 11140
f 11124 11140 11125
f 11130 11141 11131
f 11131 11141 11142
f 11131 11142 11138
f 11138 11142 11143
f 11138 11143 11139
f 11144 11145 11111
f 11111 11145 11146
f 11111 11146 11112
f 11147 11148 11132
f 11132 11148 11149
f 11132 11149 11133
f 11150 11151 11147
f 11147 11151 11152
f 11147 11152 11148
f 11153 11154 11155
f 11155 11154 11156
f 11155 11156 11150
f 11150 11156 11157
f 11150 11157 11151
f 11158 11159 11144
f 11144 11159 11160
f 11144 11160 11145
f 11161 11162 11158
f 11158 11162 11163
f 11158 11163 11159
f 11117 11164 11118
f 11118 11164 11165
f 11118 11165 11166
f 11166 11165 11167
f 11166 11167 11161
f 11161 11167 11168
f 11161 11168 11162
f 11169 11170 11153
f 11153 11170 11171
f 11153 11171 11154
f 11172 11173 11169
f 11169 11173 11174
f 11169 11174 11170
f 11175 11176 11177
f 11177 11176 11178
f 11177 11178 11172
f 11172 11178 11179
f 11172 11179 11173
f 11107 11180 11105
f 11105 11180 11181
f 11105 11181 11175
f 11175 11181 11182
f 11175 11182 11176
f 11183 11184 11185
f 11186 11187 11188
f 11189 11190 11191
f 11192 11193 11194
f 11195 11196 11197
f 11197 11196 11198
f 11199 11200 11201
f 11201 11200 11202
f 11203 11204 11205
f 11205 11204 11206
f 11207 11208 11209
f 11209 11208 11210
f 11211 11212 11213
f 11213 11212 11214
f 11215 11216 11217
f 11217 11216 11218
f 11219 11220 11221
f 11221 11220 11222
f 11223 11224 11225
f 11225 11224 11226
f 11227 11228 11229
f 11229 11228 11230
f 11231 11232 11233
f 11233 11232 11234
f 11235 11236 11237
f 11237 11236 11238
f 11239 11240 11241
f 11241 11240 11242
f 11243 11244 11245
f 11245 11244 11246
f 11247 11248 11249
f 11249 11248 11250
f 11251 11252 11253
f 11253 11252 11254
f 11255 11256 11257
f 11257 11256 11258
f 11259 11260 11261
f 11261 11260 11262
f 11263 11264 11265
f 11265 11264 11266
f 11267 11268 11269
f 11269 11268 11270
f 11271 11272 11273
f 11273 11272 11274
f 11275 11276 11277
f 11277 11276 11278
f 11279 11280 11281
f 11281 11280 11282
f 11283 11284 11285
f 11285 11284 11286
f 11287 11288 11289
f 11289 11288 11290
f 11291 11292 11293
f 11293 11292 11294
f 11295 11296 11297
f 11297 11296 11298
f 11299 11300 11301
f 11301 11300 11302
f 11303 11183 11185
